dialogue_id,utterance_id,speaker,text,emotion,context,model_text,true_emotion,label_id,predicted_id,predicted_emotion,correct,prob_anger,prob_disgust,prob_fear,prob_joy,prob_neutral,prob_sadness,prob_surprise
0,1,Rachel,"Oh. That’s so Monica can keep track. That way if one on them is missing, she can be like, ‘Where’s number 27?!’",anger,"Why do all you’re coffee mugs have numbers on the bottom?
Oh. That’s so Monica can keep track. That way if one on them is missing, she can be like, ‘Where’s number 27?!’","Why do all you’re coffee mugs have numbers on the bottom?
Oh. That’s so Monica can keep track. That way if one on them is missing, she can be like, ‘Where’s number 27?!’",anger,0,4,neutral,False,0.05637072,0.0020954115,0.006001022,0.028241862,0.8712725,0.01080218,0.025216358
0,2,Rachel,Y'know what?,neutral,"Oh. That’s so Monica can keep track. That way if one on them is missing, she can be like, ‘Where’s number 27?!’
Y'know what?","Oh. That’s so Monica can keep track. That way if one on them is missing, she can be like, ‘Where’s number 27?!’
Y'know what?",neutral,4,4,neutral,True,0.0044345697,0.00048271654,0.0015173584,0.0029478068,0.9866542,0.0019524745,0.0020107934
1,1,Joey,Push!,joy,"Come on, Lydia, you can do it.
Push!","Come on, Lydia, you can do it.
Push!",joy,3,0,anger,False,0.5336994,0.023490936,0.055808906,0.21292391,0.09545395,0.031115953,0.04750699
1,2,Joey,"Push 'em out, push 'em out, harder, harder.",joy,"Push!
Push 'em out, push 'em out, harder, harder.","Push!
Push 'em out, push 'em out, harder, harder.",joy,3,4,neutral,False,0.13475649,0.016051017,0.018282793,0.24032664,0.57088,0.014618307,0.005084792
1,3,Joey,"Push 'em out, push 'em out, way out!",joy,"Push 'em out, push 'em out, harder, harder.
Push 'em out, push 'em out, way out!","Push 'em out, push 'em out, harder, harder.
Push 'em out, push 'em out, way out!",joy,3,3,joy,True,0.35103622,0.009147818,0.027118253,0.46196124,0.11851774,0.020877304,0.011341492
1,4,Joey,"Let's get that ball and really move, hey, hey, ho, ho.",joy,"Push 'em out, push 'em out, way out!
Let's get that ball and really move, hey, hey, ho, ho.","Push 'em out, push 'em out, way out!
Let's get that ball and really move, hey, hey, ho, ho.",joy,3,3,joy,True,0.041429978,0.008576437,0.006579477,0.5945253,0.32966027,0.009564609,0.009663875
1,5,Joey,"Let's—  I was just—yeah, right.",joy,"Let's get that ball and really move, hey, hey, ho, ho.
Let's—  I was just—yeah, right.","Let's get that ball and really move, hey, hey, ho, ho.
Let's—  I was just—yeah, right.",joy,3,4,neutral,False,0.011649272,0.0037796895,0.0064083613,0.049263116,0.91934407,0.008148604,0.0014069128
1,6,Joey,Push!,joy,"Let's—  I was just—yeah, right.
Push!","Let's—  I was just—yeah, right.
Push!",joy,3,3,joy,True,0.18589112,0.009912669,0.023799628,0.5654455,0.1750163,0.014940565,0.024994183
1,7,Joey,Push!,joy,"Push!
Push!","Push!
Push!",joy,3,0,anger,False,0.3888506,0.0187118,0.030387934,0.378771,0.12479268,0.016171735,0.042314265
2,1,Rachel,"Ross, didn't you say that there was an elevator in here?",neutral,"Okay.
Ross, didn't you say that there was an elevator in here?","Okay.
Ross, didn't you say that there was an elevator in here?",neutral,4,4,neutral,True,0.007160554,0.0013708299,0.0041216477,0.0046030805,0.8683201,0.0067005306,0.107723236
2,2,Ross,"Uhh, yes I did but there isn't. Okay, here we go.",sadness,"Ross, didn't you say that there was an elevator in here?
Uhh, yes I did but there isn't. Okay, here we go.","Ross, didn't you say that there was an elevator in here?
Uhh, yes I did but there isn't. Okay, here we go.",sadness,5,4,neutral,False,0.002969724,0.001345531,0.009358577,0.007031643,0.97151124,0.0058273296,0.0019559874
2,3,Ross,"Okay, go left. Left! Left!",surprise,"Uhh, yes I did but there isn't. Okay, here we go.
Okay, go left. Left! Left!","Uhh, yes I did but there isn't. Okay, here we go.
Okay, go left. Left! Left!",surprise,6,0,anger,False,0.46880305,0.018499836,0.04846465,0.18545718,0.22354203,0.028814789,0.026418451
2,4,Rachel,"Okay, y'know what? There is no more left, left!",anger,"Okay, go left. Left! Left!
Okay, y'know what? There is no more left, left!","Okay, go left. Left! Left!
Okay, y'know what? There is no more left, left!",anger,0,3,joy,False,0.24502152,0.0054821935,0.020062381,0.5036687,0.20238021,0.0124966055,0.010888364
2,5,Ross,"Oh okay, lift it straight up over your head!",anger,"Okay, y'know what? There is no more left, left!
Oh okay, lift it straight up over your head!","Okay, y'know what? There is no more left, left!
Oh okay, lift it straight up over your head!",anger,0,3,joy,False,0.057380956,0.004608825,0.0133203855,0.7935766,0.11877487,0.006095731,0.0062425854
2,6,Ross,Straight up over your head!,anger,"Oh okay, lift it straight up over your head!
Straight up over your head!","Oh okay, lift it straight up over your head!
Straight up over your head!",anger,0,3,joy,False,0.022660919,0.0025060312,0.0031056313,0.9232949,0.03949566,0.0025800837,0.0063567725
2,7,Ross,You can do it!,joy,"Straight up over your head!
You can do it!","Straight up over your head!
You can do it!",joy,3,3,joy,True,0.010341299,0.0013038686,0.0011709598,0.9534095,0.027451176,0.00173782,0.004585459
2,8,Ross,You can do it!,joy,"You can do it!
You can do it!","You can do it!
You can do it!",joy,3,3,joy,True,0.017272715,0.0013520916,0.0019489877,0.94842064,0.024549864,0.0024558809,0.0039997553
2,9,Ross,Okay.,neutral,"You can do it!
Okay.","You can do it!
Okay.",neutral,4,4,neutral,True,0.006642131,0.0011321815,0.0014302584,0.031474773,0.95614684,0.002024793,0.0011490784
2,10,Ross,You got it?,neutral,"Okay.
You got it?","Okay.
You got it?",neutral,4,4,neutral,True,0.0044030724,0.0006351989,0.0028684349,0.004508606,0.93857574,0.002918942,0.046089973
3,1,Ross,"No wait, look. Look! I'm sorry, it's just I've never even",fear,"Oh, okay, I get it.
No wait, look. Look! I'm sorry, it's just I've never even","Oh, okay, I get it.
No wait, look. Look! I'm sorry, it's just I've never even",fear,2,6,surprise,False,0.097359516,0.013780339,0.061458144,0.20561828,0.15339245,0.07881198,0.38957933
3,2,Steve,Howard's the,neutral,"No wait, look. Look! I'm sorry, it's just I've never even
Howard's the","No wait, look. Look! I'm sorry, it's just I've never even
Howard's the",neutral,4,3,joy,False,0.040029515,0.0032649094,0.009421358,0.56512463,0.24263462,0.03529174,0.104233176
3,3,Ross,"Yes but too me he's just, man.",neutral,"Howard's the
Yes but too me he's just, man.","Howard's the
Yes but too me he's just, man.",neutral,4,4,neutral,True,0.05474132,0.011381709,0.015981995,0.1043308,0.775503,0.03387192,0.004189342
3,4,Steve,"Okay, fine, whatever. Welcome to the building.",anger,"Yes but too me he's just, man.
Okay, fine, whatever. Welcome to the building.","Yes but too me he's just, man.
Okay, fine, whatever. Welcome to the building.",anger,0,4,neutral,False,0.03847883,0.025206842,0.010726507,0.059221692,0.85735446,0.0072095064,0.0018022048
3,5,Ross,"Ugh, can you believe that guy!",disgust,"Okay, fine, whatever. Welcome to the building.
Ugh, can you believe that guy!","Okay, fine, whatever. Welcome to the building.
Ugh, can you believe that guy!",disgust,1,6,surprise,False,0.04787683,0.02058415,0.006081032,0.013933442,0.006105444,0.012845853,0.8925732
3,6,Phoebe,Yeah. I really like his glasses.,neutral,"Ugh, can you believe that guy!
Yeah. I really like his glasses.","Ugh, can you believe that guy!
Yeah. I really like his glasses.",neutral,4,4,neutral,True,0.020536378,0.031704303,0.0050876504,0.35861441,0.56454426,0.01222229,0.007290652
4,1,Monica,What?,neutral,"Ohh!
What?","Ohh!
What?",neutral,4,6,surprise,False,0.0066348366,0.0014675624,0.01008701,0.0057306136,0.3431778,0.00759465,0.6253075
4,2,Phoebe,It kicked! I think the baby kicked!,surprise,"What?
It kicked! I think the baby kicked!","What?
It kicked! I think the baby kicked!",surprise,6,0,anger,False,0.37339646,0.07289095,0.024309678,0.15164395,0.03851247,0.027901769,0.3113447
4,3,Monica,Oh my God!,surprise,"It kicked! I think the baby kicked!
Oh my God!","It kicked! I think the baby kicked!
Oh my God!",surprise,6,6,surprise,True,0.010388001,0.007024862,0.008969384,0.00850023,0.004111924,0.012245275,0.9487604
4,4,Phoebe,"Oh no wait, oh no, the elastic on my underwear busted.",neutral,"Oh my God!
Oh no wait, oh no, the elastic on my underwear busted.","Oh my God!
Oh no wait, oh no, the elastic on my underwear busted.",neutral,4,6,surprise,False,0.04725191,0.026698109,0.027178548,0.19292814,0.32623723,0.03021129,0.3494948
4,5,Joey,Oh my God! I overslept! I was supposed to be on the set a half an hour ago! I gotta get out of here!,fear,"Oh no wait, oh no, the elastic on my underwear busted.
Oh my God! I overslept! I was supposed to be on the set a half an hour ago! I gotta get out of here!","Oh no wait, oh no, the elastic on my underwear busted.
Oh my God! I overslept! I was supposed to be on the set a half an hour ago! I gotta get out of here!",fear,2,0,anger,False,0.37057275,0.028965006,0.12137853,0.2766585,0.068273425,0.071120866,0.063030906
4,6,Monica,"Oh wait, Joey, you can’t go like that! You stink!",disgust,"Oh my God! I overslept! I was supposed to be on the set a half an hour ago! I gotta get out of here!
Oh wait, Joey, you can’t go like that! You stink!","Oh my God! I overslept! I was supposed to be on the set a half an hour ago! I gotta get out of here!
Oh wait, Joey, you can’t go like that! You stink!",disgust,1,1,disgust,True,0.14359844,0.43000412,0.07569256,0.03198161,0.01747588,0.12181742,0.17942998
4,7,Joey,"Look, I know I feel asleep before I could shower and now I don’t have time!",anger,"Oh wait, Joey, you can’t go like that! You stink!
Look, I know I feel asleep before I could shower and now I don’t have time!","Oh wait, Joey, you can’t go like that! You stink!
Look, I know I feel asleep before I could shower and now I don’t have time!",anger,0,0,anger,True,0.3281377,0.2055507,0.08670636,0.03936341,0.049122937,0.24363063,0.047488242
4,8,Joey,"They’re just ten blocks away, if I run, I can make it.",neutral,"Look, I know I feel asleep before I could shower and now I don’t have time!
They’re just ten blocks away, if I run, I can make it.","Look, I know I feel asleep before I could shower and now I don’t have time!
They’re just ten blocks away, if I run, I can make it.",neutral,4,4,neutral,True,0.12690227,0.004604001,0.018891431,0.22640891,0.5850432,0.031666506,0.0064837416
5,1,Chandler,Hi.,neutral,"You’re coming on to the entire room!  I’m Chandler.
Hi.","You’re coming on to the entire room!  I’m Chandler.
Hi.",neutral,4,4,neutral,True,0.001112739,0.00036810373,0.0008838362,0.0018903505,0.9901174,0.0013427993,0.0042847088
5,2,Marjorie,Hi.,neutral,"Hi.
Hi.","Hi.
Hi.",neutral,4,4,neutral,True,0.001305598,0.00040334678,0.0010537294,0.0016593103,0.9907817,0.0014831418,0.003313199
5,3,Chandler,You mind if I,neutral,"Hi.
You mind if I","Hi.
You mind if I",neutral,4,4,neutral,True,0.0012363929,0.0010437489,0.0019046585,0.0045219637,0.9885047,0.0014995214,0.0012889942
5,4,Marjorie,"No, please.",neutral,"You mind if I
No, please.","You mind if I
No, please.",neutral,4,4,neutral,True,0.008747991,0.005784468,0.01733689,0.006517535,0.9456588,0.014438983,0.0015153773
5,5,Chandler,"So uh, what are you in for?",neutral,"No, please.
So uh, what are you in for?","No, please.
So uh, what are you in for?",neutral,4,4,neutral,True,0.0020827726,0.00058159546,0.0046499628,0.0023987214,0.97029334,0.0027767534,0.01721695
5,6,Marjorie,I talk in my sleep.,neutral,"So uh, what are you in for?
I talk in my sleep.","So uh, what are you in for?
I talk in my sleep.",neutral,4,4,neutral,True,0.005449163,0.0043062973,0.006149937,0.007074987,0.9688108,0.005776912,0.0024319747
5,7,Chandler,"What a coincidence, I listen in my sleep.",neutral,"I talk in my sleep.
What a coincidence, I listen in my sleep.","I talk in my sleep.
What a coincidence, I listen in my sleep.",neutral,4,4,neutral,True,0.002609281,0.0008183975,0.0009415026,0.004846697,0.98610175,0.0018324407,0.0028498676
5,8,Joey,So why don’t you give me your number?,neutral,"What a coincidence, I listen in my sleep.
So why don’t you give me your number?","What a coincidence, I listen in my sleep.
So why don’t you give me your number?",neutral,4,4,neutral,True,0.0053184885,0.0007114362,0.0017783133,0.004013704,0.9836963,0.0030786465,0.0014031165
6,1,Monica,I don’t know exactly. It’s-it’s sorta like wrestling.,neutral,"Previously on Friends.
I don’t know exactly. It’s-it’s sorta like wrestling.","Previously on Friends.
I don’t know exactly. It’s-it’s sorta like wrestling.",neutral,4,4,neutral,True,0.018982112,0.009804646,0.008668973,0.21608657,0.7333777,0.0095448,0.0035352258
6,2,Phoebe,Oh?!,surprise,"I don’t know exactly. It’s-it’s sorta like wrestling.
Oh?!","I don’t know exactly. It’s-it’s sorta like wrestling.
Oh?!",surprise,6,6,surprise,True,0.007233515,0.002758077,0.008154325,0.006297219,0.009517394,0.0070596198,0.95897996
7,1,Phoebe,Oh.,neutral,"Yeah, but without the costumes.
Oh.","Yeah, but without the costumes.
Oh.",neutral,4,4,neutral,True,0.001743608,0.0013415706,0.0037078746,0.0057368414,0.98077446,0.0036052505,0.0030904068
7,2,Joey,"And it’s not fake, it’s totally brutal.",neutral,"Oh.
And it’s not fake, it’s totally brutal.","Oh.
And it’s not fake, it’s totally brutal.",neutral,4,4,neutral,True,0.16170268,0.06061804,0.015274906,0.04682665,0.6785219,0.03136086,0.0056949994
7,3,Chandler,"Yeah, it’s two guys in a ring, and the rules are: “They’re",neutral,"And it’s not fake, it’s totally brutal.
Yeah, it’s two guys in a ring, and the rules are: “They’re","And it’s not fake, it’s totally brutal.
Yeah, it’s two guys in a ring, and the rules are: “They’re",neutral,4,4,neutral,True,0.00801623,0.0022351951,0.0025725996,0.007821925,0.97448766,0.002953525,0.0019127465
7,4,Monica,"So you can like, bite, and pull people’s hair and stuff?",surprise,"Yeah, it’s two guys in a ring, and the rules are: “They’re
So you can like, bite, and pull people’s hair and stuff?","Yeah, it’s two guys in a ring, and the rules are: “They’re
So you can like, bite, and pull people’s hair and stuff?",surprise,6,4,neutral,False,0.017952906,0.012255804,0.008203042,0.030007783,0.9227657,0.0072272667,0.001587525
7,5,Ross,"Yeah, anything goes, except ah, eye gouging and fish hooking.",neutral,"So you can like, bite, and pull people’s hair and stuff?
Yeah, anything goes, except ah, eye gouging and fish hooking.","So you can like, bite, and pull people’s hair and stuff?
Yeah, anything goes, except ah, eye gouging and fish hooking.",neutral,4,4,neutral,True,0.0061849714,0.0065256795,0.005091082,0.0133129,0.96452636,0.0035780235,0.0007810693
7,6,Monica,What’s fish hooking?,surprise,"Yeah, anything goes, except ah, eye gouging and fish hooking.
What’s fish hooking?","Yeah, anything goes, except ah, eye gouging and fish hooking.
What’s fish hooking?",surprise,6,4,neutral,False,0.0121923275,0.001778251,0.007400114,0.0067793513,0.7064627,0.0061890446,0.2591982
7,7,Ross,"Huh, what’s fish hooking...   Thanks man, that would have been really hard to describe. What is that taste?",neutral,"What’s fish hooking?
Huh, what’s fish hooking...   Thanks man, that would have been really hard to describe. What is that taste?","What’s fish hooking?
Huh, what’s fish hooking...   Thanks man, that would have been really hard to describe. What is that taste?",neutral,4,1,disgust,False,0.06516552,0.5984133,0.036233712,0.035601575,0.10962682,0.09320281,0.061756205
7,8,Joey,"What? My hands are totally clean, I just gave the duck a bath.",neutral,"Huh, what’s fish hooking...   Thanks man, that would have been really hard to describe. What is that taste?
What? My hands are totally clean, I just gave the duck a bath.","Huh, what’s fish hooking...   Thanks man, that would have been really hard to describe. What is that taste?
What? My hands are totally clean, I just gave the duck a bath.",neutral,4,4,neutral,True,0.03631268,0.060299665,0.029911285,0.17035007,0.36490563,0.052819435,0.28540125
8,1,Chandler,"Well, that makes me feel so good.",joy,"Oh, Bob, he was nothing compared to you. I had to bite my lip to keep from screaming your name.
Well, that makes me feel so good.","Oh, Bob, he was nothing compared to you. I had to bite my lip to keep from screaming your name.
Well, that makes me feel so good.",joy,3,3,joy,True,0.021995753,0.007050897,0.008832528,0.8177749,0.029512132,0.10967296,0.005160849
8,2,Jade,It was just so awkward and bumpy.,neutral,"Well, that makes me feel so good.
It was just so awkward and bumpy.","Well, that makes me feel so good.
It was just so awkward and bumpy.",neutral,4,3,joy,False,0.022175964,0.010028842,0.0049147913,0.71039903,0.19932665,0.04922853,0.003926162
8,3,Ross,Bumpy?,surprise,"It was just so awkward and bumpy.
Bumpy?","It was just so awkward and bumpy.
Bumpy?",surprise,6,6,surprise,True,0.0074544935,0.0021541172,0.008034554,0.0054933233,0.33033437,0.007759205,0.63877
8,4,Chandler,"Well, maybe he had some kind of uh, new, cool style, that you're not familiar with.",neutral,"Bumpy?
Well, maybe he had some kind of uh, new, cool style, that you're not familiar with.","Bumpy?
Well, maybe he had some kind of uh, new, cool style, that you're not familiar with.",neutral,4,4,neutral,True,0.0027760717,0.0022466772,0.0054724235,0.0055348896,0.9761797,0.0040051867,0.0037849743
8,5,Chandler,And uh maybe you have to get used to it.,neutral,"Well, maybe he had some kind of uh, new, cool style, that you're not familiar with.
And uh maybe you have to get used to it.","Well, maybe he had some kind of uh, new, cool style, that you're not familiar with.
And uh maybe you have to get used to it.",neutral,4,4,neutral,True,0.011113093,0.009053766,0.0732286,0.016480803,0.86137515,0.02514363,0.0036049886
8,6,Jade,"Well there really wasn't much time to get used to it, you know what I mean?",joy,"And uh maybe you have to get used to it.
Well there really wasn't much time to get used to it, you know what I mean?","And uh maybe you have to get used to it.
Well there really wasn't much time to get used to it, you know what I mean?",joy,3,4,neutral,False,0.19450252,0.0056835874,0.054514367,0.068767615,0.5591021,0.07110774,0.046322122
9,1,Monica,"Oh well, it’s not so bad.",neutral,"Coming through!  Oh! Coming through!  Oh! Hello! Hi!  No! Right! Coming through!
Oh well, it’s not so bad.","Coming through!  Oh! Coming through!  Oh! Hello! Hi!  No! Right! Coming through!
Oh well, it’s not so bad.",neutral,4,4,neutral,True,0.012734698,0.003539939,0.0051207994,0.08947352,0.8781681,0.009462604,0.0015002695
9,2,Fireman #1,"Yeah, most of the damage is pretty mostly contained in the bedrooms.",sadness,"Oh well, it’s not so bad.
Yeah, most of the damage is pretty mostly contained in the bedrooms.","Oh well, it’s not so bad.
Yeah, most of the damage is pretty mostly contained in the bedrooms.",sadness,5,4,neutral,False,0.010240826,0.0048909835,0.0038176994,0.017678682,0.9463488,0.015199813,0.0018232183
9,3,Phoebe,Oh!,surprise,"Yeah, most of the damage is pretty mostly contained in the bedrooms.
Oh!","Yeah, most of the damage is pretty mostly contained in the bedrooms.
Oh!",surprise,6,6,surprise,True,0.008556364,0.002545604,0.0040230374,0.008760522,0.0050309557,0.005243195,0.9658403
9,4,Rachel,My God!,surprise,"Oh!
My God!","Oh!
My God!",surprise,6,6,surprise,True,0.005493611,0.003951168,0.006670481,0.009527969,0.0054049296,0.008306398,0.9606455
9,5,Joey,"Hey buddy, do you think I can borrow your uniform this Thursday?",neutral,"My God!
Hey buddy, do you think I can borrow your uniform this Thursday?","My God!
Hey buddy, do you think I can borrow your uniform this Thursday?",neutral,4,4,neutral,True,0.0021070952,0.00063751155,0.000912625,0.016190331,0.9764854,0.0016543946,0.0020127175
9,6,Fireman #1,Excuse me?,surprise,"Hey buddy, do you think I can borrow your uniform this Thursday?
Excuse me?","Hey buddy, do you think I can borrow your uniform this Thursday?
Excuse me?",surprise,6,6,surprise,True,0.030245004,0.0036109178,0.0052370816,0.0038012965,0.009891208,0.0068958965,0.94031864
9,7,Monica,Joey! He’s working!  You would look,anger,"Excuse me?
Joey! He’s working!  You would look","Excuse me?
Joey! He’s working!  You would look",anger,0,4,neutral,False,0.04193539,0.0031983687,0.007091555,0.05822787,0.45482966,0.010014515,0.42470264
9,8,Joey,"Oh, how bad is it?",sadness,"Joey! He’s working!  You would look
Oh, how bad is it?","Joey! He’s working!  You would look
Oh, how bad is it?",sadness,5,5,sadness,True,0.03520181,0.034849096,0.18363228,0.035071,0.13542058,0.5300928,0.04573248
9,9,Phoebe,"Oh, it’s bad. It’s really bad. The only thing in there that isn’t burned is an ass. Which I do",sadness,"Oh, how bad is it?
Oh, it’s bad. It’s really bad. The only thing in there that isn’t burned is an ass. Which I do","Oh, how bad is it?
Oh, it’s bad. It’s really bad. The only thing in there that isn’t burned is an ass. Which I do",sadness,5,4,neutral,False,0.067448854,0.035998728,0.018340075,0.117947206,0.72179985,0.03608652,0.0023786752
9,10,Chandler,How’s your room Rach?,neutral,"Oh, it’s bad. It’s really bad. The only thing in there that isn’t burned is an ass. Which I do
How’s your room Rach?","Oh, it’s bad. It’s really bad. The only thing in there that isn’t burned is an ass. Which I do
How’s your room Rach?",neutral,4,4,neutral,True,0.0066495994,0.0024048768,0.0029867063,0.014855343,0.96847343,0.0036524315,0.0009775532
9,11,Rachel,Everything’s ruined. My bed. My clothes. Look at my favorite blue sweater.,sadness,"How’s your room Rach?
Everything’s ruined. My bed. My clothes. Look at my favorite blue sweater.","How’s your room Rach?
Everything’s ruined. My bed. My clothes. Look at my favorite blue sweater.",sadness,5,5,sadness,True,0.16872805,0.08770008,0.037061896,0.2271979,0.1419719,0.31171888,0.025621286
9,12,Monica,Isn’t that mine?,neutral,"Everything’s ruined. My bed. My clothes. Look at my favorite blue sweater.
Isn’t that mine?","Everything’s ruined. My bed. My clothes. Look at my favorite blue sweater.
Isn’t that mine?",neutral,4,4,neutral,True,0.011771073,0.0040590125,0.009522909,0.011306556,0.7609876,0.013929947,0.18842292
9,13,Rachel,Fine! I’m sorry for your loss!,anger,"Isn’t that mine?
Fine! I’m sorry for your loss!","Isn’t that mine?
Fine! I’m sorry for your loss!",anger,0,3,joy,False,0.29383856,0.0103787435,0.0703542,0.30941206,0.20130174,0.09724167,0.017472997
9,14,Fireman #1,"So uh, you’re not gonna be able to live here for a while, you ladies have a place to stay?",neutral,"Fine! I’m sorry for your loss!
So uh, you’re not gonna be able to live here for a while, you ladies have a place to stay?","Fine! I’m sorry for your loss!
So uh, you’re not gonna be able to live here for a while, you ladies have a place to stay?",neutral,4,4,neutral,True,0.011557146,0.0025810052,0.033900775,0.0057420908,0.9129164,0.017855097,0.0154475095
9,15,Rachel,"Wow! Oh-okay, look pal, I am",joy,"So uh, you’re not gonna be able to live here for a while, you ladies have a place to stay?
Wow! Oh-okay, look pal, I am","So uh, you’re not gonna be able to live here for a while, you ladies have a place to stay?
Wow! Oh-okay, look pal, I am",joy,3,6,surprise,False,0.022635682,0.0051732366,0.020693682,0.033375487,0.07372922,0.0152998185,0.8290929
9,16,Monica,"Yes, they can stay with us.",neutral,"Wow! Oh-okay, look pal, I am
Yes, they can stay with us.","Wow! Oh-okay, look pal, I am
Yes, they can stay with us.",neutral,4,4,neutral,True,0.0032250774,0.0016512232,0.0032592604,0.017479256,0.9690258,0.0046364516,0.0007229207
9,17,Chandler,Have you figured out what started the fire Mr. Fireman?,neutral,"Yes, they can stay with us.
Have you figured out what started the fire Mr. Fireman?","Yes, they can stay with us.
Have you figured out what started the fire Mr. Fireman?",neutral,4,6,surprise,False,0.2975758,0.013485127,0.041694846,0.014036616,0.25959212,0.057020273,0.3165952
10,1,Joey,"I mean no offense, but what you guys do is very different.",neutral,"There’s just so much pressure.
I mean no offense, but what you guys do is very different.","There’s just so much pressure.
I mean no offense, but what you guys do is very different.",neutral,4,4,neutral,True,0.040622376,0.009922713,0.025821412,0.022888515,0.8421249,0.03973627,0.018883882
10,2,Joey,I don’t know if you’d understand.,neutral,"I mean no offense, but what you guys do is very different.
I don’t know if you’d understand.","I mean no offense, but what you guys do is very different.
I don’t know if you’d understand.",neutral,4,4,neutral,True,0.019240241,0.0024987066,0.04821624,0.029367987,0.85459477,0.02606834,0.02001375
10,3,Ross,"Yeah, none of us have to deal with pressure at our jobs.",neutral,"I don’t know if you’d understand.
Yeah, none of us have to deal with pressure at our jobs.","I don’t know if you’d understand.
Yeah, none of us have to deal with pressure at our jobs.",neutral,4,4,neutral,True,0.0318403,0.0036541861,0.007460332,0.03369096,0.9144649,0.0076113017,0.00127797
11,1,Rachel,I mean there’s no way Joey’s gonna make it in time.,fear,"Well Phoebe, we gotta do something!
I mean there’s no way Joey’s gonna make it in time.","Well Phoebe, we gotta do something!
I mean there’s no way Joey’s gonna make it in time.",fear,2,4,neutral,False,0.037794247,0.0052769794,0.024284378,0.10400665,0.7702888,0.0507407,0.007608218
11,2,Rachel,So I’m gonna go through the hotel and see if there’s any other weddings going on.,neutral,"I mean there’s no way Joey’s gonna make it in time.
So I’m gonna go through the hotel and see if there’s any other weddings going on.","I mean there’s no way Joey’s gonna make it in time.
So I’m gonna go through the hotel and see if there’s any other weddings going on.",neutral,4,4,neutral,True,0.004713767,0.0016689934,0.0020889821,0.021050274,0.9647453,0.004888445,0.0008442208
11,3,Phoebe,Okay. Oh but don’t tell them Monica’s pregnant because they frown on that.,neutral,"So I’m gonna go through the hotel and see if there’s any other weddings going on.
Okay. Oh but don’t tell them Monica’s pregnant because they frown on that.","So I’m gonna go through the hotel and see if there’s any other weddings going on.
Okay. Oh but don’t tell them Monica’s pregnant because they frown on that.",neutral,4,4,neutral,True,0.022910358,0.011738588,0.023283308,0.026331536,0.82832307,0.06362429,0.023788977
11,4,Rachel,Okay.,neutral,"Okay. Oh but don’t tell them Monica’s pregnant because they frown on that.
Okay.","Okay. Oh but don’t tell them Monica’s pregnant because they frown on that.
Okay.",neutral,4,4,neutral,True,0.0026986205,0.0010514578,0.002509595,0.006394303,0.9835174,0.0022295984,0.0015989995
12,1,Monica,"Ross, we can handle this.",neutral,"What’s all this about you guys fighting?! Is this really over a room?! I mean, that is so silly!
Ross, we can handle this.","What’s all this about you guys fighting?! Is this really over a room?! I mean, that is so silly!
Ross, we can handle this.",neutral,4,4,neutral,True,0.010115306,0.002623201,0.0021853924,0.0139449565,0.96633285,0.00365152,0.0011467112
12,2,Ross,"Well, apparently not, and I can’t just stand by and watch two people I care about very much be hurt over something that is so silly.",sadness,"Ross, we can handle this.
Well, apparently not, and I can’t just stand by and watch two people I care about very much be hurt over something that is so silly.","Ross, we can handle this.
Well, apparently not, and I can’t just stand by and watch two people I care about very much be hurt over something that is so silly.",sadness,5,4,neutral,False,0.17104116,0.03695935,0.0747601,0.07187541,0.542289,0.100056246,0.0030187534
12,3,Ross,"I mean, enough of the silliness!",anger,"Well, apparently not, and I can’t just stand by and watch two people I care about very much be hurt over something that is so silly.
I mean, enough of the silliness!","Well, apparently not, and I can’t just stand by and watch two people I care about very much be hurt over something that is so silly.
I mean, enough of the silliness!",anger,0,3,joy,False,0.36044908,0.05400659,0.014617071,0.39115125,0.10252482,0.07078304,0.0064681033
12,4,Chandler,"Well, why don’t you tell her to stop being silly!",anger,"I mean, enough of the silliness!
Well, why don’t you tell her to stop being silly!","I mean, enough of the silliness!
Well, why don’t you tell her to stop being silly!",anger,0,0,anger,True,0.7955124,0.010440889,0.053149126,0.06729949,0.051060207,0.016982237,0.00555565
12,5,Ross,Okay-okay!,anger,"Well, why don’t you tell her to stop being silly!
Okay-okay!","Well, why don’t you tell her to stop being silly!
Okay-okay!",anger,0,3,joy,False,0.18649614,0.0064005307,0.032734662,0.599718,0.14194934,0.016603863,0.016097518
12,6,Ross,"Two very good points, look I’ve known you both a long time, and I’ve never seen either of you one/millionth as happy as you’ve been since you’ve got together.",sadness,"Okay-okay!
Two very good points, look I’ve known you both a long time, and I’ve never seen either of you one/millionth as happy as you’ve been since you’ve got together.","Okay-okay!
Two very good points, look I’ve known you both a long time, and I’ve never seen either of you one/millionth as happy as you’ve been since you’ve got together.",sadness,5,4,neutral,False,0.118579075,0.0114288805,0.011632269,0.17577966,0.6030761,0.051344138,0.028159894
12,7,Ross,Do you really want to throw that all away over a room?,sadness,"Two very good points, look I’ve known you both a long time, and I’ve never seen either of you one/millionth as happy as you’ve been since you’ve got together.
Do you really want to throw that all away over a room?","Two very good points, look I’ve known you both a long time, and I’ve never seen either of you one/millionth as happy as you’ve been since you’ve got together.
Do you really want to throw that all away over a room?",sadness,5,4,neutral,False,0.04119953,0.01321958,0.021946449,0.031745408,0.8368034,0.04806402,0.007021706
12,8,Ross,That is so silly.,joy,"Do you really want to throw that all away over a room?
That is so silly.","Do you really want to throw that all away over a room?
That is so silly.",joy,3,3,joy,True,0.08291672,0.051106162,0.005832544,0.7190235,0.111546405,0.02282318,0.0067514544
12,9,Ross,"Now wh-what is more important, love or silliness?",neutral,"That is so silly.
Now wh-what is more important, love or silliness?","That is so silly.
Now wh-what is more important, love or silliness?",neutral,4,4,neutral,True,0.057127744,0.0035355582,0.016055891,0.22322854,0.6861131,0.010792823,0.0031463858
12,10,Chandler,"Well, we are fond of the silliness, but we also have a soft spot for the love.",neutral,"Now wh-what is more important, love or silliness?
Well, we are fond of the silliness, but we also have a soft spot for the love.","Now wh-what is more important, love or silliness?
Well, we are fond of the silliness, but we also have a soft spot for the love.",neutral,4,4,neutral,True,0.029977208,0.01076455,0.002792796,0.46422964,0.47553933,0.015352914,0.0013435279
12,11,Monica,Love is the best medicine.,joy,"Well, we are fond of the silliness, but we also have a soft spot for the love.
Love is the best medicine.","Well, we are fond of the silliness, but we also have a soft spot for the love.
Love is the best medicine.",joy,3,4,neutral,False,0.005185667,0.002603858,0.0017363954,0.027066838,0.95844096,0.004321509,0.0006447294
12,12,Chandler,That’s laughter.,joy,"Love is the best medicine.
That’s laughter.","Love is the best medicine.
That’s laughter.",joy,3,3,joy,True,0.03748988,0.02839558,0.0040216194,0.7708534,0.14011177,0.011055568,0.008072151
12,13,Monica,Why do you do it?,neutral,"That’s laughter.
Why do you do it?","That’s laughter.
Why do you do it?",neutral,4,6,surprise,False,0.0110843,0.0016649122,0.0068497728,0.0063776127,0.21545127,0.007988805,0.75058335
12,14,Chandler,I don’t know.,neutral,"Why do you do it?
I don’t know.","Why do you do it?
I don’t know.",neutral,4,4,neutral,True,0.0058086403,0.0020352826,0.027505092,0.014154911,0.9164251,0.016343089,0.017727973
12,15,Ross,"Okay! All right! Now, Chandler you-you wanna live with Monica, right?",neutral,"I don’t know.
Okay! All right! Now, Chandler you-you wanna live with Monica, right?","I don’t know.
Okay! All right! Now, Chandler you-you wanna live with Monica, right?",neutral,4,4,neutral,True,0.028139943,0.003143798,0.005566001,0.14985245,0.7914249,0.007001225,0.014871736
12,16,Chandler,"Yeah, I do.",neutral,"Okay! All right! Now, Chandler you-you wanna live with Monica, right?
Yeah, I do.","Okay! All right! Now, Chandler you-you wanna live with Monica, right?
Yeah, I do.",neutral,4,4,neutral,True,0.0030199555,0.0024846108,0.0041941167,0.017270332,0.96816057,0.0040653036,0.0008051959
12,17,Ross,"And Mon, you wanna live with Chandler, don’t ya?",neutral,"Yeah, I do.
And Mon, you wanna live with Chandler, don’t ya?","Yeah, I do.
And Mon, you wanna live with Chandler, don’t ya?",neutral,4,4,neutral,True,0.002524171,0.0017703603,0.002159221,0.0076157097,0.9823136,0.002341855,0.0012751007
12,18,Monica,Yes.,neutral,"And Mon, you wanna live with Chandler, don’t ya?
Yes.","And Mon, you wanna live with Chandler, don’t ya?
Yes.",neutral,4,4,neutral,True,0.0028266483,0.001572204,0.0035159423,0.036657754,0.95011425,0.004145322,0.0011677585
12,19,Ross,Good! A verbal contract is binding in the state of New York!,joy,"Yes.
Good! A verbal contract is binding in the state of New York!","Yes.
Good! A verbal contract is binding in the state of New York!",joy,3,3,joy,True,0.029775558,0.0016335276,0.0025152997,0.8632844,0.09009241,0.0032448368,0.00945402
13,1,Phoebe,"But I don't. Me, Phoebe.",neutral,"Oh.
But I don't. Me, Phoebe.","Oh.
But I don't. Me, Phoebe.",neutral,4,4,neutral,True,0.035286125,0.013723092,0.015297823,0.045207776,0.8213288,0.049539942,0.019616455
13,2,Roger,"Well, I'm not I'm not at all surprised they feel that way.",neutral,"But I don't. Me, Phoebe.
Well, I'm not I'm not at all surprised they feel that way.","But I don't. Me, Phoebe.
Well, I'm not I'm not at all surprised they feel that way.",neutral,4,4,neutral,True,0.027057474,0.0045527588,0.0056581697,0.019455142,0.92527646,0.012046537,0.0059533906
13,3,Phoebe,"You're not? See, that's why you're so great!",surprise,"Well, I'm not I'm not at all surprised they feel that way.
You're not? See, that's why you're so great!","Well, I'm not I'm not at all surprised they feel that way.
You're not? See, that's why you're so great!",surprise,6,0,anger,False,0.40147153,0.016498946,0.02283955,0.029822227,0.077976756,0.06197242,0.3894186
13,4,Roger,"Actually it's, it's quite, y'know, typical behaviour when you have this kind of dysfunctional group dynamic.",neutral,"You're not? See, that's why you're so great!
Actually it's, it's quite, y'know, typical behaviour when you have this kind of dysfunctional group dynamic.","You're not? See, that's why you're so great!
Actually it's, it's quite, y'know, typical behaviour when you have this kind of dysfunctional group dynamic.",neutral,4,4,neutral,True,0.07973517,0.023859445,0.017636213,0.025120754,0.8135817,0.035741877,0.00432489
13,5,Roger,"Y'know, this kind of co-dependant, emotionally stunted, sitting in your stupid coffee house with your stupid big cups which, I'm sorry, might as well have nipples on them, and you're like all 'Oh, define me!",anger,"Actually it's, it's quite, y'know, typical behaviour when you have this kind of dysfunctional group dynamic.
Y'know, this kind of co-dependant, emotionally stunted, sitting in your stupid coffee house with your stupid big cups which, I'm sorry, might as well have nipples on them, and you're like all 'Oh, define me!","Actually it's, it's quite, y'know, typical behaviour when you have this kind of dysfunctional group dynamic.
Y'know, this kind of co-dependant, emotionally stunted, sitting in your stupid coffee house with your stupid big cups which, I'm sorry, might as well have nipples on them, and you're like all 'Oh, define me!",anger,0,0,anger,True,0.76060164,0.025785716,0.10055662,0.02900492,0.030295758,0.038790487,0.014964877
13,6,Roger,Define me!,anger,"Y'know, this kind of co-dependant, emotionally stunted, sitting in your stupid coffee house with your stupid big cups which, I'm sorry, might as well have nipples on them, and you're like all 'Oh, define me!
Define me!","Y'know, this kind of co-dependant, emotionally stunted, sitting in your stupid coffee house with your stupid big cups which, I'm sorry, might as well have nipples on them, and you're like all 'Oh, define me!
Define me!",anger,0,0,anger,True,0.49971554,0.04474029,0.111761086,0.1380354,0.13646734,0.034280736,0.034999568
13,7,Roger,"Love me, I need love!",anger,"Define me!
Love me, I need love!","Define me!
Love me, I need love!",anger,0,3,joy,False,0.014043941,0.0010360138,0.0035256445,0.93451923,0.0384394,0.0052762907,0.0031594783
14,1,Joey,Yeah!,joy,"Have you really done this before?
Yeah!","Have you really done this before?
Yeah!",joy,3,3,joy,True,0.039304793,0.0041595753,0.0055815554,0.69399685,0.1231913,0.008847742,0.12491826
14,2,Joey,Yeah!,joy,"Yeah!
Yeah!","Yeah!
Yeah!",joy,3,3,joy,True,0.03392976,0.0031539723,0.0037288654,0.86235464,0.06433997,0.0053894464,0.027103303
14,3,Joey,Yeah!,joy,"Yeah!
Yeah!","Yeah!
Yeah!",joy,3,3,joy,True,0.03392976,0.0031539723,0.0037288654,0.86235464,0.06433997,0.0053894464,0.027103303
14,4,Joey,"You just take a big, big swing.",neutral,"Yeah!
You just take a big, big swing.","Yeah!
You just take a big, big swing.",neutral,4,4,neutral,True,0.026586551,0.0108807385,0.003827225,0.21312286,0.7332769,0.0106745,0.0016311966
14,5,Joey,"Now, don’t hold back.",neutral,"You just take a big, big swing.
Now, don’t hold back.","You just take a big, big swing.
Now, don’t hold back.",neutral,4,4,neutral,True,0.016578816,0.0060338303,0.010004656,0.01492862,0.94617516,0.0050887535,0.0011901135
14,6,Phoebe,Hey!,joy,"Now, don’t hold back.
Hey!","Now, don’t hold back.
Hey!",joy,3,6,surprise,False,0.017858727,0.002795532,0.0054027806,0.3738612,0.18448983,0.008044309,0.40754762
14,7,Joey,Hey-hey-hey!,joy,"Hey!
Hey-hey-hey!","Hey!
Hey-hey-hey!",joy,3,3,joy,True,0.015845895,0.002121923,0.0044090794,0.75737935,0.12998986,0.0057887817,0.08446502
14,8,Chandler,What are you doing?,neutral,"Hey-hey-hey!
What are you doing?","Hey-hey-hey!
What are you doing?",neutral,4,4,neutral,True,0.008740896,0.001165441,0.006251065,0.00899146,0.6320201,0.005290025,0.337541
14,9,Phoebe,We’re just celebrating that Joey got his health insurance back.,joy,"What are you doing?
We’re just celebrating that Joey got his health insurance back.","What are you doing?
We’re just celebrating that Joey got his health insurance back.",joy,3,4,neutral,False,0.02935055,0.0092999125,0.004129013,0.44384545,0.48653033,0.023524657,0.0033200828
14,10,Chandler,"Oh, all right.",neutral,"We’re just celebrating that Joey got his health insurance back.
Oh, all right.","We’re just celebrating that Joey got his health insurance back.
Oh, all right.",neutral,4,4,neutral,True,0.0027255376,0.0015303139,0.0070228917,0.024124207,0.9558664,0.0064148437,0.0023158994
15,1,Gary,Oh yeah? Well maybe you and I should take a walk through a bad neighborhood.,joy,"Yeah! Sure! Yep!  Oh, y'know what? If I heard a shot right now, I'd throw my body on you.
Oh yeah? Well maybe you and I should take a walk through a bad neighborhood.","Yeah! Sure! Yep!  Oh, y'know what? If I heard a shot right now, I'd throw my body on you.
Oh yeah? Well maybe you and I should take a walk through a bad neighborhood.",joy,3,4,neutral,False,0.011574343,0.009863288,0.017473552,0.015552184,0.9353526,0.0077168653,0.0024671452
15,2,Phoebe,Okay!,joy,"Oh yeah? Well maybe you and I should take a walk through a bad neighborhood.
Okay!","Oh yeah? Well maybe you and I should take a walk through a bad neighborhood.
Okay!",joy,3,3,joy,True,0.07319749,0.004400766,0.010903199,0.74434704,0.1449808,0.008568567,0.013602133
15,3,Phoebe,Bye!,neutral,"Okay!
Bye!","Okay!
Bye!",neutral,4,4,neutral,True,0.01677955,0.0019052576,0.004027818,0.2895682,0.6746137,0.0055082263,0.0075973626
15,4,Joey,Bye!,neutral,"Bye!
Bye!","Bye!
Bye!",neutral,4,4,neutral,True,0.007726045,0.0010787343,0.0028480936,0.058391478,0.9209638,0.0043204674,0.0046713944
15,5,Joey,Cut it out Ross! I hate to have to save your life and kick your ass in the same day!,anger,"Bye!
Cut it out Ross! I hate to have to save your life and kick your ass in the same day!","Bye!
Cut it out Ross! I hate to have to save your life and kick your ass in the same day!",anger,0,3,joy,False,0.19883238,0.042893883,0.022005957,0.5813142,0.1014357,0.049113214,0.004404676
16,1,Joey,"Listen uh, I’d prefer it if you didn’t call me Joey.",neutral,"Hey, Joey, could you pass the cheese?
Listen uh, I’d prefer it if you didn’t call me Joey.","Hey, Joey, could you pass the cheese?
Listen uh, I’d prefer it if you didn’t call me Joey.",neutral,4,4,neutral,True,0.006705804,0.008971929,0.054543335,0.0080829365,0.89140445,0.025187371,0.0051041907
16,2,Joey,"Since I don’t know anyone here, I thought it’d be cool to try out a cool work nickname.",neutral,"Listen uh, I’d prefer it if you didn’t call me Joey.
Since I don’t know anyone here, I thought it’d be cool to try out a cool work nickname.","Listen uh, I’d prefer it if you didn’t call me Joey.
Since I don’t know anyone here, I thought it’d be cool to try out a cool work nickname.",neutral,4,4,neutral,True,0.023472182,0.009889742,0.008046729,0.18481492,0.75513047,0.01571025,0.0029357467
16,3,A Waiter,"Hey, dragon! Here’s your tips from Monday and Tuesday.",neutral,"Since I don’t know anyone here, I thought it’d be cool to try out a cool work nickname.
Hey, dragon! Here’s your tips from Monday and Tuesday.","Since I don’t know anyone here, I thought it’d be cool to try out a cool work nickname.
Hey, dragon! Here’s your tips from Monday and Tuesday.",neutral,4,3,joy,False,0.028003352,0.0037743947,0.0027290687,0.57984024,0.3600396,0.004457783,0.021155562
16,4,Joey,There’s like-there’s like 300 bucks in this one!,surprise,"Hey, dragon! Here’s your tips from Monday and Tuesday.
There’s like-there’s like 300 bucks in this one!","Hey, dragon! Here’s your tips from Monday and Tuesday.
There’s like-there’s like 300 bucks in this one!",surprise,6,3,joy,False,0.02292679,0.004097247,0.0033468641,0.89187133,0.040488675,0.004945795,0.032323416
16,5,The Waiter,"Yeah, people get pretty generous around the holidays. And it never hurts to wear tight trousers.",neutral,"There’s like-there’s like 300 bucks in this one!
Yeah, people get pretty generous around the holidays. And it never hurts to wear tight trousers.","There’s like-there’s like 300 bucks in this one!
Yeah, people get pretty generous around the holidays. And it never hurts to wear tight trousers.",neutral,4,4,neutral,True,0.034051083,0.010755598,0.0067661353,0.26851848,0.66182417,0.016466165,0.0016183254
16,6,Monica,Could the waiters gather around to hear tonight’s specials?,neutral,"Yeah, people get pretty generous around the holidays. And it never hurts to wear tight trousers.
Could the waiters gather around to hear tonight’s specials?","Yeah, people get pretty generous around the holidays. And it never hurts to wear tight trousers.
Could the waiters gather around to hear tonight’s specials?",neutral,4,4,neutral,True,0.0063985186,0.0010542077,0.0019072503,0.116552055,0.86593467,0.004756386,0.0033969071
16,7,Monica,"Okay, first there is a Chilean Sea Bass prepared with a Mango relish on a bag—Why is nobody writing these down?",neutral,"Could the waiters gather around to hear tonight’s specials?
Okay, first there is a Chilean Sea Bass prepared with a Mango relish on a bag—Why is nobody writing these down?","Could the waiters gather around to hear tonight’s specials?
Okay, first there is a Chilean Sea Bass prepared with a Mango relish on a bag—Why is nobody writing these down?",neutral,4,4,neutral,True,0.0036279624,0.0011080246,0.0010142506,0.009916657,0.9817075,0.0016928551,0.0009327825
16,8,The Waiter,Because we can remember them.,neutral,"Okay, first there is a Chilean Sea Bass prepared with a Mango relish on a bag—Why is nobody writing these down?
Because we can remember them.","Okay, first there is a Chilean Sea Bass prepared with a Mango relish on a bag—Why is nobody writing these down?
Because we can remember them.",neutral,4,4,neutral,True,0.007387408,0.002624205,0.0023791746,0.008648368,0.97015125,0.005144863,0.003664671
16,9,Monica,Because your all gonna make up fake specials and make me cook them like you did the other night?,anger,"Because we can remember them.
Because your all gonna make up fake specials and make me cook them like you did the other night?","Because we can remember them.
Because your all gonna make up fake specials and make me cook them like you did the other night?",anger,0,3,joy,False,0.047872074,0.020693354,0.008424505,0.45015872,0.42008704,0.031839825,0.0209245
17,1,Monica,I was always Joanne.,neutral,"Hey. When you guys were kids and you played
I was always Joanne.","Hey. When you guys were kids and you played
I was always Joanne.",neutral,4,4,neutral,True,0.0060036182,0.0018345133,0.0017050074,0.004958988,0.9814757,0.0030625868,0.0009595983
17,2,Joey,"Question. Was ah, ‘Egg the Gellers!’ the war cry of your neighbourhood?",neutral,"I was always Joanne.
Question. Was ah, ‘Egg the Gellers!’ the war cry of your neighbourhood?","I was always Joanne.
Question. Was ah, ‘Egg the Gellers!’ the war cry of your neighbourhood?",neutral,4,0,anger,False,0.42217645,0.016675029,0.051656976,0.122189015,0.29286247,0.040924344,0.053515736
17,3,Phoebe,Ewww! Oh! It’s the Mattress King!,disgust,"Question. Was ah, ‘Egg the Gellers!’ the war cry of your neighbourhood?
Ewww! Oh! It’s the Mattress King!","Question. Was ah, ‘Egg the Gellers!’ the war cry of your neighbourhood?
Ewww! Oh! It’s the Mattress King!",disgust,1,1,disgust,True,0.100962795,0.58727866,0.016487256,0.07983625,0.0193193,0.054020002,0.14209577
17,4,Chandler,Don’t look honey. Change the channel! Change the channel!,disgust,"Ewww! Oh! It’s the Mattress King!
Don’t look honey. Change the channel! Change the channel!","Ewww! Oh! It’s the Mattress King!
Don’t look honey. Change the channel! Change the channel!",disgust,1,0,anger,False,0.4922744,0.017635308,0.07039191,0.29153126,0.08440423,0.02275339,0.021009542
17,5,Janice,"Wait! Wait! I wanna see this. After I divorce him, half of that kingdom is gonna be mine.",joy,"Don’t look honey. Change the channel! Change the channel!
Wait! Wait! I wanna see this. After I divorce him, half of that kingdom is gonna be mine.","Don’t look honey. Change the channel! Change the channel!
Wait! Wait! I wanna see this. After I divorce him, half of that kingdom is gonna be mine.",joy,3,3,joy,True,0.17597581,0.0298928,0.10644274,0.1994922,0.19861479,0.12217554,0.16740608
17,6,Chandler,What a wank!,anger,"Wait! Wait! I wanna see this. After I divorce him, half of that kingdom is gonna be mine.
What a wank!","Wait! Wait! I wanna see this. After I divorce him, half of that kingdom is gonna be mine.
What a wank!",anger,0,0,anger,True,0.49019116,0.281289,0.02583844,0.022747371,0.020716961,0.15041122,0.008805825
17,7,Janice,"Oh, I cannot believe he’s using our divorce to sell mattresses.",anger,"What a wank!
Oh, I cannot believe he’s using our divorce to sell mattresses.","What a wank!
Oh, I cannot believe he’s using our divorce to sell mattresses.",anger,0,6,surprise,False,0.025175953,0.008455424,0.007458207,0.10614136,0.39091587,0.05078395,0.41106924
17,8,Monica,I know!,anger,"Oh, I cannot believe he’s using our divorce to sell mattresses.
I know!","Oh, I cannot believe he’s using our divorce to sell mattresses.
I know!",anger,0,6,surprise,False,0.09862232,0.0072118887,0.014549741,0.335479,0.07424798,0.021090357,0.44879872
17,9,Monica,"And four ninety-nine for a pillow top queen set, who cares about the divorce, those babies will sell themselves.",anger,"I know!
And four ninety-nine for a pillow top queen set, who cares about the divorce, those babies will sell themselves.","I know!
And four ninety-nine for a pillow top queen set, who cares about the divorce, those babies will sell themselves.",anger,0,1,disgust,False,0.23180579,0.2489664,0.015346042,0.1254815,0.1762058,0.18937601,0.0128184995
17,10,Monica,And I’m appalled for you by the way.,anger,"And four ninety-nine for a pillow top queen set, who cares about the divorce, those babies will sell themselves.
And I’m appalled for you by the way.","And four ninety-nine for a pillow top queen set, who cares about the divorce, those babies will sell themselves.
And I’m appalled for you by the way.",anger,0,1,disgust,False,0.12002763,0.42562038,0.030515509,0.023099825,0.02050227,0.12487817,0.25535625
17,11,Rachel,"You had to do it, didn’t you? You couldn’t just leave it alone.",sadness,"And I’m appalled for you by the way.
You had to do it, didn’t you? You couldn’t just leave it alone.","And I’m appalled for you by the way.
You had to do it, didn’t you? You couldn’t just leave it alone.",sadness,5,4,neutral,False,0.019802181,0.0053182174,0.016021552,0.031336837,0.90949845,0.015410297,0.0026124774
17,12,Ross,Four percent. Okay. I tip more than that when there’s a bug in my food.,disgust,"You had to do it, didn’t you? You couldn’t just leave it alone.
Four percent. Okay. I tip more than that when there’s a bug in my food.","You had to do it, didn’t you? You couldn’t just leave it alone.
Four percent. Okay. I tip more than that when there’s a bug in my food.",disgust,1,4,neutral,False,0.006345646,0.009875178,0.0032686354,0.014656316,0.9585794,0.006245595,0.0010292488
17,13,Rachel,"Ross, tonight was about the two of you getting along.  Oh, would you just see my chiropractor, already.",anger,"Four percent. Okay. I tip more than that when there’s a bug in my food.
Ross, tonight was about the two of you getting along.  Oh, would you just see my chiropractor, already.","Four percent. Okay. I tip more than that when there’s a bug in my food.
Ross, tonight was about the two of you getting along.  Oh, would you just see my chiropractor, already.",anger,0,4,neutral,False,0.0022045851,0.0010449213,0.0013097016,0.008800883,0.9840986,0.001918009,0.00062329415
17,14,Ross,"Yeah, I’m gonna go to a doctor who went to school in a mini-mall.",disgust,"Ross, tonight was about the two of you getting along.  Oh, would you just see my chiropractor, already.
Yeah, I’m gonna go to a doctor who went to school in a mini-mall.","Ross, tonight was about the two of you getting along.  Oh, would you just see my chiropractor, already.
Yeah, I’m gonna go to a doctor who went to school in a mini-mall.",disgust,1,4,neutral,False,0.0044145705,0.003918812,0.008134225,0.013403328,0.9570946,0.011734874,0.0012996271
17,15,Ross,"Hey Pheebs, what are you doing?",neutral,"Yeah, I’m gonna go to a doctor who went to school in a mini-mall.
Hey Pheebs, what are you doing?","Yeah, I’m gonna go to a doctor who went to school in a mini-mall.
Hey Pheebs, what are you doing?",neutral,4,4,neutral,True,0.005985829,0.0009019651,0.005863157,0.010124441,0.7786093,0.004520384,0.1939949
17,16,Phoebe,"I’m, I’m freaking out!",fear,"Hey Pheebs, what are you doing?
I’m, I’m freaking out!","Hey Pheebs, what are you doing?
I’m, I’m freaking out!",fear,2,6,surprise,False,0.1810691,0.061826397,0.10570059,0.20545147,0.08592215,0.08542901,0.2746013
17,17,Phoebe,Monica kinda trusted me with something and she shouldn’t have!,fear,"I’m, I’m freaking out!
Monica kinda trusted me with something and she shouldn’t have!","I’m, I’m freaking out!
Monica kinda trusted me with something and she shouldn’t have!",fear,2,0,anger,False,0.5395152,0.01430308,0.108231105,0.10466372,0.059683204,0.14243011,0.031173628
17,18,Phoebe,"All right, I haven’t lived here in a while, so I have to ask you something.",neutral,"Monica kinda trusted me with something and she shouldn’t have!
All right, I haven’t lived here in a while, so I have to ask you something.","Monica kinda trusted me with something and she shouldn’t have!
All right, I haven’t lived here in a while, so I have to ask you something.",neutral,4,4,neutral,True,0.006959873,0.0014030443,0.013971828,0.008447452,0.951301,0.0145718055,0.0033450378
17,19,Phoebe,Does Monica still turn on the lights in her bedroom?,neutral,"All right, I haven’t lived here in a while, so I have to ask you something.
Does Monica still turn on the lights in her bedroom?","All right, I haven’t lived here in a while, so I have to ask you something.
Does Monica still turn on the lights in her bedroom?",neutral,4,4,neutral,True,0.0039513283,0.0005443384,0.0012912038,0.0031074786,0.9849503,0.002407097,0.0037482167
17,20,Rachel,Um. yeah.,neutral,"Does Monica still turn on the lights in her bedroom?
Um. yeah.","Does Monica still turn on the lights in her bedroom?
Um. yeah.",neutral,4,4,neutral,True,0.0013507078,0.0013628181,0.007137031,0.006887624,0.976824,0.0041455217,0.0022923064
17,21,Phoebe,I am,neutral,"Um. yeah.
I am","Um. yeah.
I am",neutral,4,4,neutral,True,0.0037828237,0.0011709548,0.0048104585,0.010840288,0.9739257,0.002789346,0.0026804789
17,22,Rachel,"All right, look, here’s the bottom line Ross, this is fixable, if we act fast, okay.",neutral,"I am
All right, look, here’s the bottom line Ross, this is fixable, if we act fast, okay.","I am
All right, look, here’s the bottom line Ross, this is fixable, if we act fast, okay.",neutral,4,4,neutral,True,0.0053300858,0.0008251475,0.0022672964,0.0050156903,0.98391724,0.001969278,0.00067520887
17,23,Rachel,"So, I’ll invite him to brunch tomorrow and you can make nice.",neutral,"All right, look, here’s the bottom line Ross, this is fixable, if we act fast, okay.
So, I’ll invite him to brunch tomorrow and you can make nice.","All right, look, here’s the bottom line Ross, this is fixable, if we act fast, okay.
So, I’ll invite him to brunch tomorrow and you can make nice.",neutral,4,4,neutral,True,0.0062366403,0.0037994985,0.0020794799,0.024424806,0.9585507,0.0042283516,0.00068055384
17,24,Ross,"Look, honey, I have tried to make nice, it doesn’t work.",anger,"So, I’ll invite him to brunch tomorrow and you can make nice.
Look, honey, I have tried to make nice, it doesn’t work.","So, I’ll invite him to brunch tomorrow and you can make nice.
Look, honey, I have tried to make nice, it doesn’t work.",anger,0,4,neutral,False,0.14600126,0.011195999,0.04179025,0.0935232,0.5775159,0.12616013,0.0038132684
17,25,Rachel,"Okay, look, Ross, I realise that my Father is difficult, but that’s why you have got to be the bigger man here.",neutral,"Look, honey, I have tried to make nice, it doesn’t work.
Okay, look, Ross, I realise that my Father is difficult, but that’s why you have got to be the bigger man here.","Look, honey, I have tried to make nice, it doesn’t work.
Okay, look, Ross, I realise that my Father is difficult, but that’s why you have got to be the bigger man here.",neutral,4,4,neutral,True,0.05126981,0.0028226767,0.010842417,0.03827127,0.8708249,0.02234323,0.0036257925
17,26,Ross,"Look sweetie, I could be the bigger man, I could be the biggest man, I could be a big, huge, giant man, and it still wouldn’t make any difference, except that I could pick your Father up and say ‘Like me!",anger,"Okay, look, Ross, I realise that my Father is difficult, but that’s why you have got to be the bigger man here.
Look sweetie, I could be the bigger man, I could be the biggest man, I could be a big, huge, giant man, and it still wouldn’t make any difference, except that I could pick your Father up and say ‘Like me!","Okay, look, Ross, I realise that my Father is difficult, but that’s why you have got to be the bigger man here.
Look sweetie, I could be the bigger man, I could be the biggest man, I could be a big, huge, giant man, and it still wouldn’t make any difference, except that I could pick your Father up and say ‘Like me!",anger,0,3,joy,False,0.103105016,0.004702539,0.019513689,0.7600157,0.0888553,0.01691012,0.0068975603
17,27,Ross,Like me tiny doctor!’,anger,"Look sweetie, I could be the bigger man, I could be the biggest man, I could be a big, huge, giant man, and it still wouldn’t make any difference, except that I could pick your Father up and say ‘Like me!
Like me tiny doctor!’","Look sweetie, I could be the bigger man, I could be the biggest man, I could be a big, huge, giant man, and it still wouldn’t make any difference, except that I could pick your Father up and say ‘Like me!
Like me tiny doctor!’",anger,0,3,joy,False,0.026017586,0.0026843336,0.007137565,0.9149406,0.033075023,0.012936959,0.0032080424
17,28,Rachel,"Okay, well can’t you just try it one more time Ross? For me? For me?",sadness,"Like me tiny doctor!’
Okay, well can’t you just try it one more time Ross? For me? For me?","Like me tiny doctor!’
Okay, well can’t you just try it one more time Ross? For me? For me?",sadness,5,6,surprise,False,0.14853555,0.010815908,0.086014375,0.09298612,0.26396057,0.077373795,0.3203136
17,29,Ross,"Rachel one brunch is not gonna solve anything. You gotta face it, okay we’re never gonna get along.",anger,"Okay, well can’t you just try it one more time Ross? For me? For me?
Rachel one brunch is not gonna solve anything. You gotta face it, okay we’re never gonna get along.","Okay, well can’t you just try it one more time Ross? For me? For me?
Rachel one brunch is not gonna solve anything. You gotta face it, okay we’re never gonna get along.",anger,0,5,sadness,False,0.17946637,0.022025628,0.19253492,0.07936065,0.13044225,0.388221,0.0079491725
17,30,Rachel,"Okay, well you are just gonna have too, okay.",anger,"Rachel one brunch is not gonna solve anything. You gotta face it, okay we’re never gonna get along.
Okay, well you are just gonna have too, okay.","Rachel one brunch is not gonna solve anything. You gotta face it, okay we’re never gonna get along.
Okay, well you are just gonna have too, okay.",anger,0,4,neutral,False,0.10168825,0.024198033,0.092664845,0.1825102,0.44785625,0.14814103,0.0029414014
17,31,Rachel,"Because I already got a Mother and a Father who cannot stay in the same room together, okay, I don’t wanna have to have a separate room for you too!",anger,"Okay, well you are just gonna have too, okay.
Because I already got a Mother and a Father who cannot stay in the same room together, okay, I don’t wanna have to have a separate room for you too!","Okay, well you are just gonna have too, okay.
Because I already got a Mother and a Father who cannot stay in the same room together, okay, I don’t wanna have to have a separate room for you too!",anger,0,0,anger,True,0.64069974,0.014564148,0.05121779,0.07904981,0.12905625,0.0762487,0.009163624
17,32,Ross,"Okay, okay, okay.  I’ll get the bagels.",neutral,"Because I already got a Mother and a Father who cannot stay in the same room together, okay, I don’t wanna have to have a separate room for you too!
Okay, okay, okay.  I’ll get the bagels.","Because I already got a Mother and a Father who cannot stay in the same room together, okay, I don’t wanna have to have a separate room for you too!
Okay, okay, okay.  I’ll get the bagels.",neutral,4,4,neutral,True,0.0043877005,0.0016016129,0.0026504884,0.027507626,0.96038616,0.0028534445,0.0006130041
18,1,Joey,"All right, then you'd better show me some of that too then.",neutral,"Okay now Joey, y'know that since you're returning all of this stuff right after the audition you're gonna have to wear underwear?
All right, then you'd better show me some of that too then.","Okay now Joey, y'know that since you're returning all of this stuff right after the audition you're gonna have to wear underwear?
All right, then you'd better show me some of that too then.",neutral,4,4,neutral,True,0.003236223,0.0032818394,0.0024098954,0.0071879486,0.97973895,0.0031289065,0.0010162346
18,2,Rachel,"Okay, it's missing something. Ooh, I know! Umm, okay.",neutral,"All right, then you'd better show me some of that too then.
Okay, it's missing something. Ooh, I know! Umm, okay.","All right, then you'd better show me some of that too then.
Okay, it's missing something. Ooh, I know! Umm, okay.",neutral,4,4,neutral,True,0.03734023,0.0048998315,0.02389832,0.41190487,0.4833434,0.020817015,0.017796362
20,1,Joey,It looks like a women's purse.,neutral,"It's not a purse! It's a shoulder bag.
It looks like a women's purse.","It's not a purse! It's a shoulder bag.
It looks like a women's purse.",neutral,4,4,neutral,True,0.004638659,0.002003159,0.0022872584,0.0030441654,0.94982153,0.0037516218,0.034453638
20,2,Rachel,"No Joey, look. Trust me, all the men are wearing them in the spring catalog. Look.  See look,",neutral,"It looks like a women's purse.
No Joey, look. Trust me, all the men are wearing them in the spring catalog. Look.  See look,","It looks like a women's purse.
No Joey, look. Trust me, all the men are wearing them in the spring catalog. Look.  See look,",neutral,4,4,neutral,True,0.005757664,0.0014238597,0.002411619,0.0046676723,0.98245436,0.0018398783,0.0014449491
20,3,Joey,"See look,",neutral,"No Joey, look. Trust me, all the men are wearing them in the spring catalog. Look.  See look,
See look,","No Joey, look. Trust me, all the men are wearing them in the spring catalog. Look.  See look,
See look,",neutral,4,4,neutral,True,0.090991326,0.01583662,0.04005545,0.052988313,0.7789574,0.014378385,0.0067925025
20,4,Rachel,Exactly! Unisex!,neutral,"See look,
Exactly! Unisex!","See look,
Exactly! Unisex!",neutral,4,3,joy,False,0.03583215,0.0028003068,0.0026391228,0.85570073,0.06797111,0.003908667,0.031147948
20,5,Joey,Maybe you need sex.,neutral,"Exactly! Unisex!
Maybe you need sex.","Exactly! Unisex!
Maybe you need sex.",neutral,4,4,neutral,True,0.001203891,0.0011879582,0.0016505707,0.0047963164,0.9880454,0.0012575911,0.0018583634
20,6,Rachel,No! No Joey! U-N-I-sex.,joy,"Maybe you need sex.
No! No Joey! U-N-I-sex.","Maybe you need sex.
No! No Joey! U-N-I-sex.",joy,3,3,joy,True,0.15781988,0.14590439,0.12307959,0.23948295,0.09793803,0.06558587,0.17018925
20,7,Joey,"Well, I ain't gonna say no to that.",neutral,"No! No Joey! U-N-I-sex.
Well, I ain't gonna say no to that.","No! No Joey! U-N-I-sex.
Well, I ain't gonna say no to that.",neutral,4,4,neutral,True,0.18221194,0.10717903,0.08409482,0.13710642,0.3835727,0.0993278,0.006507329
21,1,Duncan,"No, but it'll be OK, they're pretty cool, my brother's straight so. . .",neutral,"So, um, have you told your parents?
No, but it'll be OK, they're pretty cool, my brother's straight so. . .","So, um, have you told your parents?
No, but it'll be OK, they're pretty cool, my brother's straight so. . .",neutral,4,4,neutral,True,0.022790728,0.006228452,0.01117773,0.03090476,0.9174076,0.010609656,0.00088109635
21,2,Phoebe,Here you go.,neutral,"No, but it'll be OK, they're pretty cool, my brother's straight so. . .
Here you go.","No, but it'll be OK, they're pretty cool, my brother's straight so. . .
Here you go.",neutral,4,4,neutral,True,0.004824569,0.0019896282,0.0031680877,0.0071844608,0.9779247,0.0041350047,0.0007735339
21,3,Phoebe,"You know what, I just have one more question, um, if you had figured this out sooner and um, I had been around, do you think that I would have been the one who.",neutral,"Here you go.
You know what, I just have one more question, um, if you had figured this out sooner and um, I had been around, do you think that I would have been the one who.","Here you go.
You know what, I just have one more question, um, if you had figured this out sooner and um, I had been around, do you think that I would have been the one who.",neutral,4,4,neutral,True,0.014399346,0.0036094722,0.021344654,0.004930659,0.93291837,0.015974948,0.0068225907
21,4,Phoebe,"no, um, I'm sorry, don't tell me, I don't think either answer would make me feel better.",sadness,"You know what, I just have one more question, um, if you had figured this out sooner and um, I had been around, do you think that I would have been the one who.
no, um, I'm sorry, don't tell me, I don't think either answer would make me feel better.","You know what, I just have one more question, um, if you had figured this out sooner and um, I had been around, do you think that I would have been the one who.
no, um, I'm sorry, don't tell me, I don't think either answer would make me feel better.",sadness,5,5,sadness,True,0.024416987,0.009929681,0.11626288,0.04378433,0.11543966,0.67706794,0.013098495
21,5,Duncan,I love you Phoebe.,joy,"no, um, I'm sorry, don't tell me, I don't think either answer would make me feel better.
I love you Phoebe.","no, um, I'm sorry, don't tell me, I don't think either answer would make me feel better.
I love you Phoebe.",joy,3,3,joy,True,0.009274075,0.0008485865,0.001501222,0.9200482,0.056972314,0.0060569416,0.005298628
21,6,Phoebe,So your brother's straigh huh? Seriously.,surprise,"I love you Phoebe.
So your brother's straigh huh? Seriously.","I love you Phoebe.
So your brother's straigh huh? Seriously.",surprise,6,6,surprise,True,0.015953846,0.012458441,0.005811177,0.011284971,0.007275518,0.008565092,0.93865097
22,1,Monica,Hi.,neutral,"Hey!
Hi.","Hey!
Hi.",neutral,4,4,neutral,True,0.001274218,0.00034687622,0.0009023226,0.0022440932,0.9902344,0.0012216053,0.0037765603
22,2,Chandler,"I just came over to drop off…nothing. So that weekend kinda sucked, huh?",neutral,"Hi.
I just came over to drop off…nothing. So that weekend kinda sucked, huh?","Hi.
I just came over to drop off…nothing. So that weekend kinda sucked, huh?",neutral,4,5,sadness,False,0.16009611,0.092246786,0.038108524,0.25463918,0.08156582,0.31915858,0.054185048
22,3,Monica,"Yeah, it did.",joy,"I just came over to drop off…nothing. So that weekend kinda sucked, huh?
Yeah, it did.","I just came over to drop off…nothing. So that weekend kinda sucked, huh?
Yeah, it did.",joy,3,3,joy,True,0.050019853,0.008997899,0.008401526,0.7316964,0.11657125,0.07603716,0.0082758805
22,4,Chandler,"So, I guess this is over.",sadness,"Yeah, it did.
So, I guess this is over.","Yeah, it did.
So, I guess this is over.",sadness,5,4,neutral,False,0.023212183,0.0047233202,0.006716208,0.16261202,0.7853365,0.014923846,0.0024758782
22,5,Monica,What?,neutral,"So, I guess this is over.
What?","So, I guess this is over.
What?",neutral,4,6,surprise,False,0.008283427,0.0012744581,0.011110236,0.009046377,0.33094737,0.0085690515,0.6307691
22,6,Chandler,"Well, y'know, you and me, it had to end sometime.",sadness,"What?
Well, y'know, you and me, it had to end sometime.","What?
Well, y'know, you and me, it had to end sometime.",sadness,5,4,neutral,False,0.021647686,0.002707118,0.021508003,0.032719288,0.9014386,0.017857006,0.0021222588
22,7,Monica,"Why, exactly?",surprise,"Well, y'know, you and me, it had to end sometime.
Why, exactly?","Well, y'know, you and me, it had to end sometime.
Why, exactly?",surprise,6,4,neutral,False,0.0148814395,0.0014834304,0.01490042,0.009271976,0.63019705,0.013098396,0.31616727
22,8,Chandler,"Because of the weekend, we had a fight.",sadness,"Why, exactly?
Because of the weekend, we had a fight.","Why, exactly?
Because of the weekend, we had a fight.",sadness,5,4,neutral,False,0.11345899,0.02778075,0.12333523,0.061238255,0.41156745,0.23039745,0.03222184
22,9,Monica,Chandler that's crazy!,surprise,"Because of the weekend, we had a fight.
Chandler that's crazy!","Because of the weekend, we had a fight.
Chandler that's crazy!",surprise,6,6,surprise,True,0.05073673,0.011769384,0.0060894424,0.014598405,0.007488221,0.010467338,0.89885056
22,10,Monica,If you give up every time you'd have a fight with someone you'd never be with anyone longer than—Ohhh!,anger,"Chandler that's crazy!
If you give up every time you'd have a fight with someone you'd never be with anyone longer than—Ohhh!","Chandler that's crazy!
If you give up every time you'd have a fight with someone you'd never be with anyone longer than—Ohhh!",anger,0,0,anger,True,0.5027387,0.08170407,0.08592402,0.062362168,0.028667776,0.10091839,0.13768488
22,11,Chandler,"So, this isn't over?",neutral,"If you give up every time you'd have a fight with someone you'd never be with anyone longer than—Ohhh!
So, this isn't over?","If you give up every time you'd have a fight with someone you'd never be with anyone longer than—Ohhh!
So, this isn't over?",neutral,4,4,neutral,True,0.37373874,0.008874107,0.038409643,0.07786452,0.42351124,0.057226267,0.02037546
22,12,Monica,You are so cute!,joy,"So, this isn't over?
You are so cute!","So, this isn't over?
You are so cute!",joy,3,3,joy,True,0.008051662,0.0024006825,0.0018271209,0.92672384,0.014289924,0.0043565473,0.042350207
22,13,Monica,No.,joy,"You are so cute!
No.","You are so cute!
No.",joy,3,4,neutral,False,0.003466498,0.0032441197,0.00253582,0.005328833,0.979595,0.004046587,0.0017831278
22,14,Monica,"No, it was a fight.",neutral,"No.
No, it was a fight.","No.
No, it was a fight.",neutral,4,4,neutral,True,0.009301081,0.00113688,0.009618126,0.013734052,0.9565355,0.0057043037,0.003970153
22,15,Monica,You deal with it and move on!,joy,"No, it was a fight.
You deal with it and move on!","No, it was a fight.
You deal with it and move on!",joy,3,0,anger,False,0.41614965,0.009282495,0.027256554,0.31902137,0.21132725,0.010488723,0.006473993
22,16,Monica,It's nothing to freak out about.,neutral,"You deal with it and move on!
It's nothing to freak out about.","You deal with it and move on!
It's nothing to freak out about.",neutral,4,4,neutral,True,0.017440537,0.0051028444,0.0038923954,0.2143386,0.75316906,0.0042099594,0.0018466233
22,17,Chandler,Really? Okay. Great!,joy,"It's nothing to freak out about.
Really? Okay. Great!","It's nothing to freak out about.
Really? Okay. Great!",joy,3,3,joy,True,0.019377746,0.0051986175,0.00533914,0.7755257,0.060677085,0.0070527354,0.12682898
22,18,Monica,"Ohh, welcome to an adult relationship!",joy,"Really? Okay. Great!
Ohh, welcome to an adult relationship!","Really? Okay. Great!
Ohh, welcome to an adult relationship!",joy,3,3,joy,True,0.0075906524,0.0018388167,0.0016374938,0.93272907,0.03441748,0.002513446,0.019273002
22,19,Chandler,We're in a relationship?,surprise,"Ohh, welcome to an adult relationship!
We're in a relationship?","Ohh, welcome to an adult relationship!
We're in a relationship?",surprise,6,6,surprise,True,0.006135971,0.0010302846,0.004860305,0.0036886658,0.12463402,0.0049822805,0.8546685
22,20,Monica,I'm afraid so.,neutral,"We're in a relationship?
I'm afraid so.","We're in a relationship?
I'm afraid so.",neutral,4,4,neutral,True,0.0028968414,0.0014199173,0.0048752325,0.009836179,0.9750958,0.00456696,0.001309095
22,21,Chandler,Okay.,neutral,"I'm afraid so.
Okay.","I'm afraid so.
Okay.",neutral,4,4,neutral,True,0.0015411667,0.0006659323,0.0013947675,0.0030973558,0.99114686,0.0011891715,0.00096473837
23,1,Danny,So you like the short hair better.,neutral,"Hi!
So you like the short hair better.","Hi!
So you like the short hair better.",neutral,4,4,neutral,True,0.0018721625,0.0016832962,0.0007659343,0.0061445,0.9862373,0.0021763006,0.0011204088
23,2,Rachel,What? Yeti—I mean Danny?,neutral,"So you like the short hair better.
What? Yeti—I mean Danny?","So you like the short hair better.
What? Yeti—I mean Danny?",neutral,4,4,neutral,True,0.012473004,0.0019910175,0.011556856,0.005935886,0.7164242,0.010053831,0.24156518
24,1,Rachel,Yeah!,joy,"Can I tell you a little secret?
Yeah!","Can I tell you a little secret?
Yeah!",joy,3,3,joy,True,0.020609166,0.002479735,0.0024535167,0.887976,0.061677527,0.0037363193,0.021067748
24,2,Phoebe,I want to keep one.,neutral,"Yeah!
I want to keep one.","Yeah!
I want to keep one.",neutral,4,4,neutral,True,0.001751976,0.0012094198,0.0011323345,0.004983804,0.988667,0.0016663632,0.00058910466
24,3,Rachel,"Ohh, I'm gonna be on the news!",joy,"I want to keep one.
Ohh, I'm gonna be on the news!","I want to keep one.
Ohh, I'm gonna be on the news!",joy,3,3,joy,True,0.025761679,0.0026986743,0.0070872363,0.898729,0.04972968,0.006914169,0.009079555
25,1,Rachel,"Oh, I am, my side still hurts from when you crashed into me yesterday.",neutral,"What? Honey.
Oh, I am, my side still hurts from when you crashed into me yesterday.","What? Honey.
Oh, I am, my side still hurts from when you crashed into me yesterday.",neutral,4,5,sadness,False,0.036048893,0.018578097,0.08060666,0.06382813,0.032027688,0.7518664,0.017044099
25,2,Monica,"Oh God, I’m so sorry.",sadness,"Oh, I am, my side still hurts from when you crashed into me yesterday.
Oh God, I’m so sorry.","Oh, I am, my side still hurts from when you crashed into me yesterday.
Oh God, I’m so sorry.",sadness,5,5,sadness,True,0.0179371,0.0064960443,0.0434495,0.06873333,0.025723908,0.8158829,0.021777214
25,3,Rachel,I know.,neutral,"Oh God, I’m so sorry.
I know.","Oh God, I’m so sorry.
I know.",neutral,4,4,neutral,True,0.0024794128,0.00096672954,0.004418255,0.0055520805,0.9803987,0.004794208,0.0013905712
25,4,Rachel,Ow!!,anger,"I know.
Ow!!","I know.
Ow!!",anger,0,6,surprise,False,0.013251195,0.01010529,0.014475327,0.009065091,0.00560548,0.014893767,0.9326039
25,5,Monica,Oh God!,surprise,"Ow!!
Oh God!","Ow!!
Oh God!",surprise,6,6,surprise,True,0.013454378,0.014521654,0.023409318,0.016832838,0.00777456,0.025390644,0.89861655
25,6,Ross,"Hey, you guys! Guess what?",joy,"Oh God!
Hey, you guys! Guess what?","Oh God!
Hey, you guys! Guess what?",joy,3,4,neutral,False,0.005462856,0.00085863523,0.0028527637,0.01770992,0.9501322,0.003208036,0.019775528
25,7,Rachel,Got a job on a river boat?,neutral,"Hey, you guys! Guess what?
Got a job on a river boat?","Hey, you guys! Guess what?
Got a job on a river boat?",neutral,4,4,neutral,True,0.008767524,0.00093635335,0.0033391644,0.023351744,0.93432814,0.0068009896,0.022476066
25,8,Ross,"Y'know what I didn’t wear this suit for a year because you hated it. Well, guess what? You’re not my girlfriend anymore so...",anger,"Got a job on a river boat?
Y'know what I didn’t wear this suit for a year because you hated it. Well, guess what? You’re not my girlfriend anymore so...","Got a job on a river boat?
Y'know what I didn’t wear this suit for a year because you hated it. Well, guess what? You’re not my girlfriend anymore so...",anger,0,0,anger,True,0.68767893,0.04773752,0.023704046,0.026505994,0.08724695,0.111569785,0.015556814
25,9,Rachel,"Oh I see, so this suit is making a point.",neutral,"Y'know what I didn’t wear this suit for a year because you hated it. Well, guess what? You’re not my girlfriend anymore so...
Oh I see, so this suit is making a point.","Y'know what I didn’t wear this suit for a year because you hated it. Well, guess what? You’re not my girlfriend anymore so...
Oh I see, so this suit is making a point.",neutral,4,4,neutral,True,0.21574092,0.027097631,0.029746661,0.06254001,0.5201206,0.12899853,0.015755638
25,10,Rachel,"Now that you’re on you’re own, you’re free to look as stupid as you like.",anger,"Oh I see, so this suit is making a point.
Now that you’re on you’re own, you’re free to look as stupid as you like.","Oh I see, so this suit is making a point.
Now that you’re on you’re own, you’re free to look as stupid as you like.",anger,0,4,neutral,False,0.030965045,0.013762579,0.007543526,0.013026453,0.92620885,0.0068458808,0.001647667
25,11,Ross,You like it right?,neutral,"Now that you’re on you’re own, you’re free to look as stupid as you like.
You like it right?","Now that you’re on you’re own, you’re free to look as stupid as you like.
You like it right?",neutral,4,4,neutral,True,0.121761136,0.013933723,0.02925494,0.23993012,0.51700515,0.0446364,0.03347854
25,12,Monica,Oh absolutely. I like it even more on you than I did on Colonel Sanders.  Ross! Ross! I’m kidding!,neutral,"You like it right?
Oh absolutely. I like it even more on you than I did on Colonel Sanders.  Ross! Ross! I’m kidding!","You like it right?
Oh absolutely. I like it even more on you than I did on Colonel Sanders.  Ross! Ross! I’m kidding!",neutral,4,0,anger,False,0.44488177,0.020551471,0.029049428,0.22347064,0.049374744,0.028557358,0.2041146
25,13,Rachel,"Yeah, come here!",neutral,"Oh absolutely. I like it even more on you than I did on Colonel Sanders.  Ross! Ross! I’m kidding!
Yeah, come here!","Oh absolutely. I like it even more on you than I did on Colonel Sanders.  Ross! Ross! I’m kidding!
Yeah, come here!",neutral,4,0,anger,False,0.3367429,0.023754632,0.044536028,0.26408684,0.061735272,0.03738819,0.23175624
25,14,Monica,What-what was it you were gonna tell us?,neutral,"Yeah, come here!
What-what was it you were gonna tell us?","Yeah, come here!
What-what was it you were gonna tell us?",neutral,4,4,neutral,True,0.050149757,0.005561373,0.10145346,0.056925237,0.6726484,0.03972213,0.07353973
25,15,Rachel,Yeah. Oh! Was how you invented the cotton gin?!,neutral,"What-what was it you were gonna tell us?
Yeah. Oh! Was how you invented the cotton gin?!","What-what was it you were gonna tell us?
Yeah. Oh! Was how you invented the cotton gin?!",neutral,4,6,surprise,False,0.037143648,0.0040207654,0.0040347707,0.09072946,0.019771738,0.009079775,0.8352198
25,16,Ross,"Okay, good bye!",anger,"Yeah. Oh! Was how you invented the cotton gin?!
Okay, good bye!","Yeah. Oh! Was how you invented the cotton gin?!
Okay, good bye!",anger,0,3,joy,False,0.017359681,0.0015815834,0.0028876318,0.8682022,0.101925366,0.004292694,0.0037508372
27,1,Phoebe,Hi.,neutral,"Hi!
Hi.","Hi!
Hi.",neutral,4,4,neutral,True,0.0013412826,0.00036376968,0.0010036817,0.0021087828,0.989901,0.0014069013,0.0038746265
28,1,Phoebe,Oh down please.  I-I hate to be a ball buster can I just do it?,joy,"Oh uh, up or down?
Oh down please.  I-I hate to be a ball buster can I just do it?","Oh uh, up or down?
Oh down please.  I-I hate to be a ball buster can I just do it?",joy,3,4,neutral,False,0.091782086,0.061320256,0.15009013,0.118413,0.3281794,0.2171463,0.033068866
28,2,Man,Could you press up too please?,neutral,"Oh down please.  I-I hate to be a ball buster can I just do it?
Could you press up too please?","Oh down please.  I-I hate to be a ball buster can I just do it?
Could you press up too please?",neutral,4,4,neutral,True,0.014643194,0.0024697431,0.013957771,0.032289233,0.9196246,0.012810045,0.004205414
28,3,Phoebe,Sure! I feel so bad for you. I broke my leg once too.,sadness,"Could you press up too please?
Sure! I feel so bad for you. I broke my leg once too.","Could you press up too please?
Sure! I feel so bad for you. I broke my leg once too.",sadness,5,5,sadness,True,0.06339129,0.038901147,0.08599795,0.048004348,0.016253354,0.7381444,0.009307564
28,4,Man,Oh yeah? How’d yours happen?,neutral,"Sure! I feel so bad for you. I broke my leg once too.
Oh yeah? How’d yours happen?","Sure! I feel so bad for you. I broke my leg once too.
Oh yeah? How’d yours happen?",neutral,4,4,neutral,True,0.11949142,0.013264989,0.11414587,0.17688915,0.39790434,0.08001068,0.09829359
28,5,Phoebe,"Well, it’s a long story.",neutral,"Oh yeah? How’d yours happen?
Well, it’s a long story.","Oh yeah? How’d yours happen?
Well, it’s a long story.",neutral,4,4,neutral,True,0.0063294605,0.0012076958,0.003919433,0.012849162,0.96373415,0.009487045,0.0024730398
28,6,Phoebe,It’s kind of embarrassing.,neutral,"Well, it’s a long story.
It’s kind of embarrassing.","Well, it’s a long story.
It’s kind of embarrassing.",neutral,4,4,neutral,True,0.040170204,0.14705606,0.014431669,0.32926735,0.39676708,0.062170498,0.01013716
28,7,Phoebe,Let’s just say there was a typographical error with a sex manual.,joy,"It’s kind of embarrassing.
Let’s just say there was a typographical error with a sex manual.","It’s kind of embarrassing.
Let’s just say there was a typographical error with a sex manual.",joy,3,4,neutral,False,0.003290162,0.0020301854,0.0013895403,0.0041530486,0.98106164,0.004506976,0.0035684186
28,8,Phoebe,How about you?,neutral,"Let’s just say there was a typographical error with a sex manual.
How about you?","Let’s just say there was a typographical error with a sex manual.
How about you?",neutral,4,4,neutral,True,0.0031688854,0.00078239903,0.0030165347,0.0026728597,0.94597507,0.0025661986,0.041818038
28,9,Man,Car accident.,sadness,"How about you?
Car accident.","How about you?
Car accident.",sadness,5,5,sadness,True,0.06799107,0.027754584,0.121933684,0.03604012,0.16438636,0.5380284,0.043865774
28,10,Man,"Oh, let me guess some idiot on a cell phone wasn’t paying attention?",neutral,"Car accident.
Oh, let me guess some idiot on a cell phone wasn’t paying attention?","Car accident.
Oh, let me guess some idiot on a cell phone wasn’t paying attention?",neutral,4,4,neutral,True,0.08411509,0.01257325,0.012574587,0.09794921,0.5870843,0.045253813,0.16044974
28,11,Man,"Yeah. Me.  Oh hey, that’s me.  Hey uh, I take it you’re just visiting someone.",neutral,"Oh, let me guess some idiot on a cell phone wasn’t paying attention?
Yeah. Me.  Oh hey, that’s me.  Hey uh, I take it you’re just visiting someone.","Oh, let me guess some idiot on a cell phone wasn’t paying attention?
Yeah. Me.  Oh hey, that’s me.  Hey uh, I take it you’re just visiting someone.",neutral,4,4,neutral,True,0.0028270993,0.0017498935,0.006091243,0.0064772405,0.9759937,0.0053032488,0.0015575634
28,12,Phoebe,"Uh-huh, yeah.",neutral,"Yeah. Me.  Oh hey, that’s me.  Hey uh, I take it you’re just visiting someone.
Uh-huh, yeah.","Yeah. Me.  Oh hey, that’s me.  Hey uh, I take it you’re just visiting someone.
Uh-huh, yeah.",neutral,4,4,neutral,True,0.0053423345,0.0035924662,0.04707069,0.013911668,0.9014568,0.021471363,0.0071546175
28,13,Man,"Well umm, if you have sometime y’know and maybe you might want to visit someone else",neutral,"Uh-huh, yeah.
Well umm, if you have sometime y’know and maybe you might want to visit someone else","Uh-huh, yeah.
Well umm, if you have sometime y’know and maybe you might want to visit someone else",neutral,4,4,neutral,True,0.0016616372,0.00097252487,0.0037525077,0.0038339472,0.9859595,0.0027439485,0.0010760993
28,14,Phoebe,Oh yeah! I-I would like that.,joy,"Well umm, if you have sometime y’know and maybe you might want to visit someone else
Oh yeah! I-I would like that.","Well umm, if you have sometime y’know and maybe you might want to visit someone else
Oh yeah! I-I would like that.",joy,3,4,neutral,False,0.007079552,0.0029755288,0.0076122265,0.41720355,0.55385494,0.008611444,0.0026627877
28,15,Phoebe,Wait! What?! No!! Elevator!! No!,anger,"Oh yeah! I-I would like that.
Wait! What?! No!! Elevator!! No!","Oh yeah! I-I would like that.
Wait! What?! No!! Elevator!! No!",anger,0,6,surprise,False,0.040780704,0.007562597,0.021967543,0.014824296,0.013990038,0.017536825,0.88333803
28,16,Joey,"Uh, you gotta press the button.",neutral,"Wait! What?! No!! Elevator!! No!
Uh, you gotta press the button.","Wait! What?! No!! Elevator!! No!
Uh, you gotta press the button.",neutral,4,4,neutral,True,0.04351598,0.006162591,0.07511997,0.0818895,0.76350087,0.020721996,0.009089124
29,1,Chandler,"Oh, I didn't factor in the room tax.",surprise,"Oh we did, and you still have all your lamps.
Oh, I didn't factor in the room tax.","Oh we did, and you still have all your lamps.
Oh, I didn't factor in the room tax.",surprise,6,4,neutral,False,0.009384457,0.0014677626,0.0018513384,0.022640951,0.95462924,0.0061472915,0.003879018
29,2,Ross,"Oh dude, don't worry about it, I found an unattended maid's car.    We're way ahead of the game.",neutral,"Oh, I didn't factor in the room tax.
Oh dude, don't worry about it, I found an unattended maid's car.    We're way ahead of the game.","Oh, I didn't factor in the room tax.
Oh dude, don't worry about it, I found an unattended maid's car.    We're way ahead of the game.",neutral,4,4,neutral,True,0.008366284,0.0024081115,0.0018527529,0.023985779,0.9597799,0.002547799,0.0010594558
29,3,Ross,Oh my god.,surprise,"Oh dude, don't worry about it, I found an unattended maid's car.    We're way ahead of the game.
Oh my god.","Oh dude, don't worry about it, I found an unattended maid's car.    We're way ahead of the game.
Oh my god.",surprise,6,6,surprise,True,0.0076288627,0.0062522255,0.008373698,0.008813764,0.0044893324,0.011503733,0.9529384
29,4,Chandler,What?,surprise,"Oh my god.
What?","Oh my god.
What?",surprise,6,6,surprise,True,0.006122517,0.001787614,0.0114345625,0.006002522,0.10980333,0.009060786,0.85578865
29,5,Ross,There's something new in the bowl.,surprise,"What?
There's something new in the bowl.","What?
There's something new in the bowl.",surprise,6,4,neutral,False,0.0053542955,0.002376512,0.0032043725,0.015983853,0.88501644,0.0069458415,0.081118636
29,6,Chandler,"Look, we have enough, just walk away.",fear,"There's something new in the bowl.
Look, we have enough, just walk away.","There's something new in the bowl.
Look, we have enough, just walk away.",fear,2,4,neutral,False,0.07229296,0.022901934,0.030275954,0.096331246,0.73375493,0.04235012,0.0020928562
29,7,Ross,"No, but I want...I want the pinecones!",joy,"Look, we have enough, just walk away.
No, but I want...I want the pinecones!","Look, we have enough, just walk away.
No, but I want...I want the pinecones!",joy,3,3,joy,True,0.041869517,0.0025536648,0.005313911,0.8765977,0.06341734,0.0056822654,0.0045656064
29,8,Chandler,There's a forest right outside.,neutral,"No, but I want...I want the pinecones!
There's a forest right outside.","No, but I want...I want the pinecones!
There's a forest right outside.",neutral,4,3,joy,False,0.055567138,0.0072247274,0.007814088,0.6208437,0.2885538,0.0113664,0.00863018
29,9,Ross,It's not the same.,neutral,"There's a forest right outside.
It's not the same.","There's a forest right outside.
It's not the same.",neutral,4,4,neutral,True,0.0062317904,0.0018299567,0.004619759,0.0064346814,0.9440103,0.0067936336,0.030079747
29,10,Chandler,"Ok, go quick!",fear,"It's not the same.
Ok, go quick!","It's not the same.
Ok, go quick!",fear,2,0,anger,False,0.59702814,0.00859538,0.05622405,0.1539378,0.12380374,0.023773698,0.036637194
29,11,Ross,Thank you for a delightful stay.,joy,"Ok, go quick!
Thank you for a delightful stay.","Ok, go quick!
Thank you for a delightful stay.",joy,3,3,joy,True,0.01067645,0.0031444624,0.0022181799,0.7176246,0.2500473,0.013063133,0.0032258832
29,12,Ross,"Oh, my maple candy!",joy,"Thank you for a delightful stay.
Oh, my maple candy!","Thank you for a delightful stay.
Oh, my maple candy!",joy,3,3,joy,True,0.045135345,0.012429469,0.005024451,0.80973184,0.036983684,0.015566551,0.07512875
30,1,Janice,"Oh. God, crazy Chandler. He spun me...off...the...bed!",joy,"Oh my God, what happened?
Oh. God, crazy Chandler. He spun me...off...the...bed!","Oh my God, what happened?
Oh. God, crazy Chandler. He spun me...off...the...bed!",joy,3,6,surprise,False,0.2858279,0.029675612,0.033995256,0.09668453,0.03630199,0.0614069,0.45610785
30,2,Rachel,Wow! Spinning that sounds like fun.,joy,"Oh. God, crazy Chandler. He spun me...off...the...bed!
Wow! Spinning that sounds like fun.","Oh. God, crazy Chandler. He spun me...off...the...bed!
Wow! Spinning that sounds like fun.",joy,3,6,surprise,False,0.008892544,0.005225354,0.0038555644,0.038561415,0.0081556,0.004669907,0.9306396
30,3,Janice,"Oh,  I wish. No, you know he was just trying Ross's Hug and Roll thing.",joy,"Wow! Spinning that sounds like fun.
Oh,  I wish. No, you know he was just trying Ross's Hug and Roll thing.","Wow! Spinning that sounds like fun.
Oh,  I wish. No, you know he was just trying Ross's Hug and Roll thing.",joy,3,4,neutral,False,0.0052016913,0.0019549727,0.0025335746,0.02356177,0.9619337,0.0038616392,0.0009526858
30,4,Rachel,Ross's what?,surprise,"Oh,  I wish. No, you know he was just trying Ross's Hug and Roll thing.
Ross's what?","Oh,  I wish. No, you know he was just trying Ross's Hug and Roll thing.
Ross's what?",surprise,6,6,surprise,True,0.005483899,0.0009668139,0.004515143,0.0037530472,0.07269865,0.0048402296,0.90774226
30,5,Janice,"You know what, where he hugs you and kinda rolls you away and... Oh... my....God.",disgust,"Ross's what?
You know what, where he hugs you and kinda rolls you away and... Oh... my....God.","Ross's what?
You know what, where he hugs you and kinda rolls you away and... Oh... my....God.",disgust,1,6,surprise,False,0.030680219,0.030229732,0.10367283,0.10035212,0.020852182,0.30829385,0.40591902
32,1,Phoebe Sr,"Take it easy--if you want, there’s cookies on the counter, or, or--sangria!  I can make sangria!",joy,"Yes!! Yes! Yes! Yes!! That’s my Dad, that’s Frank! Yeah! I’m sorry I’m getting all flingy.
Take it easy--if you want, there’s cookies on the counter, or, or--sangria!  I can make sangria!","Yes!! Yes! Yes! Yes!! That’s my Dad, that’s Frank! Yeah! I’m sorry I’m getting all flingy.
Take it easy--if you want, there’s cookies on the counter, or, or--sangria!  I can make sangria!",joy,3,3,joy,True,0.017122045,0.002438495,0.003484203,0.8021332,0.16717112,0.0053711366,0.002279798
32,2,Phoebe,"No-no, sorry. Cookies are good, thanks.",neutral,"Take it easy--if you want, there’s cookies on the counter, or, or--sangria!  I can make sangria!
No-no, sorry. Cookies are good, thanks.","Take it easy--if you want, there’s cookies on the counter, or, or--sangria!  I can make sangria!
No-no, sorry. Cookies are good, thanks.",neutral,4,4,neutral,True,0.017915362,0.0071548475,0.012802508,0.34329128,0.4749291,0.14124869,0.0026581592
32,3,Phoebe Sr,Oh.,neutral,"No-no, sorry. Cookies are good, thanks.
Oh.","No-no, sorry. Cookies are good, thanks.
Oh.",neutral,4,4,neutral,True,0.005538741,0.0022015406,0.0041995808,0.228337,0.73294854,0.024217773,0.0025567673
32,4,Phoebe,"Well, so, umm, anyway umm, I’ve been, I’ve been looking for my Father, and umm, have you heard from him, or seen him?",neutral,"Oh.
Well, so, umm, anyway umm, I’ve been, I’ve been looking for my Father, and umm, have you heard from him, or seen him?","Oh.
Well, so, umm, anyway umm, I’ve been, I’ve been looking for my Father, and umm, have you heard from him, or seen him?",neutral,4,4,neutral,True,0.031299073,0.0028960777,0.03127687,0.010377982,0.8798889,0.018352339,0.025908843
32,5,Phoebe Sr,"Oh no, I-I’m sorry, I guess we lost track of everybody after high school.",sadness,"Well, so, umm, anyway umm, I’ve been, I’ve been looking for my Father, and umm, have you heard from him, or seen him?
Oh no, I-I’m sorry, I guess we lost track of everybody after high school.","Well, so, umm, anyway umm, I’ve been, I’ve been looking for my Father, and umm, have you heard from him, or seen him?
Oh no, I-I’m sorry, I guess we lost track of everybody after high school.",sadness,5,5,sadness,True,0.032889057,0.00784357,0.17375736,0.119083606,0.18286468,0.4488241,0.03473764
32,6,Phoebe,"Oh, okay. Well, so tell me everything about my parents. Everything.",neutral,"Oh no, I-I’m sorry, I guess we lost track of everybody after high school.
Oh, okay. Well, so tell me everything about my parents. Everything.","Oh no, I-I’m sorry, I guess we lost track of everybody after high school.
Oh, okay. Well, so tell me everything about my parents. Everything.",neutral,4,4,neutral,True,0.055488557,0.0052173696,0.023853237,0.08470093,0.8112719,0.017484955,0.0019830286
32,7,Phoebe Sr,"Ohh, well. Y'know we were always together, in fact the had a nickname for the three of us.",neutral,"Oh, okay. Well, so tell me everything about my parents. Everything.
Ohh, well. Y'know we were always together, in fact the had a nickname for the three of us.","Oh, okay. Well, so tell me everything about my parents. Everything.
Ohh, well. Y'know we were always together, in fact the had a nickname for the three of us.",neutral,4,4,neutral,True,0.002639328,0.0013960607,0.0011173849,0.0062701465,0.9833987,0.0029939536,0.0021844176
32,8,Phoebe,"Oh, what? What was it?",surprise,"Ohh, well. Y'know we were always together, in fact the had a nickname for the three of us.
Oh, what? What was it?","Ohh, well. Y'know we were always together, in fact the had a nickname for the three of us.
Oh, what? What was it?",surprise,6,6,surprise,True,0.004263375,0.0012146087,0.006364726,0.006982062,0.20943734,0.0054580923,0.76627976
32,9,Phoebe Sr,The three losers.,sadness,"Oh, what? What was it?
The three losers.","Oh, what? What was it?
The three losers.",sadness,5,4,neutral,False,0.03975745,0.0055082985,0.0031787234,0.021960052,0.89166856,0.021462586,0.016464336
32,10,Phoebe Sr,"Oh, poor Lily.",sadness,"The three losers.
Oh, poor Lily.","The three losers.
Oh, poor Lily.",sadness,5,5,sadness,True,0.02253082,0.035407398,0.029291604,0.058806147,0.035266694,0.8047092,0.013988098
32,11,Phoebe Sr,"Ohh, y'know I-I heard about what happened, that must have been just terrible for you, losing your mother that way.",sadness,"Oh, poor Lily.
Ohh, y'know I-I heard about what happened, that must have been just terrible for you, losing your mother that way.","Oh, poor Lily.
Ohh, y'know I-I heard about what happened, that must have been just terrible for you, losing your mother that way.",sadness,5,5,sadness,True,0.04002593,0.024774792,0.09762186,0.027044784,0.038659215,0.7623529,0.009520555
32,12,Phoebe,"Yeah, no, it was great.",joy,"Ohh, y'know I-I heard about what happened, that must have been just terrible for you, losing your mother that way.
Yeah, no, it was great.","Ohh, y'know I-I heard about what happened, that must have been just terrible for you, losing your mother that way.
Yeah, no, it was great.",joy,3,3,joy,True,0.012213496,0.009507691,0.0042401263,0.67985445,0.27133423,0.02055845,0.002291527
33,1,Phoebe,Go back in time and listen to Phoebe!,anger,"Well, alright, we already tried feeding her, changing her,  burping her, oh try this one!
Go back in time and listen to Phoebe!","Well, alright, we already tried feeding her, changing her,  burping her, oh try this one!
Go back in time and listen to Phoebe!",anger,0,3,joy,False,0.2688725,0.008530526,0.019408202,0.5544499,0.1268672,0.011736057,0.010135609
33,2,Monica,"Alright here’s something, it says to try holding the baby  close to your body and then swing her rapidly from side to side.",neutral,"Go back in time and listen to Phoebe!
Alright here’s something, it says to try holding the baby  close to your body and then swing her rapidly from side to side.","Go back in time and listen to Phoebe!
Alright here’s something, it says to try holding the baby  close to your body and then swing her rapidly from side to side.",neutral,4,4,neutral,True,0.004416871,0.0027051903,0.004703396,0.012035395,0.97297275,0.0024150622,0.0007512888
33,3,Rachel,Ok.,neutral,"Alright here’s something, it says to try holding the baby  close to your body and then swing her rapidly from side to side.
Ok.","Alright here’s something, it says to try holding the baby  close to your body and then swing her rapidly from side to side.
Ok.",neutral,4,4,neutral,True,0.0026130246,0.0011531014,0.0030042531,0.005957417,0.9851282,0.0014755095,0.00066849706
33,4,Monica,It worked!,surprise,"Ok.
It worked!","Ok.
It worked!",surprise,6,6,surprise,True,0.10900941,0.0075708306,0.009314368,0.36181077,0.05753684,0.021811733,0.43294606
33,5,Rachel,Oh  oh no just stopped to throw up a little bit.,sadness,"It worked!
Oh  oh no just stopped to throw up a little bit.","It worked!
Oh  oh no just stopped to throw up a little bit.",sadness,5,4,neutral,False,0.06365329,0.03190787,0.039156396,0.11836832,0.652796,0.08050322,0.013614943
33,6,Rachel,"Oh come on, what am I gonna do, its been hours and it  won’t stop crying.",sadness,"Oh  oh no just stopped to throw up a little bit.
Oh come on, what am I gonna do, its been hours and it  won’t stop crying.","Oh  oh no just stopped to throw up a little bit.
Oh come on, what am I gonna do, its been hours and it  won’t stop crying.",sadness,5,4,neutral,False,0.12697402,0.009048156,0.084362164,0.2983814,0.4211203,0.055970673,0.0041432693
33,7,Monica,"Umm, she Rach, not it, she.",neutral,"Oh come on, what am I gonna do, its been hours and it  won’t stop crying.
Umm, she Rach, not it, she.","Oh come on, what am I gonna do, its been hours and it  won’t stop crying.
Umm, she Rach, not it, she.",neutral,4,4,neutral,True,0.24839236,0.028094191,0.16719553,0.06982713,0.2795084,0.20249286,0.004489469
33,8,Rachel,"Yeah, I’m not so sure.",neutral,"Umm, she Rach, not it, she.
Yeah, I’m not so sure.","Umm, she Rach, not it, she.
Yeah, I’m not so sure.",neutral,4,4,neutral,True,0.004411885,0.0020295095,0.011724646,0.011175495,0.9557809,0.008502107,0.006375428
33,9,Monica,"Oh my god, I am losing my mind.",anger,"Yeah, I’m not so sure.
Oh my god, I am losing my mind.","Yeah, I’m not so sure.
Oh my god, I am losing my mind.",anger,0,5,sadness,False,0.10208651,0.026601778,0.23725593,0.036276553,0.031072473,0.5551178,0.011588986
33,10,Phoebe,"Yeah, no kidding, this just proves no good can come from  having sex with Ross!",anger,"Oh my god, I am losing my mind.
Yeah, no kidding, this just proves no good can come from  having sex with Ross!","Oh my god, I am losing my mind.
Yeah, no kidding, this just proves no good can come from  having sex with Ross!",anger,0,3,joy,False,0.08031737,0.028216023,0.0069786273,0.6046103,0.23178412,0.03478558,0.01330791
34,1,Rachel,"Oh, it’s so easy for you I mean, you’re not married, you get to have sex with who ever you want!",disgust,"Well, you’re not.
Oh, it’s so easy for you I mean, you’re not married, you get to have sex with who ever you want!","Well, you’re not.
Oh, it’s so easy for you I mean, you’re not married, you get to have sex with who ever you want!",disgust,1,0,anger,False,0.47027835,0.014098202,0.024331938,0.30972144,0.09803985,0.048704535,0.034825683
34,2,Monica,"Yeah I can!  And don’t think I don’t, because I do! I mean all the time, you betcha!",joy,"Oh, it’s so easy for you I mean, you’re not married, you get to have sex with who ever you want!
Yeah I can!  And don’t think I don’t, because I do! I mean all the time, you betcha!","Oh, it’s so easy for you I mean, you’re not married, you get to have sex with who ever you want!
Yeah I can!  And don’t think I don’t, because I do! I mean all the time, you betcha!",joy,3,3,joy,True,0.04073967,0.0021805135,0.0075906324,0.84541166,0.085999705,0.013272468,0.00480545
34,3,Rachel,"Monica. You’ve, you’ve done it right?",surprise,"Yeah I can!  And don’t think I don’t, because I do! I mean all the time, you betcha!
Monica. You’ve, you’ve done it right?","Yeah I can!  And don’t think I don’t, because I do! I mean all the time, you betcha!
Monica. You’ve, you’ve done it right?",surprise,6,4,neutral,False,0.1112083,0.005360913,0.021617627,0.3454833,0.45232037,0.038260564,0.025748927
34,4,Monica,"Of course I have! What do you think, I’m some 30 year old virgin?",anger,"Monica. You’ve, you’ve done it right?
Of course I have! What do you think, I’m some 30 year old virgin?","Monica. You’ve, you’ve done it right?
Of course I have! What do you think, I’m some 30 year old virgin?",anger,0,3,joy,False,0.06433244,0.0032123332,0.008499872,0.67540616,0.21419634,0.011040128,0.023312727
34,5,Rachel,Oh my God! You’re a 30 year old virgin!,surprise,"Of course I have! What do you think, I’m some 30 year old virgin?
Oh my God! You’re a 30 year old virgin!","Of course I have! What do you think, I’m some 30 year old virgin?
Oh my God! You’re a 30 year old virgin!",surprise,6,6,surprise,True,0.0040262076,0.00236367,0.00393781,0.0046850434,0.0044989176,0.00522939,0.97525895
34,6,Monica,"Say it louder, I don’t think the guy all the way in the back heard you!",disgust,"Oh my God! You’re a 30 year old virgin!
Say it louder, I don’t think the guy all the way in the back heard you!","Oh my God! You’re a 30 year old virgin!
Say it louder, I don’t think the guy all the way in the back heard you!",disgust,1,0,anger,False,0.39598912,0.06052708,0.04326001,0.25805,0.16986515,0.038250532,0.03405814
34,7,Monica,"It’s not like, I haven’t any opportunities.",anger,"Say it louder, I don’t think the guy all the way in the back heard you!
It’s not like, I haven’t any opportunities.","Say it louder, I don’t think the guy all the way in the back heard you!
It’s not like, I haven’t any opportunities.",anger,0,4,neutral,False,0.06188761,0.009550629,0.02276052,0.03957238,0.781179,0.08218884,0.0028610374
34,8,Monica,"I mean, y’know, I’m just waiting for the perfect guy.",neutral,"It’s not like, I haven’t any opportunities.
I mean, y’know, I’m just waiting for the perfect guy.","It’s not like, I haven’t any opportunities.
I mean, y’know, I’m just waiting for the perfect guy.",neutral,4,4,neutral,True,0.0203403,0.008188628,0.010822268,0.034568395,0.90922433,0.015924925,0.0009312249
34,9,Monica,"I’m seeing this guy Roger, all right?",neutral,"I mean, y’know, I’m just waiting for the perfect guy.
I’m seeing this guy Roger, all right?","I mean, y’know, I’m just waiting for the perfect guy.
I’m seeing this guy Roger, all right?",neutral,4,4,neutral,True,0.15648943,0.024797702,0.06069974,0.22422275,0.42362034,0.08556176,0.024608258
34,10,Monica,"He’s not perfect, but umm, I think maybe I should just get it over with.",neutral,"I’m seeing this guy Roger, all right?
He’s not perfect, but umm, I think maybe I should just get it over with.","I’m seeing this guy Roger, all right?
He’s not perfect, but umm, I think maybe I should just get it over with.",neutral,4,4,neutral,True,0.0066770203,0.0067771315,0.02474094,0.024637828,0.9162221,0.018803533,0.0021415188
34,11,Monica,"Y’know, give him my flower.",neutral,"He’s not perfect, but umm, I think maybe I should just get it over with.
Y’know, give him my flower.","He’s not perfect, but umm, I think maybe I should just get it over with.
Y’know, give him my flower.",neutral,4,4,neutral,True,0.029692918,0.0085814465,0.008021755,0.38090193,0.539683,0.030940946,0.002178097
34,12,Rachel,"Oh my God!! Do it!! Honey, you’ve waited",surprise,"Y’know, give him my flower.
Oh my God!! Do it!! Honey, you’ve waited","Y’know, give him my flower.
Oh my God!! Do it!! Honey, you’ve waited",surprise,6,4,neutral,False,0.03707349,0.0019875367,0.008452925,0.15696427,0.72116464,0.01217972,0.06217738
34,13,Monica,Y’know what? You are right?!,surprise,"Oh my God!! Do it!! Honey, you’ve waited
Y’know what? You are right?!","Oh my God!! Do it!! Honey, you’ve waited
Y’know what? You are right?!",surprise,6,6,surprise,True,0.105555914,0.006848521,0.047339067,0.1488623,0.13608252,0.0462153,0.50909644
34,14,Rachel,I mean sex does not have to be a big deal!,anger,"Y’know what? You are right?!
I mean sex does not have to be a big deal!","Y’know what? You are right?!
I mean sex does not have to be a big deal!",anger,0,3,joy,False,0.057740934,0.0024005293,0.0060016066,0.7882895,0.1350038,0.005836784,0.004726851
34,15,Rachel,There shouldn’t be all this rules and restrictions!,anger,"I mean sex does not have to be a big deal!
There shouldn’t be all this rules and restrictions!","I mean sex does not have to be a big deal!
There shouldn’t be all this rules and restrictions!",anger,0,0,anger,True,0.7960517,0.011853445,0.078312725,0.03581803,0.043357853,0.028320244,0.006286009
34,16,Rachel,"Y’know, people should be able to sleep with who ever they want, whenever",neutral,"There shouldn’t be all this rules and restrictions!
Y’know, people should be able to sleep with who ever they want, whenever","There shouldn’t be all this rules and restrictions!
Y’know, people should be able to sleep with who ever they want, whenever",neutral,4,4,neutral,True,0.019118909,0.0037027423,0.008676916,0.0105321435,0.95208263,0.004988678,0.00089791097
34,17,Monica,Rachel! I’m never gonna think it’s okay for you to cheat on your husband!,anger,"Y’know, people should be able to sleep with who ever they want, whenever
Rachel! I’m never gonna think it’s okay for you to cheat on your husband!","Y’know, people should be able to sleep with who ever they want, whenever
Rachel! I’m never gonna think it’s okay for you to cheat on your husband!",anger,0,0,anger,True,0.7021712,0.054497,0.05600648,0.030697903,0.015810948,0.13188934,0.008927055
34,18,Rachel,Oh what do you know? Virgin!,anger,"Rachel! I’m never gonna think it’s okay for you to cheat on your husband!
Oh what do you know? Virgin!","Rachel! I’m never gonna think it’s okay for you to cheat on your husband!
Oh what do you know? Virgin!",anger,0,6,surprise,False,0.094244964,0.02969603,0.026483325,0.057381388,0.028512444,0.028920375,0.7347615
35,1,Ross,We're here!,joy,"Push, push!
We're here!","Push, push!
We're here!",joy,3,0,anger,False,0.3989345,0.008838529,0.031980667,0.39277014,0.08435047,0.022205627,0.06092011
35,2,Carol,Where have you been?,neutral,"We're here!
Where have you been?","We're here!
Where have you been?",neutral,4,4,neutral,True,0.0132906,0.0008245449,0.0041936035,0.00475758,0.9049583,0.005029711,0.0669456
35,3,Ross,"Long story, honey.",neutral,"Where have you been?
Long story, honey.","Where have you been?
Long story, honey.",neutral,4,4,neutral,True,0.0012505649,0.0006179588,0.0011490585,0.0026256484,0.99030393,0.0019183147,0.0021345722
35,4,Dr. Franzblau,"All right, Carol, I need you to keep pushing. I need— Excuse me, could I have this?",neutral,"Long story, honey.
All right, Carol, I need you to keep pushing. I need— Excuse me, could I have this?","Long story, honey.
All right, Carol, I need you to keep pushing. I need— Excuse me, could I have this?",neutral,4,6,surprise,False,0.16674824,0.010548601,0.20507357,0.026412511,0.13009383,0.16743995,0.2936833
36,1,Monica,Behind my brother's back?  ... is exactly the kind of crazy thing you won't be hearing from me.,anger,"C'mon up.
Behind my brother's back?  ... is exactly the kind of crazy thing you won't be hearing from me.","C'mon up.
Behind my brother's back?  ... is exactly the kind of crazy thing you won't be hearing from me.",anger,0,0,anger,True,0.73344034,0.0646218,0.012496006,0.057423145,0.09504813,0.024980979,0.01198955
37,1,Joey,"I, ah, I never said hate, I was very careful about that.",neutral,"So, I hear, you hate me!
I, ah, I never said hate, I was very careful about that.","So, I hear, you hate me!
I, ah, I never said hate, I was very careful about that.",neutral,4,4,neutral,True,0.06501657,0.009861018,0.037684128,0.019766742,0.8451775,0.01956669,0.002927407
37,2,Janice,A little birdie told me something about you wanting to rip your arm off and throw it at me.,anger,"I, ah, I never said hate, I was very careful about that.
A little birdie told me something about you wanting to rip your arm off and throw it at me.","I, ah, I never said hate, I was very careful about that.
A little birdie told me something about you wanting to rip your arm off and throw it at me.",anger,0,1,disgust,False,0.14581305,0.2767306,0.030298943,0.20118664,0.22383633,0.10349214,0.018642282
37,3,Joey,And you got a 'hate' from that?! Your taking a big leap there...,fear,"A little birdie told me something about you wanting to rip your arm off and throw it at me.
And you got a 'hate' from that?! Your taking a big leap there...","A little birdie told me something about you wanting to rip your arm off and throw it at me.
And you got a 'hate' from that?! Your taking a big leap there...",fear,2,0,anger,False,0.6484217,0.19331129,0.05281768,0.009741057,0.009444157,0.05663767,0.029626401
37,4,Janice,"All right, fine, fine, fine, fine, fine, we've got to do something about our little situation here Joey.",anger,"And you got a 'hate' from that?! Your taking a big leap there...
All right, fine, fine, fine, fine, fine, we've got to do something about our little situation here Joey.","And you got a 'hate' from that?! Your taking a big leap there...
All right, fine, fine, fine, fine, fine, we've got to do something about our little situation here Joey.",anger,0,4,neutral,False,0.066032,0.015074253,0.04238759,0.03177452,0.82536596,0.017621506,0.0017441739
37,5,Janice,"So, this is my idea: you and me spending some quality time together.",neutral,"All right, fine, fine, fine, fine, fine, we've got to do something about our little situation here Joey.
So, this is my idea: you and me spending some quality time together.","All right, fine, fine, fine, fine, fine, we've got to do something about our little situation here Joey.
So, this is my idea: you and me spending some quality time together.",neutral,4,4,neutral,True,0.044693824,0.0053462004,0.0061852685,0.07573877,0.85738856,0.009222614,0.0014248209
37,6,Joey,But what does that gonna do...,anger,"So, this is my idea: you and me spending some quality time together.
But what does that gonna do...","So, this is my idea: you and me spending some quality time together.
But what does that gonna do...",anger,0,4,neutral,False,0.083836265,0.01998636,0.07110841,0.17852953,0.4203364,0.21674538,0.009457632
37,7,Janice,For Chandler!,anger,"But what does that gonna do...
For Chandler!","But what does that gonna do...
For Chandler!",anger,0,0,anger,True,0.41214335,0.014109476,0.017534412,0.093800366,0.3291684,0.060562648,0.07268142
38,1,Joey,"Awww, one of my students got an audition. I’m so proud.",joy,"Guess what, I got an audition!
Awww, one of my students got an audition. I’m so proud.","Guess what, I got an audition!
Awww, one of my students got an audition. I’m so proud.",joy,3,3,joy,True,0.0059104934,0.0016611308,0.0013123518,0.9682524,0.011759505,0.0041107466,0.006993328
38,2,Student,I was wondering if you would consider coaching me for it?,neutral,"Awww, one of my students got an audition. I’m so proud.
I was wondering if you would consider coaching me for it?","Awww, one of my students got an audition. I’m so proud.
I was wondering if you would consider coaching me for it?",neutral,4,3,joy,False,0.04509848,0.0054116175,0.019391514,0.47571623,0.24840033,0.031925205,0.17405657
38,3,Joey,You bet! What’s the part?,joy,"I was wondering if you would consider coaching me for it?
You bet! What’s the part?","I was wondering if you would consider coaching me for it?
You bet! What’s the part?",joy,3,4,neutral,False,0.005189325,0.00079044874,0.0011320809,0.051441394,0.93324834,0.0022827045,0.0059157684
38,4,Student,"Oh it’s great, it’s a role on",joy,"You bet! What’s the part?
Oh it’s great, it’s a role on","You bet! What’s the part?
Oh it’s great, it’s a role on",joy,3,3,joy,True,0.0057653547,0.0022123533,0.0019054306,0.86101204,0.11854413,0.0046124705,0.005948202
39,1,Mr. Geller,I thought he was with you.,neutral,"Hi!  Hi!  Hi. Has umm, anyone seen Chandler?
I thought he was with you.","Hi!  Hi!  Hi. Has umm, anyone seen Chandler?
I thought he was with you.",neutral,4,4,neutral,True,0.005174758,0.0019000749,0.007143679,0.005268647,0.5829028,0.006292706,0.39131734
39,2,Ross,"He-he was with me umm, we’re playing a little game, y’know? Hide and seek.",neutral,"I thought he was with you.
He-he was with me umm, we’re playing a little game, y’know? Hide and seek.","I thought he was with you.
He-he was with me umm, we’re playing a little game, y’know? Hide and seek.",neutral,4,4,neutral,True,0.009796441,0.003178492,0.005492389,0.0048895883,0.9717058,0.0031948343,0.0017425629
39,3,Mr. Geller,"You can’t ask us son, that’s cheating.",neutral,"He-he was with me umm, we’re playing a little game, y’know? Hide and seek.
You can’t ask us son, that’s cheating.","He-he was with me umm, we’re playing a little game, y’know? Hide and seek.
You can’t ask us son, that’s cheating.",neutral,4,0,anger,False,0.6212245,0.16585027,0.047663767,0.013577119,0.019616777,0.109745435,0.02232208
39,4,Ross,"You’re right, thanks for keeping me honest dad.",neutral,"You can’t ask us son, that’s cheating.
You’re right, thanks for keeping me honest dad.","You can’t ask us son, that’s cheating.
You’re right, thanks for keeping me honest dad.",neutral,4,4,neutral,True,0.047094267,0.007990991,0.013315206,0.32784,0.5247294,0.07651391,0.0025163225
39,5,Mrs. Geller,"Well, he better not come by here. He can’t see the bride in the wedding dress.",neutral,"You’re right, thanks for keeping me honest dad.
Well, he better not come by here. He can’t see the bride in the wedding dress.","You’re right, thanks for keeping me honest dad.
Well, he better not come by here. He can’t see the bride in the wedding dress.",neutral,4,4,neutral,True,0.12548386,0.053932186,0.038525626,0.070756294,0.4588264,0.24658369,0.0058919727
39,6,Mrs. Bing,"As I recall when we got married, I saw the groom in the wedding dress.",joy,"Well, he better not come by here. He can’t see the bride in the wedding dress.
As I recall when we got married, I saw the groom in the wedding dress.","Well, he better not come by here. He can’t see the bride in the wedding dress.
As I recall when we got married, I saw the groom in the wedding dress.",joy,3,4,neutral,False,0.033334948,0.008072445,0.011494082,0.094111174,0.8000391,0.04623779,0.0067104227
39,7,Mr. Bing,"But that was after the wedding, it’s not bad luck then.",neutral,"As I recall when we got married, I saw the groom in the wedding dress.
But that was after the wedding, it’s not bad luck then.","As I recall when we got married, I saw the groom in the wedding dress.
But that was after the wedding, it’s not bad luck then.",neutral,4,3,joy,False,0.048457235,0.007928887,0.0066365385,0.5123045,0.29032958,0.13066837,0.0036748527
39,8,Mrs. Bing,"Honey, it isn’t good luck.",neutral,"But that was after the wedding, it’s not bad luck then.
Honey, it isn’t good luck.","But that was after the wedding, it’s not bad luck then.
Honey, it isn’t good luck.",neutral,4,5,sadness,False,0.030207077,0.019417247,0.0725437,0.0344831,0.038398575,0.7948235,0.010126787
39,9,Ross,Oh my God! Monica!,surprise,"Honey, it isn’t good luck.
Oh my God! Monica!","Honey, it isn’t good luck.
Oh my God! Monica!",surprise,6,6,surprise,True,0.006264152,0.002800267,0.0057951286,0.008540168,0.004645003,0.008016207,0.963939
39,10,Monica,"I know! Hey, how’s Chandler doin’?",neutral,"Oh my God! Monica!
I know! Hey, how’s Chandler doin’?","Oh my God! Monica!
I know! Hey, how’s Chandler doin’?",neutral,4,4,neutral,True,0.002562243,0.00048824845,0.0014661163,0.0056150043,0.97667855,0.0018401789,0.011349671
39,11,Ross,Great. He’s doing great. Don’t you worry about Chandler.,neutral,"I know! Hey, how’s Chandler doin’?
Great. He’s doing great. Don’t you worry about Chandler.","I know! Hey, how’s Chandler doin’?
Great. He’s doing great. Don’t you worry about Chandler.",neutral,4,4,neutral,True,0.019187659,0.004156592,0.0044729724,0.05000622,0.915538,0.0048490884,0.0017893995
40,1,Phoebe,"I’m really glad you guys are okay but, I just keep thinking what would happen if-if you two  actually had hooked up.",neutral,"Yeah baby!
I’m really glad you guys are okay but, I just keep thinking what would happen if-if you two  actually had hooked up.","Yeah baby!
I’m really glad you guys are okay but, I just keep thinking what would happen if-if you two  actually had hooked up.",neutral,4,4,neutral,True,0.0049034907,0.0010035181,0.0050128438,0.019734988,0.96280664,0.0047307755,0.0018077561
41,1,Chandler,"Oh yeah, that was great. Thanks to you, the hottest cocktail waitress there is quitting to teach the third grade!",anger,"So, we did okay at the strip club, right?
Oh yeah, that was great. Thanks to you, the hottest cocktail waitress there is quitting to teach the third grade!","So, we did okay at the strip club, right?
Oh yeah, that was great. Thanks to you, the hottest cocktail waitress there is quitting to teach the third grade!",anger,0,3,joy,False,0.017844003,0.0029716846,0.0023170644,0.9364998,0.027262561,0.0035809688,0.009523871
41,2,Rachel,I can’t believe it! He still hasn’t called.,anger,"Oh yeah, that was great. Thanks to you, the hottest cocktail waitress there is quitting to teach the third grade!
I can’t believe it! He still hasn’t called.","Oh yeah, that was great. Thanks to you, the hottest cocktail waitress there is quitting to teach the third grade!
I can’t believe it! He still hasn’t called.",anger,0,6,surprise,False,0.015724365,0.0024022448,0.0061275125,0.021671278,0.015693076,0.01211202,0.92626953
41,3,Phoebe,"Who, Josh?",surprise,"I can’t believe it! He still hasn’t called.
Who, Josh?","I can’t believe it! He still hasn’t called.
Who, Josh?",surprise,6,4,neutral,False,0.006885666,0.0008232367,0.00489857,0.004269739,0.8638764,0.0054496755,0.11379661
41,4,Rachel,It’s Joshua.,anger,"Who, Josh?
It’s Joshua.","Who, Josh?
It’s Joshua.",anger,0,4,neutral,False,0.0018499983,0.00061137776,0.0011746263,0.0039112153,0.98299396,0.0014920573,0.0079668425
41,5,Monica,"What, he doesn’t like Josh?",surprise,"It’s Joshua.
What, he doesn’t like Josh?","It’s Joshua.
What, he doesn’t like Josh?",surprise,6,6,surprise,True,0.010340947,0.0033372466,0.010331261,0.0067562168,0.10486081,0.014217242,0.8501563
41,6,Rachel,"No, I don’t.",disgust,"What, he doesn’t like Josh?
No, I don’t.","What, he doesn’t like Josh?
No, I don’t.",disgust,1,4,neutral,False,0.014328765,0.0068100584,0.033859782,0.06864315,0.82595336,0.045241732,0.0051630875
41,7,Chandler,"All right, well I’m gonna put my sweats back on.",neutral,"No, I don’t.
All right, well I’m gonna put my sweats back on.","No, I don’t.
All right, well I’m gonna put my sweats back on.",neutral,4,4,neutral,True,0.04879156,0.09545436,0.027764076,0.08592922,0.699051,0.03816579,0.0048440415
41,8,Phoebe,Oh no!,surprise,"All right, well I’m gonna put my sweats back on.
Oh no!","All right, well I’m gonna put my sweats back on.
Oh no!",surprise,6,6,surprise,True,0.020711914,0.021972734,0.045773793,0.029287692,0.01579038,0.03629414,0.8301693
41,9,Phoebe,Wait!,surprise,"Oh no!
Wait!","Oh no!
Wait!",surprise,6,6,surprise,True,0.013508505,0.004607435,0.0182157,0.017501375,0.021377066,0.01589327,0.9088966
41,10,Phoebe,"Okay, y’know what, you were right, you were right.",sadness,"Wait!
Okay, y’know what, you were right, you were right.","Wait!
Okay, y’know what, you were right, you were right.",sadness,5,4,neutral,False,0.22695999,0.0067892424,0.026065258,0.26653713,0.42890516,0.037767492,0.0069756676
41,11,Phoebe,"We really weren’t great at being guys, but you know why?",sadness,"Okay, y’know what, you were right, you were right.
We really weren’t great at being guys, but you know why?","Okay, y’know what, you were right, you were right.
We really weren’t great at being guys, but you know why?",sadness,5,4,neutral,False,0.13903779,0.010261036,0.04564858,0.030943653,0.49848694,0.086050585,0.18957148
41,12,Phoebe,Because we’re girls.,neutral,"We really weren’t great at being guys, but you know why?
Because we’re girls.","We really weren’t great at being guys, but you know why?
Because we’re girls.",neutral,4,4,neutral,True,0.015282133,0.004651937,0.0033605786,0.010635683,0.94773436,0.013093165,0.005242018
42,1,Ross,"Yeah, I lost it.",sadness,"Thank you, thanks.
Yeah, I lost it.","Thank you, thanks.
Yeah, I lost it.",sadness,5,5,sadness,True,0.13981453,0.020922104,0.073467985,0.26820576,0.059775796,0.43182802,0.005985868
42,2,Ross,"Y’know, I’m not gonna play anymore,  would you, can you finish my set?",neutral,"Yeah, I lost it.
Y’know, I’m not gonna play anymore,  would you, can you finish my set?","Yeah, I lost it.
Y’know, I’m not gonna play anymore,  would you, can you finish my set?",neutral,4,4,neutral,True,0.15427832,0.0069093807,0.021388328,0.16551979,0.6291075,0.017734999,0.005061639
42,3,Phoebe,"After that? Yeah! No, I mean if I can help.",surprise,"Y’know, I’m not gonna play anymore,  would you, can you finish my set?
After that? Yeah! No, I mean if I can help.","Y’know, I’m not gonna play anymore,  would you, can you finish my set?
After that? Yeah! No, I mean if I can help.",surprise,6,4,neutral,False,0.013293443,0.0031757762,0.0073803845,0.06685495,0.8936984,0.014424681,0.0011722895
42,4,Ross,"Yeah, like I could",neutral,"After that? Yeah! No, I mean if I can help.
Yeah, like I could","After that? Yeah! No, I mean if I can help.
Yeah, like I could",neutral,4,4,neutral,True,0.0038882222,0.0010342337,0.0026295257,0.029229367,0.95918137,0.002377582,0.0016597653
42,5,Rachel,What?,surprise,"Yeah, like I could
What?","Yeah, like I could
What?",surprise,6,4,neutral,False,0.006587325,0.0012819397,0.00682509,0.0076058563,0.85344064,0.0059859254,0.11827328
42,6,Ross,I played bad on purpose guys.,joy,"What?
I played bad on purpose guys.","What?
I played bad on purpose guys.",joy,3,4,neutral,False,0.110592425,0.26079705,0.022682484,0.043901064,0.45566744,0.10121632,0.00514315
42,7,Monica,"Okay, so you were trying to play bad this whole time.",surprise,"I played bad on purpose guys.
Okay, so you were trying to play bad this whole time.","I played bad on purpose guys.
Okay, so you were trying to play bad this whole time.",surprise,6,4,neutral,False,0.019710178,0.007923351,0.003623273,0.009568657,0.9481879,0.008750202,0.0022363567
42,8,Ross,"Yeah—no, just that last song.",neutral,"Okay, so you were trying to play bad this whole time.
Yeah—no, just that last song.","Okay, so you were trying to play bad this whole time.
Yeah—no, just that last song.",neutral,4,4,neutral,True,0.009185255,0.007022034,0.005668326,0.032882143,0.93657255,0.007763804,0.00090580754
43,1,Joey,"Oh yeah, who’s playing?",neutral,"Oh, I was thinking about having people over for the game.
Oh yeah, who’s playing?","Oh, I was thinking about having people over for the game.
Oh yeah, who’s playing?",neutral,4,4,neutral,True,0.003219102,0.00080420554,0.0037995388,0.009411337,0.8770445,0.0029835694,0.10273765
43,2,Monica,The players.,neutral,"Oh yeah, who’s playing?
The players.","Oh yeah, who’s playing?
The players.",neutral,4,4,neutral,True,0.0023149515,0.0008432234,0.0008403467,0.003198707,0.9903886,0.0013005816,0.0011136447
43,3,Ross,Somebody seems to be missing being the hostess.,neutral,"The players.
Somebody seems to be missing being the hostess.","The players.
Somebody seems to be missing being the hostess.",neutral,4,4,neutral,True,0.014384207,0.003290164,0.0028153993,0.042995673,0.89688075,0.03490627,0.0047275797
43,4,Monica,"Please, it’s a relief is what it is, is what it is.",neutral,"Somebody seems to be missing being the hostess.
Please, it’s a relief is what it is, is what it is.","Somebody seems to be missing being the hostess.
Please, it’s a relief is what it is, is what it is.",neutral,4,4,neutral,True,0.042203467,0.006861796,0.06976123,0.08879276,0.47634286,0.3114813,0.0045565446
43,5,Joey,"All right Pheebs, stick out your plate!",neutral,"Please, it’s a relief is what it is, is what it is.
All right Pheebs, stick out your plate!","Please, it’s a relief is what it is, is what it is.
All right Pheebs, stick out your plate!",neutral,4,4,neutral,True,0.049483035,0.011880251,0.006956294,0.21924435,0.70300484,0.0072913007,0.0021399274
43,6,Phoebe,Oh.,neutral,"All right Pheebs, stick out your plate!
Oh.","All right Pheebs, stick out your plate!
Oh.",neutral,4,4,neutral,True,0.0020536147,0.0019011016,0.005029008,0.0057096146,0.97691226,0.004467282,0.003927164
44,1,Rachel,I don’t want to say.,neutral,"Whose is it?
I don’t want to say.","Whose is it?
I don’t want to say.",neutral,4,4,neutral,True,0.009301221,0.0034797778,0.054965355,0.015867854,0.8353534,0.06615376,0.014878568
44,2,Chandler,"Oh, come on! I don’t care! Come on! Whose is it?",joy,"I don’t want to say.
Oh, come on! I don’t care! Come on! Whose is it?","I don’t want to say.
Oh, come on! I don’t care! Come on! Whose is it?",joy,3,0,anger,False,0.59707415,0.009481797,0.028598085,0.032780487,0.20271122,0.035327174,0.09402713
44,3,Rachel,Diane Keaton.,neutral,"Oh, come on! I don’t care! Come on! Whose is it?
Diane Keaton.","Oh, come on! I don’t care! Come on! Whose is it?
Diane Keaton.",neutral,4,4,neutral,True,0.0050533745,0.00082623196,0.0013333639,0.0038550126,0.96956664,0.0028560604,0.016509358
45,1,Phoebe,"I’m sorry, but I just wrote the best dance song for your wedding. Check this out.",neutral,"Phoebe! Come on! Let’s go!  Come on!  Why aren’t you dressed yet?!
I’m sorry, but I just wrote the best dance song for your wedding. Check this out.","Phoebe! Come on! Let’s go!  Come on!  Why aren’t you dressed yet?!
I’m sorry, but I just wrote the best dance song for your wedding. Check this out.",neutral,4,4,neutral,True,0.0046935,0.0011701812,0.0014844696,0.010228641,0.97652423,0.0044276477,0.0014713267
45,2,Monica,"No, Phoebe, I’ll tell you what, if you get ready now I’ll let you play it at the wedding.",neutral,"I’m sorry, but I just wrote the best dance song for your wedding. Check this out.
No, Phoebe, I’ll tell you what, if you get ready now I’ll let you play it at the wedding.","I’m sorry, but I just wrote the best dance song for your wedding. Check this out.
No, Phoebe, I’ll tell you what, if you get ready now I’ll let you play it at the wedding.",neutral,4,4,neutral,True,0.010220835,0.0043406407,0.0045547155,0.04940366,0.91977555,0.010323008,0.0013815402
45,3,Phoebe,Really?!,surprise,"No, Phoebe, I’ll tell you what, if you get ready now I’ll let you play it at the wedding.
Really?!","No, Phoebe, I’ll tell you what, if you get ready now I’ll let you play it at the wedding.
Really?!",surprise,6,6,surprise,True,0.0047267242,0.0014099212,0.0029372182,0.0031905193,0.004130314,0.0035684328,0.98003685
45,4,Phoebe,Oh that’s so exciting!,joy,"Really?!
Oh that’s so exciting!","Really?!
Oh that’s so exciting!",joy,3,3,joy,True,0.010565191,0.0025619678,0.0028889035,0.7947187,0.020913158,0.005210026,0.16314201
45,5,Phoebe,Thanks Mon!,joy,"Oh that’s so exciting!
Thanks Mon!","Oh that’s so exciting!
Thanks Mon!",joy,3,3,joy,True,0.010149828,0.0010943268,0.0020039952,0.8643067,0.113377295,0.0034139794,0.0056538465
45,6,Phoebe,"Oh but Mon, if you touch my guitar again I’ll have to pound on you for a little bit.",anger,"Thanks Mon!
Oh but Mon, if you touch my guitar again I’ll have to pound on you for a little bit.","Thanks Mon!
Oh but Mon, if you touch my guitar again I’ll have to pound on you for a little bit.",anger,0,4,neutral,False,0.035312112,0.01405421,0.017283322,0.0877312,0.82900393,0.014766138,0.0018490822
45,7,Monica,"Fair enough, now go get ready!",neutral,"Oh but Mon, if you touch my guitar again I’ll have to pound on you for a little bit.
Fair enough, now go get ready!","Oh but Mon, if you touch my guitar again I’ll have to pound on you for a little bit.
Fair enough, now go get ready!",neutral,4,3,joy,False,0.11003494,0.0048671057,0.011484688,0.722263,0.13829812,0.0066836765,0.0063684494
45,8,Monica,"I’ll get everybody else , finally we can start celebrating my— I’m sorry, uh apparently I’ve opened the door to the past.",neutral,"Fair enough, now go get ready!
I’ll get everybody else , finally we can start celebrating my— I’m sorry, uh apparently I’ve opened the door to the past.","Fair enough, now go get ready!
I’ll get everybody else , finally we can start celebrating my— I’m sorry, uh apparently I’ve opened the door to the past.",neutral,4,5,sadness,False,0.03504825,0.007183648,0.058830578,0.031442124,0.21540137,0.63596815,0.016125886
46,1,Leslie,I wear them everyday.,joy,"My best shoes, so good to me.
I wear them everyday.","My best shoes, so good to me.
I wear them everyday.",joy,3,3,joy,True,0.033252817,0.005276886,0.0044946857,0.81910187,0.11270949,0.021047,0.0041172258
46,2,Leslie,"Down at the heel, holes in the toes.",joy,"I wear them everyday.
Down at the heel, holes in the toes.","I wear them everyday.
Down at the heel, holes in the toes.",joy,3,1,disgust,False,0.10797183,0.45981917,0.048014592,0.03085374,0.07224461,0.2587863,0.022309829
46,3,Leslie,Don’t care what people say.,joy,"Down at the heel, holes in the toes.
Don’t care what people say.","Down at the heel, holes in the toes.
Don’t care what people say.",joy,3,4,neutral,False,0.0798926,0.07491576,0.01636492,0.03205868,0.7691906,0.023399284,0.0041781515
46,4,Leslie,"My feet’s best friends, pals to the end.",joy,"Don’t care what people say.
My feet’s best friends, pals to the end.","Don’t care what people say.
My feet’s best friends, pals to the end.",joy,3,3,joy,True,0.09664689,0.013978077,0.009766548,0.61781704,0.16711095,0.09144321,0.003237292
46,5,Leslie,With them I’m one hot chicky.,joy,"My feet’s best friends, pals to the end.
With them I’m one hot chicky.","My feet’s best friends, pals to the end.
With them I’m one hot chicky.",joy,3,3,joy,True,0.010671946,0.0024596148,0.0013333784,0.9581245,0.017734375,0.0027957219,0.0068804733
46,6,Leslie,"Though late one night, not much light, I....",neutral,"With them I’m one hot chicky.
Though late one night, not much light, I....","With them I’m one hot chicky.
Though late one night, not much light, I....",neutral,4,4,neutral,True,0.0070348615,0.0026072492,0.0030420844,0.06669397,0.91412145,0.0050361976,0.0014642662
46,7,Phoebe,I stepped in something icky.,joy,"Though late one night, not much light, I....
I stepped in something icky.","Though late one night, not much light, I....
I stepped in something icky.",joy,3,3,joy,True,0.0415908,0.14385085,0.04790818,0.2606218,0.1899518,0.15049426,0.16558234
46,8,Phoebe and Leslie,"Sticky shoes, sticky shoes, always make me smile. Sticky shoes, sticky shoes, next time I’ll.... avoid the..... pillleeeee.",joy,"I stepped in something icky.
Sticky shoes, sticky shoes, always make me smile. Sticky shoes, sticky shoes, next time I’ll.... avoid the..... pillleeeee.","I stepped in something icky.
Sticky shoes, sticky shoes, always make me smile. Sticky shoes, sticky shoes, next time I’ll.... avoid the..... pillleeeee.",joy,3,4,neutral,False,0.040730134,0.08181896,0.049977377,0.04930712,0.7158731,0.039750963,0.022542238
47,1,Joey,No more Joey and Chan’s.,sadness,"God, it’s gonna so weird like when I come home and you’re not here.
No more Joey and Chan’s.","God, it’s gonna so weird like when I come home and you’re not here.
No more Joey and Chan’s.",sadness,5,4,neutral,False,0.018519431,0.00673447,0.004330061,0.04060786,0.9066474,0.02008101,0.0030797299
47,2,Joey,No more J and C’s.,sadness,"No more Joey and Chan’s.
No more J and C’s.","No more Joey and Chan’s.
No more J and C’s.",sadness,5,4,neutral,False,0.034194265,0.00403898,0.0037625919,0.042351708,0.9031715,0.010272409,0.0022086264
47,3,Joey,"""You wanna go over to Joey and Chandler’s?""",neutral,"No more J and C’s.
""You wanna go over to Joey and Chandler’s?""","No more J and C’s.
""You wanna go over to Joey and Chandler’s?""",neutral,4,4,neutral,True,0.002034054,0.0012026634,0.0019654448,0.006392011,0.98379946,0.0019705761,0.0026358322
47,4,Joey,"""Can’t, its not there.""",neutral,"""You wanna go over to Joey and Chandler’s?""
""Can’t, its not there.""","""You wanna go over to Joey and Chandler’s?""
""Can’t, its not there.""",neutral,4,4,neutral,True,0.07746577,0.044643585,0.08755637,0.061085235,0.58479863,0.13810767,0.006342746
47,5,Chandler,"Look, I’m just gonna be across the hall, we can still do all the same stuff.",neutral,"""Can’t, its not there.""
Look, I’m just gonna be across the hall, we can still do all the same stuff.","""Can’t, its not there.""
Look, I’m just gonna be across the hall, we can still do all the same stuff.",neutral,4,4,neutral,True,0.0158943,0.005890425,0.006251594,0.021407843,0.9386187,0.0110231815,0.00091395754
47,6,Joey,Yeah but we won’t be able to like get up in the middle of the night and have those long talks about our feelings and the future.,sadness,"Look, I’m just gonna be across the hall, we can still do all the same stuff.
Yeah but we won’t be able to like get up in the middle of the night and have those long talks about our feelings and the future.","Look, I’m just gonna be across the hall, we can still do all the same stuff.
Yeah but we won’t be able to like get up in the middle of the night and have those long talks about our feelings and the future.",sadness,5,5,sadness,True,0.08059253,0.024764769,0.13407947,0.10668326,0.09681946,0.54977137,0.007289158
47,7,Chandler,Not once did we do that.,neutral,"Yeah but we won’t be able to like get up in the middle of the night and have those long talks about our feelings and the future.
Not once did we do that.","Yeah but we won’t be able to like get up in the middle of the night and have those long talks about our feelings and the future.
Not once did we do that.",neutral,4,4,neutral,True,0.033930007,0.0031859772,0.0046357196,0.32002527,0.60801995,0.021163056,0.009039974
47,8,Monica,Hi.,neutral,"Not once did we do that.
Hi.","Not once did we do that.
Hi.",neutral,4,4,neutral,True,0.0010576918,0.00038378456,0.0009398128,0.0019107917,0.9915569,0.001242459,0.0029086526
47,9,Chandler,Hey!,neutral,"Hi.
Hey!","Hi.
Hey!",neutral,4,3,joy,False,0.017236443,0.0025213915,0.0048109973,0.52912295,0.23190984,0.0069163134,0.20748213
47,10,Joey,Hi.,neutral,"Hey!
Hi.","Hey!
Hi.",neutral,4,4,neutral,True,0.0012742173,0.00034687622,0.0009023213,0.0022440932,0.9902344,0.0012216053,0.0037765545
47,11,Monica,"So I, I told Rachel it was just gonna be the two of us.",neutral,"Hi.
So I, I told Rachel it was just gonna be the two of us.","Hi.
So I, I told Rachel it was just gonna be the two of us.",neutral,4,4,neutral,True,0.0022809159,0.00087495364,0.0018351546,0.011598368,0.9786227,0.0030535345,0.0017343193
47,12,Chandler,"Oh yeah? Well, how’d she take it?",neutral,"So I, I told Rachel it was just gonna be the two of us.
Oh yeah? Well, how’d she take it?","So I, I told Rachel it was just gonna be the two of us.
Oh yeah? Well, how’d she take it?",neutral,4,4,neutral,True,0.025932947,0.0047773737,0.029031448,0.086100765,0.57995135,0.02540886,0.24879724
47,13,Monica,"Really well. Yeah. Surprisingly well. Yeah, she didn’t cry. She wasn’t angry or sad.",neutral,"Oh yeah? Well, how’d she take it?
Really well. Yeah. Surprisingly well. Yeah, she didn’t cry. She wasn’t angry or sad.","Oh yeah? Well, how’d she take it?
Really well. Yeah. Surprisingly well. Yeah, she didn’t cry. She wasn’t angry or sad.",neutral,4,4,neutral,True,0.02375166,0.0035556895,0.0058011087,0.09262309,0.86609304,0.006784114,0.0013913742
48,1,Phoebe,"Okay, okay, but Rachel’s gonna be here too, can’t I just ask her this stuff?",neutral,"Okay, if you need the vacuum, it’s in my closet on the left-hand side. Ah, the garbage bags are next to the refrigerator
Okay, okay, but Rachel’s gonna be here too, can’t I just ask her this stuff?","Okay, if you need the vacuum, it’s in my closet on the left-hand side. Ah, the garbage bags are next to the refrigerator
Okay, okay, but Rachel’s gonna be here too, can’t I just ask her this stuff?",neutral,4,4,neutral,True,0.054213073,0.06572994,0.052802738,0.02038977,0.62766534,0.17476487,0.0044343006
48,2,Monica,"Yeah, okay, give that a try!",neutral,"Okay, okay, but Rachel’s gonna be here too, can’t I just ask her this stuff?
Yeah, okay, give that a try!","Okay, okay, but Rachel’s gonna be here too, can’t I just ask her this stuff?
Yeah, okay, give that a try!",neutral,4,3,joy,False,0.12765388,0.0067182025,0.010189336,0.66113096,0.1818883,0.0062528453,0.006166462
48,3,Chandler,All right! Let’s do it!,joy,"Yeah, okay, give that a try!
All right! Let’s do it!","Yeah, okay, give that a try!
All right! Let’s do it!",joy,3,3,joy,True,0.0143633,0.0015737771,0.0017377101,0.9450375,0.03137305,0.0020341107,0.0038806347
48,4,Joey,Woo-hoo!!,joy,"All right! Let’s do it!
Woo-hoo!!","All right! Let’s do it!
Woo-hoo!!",joy,3,3,joy,True,0.055765282,0.008641164,0.010375916,0.67834234,0.068642676,0.009437523,0.16879505
48,5,Ross,"Yeah, cheerie-o!",joy,"Woo-hoo!!
Yeah, cheerie-o!","Woo-hoo!!
Yeah, cheerie-o!",joy,3,3,joy,True,0.008676405,0.0018755968,0.0015902331,0.9546774,0.025133444,0.0021380475,0.0059089623
48,6,Joey,London baby!,joy,"Yeah, cheerie-o!
London baby!","Yeah, cheerie-o!
London baby!",joy,3,3,joy,True,0.0064659547,0.0010229065,0.0012750312,0.9442542,0.030907003,0.0022798013,0.013795049
49,1,Chandler,Hi!,joy,"Hi!
Hi!","Hi!
Hi!",joy,3,3,joy,True,0.018006014,0.0019420406,0.0041770595,0.5999824,0.3150624,0.006507593,0.054322574
49,2,Joey,Monica? What time is it?,neutral,"Hi!
Monica? What time is it?","Hi!
Monica? What time is it?",neutral,4,4,neutral,True,0.003472003,0.0005611127,0.0021414144,0.006213547,0.96085113,0.0023175909,0.024443187
49,3,Chandler,"Uhh, 9.",neutral,"Monica? What time is it?
Uhh, 9.","Monica? What time is it?
Uhh, 9.",neutral,4,4,neutral,True,0.0012553211,0.00053750305,0.0021695332,0.0029875722,0.98755616,0.0017256634,0.0037683793
49,4,Joey,But it's dark out.,neutral,"Uhh, 9.
But it's dark out.","Uhh, 9.
But it's dark out.",neutral,4,4,neutral,True,0.0074227746,0.0056975707,0.008534989,0.021487653,0.93923676,0.011405715,0.006214622
49,5,Monica,"Well that's because you always sleep to noon, silly! This is what 9 looks like.",neutral,"But it's dark out.
Well that's because you always sleep to noon, silly! This is what 9 looks like.","But it's dark out.
Well that's because you always sleep to noon, silly! This is what 9 looks like.",neutral,4,4,neutral,True,0.008363659,0.0018128599,0.0012206151,0.008272836,0.9738886,0.0033333106,0.0031080598
49,6,Joey,I guess I'll get washed up then. Watch that sunrise.,neutral,"Well that's because you always sleep to noon, silly! This is what 9 looks like.
I guess I'll get washed up then. Watch that sunrise.","Well that's because you always sleep to noon, silly! This is what 9 looks like.
I guess I'll get washed up then. Watch that sunrise.",neutral,4,4,neutral,True,0.008045813,0.00315765,0.0019088914,0.036594868,0.9462761,0.0025954088,0.0014212028
49,7,Monica,I'm,neutral,"I guess I'll get washed up then. Watch that sunrise.
I'm","I guess I'll get washed up then. Watch that sunrise.
I'm",neutral,4,4,neutral,True,0.017918717,0.0047892095,0.0051917015,0.10483315,0.8583203,0.007366103,0.0015807715
49,8,Chandler,"I know, me too.",neutral,"I'm
I know, me too.","I'm
I know, me too.",neutral,4,4,neutral,True,0.06269744,0.008225211,0.024044856,0.0714114,0.782195,0.044687442,0.0067386385
49,9,Chandler,Hey!,joy,"I know, me too.
Hey!","I know, me too.
Hey!",joy,3,3,joy,True,0.022446427,0.0029419987,0.0050658374,0.5194484,0.14196521,0.007598039,0.30053404
49,10,Chandler,Y'know what if we went away for a whole weekend?,neutral,"Hey!
Y'know what if we went away for a whole weekend?","Hey!
Y'know what if we went away for a whole weekend?",neutral,4,4,neutral,True,0.0097960485,0.0012676077,0.0029801985,0.04849673,0.9284402,0.0038467182,0.0051724343
49,11,Chandler,Y'know we'd have no interruptions and we could be naked the entire time.,joy,"Y'know what if we went away for a whole weekend?
Y'know we'd have no interruptions and we could be naked the entire time.","Y'know what if we went away for a whole weekend?
Y'know we'd have no interruptions and we could be naked the entire time.",joy,3,4,neutral,False,0.0072324905,0.006302428,0.0025500623,0.026891561,0.95156014,0.003639306,0.0018239444
49,12,Monica,All weekend? That's a whole lotta naked.,surprise,"Y'know we'd have no interruptions and we could be naked the entire time.
All weekend? That's a whole lotta naked.","Y'know we'd have no interruptions and we could be naked the entire time.
All weekend? That's a whole lotta naked.",surprise,6,6,surprise,True,0.0052313935,0.0042529483,0.003097332,0.00703724,0.01375419,0.004665297,0.96196157
49,13,Chandler,"Yeah, I can say that I have a conference and you can say you have a chef thing.",neutral,"All weekend? That's a whole lotta naked.
Yeah, I can say that I have a conference and you can say you have a chef thing.","All weekend? That's a whole lotta naked.
Yeah, I can say that I have a conference and you can say you have a chef thing.",neutral,4,4,neutral,True,0.008432939,0.0046035172,0.0024256634,0.07614876,0.9026054,0.004652271,0.0011314596
49,14,Monica,"Ohh, I've always wanted to go to this culinary fair that they have in Jersey!",joy,"Yeah, I can say that I have a conference and you can say you have a chef thing.
Ohh, I've always wanted to go to this culinary fair that they have in Jersey!","Yeah, I can say that I have a conference and you can say you have a chef thing.
Ohh, I've always wanted to go to this culinary fair that they have in Jersey!",joy,3,3,joy,True,0.030403016,0.0037451452,0.0049492195,0.8660857,0.071765676,0.009981032,0.013070278
49,15,Chandler,"Okay, y'know your not though. Let's go.",neutral,"Ohh, I've always wanted to go to this culinary fair that they have in Jersey!
Okay, y'know your not though. Let's go.","Ohh, I've always wanted to go to this culinary fair that they have in Jersey!
Okay, y'know your not though. Let's go.",neutral,4,4,neutral,True,0.006241399,0.003148352,0.003663554,0.010968192,0.9719792,0.003355857,0.00064355653
49,16,Monica,Wait! What about Joey?,neutral,"Okay, y'know your not though. Let's go.
Wait! What about Joey?","Okay, y'know your not though. Let's go.
Wait! What about Joey?",neutral,4,6,surprise,False,0.045682166,0.0022890223,0.015517952,0.014720704,0.13022304,0.016468596,0.7750985
50,1,Chandler,Sounds like two people are really enjoying the Dewey decimal system.,neutral,"Oh umm, there’s also a book here by a woman named Wendy Bagina.  What is that?
Sounds like two people are really enjoying the Dewey decimal system.","Oh umm, there’s also a book here by a woman named Wendy Bagina.  What is that?
Sounds like two people are really enjoying the Dewey decimal system.",neutral,4,6,surprise,False,0.014406686,0.0029198388,0.005114046,0.010506484,0.23395747,0.009220315,0.72387516
50,2,Female Student,I’m so sorry!,fear,"Sounds like two people are really enjoying the Dewey decimal system.
I’m so sorry!","Sounds like two people are really enjoying the Dewey decimal system.
I’m so sorry!",fear,2,3,joy,False,0.034376685,0.0039258916,0.021796376,0.5445126,0.114416346,0.2090596,0.07191248
50,3,Chandler,You didn’t bring,neutral,"I’m so sorry!
You didn’t bring","I’m so sorry!
You didn’t bring",neutral,4,4,neutral,True,0.013391993,0.0011493936,0.0051136003,0.024222367,0.8872062,0.014303066,0.05461346
51,1,Rachel,Hi!,joy,"Hey!
Hi!","Hey!
Hi!",joy,3,3,joy,True,0.013292989,0.0014663433,0.00255317,0.73579633,0.20828883,0.0043596,0.034242682
51,2,Joey,"Oh you know uh Kash, really liked you the other day. He said he thought you were charming.",neutral,"Hi!
Oh you know uh Kash, really liked you the other day. He said he thought you were charming.","Hi!
Oh you know uh Kash, really liked you the other day. He said he thought you were charming.",neutral,4,4,neutral,True,0.020123877,0.007229751,0.016741911,0.12007789,0.6627908,0.02596599,0.14706977
52,1,Joey,"To tape the game? You do this every time Ross, you’re",disgust,"Okay I-I just have to stop by my place first.
To tape the game? You do this every time Ross, you’re","Okay I-I just have to stop by my place first.
To tape the game? You do this every time Ross, you’re",disgust,1,4,neutral,False,0.004488279,0.00082299084,0.0010762252,0.003320229,0.98683584,0.0019187711,0.0015376703
52,2,Ross,"No-no, I-I have to see if this apartment became available.",neutral,"To tape the game? You do this every time Ross, you’re
No-no, I-I have to see if this apartment became available.","To tape the game? You do this every time Ross, you’re
No-no, I-I have to see if this apartment became available.",neutral,4,4,neutral,True,0.0137122,0.0025204702,0.021964375,0.019251483,0.92420954,0.015603705,0.0027382206
52,3,Joey,"Oh, you’re switching apartments?",surprise,"No-no, I-I have to see if this apartment became available.
Oh, you’re switching apartments?","No-no, I-I have to see if this apartment became available.
Oh, you’re switching apartments?",surprise,6,6,surprise,True,0.020937385,0.0016257495,0.011192665,0.0063862163,0.14174852,0.0122705605,0.8058389
52,4,Ross,"It’s not for me, it’s for Rachel.",neutral,"Oh, you’re switching apartments?
It’s not for me, it’s for Rachel.","Oh, you’re switching apartments?
It’s not for me, it’s for Rachel.",neutral,4,4,neutral,True,0.056726925,0.0036210853,0.0068858014,0.019772828,0.8873674,0.021073578,0.004552444
52,5,Joey,But Rachel has an apartment.,neutral,"It’s not for me, it’s for Rachel.
But Rachel has an apartment.","It’s not for me, it’s for Rachel.
But Rachel has an apartment.",neutral,4,4,neutral,True,0.012493945,0.0017703966,0.0023406886,0.006637556,0.9429351,0.008746844,0.025075352
52,6,Ross,"Yeah, but when the baby comes she’s gonna want to move.",neutral,"But Rachel has an apartment.
Yeah, but when the baby comes she’s gonna want to move.","But Rachel has an apartment.
Yeah, but when the baby comes she’s gonna want to move.",neutral,4,4,neutral,True,0.004123099,0.004477093,0.010523799,0.022191841,0.928773,0.02699167,0.0029193505
52,7,Joey,She is?,surprise,"Yeah, but when the baby comes she’s gonna want to move.
She is?","Yeah, but when the baby comes she’s gonna want to move.
She is?",surprise,6,6,surprise,True,0.004594418,0.0009625109,0.0048017534,0.0029632242,0.06985146,0.004767981,0.9120586
52,8,Ross,"Yeah, you didn’t expect her to live there with a baby did you?",surprise,"She is?
Yeah, you didn’t expect her to live there with a baby did you?","She is?
Yeah, you didn’t expect her to live there with a baby did you?",surprise,6,6,surprise,True,0.054355487,0.004952055,0.02472389,0.012051456,0.29098487,0.029697867,0.5832343
52,9,Joey,I guess I didn’t really think about it.,neutral,"Yeah, you didn’t expect her to live there with a baby did you?
I guess I didn’t really think about it.","Yeah, you didn’t expect her to live there with a baby did you?
I guess I didn’t really think about it.",neutral,4,4,neutral,True,0.0223699,0.002498792,0.03141533,0.025847236,0.7838963,0.051440228,0.08253225
52,10,Ross,Ezel!  Hey Gunther! You’re an ezel!,anger,"I guess I didn’t really think about it.
Ezel!  Hey Gunther! You’re an ezel!","I guess I didn’t really think about it.
Ezel!  Hey Gunther! You’re an ezel!",anger,0,6,surprise,False,0.01961321,0.0025593704,0.0039791614,0.2707115,0.072744615,0.006420578,0.6239716
52,11,Ross,Damnit!,anger,"Ezel!  Hey Gunther! You’re an ezel!
Damnit!","Ezel!  Hey Gunther! You’re an ezel!
Damnit!",anger,0,0,anger,True,0.79556835,0.012481937,0.007411129,0.107315086,0.046707626,0.008681989,0.021833869
53,1,Rachel,Little village people.,neutral,"Look what I got! Look what I got! Look what I got!  Can you believe they make these for little people?
Little village people.","Look what I got! Look what I got! Look what I got!  Can you believe they make these for little people?
Little village people.",neutral,4,4,neutral,True,0.044749614,0.010925653,0.007622165,0.022255814,0.88926816,0.019062847,0.0061157765
53,2,Monica,"Okay, look at this one. This is my favourite.",joy,"Little village people.
Okay, look at this one. This is my favourite.","Little village people.
Okay, look at this one. This is my favourite.",joy,3,4,neutral,False,0.013320043,0.007807773,0.0028226848,0.036486074,0.9267301,0.010159751,0.0026735156
53,3,Rachel,"Oh, that is so sweet!",joy,"Okay, look at this one. This is my favourite.
Oh, that is so sweet!","Okay, look at this one. This is my favourite.
Oh, that is so sweet!",joy,3,3,joy,True,0.006330114,0.0020392225,0.0015904277,0.94867086,0.01636028,0.0049401484,0.020068891
53,4,Monica,I know! Phoebe is gonna love dressing them in these!,joy,"Oh, that is so sweet!
I know! Phoebe is gonna love dressing them in these!","Oh, that is so sweet!
I know! Phoebe is gonna love dressing them in these!",joy,3,3,joy,True,0.0073393728,0.0017060607,0.0012857307,0.9615176,0.016374419,0.0023615574,0.009415354
53,5,Rachel,"Huh. Except, Phoebe’s not gonna be the one that gets to dress them.",neutral,"I know! Phoebe is gonna love dressing them in these!
Huh. Except, Phoebe’s not gonna be the one that gets to dress them.","I know! Phoebe is gonna love dressing them in these!
Huh. Except, Phoebe’s not gonna be the one that gets to dress them.",neutral,4,4,neutral,True,0.046785176,0.009430865,0.0066935592,0.13988283,0.7384722,0.052495074,0.006240333
53,6,Monica,Because she’s not gonna get to keep the babies.,sadness,"Huh. Except, Phoebe’s not gonna be the one that gets to dress them.
Because she’s not gonna get to keep the babies.","Huh. Except, Phoebe’s not gonna be the one that gets to dress them.
Because she’s not gonna get to keep the babies.",sadness,5,4,neutral,False,0.1011376,0.029199282,0.020121478,0.08605694,0.44646877,0.30880916,0.008206811
53,7,Rachel,Oh my God! We are throwing the most depressing baby shower ever!,sadness,"Because she’s not gonna get to keep the babies.
Oh my God! We are throwing the most depressing baby shower ever!","Because she’s not gonna get to keep the babies.
Oh my God! We are throwing the most depressing baby shower ever!",sadness,5,6,surprise,False,0.01748364,0.020669015,0.012269701,0.026718173,0.0060948157,0.031052513,0.88571215
53,8,Monica,Wait a minute!,surprise,"Oh my God! We are throwing the most depressing baby shower ever!
Wait a minute!","Oh my God! We are throwing the most depressing baby shower ever!
Wait a minute!",surprise,6,6,surprise,True,0.1479157,0.024879375,0.0655073,0.09854181,0.12846223,0.057240766,0.47745284
53,9,Monica,"Unless, we give her all gifts she can use after she’s done being pregnant.",joy,"Wait a minute!
Unless, we give her all gifts she can use after she’s done being pregnant.","Wait a minute!
Unless, we give her all gifts she can use after she’s done being pregnant.",joy,3,4,neutral,False,0.01147092,0.0036143765,0.0038288,0.13172549,0.81415397,0.031080551,0.0041258964
53,10,Monica,"Like-like umm, regular coffee, Tequila.",neutral,"Unless, we give her all gifts she can use after she’s done being pregnant.
Like-like umm, regular coffee, Tequila.","Unless, we give her all gifts she can use after she’s done being pregnant.
Like-like umm, regular coffee, Tequila.",neutral,4,4,neutral,True,0.01367432,0.02049569,0.004541843,0.26441196,0.68722486,0.007574064,0.0020772668
53,11,Rachel,"Oh, and somebody can get those leather pants she’s always wanted!",joy,"Like-like umm, regular coffee, Tequila.
Oh, and somebody can get those leather pants she’s always wanted!","Like-like umm, regular coffee, Tequila.
Oh, and somebody can get those leather pants she’s always wanted!",joy,3,3,joy,True,0.015524572,0.001844663,0.0017554674,0.90428084,0.06806897,0.0028086205,0.0057169716
53,12,Monica,"Oh, she’s gonna love that!",joy,"Oh, and somebody can get those leather pants she’s always wanted!
Oh, she’s gonna love that!","Oh, and somebody can get those leather pants she’s always wanted!
Oh, she’s gonna love that!",joy,3,3,joy,True,0.005032175,0.0009899726,0.0011218732,0.96238106,0.01721502,0.0027751352,0.010484763
54,1,Rachel,"Yes your honor, and here are, are forms, all filled out.",neutral,"Okay you two are asking the court for an annulment?
Yes your honor, and here are, are forms, all filled out.","Okay you two are asking the court for an annulment?
Yes your honor, and here are, are forms, all filled out.",neutral,4,4,neutral,True,0.006164028,0.0010277021,0.0016761934,0.010517548,0.97688043,0.0028655622,0.0008685302
54,2,Judge,So based on your petition you are seeking an annulment on the grounds that Mr. Geller is mentally unstable.,neutral,"Yes your honor, and here are, are forms, all filled out.
So based on your petition you are seeking an annulment on the grounds that Mr. Geller is mentally unstable.","Yes your honor, and here are, are forms, all filled out.
So based on your petition you are seeking an annulment on the grounds that Mr. Geller is mentally unstable.",neutral,4,4,neutral,True,0.0054935333,0.0019164919,0.0021635836,0.0042321305,0.98088545,0.004295236,0.0010135786
54,3,Ross,"Fine, I’m mentally unstable.",anger,"So based on your petition you are seeking an annulment on the grounds that Mr. Geller is mentally unstable.
Fine, I’m mentally unstable.","So based on your petition you are seeking an annulment on the grounds that Mr. Geller is mentally unstable.
Fine, I’m mentally unstable.",anger,0,4,neutral,False,0.025422378,0.00531255,0.008755268,0.011553885,0.93972296,0.00804708,0.0011859859
54,4,Judge,And based on the fact that Mr. Geller is intravenous drug user.,neutral,"Fine, I’m mentally unstable.
And based on the fact that Mr. Geller is intravenous drug user.","Fine, I’m mentally unstable.
And based on the fact that Mr. Geller is intravenous drug user.",neutral,4,4,neutral,True,0.0029936882,0.0022092038,0.0016930775,0.00436177,0.9848562,0.002106664,0.0017794247
54,5,Ross,What?!,surprise,"And based on the fact that Mr. Geller is intravenous drug user.
What?!","And based on the fact that Mr. Geller is intravenous drug user.
What?!",surprise,6,6,surprise,True,0.004722411,0.0013471224,0.0042486116,0.0031009677,0.009704222,0.003976606,0.9729001
54,6,Rachel,"Uh yes, heroin and crack.",neutral,"What?!
Uh yes, heroin and crack.","What?!
Uh yes, heroin and crack.",neutral,4,4,neutral,True,0.012023311,0.05747334,0.015838422,0.009647849,0.868133,0.030326951,0.0065571247
54,7,Ross,Crack isn’t even an intravenous drug!,anger,"Uh yes, heroin and crack.
Crack isn’t even an intravenous drug!","Uh yes, heroin and crack.
Crack isn’t even an intravenous drug!",anger,0,0,anger,True,0.7975752,0.025034463,0.0142167825,0.03914745,0.06963733,0.030405255,0.023983484
54,8,Rachel,"Well, you would know.",neutral,"Crack isn’t even an intravenous drug!
Well, you would know.","Crack isn’t even an intravenous drug!
Well, you would know.",neutral,4,4,neutral,True,0.002784466,0.0009814026,0.0028081706,0.007767062,0.9825897,0.0021232225,0.00094596465
54,9,Judge,Now it also says here that you lied about your sexual preference before marriage?,neutral,"Well, you would know.
Now it also says here that you lied about your sexual preference before marriage?","Well, you would know.
Now it also says here that you lied about your sexual preference before marriage?",neutral,4,0,anger,False,0.73998505,0.024351431,0.014542803,0.010646942,0.044084728,0.033059385,0.13332967
54,10,Ross,"Oh, come on!",sadness,"Now it also says here that you lied about your sexual preference before marriage?
Oh, come on!","Now it also says here that you lied about your sexual preference before marriage?
Oh, come on!",sadness,5,0,anger,False,0.58341736,0.027669592,0.052927017,0.04753562,0.02556558,0.039542165,0.22334267
54,11,Rachel,"Ross, please, I found the magazines!",sadness,"Oh, come on!
Ross, please, I found the magazines!","Oh, come on!
Ross, please, I found the magazines!",sadness,5,3,joy,False,0.05646795,0.002746093,0.004516834,0.51934326,0.40083975,0.008701715,0.0073843836
55,1,Rachel,"I mean, you live alone, you don't walk around naked.",neutral,"Phoebe just because I'm alone doesn’t mean I wanna walk around naked.
I mean, you live alone, you don't walk around naked.","Phoebe just because I'm alone doesn’t mean I wanna walk around naked.
I mean, you live alone, you don't walk around naked.",neutral,4,4,neutral,True,0.07272245,0.09450638,0.03146065,0.028933695,0.7138245,0.047939956,0.010612342
55,2,Phoebe,Uh-huh! Why do you think it takes me so long to answer the door?,joy,"I mean, you live alone, you don't walk around naked.
Uh-huh! Why do you think it takes me so long to answer the door?","I mean, you live alone, you don't walk around naked.
Uh-huh! Why do you think it takes me so long to answer the door?",joy,3,6,surprise,False,0.061483294,0.01202507,0.020839075,0.011994805,0.019692736,0.023568157,0.8503969
56,1,Ross,"Oh sure, come here!  Sure you can! Uh, look come here look,  it’s-it’s-it’s, it’s right there .",neutral,"I know, I lied! I didn’t want her to think I was a terrible mother! I can’t even see my own baby!
Oh sure, come here!  Sure you can! Uh, look come here look,  it’s-it’s-it’s, it’s right there .","I know, I lied! I didn’t want her to think I was a terrible mother! I can’t even see my own baby!
Oh sure, come here!  Sure you can! Uh, look come here look,  it’s-it’s-it’s, it’s right there .",neutral,4,2,fear,False,0.25143006,0.015978653,0.43491042,0.062657036,0.09993383,0.1174846,0.017605333
56,2,Rachel,"Oh. Oh, it’s beautiful. I see it now.",joy,"Oh sure, come here!  Sure you can! Uh, look come here look,  it’s-it’s-it’s, it’s right there .
Oh. Oh, it’s beautiful. I see it now.","Oh sure, come here!  Sure you can! Uh, look come here look,  it’s-it’s-it’s, it’s right there .
Oh. Oh, it’s beautiful. I see it now.",joy,3,4,neutral,False,0.090153426,0.007662581,0.06486271,0.33444613,0.40846953,0.06752304,0.02688266
56,3,Ross,Do you really?,neutral,"Oh. Oh, it’s beautiful. I see it now.
Do you really?","Oh. Oh, it’s beautiful. I see it now.
Do you really?",neutral,4,6,surprise,False,0.019298442,0.0028470221,0.032844122,0.018124133,0.12357022,0.022806259,0.7805098
56,4,Rachel,"No, I don’t see it!",anger,"Do you really?
No, I don’t see it!","Do you really?
No, I don’t see it!",anger,0,6,surprise,False,0.095334716,0.013548213,0.16784132,0.12473447,0.11174567,0.13693006,0.34986565
56,5,Ross,"Come on! Come on! Here, okay-okay, you see this?  This tiny thing that looks like a peanut?",joy,"No, I don’t see it!
Come on! Come on! Here, okay-okay, you see this?  This tiny thing that looks like a peanut?","No, I don’t see it!
Come on! Come on! Here, okay-okay, you see this?  This tiny thing that looks like a peanut?",joy,3,4,neutral,False,0.12857026,0.020073978,0.04525627,0.04973399,0.444888,0.045755163,0.26572233
56,6,Rachel,Yeah.,neutral,"Come on! Come on! Here, okay-okay, you see this?  This tiny thing that looks like a peanut?
Yeah.","Come on! Come on! Here, okay-okay, you see this?  This tiny thing that looks like a peanut?
Yeah.",neutral,4,4,neutral,True,0.007200099,0.0056220237,0.0084854495,0.010445706,0.93803,0.00887743,0.021339398
56,7,Ross,Sweetie that’s it.,joy,"Yeah.
Sweetie that’s it.","Yeah.
Sweetie that’s it.",joy,3,4,neutral,False,0.002230194,0.0011756903,0.0016546223,0.013392501,0.976339,0.004308594,0.0008993581
56,8,Rachel,"That’s it? Well I saw that! Ohh-ohh-oh, thank you.",joy,"Sweetie that’s it.
That’s it? Well I saw that! Ohh-ohh-oh, thank you.","Sweetie that’s it.
That’s it? Well I saw that! Ohh-ohh-oh, thank you.",joy,3,3,joy,True,0.011869641,0.0014899014,0.004612074,0.79769945,0.1663727,0.008038125,0.009918066
56,9,Ross,You’re welcome.,neutral,"That’s it? Well I saw that! Ohh-ohh-oh, thank you.
You’re welcome.","That’s it? Well I saw that! Ohh-ohh-oh, thank you.
You’re welcome.",neutral,4,4,neutral,True,0.0044498844,0.0012242317,0.0043698186,0.081695564,0.89893395,0.0066979704,0.0026285257
56,10,Rachel,Wow! I can’t believe that’s our baby.,surprise,"You’re welcome.
Wow! I can’t believe that’s our baby.","You’re welcome.
Wow! I can’t believe that’s our baby.",surprise,6,6,surprise,True,0.0052578226,0.0021496068,0.0038930622,0.013116471,0.0059146956,0.0069384007,0.9627299
56,11,Ross,"Yeah, that’s our baby.",joy,"Wow! I can’t believe that’s our baby.
Yeah, that’s our baby.","Wow! I can’t believe that’s our baby.
Yeah, that’s our baby.",joy,3,4,neutral,False,0.0052189706,0.0017728412,0.002324599,0.05435789,0.92966455,0.004950575,0.0017105426
57,1,Chandler,"We were playing Gin? Y'know if we were a couple, we could play this game naked.",joy,"Gin.
We were playing Gin? Y'know if we were a couple, we could play this game naked.","Gin.
We were playing Gin? Y'know if we were a couple, we could play this game naked.",joy,3,4,neutral,False,0.003757595,0.003587792,0.0016165639,0.014196395,0.9730032,0.0019370335,0.001901277
57,2,Monica,Will you stop!,joy,"We were playing Gin? Y'know if we were a couple, we could play this game naked.
Will you stop!","We were playing Gin? Y'know if we were a couple, we could play this game naked.
Will you stop!",joy,3,0,anger,False,0.8784418,0.012280971,0.045401294,0.02663469,0.016145466,0.013944819,0.007150888
57,3,Chandler,Okay. All right.,neutral,"Will you stop!
Okay. All right.","Will you stop!
Okay. All right.",neutral,4,4,neutral,True,0.0024774408,0.00072353386,0.001719469,0.003758808,0.9890286,0.0015358835,0.00075621647
57,4,Monica,"Okay, all right, I think you’re great, I think you’re sweet, and you’re smart, and I love you.",joy,"Okay. All right.
Okay, all right, I think you’re great, I think you’re sweet, and you’re smart, and I love you.","Okay. All right.
Okay, all right, I think you’re great, I think you’re sweet, and you’re smart, and I love you.",joy,3,3,joy,True,0.0060535455,0.0008896472,0.0013243575,0.9601367,0.02265885,0.0046786387,0.0042583034
57,5,Monica,But you will always be the guy who peed on me.,disgust,"Okay, all right, I think you’re great, I think you’re sweet, and you’re smart, and I love you.
But you will always be the guy who peed on me.","Okay, all right, I think you’re great, I think you’re sweet, and you’re smart, and I love you.
But you will always be the guy who peed on me.",disgust,1,5,sadness,False,0.09919017,0.031819105,0.03370411,0.24479608,0.050077483,0.5359498,0.0044632596
58,1,Monica,Hey!,joy,"Hey!
Hey!","Hey!
Hey!",joy,3,3,joy,True,0.02424571,0.0025513805,0.0048642084,0.58601815,0.26300138,0.0069548446,0.1123643
58,2,Chandler,Let me tell you about this chick I scored with last night! Oh no wait a minute that was you!,joy,"Hey!
Let me tell you about this chick I scored with last night! Oh no wait a minute that was you!","Hey!
Let me tell you about this chick I scored with last night! Oh no wait a minute that was you!",joy,3,6,surprise,False,0.031910792,0.0022585948,0.005940844,0.046568837,0.0905706,0.008174053,0.81457627
58,3,Monica,"Hey, check me out, I’m a slut!",joy,"Let me tell you about this chick I scored with last night! Oh no wait a minute that was you!
Hey, check me out, I’m a slut!","Let me tell you about this chick I scored with last night! Oh no wait a minute that was you!
Hey, check me out, I’m a slut!",joy,3,0,anger,False,0.7393262,0.12408643,0.022942604,0.009384149,0.007654054,0.038701992,0.05790454
58,4,Chandler,"So you uh, want to do something tonight?",neutral,"Hey, check me out, I’m a slut!
So you uh, want to do something tonight?","Hey, check me out, I’m a slut!
So you uh, want to do something tonight?",neutral,4,4,neutral,True,0.014080247,0.012873281,0.16491199,0.015658887,0.68628734,0.076853074,0.029335191
58,5,Monica,Oh I can’t. Dr. Roger is coming over again.,neutral,"So you uh, want to do something tonight?
Oh I can’t. Dr. Roger is coming over again.","So you uh, want to do something tonight?
Oh I can’t. Dr. Roger is coming over again.",neutral,4,4,neutral,True,0.022235103,0.0051169884,0.10423232,0.05879379,0.63750374,0.10278137,0.06933667
58,6,Chandler,Oh.,neutral,"Oh I can’t. Dr. Roger is coming over again.
Oh.","Oh I can’t. Dr. Roger is coming over again.
Oh.",neutral,4,4,neutral,True,0.0055558006,0.0027507131,0.031598203,0.016384229,0.89348376,0.022287399,0.027940007
58,7,Chandler,Oh right!,surprise,"Oh.
Oh right!","Oh.
Oh right!",surprise,6,3,joy,False,0.015483329,0.0016972998,0.0024545481,0.90621084,0.048146833,0.003406563,0.022600621
58,8,Chandler,Right!,surprise,"Oh right!
Right!","Oh right!
Right!",surprise,6,3,joy,False,0.015455599,0.0014883598,0.0017849172,0.9179633,0.052767638,0.0026379013,0.007902279
58,9,Chandler,"Because you’re still seeing him and uh, he’s a good guy.",sadness,"Right!
Because you’re still seeing him and uh, he’s a good guy.","Right!
Because you’re still seeing him and uh, he’s a good guy.",sadness,5,4,neutral,False,0.013008285,0.010600586,0.046935443,0.009295162,0.88658947,0.023877785,0.009693321
58,10,Chandler,"I mean, I remember a time when",sadness,"Because you’re still seeing him and uh, he’s a good guy.
I mean, I remember a time when","Because you’re still seeing him and uh, he’s a good guy.
I mean, I remember a time when",sadness,5,4,neutral,False,0.008268752,0.0017493624,0.011890741,0.01807742,0.9309398,0.019982444,0.0090914555
58,11,Monica,Are you okay?,neutral,"I mean, I remember a time when
Are you okay?","I mean, I remember a time when
Are you okay?",neutral,4,4,neutral,True,0.010201743,0.0008803343,0.0074168695,0.0074910596,0.9376849,0.0072086854,0.029116295
58,12,Chandler,"Yeah! Totally! Totally, and you?",joy,"Are you okay?
Yeah! Totally! Totally, and you?","Are you okay?
Yeah! Totally! Totally, and you?",joy,3,3,joy,True,0.017057523,0.002913183,0.0040345956,0.60713756,0.123229176,0.006816346,0.23881166
58,13,Monica,"Great! It’s so amazing! I mean, last time Dr. Roger came over, I was",joy,"Yeah! Totally! Totally, and you?
Great! It’s so amazing! I mean, last time Dr. Roger came over, I was","Yeah! Totally! Totally, and you?
Great! It’s so amazing! I mean, last time Dr. Roger came over, I was",joy,3,3,joy,True,0.01879784,0.00248462,0.0063321386,0.7449835,0.18133624,0.013455723,0.032609936
58,14,Chandler,I bet he can.,neutral,"Great! It’s so amazing! I mean, last time Dr. Roger came over, I was
I bet he can.","Great! It’s so amazing! I mean, last time Dr. Roger came over, I was
I bet he can.",neutral,4,4,neutral,True,0.0036501328,0.0021326896,0.0037179866,0.014498927,0.970017,0.004888803,0.0010945393
58,15,Monica,"Y’know, I don’t have an appointment, but I sure could use a physical.  Are you sure you’re okay?",neutral,"I bet he can.
Y’know, I don’t have an appointment, but I sure could use a physical.  Are you sure you’re okay?","I bet he can.
Y’know, I don’t have an appointment, but I sure could use a physical.  Are you sure you’re okay?",neutral,4,4,neutral,True,0.04061496,0.005403471,0.036244832,0.05036232,0.6961652,0.02937213,0.14183705
58,16,Chandler,"Oh yeah! Yeah! Don’t worry about me, I’ll be fine!",sadness,"Y’know, I don’t have an appointment, but I sure could use a physical.  Are you sure you’re okay?
Oh yeah! Yeah! Don’t worry about me, I’ll be fine!","Y’know, I don’t have an appointment, but I sure could use a physical.  Are you sure you’re okay?
Oh yeah! Yeah! Don’t worry about me, I’ll be fine!",sadness,5,3,joy,False,0.16580665,0.009704896,0.038617212,0.42616817,0.31732476,0.031234445,0.011143887
59,1,Rachel,"Oh, I guess. Except everything looks like jammies now.",neutral,"You got the clothes clean. Now that's the important part.
Oh, I guess. Except everything looks like jammies now.","You got the clothes clean. Now that's the important part.
Oh, I guess. Except everything looks like jammies now.",neutral,4,4,neutral,True,0.0044606356,0.0056409687,0.0029158082,0.026008891,0.95287097,0.005427454,0.0026754234
59,2,Rachel,"Whoa, I'm sorry. Excuse me. We had this cart.",anger,"Oh, I guess. Except everything looks like jammies now.
Whoa, I'm sorry. Excuse me. We had this cart.","Oh, I guess. Except everything looks like jammies now.
Whoa, I'm sorry. Excuse me. We had this cart.",anger,0,6,surprise,False,0.0063751703,0.0021921634,0.0047047003,0.0047061904,0.034564104,0.0063106758,0.941147
60,1,Janice,"Oh, Chandler, look. You and Monica are meant to have children.    I am sure it's gonna be just fine.",neutral,"Yeah, but what if it's not? What if there    is a reason why we can't have a baby?
Oh, Chandler, look. You and Monica are meant to have children.    I am sure it's gonna be just fine.","Yeah, but what if it's not? What if there    is a reason why we can't have a baby?
Oh, Chandler, look. You and Monica are meant to have children.    I am sure it's gonna be just fine.",neutral,4,4,neutral,True,0.0111264,0.0022392834,0.005328482,0.01766862,0.9482908,0.014396035,0.0009503463
60,2,Chandler,"oh, oh, yeah, ok, thanks.",joy,"Oh, Chandler, look. You and Monica are meant to have children.    I am sure it's gonna be just fine.
oh, oh, yeah, ok, thanks.","Oh, Chandler, look. You and Monica are meant to have children.    I am sure it's gonna be just fine.
oh, oh, yeah, ok, thanks.",joy,3,4,neutral,False,0.012853849,0.004787138,0.013466091,0.32904845,0.5648309,0.07219074,0.002822823
60,3,Chandler,I can't believe    I didn't even think of that.,surprise,"oh, oh, yeah, ok, thanks.
I can't believe    I didn't even think of that.","oh, oh, yeah, ok, thanks.
I can't believe    I didn't even think of that.",surprise,6,6,surprise,True,0.009647054,0.0019480011,0.0033252193,0.043764174,0.021976938,0.0076995543,0.91163903
60,4,Chandler,I guess I was just so worried about having to...    come here and do... 'that'...,sadness,"I can't believe    I didn't even think of that.
I guess I was just so worried about having to...    come here and do... 'that'...","I can't believe    I didn't even think of that.
I guess I was just so worried about having to...    come here and do... 'that'...",sadness,5,5,sadness,True,0.11156451,0.054332424,0.2967987,0.042337373,0.1325021,0.34805572,0.014409111
60,5,Janice,"What, you can do it in the parking lot of a Taco Bell, but you    can't do it at a doctor's office?",anger,"I guess I was just so worried about having to...    come here and do... 'that'...
What, you can do it in the parking lot of a Taco Bell, but you    can't do it at a doctor's office?","I guess I was just so worried about having to...    come here and do... 'that'...
What, you can do it in the parking lot of a Taco Bell, but you    can't do it at a doctor's office?",anger,0,4,neutral,False,0.058808833,0.010701833,0.04053409,0.21419117,0.5675325,0.09078368,0.017447902
60,6,Chandler,"It was a ""Wendy's!!    """,anger,"What, you can do it in the parking lot of a Taco Bell, but you    can't do it at a doctor's office?
It was a ""Wendy's!!    ""","What, you can do it in the parking lot of a Taco Bell, but you    can't do it at a doctor's office?
It was a ""Wendy's!!    """,anger,0,6,surprise,False,0.23793888,0.05525092,0.023183074,0.24881029,0.0483573,0.044733,0.34172657
61,1,Monica,"Look, not that I enjoy talking about people who I went to high school with, ‘cause I do, but umm, maybe we could talk about something else?",disgust,"...and then Zana, just let one rip!!
Look, not that I enjoy talking about people who I went to high school with, ‘cause I do, but umm, maybe we could talk about something else?","...and then Zana, just let one rip!!
Look, not that I enjoy talking about people who I went to high school with, ‘cause I do, but umm, maybe we could talk about something else?",disgust,1,4,neutral,False,0.048274234,0.013419123,0.015693244,0.017583037,0.8842389,0.01821008,0.0025814064
61,2,Monica,"Like you, I don’t even know where you work?",surprise,"Look, not that I enjoy talking about people who I went to high school with, ‘cause I do, but umm, maybe we could talk about something else?
Like you, I don’t even know where you work?","Look, not that I enjoy talking about people who I went to high school with, ‘cause I do, but umm, maybe we could talk about something else?
Like you, I don’t even know where you work?",surprise,6,4,neutral,False,0.021883043,0.0017302046,0.0061625247,0.009593578,0.9278007,0.011237159,0.02159286
62,1,Chandler,"Yeah. Well, I think our second fight is going to be a",anger,"Yeah.
Yeah. Well, I think our second fight is going to be a","Yeah.
Yeah. Well, I think our second fight is going to be a",anger,0,4,neutral,False,0.017169142,0.0025431549,0.0076054665,0.09908346,0.86143017,0.009310311,0.0028582744
63,1,Ross,Hey!,neutral,"Hey.
Hey!","Hey.
Hey!",neutral,4,3,joy,False,0.021657022,0.0028126193,0.0053736256,0.5372626,0.2186838,0.007583174,0.20662712
64,1,Ross,"Well, I was going to stick it in the ATM, but now I think I’ll show the sexy teller that I am a published writer.",neutral,"So, you stole my joke, and you stole my money.
Well, I was going to stick it in the ATM, but now I think I’ll show the sexy teller that I am a published writer.","So, you stole my joke, and you stole my money.
Well, I was going to stick it in the ATM, but now I think I’ll show the sexy teller that I am a published writer.",neutral,4,4,neutral,True,0.014799013,0.007666941,0.0022159135,0.053123422,0.91289455,0.0070792777,0.0022209499
64,2,Chandler,"Well, she is going to know that you stole the joke.",anger,"Well, I was going to stick it in the ATM, but now I think I’ll show the sexy teller that I am a published writer.
Well, she is going to know that you stole the joke.","Well, I was going to stick it in the ATM, but now I think I’ll show the sexy teller that I am a published writer.
Well, she is going to know that you stole the joke.",anger,0,0,anger,True,0.7066804,0.044588376,0.009335122,0.02901443,0.044440407,0.09946574,0.0664755
64,3,Ross,"Oh, what are you going to do, follow me down there?",anger,"Well, she is going to know that you stole the joke.
Oh, what are you going to do, follow me down there?","Well, she is going to know that you stole the joke.
Oh, what are you going to do, follow me down there?",anger,0,4,neutral,False,0.21517882,0.015452975,0.13916273,0.0331025,0.48207968,0.04920701,0.065816276
64,4,Chandler,Yeah!,anger,"Oh, what are you going to do, follow me down there?
Yeah!","Oh, what are you going to do, follow me down there?
Yeah!",anger,0,3,joy,False,0.044818766,0.003293483,0.0075863283,0.83292514,0.09428647,0.006215289,0.01087459
64,5,Ross,"Well, I’m not going to go now anyway .",neutral,"Yeah!
Well, I’m not going to go now anyway .","Yeah!
Well, I’m not going to go now anyway .",neutral,4,4,neutral,True,0.014948359,0.0043255165,0.008517041,0.021974104,0.92997396,0.018702973,0.0015580863
64,6,Chandler,Okay .,neutral,"Well, I’m not going to go now anyway .
Okay .","Well, I’m not going to go now anyway .
Okay .",neutral,4,4,neutral,True,0.0026134772,0.0010328501,0.0030274119,0.006901495,0.98376507,0.0017337165,0.0009260104
64,7,Gunther,Here you go.,neutral,"Okay .
Here you go.","Okay .
Here you go.",neutral,4,4,neutral,True,0.0025812432,0.0012129986,0.0014444299,0.0048125284,0.98717016,0.0020244399,0.0007541544
64,8,Joey,"Ah, Gunther, I can’t pay for this right now because I’m not working, so I’ve had to cut down on some luxuries like uh, payin’ for stuff.",neutral,"Here you go.
Ah, Gunther, I can’t pay for this right now because I’m not working, so I’ve had to cut down on some luxuries like uh, payin’ for stuff.","Here you go.
Ah, Gunther, I can’t pay for this right now because I’m not working, so I’ve had to cut down on some luxuries like uh, payin’ for stuff.",neutral,4,4,neutral,True,0.011436794,0.006225509,0.031278882,0.011950692,0.914176,0.021791324,0.0031407438
64,9,Gunther,"Well, if you want, you can work here.",neutral,"Ah, Gunther, I can’t pay for this right now because I’m not working, so I’ve had to cut down on some luxuries like uh, payin’ for stuff.
Well, if you want, you can work here.","Ah, Gunther, I can’t pay for this right now because I’m not working, so I’ve had to cut down on some luxuries like uh, payin’ for stuff.
Well, if you want, you can work here.",neutral,4,4,neutral,True,0.0056411186,0.0028843812,0.0036680587,0.007207498,0.9763293,0.0033135384,0.00095615967
64,10,Joey,"Uh, I don’t know.",neutral,"Well, if you want, you can work here.
Uh, I don’t know.","Well, if you want, you can work here.
Uh, I don’t know.",neutral,4,4,neutral,True,0.009798827,0.0047263545,0.13465184,0.01982577,0.7687403,0.04241943,0.0198375
64,11,Joey,"Ya see, it’s just, see I was a regular on a soap opera y’know?",neutral,"Uh, I don’t know.
Ya see, it’s just, see I was a regular on a soap opera y’know?","Uh, I don’t know.
Ya see, it’s just, see I was a regular on a soap opera y’know?",neutral,4,4,neutral,True,0.008837362,0.001626518,0.005128935,0.028596984,0.94729716,0.0069788117,0.0015342027
64,12,Joey,"And to go from that to this, I just… Plus, I’d have to wait on all my friends.",sadness,"Ya see, it’s just, see I was a regular on a soap opera y’know?
And to go from that to this, I just… Plus, I’d have to wait on all my friends.","Ya see, it’s just, see I was a regular on a soap opera y’know?
And to go from that to this, I just… Plus, I’d have to wait on all my friends.",sadness,5,4,neutral,False,0.021719065,0.0047290637,0.020764146,0.042456143,0.8794183,0.029141005,0.0017721655
64,13,Gunther,"Okay, but the money’s good, plus you get to stare at Rachel as much as you want.",neutral,"And to go from that to this, I just… Plus, I’d have to wait on all my friends.
Okay, but the money’s good, plus you get to stare at Rachel as much as you want.","And to go from that to this, I just… Plus, I’d have to wait on all my friends.
Okay, but the money’s good, plus you get to stare at Rachel as much as you want.",neutral,4,4,neutral,True,0.0077427314,0.0040041087,0.0026474823,0.008628104,0.9703803,0.005821385,0.00077588303
64,14,Joey,What?!,surprise,"Okay, but the money’s good, plus you get to stare at Rachel as much as you want.
What?!","Okay, but the money’s good, plus you get to stare at Rachel as much as you want.
What?!",surprise,6,6,surprise,True,0.004539105,0.0009775038,0.0036552385,0.0025524653,0.011460162,0.0036284728,0.9731871
64,15,Gunther,Flexible hours.,neutral,"What?!
Flexible hours.","What?!
Flexible hours.",neutral,4,4,neutral,True,0.006242412,0.0013479317,0.001637794,0.008351164,0.9783438,0.0023056366,0.0017713065
64,16,Joey,Maybe I could be a waiter. Could I use the phone?,neutral,"Flexible hours.
Maybe I could be a waiter. Could I use the phone?","Flexible hours.
Maybe I could be a waiter. Could I use the phone?",neutral,4,4,neutral,True,0.002168964,0.0005573567,0.0014398663,0.008434931,0.98240465,0.0019309581,0.00306331
65,1,Phoebe,"All right, so, what are we supposed to call you?",neutral,"I have no name.
All right, so, what are we supposed to call you?","I have no name.
All right, so, what are we supposed to call you?",neutral,4,4,neutral,True,0.019283677,0.0021931722,0.01332334,0.0074394755,0.90309936,0.010053513,0.044607494
65,2,Chandler,"Okay uh, for now, temporarily, you can call me, Clint.",neutral,"All right, so, what are we supposed to call you?
Okay uh, for now, temporarily, you can call me, Clint.","All right, so, what are we supposed to call you?
Okay uh, for now, temporarily, you can call me, Clint.",neutral,4,4,neutral,True,0.0050826357,0.0022049954,0.013173387,0.0070154783,0.9650756,0.0056414567,0.0018063985
65,3,Joey,No way are you cool enough to pull of Clint.,disgust,"Okay uh, for now, temporarily, you can call me, Clint.
No way are you cool enough to pull of Clint.","Okay uh, for now, temporarily, you can call me, Clint.
No way are you cool enough to pull of Clint.",disgust,1,4,neutral,False,0.030394679,0.013025312,0.0037877073,0.106482305,0.82479954,0.008592707,0.012917763
65,4,Chandler,"Okay, so what name am I cool enough to pull off?",surprise,"No way are you cool enough to pull of Clint.
Okay, so what name am I cool enough to pull off?","No way are you cool enough to pull of Clint.
Okay, so what name am I cool enough to pull off?",surprise,6,4,neutral,False,0.01104077,0.0011879312,0.0025289787,0.016305465,0.9649071,0.002752404,0.0012773277
65,5,Phoebe,"Umm, Gene.",neutral,"Okay, so what name am I cool enough to pull off?
Umm, Gene.","Okay, so what name am I cool enough to pull off?
Umm, Gene.",neutral,4,4,neutral,True,0.0013303651,0.0006903999,0.0011253911,0.0034406935,0.99151623,0.0012804939,0.0006164701
65,6,Chandler,It’s Clint. It’s Clint!,anger,"Umm, Gene.
It’s Clint. It’s Clint!","Umm, Gene.
It’s Clint. It’s Clint!",anger,0,3,joy,False,0.092422135,0.007316548,0.022041177,0.40260962,0.102197655,0.030081468,0.34333134
65,7,Joey,"See you later, Gene.",neutral,"It’s Clint. It’s Clint!
See you later, Gene.","It’s Clint. It’s Clint!
See you later, Gene.",neutral,4,4,neutral,True,0.01212932,0.0030114017,0.002747742,0.19397816,0.78114295,0.005616242,0.001374293
65,8,Phoebe,"Bye, Gene.",neutral,"See you later, Gene.
Bye, Gene.","See you later, Gene.
Bye, Gene.",neutral,4,4,neutral,True,0.002010151,0.00081644685,0.0011301596,0.0065704277,0.9865596,0.0021034493,0.0008097904
65,9,Chandler,It’s Clint!,anger,"Bye, Gene.
It’s Clint!","Bye, Gene.
It’s Clint!",anger,0,3,joy,False,0.042389244,0.0029402915,0.006584945,0.72361076,0.150514,0.010522501,0.06343829
65,10,Joey,What’s up with Gene?,surprise,"It’s Clint!
What’s up with Gene?","It’s Clint!
What’s up with Gene?",surprise,6,4,neutral,False,0.0056579267,0.0005319524,0.0012559658,0.0065562064,0.9693313,0.0028813777,0.01378519
66,1,Flight Attendant,Thank you!  Enjoy your flight?,joy,"Welcome to Las Vegas.
Thank you!  Enjoy your flight?","Welcome to Las Vegas.
Thank you!  Enjoy your flight?",joy,3,4,neutral,False,0.019024389,0.002652403,0.0027944713,0.4483895,0.517707,0.0040468406,0.0053853723
66,2,Rachel,"Yes, I did. Thank you very much, it was excellent.",joy,"Thank you!  Enjoy your flight?
Yes, I did. Thank you very much, it was excellent.","Thank you!  Enjoy your flight?
Yes, I did. Thank you very much, it was excellent.",joy,3,3,joy,True,0.006210133,0.0010879759,0.0013232329,0.93044484,0.05400327,0.0040427684,0.0028877873
66,3,Flight Attendant,Hope you had a nice flight.,neutral,"Yes, I did. Thank you very much, it was excellent.
Hope you had a nice flight.","Yes, I did. Thank you very much, it was excellent.
Hope you had a nice flight.",neutral,4,4,neutral,True,0.0075462908,0.0021722487,0.003798139,0.098896086,0.87734866,0.007955317,0.0022832635
66,4,Ross,"Ohh, it was the best!",joy,"Hope you had a nice flight.
Ohh, it was the best!","Hope you had a nice flight.
Ohh, it was the best!",joy,3,3,joy,True,0.016951941,0.0017269677,0.0027456603,0.8969681,0.06282006,0.010810723,0.007976513
67,1,Phoebe,"Umm, do health inspectors work on commission?",neutral,"Oh, Larry.
Umm, do health inspectors work on commission?","Oh, Larry.
Umm, do health inspectors work on commission?",neutral,4,4,neutral,True,0.0041180896,0.00093017844,0.0031531279,0.0032436354,0.98232895,0.0024297726,0.0037963698
67,2,Larry,"No, bribes.",neutral,"Umm, do health inspectors work on commission?
No, bribes.","Umm, do health inspectors work on commission?
No, bribes.",neutral,4,4,neutral,True,0.007943215,0.0041819657,0.0026119133,0.009535086,0.9652434,0.008637742,0.0018466855
67,3,Phoebe,It's okay to laugh right?,joy,"No, bribes.
It's okay to laugh right?","No, bribes.
It's okay to laugh right?",joy,3,4,neutral,False,0.029948123,0.005571205,0.009493905,0.04890472,0.8872113,0.008527168,0.010343558
68,1,Joey,"Rach, I told you everything I knew last night!",anger,"Come on Joey!!!
Rach, I told you everything I knew last night!","Come on Joey!!!
Rach, I told you everything I knew last night!",anger,0,3,joy,False,0.21776757,0.011258033,0.02667807,0.50621283,0.124998935,0.031220837,0.081863746
68,2,Joey,"Look, it's not that big of a deal, so Monica and Chandler are doing it.",neutral,"Rach, I told you everything I knew last night!
Look, it's not that big of a deal, so Monica and Chandler are doing it.","Rach, I told you everything I knew last night!
Look, it's not that big of a deal, so Monica and Chandler are doing it.",neutral,4,4,neutral,True,0.0080821,0.0021789197,0.0014962505,0.020547127,0.95790863,0.005821612,0.003965356
68,3,Rachel,I can't believe you would say that!,sadness,"Look, it's not that big of a deal, so Monica and Chandler are doing it.
I can't believe you would say that!","Look, it's not that big of a deal, so Monica and Chandler are doing it.
I can't believe you would say that!",sadness,5,6,surprise,False,0.022375409,0.002223434,0.0052934745,0.017184615,0.008971422,0.010345412,0.93360615
68,4,Joey,Sorry. Monica and Chandler are making love.,neutral,"I can't believe you would say that!
Sorry. Monica and Chandler are making love.","I can't believe you would say that!
Sorry. Monica and Chandler are making love.",neutral,4,4,neutral,True,0.035680823,0.008849257,0.0046588965,0.08597873,0.777326,0.06726791,0.02023836
68,5,Rachel,No! I mean come on! This is a,anger,"Sorry. Monica and Chandler are making love.
No! I mean come on! This is a","Sorry. Monica and Chandler are making love.
No! I mean come on! This is a",anger,0,6,surprise,False,0.16752417,0.009329452,0.012364733,0.05513708,0.12262676,0.022912571,0.6101053
68,6,Joey,I don't know.,neutral,"No! I mean come on! This is a
I don't know.","No! I mean come on! This is a
I don't know.",neutral,4,4,neutral,True,0.002582443,0.00068501715,0.004261633,0.004086582,0.98052853,0.0032698654,0.004586013
68,7,Rachel,Is he romantic with her?,joy,"I don't know.
Is he romantic with her?","I don't know.
Is he romantic with her?",joy,3,4,neutral,False,0.036744352,0.009397663,0.015306329,0.0075866044,0.8189615,0.025005754,0.086997725
68,8,Joey,I don't know.,neutral,"Is he romantic with her?
I don't know.","Is he romantic with her?
I don't know.",neutral,4,4,neutral,True,0.00413755,0.0021136184,0.0139237195,0.008743494,0.9547841,0.009894382,0.006403075
68,9,Rachel,Are they in love?,joy,"I don't know.
Are they in love?","I don't know.
Are they in love?",joy,3,4,neutral,False,0.026678555,0.00218449,0.006533648,0.42501444,0.45561913,0.025350023,0.058619753
68,10,Joey,I don't know.,neutral,"Are they in love?
I don't know.","Are they in love?
I don't know.",neutral,4,4,neutral,True,0.005102327,0.0017887399,0.016110456,0.027593555,0.9256033,0.01408789,0.0097136935
68,11,Rachel,You don't know anything.,anger,"I don't know.
You don't know anything.","I don't know.
You don't know anything.",anger,0,4,neutral,False,0.041657384,0.004724992,0.024240907,0.053015307,0.8244675,0.024882983,0.027010981
68,12,Joey,"Ohh, I know one thing!",joy,"You don't know anything.
Ohh, I know one thing!","You don't know anything.
Ohh, I know one thing!",joy,3,0,anger,False,0.45587158,0.0058113392,0.030804187,0.18173653,0.18422206,0.032369014,0.109185316
68,13,Rachel,What?,joy,"Ohh, I know one thing!
What?","Ohh, I know one thing!
What?",joy,3,4,neutral,False,0.007274795,0.0011710657,0.008043048,0.004800266,0.54590684,0.00621587,0.42658812
68,14,Joey,They did it right there on the couch.,neutral,"What?
They did it right there on the couch.","What?
They did it right there on the couch.",neutral,4,4,neutral,True,0.007862823,0.0046860524,0.0016327247,0.020052321,0.9460627,0.006603527,0.013099921
69,1,Chandler,"I mean, that guy with the toe thing?",anger,"Excuse me, look, we've been here for over an hour, and a lot of people less sick than my friend have gone in.
I mean, that guy with the toe thing?","Excuse me, look, we've been here for over an hour, and a lot of people less sick than my friend have gone in.
I mean, that guy with the toe thing?",anger,0,4,neutral,False,0.12136459,0.12230268,0.014857936,0.04676041,0.43011135,0.054429665,0.21017331
69,2,Chandler,Who's he sleeping with?,neutral,"I mean, that guy with the toe thing?
Who's he sleeping with?","I mean, that guy with the toe thing?
Who's he sleeping with?",neutral,4,4,neutral,True,0.0108572645,0.008316369,0.0048004217,0.007544989,0.8493697,0.00786728,0.111243926
69,3,Chandler,"Oh, c'mon Dora, don't be mad...",neutral,"Who's he sleeping with?
Oh, c'mon Dora, don't be mad...","Who's he sleeping with?
Oh, c'mon Dora, don't be mad...",neutral,4,4,neutral,True,0.09741636,0.011405138,0.06260777,0.043752633,0.76109344,0.020288661,0.0034360697
69,4,Chandler,"I know we both said some things we didn't mean, but that doesn't mean we still don't love each other.",neutral,"Oh, c'mon Dora, don't be mad...
I know we both said some things we didn't mean, but that doesn't mean we still don't love each other.","Oh, c'mon Dora, don't be mad...
I know we both said some things we didn't mean, but that doesn't mean we still don't love each other.",neutral,4,4,neutral,True,0.11026278,0.018273233,0.047928955,0.10156972,0.50302386,0.1865533,0.03238812
69,5,Chandler,"Y'know, I feel like I've lost her..  Ba-!",joy,"I know we both said some things we didn't mean, but that doesn't mean we still don't love each other.
Y'know, I feel like I've lost her..  Ba-!","I know we both said some things we didn't mean, but that doesn't mean we still don't love each other.
Y'know, I feel like I've lost her..  Ba-!",joy,3,2,fear,False,0.080991,0.021175234,0.35541034,0.09480716,0.046609342,0.28945875,0.1115482
70,1,Molly,So where did you study?,neutral,"So you see, Molly, what people don't understand is that acting    is a discipline. It takes a lot of hard work.
So where did you study?","So you see, Molly, what people don't understand is that acting    is a discipline. It takes a lot of hard work.
So where did you study?",neutral,4,4,neutral,True,0.008292076,0.00063204824,0.0026512954,0.019403998,0.9374619,0.009726791,0.021831958
70,2,Joey,"Oh, I didn't go to college.",neutral,"So where did you study?
Oh, I didn't go to college.","So where did you study?
Oh, I didn't go to college.",neutral,4,4,neutral,True,0.0131207155,0.0019843588,0.007888508,0.092867255,0.8236454,0.02682452,0.033669144
70,3,Molly,"No, where did you study acting?",neutral,"Oh, I didn't go to college.
No, where did you study acting?","Oh, I didn't go to college.
No, where did you study acting?",neutral,4,4,neutral,True,0.004048532,0.00096591073,0.0027392225,0.011915793,0.9426959,0.0038961896,0.033738412
70,4,Joey,Molly ... people don't study acting ...,neutral,"No, where did you study acting?
Molly ... people don't study acting ...","No, where did you study acting?
Molly ... people don't study acting ...",neutral,4,4,neutral,True,0.036887888,0.007839029,0.011209567,0.018172195,0.89572,0.012231773,0.017939424
70,5,Ross,"Molly, ah, do you mind giving us just a minute?",neutral,"Molly ... people don't study acting ...
Molly, ah, do you mind giving us just a minute?","Molly ... people don't study acting ...
Molly, ah, do you mind giving us just a minute?",neutral,4,4,neutral,True,0.0058041667,0.0028561384,0.012773144,0.006017378,0.96236515,0.007236523,0.0029474455
70,6,Molly,"Sure, I'll go check on Emma.",neutral,"Molly, ah, do you mind giving us just a minute?
Sure, I'll go check on Emma.","Molly, ah, do you mind giving us just a minute?
Sure, I'll go check on Emma.",neutral,4,4,neutral,True,0.0021778264,0.0013344672,0.0019771864,0.0051746494,0.98687845,0.001868947,0.00058839435
70,7,Ross,Thanx.,neutral,"Sure, I'll go check on Emma.
Thanx.","Sure, I'll go check on Emma.
Thanx.",neutral,4,4,neutral,True,0.0026169205,0.001508583,0.0011567522,0.0033264859,0.9883156,0.0022267818,0.000848898
70,8,Joey,Will the stable boy never get the princess??,sadness,"Thanx.
Will the stable boy never get the princess??","Thanx.
Will the stable boy never get the princess??",sadness,5,0,anger,False,0.3021847,0.01002467,0.1382308,0.11548993,0.13556287,0.25827476,0.040232327
70,9,Ross,"What do you think you're gonna do, have sex with her right here    on my couch?",disgust,"Will the stable boy never get the princess??
What do you think you're gonna do, have sex with her right here    on my couch?","Will the stable boy never get the princess??
What do you think you're gonna do, have sex with her right here    on my couch?",disgust,1,4,neutral,False,0.096574366,0.13504164,0.025333546,0.03207514,0.5997997,0.05268851,0.058487166
70,10,Joey,No ... the leather sticks to my ass.,disgust,"What do you think you're gonna do, have sex with her right here    on my couch?
No ... the leather sticks to my ass.","What do you think you're gonna do, have sex with her right here    on my couch?
No ... the leather sticks to my ass.",disgust,1,4,neutral,False,0.0641031,0.16158979,0.006871699,0.18516216,0.5375388,0.02725096,0.017483577
70,11,Joey,"You know, this isn't fair.",anger,"No ... the leather sticks to my ass.
You know, this isn't fair.","No ... the leather sticks to my ass.
You know, this isn't fair.",anger,0,4,neutral,False,0.40370542,0.07201739,0.023057261,0.04322764,0.42418054,0.025621323,0.008190416
70,12,Joey,What makes you think that I'm just gonna sleep with her and then blow her off?,anger,"You know, this isn't fair.
What makes you think that I'm just gonna sleep with her and then blow her off?","You know, this isn't fair.
What makes you think that I'm just gonna sleep with her and then blow her off?",anger,0,4,neutral,False,0.27431285,0.03495613,0.027193133,0.036919482,0.49213117,0.064229034,0.07025825
70,13,Joey,Huh?,anger,"What makes you think that I'm just gonna sleep with her and then blow her off?
Huh?","What makes you think that I'm just gonna sleep with her and then blow her off?
Huh?",anger,0,6,surprise,False,0.043894906,0.0065308297,0.01967222,0.01338977,0.32592422,0.019481644,0.57110643
70,14,Joey,"Can't you guys open your minds to the possibility that I actally like her,    and might want something real?",anger,"Huh?
Can't you guys open your minds to the possibility that I actally like her,    and might want something real?","Huh?
Can't you guys open your minds to the possibility that I actally like her,    and might want something real?",anger,0,4,neutral,False,0.09183081,0.0055113095,0.027580757,0.024321312,0.8111193,0.024316568,0.015319898
70,15,Joey,"Look, the truth is, I haven't felt this    way about anyone since Rachel, ok?",sadness,"Can't you guys open your minds to the possibility that I actally like her,    and might want something real?
Look, the truth is, I haven't felt this    way about anyone since Rachel, ok?","Can't you guys open your minds to the possibility that I actally like her,    and might want something real?
Look, the truth is, I haven't felt this    way about anyone since Rachel, ok?",sadness,5,4,neutral,False,0.17307763,0.01752952,0.07412573,0.044795234,0.5790992,0.07576275,0.035610057
70,16,Joey,I didn't think I could ever love again.,sadness,"Look, the truth is, I haven't felt this    way about anyone since Rachel, ok?
I didn't think I could ever love again.","Look, the truth is, I haven't felt this    way about anyone since Rachel, ok?
I didn't think I could ever love again.",sadness,5,6,surprise,False,0.044638854,0.011370685,0.03862705,0.14602053,0.048442267,0.1549821,0.5559185
70,17,Ross and Chandler,Come on! Joe!,joy,"I didn't think I could ever love again.
Come on! Joe!","I didn't think I could ever love again.
Come on! Joe!",joy,3,3,joy,True,0.16088001,0.006911326,0.011132587,0.65071326,0.11647394,0.012636601,0.041252308
70,18,Woman,"Hi, is Molly here?",neutral,"Come on! Joe!
Hi, is Molly here?","Come on! Joe!
Hi, is Molly here?",neutral,4,4,neutral,True,0.0049659614,0.0005915359,0.0029522746,0.008747167,0.9060863,0.0028876886,0.07376897
70,19,Ross,"Yeah, come on in. Molly?",neutral,"Hi, is Molly here?
Yeah, come on in. Molly?","Hi, is Molly here?
Yeah, come on in. Molly?",neutral,4,6,surprise,False,0.008405886,0.0012060549,0.0065010674,0.004031367,0.21811974,0.0058102054,0.7559257
70,20,Molly,"Hey! Guys, this is Tabatha .  I'll see you tomorrow.",neutral,"Yeah, come on in. Molly?
Hey! Guys, this is Tabatha .  I'll see you tomorrow.","Yeah, come on in. Molly?
Hey! Guys, this is Tabatha .  I'll see you tomorrow.",neutral,4,4,neutral,True,0.0141019095,0.0027027603,0.003911797,0.46213847,0.50071836,0.0053944997,0.011032189
70,21,Ross,"Ok ...  Well, uh, Joey, I guess    we have no problem.",neutral,"Hey! Guys, this is Tabatha .  I'll see you tomorrow.
Ok ...  Well, uh, Joey, I guess    we have no problem.","Hey! Guys, this is Tabatha .  I'll see you tomorrow.
Ok ...  Well, uh, Joey, I guess    we have no problem.",neutral,4,4,neutral,True,0.0047183842,0.002047739,0.022151688,0.0068680667,0.9504064,0.009902319,0.003905414
70,22,Joey,"It's like my favorite fairy tale come true!  The princess, the stable boy and the lesbian!",joy,"Ok ...  Well, uh, Joey, I guess    we have no problem.
It's like my favorite fairy tale come true!  The princess, the stable boy and the lesbian!","Ok ...  Well, uh, Joey, I guess    we have no problem.
It's like my favorite fairy tale come true!  The princess, the stable boy and the lesbian!",joy,3,3,joy,True,0.030358138,0.0024226115,0.003317432,0.91560775,0.027729975,0.0078011802,0.012762943
71,1,The Director,Yeah.,neutral,"And what’s cool is, the character is from Naples, right?
Yeah.","And what’s cool is, the character is from Naples, right?
Yeah.",neutral,4,4,neutral,True,0.0009778839,0.0006303619,0.0013973843,0.0038738078,0.9905194,0.0013850621,0.0012160577
71,2,Joey,My whole family’s from Naples!,joy,"Yeah.
My whole family’s from Naples!","Yeah.
My whole family’s from Naples!",joy,3,6,surprise,False,0.06186875,0.007399506,0.0073754853,0.2200614,0.2925636,0.023831695,0.38689965
71,3,The Director,"Oh that’s great! Okay, well I’ve heard everything I need to hear. I just need to uh, Leslie",surprise,"My whole family’s from Naples!
Oh that’s great! Okay, well I’ve heard everything I need to hear. I just need to uh, Leslie","My whole family’s from Naples!
Oh that’s great! Okay, well I’ve heard everything I need to hear. I just need to uh, Leslie",surprise,6,4,neutral,False,0.0046843053,0.0013163182,0.02267782,0.00944563,0.9484612,0.009284457,0.004130376
71,4,The Casting Director,"Joey, this is the awkward part.",joy,"Oh that’s great! Okay, well I’ve heard everything I need to hear. I just need to uh, Leslie
Joey, this is the awkward part.","Oh that’s great! Okay, well I’ve heard everything I need to hear. I just need to uh, Leslie
Joey, this is the awkward part.",joy,3,4,neutral,False,0.0037777596,0.0023494444,0.014617084,0.0043005636,0.9642944,0.00894531,0.0017154188
71,5,Joey,Oh!,surprise,"Joey, this is the awkward part.
Oh!","Joey, this is the awkward part.
Oh!",surprise,6,6,surprise,True,0.0057095215,0.0022761947,0.003917323,0.007014514,0.0051071965,0.0049177534,0.9710575
71,6,Joey,Hey right!,surprise,"Oh!
Hey right!","Oh!
Hey right!",surprise,6,3,joy,False,0.010558284,0.0010488724,0.0014984101,0.9171862,0.056860086,0.0024683776,0.010379714
71,7,Joey,Not a problem.,neutral,"Hey right!
Not a problem.","Hey right!
Not a problem.",neutral,4,4,neutral,True,0.0027053377,0.0010064412,0.0009930836,0.009304092,0.9838718,0.0010733479,0.0010458931
71,8,Joey,I totally understand.,neutral,"Not a problem.
I totally understand.","Not a problem.
I totally understand.",neutral,4,4,neutral,True,0.005954374,0.001406779,0.004198953,0.010906712,0.9725271,0.0037986767,0.0012074005
71,9,Joey,You need to y’know make sure I don’t have any horrible scars or tattoos.,neutral,"I totally understand.
You need to y’know make sure I don’t have any horrible scars or tattoos.","I totally understand.
You need to y’know make sure I don’t have any horrible scars or tattoos.",neutral,4,4,neutral,True,0.009217274,0.004627727,0.005871534,0.01106732,0.9646802,0.0035000495,0.0010358142
71,10,Joey,Don’t you worry. I have nothing to hide.,neutral,"You need to y’know make sure I don’t have any horrible scars or tattoos.
Don’t you worry. I have nothing to hide.","You need to y’know make sure I don’t have any horrible scars or tattoos.
Don’t you worry. I have nothing to hide.",neutral,4,4,neutral,True,0.01887343,0.006083119,0.00921371,0.043729015,0.91474295,0.006303776,0.0010540707
71,11,Joey,"So there you go, that’s me.",neutral,"Don’t you worry. I have nothing to hide.
So there you go, that’s me.","Don’t you worry. I have nothing to hide.
So there you go, that’s me.",neutral,4,4,neutral,True,0.018007923,0.0040616235,0.011013264,0.031470623,0.9264993,0.007814028,0.0011333274
71,12,Joey,One hundred percent natural!,joy,"So there you go, that’s me.
One hundred percent natural!","So there you go, that’s me.
One hundred percent natural!",joy,3,3,joy,True,0.17211562,0.01344556,0.008509039,0.6082551,0.121971145,0.020700136,0.05500346
71,13,Joey,"I tell ya, that has never happened before.",fear,"One hundred percent natural!
I tell ya, that has never happened before.","One hundred percent natural!
I tell ya, that has never happened before.",fear,2,4,neutral,False,0.0032127264,0.0010903339,0.0026672897,0.0071196947,0.97809964,0.0035219693,0.0042882827
72,1,Rachel,Okay!,joy,"This room’s available.
Okay!","This room’s available.
Okay!",joy,3,3,joy,True,0.06726617,0.004381706,0.008072391,0.75265926,0.09806391,0.008753327,0.0608032
72,2,Rachel,Okay wait!,anger,"Okay!
Okay wait!","Okay!
Okay wait!",anger,0,6,surprise,False,0.13667613,0.011924509,0.05209497,0.13772945,0.19183041,0.06307176,0.40667284
72,3,Rachel,You listen to me!,anger,"Okay wait!
You listen to me!","Okay wait!
You listen to me!",anger,0,0,anger,True,0.6951312,0.015817482,0.028865753,0.060650527,0.03137241,0.02538534,0.14277728
72,4,Rachel,You listen to me!,anger,"You listen to me!
You listen to me!","You listen to me!
You listen to me!",anger,0,0,anger,True,0.84487367,0.008853407,0.0323082,0.06306842,0.026289163,0.011880465,0.012726589
72,5,Rachel,"Since I have been waiting four women, that’s four, one higher than the number of centimeters that I am dilated, have come and gone with their babies!",anger,"You listen to me!
Since I have been waiting four women, that’s four, one higher than the number of centimeters that I am dilated, have come and gone with their babies!","You listen to me!
Since I have been waiting four women, that’s four, one higher than the number of centimeters that I am dilated, have come and gone with their babies!",anger,0,0,anger,True,0.44535184,0.015488223,0.016291054,0.20678267,0.25580138,0.023317393,0.036967475
72,6,Rachel,I’m next!,anger,"Since I have been waiting four women, that’s four, one higher than the number of centimeters that I am dilated, have come and gone with their babies!
I’m next!","Since I have been waiting four women, that’s four, one higher than the number of centimeters that I am dilated, have come and gone with their babies!
I’m next!",anger,0,4,neutral,False,0.015665928,0.001577237,0.0019503685,0.30550787,0.65849835,0.0036580728,0.013142161
72,7,Rachel,It’s my turn!,anger,"I’m next!
It’s my turn!","I’m next!
It’s my turn!",anger,0,3,joy,False,0.13800932,0.0037214467,0.004597907,0.7341509,0.09422186,0.010191796,0.015106759
72,8,Rachel,It’s only fair!,anger,"It’s my turn!
It’s only fair!","It’s my turn!
It’s only fair!",anger,0,3,joy,False,0.210367,0.006128118,0.013789177,0.6086074,0.13025704,0.019912262,0.010939017
72,9,Rachel,And if you bring in one woman and she has her baby before me I’m going to sue you!,anger,"It’s only fair!
And if you bring in one woman and she has her baby before me I’m going to sue you!","It’s only fair!
And if you bring in one woman and she has her baby before me I’m going to sue you!",anger,0,0,anger,True,0.9073017,0.020279367,0.021141045,0.016980138,0.013464883,0.012840184,0.007992612
72,10,Rachel,"Not this hospital, I’m going to sue you!",anger,"And if you bring in one woman and she has her baby before me I’m going to sue you!
Not this hospital, I’m going to sue you!","And if you bring in one woman and she has her baby before me I’m going to sue you!
Not this hospital, I’m going to sue you!",anger,0,0,anger,True,0.9108319,0.017535467,0.029615609,0.010927715,0.0077926638,0.013436501,0.009860137
72,11,Rachel,And my husband  he’s a lawyer!,anger,"Not this hospital, I’m going to sue you!
And my husband  he’s a lawyer!","Not this hospital, I’m going to sue you!
And my husband  he’s a lawyer!",anger,0,0,anger,True,0.82811815,0.009095036,0.043070678,0.022310857,0.023015734,0.041566685,0.032822866
72,12,Ross,Uh Rach,neutral,"And my husband  he’s a lawyer!
Uh Rach","And my husband  he’s a lawyer!
Uh Rach",neutral,4,4,neutral,True,0.005997299,0.0025811044,0.023872042,0.013281876,0.9400659,0.009617415,0.0045844633
72,13,Rachel,Go get back on that case honey!,anger,"Uh Rach
Go get back on that case honey!","Uh Rach
Go get back on that case honey!",anger,0,3,joy,False,0.10759169,0.007387019,0.016376749,0.5404969,0.2947018,0.017610155,0.015835706
72,14,Nurse,I don’t think the next patient is very far along.,neutral,"Go get back on that case honey!
I don’t think the next patient is very far along.","Go get back on that case honey!
I don’t think the next patient is very far along.",neutral,4,4,neutral,True,0.006274015,0.0009256586,0.0036900428,0.041944057,0.9342405,0.004874119,0.0080515975
72,15,Rachel,"Okay, well then bring her in.",neutral,"I don’t think the next patient is very far along.
Okay, well then bring her in.","I don’t think the next patient is very far along.
Okay, well then bring her in.",neutral,4,4,neutral,True,0.0054358076,0.0024038705,0.0041821236,0.011542606,0.97306824,0.0026756593,0.0006917319
72,16,Woman,OH….MY….GAWD!!!,surprise,"Okay, well then bring her in.
OH….MY….GAWD!!!","Okay, well then bring her in.
OH….MY….GAWD!!!",surprise,6,1,disgust,False,0.19015883,0.2681601,0.12842351,0.02648824,0.012344729,0.25542918,0.11899536
73,1,Ross,They don’t look any bigger than me!,neutral,"Ross-Ross-Ross-Ross! Stay away from that guy , and that guy . And that one—Dude! They’re all huge!
They don’t look any bigger than me!","Ross-Ross-Ross-Ross! Stay away from that guy , and that guy . And that one—Dude! They’re all huge!
They don’t look any bigger than me!",neutral,4,6,surprise,False,0.04781567,0.02305209,0.009415708,0.054610904,0.02860335,0.022105623,0.8143967
73,2,Joey,"Well, maybe that’s because you’re closer to you. So you look bigger to you from where you are.",anger,"They don’t look any bigger than me!
Well, maybe that’s because you’re closer to you. So you look bigger to you from where you are.","They don’t look any bigger than me!
Well, maybe that’s because you’re closer to you. So you look bigger to you from where you are.",anger,0,4,neutral,False,0.004892601,0.002534819,0.0015193525,0.004497972,0.9814058,0.003358836,0.0017906002
73,3,Emily,I’m just going to say hi to the lads. All right?,neutral,"Well, maybe that’s because you’re closer to you. So you look bigger to you from where you are.
I’m just going to say hi to the lads. All right?","Well, maybe that’s because you’re closer to you. So you look bigger to you from where you are.
I’m just going to say hi to the lads. All right?",neutral,4,4,neutral,True,0.011734485,0.0014500971,0.005396164,0.036565457,0.9255533,0.0066257957,0.012674658
73,4,Ross,All right.,neutral,"I’m just going to say hi to the lads. All right?
All right.","I’m just going to say hi to the lads. All right?
All right.",neutral,4,4,neutral,True,0.0062437356,0.0009947685,0.006330283,0.010977615,0.9588919,0.0040622666,0.0124993855
73,5,Emily,Okay.,neutral,"All right.
Okay.","All right.
Okay.",neutral,4,4,neutral,True,0.0012392511,0.0006161377,0.0012595939,0.0031323747,0.9916255,0.0011323724,0.0009948534
73,6,Phoebe,Hi.,neutral,"Okay.
Hi.","Okay.
Hi.",neutral,4,4,neutral,True,0.0010304458,0.00040582658,0.0009110271,0.0018644742,0.9930287,0.00110204,0.0016574524
73,7,Phoebe,Whoa!  I kinda liked it.,joy,"Hi.
Whoa!  I kinda liked it.","Hi.
Whoa!  I kinda liked it.",joy,3,6,surprise,False,0.015168479,0.012616039,0.006718048,0.39865002,0.029509783,0.0113175595,0.5260201
73,8,Ross,"Okay, I know what I have to do. I’ve got to go Red Ross.  Y’know, Red Ross!",anger,"Whoa!  I kinda liked it.
Okay, I know what I have to do. I’ve got to go Red Ross.  Y’know, Red Ross!","Whoa!  I kinda liked it.
Okay, I know what I have to do. I’ve got to go Red Ross.  Y’know, Red Ross!",anger,0,3,joy,False,0.16517662,0.007886817,0.025402207,0.53019017,0.22369024,0.024544658,0.023109358
73,9,Joey,I totally don’t know what you’re talking about.,neutral,"Okay, I know what I have to do. I’ve got to go Red Ross.  Y’know, Red Ross!
I totally don’t know what you’re talking about.","Okay, I know what I have to do. I’ve got to go Red Ross.  Y’know, Red Ross!
I totally don’t know what you’re talking about.",neutral,4,0,anger,False,0.3521212,0.03453698,0.23281367,0.047943816,0.12869672,0.14333066,0.060556963
73,10,Ross,Come on! The time we were all waiting in line for,anger,"I totally don’t know what you’re talking about.
Come on! The time we were all waiting in line for","I totally don’t know what you’re talking about.
Come on! The time we were all waiting in line for",anger,0,4,neutral,False,0.06993719,0.005434307,0.0054176864,0.18929815,0.65861756,0.013066638,0.058228526
74,1,Joey,"No, Pheebs, listen, if you decide to do this, we’ll be supportive like crazy.",neutral,"Y'know you guys were a lot more supportive when I wanted to make denim furniture.
No, Pheebs, listen, if you decide to do this, we’ll be supportive like crazy.","Y'know you guys were a lot more supportive when I wanted to make denim furniture.
No, Pheebs, listen, if you decide to do this, we’ll be supportive like crazy.",neutral,4,4,neutral,True,0.012246481,0.0074173436,0.007914943,0.014023057,0.95205986,0.005643229,0.00069503917
74,2,Monica,We just want you to think it through.,neutral,"No, Pheebs, listen, if you decide to do this, we’ll be supportive like crazy.
We just want you to think it through.","No, Pheebs, listen, if you decide to do this, we’ll be supportive like crazy.
We just want you to think it through.",neutral,4,4,neutral,True,0.03801805,0.007897646,0.021668287,0.12697041,0.7949325,0.009209259,0.0013038582
74,3,Rachel,"Yeah, honey, maybe you can talk to somebody who’s had a baby. Like your mom?",neutral,"We just want you to think it through.
Yeah, honey, maybe you can talk to somebody who’s had a baby. Like your mom?","We just want you to think it through.
Yeah, honey, maybe you can talk to somebody who’s had a baby. Like your mom?",neutral,4,4,neutral,True,0.06903442,0.00530383,0.028816534,0.024904562,0.7607061,0.058600564,0.05263395
74,4,Phoebe,My mom never gave birth. Oh! But my birth mom did.,neutral,"Yeah, honey, maybe you can talk to somebody who’s had a baby. Like your mom?
My mom never gave birth. Oh! But my birth mom did.","Yeah, honey, maybe you can talk to somebody who’s had a baby. Like your mom?
My mom never gave birth. Oh! But my birth mom did.",neutral,4,6,surprise,False,0.13277511,0.012053152,0.023437591,0.1180819,0.059245143,0.11369755,0.5407095
75,1,Frank Sr.,Thank you. All right.,neutral,"Umm, thank you for meeting with me.
Thank you. All right.","Umm, thank you for meeting with me.
Thank you. All right.",neutral,4,4,neutral,True,0.0029533978,0.00087084784,0.00210222,0.006940148,0.9846496,0.0018797681,0.0006040298
75,2,Phoebe,"Come, sit.",neutral,"Thank you. All right.
Come, sit.","Thank you. All right.
Come, sit.",neutral,4,4,neutral,True,0.0024457208,0.0011401481,0.0016441518,0.0030617493,0.98911756,0.0017338498,0.00085691846
75,3,Phoebe,Sit.,neutral,"Come, sit.
Sit.","Come, sit.
Sit.",neutral,4,4,neutral,True,0.0026732017,0.0011996054,0.001750857,0.0045200177,0.98753905,0.0017176277,0.00059977034
75,4,Phoebe,Sit!,anger,"Sit.
Sit!","Sit.
Sit!",anger,0,0,anger,True,0.46386224,0.012543955,0.03120202,0.22363004,0.21185385,0.027634691,0.029273216
75,5,Phoebe,"Umm, all righty, before we get started I just—I need you to state for the official record that you are in fact Frank Buffay.",neutral,"Sit!
Umm, all righty, before we get started I just—I need you to state for the official record that you are in fact Frank Buffay.","Sit!
Umm, all righty, before we get started I just—I need you to state for the official record that you are in fact Frank Buffay.",neutral,4,4,neutral,True,0.0063999267,0.0020128998,0.0015145268,0.0030393302,0.98364866,0.0022163547,0.0011682682
76,1,Rachel,"Everybody, this is Paolo. Paolo, I want you to meet my friends. This is Monica.",neutral,"Lucky sixes....
Everybody, this is Paolo. Paolo, I want you to meet my friends. This is Monica.","Lucky sixes....
Everybody, this is Paolo. Paolo, I want you to meet my friends. This is Monica.",neutral,4,4,neutral,True,0.0023083799,0.0005502227,0.00079847174,0.0059552295,0.9876106,0.0015255458,0.0012516401
76,2,Monica,Hi!,neutral,"Everybody, this is Paolo. Paolo, I want you to meet my friends. This is Monica.
Hi!","Everybody, this is Paolo. Paolo, I want you to meet my friends. This is Monica.
Hi!",neutral,4,3,joy,False,0.01271059,0.001570353,0.002528879,0.84676117,0.09347667,0.0038398858,0.03911243
76,3,Rachel,And Joey....,neutral,"Hi!
And Joey....","Hi!
And Joey....",neutral,4,4,neutral,True,0.005037942,0.0012652647,0.0023632846,0.010019435,0.9731065,0.0051646656,0.0030429885
76,4,Monica,Hi!,neutral,"And Joey....
Hi!","And Joey....
Hi!",neutral,4,3,joy,False,0.013186183,0.0014915628,0.002649827,0.77435046,0.15556136,0.004337598,0.04842298
76,5,Rachel,And Ross.,neutral,"Hi!
And Ross.","Hi!
And Ross.",neutral,4,4,neutral,True,0.0014026321,0.0004658503,0.0007328057,0.0020406793,0.9919652,0.0012383675,0.002154528
76,6,Monica,Hi!,neutral,"And Ross.
Hi!","And Ross.
Hi!",neutral,4,3,joy,False,0.013390487,0.0015600525,0.0026045386,0.78961927,0.14424513,0.0041727475,0.044407804
76,7,Rachel,He doesn't speak much English.,neutral,"Hi!
He doesn't speak much English.","Hi!
He doesn't speak much English.",neutral,4,4,neutral,True,0.0029746336,0.0010637217,0.001825992,0.003623161,0.9785443,0.0029506616,0.009017589
76,8,Rachel,Look at that!,surprise,"He doesn't speak much English.
Look at that!","He doesn't speak much English.
Look at that!",surprise,6,6,surprise,True,0.16840973,0.014337095,0.012428726,0.014781043,0.014498331,0.01651246,0.7590326
76,9,Ross,"So, um... where did Paolo come from?",neutral,"Look at that!
So, um... where did Paolo come from?","Look at that!
So, um... where did Paolo come from?",neutral,4,4,neutral,True,0.0017779572,0.00051071023,0.0041655377,0.0025289056,0.9702681,0.0033122967,0.017436542
76,10,Rachel,"Oh... Italy, I think.",neutral,"So, um... where did Paolo come from?
Oh... Italy, I think.","So, um... where did Paolo come from?
Oh... Italy, I think.",neutral,4,4,neutral,True,0.0045653074,0.001326199,0.006441057,0.014060729,0.9335707,0.010010532,0.030025449
76,11,Ross,"No, I mean tonight, in the building. Suddenly. Into our lives.",neutral,"Oh... Italy, I think.
No, I mean tonight, in the building. Suddenly. Into our lives.","Oh... Italy, I think.
No, I mean tonight, in the building. Suddenly. Into our lives.",neutral,4,3,joy,False,0.02753035,0.003092888,0.0076587177,0.8844561,0.042996753,0.028454881,0.0058102757
76,12,Rachel,"Well, the cat... the cat turned out to be Paolo's cat!",neutral,"No, I mean tonight, in the building. Suddenly. Into our lives.
Well, the cat... the cat turned out to be Paolo's cat!","No, I mean tonight, in the building. Suddenly. Into our lives.
Well, the cat... the cat turned out to be Paolo's cat!",neutral,4,3,joy,False,0.042268187,0.0028753357,0.0032992526,0.84243023,0.04087528,0.008382429,0.05986921
76,13,Ross,"That, that is funny... .... and Rachel keeps touching him.",neutral,"Well, the cat... the cat turned out to be Paolo's cat!
That, that is funny... .... and Rachel keeps touching him.","Well, the cat... the cat turned out to be Paolo's cat!
That, that is funny... .... and Rachel keeps touching him.",neutral,4,4,neutral,True,0.04713866,0.026590047,0.010981462,0.060255364,0.82327014,0.027683893,0.0040803845
76,14,Phoebe,Alright. I looked all over the building and I couldn't find the kitty anywhere.,neutral,"That, that is funny... .... and Rachel keeps touching him.
Alright. I looked all over the building and I couldn't find the kitty anywhere.","That, that is funny... .... and Rachel keeps touching him.
Alright. I looked all over the building and I couldn't find the kitty anywhere.",neutral,4,4,neutral,True,0.006225542,0.002614003,0.0030719608,0.006315029,0.97624946,0.003545868,0.0019781129
76,15,Rachel,"Oh, I found him. He was Paolo's cat.",neutral,"Alright. I looked all over the building and I couldn't find the kitty anywhere.
Oh, I found him. He was Paolo's cat.","Alright. I looked all over the building and I couldn't find the kitty anywhere.
Oh, I found him. He was Paolo's cat.",neutral,4,4,neutral,True,0.003344824,0.00143548,0.0017616826,0.007251243,0.97408605,0.003786744,0.008333877
76,16,Phoebe,Ah! Well! There you go! Last to know again! And I'm guessing... since nobody told me... this is Paolo.,joy,"Oh, I found him. He was Paolo's cat.
Ah! Well! There you go! Last to know again! And I'm guessing... since nobody told me... this is Paolo.","Oh, I found him. He was Paolo's cat.
Ah! Well! There you go! Last to know again! And I'm guessing... since nobody told me... this is Paolo.",joy,3,4,neutral,False,0.007151165,0.0010407876,0.0016563666,0.004635933,0.9564317,0.0028391625,0.026244832
76,17,Rachel,"Ah, Paolo, this is Phoebe.",neutral,"Ah! Well! There you go! Last to know again! And I'm guessing... since nobody told me... this is Paolo.
Ah, Paolo, this is Phoebe.","Ah! Well! There you go! Last to know again! And I'm guessing... since nobody told me... this is Paolo.
Ah, Paolo, this is Phoebe.",neutral,4,4,neutral,True,0.0022631658,0.0006083104,0.001250044,0.0034720844,0.9839191,0.0020594532,0.006427796
76,18,Phoebe,You betcha!,joy,"Ah, Paolo, this is Phoebe.
You betcha!","Ah, Paolo, this is Phoebe.
You betcha!",joy,3,3,joy,True,0.007977147,0.0014846373,0.0016222909,0.8685822,0.11422955,0.0036746706,0.0024294923
77,1,Monica,"When Mom and Dad drove you to the hospital to get your nose fixed, I swam into the lake and fished it out.",neutral,"Okay, where in the hell did you get that?!
When Mom and Dad drove you to the hospital to get your nose fixed, I swam into the lake and fished it out.","Okay, where in the hell did you get that?!
When Mom and Dad drove you to the hospital to get your nose fixed, I swam into the lake and fished it out.",neutral,4,4,neutral,True,0.058922797,0.06230236,0.019833978,0.073231064,0.7374132,0.04289932,0.005397315
77,2,Ross,That cup is mine!,anger,"When Mom and Dad drove you to the hospital to get your nose fixed, I swam into the lake and fished it out.
That cup is mine!","When Mom and Dad drove you to the hospital to get your nose fixed, I swam into the lake and fished it out.
That cup is mine!",anger,0,3,joy,False,0.034972284,0.002476576,0.0026403763,0.733983,0.2098941,0.0055435784,0.010490139
77,3,Monica,"No it’s not! You want it, you’re gonna have to win it!",anger,"That cup is mine!
No it’s not! You want it, you’re gonna have to win it!","That cup is mine!
No it’s not! You want it, you’re gonna have to win it!",anger,0,3,joy,False,0.059059497,0.0025577028,0.009106625,0.86646205,0.04601587,0.008143081,0.008655197
77,4,Rachel,"All right, so are we not having dinner at all?",sadness,"No it’s not! You want it, you’re gonna have to win it!
All right, so are we not having dinner at all?","No it’s not! You want it, you’re gonna have to win it!
All right, so are we not having dinner at all?",sadness,5,4,neutral,False,0.035285797,0.0020831646,0.008407761,0.02699992,0.91355914,0.010773097,0.0028910837
78,1,Monica,Because I don't work at the Szechwan Dragon.,neutral,"Why?
Because I don't work at the Szechwan Dragon.","Why?
Because I don't work at the Szechwan Dragon.",neutral,4,4,neutral,True,0.003349798,0.0020616832,0.0018074769,0.0036813829,0.98328847,0.0036459512,0.0021652936
78,2,Rachel,"You really, really need to get some sleep, honey.",neutral,"Because I don't work at the Szechwan Dragon.
You really, really need to get some sleep, honey.","Because I don't work at the Szechwan Dragon.
You really, really need to get some sleep, honey.",neutral,4,4,neutral,True,0.017602976,0.011846746,0.09799851,0.02657521,0.7763968,0.062059566,0.007520253
78,3,Monica,I know I do.,neutral,"You really, really need to get some sleep, honey.
I know I do.","You really, really need to get some sleep, honey.
I know I do.",neutral,4,4,neutral,True,0.0053158132,0.0038768193,0.009882222,0.030921767,0.9410085,0.007813921,0.0011808412
78,4,Ross,Hi.,neutral,"I know I do.
Hi.","I know I do.
Hi.",neutral,4,4,neutral,True,0.0012231363,0.00047844838,0.0011183058,0.003963043,0.99022335,0.001638863,0.0013548876
78,5,Rachel,Hi.,neutral,"Hi.
Hi.","Hi.
Hi.",neutral,4,4,neutral,True,0.0013055968,0.000403346,0.0010537275,0.0016593095,0.9907817,0.0014831397,0.0033131908
78,6,Ross,Guess what?,neutral,"Hi.
Guess what?","Hi.
Guess what?",neutral,4,4,neutral,True,0.004086414,0.00067030283,0.0035996914,0.007527787,0.96206504,0.0040674442,0.017983295
78,7,Ross,They published my paper.,joy,"Guess what?
They published my paper.","Guess what?
They published my paper.",joy,3,4,neutral,False,0.038760588,0.0053046844,0.004121521,0.04709957,0.8749325,0.013795193,0.015985873
78,8,Rachel,"Oh, really, let me see, let me see.",joy,"They published my paper.
Oh, really, let me see, let me see.","They published my paper.
Oh, really, let me see, let me see.",joy,3,4,neutral,False,0.025163898,0.005692182,0.02267526,0.026802963,0.891632,0.01600234,0.012031265
78,9,Phoebe,"Rach, look!  Oh, hi! Where is my strong Ross Skywalker to come rescue me.  There he is.",joy,"Oh, really, let me see, let me see.
Rach, look!  Oh, hi! Where is my strong Ross Skywalker to come rescue me.  There he is.","Oh, really, let me see, let me see.
Rach, look!  Oh, hi! Where is my strong Ross Skywalker to come rescue me.  There he is.",joy,3,3,joy,True,0.019206194,0.0014275983,0.0048300163,0.7146598,0.23451196,0.007599526,0.01776491
79,1,Rachel,Oh.,neutral,"You know what this is, this is us getting ready for the prom.
Oh.","You know what this is, this is us getting ready for the prom.
Oh.",neutral,4,4,neutral,True,0.0072920667,0.003969473,0.008399435,0.08725651,0.8754028,0.013637317,0.0040423414
80,1,Monica,I told you not to go down there!,anger,"What?! You got us evicted!!
I told you not to go down there!","What?! You got us evicted!!
I told you not to go down there!",anger,0,0,anger,True,0.8594342,0.008330629,0.029648766,0.037186176,0.014702204,0.018725002,0.031972907
80,2,Joey,Well he made Rachel cry!,disgust,"I told you not to go down there!
Well he made Rachel cry!","I told you not to go down there!
Well he made Rachel cry!",disgust,1,0,anger,False,0.8318518,0.014646679,0.04071936,0.05119581,0.014785703,0.032513443,0.014287127
80,3,Monica,Rachel always cries!,anger,"Well he made Rachel cry!
Rachel always cries!","Well he made Rachel cry!
Rachel always cries!",anger,0,3,joy,False,0.21473435,0.0042322334,0.015189792,0.56443477,0.18118727,0.013957097,0.0062644766
80,4,Rachel,That’s not true!,anger,"Rachel always cries!
That’s not true!","Rachel always cries!
That’s not true!",anger,0,6,surprise,False,0.16383433,0.011615291,0.07366567,0.019335212,0.089173645,0.09382055,0.5485553
80,5,Monica,"Now Joey, you go down there and you suck up to him. I mean you suck like you’ve never sucked before!",neutral,"That’s not true!
Now Joey, you go down there and you suck up to him. I mean you suck like you’ve never sucked before!","That’s not true!
Now Joey, you go down there and you suck up to him. I mean you suck like you’ve never sucked before!",neutral,4,1,disgust,False,0.36097917,0.41601765,0.035426397,0.04800569,0.05186337,0.077644505,0.010063221
80,6,Joey,"All right! I’ll try! But if I can’t, you can stay with Chandler and I until you get settled.",neutral,"Now Joey, you go down there and you suck up to him. I mean you suck like you’ve never sucked before!
All right! I’ll try! But if I can’t, you can stay with Chandler and I until you get settled.","Now Joey, you go down there and you suck up to him. I mean you suck like you’ve never sucked before!
All right! I’ll try! But if I can’t, you can stay with Chandler and I until you get settled.",neutral,4,4,neutral,True,0.074396424,0.016343247,0.017032588,0.36674705,0.50994056,0.012610664,0.0029294342
80,7,Rachel,Go!!,anger,"All right! I’ll try! But if I can’t, you can stay with Chandler and I until you get settled.
Go!!","All right! I’ll try! But if I can’t, you can stay with Chandler and I until you get settled.
Go!!",anger,0,3,joy,False,0.35902363,0.0066273143,0.021273308,0.44010413,0.14443871,0.014689022,0.013843948
80,8,Joey,"All right, all right, all right.",neutral,"Go!!
All right, all right, all right.","Go!!
All right, all right, all right.",neutral,4,4,neutral,True,0.0063243676,0.001787757,0.0032713888,0.009725689,0.9752407,0.002980088,0.00066997745
80,9,Joey,"I mean I’ll have to check with him first, but I’ll think he’ll be cool with it.",neutral,"All right, all right, all right.
I mean I’ll have to check with him first, but I’ll think he’ll be cool with it.","All right, all right, all right.
I mean I’ll have to check with him first, but I’ll think he’ll be cool with it.",neutral,4,4,neutral,True,0.0072980463,0.0021872506,0.0087589,0.0073043546,0.963293,0.0102264015,0.0009320653
81,1,Rachel,"Well, I assume I’ll have to take showers with him, but y'know, that’s true of any job.",neutral,"So, he’s just a nice guy. You really think this Mark doesn’t want anything in exchange for helping him?
Well, I assume I’ll have to take showers with him, but y'know, that’s true of any job.","So, he’s just a nice guy. You really think this Mark doesn’t want anything in exchange for helping him?
Well, I assume I’ll have to take showers with him, but y'know, that’s true of any job.",neutral,4,4,neutral,True,0.0027652255,0.0015208378,0.0016571981,0.0030647148,0.98704123,0.0028280593,0.0011227502
83,1,Phoebe,Where’d you get too? We lost you after you opened up all the presents.,neutral,"Well, my apartment isn’t there anymore, because I drank it.
Where’d you get too? We lost you after you opened up all the presents.","Well, my apartment isn’t there anymore, because I drank it.
Where’d you get too? We lost you after you opened up all the presents.",neutral,4,5,sadness,False,0.046662945,0.010360457,0.04821436,0.03803695,0.03146165,0.8180932,0.0071705095
83,2,Ross,Yeah.,neutral,"Where’d you get too? We lost you after you opened up all the presents.
Yeah.","Where’d you get too? We lost you after you opened up all the presents.
Yeah.",neutral,4,5,sadness,False,0.027413623,0.010149882,0.058992967,0.03971663,0.117072366,0.7411044,0.0055500916
83,3,Chandler,"Yeah, I ended up in the storage room, and not alone.",neutral,"Yeah.
Yeah, I ended up in the storage room, and not alone.","Yeah.
Yeah, I ended up in the storage room, and not alone.",neutral,4,4,neutral,True,0.0051299734,0.0021019934,0.0009003345,0.0067974557,0.98030454,0.0033861683,0.001379539
83,4,All,Woooo hoooo!!!,joy,"Yeah, I ended up in the storage room, and not alone.
Woooo hoooo!!!","Yeah, I ended up in the storage room, and not alone.
Woooo hoooo!!!",joy,3,6,surprise,False,0.041153453,0.023439405,0.013227738,0.38409746,0.054333154,0.011600559,0.4721482
83,5,Chandler,"Ow, no ‘woo-hooing,’ no ‘woo-hooing.’",anger,"Woooo hoooo!!!
Ow, no ‘woo-hooing,’ no ‘woo-hooing.’","Woooo hoooo!!!
Ow, no ‘woo-hooing,’ no ‘woo-hooing.’",anger,0,6,surprise,False,0.115752675,0.044544697,0.13860555,0.1027511,0.11198851,0.114964165,0.37139332
83,6,Phoebe,"Why, what happened?",surprise,"Ow, no ‘woo-hooing,’ no ‘woo-hooing.’
Why, what happened?","Ow, no ‘woo-hooing,’ no ‘woo-hooing.’
Why, what happened?",surprise,6,4,neutral,False,0.007542951,0.0010451722,0.011031688,0.007675155,0.7124537,0.0087423315,0.25150892
83,7,Chandler,"Ah, I fooled around with Joey’s sister.  Well, that’s not the worst part.",sadness,"Why, what happened?
Ah, I fooled around with Joey’s sister.  Well, that’s not the worst part.","Why, what happened?
Ah, I fooled around with Joey’s sister.  Well, that’s not the worst part.",sadness,5,4,neutral,False,0.0082205525,0.0034712288,0.0026008135,0.011897602,0.9684677,0.0046594096,0.00068271544
83,8,Monica,What is the worse part?,neutral,"Ah, I fooled around with Joey’s sister.  Well, that’s not the worst part.
What is the worse part?","Ah, I fooled around with Joey’s sister.  Well, that’s not the worst part.
What is the worse part?",neutral,4,4,neutral,True,0.29205814,0.13828819,0.029061519,0.0319259,0.38061482,0.10623068,0.021820791
83,9,Chandler,I can’t remember which sister.,sadness,"What is the worse part?
I can’t remember which sister.","What is the worse part?
I can’t remember which sister.",sadness,5,4,neutral,False,0.0026654247,0.00061372365,0.0018564991,0.0024251444,0.98175657,0.0035870408,0.0070956056
83,10,Ross,You see what men do! Don’t tell me men are not nice!  This is men!!,anger,"I can’t remember which sister.
You see what men do! Don’t tell me men are not nice!  This is men!!","I can’t remember which sister.
You see what men do! Don’t tell me men are not nice!  This is men!!",anger,0,0,anger,True,0.92101395,0.014274421,0.020521043,0.007999988,0.006208188,0.012400489,0.017582025
84,1,Joey,Nothing!,anger,"What’s wrong with you?
Nothing!","What’s wrong with you?
Nothing!",anger,0,4,neutral,False,0.031538416,0.0047847577,0.0047135246,0.39891344,0.55017686,0.006837684,0.0030353745
84,2,Joey,"Well, I-I got this blinding pain in my stomach when I was lifting weights before, then I uh passed out and uh, haven’t been able to stand up since.",sadness,"Nothing!
Well, I-I got this blinding pain in my stomach when I was lifting weights before, then I uh passed out and uh, haven’t been able to stand up since.","Nothing!
Well, I-I got this blinding pain in my stomach when I was lifting weights before, then I uh passed out and uh, haven’t been able to stand up since.",sadness,5,2,fear,False,0.030331053,0.020111134,0.5380977,0.036238916,0.18001935,0.14209065,0.053111207
85,1,Chandler,This sounds like a hernia. You have to—you-you—Go to the doctor!,surprise,"But um, I don’t think it’s anything serious.
This sounds like a hernia. You have to—you-you—Go to the doctor!","But um, I don’t think it’s anything serious.
This sounds like a hernia. You have to—you-you—Go to the doctor!",surprise,6,2,fear,False,0.09666331,0.02061072,0.38672957,0.0958912,0.094326094,0.13127379,0.1745053
85,2,Joey,No way!,anger,"This sounds like a hernia. You have to—you-you—Go to the doctor!
No way!","This sounds like a hernia. You have to—you-you—Go to the doctor!
No way!",anger,0,2,fear,False,0.06858189,0.013477867,0.29986367,0.13535897,0.1261175,0.09376177,0.2628384
85,3,Joey,"‘Kay look, if I have to go to the doctor for anything it’s gonna be for this thing sticking out of my stomach!",anger,"No way!
‘Kay look, if I have to go to the doctor for anything it’s gonna be for this thing sticking out of my stomach!","No way!
‘Kay look, if I have to go to the doctor for anything it’s gonna be for this thing sticking out of my stomach!",anger,0,1,disgust,False,0.18004651,0.3319831,0.2241811,0.023336502,0.030470481,0.16252953,0.047452755
85,4,Joey,Why did I have to start working out again?,disgust,"‘Kay look, if I have to go to the doctor for anything it’s gonna be for this thing sticking out of my stomach!
Why did I have to start working out again?","‘Kay look, if I have to go to the doctor for anything it’s gonna be for this thing sticking out of my stomach!
Why did I have to start working out again?",disgust,1,4,neutral,False,0.18256812,0.022333154,0.13341364,0.044588413,0.2833309,0.16827486,0.16549093
85,5,Joey,Damn you 15s!,anger,"Why did I have to start working out again?
Damn you 15s!","Why did I have to start working out again?
Damn you 15s!",anger,0,0,anger,True,0.9001274,0.032983333,0.011790106,0.022507397,0.010552161,0.010608531,0.011431113
86,1,Rachel,It’s got all of these layers.,neutral,"It’s a trifle.
It’s got all of these layers.","It’s a trifle.
It’s got all of these layers.",neutral,4,4,neutral,True,0.0033768066,0.0007642275,0.0008015018,0.0071639596,0.9805691,0.0024463665,0.0048779594
86,2,Rachel,"First there’s a layer of ladyfingers, then a layer of jam, then custard, which I made from scratch.",neutral,"It’s got all of these layers.
First there’s a layer of ladyfingers, then a layer of jam, then custard, which I made from scratch.","It’s got all of these layers.
First there’s a layer of ladyfingers, then a layer of jam, then custard, which I made from scratch.",neutral,4,4,neutral,True,0.013459908,0.021033598,0.0032737942,0.047054797,0.89339846,0.016838929,0.004940576
86,3,Rachel,"[Joey and Ross make impressed faces] Then raspberries, more ladyfingers, then beef sautéed with peas and onions, [Joey and Ross look like something’s wrong.]",neutral,"First there’s a layer of ladyfingers, then a layer of jam, then custard, which I made from scratch.
[Joey and Ross make impressed faces] Then raspberries, more ladyfingers, then beef sautéed with peas and onions, [Joey and Ross look like something’s wrong.]","First there’s a layer of ladyfingers, then a layer of jam, then custard, which I made from scratch.
[Joey and Ross make impressed faces] Then raspberries, more ladyfingers, then beef sautéed with peas and onions, [Joey and Ross look like something’s wrong.]",neutral,4,3,joy,False,0.10350098,0.08328073,0.02519032,0.48143968,0.16160621,0.11207,0.03291212
86,4,Rachel,"then a little more custard, and then bananas, and then I just put some whipped cream on top!",neutral,"[Joey and Ross make impressed faces] Then raspberries, more ladyfingers, then beef sautéed with peas and onions, [Joey and Ross look like something’s wrong.]
then a little more custard, and then bananas, and then I just put some whipped cream on top!","[Joey and Ross make impressed faces] Then raspberries, more ladyfingers, then beef sautéed with peas and onions, [Joey and Ross look like something’s wrong.]
then a little more custard, and then bananas, and then I just put some whipped cream on top!",neutral,4,3,joy,False,0.018860627,0.0067686746,0.0028728826,0.9159301,0.04276068,0.007988369,0.0048187543
86,5,Ross,It tastes like feet!,disgust,"then a little more custard, and then bananas, and then I just put some whipped cream on top!
It tastes like feet!","then a little more custard, and then bananas, and then I just put some whipped cream on top!
It tastes like feet!",disgust,1,3,joy,False,0.053270206,0.21654144,0.0124581605,0.501089,0.097422525,0.047000714,0.072217956
86,6,Joey,I like it.,joy,"It tastes like feet!
I like it.","It tastes like feet!
I like it.",joy,3,3,joy,True,0.008212971,0.0037596552,0.0018309263,0.9483863,0.027604997,0.0047665625,0.0054385467
86,7,Ross,Are you kidding?,surprise,"I like it.
Are you kidding?","I like it.
Are you kidding?",surprise,6,6,surprise,True,0.16755685,0.008188617,0.015761944,0.011965488,0.043111946,0.0181722,0.735243
87,1,Monica,"No, but he told me, he thinks your a fox.",neutral,"Does anyone else think David Copperfield is cute?
No, but he told me, he thinks your a fox.","Does anyone else think David Copperfield is cute?
No, but he told me, he thinks your a fox.",neutral,4,4,neutral,True,0.039179284,0.032044232,0.004538246,0.05611552,0.8261511,0.011561579,0.030410128
88,1,Phoebe,"Oh, oh! It's on again!",joy,"Welcome everybody, welcome to Amazing Discoveries!
Oh, oh! It's on again!","Welcome everybody, welcome to Amazing Discoveries!
Oh, oh! It's on again!",joy,3,3,joy,True,0.023482872,0.0024223262,0.005094052,0.53983545,0.057937574,0.0069310726,0.3642967
88,2,Joey,"You guys, can we please not watch this all right.",disgust,"Oh, oh! It's on again!
You guys, can we please not watch this all right.","Oh, oh! It's on again!
You guys, can we please not watch this all right.",disgust,1,4,neutral,False,0.029533587,0.0138059575,0.0571881,0.017006285,0.85328996,0.026607474,0.002568726
88,3,All,Shhhh!,anger,"You guys, can we please not watch this all right.
Shhhh!","You guys, can we please not watch this all right.
Shhhh!",anger,0,0,anger,True,0.3975807,0.021947656,0.13434277,0.24951088,0.09664758,0.05239949,0.047570866
88,4,Host,"Folks, has this ever happened to you.",neutral,"Shhhh!
Folks, has this ever happened to you.","Shhhh!
Folks, has this ever happened to you.",neutral,4,4,neutral,True,0.012808618,0.002325885,0.0028685536,0.004504445,0.9636803,0.0044165435,0.009395674
88,5,Host,"You go to the refrigerator to get a nice glass of milk,  and these darn cartons are so flingin'-flangin' hard to open.",neutral,"Folks, has this ever happened to you.
You go to the refrigerator to get a nice glass of milk,  and these darn cartons are so flingin'-flangin' hard to open.","Folks, has this ever happened to you.
You go to the refrigerator to get a nice glass of milk,  and these darn cartons are so flingin'-flangin' hard to open.",neutral,4,1,disgust,False,0.18120848,0.54237276,0.026441274,0.057657003,0.09515031,0.08451044,0.0126596885
88,6,Joey,"Oh, you said it Mike.  Aw! There's got to be a better way!",anger,"You go to the refrigerator to get a nice glass of milk,  and these darn cartons are so flingin'-flangin' hard to open.
Oh, you said it Mike.  Aw! There's got to be a better way!","You go to the refrigerator to get a nice glass of milk,  and these darn cartons are so flingin'-flangin' hard to open.
Oh, you said it Mike.  Aw! There's got to be a better way!",anger,0,6,surprise,False,0.054244354,0.019013014,0.045367766,0.04409684,0.032867126,0.047583207,0.75682765
88,7,Mike,And there is Kevin.,neutral,"Oh, you said it Mike.  Aw! There's got to be a better way!
And there is Kevin.","Oh, you said it Mike.  Aw! There's got to be a better way!
And there is Kevin.",neutral,4,4,neutral,True,0.060000177,0.0061619394,0.019117525,0.21467291,0.5676553,0.02670168,0.10569051
88,8,Joey,Can we please turn this off?,sadness,"And there is Kevin.
Can we please turn this off?","And there is Kevin.
Can we please turn this off?",sadness,5,4,neutral,False,0.0025405816,0.0007540675,0.0029341723,0.0039232145,0.9860839,0.0022789158,0.001485097
88,9,Rachel,"Noo way, Kevin.",joy,"Can we please turn this off?
Noo way, Kevin.","Can we please turn this off?
Noo way, Kevin.",joy,3,4,neutral,False,0.0050482885,0.0142350495,0.0077156094,0.00898472,0.9527825,0.009404478,0.0018292655
88,10,Mike,There is a revolutionary new product that guarantees that you'll never have to open up milk cartons again. Meet the Milk Master 2000.,neutral,"Noo way, Kevin.
There is a revolutionary new product that guarantees that you'll never have to open up milk cartons again. Meet the Milk Master 2000.","Noo way, Kevin.
There is a revolutionary new product that guarantees that you'll never have to open up milk cartons again. Meet the Milk Master 2000.",neutral,4,4,neutral,True,0.0057870494,0.0009595522,0.001716779,0.0076969354,0.9784212,0.0032813456,0.0021370815
88,11,Ross,Are you intrigued?,surprise,"There is a revolutionary new product that guarantees that you'll never have to open up milk cartons again. Meet the Milk Master 2000.
Are you intrigued?","There is a revolutionary new product that guarantees that you'll never have to open up milk cartons again. Meet the Milk Master 2000.
Are you intrigued?",surprise,6,4,neutral,False,0.013535187,0.0021204685,0.006770254,0.010209514,0.55674106,0.0070134676,0.40361008
88,12,Chandler,You're flingin'-flangin' right I am!,joy,"Are you intrigued?
You're flingin'-flangin' right I am!","Are you intrigued?
You're flingin'-flangin' right I am!",joy,3,3,joy,True,0.25244707,0.006991595,0.024261437,0.5925914,0.10153898,0.013076505,0.009093007
88,13,Mike,"Keep in mind, he's never used this product before, you're gonna see how easy this is to do.",neutral,"You're flingin'-flangin' right I am!
Keep in mind, he's never used this product before, you're gonna see how easy this is to do.","You're flingin'-flangin' right I am!
Keep in mind, he's never used this product before, you're gonna see how easy this is to do.",neutral,4,4,neutral,True,0.0078111296,0.0019885756,0.0023499709,0.0070206337,0.97716266,0.0025316111,0.0011354272
89,1,Mike,This works with any milk carton.,neutral,"Go ahead.
This works with any milk carton.","Go ahead.
This works with any milk carton.",neutral,4,4,neutral,True,0.0017780411,0.0012392473,0.00077592133,0.0026600405,0.99105376,0.0013883611,0.0011046964
89,2,Joey,"Wow, it is easy.  Now, I can have milk everyday.",surprise,"This works with any milk carton.
Wow, it is easy.  Now, I can have milk everyday.","This works with any milk carton.
Wow, it is easy.  Now, I can have milk everyday.",surprise,6,4,neutral,False,0.015612114,0.006081118,0.0026016505,0.38149795,0.5716679,0.0059087495,0.016630488
90,1,Ross,She is not…  She’s gay. Oh my God. She is,anger,"Well, you might want to tell him it sounds like his wife is  gay.
She is not…  She’s gay. Oh my God. She is","Well, you might want to tell him it sounds like his wife is  gay.
She is not…  She’s gay. Oh my God. She is",anger,0,6,surprise,False,0.005337246,0.00339501,0.0073635415,0.0046970006,0.005753464,0.00904621,0.96440744
90,2,Rachel,Good day for married people huh?,surprise,"She is not…  She’s gay. Oh my God. She is
Good day for married people huh?","She is not…  She’s gay. Oh my God. She is
Good day for married people huh?",surprise,6,6,surprise,True,0.022382341,0.005728174,0.018003892,0.14627571,0.09804856,0.031653203,0.67790806
90,3,Ross,I’m sorry your husband cheated on you.,sadness,"Good day for married people huh?
I’m sorry your husband cheated on you.","Good day for married people huh?
I’m sorry your husband cheated on you.",sadness,5,5,sadness,True,0.033868026,0.011558874,0.019604038,0.041343145,0.21820988,0.6608591,0.01455693
90,4,Rachel,I’m sorry your wife is gay. I guess women aren’t that great either.,sadness,"I’m sorry your husband cheated on you.
I’m sorry your wife is gay. I guess women aren’t that great either.","I’m sorry your husband cheated on you.
I’m sorry your wife is gay. I guess women aren’t that great either.",sadness,5,4,neutral,False,0.019625513,0.008545713,0.0045267385,0.0457928,0.8703681,0.04133034,0.00981078
90,5,Ross,Try telling my wife that.,sadness,"I’m sorry your wife is gay. I guess women aren’t that great either.
Try telling my wife that.","I’m sorry your wife is gay. I guess women aren’t that great either.
Try telling my wife that.",sadness,5,4,neutral,False,0.0044000214,0.003237145,0.0028307126,0.0096995,0.97683525,0.0023379163,0.00065942254
92,1,Monica,I'll sneak over as soon as Ross picks up Ben.,neutral,"I can't wait to be with you!
I'll sneak over as soon as Ross picks up Ben.","I can't wait to be with you!
I'll sneak over as soon as Ross picks up Ben.",neutral,4,4,neutral,True,0.009355879,0.0024870555,0.0028115548,0.025662964,0.9526275,0.0058295233,0.001225477
92,2,Monica,I'll just tell Rachel I'm gonna be doing laundry for a couple of hours.,neutral,"I'll sneak over as soon as Ross picks up Ben.
I'll just tell Rachel I'm gonna be doing laundry for a couple of hours.","I'll sneak over as soon as Ross picks up Ben.
I'll just tell Rachel I'm gonna be doing laundry for a couple of hours.",neutral,4,4,neutral,True,0.006108128,0.008076496,0.0034470812,0.014172632,0.9597922,0.0063971714,0.0020063769
92,3,Chandler,Laundry. Huh. Is that my new nickname?,joy,"I'll just tell Rachel I'm gonna be doing laundry for a couple of hours.
Laundry. Huh. Is that my new nickname?","I'll just tell Rachel I'm gonna be doing laundry for a couple of hours.
Laundry. Huh. Is that my new nickname?",joy,3,4,neutral,False,0.0026963062,0.0007784254,0.0012998346,0.0035915966,0.9777345,0.0025766788,0.0113227395
92,4,Monica,"Awww, y'know what your nickname is, Mr. Big",joy,"Laundry. Huh. Is that my new nickname?
Awww, y'know what your nickname is, Mr. Big","Laundry. Huh. Is that my new nickname?
Awww, y'know what your nickname is, Mr. Big",joy,3,4,neutral,False,0.03621187,0.046714883,0.012850595,0.412036,0.43703377,0.015860597,0.03929222
92,5,Rachel,Arghh!!,disgust,"Awww, y'know what your nickname is, Mr. Big
Arghh!!","Awww, y'know what your nickname is, Mr. Big
Arghh!!",disgust,1,3,joy,False,0.07121871,0.02351405,0.010169695,0.7408834,0.0637515,0.012327067,0.07813562
93,1,Chandler,Oh I’m so sorry man! Is there anything I can do?,sadness,"I can’t believe I’m going to lose this job!
Oh I’m so sorry man! Is there anything I can do?","I can’t believe I’m going to lose this job!
Oh I’m so sorry man! Is there anything I can do?",sadness,5,3,joy,False,0.049294043,0.002599047,0.05212027,0.391337,0.31599364,0.16086775,0.027788263
93,2,Joey,Yeah! Help me get this mini-fridge past the security guard.,neutral,"Oh I’m so sorry man! Is there anything I can do?
Yeah! Help me get this mini-fridge past the security guard.","Oh I’m so sorry man! Is there anything I can do?
Yeah! Help me get this mini-fridge past the security guard.",neutral,4,4,neutral,True,0.038017992,0.0069417497,0.008341913,0.11605129,0.81963015,0.009130303,0.0018865537
93,3,Wayne,"Hey Joey, I want to talk to you.",neutral,"Yeah! Help me get this mini-fridge past the security guard.
Hey Joey, I want to talk to you.","Yeah! Help me get this mini-fridge past the security guard.
Hey Joey, I want to talk to you.",neutral,4,4,neutral,True,0.002978403,0.0025424017,0.005987373,0.011458089,0.9720835,0.0040096357,0.00094056677
93,4,Joey,Yeah?,neutral,"Hey Joey, I want to talk to you.
Yeah?","Hey Joey, I want to talk to you.
Yeah?",neutral,4,4,neutral,True,0.007591086,0.0017129313,0.010553406,0.0076284134,0.73209274,0.0063404613,0.23408097
93,9,Joey,"Wayne, Chandler.",neutral,"Oh, Chandler, Wayne.
Wayne, Chandler.","Oh, Chandler, Wayne.
Wayne, Chandler.",neutral,4,4,neutral,True,0.004294058,0.0008070405,0.0011115915,0.0035898201,0.98151934,0.0029679947,0.0057102544
93,10,Chandler,"Hi, how are ya?",neutral,"Wayne, Chandler.
Hi, how are ya?","Wayne, Chandler.
Hi, how are ya?",neutral,4,4,neutral,True,0.0024311615,0.0005155567,0.0018786178,0.007596239,0.95727986,0.0020168112,0.028281746
93,11,Wayne,"Joey, Joey, I-I-I’ll g-get you your job back if you help me out.",neutral,"Hi, how are ya?
Joey, Joey, I-I-I’ll g-get you your job back if you help me out.","Hi, how are ya?
Joey, Joey, I-I-I’ll g-get you your job back if you help me out.",neutral,4,4,neutral,True,0.12071315,0.012957603,0.15847391,0.12979147,0.50718975,0.06360542,0.007268644
93,12,Joey,Why should I help you?!,anger,"Joey, Joey, I-I-I’ll g-get you your job back if you help me out.
Why should I help you?!","Joey, Joey, I-I-I’ll g-get you your job back if you help me out.
Why should I help you?!",anger,0,0,anger,True,0.58101493,0.010944725,0.09081566,0.036847103,0.050817456,0.061238013,0.16832209
93,13,Chandler,The reason he just said.,neutral,"Why should I help you?!
The reason he just said.","Why should I help you?!
The reason he just said.",neutral,4,4,neutral,True,0.0020335263,0.00074769417,0.0017976664,0.0030920755,0.98512876,0.002532976,0.004667381
93,14,Joey,What do you need?,neutral,"The reason he just said.
What do you need?","The reason he just said.
What do you need?",neutral,4,4,neutral,True,0.0052398723,0.0007101663,0.0049566347,0.0029421388,0.9458632,0.0035489255,0.036739025
93,15,Wayne,"I-I-I saw you on stage talking to that beautiful woman, y’know Sarah?",neutral,"What do you need?
I-I-I saw you on stage talking to that beautiful woman, y’know Sarah?","What do you need?
I-I-I saw you on stage talking to that beautiful woman, y’know Sarah?",neutral,4,4,neutral,True,0.086408034,0.014525761,0.17077927,0.13694593,0.35690665,0.094435364,0.13999908
94,1,Ross,And I too am just a love machine.,neutral,"What?
And I too am just a love machine.","What?
And I too am just a love machine.",neutral,4,3,joy,False,0.034078963,0.008675452,0.0055942275,0.7801428,0.12908413,0.04071773,0.0017067043
94,2,Paul,"Ross, let me show you where the guest room is.",neutral,"And I too am just a love machine.
Ross, let me show you where the guest room is.","And I too am just a love machine.
Ross, let me show you where the guest room is.",neutral,4,4,neutral,True,0.004625963,0.0015575378,0.0011515338,0.016302407,0.97333413,0.0020760784,0.0009523781
95,1,Guest #1,"See ya Phoebe! Oh and hey, thanks for chipping in!",joy,"Oh, I thought this was your party and it turns out it’s a party for Howard. He's just the sweetest little man!
See ya Phoebe! Oh and hey, thanks for chipping in!","Oh, I thought this was your party and it turns out it’s a party for Howard. He's just the sweetest little man!
See ya Phoebe! Oh and hey, thanks for chipping in!",joy,3,3,joy,True,0.009368866,0.0010386517,0.0014839192,0.91269916,0.064337865,0.003407765,0.007663714
95,2,Ross,You chipped in?!,surprise,"See ya Phoebe! Oh and hey, thanks for chipping in!
You chipped in?!","See ya Phoebe! Oh and hey, thanks for chipping in!
You chipped in?!",surprise,6,6,surprise,True,0.011208515,0.0013060545,0.0033289052,0.013049987,0.02002314,0.0042557884,0.94682765
95,3,Phoebe,"Yeah, uh-huh, a 100 dollars.",neutral,"You chipped in?!
Yeah, uh-huh, a 100 dollars.","You chipped in?!
Yeah, uh-huh, a 100 dollars.",neutral,4,4,neutral,True,0.0013107224,0.00073420955,0.001550348,0.0039922446,0.98454964,0.002513082,0.0053497157
95,4,Ross,Phoebe! I can't believe you gave them money! I thought you agreed it was totally unreasonable that they asked me for that money!,surprise,"Yeah, uh-huh, a 100 dollars.
Phoebe! I can't believe you gave them money! I thought you agreed it was totally unreasonable that they asked me for that money!","Yeah, uh-huh, a 100 dollars.
Phoebe! I can't believe you gave them money! I thought you agreed it was totally unreasonable that they asked me for that money!",surprise,6,6,surprise,True,0.2940686,0.009659087,0.02003281,0.037234306,0.019346185,0.027288375,0.5923706
95,5,Phoebe,"Yeah, but they didn't ask me!",anger,"Phoebe! I can't believe you gave them money! I thought you agreed it was totally unreasonable that they asked me for that money!
Yeah, but they didn't ask me!","Phoebe! I can't believe you gave them money! I thought you agreed it was totally unreasonable that they asked me for that money!
Yeah, but they didn't ask me!",anger,0,0,anger,True,0.7147104,0.01084441,0.03789682,0.06372066,0.074784204,0.03942691,0.058616627
95,6,Phoebe,Y'know?,neutral,"Yeah, but they didn't ask me!
Y'know?","Yeah, but they didn't ask me!
Y'know?",neutral,4,4,neutral,True,0.009525817,0.0011683942,0.012448844,0.008447681,0.93687123,0.0064644627,0.025073592
95,7,Phoebe,"This way I'm just y'know, the exotic, generous stranger.",joy,"Y'know?
This way I'm just y'know, the exotic, generous stranger.","Y'know?
This way I'm just y'know, the exotic, generous stranger.",joy,3,4,neutral,False,0.016586447,0.004664385,0.0032031662,0.289858,0.66871864,0.01452507,0.002444356
95,8,Phoebe,That's always fun to be.,joy,"This way I'm just y'know, the exotic, generous stranger.
That's always fun to be.","This way I'm just y'know, the exotic, generous stranger.
That's always fun to be.",joy,3,3,joy,True,0.020441307,0.00411534,0.0022083786,0.8094903,0.15510163,0.006978858,0.0016641854
95,9,Ross,"Yeah, but you're making me look bad!",anger,"That's always fun to be.
Yeah, but you're making me look bad!","That's always fun to be.
Yeah, but you're making me look bad!",anger,0,0,anger,True,0.60947174,0.08710545,0.067687795,0.053420912,0.025600933,0.14248654,0.014226668
95,10,Phoebe,No I'm not.,neutral,"Yeah, but you're making me look bad!
No I'm not.","Yeah, but you're making me look bad!
No I'm not.",neutral,4,4,neutral,True,0.018953117,0.0067808223,0.012658794,0.04861007,0.8903687,0.020938197,0.0016902796
95,11,Phoebe,No!,surprise,"No I'm not.
No!","No I'm not.
No!",surprise,6,6,surprise,True,0.36360133,0.037229635,0.047842626,0.10126663,0.035345927,0.04105358,0.37366024
95,12,Phoebe,If anything I'm making you look better!,joy,"No!
If anything I'm making you look better!","No!
If anything I'm making you look better!",joy,3,4,neutral,False,0.24701816,0.01703236,0.012932045,0.2908562,0.41158944,0.016819414,0.0037522959
95,13,Phoebe,They'll see you talking to me and that's--I'm a hit!,joy,"If anything I'm making you look better!
They'll see you talking to me and that's--I'm a hit!","If anything I'm making you look better!
They'll see you talking to me and that's--I'm a hit!",joy,3,0,anger,False,0.5716246,0.019865753,0.031362217,0.26506495,0.05543758,0.025085976,0.03155892
95,14,Steve,"Oh hey, Pheebs!",joy,"They'll see you talking to me and that's--I'm a hit!
Oh hey, Pheebs!","They'll see you talking to me and that's--I'm a hit!
Oh hey, Pheebs!",joy,3,3,joy,True,0.018853398,0.0035242264,0.008704881,0.4495442,0.07135844,0.013689745,0.43432516
95,15,Phoebe,Hey!,joy,"Oh hey, Pheebs!
Hey!","Oh hey, Pheebs!
Hey!",joy,3,3,joy,True,0.015372037,0.002163028,0.0033900808,0.7516892,0.12399729,0.0050451634,0.098343186
95,16,Steve,"Oh hey, Ross.",neutral,"Hey!
Oh hey, Ross.","Hey!
Oh hey, Ross.",neutral,4,4,neutral,True,0.0016001959,0.00042223983,0.0012189761,0.0029274013,0.98794204,0.0016626857,0.0042264475
95,17,Steve,"Umm, see, I was thinking maybe you two could switch apartments because Phoebe's more our kind of people.",fear,"Oh hey, Ross.
Umm, see, I was thinking maybe you two could switch apartments because Phoebe's more our kind of people.","Oh hey, Ross.
Umm, see, I was thinking maybe you two could switch apartments because Phoebe's more our kind of people.",fear,2,4,neutral,False,0.003753487,0.0020781367,0.002488231,0.005431825,0.9795083,0.004548955,0.0021910744
95,18,Steve,Something to think about.,neutral,"Umm, see, I was thinking maybe you two could switch apartments because Phoebe's more our kind of people.
Something to think about.","Umm, see, I was thinking maybe you two could switch apartments because Phoebe's more our kind of people.
Something to think about.",neutral,4,4,neutral,True,0.0048387544,0.0034670243,0.0033287306,0.02872154,0.9556225,0.0029169975,0.0011044987
95,19,Phoebe,"Yeah, okay, my bad.",joy,"Something to think about.
Yeah, okay, my bad.","Something to think about.
Yeah, okay, my bad.",joy,3,5,sadness,False,0.05016027,0.11649313,0.13720359,0.02219111,0.035994556,0.6208981,0.017059186
96,1,Monica,For what?,neutral,"Here. I need to borrow some moisturizer.
For what?","Here. I need to borrow some moisturizer.
For what?",neutral,4,4,neutral,True,0.0055442797,0.0009536591,0.007806521,0.007908217,0.8840542,0.005397112,0.08833591
96,2,Joey,Whaddya think? Today's the big day!,joy,"For what?
Whaddya think? Today's the big day!","For what?
Whaddya think? Today's the big day!",joy,3,3,joy,True,0.014641454,0.0016741777,0.0017587197,0.91847897,0.03272822,0.003308956,0.027409492
96,3,Monica,"Oh my God. Okay, go into the bathroom, use whatever you want, just don't ever tell me what you did in there.",disgust,"Whaddya think? Today's the big day!
Oh my God. Okay, go into the bathroom, use whatever you want, just don't ever tell me what you did in there.","Whaddya think? Today's the big day!
Oh my God. Okay, go into the bathroom, use whatever you want, just don't ever tell me what you did in there.",disgust,1,6,surprise,False,0.02630881,0.04861476,0.064263366,0.02255055,0.06726217,0.097831644,0.67316866
96,4,Joey,Thank you!,joy,"Oh my God. Okay, go into the bathroom, use whatever you want, just don't ever tell me what you did in there.
Thank you!","Oh my God. Okay, go into the bathroom, use whatever you want, just don't ever tell me what you did in there.
Thank you!",joy,3,3,joy,True,0.017807258,0.0020112474,0.0039951713,0.87634104,0.07719925,0.0060546147,0.016591452
96,5,Chandler,Where's Joey? His mom's on the phone.,neutral,"Thank you!
Where's Joey? His mom's on the phone.","Thank you!
Where's Joey? His mom's on the phone.",neutral,4,4,neutral,True,0.0036941338,0.001261975,0.0023212868,0.0022173745,0.9771762,0.005201509,0.008127599
96,6,Monica,He's in the bathroom. I don't think you wanna go in there!,anger,"Where's Joey? His mom's on the phone.
He's in the bathroom. I don't think you wanna go in there!","Where's Joey? His mom's on the phone.
He's in the bathroom. I don't think you wanna go in there!",anger,0,0,anger,True,0.34331235,0.0750682,0.13184415,0.19695266,0.14314388,0.0750988,0.034579962
96,7,Chandler,"C'mon, we're roommates!  My eyes!! My eyes!!",disgust,"He's in the bathroom. I don't think you wanna go in there!
C'mon, we're roommates!  My eyes!! My eyes!!","He's in the bathroom. I don't think you wanna go in there!
C'mon, we're roommates!  My eyes!! My eyes!!",disgust,1,6,surprise,False,0.21079594,0.08430392,0.10872976,0.09046326,0.017354913,0.07449238,0.41385984
96,8,Monica,I warned you...,neutral,"C'mon, we're roommates!  My eyes!! My eyes!!
I warned you...","C'mon, we're roommates!  My eyes!! My eyes!!
I warned you...",neutral,4,0,anger,False,0.5435194,0.031911485,0.20862444,0.05061676,0.08728069,0.04808409,0.02996315
96,9,Rachel,Who is being loud?,anger,"I warned you...
Who is being loud?","I warned you...
Who is being loud?",anger,0,0,anger,True,0.49442196,0.06590486,0.024650587,0.0133747235,0.06326844,0.02568017,0.31269923
96,10,Chandler,"Oh, that would be Monica.",neutral,"Who is being loud?
Oh, that would be Monica.","Who is being loud?
Oh, that would be Monica.",neutral,4,4,neutral,True,0.001885437,0.0006676195,0.0007823689,0.0016110986,0.9898114,0.0012630424,0.0039790594
96,11,Chandler,"Hey, listen, I wanna borrow a coupla things, Aurora spent the night, I really wanna make her breakfast.",neutral,"Oh, that would be Monica.
Hey, listen, I wanna borrow a coupla things, Aurora spent the night, I really wanna make her breakfast.","Oh, that would be Monica.
Hey, listen, I wanna borrow a coupla things, Aurora spent the night, I really wanna make her breakfast.",neutral,4,4,neutral,True,0.0016919664,0.0013084494,0.0014137779,0.009589592,0.9829553,0.0023499052,0.0006910927
96,12,Monica,"Oh, you got the whole night, huh?",surprise,"Hey, listen, I wanna borrow a coupla things, Aurora spent the night, I really wanna make her breakfast.
Oh, you got the whole night, huh?","Hey, listen, I wanna borrow a coupla things, Aurora spent the night, I really wanna make her breakfast.
Oh, you got the whole night, huh?",surprise,6,4,neutral,False,0.051026046,0.0052450346,0.010171605,0.31223235,0.47845185,0.014790837,0.12808225
96,13,Chandler,"Yeah, well, I only have twenty minutes until Ethan, so, y'know..",neutral,"Oh, you got the whole night, huh?
Yeah, well, I only have twenty minutes until Ethan, so, y'know..","Oh, you got the whole night, huh?
Yeah, well, I only have twenty minutes until Ethan, so, y'know..",neutral,4,4,neutral,True,0.004287557,0.0016019918,0.0030014555,0.0066140303,0.9807945,0.002647861,0.0010526383
96,14,Rachel,"Ooh, do I sense a little bit of resentment?",surprise,"Yeah, well, I only have twenty minutes until Ethan, so, y'know..
Ooh, do I sense a little bit of resentment?","Yeah, well, I only have twenty minutes until Ethan, so, y'know..
Ooh, do I sense a little bit of resentment?",surprise,6,4,neutral,False,0.11783595,0.022000276,0.059983242,0.28724352,0.30347297,0.09725987,0.112204194
96,15,Chandler,"No, no resentment, believe me, it's worth it.",neutral,"Ooh, do I sense a little bit of resentment?
No, no resentment, believe me, it's worth it.","Ooh, do I sense a little bit of resentment?
No, no resentment, believe me, it's worth it.",neutral,4,4,neutral,True,0.017305054,0.006315867,0.004413925,0.09448987,0.8658083,0.010768599,0.0008983782
96,16,Chandler,'Kay?,neutral,"No, no resentment, believe me, it's worth it.
'Kay?","No, no resentment, believe me, it's worth it.
'Kay?",neutral,4,4,neutral,True,0.027439764,0.0031353573,0.021922855,0.020461045,0.8678091,0.019594971,0.039636925
96,17,Chandler,Y'know in a relationship you have these key moments that you know you'll remember for the rest of your life?,neutral,"'Kay?
Y'know in a relationship you have these key moments that you know you'll remember for the rest of your life?","'Kay?
Y'know in a relationship you have these key moments that you know you'll remember for the rest of your life?",neutral,4,4,neutral,True,0.07177166,0.0024500932,0.01539454,0.035484515,0.84641516,0.017376056,0.011107994
96,18,Chandler,"Well, every- single- second is like that with Aurora.. and I've just wasted about thirty-five of them talking to you people, so, uh.. Monica, can you help me with the door?",neutral,"Y'know in a relationship you have these key moments that you know you'll remember for the rest of your life?
Well, every- single- second is like that with Aurora.. and I've just wasted about thirty-five of them talking to you people, so, uh.. Monica, can you help me with the door?","Y'know in a relationship you have these key moments that you know you'll remember for the rest of your life?
Well, every- single- second is like that with Aurora.. and I've just wasted about thirty-five of them talking to you people, so, uh.. Monica, can you help me with the door?",neutral,4,4,neutral,True,0.004395204,0.00095369533,0.008050243,0.003364281,0.9726978,0.006575112,0.0039636195
96,19,Monica,"Oh, um, Chandler?",neutral,"Well, every- single- second is like that with Aurora.. and I've just wasted about thirty-five of them talking to you people, so, uh.. Monica, can you help me with the door?
Oh, um, Chandler?","Well, every- single- second is like that with Aurora.. and I've just wasted about thirty-five of them talking to you people, so, uh.. Monica, can you help me with the door?
Oh, um, Chandler?",neutral,4,4,neutral,True,0.008467414,0.0017429326,0.023491,0.007195359,0.8229754,0.016719028,0.119408764
96,20,Monica,"Y'know, the-the old Monica would-would remind you to scrub that Teflon pan with a plastic brush...But I'm not gonna do that.",neutral,"Oh, um, Chandler?
Y'know, the-the old Monica would-would remind you to scrub that Teflon pan with a plastic brush...But I'm not gonna do that.","Oh, um, Chandler?
Y'know, the-the old Monica would-would remind you to scrub that Teflon pan with a plastic brush...But I'm not gonna do that.",neutral,4,4,neutral,True,0.005991009,0.0054461537,0.008476758,0.011045035,0.951684,0.015748339,0.0016086493
97,1,Monica,"Hey Joey! Aww, you remembered even though you're a big star!",joy,"Hey Monica, it's Joey!
Hey Joey! Aww, you remembered even though you're a big star!","Hey Monica, it's Joey!
Hey Joey! Aww, you remembered even though you're a big star!",joy,3,6,surprise,False,0.039856616,0.025379805,0.014247924,0.26081678,0.075306974,0.024011962,0.5603799
97,2,Joey,"Aw, come on! It'll be years before I forget you!",neutral,"Hey Joey! Aww, you remembered even though you're a big star!
Aw, come on! It'll be years before I forget you!","Hey Joey! Aww, you remembered even though you're a big star!
Aw, come on! It'll be years before I forget you!",neutral,4,3,joy,False,0.041436218,0.0040084873,0.00644073,0.8766195,0.043367244,0.015360806,0.012767018
97,3,Monica,"Joey, what's it like on a movie set, huh?",neutral,"Aw, come on! It'll be years before I forget you!
Joey, what's it like on a movie set, huh?","Aw, come on! It'll be years before I forget you!
Joey, what's it like on a movie set, huh?",neutral,4,4,neutral,True,0.01692983,0.0031721853,0.006649277,0.034456562,0.8612095,0.011174162,0.066408366
97,4,Monica,Do you have a dressing room?,neutral,"Joey, what's it like on a movie set, huh?
Do you have a dressing room?","Joey, what's it like on a movie set, huh?
Do you have a dressing room?",neutral,4,4,neutral,True,0.0052561653,0.002193431,0.0021532557,0.009824297,0.95730793,0.005339743,0.017925292
97,5,Monica,Do you have a chair with your name on it?,neutral,"Do you have a dressing room?
Do you have a chair with your name on it?","Do you have a dressing room?
Do you have a chair with your name on it?",neutral,4,4,neutral,True,0.002441924,0.0005784616,0.00091112166,0.0019846095,0.9867235,0.0018226543,0.0055377968
97,6,Joey,"Uh, well yeah-yeah, I've got all of that going on.",neutral,"Do you have a chair with your name on it?
Uh, well yeah-yeah, I've got all of that going on.","Do you have a chair with your name on it?
Uh, well yeah-yeah, I've got all of that going on.",neutral,4,4,neutral,True,0.0044711656,0.0020050034,0.006640096,0.008247912,0.97308797,0.003882651,0.0016652907
97,7,Joey,"Yeah, listen uh, I want you to make sure you tell Chandler that he couldn't have been more wrong!",neutral,"Uh, well yeah-yeah, I've got all of that going on.
Yeah, listen uh, I want you to make sure you tell Chandler that he couldn't have been more wrong!","Uh, well yeah-yeah, I've got all of that going on.
Yeah, listen uh, I want you to make sure you tell Chandler that he couldn't have been more wrong!",neutral,4,0,anger,False,0.3320446,0.011891333,0.08557932,0.20734516,0.29515216,0.04459849,0.023388984
97,8,Joey,Uh-oh!,fear,"Yeah, listen uh, I want you to make sure you tell Chandler that he couldn't have been more wrong!
Uh-oh!","Yeah, listen uh, I want you to make sure you tell Chandler that he couldn't have been more wrong!
Uh-oh!",fear,2,6,surprise,False,0.06086584,0.020501688,0.24654408,0.05526169,0.081491955,0.11494107,0.42039365
97,9,Joey,"I gotta go Monica, my uh, my sushi's here!",neutral,"Uh-oh!
I gotta go Monica, my uh, my sushi's here!","Uh-oh!
I gotta go Monica, my uh, my sushi's here!",neutral,4,4,neutral,True,0.031190574,0.015661048,0.18622114,0.059892185,0.42051443,0.13046816,0.15605253
97,10,Joey,Sorry about that. Thanks for waitin'.,neutral,"I gotta go Monica, my uh, my sushi's here!
Sorry about that. Thanks for waitin'.","I gotta go Monica, my uh, my sushi's here!
Sorry about that. Thanks for waitin'.",neutral,4,4,neutral,True,0.00380523,0.0029148457,0.0044044075,0.016757982,0.942446,0.028097982,0.0015735739
97,11,Joey,"Everybody smile!  Okay, thanks a lot! Enjoy your stay at",joy,"Sorry about that. Thanks for waitin'.
Everybody smile!  Okay, thanks a lot! Enjoy your stay at","Sorry about that. Thanks for waitin'.
Everybody smile!  Okay, thanks a lot! Enjoy your stay at",joy,3,3,joy,True,0.016478097,0.0025865813,0.0024412624,0.9333618,0.038857006,0.0033575364,0.0029177277
98,1,Monica,"Mom says it's all of Manhattan, parts of Brooklyn and Queens, and they have no idea when it's coming back on.",anger,"Wow, this is so cool, you guys. The entire city is blacked out!
Mom says it's all of Manhattan, parts of Brooklyn and Queens, and they have no idea when it's coming back on.","Wow, this is so cool, you guys. The entire city is blacked out!
Mom says it's all of Manhattan, parts of Brooklyn and Queens, and they have no idea when it's coming back on.",anger,0,4,neutral,False,0.079938054,0.025656927,0.031539332,0.11792577,0.45069435,0.1881397,0.10610585
98,2,Rachel,"Wow, you guys, this is big.",surprise,"Mom says it's all of Manhattan, parts of Brooklyn and Queens, and they have no idea when it's coming back on.
Wow, you guys, this is big.","Mom says it's all of Manhattan, parts of Brooklyn and Queens, and they have no idea when it's coming back on.
Wow, you guys, this is big.",surprise,6,6,surprise,True,0.004195738,0.0027648108,0.0024962684,0.009181953,0.00714395,0.004201903,0.9700153
98,3,Monica,Pants and a sweater?,anger,"Wow, you guys, this is big.
Pants and a sweater?","Wow, you guys, this is big.
Pants and a sweater?",anger,0,4,neutral,False,0.0047398396,0.0020804987,0.00595029,0.007952175,0.7249839,0.0056106886,0.24868265
98,4,Monica,"Why, mom?",anger,"Pants and a sweater?
Why, mom?","Pants and a sweater?
Why, mom?",anger,0,4,neutral,False,0.008340083,0.0015172075,0.009841867,0.010845661,0.7871504,0.010745273,0.17155951
98,5,Monica,Who am I gonna meet in a blackout?,anger,"Why, mom?
Who am I gonna meet in a blackout?","Why, mom?
Who am I gonna meet in a blackout?",anger,0,4,neutral,False,0.078575775,0.028704353,0.2613146,0.040750563,0.32090363,0.23570815,0.034042954
98,6,Monica,Power company guys?,anger,"Who am I gonna meet in a blackout?
Power company guys?","Who am I gonna meet in a blackout?
Power company guys?",anger,0,0,anger,True,0.41484815,0.025389478,0.05220502,0.029077122,0.28784576,0.10449746,0.08613701
98,7,Monica,Eligible looters?,anger,"Power company guys?
Eligible looters?","Power company guys?
Eligible looters?",anger,0,4,neutral,False,0.014786807,0.0012459384,0.0034872775,0.0056835674,0.8893894,0.004866313,0.0805407
98,8,Monica,Could we talk about this later?,anger,"Eligible looters?
Could we talk about this later?","Eligible looters?
Could we talk about this later?",anger,0,4,neutral,False,0.00154326,0.0004194123,0.00100639,0.002800875,0.99091727,0.0011290703,0.002183811
98,9,Monica,OK.,neutral,"Could we talk about this later?
OK.","Could we talk about this later?
OK.",neutral,4,4,neutral,True,0.001362594,0.0007646431,0.0015672708,0.0043425313,0.98990726,0.0012053818,0.0008502867
98,10,Phoebe,Can I borrow the phone? I want to call my apartment and check on my grandma.  What's my number?,neutral,"OK.
Can I borrow the phone? I want to call my apartment and check on my grandma.  What's my number?","OK.
Can I borrow the phone? I want to call my apartment and check on my grandma.  What's my number?",neutral,4,4,neutral,True,0.0029628295,0.00043110744,0.0014500978,0.0020872855,0.9783443,0.0020350798,0.012689262
98,11,Phoebe,"Well, I never call",neutral,"Can I borrow the phone? I want to call my apartment and check on my grandma.  What's my number?
Well, I never call","Can I borrow the phone? I want to call my apartment and check on my grandma.  What's my number?
Well, I never call",neutral,4,4,neutral,True,0.0074716504,0.0010602715,0.0024487854,0.002550765,0.9787154,0.004834665,0.0029184732
99,1,Chandler,Having a swim.,neutral,"What ‘cha doing?
Having a swim.","What ‘cha doing?
Having a swim.",neutral,4,4,neutral,True,0.00931782,0.00605607,0.0032640665,0.2725699,0.6990842,0.0067240973,0.0029838884
99,2,Joey,What about the chick?,neutral,"Having a swim.
What about the chick?","Having a swim.
What about the chick?",neutral,4,4,neutral,True,0.006290009,0.001730624,0.0022379388,0.01686236,0.86573505,0.0035200957,0.10362391
99,3,Chandler,Chicks don’t swim.,neutral,"What about the chick?
Chicks don’t swim.","What about the chick?
Chicks don’t swim.",neutral,4,4,neutral,True,0.03286495,0.032310456,0.010662415,0.05447692,0.84445363,0.015985612,0.009246049
99,4,Joey,Are you sure?,neutral,"Chicks don’t swim.
Are you sure?","Chicks don’t swim.
Are you sure?",neutral,4,6,surprise,False,0.01207335,0.0014533659,0.007457616,0.014945988,0.12691909,0.0077806204,0.8293699
99,5,Chandler,I don’t know. Should we try it?,neutral,"Are you sure?
I don’t know. Should we try it?","Are you sure?
I don’t know. Should we try it?",neutral,4,4,neutral,True,0.0029612936,0.00075316854,0.007956954,0.00932107,0.96985334,0.0038429713,0.00531115
99,6,Joey,Sure.,neutral,"I don’t know. Should we try it?
Sure.","I don’t know. Should we try it?
Sure.",neutral,4,4,neutral,True,0.0013663532,0.0010847447,0.0021387825,0.009277879,0.98356044,0.0017046902,0.0008670905
99,7,Chandler,"See, I told you they don’t swim.",neutral,"Sure.
See, I told you they don’t swim.","Sure.
See, I told you they don’t swim.",neutral,4,4,neutral,True,0.008636995,0.010254954,0.012100316,0.020561889,0.929547,0.010169212,0.008729584
99,8,Joey,Wait. Give him a minute.,neutral,"See, I told you they don’t swim.
Wait. Give him a minute.","See, I told you they don’t swim.
Wait. Give him a minute.",neutral,4,4,neutral,True,0.0077357315,0.003848754,0.007653082,0.006022635,0.9704901,0.0029974328,0.0012522733
99,9,Chandler,"Noo!  Oh, it’s okay, it’s okay, baby, baby, baby.",fear,"Wait. Give him a minute.
Noo!  Oh, it’s okay, it’s okay, baby, baby, baby.","Wait. Give him a minute.
Noo!  Oh, it’s okay, it’s okay, baby, baby, baby.",fear,2,4,neutral,False,0.030969486,0.013933032,0.070890605,0.2500728,0.545031,0.07110188,0.01800121
100,1,Phoebe,You guys feel safe.,neutral,"Me taking care of you is no problem, huh?
You guys feel safe.","Me taking care of you is no problem, huh?
You guys feel safe.",neutral,4,4,neutral,True,0.009849403,0.0034975258,0.00618898,0.01753594,0.95668256,0.0053983117,0.0008472888
100,2,Phoebe,Right?,neutral,"You guys feel safe.
Right?","You guys feel safe.
Right?",neutral,4,4,neutral,True,0.021040456,0.0013321337,0.010613522,0.019590417,0.9051937,0.008239603,0.033990227
100,3,Phoebe,"Okay, I’m gonna take that spit bubble as, ""Yeah, I do!""",neutral,"Right?
Okay, I’m gonna take that spit bubble as, ""Yeah, I do!""","Right?
Okay, I’m gonna take that spit bubble as, ""Yeah, I do!""",neutral,4,3,joy,False,0.062623225,0.01623581,0.008771682,0.83223957,0.06799175,0.0072868112,0.0048511336
100,4,Phoebe,"Okay, after I get rid of this dirty diaper Leslie, I’ll set you up with a clean one.",neutral,"Okay, I’m gonna take that spit bubble as, ""Yeah, I do!""
Okay, after I get rid of this dirty diaper Leslie, I’ll set you up with a clean one.","Okay, I’m gonna take that spit bubble as, ""Yeah, I do!""
Okay, after I get rid of this dirty diaper Leslie, I’ll set you up with a clean one.",neutral,4,4,neutral,True,0.014250798,0.026593946,0.0065619284,0.030878317,0.91192585,0.008299727,0.0014894861
100,5,Phoebe,"Okay, I’m sorry.",sadness,"Okay, after I get rid of this dirty diaper Leslie, I’ll set you up with a clean one.
Okay, I’m sorry.","Okay, after I get rid of this dirty diaper Leslie, I’ll set you up with a clean one.
Okay, I’m sorry.",sadness,5,5,sadness,True,0.014924271,0.009785233,0.055402964,0.040490605,0.14967111,0.7218035,0.007922365
100,6,Phoebe,I didn’t mean to scare you.,sadness,"Okay, I’m sorry.
I didn’t mean to scare you.","Okay, I’m sorry.
I didn’t mean to scare you.",sadness,5,4,neutral,False,0.029188015,0.008891103,0.02187874,0.04692188,0.85210466,0.032077648,0.008937933
100,7,Phoebe,I just have to clean that up.,neutral,"I didn’t mean to scare you.
I just have to clean that up.","I didn’t mean to scare you.
I just have to clean that up.",neutral,4,4,neutral,True,0.010502815,0.0071856584,0.0107374145,0.012772019,0.9480177,0.009444087,0.0013402632
100,8,Phoebe,Okay?,neutral,"I just have to clean that up.
Okay?","I just have to clean that up.
Okay?",neutral,4,4,neutral,True,0.024394425,0.0024764708,0.018612776,0.01915825,0.9009008,0.010587387,0.023869969
100,9,Phoebe,"‘Cause let’s face it, we’re at Monica’s.",neutral,"Okay?
‘Cause let’s face it, we’re at Monica’s.","Okay?
‘Cause let’s face it, we’re at Monica’s.",neutral,4,4,neutral,True,0.0024471474,0.0008262434,0.0007606026,0.0030919043,0.9900097,0.0017686135,0.0010958068
100,10,Phoebe,I broke it.,sadness,"‘Cause let’s face it, we’re at Monica’s.
I broke it.","‘Cause let’s face it, we’re at Monica’s.
I broke it.",sadness,5,0,anger,False,0.5890506,0.011852341,0.044773307,0.16730253,0.07857502,0.10151645,0.0069296607
100,11,Phoebe,All right.,neutral,"I broke it.
All right.","I broke it.
All right.",neutral,4,4,neutral,True,0.01498109,0.0036619885,0.0053812577,0.033224426,0.93396163,0.007998652,0.00079104194
100,12,Phoebe,"Well, that’s just the way that goes.",neutral,"All right.
Well, that’s just the way that goes.","All right.
Well, that’s just the way that goes.",neutral,4,4,neutral,True,0.0035130335,0.0014213356,0.0015937025,0.005759232,0.9839528,0.0030024548,0.0007573946
100,13,Phoebe,"Okay, good.",neutral,"Well, that’s just the way that goes.
Okay, good.","Well, that’s just the way that goes.
Okay, good.",neutral,4,4,neutral,True,0.029105589,0.0128879715,0.0092781745,0.31470102,0.61967087,0.012715796,0.0016405274
100,14,Phoebe,Why are there only two of you?,fear,"Okay, good.
Why are there only two of you?","Okay, good.
Why are there only two of you?",fear,2,4,neutral,False,0.019303204,0.001937984,0.006531932,0.00581092,0.56855124,0.008626563,0.38923824
100,15,Phoebe,Where is Leslie?,fear,"Why are there only two of you?
Where is Leslie?","Why are there only two of you?
Where is Leslie?",fear,2,4,neutral,False,0.0026225327,0.0005048042,0.0011867329,0.0017755615,0.9836875,0.0017449086,0.008477947
100,16,Phoebe,"Well, you can’t answer.",neutral,"Where is Leslie?
Well, you can’t answer.","Where is Leslie?
Well, you can’t answer.",neutral,4,4,neutral,True,0.019243207,0.003535647,0.04351619,0.024924288,0.82037014,0.072697334,0.015713235
100,17,Phoebe,Leslie?,neutral,"Well, you can’t answer.
Leslie?","Well, you can’t answer.
Leslie?",neutral,4,4,neutral,True,0.0101518,0.0012535625,0.007068171,0.0038106386,0.6520329,0.007998364,0.31768456
100,18,Phoebe,Where are you Leslie?,fear,"Leslie?
Where are you Leslie?","Leslie?
Where are you Leslie?",fear,2,4,neutral,False,0.0030798125,0.00054035225,0.0016419479,0.0023142605,0.96953964,0.0022502905,0.020633733
100,19,Phoebe,"Leslie, now would be a",sadness,"Where are you Leslie?
Leslie, now would be a","Where are you Leslie?
Leslie, now would be a",sadness,5,4,neutral,False,0.002284629,0.0004570481,0.00067781727,0.0017337581,0.98995656,0.001402855,0.0034873332
101,1,Monica,Hey.,neutral,"Hey!
Hey.","Hey!
Hey.",neutral,4,4,neutral,True,0.0011558277,0.00038511056,0.0009639625,0.002455362,0.9904929,0.0011303856,0.0034164032
101,2,Phoebe,"Hey, why are you mopping your ceiling?",sadness,"Hey.
Hey, why are you mopping your ceiling?","Hey.
Hey, why are you mopping your ceiling?",sadness,5,4,neutral,False,0.020651758,0.0028098968,0.004078546,0.011085607,0.6787579,0.0072441064,0.2753722
101,3,Monica,"Oh, there’s banana on it.",neutral,"Hey, why are you mopping your ceiling?
Oh, there’s banana on it.","Hey, why are you mopping your ceiling?
Oh, there’s banana on it.",neutral,4,4,neutral,True,0.02605002,0.21962675,0.024784852,0.038089003,0.5829197,0.06032494,0.04820471
102,1,Phoebe,"Yeah, she was bald, she’s not now.",neutral,"You said she was bald.
Yeah, she was bald, she’s not now.","You said she was bald.
Yeah, she was bald, she’s not now.",neutral,4,4,neutral,True,0.011860624,0.0040345276,0.0017114802,0.01401336,0.959062,0.005843033,0.0034750807
102,2,Rachel,How could you not tell me that she has hair?,surprise,"Yeah, she was bald, she’s not now.
How could you not tell me that she has hair?","Yeah, she was bald, she’s not now.
How could you not tell me that she has hair?",surprise,6,6,surprise,True,0.05732658,0.0036399274,0.010483451,0.015862906,0.0770549,0.014474248,0.82115793
102,3,Phoebe,"I don’t know, I hardly ever say that about people.",neutral,"How could you not tell me that she has hair?
I don’t know, I hardly ever say that about people.","How could you not tell me that she has hair?
I don’t know, I hardly ever say that about people.",neutral,4,4,neutral,True,0.008975974,0.003135281,0.007573125,0.00888474,0.9527991,0.010963173,0.007668615
102,4,Rachel,"Ohh, well, this is just perfect!",anger,"I don’t know, I hardly ever say that about people.
Ohh, well, this is just perfect!","I don’t know, I hardly ever say that about people.
Ohh, well, this is just perfect!",anger,0,3,joy,False,0.05755328,0.0027880704,0.007957448,0.8204276,0.09372312,0.013234162,0.0043162964
102,5,Phoebe,"Well I’m sorry, I thought you said it was okay.",sadness,"Ohh, well, this is just perfect!
Well I’m sorry, I thought you said it was okay.","Ohh, well, this is just perfect!
Well I’m sorry, I thought you said it was okay.",sadness,5,4,neutral,False,0.016736994,0.002333897,0.033278428,0.03417569,0.7544229,0.12971708,0.02933495
102,6,Rachel,"Yeah, I said what was okay when I thought she was some weird bald chick. I mean, y'know, that girl has hair got",anger,"Well I’m sorry, I thought you said it was okay.
Yeah, I said what was okay when I thought she was some weird bald chick. I mean, y'know, that girl has hair got","Well I’m sorry, I thought you said it was okay.
Yeah, I said what was okay when I thought she was some weird bald chick. I mean, y'know, that girl has hair got",anger,0,4,neutral,False,0.0064668315,0.0032955925,0.0037851902,0.0045479564,0.973873,0.005631906,0.0023995505
102,7,Phoebe,"Well, maybe it won’t work out. Maybe Ross won’t like her personality.",sadness,"Yeah, I said what was okay when I thought she was some weird bald chick. I mean, y'know, that girl has hair got
Well, maybe it won’t work out. Maybe Ross won’t like her personality.","Yeah, I said what was okay when I thought she was some weird bald chick. I mean, y'know, that girl has hair got
Well, maybe it won’t work out. Maybe Ross won’t like her personality.",sadness,5,4,neutral,False,0.08599126,0.022223424,0.024482103,0.056688175,0.7152117,0.09007575,0.0053275824
102,8,Rachel,"Why, does she have a bad personality?",neutral,"Well, maybe it won’t work out. Maybe Ross won’t like her personality.
Why, does she have a bad personality?","Well, maybe it won’t work out. Maybe Ross won’t like her personality.
Why, does she have a bad personality?",neutral,4,4,neutral,True,0.06647806,0.005569128,0.03227784,0.015051544,0.645334,0.15230183,0.082987614
102,9,Phoebe,"Oh no, Bonnie’s the best!",joy,"Why, does she have a bad personality?
Oh no, Bonnie’s the best!","Why, does she have a bad personality?
Oh no, Bonnie’s the best!",joy,3,3,joy,True,0.037029695,0.0051676743,0.005137733,0.6594238,0.2632239,0.018866772,0.011150452
103,1,Joey,Hey.,neutral,"Hey!
Hey.","Hey!
Hey.",neutral,4,4,neutral,True,0.0011558277,0.00038511056,0.0009639625,0.002455362,0.9904929,0.0011303856,0.0034164032
103,2,Ross,"Do you have a minute? I’d like to talk to you about something I’m, I’m really uncomfortable talking about.",fear,"Hey.
Do you have a minute? I’d like to talk to you about something I’m, I’m really uncomfortable talking about.","Hey.
Do you have a minute? I’d like to talk to you about something I’m, I’m really uncomfortable talking about.",fear,2,4,neutral,False,0.007420619,0.0038518491,0.015109757,0.012735698,0.9485697,0.010273248,0.002039073
103,3,Joey,"Sure. What? About uh, you showering with your mom?",surprise,"Do you have a minute? I’d like to talk to you about something I’m, I’m really uncomfortable talking about.
Sure. What? About uh, you showering with your mom?","Do you have a minute? I’d like to talk to you about something I’m, I’m really uncomfortable talking about.
Sure. What? About uh, you showering with your mom?",surprise,6,4,neutral,False,0.020749306,0.0065116696,0.11693281,0.021299638,0.6431494,0.056126833,0.13523035
103,4,Ross,"I actually had a topic in mind! I’m, I’m kinda going through a dry spell, sex wise.",anger,"Sure. What? About uh, you showering with your mom?
I actually had a topic in mind! I’m, I’m kinda going through a dry spell, sex wise.","Sure. What? About uh, you showering with your mom?
I actually had a topic in mind! I’m, I’m kinda going through a dry spell, sex wise.",anger,0,3,joy,False,0.06647442,0.055506423,0.019172711,0.55271596,0.26242894,0.03946151,0.004240027
103,5,Joey,"Whoa, for like months?",surprise,"I actually had a topic in mind! I’m, I’m kinda going through a dry spell, sex wise.
Whoa, for like months?","I actually had a topic in mind! I’m, I’m kinda going through a dry spell, sex wise.
Whoa, for like months?",surprise,6,6,surprise,True,0.028593464,0.0061848853,0.012050255,0.007989564,0.012319101,0.013370014,0.9194928
104,1,Cliff,No!,surprise,"Excellent! Excellent! And uh, finally, are you into any weird stuff y’know, sexually?
No!","Excellent! Excellent! And uh, finally, are you into any weird stuff y’know, sexually?
No!",surprise,6,3,joy,False,0.086215094,0.032748803,0.024807861,0.62583774,0.14295012,0.018743144,0.068697296
104,2,Joey,"Oooh, wrong answer.",neutral,"No!
Oooh, wrong answer.","No!
Oooh, wrong answer.",neutral,4,4,neutral,True,0.0063166046,0.002032494,0.005323994,0.0095260255,0.95690435,0.009376044,0.010520473
105,1,Phoebe,No! No!! It’s me! It’s me! I-I didn’t want to make any noise!,fear,"Ow! My ass. Okay. Okay.  Oh, shhh!
No! No!! It’s me! It’s me! I-I didn’t want to make any noise!","Ow! My ass. Okay. Okay.  Oh, shhh!
No! No!! It’s me! It’s me! I-I didn’t want to make any noise!",fear,2,6,surprise,False,0.13005215,0.016831135,0.23470981,0.1444882,0.11256322,0.103594296,0.2577612
105,2,Phoebe Sr,Then don't break in!!,anger,"No! No!! It’s me! It’s me! I-I didn’t want to make any noise!
Then don't break in!!","No! No!! It’s me! It’s me! I-I didn’t want to make any noise!
Then don't break in!!",anger,0,2,fear,False,0.23747677,0.023608467,0.33222347,0.11754052,0.08913671,0.11774333,0.08227071
106,1,Chandler,I have the lung capacity of a two year old.,neutral,"Oh yeah, Smokey Joe here got half way to the highway and collapsed.
I have the lung capacity of a two year old.","Oh yeah, Smokey Joe here got half way to the highway and collapsed.
I have the lung capacity of a two year old.",neutral,4,4,neutral,True,0.047585696,0.09359662,0.020938415,0.09303001,0.59255767,0.11858947,0.03370214
106,2,Monica,Then why are you smoking?,disgust,"I have the lung capacity of a two year old.
Then why are you smoking?","I have the lung capacity of a two year old.
Then why are you smoking?",disgust,1,6,surprise,False,0.04644233,0.005067349,0.007605607,0.0058797337,0.2576671,0.016860556,0.6604773
106,3,Chandler,Well it’s very unsettling.,sadness,"Then why are you smoking?
Well it’s very unsettling.","Then why are you smoking?
Well it’s very unsettling.",sadness,5,4,neutral,False,0.041952755,0.06971308,0.05485656,0.15650186,0.34979373,0.20578593,0.1213961
107,1,Ross,Hmm?,neutral,"Honey, I was wondering....
Hmm?","Honey, I was wondering....
Hmm?",neutral,4,4,neutral,True,0.0043190685,0.0010279007,0.0054329033,0.003878173,0.9394416,0.0041266675,0.04177365
107,2,Rachel,"Do you still have that, um, Navy uniform?",joy,"Hmm?
Do you still have that, um, Navy uniform?","Hmm?
Do you still have that, um, Navy uniform?",joy,3,4,neutral,False,0.002554857,0.00083818514,0.003965632,0.0038207467,0.96583664,0.0042016148,0.018782323
107,3,Ross,"Nooo, I had to return it to the costume place.",sadness,"Do you still have that, um, Navy uniform?
Nooo, I had to return it to the costume place.","Do you still have that, um, Navy uniform?
Nooo, I had to return it to the costume place.",sadness,5,4,neutral,False,0.0059241387,0.009307709,0.02081571,0.01778149,0.9251438,0.018006396,0.0030208004
107,4,Rachel,Hmm.,neutral,"Nooo, I had to return it to the costume place.
Hmm.","Nooo, I had to return it to the costume place.
Hmm.",neutral,4,4,neutral,True,0.0013701142,0.00068864966,0.0015090097,0.0024709022,0.9888022,0.0012654874,0.0038936564
107,5,Ross,I think I have an old band uniform from high school.,joy,"Hmm.
I think I have an old band uniform from high school.","Hmm.
I think I have an old band uniform from high school.",joy,3,4,neutral,False,0.0030047186,0.0019807054,0.00164228,0.009107786,0.9768653,0.0035565216,0.0038426775
107,6,Rachel,"You remember not having sex in high school, right?",sadness,"I think I have an old band uniform from high school.
You remember not having sex in high school, right?","I think I have an old band uniform from high school.
You remember not having sex in high school, right?",sadness,5,4,neutral,False,0.017276151,0.009682151,0.004823662,0.0079557905,0.93572915,0.007012459,0.017520608
107,7,Ross,Yeah.,sadness,"You remember not having sex in high school, right?
Yeah.","You remember not having sex in high school, right?
Yeah.",sadness,5,4,neutral,False,0.0012397947,0.0012446411,0.0016903953,0.0043293084,0.98878855,0.0016131402,0.0010942332
107,8,Rachel,"Well honey, what about you?",neutral,"Yeah.
Well honey, what about you?","Yeah.
Well honey, what about you?",neutral,4,4,neutral,True,0.007552381,0.0010404991,0.0062971725,0.004040845,0.8318363,0.0054900064,0.14374277
107,9,Ross,What?,neutral,"Well honey, what about you?
What?","Well honey, what about you?
What?",neutral,4,6,surprise,False,0.0073460555,0.0014305047,0.009969452,0.0046813376,0.42559093,0.007468976,0.54351276
107,10,Rachel,"I mean do you have any fun, you know, fantasy type things?",neutral,"What?
I mean do you have any fun, you know, fantasy type things?","What?
I mean do you have any fun, you know, fantasy type things?",neutral,4,4,neutral,True,0.012449012,0.0026314086,0.0039417995,0.013797842,0.9612588,0.0043739174,0.00154707
107,11,Ross,No.,neutral,"I mean do you have any fun, you know, fantasy type things?
No.","I mean do you have any fun, you know, fantasy type things?
No.",neutral,4,4,neutral,True,0.0011817456,0.0011558657,0.001616368,0.0038622026,0.9900019,0.001392019,0.0007899124
107,12,Rachel,Come on you gotta have one!,surprise,"No.
Come on you gotta have one!","No.
Come on you gotta have one!",surprise,6,3,joy,False,0.18708278,0.014068208,0.04343837,0.34379756,0.3424937,0.039416205,0.029703207
108,4,Monica,Not at these prices.,anger,"I mean if you buy a bed from Janice’s ex-husband, that’s like betraying Chandler.
Not at these prices.","I mean if you buy a bed from Janice’s ex-husband, that’s like betraying Chandler.
Not at these prices.",anger,0,4,neutral,False,0.069780126,0.010693083,0.0053681093,0.009001717,0.8648451,0.033347055,0.006964797
108,5,Phoebe,Hi. Y'know in England this car would be on the other side of the store.  Woo!,joy,"Not at these prices.
Hi. Y'know in England this car would be on the other side of the store.  Woo!","Not at these prices.
Hi. Y'know in England this car would be on the other side of the store.  Woo!",joy,3,3,joy,True,0.015571535,0.0029139987,0.0033734473,0.74095446,0.11312078,0.005011306,0.11905449
108,6,Monica,"Oh! Ohhhhh! Oh! Phoebe, come here. Aw, this is my new bed. You gotta feel this bad boy.",joy,"Hi. Y'know in England this car would be on the other side of the store.  Woo!
Oh! Ohhhhh! Oh! Phoebe, come here. Aw, this is my new bed. You gotta feel this bad boy.","Hi. Y'know in England this car would be on the other side of the store.  Woo!
Oh! Ohhhhh! Oh! Phoebe, come here. Aw, this is my new bed. You gotta feel this bad boy.",joy,3,5,sadness,False,0.07396307,0.024028612,0.09909983,0.24748723,0.21912602,0.32773736,0.008557848
108,7,Phoebe,"Eh, Monica it, it feels so weird, y'know, Chandler’s your friend...  Oh!",surprise,"Oh! Ohhhhh! Oh! Phoebe, come here. Aw, this is my new bed. You gotta feel this bad boy.
Eh, Monica it, it feels so weird, y'know, Chandler’s your friend...  Oh!","Oh! Ohhhhh! Oh! Phoebe, come here. Aw, this is my new bed. You gotta feel this bad boy.
Eh, Monica it, it feels so weird, y'know, Chandler’s your friend...  Oh!",surprise,6,6,surprise,True,0.10072743,0.03143538,0.1463039,0.20292091,0.06636466,0.21157925,0.24066843
108,8,Phoebe,Oh my God!,surprise,"Eh, Monica it, it feels so weird, y'know, Chandler’s your friend...  Oh!
Oh my God!","Eh, Monica it, it feels so weird, y'know, Chandler’s your friend...  Oh!
Oh my God!",surprise,6,6,surprise,True,0.006073322,0.0040033255,0.007368384,0.007251876,0.004683547,0.009624832,0.96099466
108,9,Phoebe,"Aw, all right take this bed, you can make other friends.",joy,"Oh my God!
Aw, all right take this bed, you can make other friends.","Oh my God!
Aw, all right take this bed, you can make other friends.",joy,3,4,neutral,False,0.0038124756,0.0025429607,0.0017634254,0.016862202,0.97130597,0.0028066908,0.0009062611
109,1,Joey,"Good for you.  Uh, quarters or rolls of quarters?",joy,"You know, ever since I was little, I've been able to pick up quarters with my toes.
Good for you.  Uh, quarters or rolls of quarters?","You know, ever since I was little, I've been able to pick up quarters with my toes.
Good for you.  Uh, quarters or rolls of quarters?",joy,3,4,neutral,False,0.002512229,0.0010319968,0.0047610705,0.0027456281,0.9750761,0.0026462616,0.011226724
109,2,Janice,"By the way, Chandler. I cut you out of all my pictures. So if you want, I have a bag with just your heads.",anger,"Good for you.  Uh, quarters or rolls of quarters?
By the way, Chandler. I cut you out of all my pictures. So if you want, I have a bag with just your heads.","Good for you.  Uh, quarters or rolls of quarters?
By the way, Chandler. I cut you out of all my pictures. So if you want, I have a bag with just your heads.",anger,0,4,neutral,False,0.007892994,0.008319845,0.0023936396,0.005150441,0.9691459,0.006117099,0.0009800934
109,3,Chandler,That's OK.,neutral,"By the way, Chandler. I cut you out of all my pictures. So if you want, I have a bag with just your heads.
That's OK.","By the way, Chandler. I cut you out of all my pictures. So if you want, I have a bag with just your heads.
That's OK.",neutral,4,4,neutral,True,0.004283521,0.003948956,0.00321647,0.014476275,0.9692375,0.0042533046,0.0005840006
109,4,Janice,"Oh, are you sure?",surprise,"That's OK.
Oh, are you sure?","That's OK.
Oh, are you sure?",surprise,6,6,surprise,True,0.0077479766,0.0011801228,0.006414605,0.008866231,0.061087172,0.0059136134,0.9087903
109,5,Janice,"Because you know, you could make little puppets out of them, and you could use them in your theater of cruelty.",anger,"Oh, are you sure?
Because you know, you could make little puppets out of them, and you could use them in your theater of cruelty.","Oh, are you sure?
Because you know, you could make little puppets out of them, and you could use them in your theater of cruelty.",anger,0,1,disgust,False,0.28189436,0.3635009,0.043170344,0.042159077,0.19594257,0.06830512,0.0050276434
109,6,Joey,We can't do that.,neutral,"Because you know, you could make little puppets out of them, and you could use them in your theater of cruelty.
We can't do that.","Because you know, you could make little puppets out of them, and you could use them in your theater of cruelty.
We can't do that.",neutral,4,5,sadness,False,0.15797834,0.053326804,0.21474014,0.041701,0.04916087,0.47524163,0.0078512365
109,7,Chandler,What? What can't you do?,surprise,"We can't do that.
What? What can't you do?","We can't do that.
What? What can't you do?",surprise,6,6,surprise,True,0.04958799,0.0061032493,0.06857846,0.023746042,0.0605236,0.050491318,0.7409694
110,1,Ross,"Well, I added the 'exactly like me' part...",neutral,"She really said that?
Well, I added the 'exactly like me' part...","She really said that?
Well, I added the 'exactly like me' part...",neutral,4,4,neutral,True,0.025714865,0.009215216,0.019709231,0.029143108,0.88011664,0.029711585,0.0063893935
110,2,Ross,"But she said she's looking for someone, and someone is gonna be there tonight.",neutral,"Well, I added the 'exactly like me' part...
But she said she's looking for someone, and someone is gonna be there tonight.","Well, I added the 'exactly like me' part...
But she said she's looking for someone, and someone is gonna be there tonight.",neutral,4,4,neutral,True,0.028814802,0.009581001,0.011923105,0.05843323,0.8460188,0.034183796,0.011045219
110,3,Joey,'Tonight' tonight?,surprise,"But she said she's looking for someone, and someone is gonna be there tonight.
'Tonight' tonight?","But she said she's looking for someone, and someone is gonna be there tonight.
'Tonight' tonight?",surprise,6,4,neutral,False,0.04886704,0.0059182714,0.020862328,0.0521598,0.56725127,0.023698831,0.28124243
110,4,Ross,"Well, I think it's perfect.",joy,"'Tonight' tonight?
Well, I think it's perfect.","'Tonight' tonight?
Well, I think it's perfect.",joy,3,3,joy,True,0.013029273,0.0019103457,0.002914627,0.76805073,0.19866921,0.012111053,0.0033147465
110,5,Ross,"Y'know, it's just gonna be the two of us, she spent all day taking care of my monkey...",neutral,"Well, I think it's perfect.
Y'know, it's just gonna be the two of us, she spent all day taking care of my monkey...","Well, I think it's perfect.
Y'know, it's just gonna be the two of us, she spent all day taking care of my monkey...",neutral,4,4,neutral,True,0.052425798,0.06061637,0.011661613,0.09706066,0.73355156,0.042045005,0.0026390206
110,6,Chandler,I can't remember the last time I got a girl to take care of my monkey.,sadness,"Y'know, it's just gonna be the two of us, she spent all day taking care of my monkey...
I can't remember the last time I got a girl to take care of my monkey.","Y'know, it's just gonna be the two of us, she spent all day taking care of my monkey...
I can't remember the last time I got a girl to take care of my monkey.",sadness,5,4,neutral,False,0.23065768,0.044088293,0.024132717,0.1844716,0.24419352,0.23895505,0.033501178
110,7,Ross,"Anyway, I figured after work I'd go pick up a bottle of wine, go over there and, uh, try to woo her.",joy,"I can't remember the last time I got a girl to take care of my monkey.
Anyway, I figured after work I'd go pick up a bottle of wine, go over there and, uh, try to woo her.","I can't remember the last time I got a girl to take care of my monkey.
Anyway, I figured after work I'd go pick up a bottle of wine, go over there and, uh, try to woo her.",joy,3,4,neutral,False,0.016782971,0.02510761,0.12067507,0.0238353,0.7534791,0.052710876,0.0074089537
110,8,Chandler,"Hey, y'know what you should do? You should take her back to the 1890's, when that phrase was last used.",disgust,"Anyway, I figured after work I'd go pick up a bottle of wine, go over there and, uh, try to woo her.
Hey, y'know what you should do? You should take her back to the 1890's, when that phrase was last used.","Anyway, I figured after work I'd go pick up a bottle of wine, go over there and, uh, try to woo her.
Hey, y'know what you should do? You should take her back to the 1890's, when that phrase was last used.",disgust,1,4,neutral,False,0.018899012,0.0077949753,0.012390006,0.023551462,0.9206821,0.014255241,0.0024272234
111,1,Chandler,"No, just knowing you're gonna be there is enough.",neutral,"Car's waiting downstairs, I just wanted to drop off these copies of my book for your friends. Anything you want from Lisbon?
No, just knowing you're gonna be there is enough.","Car's waiting downstairs, I just wanted to drop off these copies of my book for your friends. Anything you want from Lisbon?
No, just knowing you're gonna be there is enough.",neutral,4,4,neutral,True,0.031639684,0.0055518136,0.017882133,0.028066542,0.8958656,0.019479794,0.0015144182
111,2,Mrs. Bing,"Alright, well, be good, I love you.",joy,"No, just knowing you're gonna be there is enough.
Alright, well, be good, I love you.","No, just knowing you're gonna be there is enough.
Alright, well, be good, I love you.",joy,3,3,joy,True,0.006134779,0.00094712345,0.0014639351,0.9409264,0.0431548,0.0046085063,0.0027644814
111,3,Chandler,You kissed my best Ross! ...Or something to that effect.,anger,"Alright, well, be good, I love you.
You kissed my best Ross! ...Or something to that effect.","Alright, well, be good, I love you.
You kissed my best Ross! ...Or something to that effect.",anger,0,3,joy,False,0.036330454,0.004343439,0.0065172496,0.8660062,0.052279342,0.02882439,0.005698923
111,4,Mrs. Bing,"O-kay. Look, it, it was stupid.",sadness,"You kissed my best Ross! ...Or something to that effect.
O-kay. Look, it, it was stupid.","You kissed my best Ross! ...Or something to that effect.
O-kay. Look, it, it was stupid.",sadness,5,0,anger,False,0.44131616,0.23528919,0.05957859,0.048753146,0.12270854,0.087191105,0.005163254
111,5,Chandler,Really stupid.,anger,"O-kay. Look, it, it was stupid.
Really stupid.","O-kay. Look, it, it was stupid.
Really stupid.",anger,0,0,anger,True,0.5844466,0.11196581,0.07957371,0.0635187,0.07562474,0.07511884,0.009751568
111,6,Mrs. Bing,Really stupid.,sadness,"Really stupid.
Really stupid.","Really stupid.
Really stupid.",sadness,5,0,anger,False,0.43782094,0.17310561,0.05754334,0.072983414,0.14378938,0.10015918,0.014598116
111,7,Mrs. Bing,And I don't even know how it happened.,sadness,"Really stupid.
And I don't even know how it happened.","Really stupid.
And I don't even know how it happened.",sadness,5,4,neutral,False,0.009500246,0.0017675858,0.010994696,0.023962047,0.83801734,0.025989095,0.08976901
111,8,Mrs. Bing,"I'm sorry, honey, I promise it will never happen again.",sadness,"And I don't even know how it happened.
I'm sorry, honey, I promise it will never happen again.","And I don't even know how it happened.
I'm sorry, honey, I promise it will never happen again.",sadness,5,5,sadness,True,0.049462177,0.01151558,0.11318329,0.09906382,0.16685814,0.5549619,0.0049551055
111,9,Mrs. Bing,Are we okay now?,fear,"I'm sorry, honey, I promise it will never happen again.
Are we okay now?","I'm sorry, honey, I promise it will never happen again.
Are we okay now?",fear,2,4,neutral,False,0.09069702,0.006775752,0.07726897,0.084543034,0.6400127,0.05469001,0.046012577
111,10,Chandler,Yeah. No. No...,anger,"Are we okay now?
Yeah. No. No...","Are we okay now?
Yeah. No. No...",anger,0,4,neutral,False,0.0027751997,0.004014221,0.008563728,0.010437896,0.9669094,0.005891099,0.0014084979
111,11,Ross,"Ah, the forbidden love of a man and his door.",neutral,"Yeah. No. No...
Ah, the forbidden love of a man and his door.","Yeah. No. No...
Ah, the forbidden love of a man and his door.",neutral,4,1,disgust,False,0.337414,0.35515425,0.06350209,0.025286537,0.05483487,0.14373872,0.020069549
111,12,Joey,"Shh. He did it. He told her off, and not just about the kiss, about everything.",neutral,"Ah, the forbidden love of a man and his door.
Shh. He did it. He told her off, and not just about the kiss, about everything.","Ah, the forbidden love of a man and his door.
Shh. He did it. He told her off, and not just about the kiss, about everything.",neutral,4,3,joy,False,0.1759748,0.022107795,0.05245925,0.46954808,0.21624593,0.053623166,0.010040975
111,13,Ross,You're kidding.,surprise,"Shh. He did it. He told her off, and not just about the kiss, about everything.
You're kidding.","Shh. He did it. He told her off, and not just about the kiss, about everything.
You're kidding.",surprise,6,6,surprise,True,0.109321944,0.052311365,0.030265614,0.06528174,0.28314942,0.043498177,0.4161718
111,14,Joey,"No, no. He said ""When are you gonna grow up and start being a mom?""",neutral,"You're kidding.
No, no. He said ""When are you gonna grow up and start being a mom?""","You're kidding.
No, no. He said ""When are you gonna grow up and start being a mom?""",neutral,4,4,neutral,True,0.03887442,0.011230421,0.020343298,0.16214857,0.713488,0.04739487,0.0065203896
112,1,Monica,That’s not your regular dry cleaners.,neutral,"Oh there it is.
That’s not your regular dry cleaners.","Oh there it is.
That’s not your regular dry cleaners.",neutral,4,4,neutral,True,0.004362126,0.0032367927,0.001332094,0.003873662,0.98068917,0.0047551733,0.0017509428
112,2,Phoebe,"I know, but that creep that I went on that date with goes to there so I have to find a new one.",disgust,"That’s not your regular dry cleaners.
I know, but that creep that I went on that date with goes to there so I have to find a new one.","That’s not your regular dry cleaners.
I know, but that creep that I went on that date with goes to there so I have to find a new one.",disgust,1,4,neutral,False,0.0061104973,0.007712549,0.0036577699,0.006110695,0.9655726,0.009574866,0.0012610578
112,3,Phoebe,"I also have to find a new video store, a new bank, a new adult bookstore, a new grocery store",disgust,"I know, but that creep that I went on that date with goes to there so I have to find a new one.
I also have to find a new video store, a new bank, a new adult bookstore, a new grocery store","I know, but that creep that I went on that date with goes to there so I have to find a new one.
I also have to find a new video store, a new bank, a new adult bookstore, a new grocery store",disgust,1,4,neutral,False,0.036890734,0.015631663,0.0131680695,0.09379168,0.78264046,0.05503676,0.0028406053
112,4,Monica,What?!,surprise,"I also have to find a new video store, a new bank, a new adult bookstore, a new grocery store
What?!","I also have to find a new video store, a new bank, a new adult bookstore, a new grocery store
What?!",surprise,6,6,surprise,True,0.006881575,0.001239889,0.0045698592,0.0038942941,0.018877525,0.0044433014,0.9600937
112,5,Phoebe,A new grocery store.,neutral,"What?!
A new grocery store.","What?!
A new grocery store.",neutral,4,4,neutral,True,0.0035099033,0.0021847445,0.0012160237,0.021162685,0.9628016,0.0038290697,0.005295959
112,6,Phoebe,The universe said I was going to meet a nice guy and that’s what they gave me?,anger,"A new grocery store.
The universe said I was going to meet a nice guy and that’s what they gave me?","A new grocery store.
The universe said I was going to meet a nice guy and that’s what they gave me?",anger,0,6,surprise,False,0.09021087,0.010444862,0.025998209,0.048301566,0.20167223,0.04258952,0.5807828
112,7,Phoebe,When I get up there I’m going to kick some ass.,anger,"The universe said I was going to meet a nice guy and that’s what they gave me?
When I get up there I’m going to kick some ass.","The universe said I was going to meet a nice guy and that’s what they gave me?
When I get up there I’m going to kick some ass.",anger,0,3,joy,False,0.17955028,0.048238147,0.009444003,0.532408,0.19532773,0.025971914,0.00905996
112,8,Monica,"Don’t worry Phoebe, you’re gonna meet someone. If I can meet a great guy, so can you.",neutral,"When I get up there I’m going to kick some ass.
Don’t worry Phoebe, you’re gonna meet someone. If I can meet a great guy, so can you.","When I get up there I’m going to kick some ass.
Don’t worry Phoebe, you’re gonna meet someone. If I can meet a great guy, so can you.",neutral,4,4,neutral,True,0.008199185,0.0019980266,0.00216174,0.016145421,0.96791875,0.0030466847,0.00053027907
112,9,Phoebe,"Yeah, we both can. And we both will.",neutral,"Don’t worry Phoebe, you’re gonna meet someone. If I can meet a great guy, so can you.
Yeah, we both can. And we both will.","Don’t worry Phoebe, you’re gonna meet someone. If I can meet a great guy, so can you.
Yeah, we both can. And we both will.",neutral,4,4,neutral,True,0.02739572,0.0071752197,0.012591402,0.16076449,0.77711403,0.013662761,0.0012963329
112,10,Phoebe,"Oh, you didn’t have to come in with me.",neutral,"Yeah, we both can. And we both will.
Oh, you didn’t have to come in with me.","Yeah, we both can. And we both will.
Oh, you didn’t have to come in with me.",neutral,4,4,neutral,True,0.0074796383,0.00091413787,0.0026559376,0.09758806,0.8804809,0.003473169,0.0074081933
112,11,Monica,Are you kidding? This is where they get out stains! Okay? This is like,joy,"Oh, you didn’t have to come in with me.
Are you kidding? This is where they get out stains! Okay? This is like","Oh, you didn’t have to come in with me.
Are you kidding? This is where they get out stains! Okay? This is like",joy,3,4,neutral,False,0.05464356,0.004178666,0.008094972,0.015529431,0.8796274,0.010449311,0.027476562
112,12,Guy,"Oh, excuse me! I think you dropped s… Wow!",surprise,"Are you kidding? This is where they get out stains! Okay? This is like
Oh, excuse me! I think you dropped s… Wow!","Are you kidding? This is where they get out stains! Okay? This is like
Oh, excuse me! I think you dropped s… Wow!",surprise,6,6,surprise,True,0.005938355,0.0021612805,0.0036316758,0.0049673226,0.0044271145,0.0043941126,0.9744801
112,13,Phoebe,What?,surprise,"Oh, excuse me! I think you dropped s… Wow!
What?","Oh, excuse me! I think you dropped s… Wow!
What?",surprise,6,6,surprise,True,0.0029591343,0.0012414004,0.0036687313,0.0032595613,0.01144903,0.0036790054,0.97374314
112,14,Guy,"I’m sorry, it’s just that you’re so incredibly beautiful.",surprise,"What?
I’m sorry, it’s just that you’re so incredibly beautiful.","What?
I’m sorry, it’s just that you’re so incredibly beautiful.",surprise,6,3,joy,False,0.016409298,0.0023766425,0.005241197,0.8337158,0.07384977,0.05009796,0.018309345
112,15,Phoebe,"Oh yeah well, I’m sorry about that too, but what are you going to do?",neutral,"I’m sorry, it’s just that you’re so incredibly beautiful.
Oh yeah well, I’m sorry about that too, but what are you going to do?","I’m sorry, it’s just that you’re so incredibly beautiful.
Oh yeah well, I’m sorry about that too, but what are you going to do?",neutral,4,4,neutral,True,0.047959898,0.005884218,0.09635007,0.13696912,0.4359813,0.16736038,0.10949511
112,16,Guy,"I hope you don’t think I’m crazy but I feel like I was meant to pick this up, do you believe in that kind of thing?",joy,"Oh yeah well, I’m sorry about that too, but what are you going to do?
I hope you don’t think I’m crazy but I feel like I was meant to pick this up, do you believe in that kind of thing?","Oh yeah well, I’m sorry about that too, but what are you going to do?
I hope you don’t think I’m crazy but I feel like I was meant to pick this up, do you believe in that kind of thing?",joy,3,4,neutral,False,0.062365834,0.006534789,0.051882543,0.042311788,0.7632639,0.06372083,0.009920349
112,17,Phoebe,A little.   Now you’re talking.,neutral,"I hope you don’t think I’m crazy but I feel like I was meant to pick this up, do you believe in that kind of thing?
A little.   Now you’re talking.","I hope you don’t think I’m crazy but I feel like I was meant to pick this up, do you believe in that kind of thing?
A little.   Now you’re talking.",neutral,4,4,neutral,True,0.003799156,0.0014598209,0.0015594517,0.0037247022,0.9862931,0.001675575,0.00148824
112,18,Guy,Would you like to go out and have a cup of coffee?,neutral,"A little.   Now you’re talking.
Would you like to go out and have a cup of coffee?","A little.   Now you’re talking.
Would you like to go out and have a cup of coffee?",neutral,4,4,neutral,True,0.0012984473,0.0008396988,0.0020939906,0.0051241238,0.9875651,0.0015701598,0.0015086295
112,19,Phoebe,I-I-I’d love to. Let me just tell my friend.,joy,"Would you like to go out and have a cup of coffee?
I-I-I’d love to. Let me just tell my friend.","Would you like to go out and have a cup of coffee?
I-I-I’d love to. Let me just tell my friend.",joy,3,3,joy,True,0.0116456775,0.0023811595,0.0048235683,0.8665718,0.10313843,0.006834438,0.0046049817
112,20,Monica,"Ooh, an ink stain! Hey, can I watch how you get this out?",joy,"I-I-I’d love to. Let me just tell my friend.
Ooh, an ink stain! Hey, can I watch how you get this out?","I-I-I’d love to. Let me just tell my friend.
Ooh, an ink stain! Hey, can I watch how you get this out?",joy,3,4,neutral,False,0.03276348,0.0051073493,0.013596801,0.28140336,0.45618764,0.013847134,0.19709425
112,21,Phoebe,She must’ve left.,neutral,"Ooh, an ink stain! Hey, can I watch how you get this out?
She must’ve left.","Ooh, an ink stain! Hey, can I watch how you get this out?
She must’ve left.",neutral,4,4,neutral,True,0.0016042857,0.0006910727,0.0018434458,0.002886178,0.9858052,0.0020500957,0.0051196525
113,1,Chandler,Four hours? You guys have been doing this for four hours?,surprise,"Monica! Stop throwing it so hard! We're on the same team!
Four hours? You guys have been doing this for four hours?","Monica! Stop throwing it so hard! We're on the same team!
Four hours? You guys have been doing this for four hours?",surprise,6,6,surprise,True,0.04466944,0.0028645245,0.006024542,0.0042967806,0.01573183,0.008933315,0.9174795
113,2,Joey,That's right baby.,joy,"Four hours? You guys have been doing this for four hours?
That's right baby.","Four hours? You guys have been doing this for four hours?
That's right baby.",joy,3,3,joy,True,0.009049711,0.0016328534,0.0026762849,0.8910415,0.0830107,0.008584288,0.0040046177
113,3,Chandler,"All right, let me in.",neutral,"That's right baby.
All right, let me in.","That's right baby.
All right, let me in.",neutral,4,4,neutral,True,0.0024287757,0.0010936107,0.0014484809,0.0033387404,0.989456,0.0015994096,0.0006350101
113,4,Monica,No-no! Don't do it! Don't!,fear,"All right, let me in.
No-no! Don't do it! Don't!","All right, let me in.
No-no! Don't do it! Don't!",fear,2,2,fear,True,0.1804657,0.03149539,0.5679436,0.044929747,0.024064606,0.11603494,0.035066094
113,5,Chandler,What?,surprise,"No-no! Don't do it! Don't!
What?","No-no! Don't do it! Don't!
What?",surprise,6,6,surprise,True,0.0048840605,0.0011787841,0.0065955347,0.0030652012,0.031914778,0.0054345257,0.94692713
113,6,Monica,He's a dropper!,anger,"What?
He's a dropper!","What?
He's a dropper!",anger,0,6,surprise,False,0.1497181,0.010553487,0.010118809,0.023657514,0.026008245,0.022438027,0.7575057
113,7,Joey,"Oh yeah, that's right!",anger,"He's a dropper!
Oh yeah, that's right!","He's a dropper!
Oh yeah, that's right!",anger,0,3,joy,False,0.010159172,0.0010780842,0.0013192431,0.94230455,0.036602765,0.0023392101,0.0061969217
113,8,Chandler,I'm not a dropper!,anger,"Oh yeah, that's right!
I'm not a dropper!","Oh yeah, that's right!
I'm not a dropper!",anger,0,0,anger,True,0.931429,0.009420643,0.009330537,0.0125958,0.013114963,0.011818364,0.012290655
113,9,Ross,"It's really a uh-uh three person game, y'know?",neutral,"I'm not a dropper!
It's really a uh-uh three person game, y'know?","I'm not a dropper!
It's really a uh-uh three person game, y'know?",neutral,4,4,neutral,True,0.00966162,0.0044850237,0.11489193,0.0106689595,0.82189065,0.02289135,0.01551043
113,10,Chandler,It's throwing and catching!,anger,"It's really a uh-uh three person game, y'know?
It's throwing and catching!","It's really a uh-uh three person game, y'know?
It's throwing and catching!",anger,0,3,joy,False,0.017387537,0.0021157903,0.0023282007,0.93941367,0.02645641,0.0031247605,0.009173691
113,11,Ross,All right.,neutral,"It's throwing and catching!
All right.","It's throwing and catching!
All right.",neutral,4,4,neutral,True,0.0032149514,0.0013149119,0.0017580154,0.014177423,0.9769547,0.0018986221,0.0006813771
113,12,Chandler,Oh! Oh! That's so hard.,surprise,"All right.
Oh! Oh! That's so hard.","All right.
Oh! Oh! That's so hard.",surprise,6,5,sadness,False,0.11840355,0.08586039,0.049906056,0.06523959,0.01791417,0.42759907,0.2350772
113,13,Joey,"Whoa-whoa you guys, it's not a cat!",anger,"Oh! Oh! That's so hard.
Whoa-whoa you guys, it's not a cat!","Oh! Oh! That's so hard.
Whoa-whoa you guys, it's not a cat!",anger,0,6,surprise,False,0.016081298,0.0040584365,0.0075701782,0.014251215,0.02799982,0.0074485787,0.9225906
113,14,Monica,Oh my—Oh good God!,surprise,"Whoa-whoa you guys, it's not a cat!
Oh my—Oh good God!","Whoa-whoa you guys, it's not a cat!
Oh my—Oh good God!",surprise,6,6,surprise,True,0.011201435,0.005869848,0.014414667,0.04120345,0.012786031,0.016285198,0.89823925
113,15,Rachel,"I give up you guys, I don't know what I'm going to do with this thing!",anger,"Oh my—Oh good God!
I give up you guys, I don't know what I'm going to do with this thing!","Oh my—Oh good God!
I give up you guys, I don't know what I'm going to do with this thing!",anger,0,0,anger,True,0.36210188,0.05618036,0.18570016,0.04486001,0.057794888,0.27165583,0.021706862
113,16,Ross,"Baking it didn't help, huh?",neutral,"I give up you guys, I don't know what I'm going to do with this thing!
Baking it didn't help, huh?","I give up you guys, I don't know what I'm going to do with this thing!
Baking it didn't help, huh?",neutral,4,5,sadness,False,0.12294651,0.017178522,0.070274346,0.0714883,0.28984797,0.3637885,0.06447587
114,1,Joey,"Or not. Uh, Rach, why don’t you just move in with me?",neutral,"All right, well the place was closed. I’ll just copy it later.
Or not. Uh, Rach, why don’t you just move in with me?","All right, well the place was closed. I’ll just copy it later.
Or not. Uh, Rach, why don’t you just move in with me?",neutral,4,4,neutral,True,0.016145911,0.0038587877,0.09577193,0.013520351,0.81650126,0.038005207,0.016196525
114,2,Ross,"Whoa! Whoa! Whoa, Joey!",surprise,"Or not. Uh, Rach, why don’t you just move in with me?
Whoa! Whoa! Whoa, Joey!","Or not. Uh, Rach, why don’t you just move in with me?
Whoa! Whoa! Whoa, Joey!",surprise,6,6,surprise,True,0.0073049343,0.0030151801,0.0060899565,0.0058300477,0.0054135197,0.005760634,0.9665858
114,3,Joey,"No-no-no-no-no-no-no-no… It’s okay, I mean I—look Rach, I know I scared you off with that whole Naked Thursday’s thing, but we don’t have to do that!",neutral,"Whoa! Whoa! Whoa, Joey!
No-no-no-no-no-no-no-no… It’s okay, I mean I—look Rach, I know I scared you off with that whole Naked Thursday’s thing, but we don’t have to do that!","Whoa! Whoa! Whoa, Joey!
No-no-no-no-no-no-no-no… It’s okay, I mean I—look Rach, I know I scared you off with that whole Naked Thursday’s thing, but we don’t have to do that!",neutral,4,4,neutral,True,0.15645458,0.032753296,0.11358987,0.23533933,0.3728288,0.070916295,0.01811783
114,4,Rachel,"Well, it would be easier to move just right across the hall. Wait a minute, unless you’re thinking about Naked Wednesday’s.",neutral,"No-no-no-no-no-no-no-no… It’s okay, I mean I—look Rach, I know I scared you off with that whole Naked Thursday’s thing, but we don’t have to do that!
Well, it would be easier to move just right across the hall. Wait a minute, unless you’re thinking about Naked Wednesday’s.","No-no-no-no-no-no-no-no… It’s okay, I mean I—look Rach, I know I scared you off with that whole Naked Thursday’s thing, but we don’t have to do that!
Well, it would be easier to move just right across the hall. Wait a minute, unless you’re thinking about Naked Wednesday’s.",neutral,4,4,neutral,True,0.004018605,0.0024263181,0.0028970556,0.009302172,0.9775867,0.0019419385,0.0018272259
114,5,Joey,"Thursday’s clearly not good for ya, pick a day!",joy,"Well, it would be easier to move just right across the hall. Wait a minute, unless you’re thinking about Naked Wednesday’s.
Thursday’s clearly not good for ya, pick a day!","Well, it would be easier to move just right across the hall. Wait a minute, unless you’re thinking about Naked Wednesday’s.
Thursday’s clearly not good for ya, pick a day!",joy,3,0,anger,False,0.6023822,0.040692307,0.017587716,0.09997271,0.15249649,0.03562321,0.051245417
115,1,Ross,"Just admit it Chandler, you have no backhand.",neutral,"So that’s two boxes of the Holiday Macaroons. On behalf of the Brown Birds of America, I salute you.
Just admit it Chandler, you have no backhand.","So that’s two boxes of the Holiday Macaroons. On behalf of the Brown Birds of America, I salute you.
Just admit it Chandler, you have no backhand.",neutral,4,4,neutral,True,0.010196325,0.0035759904,0.0013892894,0.012546595,0.96842515,0.0030593865,0.0008072552
115,2,Chandler,"Excuse me little one, I have a very solid backhand.",anger,"Just admit it Chandler, you have no backhand.
Excuse me little one, I have a very solid backhand.","Just admit it Chandler, you have no backhand.
Excuse me little one, I have a very solid backhand.",anger,0,0,anger,True,0.45483488,0.019053685,0.016506013,0.12327282,0.30780667,0.03428858,0.044237323
115,3,Ross,Shielding your face and shrieking like a girl... is not a backhand.,disgust,"Excuse me little one, I have a very solid backhand.
Shielding your face and shrieking like a girl... is not a backhand.","Excuse me little one, I have a very solid backhand.
Shielding your face and shrieking like a girl... is not a backhand.",disgust,1,4,neutral,False,0.28773937,0.046047065,0.03447342,0.025171408,0.57907754,0.023246618,0.004244566
115,4,Chandler,I was shrieking... like a Marine.,neutral,"Shielding your face and shrieking like a girl... is not a backhand.
I was shrieking... like a Marine.","Shielding your face and shrieking like a girl... is not a backhand.
I was shrieking... like a Marine.",neutral,4,4,neutral,True,0.10691273,0.038762294,0.03299959,0.13089837,0.6328586,0.043774586,0.013793853
115,5,Ross,All right here. Watch me execute the three ‘P’s of championship play. Power.  Precision.  and penache.,neutral,"I was shrieking... like a Marine.
All right here. Watch me execute the three ‘P’s of championship play. Power.  Precision.  and penache.","I was shrieking... like a Marine.
All right here. Watch me execute the three ‘P’s of championship play. Power.  Precision.  and penache.",neutral,4,4,neutral,True,0.012052319,0.0022899152,0.0023667116,0.023726102,0.9561317,0.0024737392,0.000959596
116,1,Joey,"Yeah, so, uh, so, uh, what's the deal with this father guy, I mean, if someone was havin' my baby somewhere, I'd wanna know about it, you know?",neutral,"She's not much of a phone person.
Yeah, so, uh, so, uh, what's the deal with this father guy, I mean, if someone was havin' my baby somewhere, I'd wanna know about it, you know?","She's not much of a phone person.
Yeah, so, uh, so, uh, what's the deal with this father guy, I mean, if someone was havin' my baby somewhere, I'd wanna know about it, you know?",neutral,4,4,neutral,True,0.030694032,0.008474636,0.09463794,0.01929888,0.7938121,0.045859598,0.007222773
116,2,Lydia,"Hey, Knick fan, am I interested in your views on fatherhood? Uh, no.",anger,"Yeah, so, uh, so, uh, what's the deal with this father guy, I mean, if someone was havin' my baby somewhere, I'd wanna know about it, you know?
Hey, Knick fan, am I interested in your views on fatherhood? Uh, no.","Yeah, so, uh, so, uh, what's the deal with this father guy, I mean, if someone was havin' my baby somewhere, I'd wanna know about it, you know?
Hey, Knick fan, am I interested in your views on fatherhood? Uh, no.",anger,0,4,neutral,False,0.008813788,0.0039612977,0.008680147,0.005022359,0.96320754,0.007537559,0.0027772933
116,3,Joey,"Ok, look, maybe I should just go.",neutral,"Hey, Knick fan, am I interested in your views on fatherhood? Uh, no.
Ok, look, maybe I should just go.","Hey, Knick fan, am I interested in your views on fatherhood? Uh, no.
Ok, look, maybe I should just go.",neutral,4,4,neutral,True,0.0078087244,0.00926251,0.12707306,0.019226644,0.79146403,0.03856852,0.0065965275
116,4,Lydia,Maybe you should.,anger,"Ok, look, maybe I should just go.
Maybe you should.","Ok, look, maybe I should just go.
Maybe you should.",anger,0,4,neutral,False,0.0039306907,0.0036861354,0.011568389,0.010648933,0.96335053,0.0053794547,0.0014359247
116,5,Joey,"Good luck, and uh, take care, huh?",sadness,"Maybe you should.
Good luck, and uh, take care, huh?","Maybe you should.
Good luck, and uh, take care, huh?",sadness,5,4,neutral,False,0.012034721,0.0045453617,0.03564155,0.026583785,0.8710402,0.045871396,0.0042829043
116,6,Joey,You know what the Celtics problem is? They let the players run the team.,neutral,"Good luck, and uh, take care, huh?
You know what the Celtics problem is? They let the players run the team.","Good luck, and uh, take care, huh?
You know what the Celtics problem is? They let the players run the team.",neutral,4,4,neutral,True,0.017249497,0.0021207754,0.0020519008,0.020285163,0.95099705,0.0054516173,0.0018441491
116,7,Lydia,"Oh, that is so not true.",neutral,"You know what the Celtics problem is? They let the players run the team.
Oh, that is so not true.","You know what the Celtics problem is? They let the players run the team.
Oh, that is so not true.",neutral,4,3,joy,False,0.16946168,0.041016564,0.018175248,0.22657481,0.14812283,0.22117767,0.17547125
116,8,Joey,"Oh, it is.",neutral,"Oh, that is so not true.
Oh, it is.","Oh, that is so not true.
Oh, it is.",neutral,4,4,neutral,True,0.003600855,0.0007735364,0.0027146784,0.012497593,0.9740035,0.0036292525,0.0027805434
116,9,Lydia,It isn't.,neutral,"Oh, it is.
It isn't.","Oh, it is.
It isn't.",neutral,4,4,neutral,True,0.012295495,0.002134722,0.007930304,0.06699723,0.87328,0.015952514,0.021409668
116,10,Joey,It is.,neutral,"It isn't.
It is.","It isn't.
It is.",neutral,4,4,neutral,True,0.007031871,0.0016446164,0.0045632124,0.01589672,0.96278137,0.006467205,0.001615046
116,11,Lydia,Isn't!,anger,"It is.
Isn't!","It is.
Isn't!",anger,0,0,anger,True,0.45845675,0.012955504,0.116201386,0.116526626,0.11047764,0.11449355,0.070888564
117,1,Ross,It’s a great class.,joy,"Okay ladies, that ends today’s class, and let’s remember, let’s be safe out there.
It’s a great class.","Okay ladies, that ends today’s class, and let’s remember, let’s be safe out there.
It’s a great class.",joy,3,3,joy,True,0.01681001,0.004967433,0.0026383877,0.74657035,0.2152556,0.010325747,0.0034324094
117,2,The Instructor,Thanks.,neutral,"It’s a great class.
Thanks.","It’s a great class.
Thanks.",neutral,4,3,joy,False,0.009650543,0.002484969,0.0040269173,0.7016535,0.23511094,0.04423056,0.0028425355
117,3,Ross,"Yeah, yeah, I was watching.",neutral,"Thanks.
Yeah, yeah, I was watching.","Thanks.
Yeah, yeah, I was watching.",neutral,4,4,neutral,True,0.0063079293,0.002589958,0.0025752517,0.01562531,0.9689557,0.0025435772,0.0014022574
117,4,Ross,"Umm, hey, a couple of questions though.",neutral,"Yeah, yeah, I was watching.
Umm, hey, a couple of questions though.","Yeah, yeah, I was watching.
Umm, hey, a couple of questions though.",neutral,4,4,neutral,True,0.0011721965,0.00058847433,0.0027781208,0.004301318,0.98574555,0.0017474339,0.0036669606
117,5,Ross,"Umm, about that-that-that last move where the woman tripped you and then pinned you to the floor, what-what-what-what would you do next?",fear,"Umm, hey, a couple of questions though.
Umm, about that-that-that last move where the woman tripped you and then pinned you to the floor, what-what-what-what would you do next?","Umm, hey, a couple of questions though.
Umm, about that-that-that last move where the woman tripped you and then pinned you to the floor, what-what-what-what would you do next?",fear,2,4,neutral,False,0.13255627,0.024232497,0.17558484,0.1847709,0.37990615,0.064228676,0.038720682
117,6,The Instructor,"Well, she would take her keys and try to jam them",neutral,"Umm, about that-that-that last move where the woman tripped you and then pinned you to the floor, what-what-what-what would you do next?
Well, she would take her keys and try to jam them","Umm, about that-that-that last move where the woman tripped you and then pinned you to the floor, what-what-what-what would you do next?
Well, she would take her keys and try to jam them",neutral,4,4,neutral,True,0.003348391,0.0009033111,0.0020522387,0.0033897308,0.9871493,0.0018855019,0.0012715848
117,7,Ross,No. No-no. No. What would,anger,"Well, she would take her keys and try to jam them
No. No-no. No. What would","Well, she would take her keys and try to jam them
No. No-no. No. What would",anger,0,4,neutral,False,0.005859326,0.0007109828,0.0053980546,0.003973751,0.9378544,0.0041313064,0.042072043
117,8,The Instructor,Who? Me the attacker?,surprise,"No. No-no. No. What would
Who? Me the attacker?","No. No-no. No. What would
Who? Me the attacker?",surprise,6,6,surprise,True,0.04730496,0.0049000094,0.011223883,0.004772309,0.39462483,0.012886815,0.52428716
118,1,Dana,"Oh, I wish there was something I can do to make you feel better.",sadness,"I’m sorry Chandler, y’know you are such a sweet guy and I, I don’t want to hurt you.
Oh, I wish there was something I can do to make you feel better.","I’m sorry Chandler, y’know you are such a sweet guy and I, I don’t want to hurt you.
Oh, I wish there was something I can do to make you feel better.",sadness,5,4,neutral,False,0.024255302,0.013671175,0.04305064,0.038774855,0.6996261,0.17755848,0.0030634846
118,2,Chandler,No-no—Really?!,surprise,"Oh, I wish there was something I can do to make you feel better.
No-no—Really?!","Oh, I wish there was something I can do to make you feel better.
No-no—Really?!",surprise,6,6,surprise,True,0.0058589494,0.0024353855,0.008197601,0.00539745,0.006489002,0.0069127004,0.9647089
118,3,Dana,Of course!,joy,"No-no—Really?!
Of course!","No-no—Really?!
Of course!",joy,3,3,joy,True,0.07493891,0.0040641534,0.011594193,0.7359934,0.1325904,0.01653022,0.024288785
118,4,Chandler,"Well, it just hurts so bad. I uh",sadness,"Of course!
Well, it just hurts so bad. I uh","Of course!
Well, it just hurts so bad. I uh",sadness,5,2,fear,False,0.03978736,0.015338311,0.31932554,0.09572354,0.25189334,0.20835777,0.0695741
118,5,Dana,"Ohh, I’m sorry.",sadness,"Well, it just hurts so bad. I uh
Ohh, I’m sorry.","Well, it just hurts so bad. I uh
Ohh, I’m sorry.",sadness,5,5,sadness,True,0.019533595,0.007867461,0.23544975,0.05668144,0.17334256,0.47330692,0.03381831
118,6,Chandler,Well maybe there is one thing you can do.,neutral,"Ohh, I’m sorry.
Well maybe there is one thing you can do.","Ohh, I’m sorry.
Well maybe there is one thing you can do.",neutral,4,4,neutral,True,0.0024442964,0.0011220106,0.0032492317,0.006978276,0.98264676,0.0023596568,0.0011997443
118,7,Dana,What?! Anything! Anything!,joy,"Well maybe there is one thing you can do.
What?! Anything! Anything!","Well maybe there is one thing you can do.
What?! Anything! Anything!",joy,3,0,anger,False,0.40152162,0.013045745,0.05203396,0.10200226,0.27091423,0.025332194,0.13514999
118,8,Chandler,"Well, I umm, I mean this is just off the top of my head now, umm but I have this friend.",neutral,"What?! Anything! Anything!
Well, I umm, I mean this is just off the top of my head now, umm but I have this friend.","What?! Anything! Anything!
Well, I umm, I mean this is just off the top of my head now, umm but I have this friend.",neutral,4,4,neutral,True,0.0017449067,0.0006118607,0.001319607,0.0018499709,0.99130803,0.001380444,0.001785167
118,9,Chandler,"This actor friend and he would kill me if he thought I was doing this umm, but umm would it be possible for him to get an audition for your movie say on Thursday?",fear,"Well, I umm, I mean this is just off the top of my head now, umm but I have this friend.
This actor friend and he would kill me if he thought I was doing this umm, but umm would it be possible for him to get an audition for your movie say on Thursday?","Well, I umm, I mean this is just off the top of my head now, umm but I have this friend.
This actor friend and he would kill me if he thought I was doing this umm, but umm would it be possible for him to get an audition for your movie say on Thursday?",fear,2,0,anger,False,0.31238648,0.03983273,0.24955599,0.030432818,0.13061292,0.20946735,0.027711654
118,10,Dana,Absolutely! But you-you would really feel better about me rejecting you if your actor friend can audition for my movie?,surprise,"This actor friend and he would kill me if he thought I was doing this umm, but umm would it be possible for him to get an audition for your movie say on Thursday?
Absolutely! But you-you would really feel better about me rejecting you if your actor friend can audition for my movie?","This actor friend and he would kill me if he thought I was doing this umm, but umm would it be possible for him to get an audition for your movie say on Thursday?
Absolutely! But you-you would really feel better about me rejecting you if your actor friend can audition for my movie?",surprise,6,0,anger,False,0.55784494,0.031708077,0.1060475,0.13095737,0.054785192,0.09729024,0.021366676
118,11,Chandler,"Well, the heart wants what it wants. I’ll see you later.",neutral,"Absolutely! But you-you would really feel better about me rejecting you if your actor friend can audition for my movie?
Well, the heart wants what it wants. I’ll see you later.","Absolutely! But you-you would really feel better about me rejecting you if your actor friend can audition for my movie?
Well, the heart wants what it wants. I’ll see you later.",neutral,4,4,neutral,True,0.0075359913,0.0026753407,0.004174269,0.014961381,0.9630075,0.007076155,0.0005693515
119,1,Phoebe,"Hey, you guys. Listen, I’m sorry that I was hogging the game before——Oh my God! Your friends have some unfortunate initials!",sadness,"Okay, I got that. I’ll escape over there. I’ll come back over here. All right, come on
Hey, you guys. Listen, I’m sorry that I was hogging the game before——Oh my God! Your friends have some unfortunate initials!","Okay, I got that. I’ll escape over there. I’ll come back over here. All right, come on
Hey, you guys. Listen, I’m sorry that I was hogging the game before——Oh my God! Your friends have some unfortunate initials!",sadness,5,6,surprise,False,0.009550743,0.0051596025,0.012156092,0.009639637,0.009000931,0.023370799,0.9311222
119,2,Monica,They’re all Chandler.,neutral,"Hey, you guys. Listen, I’m sorry that I was hogging the game before——Oh my God! Your friends have some unfortunate initials!
They’re all Chandler.","Hey, you guys. Listen, I’m sorry that I was hogging the game before——Oh my God! Your friends have some unfortunate initials!
They’re all Chandler.",neutral,4,6,surprise,False,0.010396012,0.0062798904,0.009257562,0.0060451063,0.3174108,0.017827967,0.63278264
119,3,Phoebe,Chandler sucks! He couldn’t have gotten this good!,surprise,"They’re all Chandler.
Chandler sucks! He couldn’t have gotten this good!","They’re all Chandler.
Chandler sucks! He couldn’t have gotten this good!",surprise,6,6,surprise,True,0.060459487,0.009827072,0.01105817,0.048064623,0.016719464,0.03265004,0.82122123
119,4,Chandler,I did.  But it came at a price.,neutral,"Chandler sucks! He couldn’t have gotten this good!
I did.  But it came at a price.","Chandler sucks! He couldn’t have gotten this good!
I did.  But it came at a price.",neutral,4,4,neutral,True,0.025006045,0.003986031,0.0058988617,0.05990944,0.815552,0.03989809,0.04974963
119,5,Monica,But Ben is coming over tonight and he can’t see this.,fear,"I did.  But it came at a price.
But Ben is coming over tonight and he can’t see this.","I did.  But it came at a price.
But Ben is coming over tonight and he can’t see this.",fear,2,5,sadness,False,0.07673896,0.018524723,0.07533646,0.08831413,0.17706677,0.55164504,0.012373905
119,6,Chandler,"Oh come on, by age seven kids have already seen orgies.  Was it just me?!",surprise,"But Ben is coming over tonight and he can’t see this.
Oh come on, by age seven kids have already seen orgies.  Was it just me?!","But Ben is coming over tonight and he can’t see this.
Oh come on, by age seven kids have already seen orgies.  Was it just me?!",surprise,6,6,surprise,True,0.2171169,0.011513092,0.024026643,0.05436972,0.030504258,0.031928785,0.63054067
120,1,Monica,"Okay, I was thinking we should have a beautiful guest room, right?",neutral,"Sure!
Okay, I was thinking we should have a beautiful guest room, right?","Sure!
Okay, I was thinking we should have a beautiful guest room, right?",neutral,4,4,neutral,True,0.0069454415,0.00090070546,0.0026677374,0.0752372,0.905387,0.0047801486,0.004081831
120,2,Monica,With a mahogany sleigh bed and bedside tables with flowers on them all the time!,joy,"Okay, I was thinking we should have a beautiful guest room, right?
With a mahogany sleigh bed and bedside tables with flowers on them all the time!","Okay, I was thinking we should have a beautiful guest room, right?
With a mahogany sleigh bed and bedside tables with flowers on them all the time!",joy,3,3,joy,True,0.07745098,0.0058916584,0.005469348,0.74914074,0.092774525,0.016435508,0.052837193
120,3,Monica,And we could have a roll top desk with comment cards on them so people could say how much they loved staying here!!,joy,"With a mahogany sleigh bed and bedside tables with flowers on them all the time!
And we could have a roll top desk with comment cards on them so people could say how much they loved staying here!!","With a mahogany sleigh bed and bedside tables with flowers on them all the time!
And we could have a roll top desk with comment cards on them so people could say how much they loved staying here!!",joy,3,3,joy,True,0.013419123,0.0016062072,0.0015443959,0.9500146,0.024899421,0.0026137661,0.0059025334
120,4,Monica,"Okay, whatever, I really haven’t thought about it that much.",neutral,"And we could have a roll top desk with comment cards on them so people could say how much they loved staying here!!
Okay, whatever, I really haven’t thought about it that much.","And we could have a roll top desk with comment cards on them so people could say how much they loved staying here!!
Okay, whatever, I really haven’t thought about it that much.",neutral,4,4,neutral,True,0.17100382,0.06936541,0.09050132,0.099356525,0.31079257,0.24936023,0.009620151
120,5,Chandler,"Well, I like that idea.",joy,"Okay, whatever, I really haven’t thought about it that much.
Well, I like that idea.","Okay, whatever, I really haven’t thought about it that much.
Well, I like that idea.",joy,3,3,joy,True,0.014210843,0.0073416233,0.0030978576,0.86316514,0.10371693,0.0059742387,0.0024934611
120,6,Chandler,Obviously!,joy,"Well, I like that idea.
Obviously!","Well, I like that idea.
Obviously!",joy,3,6,surprise,False,0.02470488,0.003043277,0.0037209871,0.08240025,0.025588296,0.0066515226,0.85389084
120,7,Chandler,"I was thinking maybe-maybe-maybe it could be a game room, y’know?",neutral,"Obviously!
I was thinking maybe-maybe-maybe it could be a game room, y’know?","Obviously!
I was thinking maybe-maybe-maybe it could be a game room, y’know?",neutral,4,4,neutral,True,0.0035358483,0.00082980195,0.002068155,0.00676922,0.98222846,0.0016711677,0.0028972824
120,8,Chandler,"I mean you can buy old arcade games like uh, like",neutral,"I was thinking maybe-maybe-maybe it could be a game room, y’know?
I mean you can buy old arcade games like uh, like","I was thinking maybe-maybe-maybe it could be a game room, y’know?
I mean you can buy old arcade games like uh, like",neutral,4,4,neutral,True,0.002030929,0.0012268452,0.0023390008,0.0023948308,0.98700714,0.0031529434,0.0018483073
120,9,Monica,No.,disgust,"I mean you can buy old arcade games like uh, like
No.","I mean you can buy old arcade games like uh, like
No.",disgust,1,4,neutral,False,0.0013875151,0.0012006745,0.0032735195,0.0026437421,0.9868797,0.0026427263,0.0019720793
120,10,Chandler,"Okay so you mean no as in, ""Gee Chandler, what an interesting idea. Let’s discuss it before we reject it completely.""",joy,"No.
Okay so you mean no as in, ""Gee Chandler, what an interesting idea. Let’s discuss it before we reject it completely.""","No.
Okay so you mean no as in, ""Gee Chandler, what an interesting idea. Let’s discuss it before we reject it completely.""",joy,3,4,neutral,False,0.07357462,0.015585065,0.01517611,0.3169253,0.52796656,0.021192871,0.02957953
120,11,Monica,"Oh, I’m sorry. Of course I mean that. Interesting idea, umm, talk about it, but no.",disgust,"Okay so you mean no as in, ""Gee Chandler, what an interesting idea. Let’s discuss it before we reject it completely.""
Oh, I’m sorry. Of course I mean that. Interesting idea, umm, talk about it, but no.","Okay so you mean no as in, ""Gee Chandler, what an interesting idea. Let’s discuss it before we reject it completely.""
Oh, I’m sorry. Of course I mean that. Interesting idea, umm, talk about it, but no.",disgust,1,4,neutral,False,0.023682674,0.00600673,0.04800103,0.16933088,0.43235773,0.28649303,0.034127977
120,12,Chandler,"So, that’s it?",surprise,"Oh, I’m sorry. Of course I mean that. Interesting idea, umm, talk about it, but no.
So, that’s it?","Oh, I’m sorry. Of course I mean that. Interesting idea, umm, talk about it, but no.
So, that’s it?",surprise,6,4,neutral,False,0.024203753,0.0019100534,0.0130981505,0.014203772,0.70555186,0.012114143,0.22891831
120,13,Monica,I just don’t think arcade games go in the beautiful guest room. The beautiful guest room is gonna be filled with antiques.,neutral,"So, that’s it?
I just don’t think arcade games go in the beautiful guest room. The beautiful guest room is gonna be filled with antiques.","So, that’s it?
I just don’t think arcade games go in the beautiful guest room. The beautiful guest room is gonna be filled with antiques.",neutral,4,3,joy,False,0.03526038,0.007224566,0.006414528,0.5591168,0.34513977,0.029272297,0.017571718
120,14,Chandler,Which is why,neutral,"I just don’t think arcade games go in the beautiful guest room. The beautiful guest room is gonna be filled with antiques.
Which is why","I just don’t think arcade games go in the beautiful guest room. The beautiful guest room is gonna be filled with antiques.
Which is why",neutral,4,4,neutral,True,0.020126812,0.002291121,0.0049132323,0.062933624,0.86476815,0.019327268,0.025639892
120,15,Monica,What do you have against the beautiful guest room?,anger,"Which is why
What do you have against the beautiful guest room?","Which is why
What do you have against the beautiful guest room?",anger,0,4,neutral,False,0.30898723,0.016483745,0.014423599,0.06442921,0.4910354,0.04101291,0.0636279
120,16,Chandler,"I don’t have anything against the beautiful guest room, especially since everybody we know lives about 30 seconds away!",anger,"What do you have against the beautiful guest room?
I don’t have anything against the beautiful guest room, especially since everybody we know lives about 30 seconds away!","What do you have against the beautiful guest room?
I don’t have anything against the beautiful guest room, especially since everybody we know lives about 30 seconds away!",anger,0,3,joy,False,0.13435175,0.0043467563,0.007919826,0.6190915,0.21901911,0.008922866,0.0063481536
120,17,Monica,Are you mocking me?,anger,"I don’t have anything against the beautiful guest room, especially since everybody we know lives about 30 seconds away!
Are you mocking me?","I don’t have anything against the beautiful guest room, especially since everybody we know lives about 30 seconds away!
Are you mocking me?",anger,0,0,anger,True,0.59752136,0.05353793,0.012406312,0.010371686,0.011984146,0.020176284,0.2940022
120,18,Chandler,"No, I’m not mocking you,  or you beautiful guest room.",neutral,"Are you mocking me?
No, I’m not mocking you,  or you beautiful guest room.","Are you mocking me?
No, I’m not mocking you,  or you beautiful guest room.",neutral,4,3,joy,False,0.041236438,0.010963705,0.0036416277,0.61604655,0.31087685,0.012235737,0.0049990886
121,1,Joey,"Aww, me too. Now let's finish this and go to bed.",joy,"Y'know, I love doing crossword puzzles with you honey!
Aww, me too. Now let's finish this and go to bed.","Y'know, I love doing crossword puzzles with you honey!
Aww, me too. Now let's finish this and go to bed.",joy,3,4,neutral,False,0.010167199,0.0133229755,0.008312638,0.27629805,0.6734907,0.0141259525,0.0042824983
121,2,Monica,"Okay! There's only one left, three letter word, not dog but",neutral,"Aww, me too. Now let's finish this and go to bed.
Okay! There's only one left, three letter word, not dog but","Aww, me too. Now let's finish this and go to bed.
Okay! There's only one left, three letter word, not dog but",neutral,4,4,neutral,True,0.028835319,0.0028234066,0.004680946,0.1789591,0.77190924,0.005838307,0.0069536488
121,3,Joey,Cat.,neutral,"Okay! There's only one left, three letter word, not dog but
Cat.","Okay! There's only one left, three letter word, not dog but
Cat.",neutral,4,4,neutral,True,0.0028476291,0.0010264124,0.0009259536,0.0035115199,0.9884891,0.0020824114,0.0011170165
121,4,Monica,Yes! You are so smart!  I love you.,joy,"Cat.
Yes! You are so smart!  I love you.","Cat.
Yes! You are so smart!  I love you.",joy,3,3,joy,True,0.005116729,0.0008570416,0.0011852777,0.95019025,0.032633875,0.0030522281,0.006964673
121,5,Joey,I love you too.,joy,"Yes! You are so smart!  I love you.
I love you too.","Yes! You are so smart!  I love you.
I love you too.",joy,3,3,joy,True,0.008202969,0.00092921633,0.0016803212,0.9394765,0.041497607,0.0052675405,0.002945816
122,1,Monica,Why?,surprise,"I never sucked, I actually didn't want you to know how good I was!
Why?","I never sucked, I actually didn't want you to know how good I was!
Why?",surprise,6,6,surprise,True,0.013833127,0.0016074433,0.0073242323,0.004485209,0.47231087,0.010114909,0.49032417
122,2,Chandler,I don't know.,neutral,"Why?
I don't know.","Why?
I don't know.",neutral,4,4,neutral,True,0.005435086,0.0020350814,0.02047581,0.010632942,0.9335495,0.014011825,0.013859826
122,3,Monica,This is so great! Now we can enter into doubles tournaments!,joy,"I don't know.
This is so great! Now we can enter into doubles tournaments!","I don't know.
This is so great! Now we can enter into doubles tournaments!",joy,3,3,joy,True,0.0063908724,0.0010330828,0.0010103754,0.96617305,0.015164257,0.00230721,0.007921269
122,4,Chandler,That's,neutral,"This is so great! Now we can enter into doubles tournaments!
That's","This is so great! Now we can enter into doubles tournaments!
That's",neutral,4,4,neutral,True,0.0057559973,0.000967684,0.0010014416,0.09069651,0.8960307,0.0022960135,0.0032516748
123,1,Phoebe,But,neutral,"Hey. Okay, I gave him another chance, but Tim has
But","Hey. Okay, I gave him another chance, but Tim has
But",neutral,4,4,neutral,True,0.008350526,0.0009081655,0.0040208735,0.010049787,0.96662056,0.0073750257,0.0026750632
123,2,Monica,"No! No-no! He is totally incompetent. I called the chef who recommended him to me. He said, ""Ha-ha! Gotcha!""",disgust,"But
No! No-no! He is totally incompetent. I called the chef who recommended him to me. He said, ""Ha-ha! Gotcha!""","But
No! No-no! He is totally incompetent. I called the chef who recommended him to me. He said, ""Ha-ha! Gotcha!""",disgust,1,3,joy,False,0.008252655,0.0015009406,0.0015091932,0.9541921,0.022957517,0.0024090533,0.009178524
123,3,Phoebe,"Okay. Okay, but you can’t fire him today.",neutral,"No! No-no! He is totally incompetent. I called the chef who recommended him to me. He said, ""Ha-ha! Gotcha!""
Okay. Okay, but you can’t fire him today.","No! No-no! He is totally incompetent. I called the chef who recommended him to me. He said, ""Ha-ha! Gotcha!""
Okay. Okay, but you can’t fire him today.",neutral,4,3,joy,False,0.075273044,0.007215458,0.014995327,0.74434435,0.13424224,0.013930715,0.009998867
123,4,Monica,Why not?!,anger,"Okay. Okay, but you can’t fire him today.
Why not?!","Okay. Okay, but you can’t fire him today.
Why not?!",anger,0,0,anger,True,0.57307786,0.013254359,0.030984621,0.038554475,0.07138838,0.043578513,0.22916181
123,5,Phoebe,Because I’m dumping him today.,neutral,"Why not?!
Because I’m dumping him today.","Why not?!
Because I’m dumping him today.",neutral,4,5,sadness,False,0.10863985,0.14493336,0.023689898,0.02758987,0.29295748,0.3916408,0.010548708
123,6,Monica,What?! You said he was sweet!,surprise,"Because I’m dumping him today.
What?! You said he was sweet!","Because I’m dumping him today.
What?! You said he was sweet!",surprise,6,6,surprise,True,0.012418655,0.002167177,0.005140793,0.018048914,0.017350402,0.0070651164,0.93780893
123,7,Phoebe,He,neutral,"What?! You said he was sweet!
He","What?! You said he was sweet!
He",neutral,4,4,neutral,True,0.030397128,0.0017626423,0.002715933,0.030884722,0.83332866,0.009395734,0.091515176
123,8,Monica,Just don’t pick up your phone.,neutral,"He
Just don’t pick up your phone.","He
Just don’t pick up your phone.",neutral,4,4,neutral,True,0.021384096,0.0054015224,0.012641891,0.011887527,0.9250699,0.020832822,0.002782248
123,9,Phoebe,"Then he comes over!  ""I’m so worried about you."" Uck! Be a man!",disgust,"Just don’t pick up your phone.
Then he comes over!  ""I’m so worried about you."" Uck! Be a man!","Just don’t pick up your phone.
Then he comes over!  ""I’m so worried about you."" Uck! Be a man!",disgust,1,0,anger,False,0.48118848,0.015943943,0.0348414,0.37465504,0.05953175,0.024639595,0.00919982
123,10,Monica,What? So now I’m not allowed to fire him?,surprise,"Then he comes over!  ""I’m so worried about you."" Uck! Be a man!
What? So now I’m not allowed to fire him?","Then he comes over!  ""I’m so worried about you."" Uck! Be a man!
What? So now I’m not allowed to fire him?",surprise,6,0,anger,False,0.52609795,0.014650239,0.03564047,0.01796238,0.030754684,0.03598217,0.33891213
123,11,Phoebe,"You can’t fire him and dump him the same day, he’ll kill himself.",sadness,"What? So now I’m not allowed to fire him?
You can’t fire him and dump him the same day, he’ll kill himself.","What? So now I’m not allowed to fire him?
You can’t fire him and dump him the same day, he’ll kill himself.",sadness,5,0,anger,False,0.43986863,0.1432576,0.15763868,0.024106055,0.033887897,0.19377181,0.0074693593
123,12,Monica,"Okay well then, I’ll fire him today and you go out with him for another week.",neutral,"You can’t fire him and dump him the same day, he’ll kill himself.
Okay well then, I’ll fire him today and you go out with him for another week.","You can’t fire him and dump him the same day, he’ll kill himself.
Okay well then, I’ll fire him today and you go out with him for another week.",neutral,4,0,anger,False,0.46740437,0.1692988,0.08538794,0.026018798,0.080802836,0.16585489,0.0052324124
123,13,Phoebe,"Are you kidding?! Another week with that sip, I’ll kill",disgust,"Okay well then, I’ll fire him today and you go out with him for another week.
Are you kidding?! Another week with that sip, I’ll kill","Okay well then, I’ll fire him today and you go out with him for another week.
Are you kidding?! Another week with that sip, I’ll kill",disgust,1,0,anger,False,0.88166225,0.02533977,0.0185769,0.012516346,0.007367803,0.019466247,0.03507066
123,14,Monica,"Okay well, then we’ll both do it today and he’ll just have to deal with it!",neutral,"Are you kidding?! Another week with that sip, I’ll kill
Okay well, then we’ll both do it today and he’ll just have to deal with it!","Are you kidding?! Another week with that sip, I’ll kill
Okay well, then we’ll both do it today and he’ll just have to deal with it!",neutral,4,0,anger,False,0.572375,0.014130797,0.051974222,0.21210413,0.10763062,0.0346185,0.0071667884
123,15,Phoebe,Okay. But the question is who’s gonna go first. ‘Cause whoever goes second is the bitch.,sadness,"Okay well, then we’ll both do it today and he’ll just have to deal with it!
Okay. But the question is who’s gonna go first. ‘Cause whoever goes second is the bitch.","Okay well, then we’ll both do it today and he’ll just have to deal with it!
Okay. But the question is who’s gonna go first. ‘Cause whoever goes second is the bitch.",sadness,5,4,neutral,False,0.03211235,0.032823313,0.0041270773,0.012858873,0.9075034,0.007840885,0.0027340497
124,1,Chandler,"Well, I-I guess I gotta go.",sadness,"This is the final boarding call for Flight 664 to Yemen.
Well, I-I guess I gotta go.","This is the final boarding call for Flight 664 to Yemen.
Well, I-I guess I gotta go.",sadness,5,4,neutral,False,0.02898064,0.0121643385,0.2160351,0.07569305,0.55537397,0.10326681,0.00848609
124,2,Janice,"Oh, my Bing-a-ling. I’ll wait for you. Do you even know how long you’re going to be gone?",sadness,"Well, I-I guess I gotta go.
Oh, my Bing-a-ling. I’ll wait for you. Do you even know how long you’re going to be gone?","Well, I-I guess I gotta go.
Oh, my Bing-a-ling. I’ll wait for you. Do you even know how long you’re going to be gone?",sadness,5,0,anger,False,0.390956,0.0071960813,0.04175922,0.060252637,0.34599116,0.06126874,0.09257616
124,3,Chandler,"Well, just until we find an energy source to replace fuel.",neutral,"Oh, my Bing-a-ling. I’ll wait for you. Do you even know how long you’re going to be gone?
Well, just until we find an energy source to replace fuel.","Oh, my Bing-a-ling. I’ll wait for you. Do you even know how long you’re going to be gone?
Well, just until we find an energy source to replace fuel.",neutral,4,4,neutral,True,0.005146956,0.0024787812,0.004130617,0.014721688,0.96966803,0.0030590391,0.00079497864
124,4,Janice,"Oh. Well, I’ll right you everyday.  15 Yemen Road, Yemen.",neutral,"Well, just until we find an energy source to replace fuel.
Oh. Well, I’ll right you everyday.  15 Yemen Road, Yemen.","Well, just until we find an energy source to replace fuel.
Oh. Well, I’ll right you everyday.  15 Yemen Road, Yemen.",neutral,4,4,neutral,True,0.004999894,0.0010723798,0.001299613,0.016475422,0.97277,0.00239549,0.0009872435
124,5,Chandler,"Okay, good-bye. Good-bye.",sadness,"Oh. Well, I’ll right you everyday.  15 Yemen Road, Yemen.
Okay, good-bye. Good-bye.","Oh. Well, I’ll right you everyday.  15 Yemen Road, Yemen.
Okay, good-bye. Good-bye.",sadness,5,4,neutral,False,0.0054098326,0.0019001176,0.004378484,0.050149,0.92756104,0.009559049,0.0010424638
124,6,Janice,Chandler?,neutral,"Okay, good-bye. Good-bye.
Chandler?","Okay, good-bye. Good-bye.
Chandler?",neutral,4,4,neutral,True,0.0073130284,0.0011534103,0.0045083896,0.00461527,0.8473559,0.005037325,0.13001667
124,7,Chandler,No!,anger,"Chandler?
No!","Chandler?
No!",anger,0,0,anger,True,0.3369831,0.031043582,0.049695566,0.19733438,0.10700799,0.05202239,0.22591303
124,8,Janice,Chandler!,surprise,"No!
Chandler!","No!
Chandler!",surprise,6,4,neutral,False,0.1922357,0.011991649,0.019635366,0.07827864,0.33485368,0.039923523,0.32308146
124,9,Chandler,Janice!,surprise,"Chandler!
Janice!","Chandler!
Janice!",surprise,6,6,surprise,True,0.16570224,0.0075919167,0.011139154,0.07888602,0.06159627,0.020951906,0.6541325
124,10,Chandler,There you are!,surprise,"Janice!
There you are!","Janice!
There you are!",surprise,6,3,joy,False,0.0089283185,0.0009150282,0.00155182,0.8712616,0.098164335,0.0030941546,0.016084675
124,11,Chandler,There you are!,surprise,"There you are!
There you are!","There you are!
There you are!",surprise,6,3,joy,False,0.0137765985,0.00090432545,0.0018348383,0.926721,0.049325336,0.0026923928,0.004745521
124,12,Chandler,"I had to have one last kiss, and also-also you said that you were going to leave right after I got on the plane!",sadness,"There you are!
I had to have one last kiss, and also-also you said that you were going to leave right after I got on the plane!","There you are!
I had to have one last kiss, and also-also you said that you were going to leave right after I got on the plane!",sadness,5,3,joy,False,0.18603556,0.0045500654,0.020109288,0.53089076,0.20849995,0.03187323,0.018041112
124,13,Janice,No! No! I wanna see you take-off.,neutral,"I had to have one last kiss, and also-also you said that you were going to leave right after I got on the plane!
No! No! I wanna see you take-off.","I had to have one last kiss, and also-also you said that you were going to leave right after I got on the plane!
No! No! I wanna see you take-off.",neutral,4,4,neutral,True,0.013049573,0.0029025555,0.010528122,0.07825403,0.88273704,0.0095392205,0.0029895178
124,14,Chandler,"Well, I then guess I’m going to Yemen! I’m going to Yemen!  When we get to Yemen, can I stay with you?",joy,"No! No! I wanna see you take-off.
Well, I then guess I’m going to Yemen! I’m going to Yemen!  When we get to Yemen, can I stay with you?","No! No! I wanna see you take-off.
Well, I then guess I’m going to Yemen! I’m going to Yemen!  When we get to Yemen, can I stay with you?",joy,3,4,neutral,False,0.06248985,0.004568112,0.024182042,0.2535151,0.62301767,0.026253238,0.005974046
125,1,Joey,Hey.,neutral,"Hi!
Hey.","Hi!
Hey.",neutral,4,4,neutral,True,0.0010805115,0.00036789133,0.00091148296,0.002337083,0.990648,0.0011888676,0.0034661428
125,2,Phoebe,"Hey—Ooh, how’s Hilda? Is she working out?",neutral,"Hey.
Hey—Ooh, how’s Hilda? Is she working out?","Hey.
Hey—Ooh, how’s Hilda? Is she working out?",neutral,4,4,neutral,True,0.009146941,0.001650893,0.0056533413,0.15302302,0.45684892,0.008158505,0.36551836
125,3,Rachel,"Ohh, my new assistant is working out, yes.",neutral,"Hey—Ooh, how’s Hilda? Is she working out?
Ohh, my new assistant is working out, yes.","Hey—Ooh, how’s Hilda? Is she working out?
Ohh, my new assistant is working out, yes.",neutral,4,4,neutral,True,0.0127740605,0.0021354717,0.008359529,0.3228415,0.62884533,0.013327765,0.011716373
125,4,Joey,Was she happy you gave her the job?,neutral,"Ohh, my new assistant is working out, yes.
Was she happy you gave her the job?","Ohh, my new assistant is working out, yes.
Was she happy you gave her the job?",neutral,4,4,neutral,True,0.18523535,0.0067975605,0.016510816,0.2017257,0.2924392,0.048979376,0.248312
125,5,Rachel,"Oh, my-my new assistant was very happy that I hired my new assistant.",neutral,"Was she happy you gave her the job?
Oh, my-my new assistant was very happy that I hired my new assistant.","Was she happy you gave her the job?
Oh, my-my new assistant was very happy that I hired my new assistant.",neutral,4,3,joy,False,0.077649884,0.00453554,0.025474755,0.42107832,0.37189165,0.0569127,0.042457208
125,6,Joey,Hello?,neutral,"Oh, my-my new assistant was very happy that I hired my new assistant.
Hello?","Oh, my-my new assistant was very happy that I hired my new assistant.
Hello?",neutral,4,4,neutral,True,0.0060038953,0.0008324775,0.004830865,0.010252718,0.8480912,0.0042204973,0.12576836
125,7,Joey,Oh hey!,surprise,"Hello?
Oh hey!","Hello?
Oh hey!",surprise,6,3,joy,False,0.021480376,0.0026587902,0.005621647,0.56887925,0.15022409,0.008260504,0.24287534
125,8,Joey,"Can you, can you hang on a second?",neutral,"Oh hey!
Can you, can you hang on a second?","Oh hey!
Can you, can you hang on a second?",neutral,4,4,neutral,True,0.0033681637,0.0006233998,0.0011140787,0.0026857515,0.98863333,0.001313867,0.0022613998
125,9,Joey,It’s the producers over at Mac and C.H.E.E.S.E.,neutral,"Can you, can you hang on a second?
It’s the producers over at Mac and C.H.E.E.S.E.","Can you, can you hang on a second?
It’s the producers over at Mac and C.H.E.E.S.E.",neutral,4,4,neutral,True,0.0026759862,0.0005902556,0.00092057366,0.0038369473,0.9868264,0.0016919463,0.0034578962
125,10,Joey,can you excuse me for a minute?,neutral,"It’s the producers over at Mac and C.H.E.E.S.E.
can you excuse me for a minute?","It’s the producers over at Mac and C.H.E.E.S.E.
can you excuse me for a minute?",neutral,4,4,neutral,True,0.01690671,0.0019895514,0.007581977,0.005807519,0.9310969,0.0065160547,0.030101346
125,11,Joey,"Hey, funny you should call.",joy,"can you excuse me for a minute?
Hey, funny you should call.","can you excuse me for a minute?
Hey, funny you should call.",joy,3,4,neutral,False,0.0022402667,0.002314198,0.002578246,0.015739983,0.97371984,0.0020325333,0.0013749275
125,12,Joey,I was just looking over next week’s script.,neutral,"Hey, funny you should call.
I was just looking over next week’s script.","Hey, funny you should call.
I was just looking over next week’s script.",neutral,4,4,neutral,True,0.005685084,0.0019829518,0.002897502,0.027547866,0.95349675,0.00483113,0.0035587272
125,13,Joey,Canceled?!,surprise,"I was just looking over next week’s script.
Canceled?!","I was just looking over next week’s script.
Canceled?!",surprise,6,6,surprise,True,0.053771812,0.0031519292,0.01354233,0.012798543,0.017302727,0.013262685,0.88616997
125,14,Joey,Like they’re taking it off the air?,surprise,"Canceled?!
Like they’re taking it off the air?","Canceled?!
Like they’re taking it off the air?",surprise,6,6,surprise,True,0.03718173,0.0076625887,0.008490473,0.01896465,0.23167384,0.013079023,0.6829477
125,15,Joey,Ohh.,neutral,"Like they’re taking it off the air?
Ohh.","Like they’re taking it off the air?
Ohh.",neutral,4,6,surprise,False,0.041624848,0.098261565,0.10760493,0.12373289,0.26852134,0.08740861,0.27284586
125,16,Joey,"All right, see you Monday.",neutral,"Ohh.
All right, see you Monday.","Ohh.
All right, see you Monday.",neutral,4,4,neutral,True,0.0017706499,0.0007657809,0.0011565081,0.0067379535,0.9861282,0.0022890903,0.0011517769
125,17,Joey,We’re not even shootin’ them anymore?!!,surprise,"All right, see you Monday.
We’re not even shootin’ them anymore?!!","All right, see you Monday.
We’re not even shootin’ them anymore?!!",surprise,6,0,anger,False,0.8978553,0.010938867,0.020720312,0.02599493,0.011344625,0.011081885,0.022064073
125,18,Joey,"All right, bye!",anger,"We’re not even shootin’ them anymore?!!
All right, bye!","We’re not even shootin’ them anymore?!!
All right, bye!",anger,0,3,joy,False,0.07719136,0.0033933532,0.010331319,0.6480829,0.24877623,0.008158992,0.004065904
125,19,Joey,They canceled Mac and C.H.E.E.S.E!,anger,"All right, bye!
They canceled Mac and C.H.E.E.S.E!","All right, bye!
They canceled Mac and C.H.E.E.S.E!",anger,0,0,anger,True,0.43730387,0.0077887992,0.015500952,0.27328533,0.09545212,0.027350012,0.14331888
125,20,Phoebe,Sorry.,sadness,"They canceled Mac and C.H.E.E.S.E!
Sorry.","They canceled Mac and C.H.E.E.S.E!
Sorry.",sadness,5,5,sadness,True,0.16912097,0.020334477,0.047406983,0.04137274,0.27979493,0.41590813,0.026061835
125,21,Rachel,I’m sorry Joey.,sadness,"Sorry.
I’m sorry Joey.","Sorry.
I’m sorry Joey.",sadness,5,4,neutral,False,0.02955967,0.006620356,0.016678162,0.024079192,0.7627752,0.15268533,0.007602073
125,22,Joey,Why would they do that?! It was a good show right?!,surprise,"I’m sorry Joey.
Why would they do that?! It was a good show right?!","I’m sorry Joey.
Why would they do that?! It was a good show right?!",surprise,6,3,joy,False,0.26734573,0.008292601,0.034602188,0.36801454,0.124564625,0.036484953,0.16069537
126,1,Paul,I know. I like it up here.,joy,"It’s so secluded up here.
I know. I like it up here.","It’s so secluded up here.
I know. I like it up here.",joy,3,3,joy,True,0.011153906,0.0060584377,0.0023115163,0.9342485,0.0353619,0.007447523,0.0034181552
126,2,Rachel,I feel like we’re the only two people in the world.  Oops. Sorry.,joy,"I know. I like it up here.
I feel like we’re the only two people in the world.  Oops. Sorry.","I know. I like it up here.
I feel like we’re the only two people in the world.  Oops. Sorry.",joy,3,4,neutral,False,0.013776376,0.013469894,0.044000655,0.20109591,0.41921148,0.25529465,0.053151008
126,3,Paul,What’s the matter honey? Did you see a little mouse?,neutral,"I feel like we’re the only two people in the world.  Oops. Sorry.
What’s the matter honey? Did you see a little mouse?","I feel like we’re the only two people in the world.  Oops. Sorry.
What’s the matter honey? Did you see a little mouse?",neutral,4,5,sadness,False,0.15196297,0.10627202,0.08028622,0.018352037,0.27600926,0.33751068,0.029606879
126,4,Rachel,"No-no! Big bear! Big bear outside! I think I-I—would you—actually, would you go check on that?",fear,"What’s the matter honey? Did you see a little mouse?
No-no! Big bear! Big bear outside! I think I-I—would you—actually, would you go check on that?","What’s the matter honey? Did you see a little mouse?
No-no! Big bear! Big bear outside! I think I-I—would you—actually, would you go check on that?",fear,2,4,neutral,False,0.05322217,0.010485035,0.28878182,0.058397632,0.46162567,0.085384436,0.042103216
126,5,Paul,"Honey, we don’t have any bears here.",neutral,"No-no! Big bear! Big bear outside! I think I-I—would you—actually, would you go check on that?
Honey, we don’t have any bears here.","No-no! Big bear! Big bear outside! I think I-I—would you—actually, would you go check on that?
Honey, we don’t have any bears here.",neutral,4,4,neutral,True,0.024795787,0.005803026,0.04054026,0.019311404,0.8715151,0.0308015,0.0072330246
126,6,Rachel,"Well, okay. Would-would you get me a",neutral,"Honey, we don’t have any bears here.
Well, okay. Would-would you get me a","Honey, we don’t have any bears here.
Well, okay. Would-would you get me a",neutral,4,4,neutral,True,0.027741855,0.004128434,0.057895154,0.040931597,0.85214436,0.014107244,0.0030513362
126,7,Paul,Okay. I’ll be right back.,neutral,"Well, okay. Would-would you get me a
Okay. I’ll be right back.","Well, okay. Would-would you get me a
Okay. I’ll be right back.",neutral,4,4,neutral,True,0.0050849565,0.0014310138,0.007112799,0.014461379,0.96565485,0.005431565,0.00082347816
126,8,Rachel,Okay.  What?! What are you doing here?!,surprise,"Okay. I’ll be right back.
Okay.  What?! What are you doing here?!","Okay. I’ll be right back.
Okay.  What?! What are you doing here?!",surprise,6,6,surprise,True,0.06496485,0.0059305057,0.017728206,0.0054764245,0.012134873,0.015420964,0.87834424
126,9,Ross,What are,neutral,"Okay.  What?! What are you doing here?!
What are","Okay.  What?! What are you doing here?!
What are",neutral,4,6,surprise,False,0.04654607,0.003106347,0.008519866,0.0034465282,0.019185564,0.009764502,0.9094311
126,10,Rachel,I came with Paul!,anger,"What are
I came with Paul!","What are
I came with Paul!",anger,0,4,neutral,False,0.26105773,0.0058438657,0.01972332,0.22693884,0.33667955,0.032478627,0.11727812
126,11,Ross,"Yeah, I recognize the ankles!",neutral,"I came with Paul!
Yeah, I recognize the ankles!","I came with Paul!
Yeah, I recognize the ankles!",neutral,4,6,surprise,False,0.14883372,0.05042379,0.0797017,0.03702009,0.12017704,0.05748139,0.5063623
126,12,Rachel,Get up!,anger,"Yeah, I recognize the ankles!
Get up!","Yeah, I recognize the ankles!
Get up!",anger,0,3,joy,False,0.01806629,0.0016417365,0.0029413684,0.8439423,0.12053899,0.0027839206,0.010085463
126,13,Paul,Here you go honey!,joy,"Get up!
Here you go honey!","Get up!
Here you go honey!",joy,3,3,joy,True,0.022947013,0.0015864925,0.0039000108,0.85639566,0.10149748,0.0047551,0.008918262
126,14,Rachel,Ahh. Thank you!,joy,"Here you go honey!
Ahh. Thank you!","Here you go honey!
Ahh. Thank you!",joy,3,3,joy,True,0.020830726,0.0017481757,0.0034744055,0.8544139,0.098617755,0.004888229,0.016026769
126,15,Paul,Diet Coke,neutral,"Ahh. Thank you!
Diet Coke","Ahh. Thank you!
Diet Coke",neutral,4,3,joy,False,0.019518083,0.004356524,0.002413473,0.7795149,0.1814348,0.0038807855,0.0088814795
127,1,Ross,A lesson in the importance of unagi.,neutral,"What the hell was that?!
A lesson in the importance of unagi.","What the hell was that?!
A lesson in the importance of unagi.",neutral,4,4,neutral,True,0.0074760276,0.004621119,0.0055827033,0.015970167,0.9612914,0.003987618,0.0010710069
127,2,Phoebe,"Ohh,",neutral,"A lesson in the importance of unagi.
Ohh,","A lesson in the importance of unagi.
Ohh,",neutral,4,4,neutral,True,0.0146705825,0.010740067,0.04260938,0.109944984,0.74636036,0.02881166,0.046862908
127,3,Ross,"Perhaps. Now I’m curious, at what point during those girlish screams would you have begun to",neutral,"Ohh,
Perhaps. Now I’m curious, at what point during those girlish screams would you have begun to","Ohh,
Perhaps. Now I’m curious, at what point during those girlish screams would you have begun to",neutral,4,4,neutral,True,0.0043419814,0.0012739372,0.004617361,0.011246122,0.9712912,0.0034282955,0.003801011
127,4,Rachel,"All right, so we weren’t",neutral,"Perhaps. Now I’m curious, at what point during those girlish screams would you have begun to
All right, so we weren’t","Perhaps. Now I’m curious, at what point during those girlish screams would you have begun to
All right, so we weren’t",neutral,4,4,neutral,True,0.0079590855,0.0012788621,0.0032032991,0.0078123887,0.97232133,0.004642111,0.0027829695
127,5,Ross,"I’m sorry I had to take such drastic measures to make my point, but I—look, I just want you guys to be safe.",neutral,"All right, so we weren’t
I’m sorry I had to take such drastic measures to make my point, but I—look, I just want you guys to be safe.","All right, so we weren’t
I’m sorry I had to take such drastic measures to make my point, but I—look, I just want you guys to be safe.",neutral,4,4,neutral,True,0.08857473,0.012925376,0.17581297,0.061964042,0.54670095,0.10935562,0.0046663135
128,1,Chandler,I’m leaning. This is where I lean.,neutral,"What are you doing?
I’m leaning. This is where I lean.","What are you doing?
I’m leaning. This is where I lean.",neutral,4,4,neutral,True,0.029149737,0.008667293,0.008575106,0.06757345,0.8695447,0.0145822475,0.0019075085
128,2,Brenda,Okay. (Goes over and fluffs up the pillows on the couch.,neutral,"I’m leaning. This is where I lean.
Okay. (Goes over and fluffs up the pillows on the couch.","I’m leaning. This is where I lean.
Okay. (Goes over and fluffs up the pillows on the couch.",neutral,4,4,neutral,True,0.0080528,0.008505415,0.0052631455,0.03567324,0.9331391,0.007970308,0.0013959407
128,3,Chandler,Brenda a bee!,fear,"Okay. (Goes over and fluffs up the pillows on the couch.
Brenda a bee!","Okay. (Goes over and fluffs up the pillows on the couch.
Brenda a bee!",fear,2,3,joy,False,0.03413026,0.008811789,0.0058271973,0.6120086,0.044423126,0.006782656,0.2880164
128,4,Brenda,What?,surprise,"Brenda a bee!
What?","Brenda a bee!
What?",surprise,6,6,surprise,True,0.006340742,0.0014145315,0.007875066,0.0052299052,0.3858368,0.006405962,0.58689696
128,5,Chandler,Yes! It’s flown into your blouse and you’d better undo your buttons lest it sting you!,anger,"What?
Yes! It’s flown into your blouse and you’d better undo your buttons lest it sting you!","What?
Yes! It’s flown into your blouse and you’d better undo your buttons lest it sting you!",anger,0,3,joy,False,0.13817595,0.010840254,0.013047769,0.6559487,0.16340749,0.012794298,0.0057854927
128,6,Brenda,I think I know what’s going on here.,disgust,"Yes! It’s flown into your blouse and you’d better undo your buttons lest it sting you!
I think I know what’s going on here.","Yes! It’s flown into your blouse and you’d better undo your buttons lest it sting you!
I think I know what’s going on here.",disgust,1,6,surprise,False,0.1728851,0.019900445,0.09851825,0.03408205,0.27205455,0.08016985,0.3223897
128,7,Chandler,You do?,neutral,"I think I know what’s going on here.
You do?","I think I know what’s going on here.
You do?",neutral,4,6,surprise,False,0.012834804,0.001466942,0.008365837,0.005296034,0.066604584,0.0074658846,0.8979659
128,8,Brenda,"Look, I know it must be hard that your wife is a lesbian, but it’s wrong. You’re married.",disgust,"You do?
Look, I know it must be hard that your wife is a lesbian, but it’s wrong. You’re married.","You do?
Look, I know it must be hard that your wife is a lesbian, but it’s wrong. You’re married.",disgust,1,4,neutral,False,0.025703907,0.0027321375,0.006323029,0.37858465,0.535062,0.031604737,0.019989569
128,9,Chandler,I totally understand.  Can I,neutral,"Look, I know it must be hard that your wife is a lesbian, but it’s wrong. You’re married.
I totally understand.  Can I","Look, I know it must be hard that your wife is a lesbian, but it’s wrong. You’re married.
I totally understand.  Can I",neutral,4,4,neutral,True,0.0074989204,0.0008611349,0.004579057,0.01078536,0.96992546,0.005170297,0.001179766
129,1,Director,"No, no, no. What was that?",surprise,"All right, let's do it!
No, no, no. What was that?","All right, let's do it!
No, no, no. What was that?",surprise,6,6,surprise,True,0.007608101,0.0016497837,0.005795269,0.0034854552,0.29792345,0.0065264464,0.6770115
129,2,Joey,"I know, it was the best I could get out of them.",neutral,"No, no, no. What was that?
I know, it was the best I could get out of them.","No, no, no. What was that?
I know, it was the best I could get out of them.",neutral,4,4,neutral,True,0.007023031,0.002183884,0.006057174,0.020170463,0.9560663,0.0072916825,0.0012073616
129,3,Director,"Well, people!",sadness,"I know, it was the best I could get out of them.
Well, people!","I know, it was the best I could get out of them.
Well, people!",sadness,5,3,joy,False,0.091986485,0.0039980835,0.0072550066,0.7758067,0.0967077,0.0069533708,0.017292649
129,4,Joey,"People, people, people.",neutral,"Well, people!
People, people, people.","Well, people!
People, people, people.",neutral,4,4,neutral,True,0.12877327,0.015414509,0.039448958,0.120684855,0.65474886,0.029309897,0.01161961
129,5,Director,"Let's try it again, and this time let's watch everybody watch Joey.",neutral,"People, people, people.
Let's try it again, and this time let's watch everybody watch Joey.","People, people, people.
Let's try it again, and this time let's watch everybody watch Joey.",neutral,4,4,neutral,True,0.014559233,0.0033248211,0.0025497577,0.028793419,0.94596505,0.003790574,0.0010172215
129,6,Director,Show 'em how it's done.,neutral,"Let's try it again, and this time let's watch everybody watch Joey.
Show 'em how it's done.","Let's try it again, and this time let's watch everybody watch Joey.
Show 'em how it's done.",neutral,4,4,neutral,True,0.00889031,0.0031746784,0.002285047,0.01777032,0.96419144,0.002819421,0.0008687891
129,7,Director,Count it off.,neutral,"Show 'em how it's done.
Count it off.","Show 'em how it's done.
Count it off.",neutral,4,4,neutral,True,0.01727657,0.0055085034,0.0031272252,0.03380593,0.93458587,0.0047241338,0.00097184844
130,1,Ross,"Ohh, God, nobody likes him, and he’s so cheap, he’d never fly to London in a million years.",disgust,"So what did he decide? Does your Uncle Nathan get an invite or not?
Ohh, God, nobody likes him, and he’s so cheap, he’d never fly to London in a million years.","So what did he decide? Does your Uncle Nathan get an invite or not?
Ohh, God, nobody likes him, and he’s so cheap, he’d never fly to London in a million years.",disgust,1,5,sadness,False,0.13428594,0.19410127,0.023943642,0.046929486,0.19667654,0.3662985,0.037764683
130,2,Ross,"Yeah, invite him?",neutral,"Ohh, God, nobody likes him, and he’s so cheap, he’d never fly to London in a million years.
Yeah, invite him?","Ohh, God, nobody likes him, and he’s so cheap, he’d never fly to London in a million years.
Yeah, invite him?",neutral,4,4,neutral,True,0.0035724128,0.0008695525,0.003721398,0.0059134136,0.9414644,0.0036313995,0.040827375
130,3,Ross,"Hey, did I do these neat enough?",neutral,"Yeah, invite him?
Hey, did I do these neat enough?","Yeah, invite him?
Hey, did I do these neat enough?",neutral,4,4,neutral,True,0.0034632294,0.00095164543,0.0011732306,0.006284554,0.9785332,0.0016910527,0.007903142
130,4,Emily,"Yeah, they’re fine.",neutral,"Hey, did I do these neat enough?
Yeah, they’re fine.","Hey, did I do these neat enough?
Yeah, they’re fine.",neutral,4,4,neutral,True,0.004187554,0.0030948105,0.0028903272,0.007630941,0.97736937,0.00420826,0.00061876175
130,5,Ross,Yeah?,joy,"Yeah, they’re fine.
Yeah?","Yeah, they’re fine.
Yeah?",joy,3,6,surprise,False,0.007943748,0.00153923,0.009600071,0.0051570064,0.3048219,0.007156132,0.6637819
130,6,Emily,"If anyone asks, we’ll just say Ben addressed them.  Oh! So you invited Rachel then?",surprise,"Yeah?
If anyone asks, we’ll just say Ben addressed them.  Oh! So you invited Rachel then?","Yeah?
If anyone asks, we’ll just say Ben addressed them.  Oh! So you invited Rachel then?",surprise,6,6,surprise,True,0.015836697,0.0023656182,0.0068664127,0.022542628,0.07624848,0.010549666,0.8655904
130,7,Ross,Sure. Why not?,neutral,"If anyone asks, we’ll just say Ben addressed them.  Oh! So you invited Rachel then?
Sure. Why not?","If anyone asks, we’ll just say Ben addressed them.  Oh! So you invited Rachel then?
Sure. Why not?",neutral,4,6,surprise,False,0.03198117,0.0033242502,0.009966191,0.04353922,0.25601766,0.016915763,0.6382557
130,8,Emily,Really?,surprise,"Sure. Why not?
Really?","Sure. Why not?
Really?",surprise,6,6,surprise,True,0.005525491,0.0017894416,0.0056945453,0.0063760644,0.016046524,0.0059908126,0.9585771
130,9,Ross,Yeah?,neutral,"Really?
Yeah?","Really?
Yeah?",neutral,4,4,neutral,True,0.008689524,0.0014400615,0.00986292,0.005772605,0.68160087,0.0070057036,0.28562826
130,10,Emily,I don’t think I’d be comfortable with any of my old lovers there.,sadness,"Yeah?
I don’t think I’d be comfortable with any of my old lovers there.","Yeah?
I don’t think I’d be comfortable with any of my old lovers there.",sadness,5,4,neutral,False,0.12687002,0.031284153,0.0637146,0.06900569,0.3988975,0.27922264,0.031005353
130,11,Ross,"Wait-wait-wait, do you, do you think, maybe we shouldn’t invite her?",fear,"I don’t think I’d be comfortable with any of my old lovers there.
Wait-wait-wait, do you, do you think, maybe we shouldn’t invite her?","I don’t think I’d be comfortable with any of my old lovers there.
Wait-wait-wait, do you, do you think, maybe we shouldn’t invite her?",fear,2,2,fear,True,0.10036,0.024730029,0.25577718,0.10941946,0.21293068,0.15753882,0.13924383
130,12,Emily,"Oh, no-no, y’know I absolutely adore Rachel it’s just that, well it might be a awkward for you.",sadness,"Wait-wait-wait, do you, do you think, maybe we shouldn’t invite her?
Oh, no-no, y’know I absolutely adore Rachel it’s just that, well it might be a awkward for you.","Wait-wait-wait, do you, do you think, maybe we shouldn’t invite her?
Oh, no-no, y’know I absolutely adore Rachel it’s just that, well it might be a awkward for you.",sadness,5,4,neutral,False,0.025807064,0.011127058,0.016418898,0.11462314,0.7956406,0.03251681,0.0038665163
130,13,Emily,But it’s absolutely your decision.,neutral,"Oh, no-no, y’know I absolutely adore Rachel it’s just that, well it might be a awkward for you.
But it’s absolutely your decision.","Oh, no-no, y’know I absolutely adore Rachel it’s just that, well it might be a awkward for you.
But it’s absolutely your decision.",neutral,4,4,neutral,True,0.079961814,0.003709164,0.012700402,0.20052381,0.6824852,0.018131021,0.0024885612
130,14,Emily,More tea?,neutral,"But it’s absolutely your decision.
More tea?","But it’s absolutely your decision.
More tea?",neutral,4,4,neutral,True,0.0020365748,0.00069536694,0.0017470333,0.008528464,0.97851527,0.0017185903,0.006758719
130,15,Ross,Yeah sure.,neutral,"More tea?
Yeah sure.","More tea?
Yeah sure.",neutral,4,4,neutral,True,0.0011553912,0.0011993237,0.001726923,0.010311895,0.9830731,0.0016177248,0.00091563823
130,16,Emily,Earl Grey?,neutral,"Yeah sure.
Earl Grey?","Yeah sure.
Earl Grey?",neutral,4,4,neutral,True,0.006240919,0.0014493942,0.003519293,0.002974579,0.93965316,0.005259803,0.040902924
130,17,Ross,"Huh? Yeah, fine, invite whoever you want.",neutral,"Earl Grey?
Huh? Yeah, fine, invite whoever you want.","Earl Grey?
Huh? Yeah, fine, invite whoever you want.",neutral,4,4,neutral,True,0.0024496906,0.0018272504,0.0016632124,0.004792875,0.98711526,0.0014205046,0.00073123997
131,1,Joey,Hey!,joy,"Hi.
Hey!","Hi.
Hey!",joy,3,3,joy,True,0.01723645,0.0025213903,0.0048109945,0.5291231,0.23190956,0.0069163055,0.20748217
131,2,Phoebe,Hey! So how was the doctor?,neutral,"Hey!
Hey! So how was the doctor?","Hey!
Hey! So how was the doctor?",neutral,4,4,neutral,True,0.0066253515,0.0011360142,0.0031557048,0.032635752,0.90777755,0.005421926,0.0432476
131,3,Rachel,"Oh, everything went great.",joy,"Hey! So how was the doctor?
Oh, everything went great.","Hey! So how was the doctor?
Oh, everything went great.",joy,3,3,joy,True,0.0067685107,0.0012750634,0.0014564958,0.908066,0.07263654,0.0043742154,0.0054232427
131,4,Phoebe,Good.,neutral,"Oh, everything went great.
Good.","Oh, everything went great.
Good.",neutral,4,3,joy,False,0.011389115,0.004228919,0.0022023853,0.8690417,0.100663945,0.010568926,0.0019051025
131,5,Ross,"Oh hey, show them the picture of your uterus.",neutral,"Good.
Oh hey, show them the picture of your uterus.","Good.
Oh hey, show them the picture of your uterus.",neutral,4,4,neutral,True,0.0035739245,0.0035863337,0.0020182172,0.02126953,0.9646731,0.002531053,0.00234795
131,6,Phoebe,Oh.,joy,"Oh hey, show them the picture of your uterus.
Oh.","Oh hey, show them the picture of your uterus.
Oh.",joy,3,4,neutral,False,0.006182254,0.012956935,0.03798658,0.055252705,0.81253815,0.031984318,0.04309912
131,7,Joey,I don’t see the baby. Where is it?,neutral,"Oh.
I don’t see the baby. Where is it?","Oh.
I don’t see the baby. Where is it?",neutral,4,4,neutral,True,0.004477619,0.0006222077,0.004341281,0.007804811,0.9471367,0.0070753517,0.028542034
131,8,Rachel,"Oh no, I know I couldn’t see it either at first, but it’s right umm…  Ross, I lost it again.",joy,"I don’t see the baby. Where is it?
Oh no, I know I couldn’t see it either at first, but it’s right umm…  Ross, I lost it again.","I don’t see the baby. Where is it?
Oh no, I know I couldn’t see it either at first, but it’s right umm…  Ross, I lost it again.",joy,3,5,sadness,False,0.03525868,0.009981438,0.12157915,0.039493788,0.025660481,0.75929856,0.008727949
132,1,Phoebe,The patient I’m looking for has a broken leg and is in a wheelchair.,neutral,"Could you help me with something?
The patient I’m looking for has a broken leg and is in a wheelchair.","Could you help me with something?
The patient I’m looking for has a broken leg and is in a wheelchair.",neutral,4,4,neutral,True,0.0052852654,0.0014801357,0.0035149953,0.003493577,0.9767826,0.0063645006,0.003078909
132,2,Phoebe,"And umm, he’s like early to mid-thirties, very attractive.",neutral,"The patient I’m looking for has a broken leg and is in a wheelchair.
And umm, he’s like early to mid-thirties, very attractive.","The patient I’m looking for has a broken leg and is in a wheelchair.
And umm, he’s like early to mid-thirties, very attractive.",neutral,4,4,neutral,True,0.007191486,0.002199703,0.0021010018,0.06385995,0.9172936,0.005350317,0.0020039384
132,3,Nurse,I think I know who you’re talking about.,neutral,"And umm, he’s like early to mid-thirties, very attractive.
I think I know who you’re talking about.","And umm, he’s like early to mid-thirties, very attractive.
I think I know who you’re talking about.",neutral,4,4,neutral,True,0.004714768,0.0006185439,0.0025062351,0.005011125,0.9764761,0.0028563275,0.007816905
132,4,Phoebe,"Oh yay! Great! Okay, what room number is he in?",joy,"I think I know who you’re talking about.
Oh yay! Great! Okay, what room number is he in?","I think I know who you’re talking about.
Oh yay! Great! Okay, what room number is he in?",joy,3,3,joy,True,0.006010537,0.0015669371,0.0014095253,0.9216918,0.05000198,0.0024394523,0.016879827
132,5,Nurse,"I’m sorry, that information is restricted to hospital staff",neutral,"Oh yay! Great! Okay, what room number is he in?
I’m sorry, that information is restricted to hospital staff","Oh yay! Great! Okay, what room number is he in?
I’m sorry, that information is restricted to hospital staff",neutral,4,4,neutral,True,0.0018064424,0.00046496655,0.0014735649,0.002757518,0.98636925,0.00399594,0.0031323244
132,6,Joey,"Uh, she’s with me.  Dr. Drake Remoray.",neutral,"I’m sorry, that information is restricted to hospital staff
Uh, she’s with me.  Dr. Drake Remoray.","I’m sorry, that information is restricted to hospital staff
Uh, she’s with me.  Dr. Drake Remoray.",neutral,4,4,neutral,True,0.0018418808,0.00076751044,0.0012127917,0.0032112007,0.98995847,0.0018157997,0.0011923448
132,7,Nurse,Dr. Drake who?,neutral,"Uh, she’s with me.  Dr. Drake Remoray.
Dr. Drake who?","Uh, she’s with me.  Dr. Drake Remoray.
Dr. Drake who?",neutral,4,4,neutral,True,0.0068683457,0.0011686947,0.0054866853,0.0050045345,0.5278525,0.0049130996,0.44870624
132,8,Joey,Remoray. It’s Portuguese. We need that information. I’m a doctor.,neutral,"Dr. Drake who?
Remoray. It’s Portuguese. We need that information. I’m a doctor.","Dr. Drake who?
Remoray. It’s Portuguese. We need that information. I’m a doctor.",neutral,4,4,neutral,True,0.005563457,0.0027587598,0.01466444,0.031763088,0.93378747,0.008554108,0.0029086422
132,9,Nurse,A doctor at this hospital?,surprise,"Remoray. It’s Portuguese. We need that information. I’m a doctor.
A doctor at this hospital?","Remoray. It’s Portuguese. We need that information. I’m a doctor.
A doctor at this hospital?",surprise,6,6,surprise,True,0.037454065,0.0024046365,0.021259475,0.008461767,0.17296052,0.020308329,0.73715127
132,10,Joey,Damnit woman we’re losing precious time! Now do you want this man’s blood on your head?,anger,"A doctor at this hospital?
Damnit woman we’re losing precious time! Now do you want this man’s blood on your head?","A doctor at this hospital?
Damnit woman we’re losing precious time! Now do you want this man’s blood on your head?",anger,0,0,anger,True,0.7226933,0.11938438,0.047375906,0.015780827,0.041042,0.041285172,0.012438373
132,11,Phoebe,Hands.,neutral,"Damnit woman we’re losing precious time! Now do you want this man’s blood on your head?
Hands.","Damnit woman we’re losing precious time! Now do you want this man’s blood on your head?
Hands.",neutral,4,4,neutral,True,0.22002389,0.21361475,0.046732932,0.02745371,0.41970578,0.05047278,0.021996206
132,12,Joey,Hands!,neutral,"Hands.
Hands!","Hands.
Hands!",neutral,4,6,surprise,False,0.13045934,0.0076657305,0.01659723,0.15298124,0.08543864,0.018492892,0.58836496
132,13,Joey,It is absolutely essential that you tell me what room the man my assistant described is staying in.,neutral,"Hands!
It is absolutely essential that you tell me what room the man my assistant described is staying in.","Hands!
It is absolutely essential that you tell me what room the man my assistant described is staying in.",neutral,4,4,neutral,True,0.0027110437,0.0007665311,0.0010310594,0.0033992676,0.98989874,0.0013411203,0.0008521664
132,14,Joey,"He’s a patient of mine, I’ve been treating him for years!",neutral,"It is absolutely essential that you tell me what room the man my assistant described is staying in.
He’s a patient of mine, I’ve been treating him for years!","It is absolutely essential that you tell me what room the man my assistant described is staying in.
He’s a patient of mine, I’ve been treating him for years!",neutral,4,0,anger,False,0.5827193,0.010960066,0.021295367,0.23435645,0.08969306,0.026832644,0.034143094
132,15,Nurse,He’s in room 816.,neutral,"He’s a patient of mine, I’ve been treating him for years!
He’s in room 816.","He’s a patient of mine, I’ve been treating him for years!
He’s in room 816.",neutral,4,4,neutral,True,0.0026526153,0.0007070735,0.00065115053,0.0033437822,0.9877771,0.0017280813,0.0031402493
132,16,Joey,"816, thank you!",joy,"He’s in room 816.
816, thank you!","He’s in room 816.
816, thank you!",joy,3,3,joy,True,0.023958186,0.0017054541,0.0032112359,0.8237491,0.12791164,0.005206381,0.01425801
132,17,Phoebe,Thank you.,neutral,"816, thank you!
Thank you.","816, thank you!
Thank you.",neutral,4,4,neutral,True,0.0029131733,0.0006791846,0.0008320695,0.006728069,0.98622465,0.0018968487,0.00072597165
132,18,Joey,And what is his name?,neutral,"Thank you.
And what is his name?","Thank you.
And what is his name?",neutral,4,4,neutral,True,0.0028889664,0.00045709172,0.00134822,0.0019456408,0.97558904,0.0018807407,0.015890384
132,19,Phoebe,No!,surprise,"And what is his name?
No!","And what is his name?
No!",surprise,6,0,anger,False,0.6792908,0.038648628,0.036872182,0.07801069,0.052562855,0.036225133,0.078389786
133,1,Rachel and Bonnie,Hi!,joy,"Hi!
Hi!","Hi!
Hi!",joy,3,3,joy,True,0.018006017,0.0019420402,0.0041770604,0.5999825,0.31506225,0.0065075913,0.054322537
133,2,Bonnie,Rachel was just helping me out. My head got all sunburned.,neutral,"Hi!
Rachel was just helping me out. My head got all sunburned.","Hi!
Rachel was just helping me out. My head got all sunburned.",neutral,4,1,disgust,False,0.0691799,0.3405174,0.046066463,0.030514585,0.30477154,0.15020815,0.05874196
133,3,Ross,Awww.,joy,"Rachel was just helping me out. My head got all sunburned.
Awww.","Rachel was just helping me out. My head got all sunburned.
Awww.",joy,3,1,disgust,False,0.032753356,0.37746614,0.041080266,0.20744762,0.16529204,0.0933293,0.08263125
133,4,Bonnie,Thanks a million.,joy,"Awww.
Thanks a million.","Awww.
Thanks a million.",joy,3,3,joy,True,0.016391775,0.0030313823,0.0044288947,0.5541343,0.38937914,0.024854911,0.007779601
133,5,Rachel,"Oh, you’re welcome a million.",joy,"Thanks a million.
Oh, you’re welcome a million.","Thanks a million.
Oh, you’re welcome a million.",joy,3,4,neutral,False,0.016731232,0.002916365,0.0032833822,0.10951961,0.835832,0.019042062,0.01267529
133,6,Bonnie,"Okay, I’ll see you in our room.",neutral,"Oh, you’re welcome a million.
Okay, I’ll see you in our room.","Oh, you’re welcome a million.
Okay, I’ll see you in our room.",neutral,4,4,neutral,True,0.0056554116,0.0033200379,0.0032222504,0.02167668,0.9615676,0.0039453246,0.00061273744
133,7,Ross,Yeah.,neutral,"Okay, I’ll see you in our room.
Yeah.","Okay, I’ll see you in our room.
Yeah.",neutral,4,4,neutral,True,0.0015091624,0.0010322364,0.0014678735,0.004510088,0.989296,0.0015065524,0.0006780239
133,8,Rachel,Oh my God.,surprise,"Yeah.
Oh my God.","Yeah.
Oh my God.",surprise,6,6,surprise,True,0.010397081,0.011990546,0.027123313,0.020199547,0.012778546,0.035529237,0.8819817
133,9,Ross,I know.,neutral,"Oh my God.
I know.","Oh my God.
I know.",neutral,4,4,neutral,True,0.0039691967,0.0015637646,0.010032514,0.0113873705,0.9613214,0.0078021577,0.00392356
133,10,Ross,"Okay, I gotta go.",neutral,"I know.
Okay, I gotta go.","I know.
Okay, I gotta go.",neutral,4,4,neutral,True,0.026335701,0.013434698,0.071785584,0.07120009,0.7761101,0.03810769,0.0030261222
133,11,Rachel,Whoa! What?! Why?!,surprise,"Okay, I gotta go.
Whoa! What?! Why?!","Okay, I gotta go.
Whoa! What?! Why?!",surprise,6,6,surprise,True,0.0036357043,0.0011764767,0.004532129,0.0026449948,0.017248001,0.0039439467,0.9668187
133,12,Ross,"Well, I-I gotta go break up with Bonnie.",sadness,"Whoa! What?! Why?!
Well, I-I gotta go break up with Bonnie.","Whoa! What?! Why?!
Well, I-I gotta go break up with Bonnie.",sadness,5,4,neutral,False,0.036068983,0.021426715,0.27053148,0.081010446,0.4662464,0.115462534,0.009253391
133,13,Rachel,Here?! Now?!,surprise,"Well, I-I gotta go break up with Bonnie.
Here?! Now?!","Well, I-I gotta go break up with Bonnie.
Here?! Now?!",surprise,6,0,anger,False,0.4817998,0.010680825,0.050557256,0.0381143,0.039231163,0.027842397,0.35177425
133,14,Ross,"Well, yeah.",neutral,"Here?! Now?!
Well, yeah.","Here?! Now?!
Well, yeah.",neutral,4,4,neutral,True,0.0016064474,0.0006914518,0.0019703838,0.003916237,0.98850995,0.001595266,0.0017102989
133,15,Ross,"I can’t-I can’t stay here all night, and if I go in there she’s-she’s gonna wanna... do stuff.",fear,"Well, yeah.
I can’t-I can’t stay here all night, and if I go in there she’s-she’s gonna wanna... do stuff.","Well, yeah.
I can’t-I can’t stay here all night, and if I go in there she’s-she’s gonna wanna... do stuff.",fear,2,4,neutral,False,0.0206488,0.01198669,0.03869484,0.04811345,0.85118,0.027388144,0.0019880938
134,1,Chandler,"He’s not gonna make it, he’s stuck in Chicago.",sadness,"What happened?
He’s not gonna make it, he’s stuck in Chicago.","What happened?
He’s not gonna make it, he’s stuck in Chicago.",sadness,5,4,neutral,False,0.04697128,0.011854689,0.014646692,0.016653642,0.8052905,0.09855587,0.006027402
134,2,Ross,"Ohh, man! Chicago, is sooo lucky!",joy,"He’s not gonna make it, he’s stuck in Chicago.
Ohh, man! Chicago, is sooo lucky!","He’s not gonna make it, he’s stuck in Chicago.
Ohh, man! Chicago, is sooo lucky!",joy,3,3,joy,True,0.08331924,0.010098154,0.015949806,0.59196556,0.1736815,0.03593509,0.08905066
134,3,Chandler,"Stupid, useless Canadian money!",anger,"Ohh, man! Chicago, is sooo lucky!
Stupid, useless Canadian money!","Ohh, man! Chicago, is sooo lucky!
Stupid, useless Canadian money!",anger,0,0,anger,True,0.63350356,0.009823175,0.0142854145,0.2164973,0.07649166,0.025416072,0.023982808
135,1,Rachel,Really?,surprise,"Rachel, one of your customers seems to have left his billfold. A Joshua Bergen.
Really?","Rachel, one of your customers seems to have left his billfold. A Joshua Bergen.
Really?",surprise,6,6,surprise,True,0.0030951027,0.00094777846,0.002855564,0.0029787277,0.0379319,0.0031744894,0.94901633
135,2,Mr. Waltham,Will you call him?,neutral,"Really?
Will you call him?","Really?
Will you call him?",neutral,4,4,neutral,True,0.0024001421,0.00036748554,0.0028550643,0.0027076954,0.9772546,0.002347998,0.012067046
135,3,Rachel,Yes!,joy,"Will you call him?
Yes!","Will you call him?
Yes!",joy,3,3,joy,True,0.029677697,0.0018219225,0.0038792025,0.910851,0.038364317,0.0039182943,0.011487583
135,4,Rachel,I will!,joy,"Yes!
I will!","Yes!
I will!",joy,3,3,joy,True,0.0684693,0.0025905417,0.009593276,0.8394572,0.066986926,0.0063712765,0.006531408
135,5,Rachel,Absolutely!,joy,"I will!
Absolutely!","I will!
Absolutely!",joy,3,3,joy,True,0.0069883713,0.00092743523,0.0013708977,0.9644496,0.020929338,0.002168947,0.003165404
137,1,Joey,Hey!,neutral,"I’m full, and yet I know if I stop eating this, I’ll regret it.
Hey!","I’m full, and yet I know if I stop eating this, I’ll regret it.
Hey!",neutral,4,6,surprise,False,0.021136774,0.002771356,0.005413744,0.06925701,0.04173721,0.008797026,0.8508869
137,2,Rachel,Hey!,neutral,"Hey!
Hey!","Hey!
Hey!",neutral,4,3,joy,False,0.024245733,0.002551383,0.0048642117,0.58601815,0.26300117,0.0069548483,0.112364486
137,3,Joey,What do you got there?,neutral,"Hey!
What do you got there?","Hey!
What do you got there?",neutral,4,4,neutral,True,0.010337093,0.00120833,0.006751496,0.0055269045,0.5568577,0.006744713,0.41257372
137,4,Rachel,"Oh it’s umm, it’s tofu cake. Do you want some?",neutral,"What do you got there?
Oh it’s umm, it’s tofu cake. Do you want some?","What do you got there?
Oh it’s umm, it’s tofu cake. Do you want some?",neutral,4,4,neutral,True,0.001387687,0.0019019529,0.0021390491,0.011393107,0.97729844,0.0029764643,0.0029033085
137,5,Chandler,What are you doing tonight?,neutral,"Oh it’s umm, it’s tofu cake. Do you want some?
What are you doing tonight?","Oh it’s umm, it’s tofu cake. Do you want some?
What are you doing tonight?",neutral,4,4,neutral,True,0.005385687,0.0018397403,0.0043393364,0.01735543,0.83733577,0.0050550345,0.12868902
137,6,Joey,Huh? Uh,neutral,"What are you doing tonight?
Huh? Uh","What are you doing tonight?
Huh? Uh",neutral,4,4,neutral,True,0.0066453936,0.0027362364,0.04628859,0.008461172,0.8386077,0.013130215,0.0841306
137,7,Chandler,Dude! Dude!,surprise,"Huh? Uh
Dude! Dude!","Huh? Uh
Dude! Dude!",surprise,6,3,joy,False,0.027117316,0.010835765,0.005250393,0.750173,0.03710274,0.0054152017,0.16410564
137,8,Joey,"Oh!  Sorry. Uh, I’ve got those plans with Phoebe, why?",neutral,"Dude! Dude!
Oh!  Sorry. Uh, I’ve got those plans with Phoebe, why?","Dude! Dude!
Oh!  Sorry. Uh, I’ve got those plans with Phoebe, why?",neutral,4,4,neutral,True,0.0046114386,0.0010653168,0.014206203,0.0046019605,0.8835469,0.010480283,0.08148792
137,9,Chandler,"Oh really? Uh, Monica said she had a date at 9:00.",surprise,"Oh!  Sorry. Uh, I’ve got those plans with Phoebe, why?
Oh really? Uh, Monica said she had a date at 9:00.","Oh!  Sorry. Uh, I’ve got those plans with Phoebe, why?
Oh really? Uh, Monica said she had a date at 9:00.",surprise,6,6,surprise,True,0.008968119,0.0034619079,0.027037736,0.01068078,0.13223293,0.019148296,0.79847026
137,10,Joey,What?! Tonight?!,surprise,"Oh really? Uh, Monica said she had a date at 9:00.
What?! Tonight?!","Oh really? Uh, Monica said she had a date at 9:00.
What?! Tonight?!",surprise,6,6,surprise,True,0.00496366,0.0010402056,0.002592936,0.004995811,0.008909157,0.002882678,0.97461545
137,11,Chandler,That’s what Monica said.,neutral,"What?! Tonight?!
That’s what Monica said.","What?! Tonight?!
That’s what Monica said.",neutral,4,4,neutral,True,0.2395071,0.018122368,0.012813339,0.101448596,0.4964828,0.029041102,0.102584705
137,12,Joey,After she gave me that big speech?!,surprise,"That’s what Monica said.
After she gave me that big speech?!","That’s what Monica said.
After she gave me that big speech?!",surprise,6,6,surprise,True,0.27027103,0.007892387,0.010987137,0.015663268,0.013168477,0.01840809,0.6636097
137,13,Joey,She goes and makes a date with a guy on the same night she has plans with me?,anger,"After she gave me that big speech?!
She goes and makes a date with a guy on the same night she has plans with me?","After she gave me that big speech?!
She goes and makes a date with a guy on the same night she has plans with me?",anger,0,4,neutral,False,0.021176929,0.0055070706,0.013377882,0.011809348,0.6441882,0.016811866,0.2871287
137,14,Joey,I think she’s trying to pull a fast one on Big Daddy!,anger,"She goes and makes a date with a guy on the same night she has plans with me?
I think she’s trying to pull a fast one on Big Daddy!","She goes and makes a date with a guy on the same night she has plans with me?
I think she’s trying to pull a fast one on Big Daddy!",anger,0,3,joy,False,0.31107852,0.00999174,0.012072059,0.5619124,0.05911617,0.023748051,0.022081062
138,1,Ross,Who cares? I repel women.,disgust,"Okay, is this lamp in the same place?
Who cares? I repel women.","Okay, is this lamp in the same place?
Who cares? I repel women.",disgust,1,4,neutral,False,0.007153971,0.0031910131,0.0018654293,0.0068515292,0.9769688,0.00262877,0.0013404113
138,2,Chandler,No-no-no-no-no-no-no-no!!! You can't come in here! R-r-r-r-Ross is naked.,surprise,"Who cares? I repel women.
No-no-no-no-no-no-no-no!!! You can't come in here! R-r-r-r-Ross is naked.","Who cares? I repel women.
No-no-no-no-no-no-no-no!!! You can't come in here! R-r-r-r-Ross is naked.",surprise,6,6,surprise,True,0.20466554,0.08608986,0.22237277,0.046157464,0.08320913,0.107072555,0.2504327
138,3,Monica,What?!,surprise,"No-no-no-no-no-no-no-no!!! You can't come in here! R-r-r-r-Ross is naked.
What?!","No-no-no-no-no-no-no-no!!! You can't come in here! R-r-r-r-Ross is naked.
What?!",surprise,6,6,surprise,True,0.0068079424,0.002243951,0.0063183964,0.003989362,0.007766188,0.0058377595,0.9670364
139,1,Rachel,"Yeah well, I’m-I’m a slut.",sadness,"It’s yours!
Yeah well, I’m-I’m a slut.","It’s yours!
Yeah well, I’m-I’m a slut.",sadness,5,1,disgust,False,0.10722495,0.62208426,0.042426307,0.016878976,0.04199976,0.16304955,0.0063361796
139,2,Jill,Me too.,neutral,"Yeah well, I’m-I’m a slut.
Me too.","Yeah well, I’m-I’m a slut.
Me too.",neutral,4,5,sadness,False,0.14137074,0.30332834,0.04754713,0.02237599,0.083427735,0.39496827,0.0069817863
139,3,Ross,Hi Jill!,joy,"Me too.
Hi Jill!","Me too.
Hi Jill!",joy,3,3,joy,True,0.01152299,0.0010812393,0.0018538885,0.85081553,0.11263103,0.0031674926,0.018927854
139,4,Jill,Hey!,joy,"Hi Jill!
Hey!","Hi Jill!
Hey!",joy,3,3,joy,True,0.01240946,0.0014086812,0.0024067757,0.79140407,0.15757647,0.0037593574,0.03103524
139,5,Ross,Hi .,neutral,"Hey!
Hi .","Hey!
Hi .",neutral,4,4,neutral,True,0.0012742173,0.0003468759,0.0009023218,0.0022440923,0.9902344,0.0012216053,0.0037765545
139,6,Rachel,Rachel.,neutral,"Hi .
Rachel.","Hi .
Rachel.",neutral,4,4,neutral,True,0.0012059254,0.00047483257,0.00088235846,0.0014813938,0.99243516,0.001338998,0.0021812946
139,7,Ross,"Rachel! Well, you-you’re not at home, you’re-you’re-you’re right here.",surprise,"Rachel.
Rachel! Well, you-you’re not at home, you’re-you’re-you’re right here.","Rachel.
Rachel! Well, you-you’re not at home, you’re-you’re-you’re right here.",surprise,6,2,fear,False,0.19686875,0.02565403,0.2554333,0.09267473,0.17588477,0.17673065,0.076753795
139,8,Rachel,"Yeah I know, and I bet you thought it would be weird. But it’s not!",joy,"Rachel! Well, you-you’re not at home, you’re-you’re-you’re right here.
Yeah I know, and I bet you thought it would be weird. But it’s not!","Rachel! Well, you-you’re not at home, you’re-you’re-you’re right here.
Yeah I know, and I bet you thought it would be weird. But it’s not!",joy,3,3,joy,True,0.0644687,0.01430238,0.03628228,0.51338243,0.17817889,0.044919237,0.1484661
139,9,Ross,"Okay. So well I’ll umm,  I’ll have her home by midnight.",neutral,"Yeah I know, and I bet you thought it would be weird. But it’s not!
Okay. So well I’ll umm,  I’ll have her home by midnight.","Yeah I know, and I bet you thought it would be weird. But it’s not!
Okay. So well I’ll umm,  I’ll have her home by midnight.",neutral,4,4,neutral,True,0.0050867717,0.0021321196,0.006232793,0.03095946,0.9480828,0.006685651,0.0008203082
140,1,Ross,"I'm sorry, man.",sadness,"That part was perfect for me! I can't believe I didn't get it!
I'm sorry, man.","That part was perfect for me! I can't believe I didn't get it!
I'm sorry, man.",sadness,5,5,sadness,True,0.016771572,0.008277211,0.056241233,0.023664871,0.09921173,0.7874006,0.008432709
140,2,Ross,"Hey, y'know what you should do?",neutral,"I'm sorry, man.
Hey, y'know what you should do?","I'm sorry, man.
Hey, y'know what you should do?",neutral,4,4,neutral,True,0.021767352,0.003025254,0.033530697,0.024090838,0.8985434,0.010849568,0.008192991
140,3,Ross,You should make something happen for yourself.,neutral,"Hey, y'know what you should do?
You should make something happen for yourself.","Hey, y'know what you should do?
You should make something happen for yourself.",neutral,4,4,neutral,True,0.07477648,0.018102217,0.037981335,0.07208972,0.77596027,0.019448875,0.0016409956
140,4,Ross,"Y'know, like-like write a play.",neutral,"You should make something happen for yourself.
Y'know, like-like write a play.","You should make something happen for yourself.
Y'know, like-like write a play.",neutral,4,4,neutral,True,0.018477097,0.00818814,0.012362556,0.05534231,0.8979364,0.0064384225,0.0012550635
140,5,Ross,Write a movie!,joy,"Y'know, like-like write a play.
Write a movie!","Y'know, like-like write a play.
Write a movie!",joy,3,3,joy,True,0.1134708,0.005171111,0.010296809,0.7731903,0.0839008,0.009380744,0.0045894007
140,6,Ross,Huh?,neutral,"Write a movie!
Huh?","Write a movie!
Huh?",neutral,4,4,neutral,True,0.0102112,0.0013713939,0.0063189636,0.0059265974,0.7316208,0.0059664673,0.23858462
140,7,Ross,"I mean, what about those",neutral,"Huh?
I mean, what about those","Huh?
I mean, what about those",neutral,4,4,neutral,True,0.0026161487,0.000504979,0.0013852811,0.0017960639,0.9857992,0.0017493132,0.006149085
140,8,Joey,"Come on Ross be realistic, y'know? If I did write something, what are the chances I could get those guys to star in it?",sadness,"I mean, what about those
Come on Ross be realistic, y'know? If I did write something, what are the chances I could get those guys to star in it?","I mean, what about those
Come on Ross be realistic, y'know? If I did write something, what are the chances I could get those guys to star in it?",sadness,5,4,neutral,False,0.013420981,0.0011662217,0.0060121017,0.009971334,0.96100974,0.0042867465,0.0041328333
140,9,Joey,"Wait a second, I could star in it!",joy,"Come on Ross be realistic, y'know? If I did write something, what are the chances I could get those guys to star in it?
Wait a second, I could star in it!","Come on Ross be realistic, y'know? If I did write something, what are the chances I could get those guys to star in it?
Wait a second, I could star in it!",joy,3,3,joy,True,0.22468437,0.009318338,0.024645159,0.5089931,0.1948519,0.01900534,0.01850176
140,10,Ross,Or that.,neutral,"Wait a second, I could star in it!
Or that.","Wait a second, I could star in it!
Or that.",neutral,4,4,neutral,True,0.069844425,0.019085716,0.017066227,0.14074738,0.7261281,0.020651402,0.0064766537
140,11,Joey,I can't write!,anger,"Or that.
I can't write!","Or that.
I can't write!",anger,0,0,anger,True,0.27440485,0.014570051,0.17521082,0.06263176,0.04659219,0.17971952,0.24687086
140,12,Joey,"Y'know I mean I-I-I'm an actor, I don't have the discipline that takes, y'know?",sadness,"I can't write!
Y'know I mean I-I-I'm an actor, I don't have the discipline that takes, y'know?","I can't write!
Y'know I mean I-I-I'm an actor, I don't have the discipline that takes, y'know?",sadness,5,0,anger,False,0.519632,0.025703998,0.13869105,0.04721438,0.18706208,0.053290162,0.028406395
140,13,Joey,I can't do it.,sadness,"Y'know I mean I-I-I'm an actor, I don't have the discipline that takes, y'know?
I can't do it.","Y'know I mean I-I-I'm an actor, I don't have the discipline that takes, y'know?
I can't do it.",sadness,5,5,sadness,True,0.113114014,0.023979984,0.38508368,0.0350488,0.023532847,0.40362492,0.015615754
140,14,Ross,I'll help you.,neutral,"I can't do it.
I'll help you.","I can't do it.
I'll help you.",neutral,4,4,neutral,True,0.016249837,0.0048956485,0.037876643,0.020615,0.8848468,0.03191803,0.0035979901
140,15,Ross,"Yeah, I'll make up a schedule and make sure you stick to it.",neutral,"I'll help you.
Yeah, I'll make up a schedule and make sure you stick to it.","I'll help you.
Yeah, I'll make up a schedule and make sure you stick to it.",neutral,4,4,neutral,True,0.0069967345,0.0033221163,0.003998089,0.009889705,0.9718703,0.0033061395,0.00061696256
140,16,Ross,"And plus, it'll give me something to do.",neutral,"Yeah, I'll make up a schedule and make sure you stick to it.
And plus, it'll give me something to do.","Yeah, I'll make up a schedule and make sure you stick to it.
And plus, it'll give me something to do.",neutral,4,4,neutral,True,0.006969031,0.005607611,0.0066294405,0.036828887,0.9366242,0.0063684094,0.0009724542
141,1,Eric,"Oh, mostly fashion, so there may be models here from time to time, I hope that’s cool.",neutral,"Soo, ah, Eric, what kind of photography do ya do?
Oh, mostly fashion, so there may be models here from time to time, I hope that’s cool.","Soo, ah, Eric, what kind of photography do ya do?
Oh, mostly fashion, so there may be models here from time to time, I hope that’s cool.",neutral,4,4,neutral,True,0.0042578494,0.0026298943,0.0017865032,0.019327277,0.9687347,0.0024682595,0.0007955059
141,2,Chandler,"Yes, that is cool. Because I have models here y'know......never.",neutral,"Oh, mostly fashion, so there may be models here from time to time, I hope that’s cool.
Yes, that is cool. Because I have models here y'know......never.","Oh, mostly fashion, so there may be models here from time to time, I hope that’s cool.
Yes, that is cool. Because I have models here y'know......never.",neutral,4,4,neutral,True,0.19132885,0.019277921,0.03829848,0.31542122,0.3690883,0.062449686,0.004135545
141,3,Eric,"Oh, yeah, during the summer, I spend most weekends at my sister’s beach house, which you are welcome to use by the way.",neutral,"Yes, that is cool. Because I have models here y'know......never.
Oh, yeah, during the summer, I spend most weekends at my sister’s beach house, which you are welcome to use by the way.","Yes, that is cool. Because I have models here y'know......never.
Oh, yeah, during the summer, I spend most weekends at my sister’s beach house, which you are welcome to use by the way.",neutral,4,4,neutral,True,0.014407792,0.010587573,0.0036454808,0.03810492,0.921769,0.009677913,0.0018072196
141,4,Eric,"Although, I should probably tell you, she’s a porn star.",neutral,"Oh, yeah, during the summer, I spend most weekends at my sister’s beach house, which you are welcome to use by the way.
Although, I should probably tell you, she’s a porn star.","Oh, yeah, during the summer, I spend most weekends at my sister’s beach house, which you are welcome to use by the way.
Although, I should probably tell you, she’s a porn star.",neutral,4,4,neutral,True,0.0036657138,0.004559499,0.0016497758,0.015306463,0.9653667,0.005909689,0.003542158
142,1,Chandler,All right.,neutral,"Well, listen I ah, still have one more person to ah meet, but unless it turns out to be your sister, I think you’re chances are pretty good.
All right.","Well, listen I ah, still have one more person to ah meet, but unless it turns out to be your sister, I think you’re chances are pretty good.
All right.",neutral,4,4,neutral,True,0.003858278,0.0010641537,0.0019777974,0.005452799,0.9851843,0.0018317584,0.000630941
143,1,Monica,Why don’t you just stop doing stupid things? Then you wouldn’t have to apologize.,neutral,"As bad as that went, I actually enjoyed myself. I think that I’m going to apologize for all of the stupid things I do.
Why don’t you just stop doing stupid things? Then you wouldn’t have to apologize.","As bad as that went, I actually enjoyed myself. I think that I’m going to apologize for all of the stupid things I do.
Why don’t you just stop doing stupid things? Then you wouldn’t have to apologize.",neutral,4,4,neutral,True,0.11705584,0.013236857,0.025525842,0.0965695,0.7024611,0.042185012,0.0029657823
143,2,Chandler,I would really love it if I could do both.,neutral,"Why don’t you just stop doing stupid things? Then you wouldn’t have to apologize.
I would really love it if I could do both.","Why don’t you just stop doing stupid things? Then you wouldn’t have to apologize.
I would really love it if I could do both.",neutral,4,3,joy,False,0.006301233,0.0012737225,0.001275304,0.9619787,0.022584321,0.003862017,0.002724764
143,3,Monica,"All right, I…I have to ask.",sadness,"I would really love it if I could do both.
All right, I…I have to ask.","I would really love it if I could do both.
All right, I…I have to ask.",sadness,5,4,neutral,False,0.011270708,0.0036689136,0.09286215,0.036739998,0.80885017,0.037792042,0.008815967
143,4,Chandler,What?,neutral,"All right, I…I have to ask.
What?","All right, I…I have to ask.
What?",neutral,4,6,surprise,False,0.00807059,0.001482657,0.01670759,0.00772439,0.35285506,0.010533992,0.6026258
143,5,Monica,Are you gonna break up with me if I get fat again?,fear,"What?
Are you gonna break up with me if I get fat again?","What?
Are you gonna break up with me if I get fat again?",fear,2,4,neutral,False,0.13895999,0.033269748,0.044273507,0.06911403,0.619418,0.062587835,0.032376908
143,6,Chandler,What?!,surprise,"Are you gonna break up with me if I get fat again?
What?!","Are you gonna break up with me if I get fat again?
What?!",surprise,6,6,surprise,True,0.007048338,0.0013485637,0.0048618442,0.0030609288,0.024184793,0.004867534,0.95462793
143,7,Monica,"Well, you broke up with Julie Grath! How much weight could she have gained?",anger,"What?!
Well, you broke up with Julie Grath! How much weight could she have gained?","What?!
Well, you broke up with Julie Grath! How much weight could she have gained?",anger,0,6,surprise,False,0.038496766,0.0028677236,0.005081632,0.013817226,0.22730917,0.011234421,0.7011931
143,8,Chandler,A hundred and forty-five pounds.,disgust,"Well, you broke up with Julie Grath! How much weight could she have gained?
A hundred and forty-five pounds.","Well, you broke up with Julie Grath! How much weight could she have gained?
A hundred and forty-five pounds.",disgust,1,4,neutral,False,0.016280025,0.0038386136,0.0054929736,0.038557265,0.6983009,0.0132681085,0.22426209
144,1,Monica,"Here’s Frannie. Hmm, won’t she be happy to see me?",joy,"Yes, yes it is. It’s uh…  Every time on the lips! Why?! Why on lips?!
Here’s Frannie. Hmm, won’t she be happy to see me?","Yes, yes it is. It’s uh…  Every time on the lips! Why?! Why on lips?!
Here’s Frannie. Hmm, won’t she be happy to see me?",joy,3,4,neutral,False,0.21749568,0.013746711,0.17570168,0.044948716,0.22935288,0.123559296,0.1951951
144,2,Ross,"Now wait a minute, you be nice! All right? I didn’t bring you here so you can ambush her.",anger,"Here’s Frannie. Hmm, won’t she be happy to see me?
Now wait a minute, you be nice! All right? I didn’t bring you here so you can ambush her.","Here’s Frannie. Hmm, won’t she be happy to see me?
Now wait a minute, you be nice! All right? I didn’t bring you here so you can ambush her.",anger,0,4,neutral,False,0.3226812,0.018500663,0.05939543,0.124679,0.39493704,0.059237584,0.020569121
144,3,Monica,Frannie was the one who found your,neutral,"Now wait a minute, you be nice! All right? I didn’t bring you here so you can ambush her.
Frannie was the one who found your","Now wait a minute, you be nice! All right? I didn’t bring you here so you can ambush her.
Frannie was the one who found your",neutral,4,4,neutral,True,0.19645187,0.011814343,0.011314528,0.014838402,0.5640744,0.041958466,0.15954794
144,4,Ross,That bitch!,anger,"Frannie was the one who found your
That bitch!","Frannie was the one who found your
That bitch!",anger,0,0,anger,True,0.7808788,0.081387244,0.0069619142,0.023431959,0.015677616,0.01945512,0.072207406
144,5,Frannie,Monica! What,surprise,"That bitch!
Monica! What","That bitch!
Monica! What",surprise,6,6,surprise,True,0.017749503,0.0023782777,0.00454806,0.006121294,0.16370223,0.0063781366,0.7991226
144,6,Monica,Am I doing here? Why? Surprised to see me? Ross brought me. How do you like that?!,anger,"Monica! What
Am I doing here? Why? Surprised to see me? Ross brought me. How do you like that?!","Monica! What
Am I doing here? Why? Surprised to see me? Ross brought me. How do you like that?!",anger,0,6,surprise,False,0.019678904,0.0028771614,0.0060468162,0.004045478,0.009968189,0.008143223,0.94924015
144,7,Ross,"Hi Frannie, congratulations.",neutral,"Am I doing here? Why? Surprised to see me? Ross brought me. How do you like that?!
Hi Frannie, congratulations.","Am I doing here? Why? Surprised to see me? Ross brought me. How do you like that?!
Hi Frannie, congratulations.",neutral,4,3,joy,False,0.033288263,0.004181765,0.017928509,0.3844424,0.29693916,0.044287633,0.21893229
144,8,Monica,"You invite my brother, you invite my whole family, and not me?!",anger,"Hi Frannie, congratulations.
You invite my brother, you invite my whole family, and not me?!","Hi Frannie, congratulations.
You invite my brother, you invite my whole family, and not me?!",anger,0,0,anger,True,0.8333642,0.013359034,0.039903466,0.034351237,0.032480646,0.024167037,0.02237438
144,9,Monica,Why?!,surprise,"You invite my brother, you invite my whole family, and not me?!
Why?!","You invite my brother, you invite my whole family, and not me?!
Why?!",surprise,6,6,surprise,True,0.008391938,0.001164993,0.0054536685,0.0032526078,0.06978346,0.0054207672,0.9065325
144,10,Monica,What—Why wouldn’t you want me at your wedding?,anger,"Why?!
What—Why wouldn’t you want me at your wedding?","Why?!
What—Why wouldn’t you want me at your wedding?",anger,0,0,anger,True,0.28627327,0.03488945,0.108413056,0.074168645,0.13564993,0.12689507,0.23371063
144,11,Monica,What could I have possibly done?!,anger,"What—Why wouldn’t you want me at your wedding?
What could I have possibly done?!","What—Why wouldn’t you want me at your wedding?
What could I have possibly done?!",anger,0,0,anger,True,0.43690115,0.016400872,0.074978404,0.053077452,0.046408307,0.07217893,0.30005482
144,12,Monica,Stuart!,anger,"What could I have possibly done?!
Stuart!","What could I have possibly done?!
Stuart!",anger,0,0,anger,True,0.4667419,0.009119572,0.020703014,0.11672479,0.081890315,0.026528656,0.27829176
144,13,Frannie,I believe you know my husband.,neutral,"Stuart!
I believe you know my husband.","Stuart!
I believe you know my husband.",neutral,4,4,neutral,True,0.0087900795,0.001302172,0.0019170977,0.0046705296,0.96285594,0.005993748,0.014470454
144,14,Ross,So it’s really a question of,neutral,"I believe you know my husband.
So it’s really a question of","I believe you know my husband.
So it’s really a question of",neutral,4,4,neutral,True,0.0028021003,0.0004538846,0.00250197,0.002723757,0.9860699,0.0021448387,0.0033035723
145,1,Gary,"Hey Chandler, what are you doing here?",surprise,"Hey ladies! What are you in here for?
Hey Chandler, what are you doing here?","Hey ladies! What are you in here for?
Hey Chandler, what are you doing here?",surprise,6,6,surprise,True,0.023527404,0.0020807958,0.0055104084,0.0034538927,0.062497616,0.0068356274,0.89609426
145,2,Chandler,"Gary, I'm here to report a crime.",neutral,"Hey Chandler, what are you doing here?
Gary, I'm here to report a crime.","Hey Chandler, what are you doing here?
Gary, I'm here to report a crime.",neutral,4,4,neutral,True,0.065747954,0.018345969,0.010726755,0.009771485,0.874257,0.01649523,0.004655654
145,3,Gary,Yeah?,surprise,"Gary, I'm here to report a crime.
Yeah?","Gary, I'm here to report a crime.
Yeah?",surprise,6,6,surprise,True,0.023945045,0.004108624,0.0145754665,0.009236239,0.41251633,0.013920494,0.5216978
145,4,Chandler,It is a crime that you and I don't spend more time together.,neutral,"Yeah?
It is a crime that you and I don't spend more time together.","Yeah?
It is a crime that you and I don't spend more time together.",neutral,4,4,neutral,True,0.33766827,0.108104065,0.035534486,0.021146858,0.3919774,0.10000333,0.0055656014
145,5,Gary,What's up?,neutral,"It is a crime that you and I don't spend more time together.
What's up?","It is a crime that you and I don't spend more time together.
What's up?",neutral,4,4,neutral,True,0.0021433022,0.00046182945,0.0014393979,0.007031348,0.97937703,0.0015870485,0.007960145
145,6,Chandler,"Well, I heard that you thinking about asking Phoebe to move in with you and I thought maybe, we should have a talk.",neutral,"What's up?
Well, I heard that you thinking about asking Phoebe to move in with you and I thought maybe, we should have a talk.","What's up?
Well, I heard that you thinking about asking Phoebe to move in with you and I thought maybe, we should have a talk.",neutral,4,4,neutral,True,0.0015480303,0.0007978261,0.00305457,0.006000645,0.9844061,0.0025317431,0.0016610712
145,7,Chandler,"Man to uh, me.",neutral,"Well, I heard that you thinking about asking Phoebe to move in with you and I thought maybe, we should have a talk.
Man to uh, me.","Well, I heard that you thinking about asking Phoebe to move in with you and I thought maybe, we should have a talk.
Man to uh, me.",neutral,4,4,neutral,True,0.006979657,0.005246623,0.030747192,0.0070783314,0.9332499,0.012514551,0.004183896
145,8,Gary,Sure. Okay.,neutral,"Man to uh, me.
Sure. Okay.","Man to uh, me.
Sure. Okay.",neutral,4,4,neutral,True,0.0013825084,0.0008691791,0.002356889,0.006120731,0.98645025,0.0016196235,0.0012008343
145,9,Chandler,"Uh, are you crazy? Are you insane? If you live with Phoebe, you two are gonna be y'know, live-living together!",surprise,"Sure. Okay.
Uh, are you crazy? Are you insane? If you live with Phoebe, you two are gonna be y'know, live-living together!","Sure. Okay.
Uh, are you crazy? Are you insane? If you live with Phoebe, you two are gonna be y'know, live-living together!",surprise,6,0,anger,False,0.7919059,0.009775645,0.037602045,0.08415843,0.045598444,0.018924737,0.01203493
145,10,Gary,"Yeah, I-I considered that. I just know it would make me happy.",neutral,"Uh, are you crazy? Are you insane? If you live with Phoebe, you two are gonna be y'know, live-living together!
Yeah, I-I considered that. I just know it would make me happy.","Uh, are you crazy? Are you insane? If you live with Phoebe, you two are gonna be y'know, live-living together!
Yeah, I-I considered that. I just know it would make me happy.",neutral,4,4,neutral,True,0.029539023,0.004787434,0.017253954,0.4365241,0.48417193,0.024423253,0.0033002652
145,11,Chandler,You mean scared.,neutral,"Yeah, I-I considered that. I just know it would make me happy.
You mean scared.","Yeah, I-I considered that. I just know it would make me happy.
You mean scared.",neutral,4,2,fear,False,0.20769824,0.064940065,0.4503109,0.0250471,0.16075128,0.06908455,0.02216793
145,12,Gary,"No, I mean happy.",neutral,"You mean scared.
No, I mean happy.","You mean scared.
No, I mean happy.",neutral,4,3,joy,False,0.0978019,0.012517145,0.01904768,0.46793324,0.37324253,0.027134053,0.0023235416
146,1,Rachel,"Oh thanks, but listen, I was just at Monica’s and she and Chandler had a big fight and they’re not moving in.",sadness,"Hey! Oh listen, I was just clearing some space for your stuff.
Oh thanks, but listen, I was just at Monica’s and she and Chandler had a big fight and they’re not moving in.","Hey! Oh listen, I was just clearing some space for your stuff.
Oh thanks, but listen, I was just at Monica’s and she and Chandler had a big fight and they’re not moving in.",sadness,5,4,neutral,False,0.009222973,0.0017661786,0.0065656677,0.019133678,0.94941235,0.011973522,0.0019256794
146,2,Ross,"What do you mean, they’re not moving in? They-they’re still moving in right?",surprise,"Oh thanks, but listen, I was just at Monica’s and she and Chandler had a big fight and they’re not moving in.
What do you mean, they’re not moving in? They-they’re still moving in right?","Oh thanks, but listen, I was just at Monica’s and she and Chandler had a big fight and they’re not moving in.
What do you mean, they’re not moving in? They-they’re still moving in right?",surprise,6,6,surprise,True,0.020851888,0.0027586673,0.021217426,0.013841055,0.27069488,0.020694181,0.649942
146,3,Rachel,"No-no, they just had a big blowout over what to do with my room.",neutral,"What do you mean, they’re not moving in? They-they’re still moving in right?
No-no, they just had a big blowout over what to do with my room.","What do you mean, they’re not moving in? They-they’re still moving in right?
No-no, they just had a big blowout over what to do with my room.",neutral,4,4,neutral,True,0.05189035,0.028848898,0.031300075,0.034762107,0.5955201,0.25085878,0.006819764
146,4,Ross,What?! Over a stupid room!,surprise,"No-no, they just had a big blowout over what to do with my room.
What?! Over a stupid room!","No-no, they just had a big blowout over what to do with my room.
What?! Over a stupid room!",surprise,6,6,surprise,True,0.073262505,0.0148403365,0.009812681,0.0067983577,0.0065406733,0.013859189,0.8748863
146,5,Rachel,"Yeah, I feel kinda bad for them, but I’m also really psyched ‘cause I don’t have to move in here!",joy,"What?! Over a stupid room!
Yeah, I feel kinda bad for them, but I’m also really psyched ‘cause I don’t have to move in here!","What?! Over a stupid room!
Yeah, I feel kinda bad for them, but I’m also really psyched ‘cause I don’t have to move in here!",joy,3,3,joy,True,0.18199997,0.015959388,0.055106167,0.5658054,0.08810306,0.086102605,0.006923459
146,6,Ross,"Oh no, yeah no, that part’s great!",joy,"Yeah, I feel kinda bad for them, but I’m also really psyched ‘cause I don’t have to move in here!
Oh no, yeah no, that part’s great!","Yeah, I feel kinda bad for them, but I’m also really psyched ‘cause I don’t have to move in here!
Oh no, yeah no, that part’s great!",joy,3,3,joy,True,0.007542577,0.0019914997,0.001675569,0.95384187,0.026368571,0.0033532158,0.005226702
147,1,Monica,"Where are you guys going? Come on, one more game!",surprise,"Shut-out!!
Where are you guys going? Come on, one more game!","Shut-out!!
Where are you guys going? Come on, one more game!",surprise,6,3,joy,False,0.08731807,0.0026830875,0.0051893303,0.7734927,0.11489547,0.005482641,0.010938726
147,2,Joey,"Uh, it's 2:30 in the morning!",sadness,"Where are you guys going? Come on, one more game!
Uh, it's 2:30 in the morning!","Where are you guys going? Come on, one more game!
Uh, it's 2:30 in the morning!",sadness,5,4,neutral,False,0.024508731,0.0017696159,0.0060647945,0.065596536,0.8773039,0.007005398,0.017751016
147,3,Chandler,"Yeah, get out!",anger,"Uh, it's 2:30 in the morning!
Yeah, get out!","Uh, it's 2:30 in the morning!
Yeah, get out!",anger,0,3,joy,False,0.26920044,0.007837907,0.014803171,0.5405261,0.1512934,0.009400221,0.0069387853
147,4,Monica,You guys are always hanging out in my apartment!,anger,"Yeah, get out!
You guys are always hanging out in my apartment!","Yeah, get out!
You guys are always hanging out in my apartment!",anger,0,3,joy,False,0.060148094,0.011601286,0.0024277912,0.73146874,0.17737329,0.0108015705,0.00617917
147,5,Monica,"Come on, I'll only use my left hand, huh?",anger,"You guys are always hanging out in my apartment!
Come on, I'll only use my left hand, huh?","You guys are always hanging out in my apartment!
Come on, I'll only use my left hand, huh?",anger,0,4,neutral,False,0.0039345017,0.0014025172,0.0020858122,0.0036428813,0.98499596,0.0019208869,0.0020173492
147,6,Monica,"Come on, wussies!",anger,"Come on, I'll only use my left hand, huh?
Come on, wussies!","Come on, I'll only use my left hand, huh?
Come on, wussies!",anger,0,3,joy,False,0.32482368,0.123520136,0.017662132,0.40953332,0.06393278,0.032728236,0.027799677
147,7,Monica,"All right, ok, I gotta go.",neutral,"Come on, wussies!
All right, ok, I gotta go.","Come on, wussies!
All right, ok, I gotta go.",neutral,4,4,neutral,True,0.023611395,0.013351474,0.083111115,0.06891396,0.7709611,0.036820345,0.0032306467
147,8,Monica,"I'm going,  and I'm gone.",neutral,"All right, ok, I gotta go.
I'm going,  and I'm gone.","All right, ok, I gotta go.
I'm going,  and I'm gone.",neutral,4,4,neutral,True,0.091882296,0.024689227,0.09213491,0.08952163,0.50610644,0.19080745,0.004858063
147,9,Chandler,One more game?,neutral,"I'm going,  and I'm gone.
One more game?","I'm going,  and I'm gone.
One more game?",neutral,4,4,neutral,True,0.013141488,0.0009475004,0.004584842,0.015078683,0.9063904,0.0053186114,0.054538447
147,10,Joey,Oh yeah!,joy,"One more game?
Oh yeah!","One more game?
Oh yeah!",joy,3,3,joy,True,0.036473412,0.0043740333,0.005399325,0.76054806,0.061784137,0.007665873,0.12375516
149,1,Janice,"No, I-I-I gotta go.",sadness,"Ohhh. Don’t go.
No, I-I-I gotta go.","Ohhh. Don’t go.
No, I-I-I gotta go.",sadness,5,2,fear,False,0.050332505,0.015777986,0.42513916,0.09611618,0.27199012,0.12671965,0.013924394
149,2,Chandler,No. No! No! No!,sadness,"No, I-I-I gotta go.
No. No! No! No!","No, I-I-I gotta go.
No. No! No! No!",sadness,5,2,fear,False,0.22089459,0.053174894,0.26535678,0.15369344,0.086652026,0.116063505,0.10416479
150,1,Chandler,I don’t care!  I don’t care!!,anger,"Honey, honey, people are looking.
I don’t care!  I don’t care!!","Honey, honey, people are looking.
I don’t care!  I don’t care!!",anger,0,0,anger,True,0.7458513,0.025053106,0.118236564,0.035326913,0.019475916,0.038684577,0.017371653
150,2,Janice,"Yeah, um, I’m, I’m leaving now.",sadness,"I don’t care!  I don’t care!!
Yeah, um, I’m, I’m leaving now.","I don’t care!  I don’t care!!
Yeah, um, I’m, I’m leaving now.",sadness,5,4,neutral,False,0.020650607,0.0145980315,0.1501356,0.023456987,0.6609628,0.12491379,0.0052822535
150,3,Chandler,You can’t leave! I have your shoe!,sadness,"Yeah, um, I’m, I’m leaving now.
You can’t leave! I have your shoe!","Yeah, um, I’m, I’m leaving now.
You can’t leave! I have your shoe!",sadness,5,3,joy,False,0.14135936,0.0051773256,0.028107531,0.56855565,0.17643432,0.028651798,0.05171397
150,4,Janice,Good-bye Chandler Bing.,sadness,"You can’t leave! I have your shoe!
Good-bye Chandler Bing.","You can’t leave! I have your shoe!
Good-bye Chandler Bing.",sadness,5,4,neutral,False,0.0018287889,0.0006259541,0.00080510543,0.0076003587,0.9853175,0.002375838,0.0014463594
150,5,Gunther,Rachel has those in burgendy.,neutral,"Good-bye Chandler Bing.
Rachel has those in burgendy.","Good-bye Chandler Bing.
Rachel has those in burgendy.",neutral,4,4,neutral,True,0.0020118118,0.00068644795,0.00070511847,0.0014885762,0.98965144,0.0017326792,0.0037239522
151,1,Frank,What?,neutral,"Oh, ew!
What?","Oh, ew!
What?",neutral,4,6,surprise,False,0.0057552713,0.0028444913,0.007318203,0.0046136053,0.056287017,0.007224912,0.9159566
151,2,Phoebe,Yeah I know what I wanted to ask you.,neutral,"What?
Yeah I know what I wanted to ask you.","What?
Yeah I know what I wanted to ask you.",neutral,4,4,neutral,True,0.0040033506,0.0016976735,0.008026855,0.0077127684,0.9689094,0.0058963583,0.0037536619
151,3,Phoebe,"Um, can you roll your tongue?",neutral,"Yeah I know what I wanted to ask you.
Um, can you roll your tongue?","Yeah I know what I wanted to ask you.
Um, can you roll your tongue?",neutral,4,4,neutral,True,0.02742088,0.14444152,0.023788037,0.14629714,0.6059781,0.031322416,0.020751968
152,1,Frank,"What, wait, you mean like this?",neutral,"Because I can, and my Mom couldn’t, and I thought y'know, I figured that was something I got from our Dad.
What, wait, you mean like this?","Because I can, and my Mom couldn’t, and I thought y'know, I figured that was something I got from our Dad.
What, wait, you mean like this?",neutral,4,6,surprise,False,0.016414955,0.0045971596,0.02931231,0.014456529,0.043861073,0.028303802,0.8630541
152,2,Phoebe,"Yeah, yeah. You can do it to.",surprise,"What, wait, you mean like this?
Yeah, yeah. You can do it to.","What, wait, you mean like this?
Yeah, yeah. You can do it to.",surprise,6,4,neutral,False,0.005616389,0.0025816436,0.0025947997,0.07404,0.9100534,0.0038342474,0.0012796363
152,3,Frank,Your not doing it.,neutral,"Yeah, yeah. You can do it to.
Your not doing it.","Yeah, yeah. You can do it to.
Your not doing it.",neutral,4,0,anger,False,0.43982148,0.14828883,0.0822199,0.02927796,0.07611532,0.20732795,0.016948557
152,4,Phoebe,"Oh right, yeah okay, my Mom could, and I can’t. We don’t have that....",neutral,"Your not doing it.
Oh right, yeah okay, my Mom could, and I can’t. We don’t have that....","Your not doing it.
Oh right, yeah okay, my Mom could, and I can’t. We don’t have that....",neutral,4,5,sadness,False,0.13030642,0.018568533,0.19149432,0.06454449,0.07576389,0.51093155,0.008390779
153,1,Chandler,Do we have any... Do we have any thoughts here?,neutral,"Where there is no fear of commitment.
Do we have any... Do we have any thoughts here?","Where there is no fear of commitment.
Do we have any... Do we have any thoughts here?",neutral,4,0,anger,False,0.2844752,0.025950532,0.24889961,0.03596466,0.23434499,0.05855384,0.11181113
153,2,Joey,"Well, I've never been through the tunnel myself, 'cause as I understand it, you're not allowed to go through with more than one girl in the car, right.",neutral,"Do we have any... Do we have any thoughts here?
Well, I've never been through the tunnel myself, 'cause as I understand it, you're not allowed to go through with more than one girl in the car, right.","Do we have any... Do we have any thoughts here?
Well, I've never been through the tunnel myself, 'cause as I understand it, you're not allowed to go through with more than one girl in the car, right.",neutral,4,4,neutral,True,0.014515557,0.0033271674,0.0029061781,0.00488114,0.96904343,0.0043102084,0.0010162415
153,3,Joey,"But, it seems to me it's pretty much like anything else, you know, face your fear.",neutral,"Well, I've never been through the tunnel myself, 'cause as I understand it, you're not allowed to go through with more than one girl in the car, right.
But, it seems to me it's pretty much like anything else, you know, face your fear.","Well, I've never been through the tunnel myself, 'cause as I understand it, you're not allowed to go through with more than one girl in the car, right.
But, it seems to me it's pretty much like anything else, you know, face your fear.",neutral,4,4,neutral,True,0.05171385,0.0096660275,0.09436231,0.023449134,0.7619044,0.05452702,0.004377244
153,4,Joey,"It have a fear of heights, you go to the top of the building!",fear,"But, it seems to me it's pretty much like anything else, you know, face your fear.
It have a fear of heights, you go to the top of the building!","But, it seems to me it's pretty much like anything else, you know, face your fear.
It have a fear of heights, you go to the top of the building!",fear,2,0,anger,False,0.7136385,0.027578264,0.062038302,0.04381963,0.10340656,0.028810918,0.020707842
153,5,Joey,If you're afraid of bugs.....get a bug.,neutral,"It have a fear of heights, you go to the top of the building!
If you're afraid of bugs.....get a bug.","It have a fear of heights, you go to the top of the building!
If you're afraid of bugs.....get a bug.",neutral,4,4,neutral,True,0.019801525,0.011309979,0.00703457,0.0061730836,0.9470998,0.0059295804,0.002651541
153,6,Joey,Right.,neutral,"If you're afraid of bugs.....get a bug.
Right.","If you're afraid of bugs.....get a bug.
Right.",neutral,4,4,neutral,True,0.009637246,0.0034561662,0.0043425304,0.008241806,0.97077304,0.0027117103,0.0008375528
153,7,Joey,"In this case, you have a fear of commitment, so I say you go in there and be the most committed guy there ever was.",neutral,"Right.
In this case, you have a fear of commitment, so I say you go in there and be the most committed guy there ever was.","Right.
In this case, you have a fear of commitment, so I say you go in there and be the most committed guy there ever was.",neutral,4,4,neutral,True,0.039759193,0.009365229,0.005984502,0.03944985,0.894649,0.009561314,0.0012308776
153,8,Rachel,"Amazingly, that makes sense.",joy,"In this case, you have a fear of commitment, so I say you go in there and be the most committed guy there ever was.
Amazingly, that makes sense.","In this case, you have a fear of commitment, so I say you go in there and be the most committed guy there ever was.
Amazingly, that makes sense.",joy,3,3,joy,True,0.032749604,0.0038581933,0.0028870888,0.53601944,0.39423624,0.010743383,0.019506045
153,9,Chandler,You think?,neutral,"Amazingly, that makes sense.
You think?","Amazingly, that makes sense.
You think?",neutral,4,6,surprise,False,0.007542153,0.0012622244,0.0067673502,0.005714713,0.113969974,0.0058721034,0.85887146
153,10,Joey,"Oh, yeah. Go for it man, jump off the high dive, stare down the barrel of the gun, pee into the wind!",joy,"You think?
Oh, yeah. Go for it man, jump off the high dive, stare down the barrel of the gun, pee into the wind!","You think?
Oh, yeah. Go for it man, jump off the high dive, stare down the barrel of the gun, pee into the wind!",joy,3,0,anger,False,0.6980897,0.05703287,0.03986307,0.094400205,0.066729546,0.024460856,0.019423768
153,11,Chandler,"Yeah, Joe, I assure you if I'm staring down the barrel of a gun, I'm pretty much peeing every which way.",fear,"Oh, yeah. Go for it man, jump off the high dive, stare down the barrel of the gun, pee into the wind!
Yeah, Joe, I assure you if I'm staring down the barrel of a gun, I'm pretty much peeing every which way.","Oh, yeah. Go for it man, jump off the high dive, stare down the barrel of the gun, pee into the wind!
Yeah, Joe, I assure you if I'm staring down the barrel of a gun, I'm pretty much peeing every which way.",fear,2,4,neutral,False,0.06726233,0.10370137,0.030120421,0.027059926,0.7325576,0.036919925,0.0023783979
154,1,Ross,Hi!,joy,"Hey!  Hey!
Hi!","Hey!  Hey!
Hi!",joy,3,3,joy,True,0.011041795,0.001309925,0.0021292425,0.8229079,0.13814549,0.003505929,0.020959739
154,2,Mona,Hi! Look! I got our pictures developed from Rockefeller Center.,joy,"Hi!
Hi! Look! I got our pictures developed from Rockefeller Center.","Hi!
Hi! Look! I got our pictures developed from Rockefeller Center.",joy,3,4,neutral,False,0.006783736,0.0012984973,0.001352428,0.07421702,0.9097194,0.0028522175,0.0037767964
154,3,Ross,"Oh great! Hey-hey Joey, do you want to check out pictures of me and Mona ice skating?",joy,"Hi! Look! I got our pictures developed from Rockefeller Center.
Oh great! Hey-hey Joey, do you want to check out pictures of me and Mona ice skating?","Hi! Look! I got our pictures developed from Rockefeller Center.
Oh great! Hey-hey Joey, do you want to check out pictures of me and Mona ice skating?",joy,3,3,joy,True,0.016234891,0.0025429602,0.0044896253,0.758518,0.19000433,0.0059515866,0.022258613
154,4,Joey,"Oh uh, ordinarily I would love too, but I am just swamped right now.",neutral,"Oh great! Hey-hey Joey, do you want to check out pictures of me and Mona ice skating?
Oh uh, ordinarily I would love too, but I am just swamped right now.","Oh great! Hey-hey Joey, do you want to check out pictures of me and Mona ice skating?
Oh uh, ordinarily I would love too, but I am just swamped right now.",neutral,4,3,joy,False,0.018560326,0.0044850167,0.008334008,0.554106,0.3905702,0.018692898,0.0052516162
154,5,Ross,Hey where-where are the pictures that creepy pretzel vendor took of us together?,neutral,"Oh uh, ordinarily I would love too, but I am just swamped right now.
Hey where-where are the pictures that creepy pretzel vendor took of us together?","Oh uh, ordinarily I would love too, but I am just swamped right now.
Hey where-where are the pictures that creepy pretzel vendor took of us together?",neutral,4,4,neutral,True,0.004322839,0.0015792989,0.0010597827,0.0051904893,0.97645265,0.0025113097,0.008883702
154,6,Mona,"Oh yeah, probably at the end.  Oh my God! He only took pictures of my breasts!",surprise,"Hey where-where are the pictures that creepy pretzel vendor took of us together?
Oh yeah, probably at the end.  Oh my God! He only took pictures of my breasts!","Hey where-where are the pictures that creepy pretzel vendor took of us together?
Oh yeah, probably at the end.  Oh my God! He only took pictures of my breasts!",surprise,6,6,surprise,True,0.029625945,0.035729285,0.015372541,0.01785027,0.02061875,0.039358664,0.84144455
154,7,Joey,I’m missin’ picture time?!,joy,"Oh yeah, probably at the end.  Oh my God! He only took pictures of my breasts!
I’m missin’ picture time?!","Oh yeah, probably at the end.  Oh my God! He only took pictures of my breasts!
I’m missin’ picture time?!",joy,3,6,surprise,False,0.104213014,0.012988929,0.030270249,0.016196556,0.015870204,0.057093598,0.7633676
154,8,Phoebe,Y’know she has a face Ross!,anger,"I’m missin’ picture time?!
Y’know she has a face Ross!","I’m missin’ picture time?!
Y’know she has a face Ross!",anger,0,4,neutral,False,0.029678294,0.0028707837,0.00837311,0.0075988076,0.84504664,0.019867424,0.086565055
154,9,Mona,"Okay. Okay, here’s a good one of us.",joy,"Y’know she has a face Ross!
Okay. Okay, here’s a good one of us.","Y’know she has a face Ross!
Okay. Okay, here’s a good one of us.",joy,3,4,neutral,False,0.002074727,0.0010780842,0.0010440372,0.0036264032,0.9903352,0.0011124666,0.0007290083
154,10,Ross,Wow!,joy,"Okay. Okay, here’s a good one of us.
Wow!","Okay. Okay, here’s a good one of us.
Wow!",joy,3,6,surprise,False,0.0040335045,0.0019899963,0.002424907,0.006686781,0.0038238398,0.0031685254,0.97787243
154,11,Ross,That is a good one!,joy,"Wow!
That is a good one!","Wow!
That is a good one!",joy,3,6,surprise,False,0.0043331524,0.0019281077,0.0023656846,0.0064314343,0.0059592556,0.0033398664,0.97564256
154,12,Ross,"Wow, it looks like a, like a holiday card y’know, with the tree in the middle and the skaters and the snow.",joy,"That is a good one!
Wow, it looks like a, like a holiday card y’know, with the tree in the middle and the skaters and the snow.","That is a good one!
Wow, it looks like a, like a holiday card y’know, with the tree in the middle and the skaters and the snow.",joy,3,6,surprise,False,0.010350208,0.004688714,0.0052543595,0.052684404,0.06010189,0.011929377,0.8549911
154,13,Mona,"Y’know, every year I say I’m gonna send out holiday cards and I never do it.",neutral,"Wow, it looks like a, like a holiday card y’know, with the tree in the middle and the skaters and the snow.
Y’know, every year I say I’m gonna send out holiday cards and I never do it.","Wow, it looks like a, like a holiday card y’know, with the tree in the middle and the skaters and the snow.
Y’know, every year I say I’m gonna send out holiday cards and I never do it.",neutral,4,5,sadness,False,0.05514624,0.029432092,0.06384743,0.057023738,0.041090902,0.74845695,0.0050025964
154,14,Mona,"Do you wanna, do you wanna send this one out together?",neutral,"Y’know, every year I say I’m gonna send out holiday cards and I never do it.
Do you wanna, do you wanna send this one out together?","Y’know, every year I say I’m gonna send out holiday cards and I never do it.
Do you wanna, do you wanna send this one out together?",neutral,4,4,neutral,True,0.0074194507,0.0016689954,0.008156304,0.014121513,0.96045566,0.0053354264,0.0028426994
154,15,Ross,Together? Like-like to people?,surprise,"Do you wanna, do you wanna send this one out together?
Together? Like-like to people?","Do you wanna, do you wanna send this one out together?
Together? Like-like to people?",surprise,6,4,neutral,False,0.023146816,0.0094045205,0.01682457,0.018419439,0.9204222,0.008669144,0.0031134195
154,16,Mona,"Yeah, y’know. Happy holidays from Mona and Ross. It’ll be cute, okay?",joy,"Together? Like-like to people?
Yeah, y’know. Happy holidays from Mona and Ross. It’ll be cute, okay?","Together? Like-like to people?
Yeah, y’know. Happy holidays from Mona and Ross. It’ll be cute, okay?",joy,3,4,neutral,False,0.03752578,0.0078872545,0.016557071,0.34087113,0.55952483,0.02795901,0.009674952
154,17,Ross,Okay.,joy,"Yeah, y’know. Happy holidays from Mona and Ross. It’ll be cute, okay?
Okay.","Yeah, y’know. Happy holidays from Mona and Ross. It’ll be cute, okay?
Okay.",joy,3,4,neutral,False,0.010563447,0.0018396854,0.010363761,0.029660176,0.93514824,0.0075153518,0.004909319
154,18,Mona,"Oh, I gotta get to work. So call me later?",neutral,"Okay.
Oh, I gotta get to work. So call me later?","Okay.
Oh, I gotta get to work. So call me later?",neutral,4,4,neutral,True,0.002334945,0.00073096924,0.0026839103,0.008966195,0.98083055,0.0026312042,0.0018221952
154,19,Ross,"Uh sure, sure.",neutral,"Oh, I gotta get to work. So call me later?
Uh sure, sure.","Oh, I gotta get to work. So call me later?
Uh sure, sure.",neutral,4,4,neutral,True,0.0016191968,0.0013164309,0.0055258726,0.011235167,0.9765272,0.0025565424,0.0012195401
154,20,Mona,Bye guys.,neutral,"Uh sure, sure.
Bye guys.","Uh sure, sure.
Bye guys.",neutral,4,4,neutral,True,0.0016543609,0.0010945325,0.0017933093,0.0104741575,0.9814238,0.0027907786,0.0007691556
155,1,Rachel,You want me to just quit my job so that you can feel like you’ve got a girlfriend?,anger,"I mean, I don’t feel like I even have a girlfriend anymore.
You want me to just quit my job so that you can feel like you’ve got a girlfriend?","I mean, I don’t feel like I even have a girlfriend anymore.
You want me to just quit my job so that you can feel like you’ve got a girlfriend?",anger,0,0,anger,True,0.8496185,0.01156534,0.055866357,0.011535157,0.029275052,0.033114914,0.009024682
155,2,Ross,Is this about Mark?,neutral,"You want me to just quit my job so that you can feel like you’ve got a girlfriend?
Is this about Mark?","You want me to just quit my job so that you can feel like you’ve got a girlfriend?
Is this about Mark?",neutral,4,4,neutral,True,0.028184684,0.0018903451,0.005248243,0.0033085025,0.91289294,0.0077666114,0.040708665
155,3,Rachel,Oh my God.,surprise,"Is this about Mark?
Oh my God.","Is this about Mark?
Oh my God.",surprise,6,6,surprise,True,0.0074926284,0.007211943,0.013291387,0.009638589,0.0071700863,0.017954562,0.93724084
155,4,Ross,"Okay, it’s not, it’s not.",neutral,"Oh my God.
Okay, it’s not, it’s not.","Oh my God.
Okay, it’s not, it’s not.",neutral,4,4,neutral,True,0.012608913,0.00630547,0.059687264,0.07130319,0.7119276,0.0686188,0.06954873
155,5,Rachel,"Oh my God. I cannot keep having this same fight with you Ross! Look, urrgh, maybe we should take a break.",sadness,"Okay, it’s not, it’s not.
Oh my God. I cannot keep having this same fight with you Ross! Look, urrgh, maybe we should take a break.","Okay, it’s not, it’s not.
Oh my God. I cannot keep having this same fight with you Ross! Look, urrgh, maybe we should take a break.",sadness,5,4,neutral,False,0.03804652,0.013076146,0.08212613,0.03215847,0.74643725,0.082953885,0.0052016173
155,6,Ross,"Fine, you’re right.",neutral,"Oh my God. I cannot keep having this same fight with you Ross! Look, urrgh, maybe we should take a break.
Fine, you’re right.","Oh my God. I cannot keep having this same fight with you Ross! Look, urrgh, maybe we should take a break.
Fine, you’re right.",neutral,4,4,neutral,True,0.030494094,0.007902188,0.020438777,0.039506637,0.8751423,0.024713524,0.0018024702
155,7,Ross,"Let’s ah, let’s take a break,  let’s cool off, okay, let’s get some frozen yoghurt, or something..",neutral,"Fine, you’re right.
Let’s ah, let’s take a break,  let’s cool off, okay, let’s get some frozen yoghurt, or something..","Fine, you’re right.
Let’s ah, let’s take a break,  let’s cool off, okay, let’s get some frozen yoghurt, or something..",neutral,4,4,neutral,True,0.011668044,0.030028526,0.010052432,0.025776029,0.9011101,0.019752907,0.0016119892
155,8,Rachel,No. A break from us.,sadness,"Let’s ah, let’s take a break,  let’s cool off, okay, let’s get some frozen yoghurt, or something..
No. A break from us.","Let’s ah, let’s take a break,  let’s cool off, okay, let’s get some frozen yoghurt, or something..
No. A break from us.",sadness,5,4,neutral,False,0.028744636,0.01222327,0.011434415,0.047228932,0.8694009,0.029623069,0.0013447982
156,1,Chandler,"Oh uh, as it turns out, we can’t do it. Monica has to work.",joy,"Bing! We’re all set for tonight, 8 o’clock.
Oh uh, as it turns out, we can’t do it. Monica has to work.","Bing! We’re all set for tonight, 8 o’clock.
Oh uh, as it turns out, we can’t do it. Monica has to work.",joy,3,5,sadness,False,0.037050366,0.00931293,0.21321218,0.06096101,0.20924172,0.45233437,0.017887458
156,2,Doug,"Oh, my ex-wife didn’t work, unless you call turning into her mother work. Fine. Tomorrow night then.",neutral,"Oh uh, as it turns out, we can’t do it. Monica has to work.
Oh, my ex-wife didn’t work, unless you call turning into her mother work. Fine. Tomorrow night then.","Oh uh, as it turns out, we can’t do it. Monica has to work.
Oh, my ex-wife didn’t work, unless you call turning into her mother work. Fine. Tomorrow night then.",neutral,4,4,neutral,True,0.014070285,0.0032113607,0.005340381,0.036725223,0.93060124,0.008843113,0.0012084272
156,3,Chandler,Oh uh well tomorrow’s no good for her either.,neutral,"Oh, my ex-wife didn’t work, unless you call turning into her mother work. Fine. Tomorrow night then.
Oh uh well tomorrow’s no good for her either.","Oh, my ex-wife didn’t work, unless you call turning into her mother work. Fine. Tomorrow night then.
Oh uh well tomorrow’s no good for her either.",neutral,4,4,neutral,True,0.061209336,0.027819837,0.036876205,0.057862088,0.6747379,0.1380038,0.0034907993
156,4,Doug,Oh? Why not?,neutral,"Oh uh well tomorrow’s no good for her either.
Oh? Why not?","Oh uh well tomorrow’s no good for her either.
Oh? Why not?",neutral,4,4,neutral,True,0.007370112,0.0016104643,0.009879578,0.008341624,0.7805472,0.0070860907,0.18516496
156,5,Chandler,It’s the semi-finals…of her…botchy ball tournament.,neutral,"Oh? Why not?
It’s the semi-finals…of her…botchy ball tournament.","Oh? Why not?
It’s the semi-finals…of her…botchy ball tournament.",neutral,4,4,neutral,True,0.0091710845,0.0018826075,0.0018422389,0.08163599,0.8939486,0.0056909947,0.0058285818
156,6,Doug,"What’s going on Bing? Does uh, your wife have a problem with me or something?",anger,"It’s the semi-finals…of her…botchy ball tournament.
What’s going on Bing? Does uh, your wife have a problem with me or something?","It’s the semi-finals…of her…botchy ball tournament.
What’s going on Bing? Does uh, your wife have a problem with me or something?",anger,0,4,neutral,False,0.026273437,0.006168577,0.20906283,0.02041562,0.50758827,0.09988976,0.13060147
156,7,Chandler,Well now-now you’re just talking crazy.,joy,"What’s going on Bing? Does uh, your wife have a problem with me or something?
Well now-now you’re just talking crazy.","What’s going on Bing? Does uh, your wife have a problem with me or something?
Well now-now you’re just talking crazy.",joy,3,4,neutral,False,0.08961669,0.05159814,0.15860136,0.020330882,0.54606134,0.12432472,0.009466887
156,8,Doug,So why can’t the three of us go out together?,neutral,"Well now-now you’re just talking crazy.
So why can’t the three of us go out together?","Well now-now you’re just talking crazy.
So why can’t the three of us go out together?",neutral,4,4,neutral,True,0.022856385,0.0014326518,0.0066674612,0.020212673,0.9233498,0.01260599,0.012875067
156,9,Chandler,Because uh…we-we…we split up. Monica and I split up. Hold me.,sadness,"So why can’t the three of us go out together?
Because uh…we-we…we split up. Monica and I split up. Hold me.","So why can’t the three of us go out together?
Because uh…we-we…we split up. Monica and I split up. Hold me.",sadness,5,4,neutral,False,0.08981666,0.006419999,0.07943889,0.22348565,0.5218021,0.06922508,0.00981156
156,10,Doug,"Good God Bing I…well I can’t say I’m altogether surprised, I saw the way she looked at you, and there was no love there.",sadness,"Because uh…we-we…we split up. Monica and I split up. Hold me.
Good God Bing I…well I can’t say I’m altogether surprised, I saw the way she looked at you, and there was no love there.","Because uh…we-we…we split up. Monica and I split up. Hold me.
Good God Bing I…well I can’t say I’m altogether surprised, I saw the way she looked at you, and there was no love there.",sadness,5,3,joy,False,0.04957329,0.007767929,0.022594184,0.6613286,0.08981142,0.14609018,0.02283436
156,11,Doug,"And the way she looked at me, pure lust.",joy,"Good God Bing I…well I can’t say I’m altogether surprised, I saw the way she looked at you, and there was no love there.
And the way she looked at me, pure lust.","Good God Bing I…well I can’t say I’m altogether surprised, I saw the way she looked at you, and there was no love there.
And the way she looked at me, pure lust.",joy,3,0,anger,False,0.4842209,0.12249439,0.05421415,0.117146686,0.08934263,0.12031865,0.012262639
156,12,Chandler,Y’know what would really help me through this tough time is choking something. Can I choke ya?,anger,"And the way she looked at me, pure lust.
Y’know what would really help me through this tough time is choking something. Can I choke ya?","And the way she looked at me, pure lust.
Y’know what would really help me through this tough time is choking something. Can I choke ya?",anger,0,4,neutral,False,0.02764366,0.013760425,0.042879183,0.040630408,0.81323403,0.05150662,0.0103457235
156,13,Doug,"Bing my boy, we’re gonna get you over this.",neutral,"Y’know what would really help me through this tough time is choking something. Can I choke ya?
Bing my boy, we’re gonna get you over this.","Y’know what would really help me through this tough time is choking something. Can I choke ya?
Bing my boy, we’re gonna get you over this.",neutral,4,3,joy,False,0.092162184,0.026526444,0.06652732,0.52248466,0.18262516,0.10261004,0.0070642363
156,14,Doug,"Now here’s the plan, grab your coat, we’re going to a strip club.",joy,"Bing my boy, we’re gonna get you over this.
Now here’s the plan, grab your coat, we’re going to a strip club.","Bing my boy, we’re gonna get you over this.
Now here’s the plan, grab your coat, we’re going to a strip club.",joy,3,4,neutral,False,0.018969234,0.06650898,0.008511627,0.027911315,0.8567106,0.016925152,0.004463092
156,15,Chandler,"Oh no-no-no, Monica would freak.  But to hell with that bitch.",anger,"Now here’s the plan, grab your coat, we’re going to a strip club.
Oh no-no-no, Monica would freak.  But to hell with that bitch.","Now here’s the plan, grab your coat, we’re going to a strip club.
Oh no-no-no, Monica would freak.  But to hell with that bitch.",anger,0,1,disgust,False,0.14247793,0.4789608,0.016210118,0.07463717,0.20864946,0.033444777,0.045619763
157,1,Joey,"It's    okay, Emma, you stay asleep.",neutral,"Look at you, all sweet and innocent, sleeping like an angel...    with Emma's chubby little hands wrapped around ya.
It's    okay, Emma, you stay asleep.","Look at you, all sweet and innocent, sleeping like an angel...    with Emma's chubby little hands wrapped around ya.
It's    okay, Emma, you stay asleep.",neutral,4,4,neutral,True,0.0066427737,0.0061986498,0.004508356,0.016938629,0.95872664,0.006078444,0.0009063962
157,2,Rachel,": Step away from the crib,    I have a weapon!",anger,"It's    okay, Emma, you stay asleep.
: Step away from the crib,    I have a weapon!","It's    okay, Emma, you stay asleep.
: Step away from the crib,    I have a weapon!",anger,0,0,anger,True,0.8119382,0.01762136,0.021328352,0.033676296,0.035412293,0.015198542,0.064824946
157,3,Joey,"It's okay, it's okay Rach, it's me. Put down the scrunchy.",neutral,": Step away from the crib,    I have a weapon!
It's okay, it's okay Rach, it's me. Put down the scrunchy.",": Step away from the crib,    I have a weapon!
It's okay, it's okay Rach, it's me. Put down the scrunchy.",neutral,4,4,neutral,True,0.0075174365,0.004781382,0.0042733345,0.0072274595,0.9690387,0.0062322957,0.00092926447
157,4,Rachel,What are you doing?,neutral,"It's okay, it's okay Rach, it's me. Put down the scrunchy.
What are you doing?","It's okay, it's okay Rach, it's me. Put down the scrunchy.
What are you doing?",neutral,4,6,surprise,False,0.011532573,0.0017944872,0.012710376,0.0072951093,0.47238964,0.008336868,0.485941
157,5,Joey,"Well, I heard Emma stirring, so I came to make sure she could    reach Hugsy.",neutral,"What are you doing?
Well, I heard Emma stirring, so I came to make sure she could    reach Hugsy.","What are you doing?
Well, I heard Emma stirring, so I came to make sure she could    reach Hugsy.",neutral,4,4,neutral,True,0.005750336,0.0029634484,0.0059651537,0.016327953,0.9601798,0.006269069,0.0025442012
157,6,Rachel,"Oh, oh thanks. Alright well, now that I'm up I'm going to go    to the bathroom.",neutral,"Well, I heard Emma stirring, so I came to make sure she could    reach Hugsy.
Oh, oh thanks. Alright well, now that I'm up I'm going to go    to the bathroom.","Well, I heard Emma stirring, so I came to make sure she could    reach Hugsy.
Oh, oh thanks. Alright well, now that I'm up I'm going to go    to the bathroom.",neutral,4,4,neutral,True,0.0032891983,0.0042307796,0.008340117,0.020310868,0.9510861,0.011549482,0.0011934288
157,7,Joey,There you go sweetie...     This isn't over.,neutral,"Oh, oh thanks. Alright well, now that I'm up I'm going to go    to the bathroom.
There you go sweetie...     This isn't over.","Oh, oh thanks. Alright well, now that I'm up I'm going to go    to the bathroom.
There you go sweetie...     This isn't over.",neutral,4,5,sadness,False,0.119491,0.02316351,0.14190109,0.064728566,0.24562834,0.39757746,0.007509975
158,1,Rachel,No. Sorry.,sadness,"Did he call?
No. Sorry.","Did he call?
No. Sorry.",sadness,5,5,sadness,True,0.012173831,0.0074014226,0.030453753,0.02450113,0.28818902,0.6261255,0.011155311
158,2,Joanna,Why?! Why?! He said he’d call. Why hasn’t he called?,sadness,"No. Sorry.
Why?! Why?! He said he’d call. Why hasn’t he called?","No. Sorry.
Why?! Why?! He said he’d call. Why hasn’t he called?",sadness,5,6,surprise,False,0.09553828,0.0059215077,0.052068435,0.061741248,0.28840536,0.051423367,0.4449018
158,3,Sophie,"Maybe he’s intimated by really smart, strong, successful women.",neutral,"Why?! Why?! He said he’d call. Why hasn’t he called?
Maybe he’s intimated by really smart, strong, successful women.","Why?! Why?! He said he’d call. Why hasn’t he called?
Maybe he’s intimated by really smart, strong, successful women.",neutral,4,4,neutral,True,0.07919015,0.006088139,0.0319863,0.0312391,0.50286293,0.047650203,0.30098313
158,4,Joanna,"Sophie, would you please climb out of my butt. Why hasn’t he called, Rachel? Why?",anger,"Maybe he’s intimated by really smart, strong, successful women.
Sophie, would you please climb out of my butt. Why hasn’t he called, Rachel? Why?","Maybe he’s intimated by really smart, strong, successful women.
Sophie, would you please climb out of my butt. Why hasn’t he called, Rachel? Why?",anger,0,4,neutral,False,0.1208238,0.0050616325,0.043490577,0.012926602,0.42757982,0.033239342,0.35687822
158,5,Rachel,"Okay, okay. Umm, well ah, maybe he, maybe he feels awkward because you are my boss.",neutral,"Sophie, would you please climb out of my butt. Why hasn’t he called, Rachel? Why?
Okay, okay. Umm, well ah, maybe he, maybe he feels awkward because you are my boss.","Sophie, would you please climb out of my butt. Why hasn’t he called, Rachel? Why?
Okay, okay. Umm, well ah, maybe he, maybe he feels awkward because you are my boss.",neutral,4,4,neutral,True,0.004716358,0.0012378964,0.0039421837,0.0056255083,0.978864,0.0042596925,0.0013543427
158,6,Joanna,Awkward? Why should he feel awkward?,surprise,"Okay, okay. Umm, well ah, maybe he, maybe he feels awkward because you are my boss.
Awkward? Why should he feel awkward?","Okay, okay. Umm, well ah, maybe he, maybe he feels awkward because you are my boss.
Awkward? Why should he feel awkward?",surprise,6,6,surprise,True,0.030666826,0.0035545435,0.017011818,0.011682873,0.11675179,0.015421518,0.80491054
159,1,Joanna,"Because if you feel uncomfortable with your friend dating someone you work for, there are always ways to fix...that.",anger,"The only person that should feel awkward is you, and you didn’t tell him not to call me, did you?
Because if you feel uncomfortable with your friend dating someone you work for, there are always ways to fix...that.","The only person that should feel awkward is you, and you didn’t tell him not to call me, did you?
Because if you feel uncomfortable with your friend dating someone you work for, there are always ways to fix...that.",anger,0,4,neutral,False,0.011942778,0.0024158214,0.0045692716,0.004674215,0.97009224,0.0051748957,0.0011307237
160,1,Monica,"I mean, all I’m asking for is just a little emotion!",anger,"And you’re upset because you didn’t make your best friend cry?
I mean, all I’m asking for is just a little emotion!","And you’re upset because you didn’t make your best friend cry?
I mean, all I’m asking for is just a little emotion!",anger,0,0,anger,True,0.31159675,0.027926719,0.21222138,0.12038254,0.08724909,0.21918434,0.021439195
160,2,Monica,Is that too much to ask after six years?!,anger,"I mean, all I’m asking for is just a little emotion!
Is that too much to ask after six years?!","I mean, all I’m asking for is just a little emotion!
Is that too much to ask after six years?!",anger,0,0,anger,True,0.6487422,0.031429477,0.06946296,0.036420565,0.039836705,0.12773606,0.046372082
160,3,Monica,I mean what?,anger,"Is that too much to ask after six years?!
I mean what?","Is that too much to ask after six years?!
I mean what?",anger,0,4,neutral,False,0.014120412,0.0017711029,0.015836222,0.007908472,0.6151968,0.011575563,0.33359137
160,4,Monica,Are-are-are Rachel and I not as close as you guys?!,anger,"I mean what?
Are-are-are Rachel and I not as close as you guys?!","I mean what?
Are-are-are Rachel and I not as close as you guys?!",anger,0,0,anger,True,0.8152506,0.020907301,0.055887606,0.008460582,0.014343902,0.042878907,0.042271197
160,5,Monica,I mean do we not have as much fun?!,anger,"Are-are-are Rachel and I not as close as you guys?!
I mean do we not have as much fun?!","Are-are-are Rachel and I not as close as you guys?!
I mean do we not have as much fun?!",anger,0,0,anger,True,0.5475081,0.05558687,0.139066,0.017926868,0.022079144,0.2083936,0.009439381
160,6,Monica,Don’t I deserve a few tears?!!,sadness,"I mean do we not have as much fun?!
Don’t I deserve a few tears?!!","I mean do we not have as much fun?!
Don’t I deserve a few tears?!!",sadness,5,5,sadness,True,0.22373332,0.034596574,0.21097569,0.05889115,0.019107345,0.43928438,0.013411524
160,7,Monica,"I mean we-we told Joey, he cried his eyes out!",sadness,"Don’t I deserve a few tears?!!
I mean we-we told Joey, he cried his eyes out!","Don’t I deserve a few tears?!!
I mean we-we told Joey, he cried his eyes out!",sadness,5,5,sadness,True,0.08102585,0.0157876,0.3438256,0.0654555,0.04398226,0.43389374,0.016029514
160,8,Joey,Hey!,anger,"I mean we-we told Joey, he cried his eyes out!
Hey!","I mean we-we told Joey, he cried his eyes out!
Hey!",anger,0,6,surprise,False,0.081998214,0.0062414347,0.0109120365,0.20042682,0.08282176,0.015203145,0.6023966
160,9,Joey,I did not cry my eyes out!!,anger,"Hey!
I did not cry my eyes out!!","Hey!
I did not cry my eyes out!!",anger,0,3,joy,False,0.10136193,0.0048134252,0.011766952,0.77881473,0.072824344,0.008963372,0.02145526
160,10,Joey,Come on!,sadness,"I did not cry my eyes out!!
Come on!","I did not cry my eyes out!!
Come on!",sadness,5,3,joy,False,0.24999098,0.006688047,0.019461485,0.6012166,0.09894464,0.009813595,0.013884631
160,11,Joey,It’s like the end of an era!,sadness,"Come on!
It’s like the end of an era!","Come on!
It’s like the end of an era!",sadness,5,3,joy,False,0.083134696,0.0024334346,0.0054497384,0.82774305,0.049344774,0.012193699,0.01970058
160,12,Joey,No more J-man and Channie’s!,sadness,"It’s like the end of an era!
No more J-man and Channie’s!","It’s like the end of an era!
No more J-man and Channie’s!",sadness,5,3,joy,False,0.34461236,0.015064221,0.019109871,0.40469992,0.12293819,0.08017609,0.013399335
160,13,Chandler,"Okay, I gotta ask, who calls us that?!",anger,"No more J-man and Channie’s!
Okay, I gotta ask, who calls us that?!","No more J-man and Channie’s!
Okay, I gotta ask, who calls us that?!",anger,0,4,neutral,False,0.046706073,0.0036508648,0.024593065,0.018783294,0.7230419,0.021416252,0.16180849
161,1,Ross,"Yeah, y'know the ah, the girlfriend I told you about last night?",neutral,"Do I know why we’re rushing?
Yeah, y'know the ah, the girlfriend I told you about last night?","Do I know why we’re rushing?
Yeah, y'know the ah, the girlfriend I told you about last night?",neutral,4,4,neutral,True,0.0047209654,0.0007797532,0.0027787685,0.0021314684,0.9724363,0.0035370742,0.01361567
161,2,Ross,"Well it turns out she ah, she wants to get back together with me.",neutral,"Yeah, y'know the ah, the girlfriend I told you about last night?
Well it turns out she ah, she wants to get back together with me.","Yeah, y'know the ah, the girlfriend I told you about last night?
Well it turns out she ah, she wants to get back together with me.",neutral,4,4,neutral,True,0.031359445,0.0045452015,0.029043289,0.18187435,0.71288383,0.036270104,0.0040237657
161,3,Ross,"Oh, I found it!",joy,"Well it turns out she ah, she wants to get back together with me.
Oh, I found it!","Well it turns out she ah, she wants to get back together with me.
Oh, I found it!",joy,3,3,joy,True,0.012186275,0.0013405535,0.0023184987,0.8803147,0.037801668,0.0049255975,0.061112657
161,4,Chloe,That’s so great for you guys!,joy,"Oh, I found it!
That’s so great for you guys!","Oh, I found it!
That’s so great for you guys!",joy,3,3,joy,True,0.006071664,0.0014933522,0.0011802127,0.96175575,0.014362736,0.002973713,0.012162533
161,5,Chloe,"Good luck, with your girlfriend.",neutral,"That’s so great for you guys!
Good luck, with your girlfriend.","That’s so great for you guys!
Good luck, with your girlfriend.",neutral,4,3,joy,False,0.026770145,0.006916082,0.0055328677,0.65633667,0.23216645,0.06912288,0.003154936
161,6,Ross,"Oh, thank you.  Hey, hey.  Rachel!!!!",joy,"Good luck, with your girlfriend.
Oh, thank you.  Hey, hey.  Rachel!!!!","Good luck, with your girlfriend.
Oh, thank you.  Hey, hey.  Rachel!!!!",joy,3,6,surprise,False,0.043640967,0.0046102325,0.0071271206,0.22316012,0.044552375,0.008335925,0.6685733
161,7,Rachel,"Hi. Ohhh, you got my message.",neutral,"Oh, thank you.  Hey, hey.  Rachel!!!!
Hi. Ohhh, you got my message.","Oh, thank you.  Hey, hey.  Rachel!!!!
Hi. Ohhh, you got my message.",neutral,4,3,joy,False,0.15429603,0.004090743,0.012128748,0.59543556,0.15117602,0.012422627,0.070450306
161,8,Ross,"Yeah, oh hey, you are right on time.",neutral,"Hi. Ohhh, you got my message.
Yeah, oh hey, you are right on time.","Hi. Ohhh, you got my message.
Yeah, oh hey, you are right on time.",neutral,4,4,neutral,True,0.008558226,0.0010443548,0.0025942724,0.030011393,0.9506579,0.0038869393,0.0032469113
161,9,Rachel,So what do you say? Can I be your girlfriend again?,neutral,"Yeah, oh hey, you are right on time.
So what do you say? Can I be your girlfriend again?","Yeah, oh hey, you are right on time.
So what do you say? Can I be your girlfriend again?",neutral,4,3,joy,False,0.08912739,0.005328954,0.038043667,0.5164276,0.29236054,0.048458774,0.010253101
161,10,Ross,"Yes, you can, very much.",joy,"So what do you say? Can I be your girlfriend again?
Yes, you can, very much.","So what do you say? Can I be your girlfriend again?
Yes, you can, very much.",joy,3,3,joy,True,0.024004513,0.0071723317,0.013460446,0.5227261,0.4088398,0.022323966,0.0014728153
161,11,Ross,Ahhhh!!,surprise,"Yes, you can, very much.
Ahhhh!!","Yes, you can, very much.
Ahhhh!!",surprise,6,6,surprise,True,0.044177968,0.010954929,0.020564856,0.17691292,0.04118914,0.016582903,0.6896173
162,1,Mike,Do,neutral,"Ooh! I'm sorry! I think, I THINK, that may have missed the table!
Do","Ooh! I'm sorry! I think, I THINK, that may have missed the table!
Do",neutral,4,4,neutral,True,0.031209199,0.0029820066,0.01138017,0.015968075,0.5714813,0.016544817,0.35043448
162,2,Monica,"Ah,",neutral,"Do
Ah,","Do
Ah,",neutral,4,4,neutral,True,0.0058005466,0.0013100362,0.0052836942,0.0073105795,0.9758178,0.0030560598,0.001421315
162,3,Mike,Do,neutral,"Ah,
Do","Ah,
Do",neutral,4,4,neutral,True,0.026946045,0.0027179022,0.008634684,0.025292922,0.92418367,0.007760694,0.004464174
162,4,Monica,"Ah,",neutral,"Do
Ah,","Do
Ah,",neutral,4,4,neutral,True,0.0058005434,0.0013100362,0.0052836896,0.0073105795,0.9758178,0.0030560582,0.001421315
162,5,Mike,DO YOU?,anger,"Ah,
DO YOU?","Ah,
DO YOU?",anger,0,4,neutral,False,0.017396336,0.0019550927,0.02950079,0.010959747,0.81397396,0.017401464,0.10881262
163,1,Monica,"Oh, come on.",disgust,"Y’know I don’t understand why they didn’t cry. It was a beautiful speech.
Oh, come on.","Y’know I don’t understand why they didn’t cry. It was a beautiful speech.
Oh, come on.",disgust,1,4,neutral,False,0.007138147,0.0023188586,0.004216462,0.059523467,0.9189843,0.0068752016,0.0009435488
163,2,Ross,Hey!,sadness,"Oh, come on.
Hey!","Oh, come on.
Hey!",sadness,5,3,joy,False,0.01774009,0.0027848897,0.005109945,0.5477807,0.17490475,0.007199844,0.24447982
163,3,Ross,"All that stuff you said about true love, you were right, I mean, we did learn a lot from Mom and Dad!",joy,"Hey!
All that stuff you said about true love, you were right, I mean, we did learn a lot from Mom and Dad!","Hey!
All that stuff you said about true love, you were right, I mean, we did learn a lot from Mom and Dad!",joy,3,3,joy,True,0.027335286,0.0018922945,0.0035843374,0.8761605,0.0576206,0.0080697285,0.02533722
163,4,Ross,And that picture of Chi-Chi with her mischievous grin.,neutral,"All that stuff you said about true love, you were right, I mean, we did learn a lot from Mom and Dad!
And that picture of Chi-Chi with her mischievous grin.","All that stuff you said about true love, you were right, I mean, we did learn a lot from Mom and Dad!
And that picture of Chi-Chi with her mischievous grin.",neutral,4,3,joy,False,0.013345969,0.0024749702,0.0016505411,0.9278404,0.037977926,0.0032987753,0.013411409
163,5,Ross,And what you said about Nana.,neutral,"And that picture of Chi-Chi with her mischievous grin.
And what you said about Nana.","And that picture of Chi-Chi with her mischievous grin.
And what you said about Nana.",neutral,4,4,neutral,True,0.020378578,0.0041861264,0.0050331512,0.01881223,0.8430321,0.009003639,0.099554144
163,6,Ross,"Ohh, yeah she really would’ve wanted to be there.",sadness,"And what you said about Nana.
Ohh, yeah she really would’ve wanted to be there.","And what you said about Nana.
Ohh, yeah she really would’ve wanted to be there.",sadness,5,4,neutral,False,0.054051142,0.032172844,0.13337846,0.13772969,0.23094068,0.21686655,0.19486064
163,7,Ross,And you know what?,neutral,"Ohh, yeah she really would’ve wanted to be there.
And you know what?","Ohh, yeah she really would’ve wanted to be there.
And you know what?",neutral,4,4,neutral,True,0.016116695,0.0010871514,0.008618944,0.009727269,0.93105996,0.008530366,0.02485965
163,8,Ross,I think she was.,neutral,"And you know what?
I think she was.","And you know what?
I think she was.",neutral,4,4,neutral,True,0.0023920718,0.00056352594,0.002291001,0.0037003858,0.9780276,0.0033666461,0.009658813
163,9,Monica,"Oh good God, Ross! How the hell do you do it?",surprise,"I think she was.
Oh good God, Ross! How the hell do you do it?","I think she was.
Oh good God, Ross! How the hell do you do it?",surprise,6,0,anger,False,0.6195544,0.12197054,0.01881132,0.019625558,0.013615068,0.040326513,0.16609658
164,1,Chandler,Yeah.,neutral,"You forget how many great songs Heart had.
Yeah.","You forget how many great songs Heart had.
Yeah.",neutral,4,4,neutral,True,0.0020041857,0.0012234341,0.0011924304,0.008647536,0.9842263,0.0020787818,0.00062738167
164,2,Ross,"You know, Barracuda was the first song I learned to play on the keyboard.",neutral,"Yeah.
You know, Barracuda was the first song I learned to play on the keyboard.","Yeah.
You know, Barracuda was the first song I learned to play on the keyboard.",neutral,4,4,neutral,True,0.014234671,0.0023367116,0.0022192579,0.19327621,0.77617955,0.0065050935,0.0052484386
164,3,Chandler,"So, you heard it, you repeated it, so that must mean you wrote it.",neutral,"You know, Barracuda was the first song I learned to play on the keyboard.
So, you heard it, you repeated it, so that must mean you wrote it.","You know, Barracuda was the first song I learned to play on the keyboard.
So, you heard it, you repeated it, so that must mean you wrote it.",neutral,4,4,neutral,True,0.06636106,0.008953354,0.010694502,0.05917256,0.82825726,0.02172304,0.004838234
164,4,Joey,"Oh, you guys, with this joke. I gotta say, I know I cracked up, but I’m not even sure I got it.",neutral,"So, you heard it, you repeated it, so that must mean you wrote it.
Oh, you guys, with this joke. I gotta say, I know I cracked up, but I’m not even sure I got it.","So, you heard it, you repeated it, so that must mean you wrote it.
Oh, you guys, with this joke. I gotta say, I know I cracked up, but I’m not even sure I got it.",neutral,4,5,sadness,False,0.10287414,0.019909551,0.043570418,0.29875472,0.17154013,0.3512763,0.012074804
164,5,Ross,"What, you didn’t get it? The doctor is a monkey.",neutral,"Oh, you guys, with this joke. I gotta say, I know I cracked up, but I’m not even sure I got it.
What, you didn’t get it? The doctor is a monkey.","Oh, you guys, with this joke. I gotta say, I know I cracked up, but I’m not even sure I got it.
What, you didn’t get it? The doctor is a monkey.",neutral,4,6,surprise,False,0.06533601,0.0589365,0.032529496,0.04668405,0.06471983,0.08285227,0.6489419
164,6,Chandler,And monkeys can’t write out prescriptions.,neutral,"What, you didn’t get it? The doctor is a monkey.
And monkeys can’t write out prescriptions.","What, you didn’t get it? The doctor is a monkey.
And monkeys can’t write out prescriptions.",neutral,4,4,neutral,True,0.22469588,0.0629908,0.07625079,0.04990175,0.35531428,0.21795198,0.0128944805
164,7,Chandler,You are not allowed to laugh at my joke.,anger,"And monkeys can’t write out prescriptions.
You are not allowed to laugh at my joke.","And monkeys can’t write out prescriptions.
You are not allowed to laugh at my joke.",anger,0,0,anger,True,0.6396773,0.08234976,0.025965177,0.021050788,0.19273016,0.028670015,0.009556844
164,8,Ross,"Your joke? Well, I think ‘the Hef’ would disagree, which is why he sent me a check for one hundred ah-dollars.",neutral,"You are not allowed to laugh at my joke.
Your joke? Well, I think ‘the Hef’ would disagree, which is why he sent me a check for one hundred ah-dollars.","You are not allowed to laugh at my joke.
Your joke? Well, I think ‘the Hef’ would disagree, which is why he sent me a check for one hundred ah-dollars.",neutral,4,4,neutral,True,0.011924579,0.0029882065,0.004687792,0.0049746097,0.9345764,0.011487277,0.029361203
165,1,Rachel,"Oh, I think I saw some in here.",neutral,"I can’t find garbage bags!
Oh, I think I saw some in here.","I can’t find garbage bags!
Oh, I think I saw some in here.",neutral,4,4,neutral,True,0.017076248,0.015563411,0.0132757565,0.010686059,0.79164183,0.023355316,0.12840132
165,2,Monica,What is it?!,surprise,"Oh, I think I saw some in here.
What is it?!","Oh, I think I saw some in here.
What is it?!",surprise,6,6,surprise,True,0.029253814,0.0021068952,0.015557483,0.018428516,0.08173098,0.014473004,0.8384493
165,3,Rachel,"I don’t know! But maybe if we keep that drawer shut, it’ll die.",disgust,"What is it?!
I don’t know! But maybe if we keep that drawer shut, it’ll die.","What is it?!
I don’t know! But maybe if we keep that drawer shut, it’ll die.",disgust,1,0,anger,False,0.47146595,0.07254894,0.14158818,0.06953581,0.11695861,0.12105942,0.006843114
165,4,Monica,I can’t believe we’re living here!,sadness,"I don’t know! But maybe if we keep that drawer shut, it’ll die.
I can’t believe we’re living here!","I don’t know! But maybe if we keep that drawer shut, it’ll die.
I can’t believe we’re living here!",sadness,5,6,surprise,False,0.15286265,0.013849408,0.092009164,0.068482,0.026222507,0.123356014,0.5232182
166,1,Joey,"No! She had the ring on, she seemed so excited, and then she  took her breast out.",anger,"You still haven’t told Rachel you weren’t really  proposing?
No! She had the ring on, she seemed so excited, and then she  took her breast out.","You still haven’t told Rachel you weren’t really  proposing?
No! She had the ring on, she seemed so excited, and then she  took her breast out.",anger,0,0,anger,True,0.36248755,0.04738771,0.032210313,0.3315216,0.05381205,0.04095362,0.13162717
166,2,Chandler,"Joey, you have to tell her what’s going on! And what did it  look like?!",surprise,"No! She had the ring on, she seemed so excited, and then she  took her breast out.
Joey, you have to tell her what’s going on! And what did it  look like?!","No! She had the ring on, she seemed so excited, and then she  took her breast out.
Joey, you have to tell her what’s going on! And what did it  look like?!",surprise,6,6,surprise,True,0.08870598,0.004925665,0.022261204,0.02252342,0.024405489,0.020575088,0.8166031
166,3,Joey,I didn’t look at it. Stupid baby’s head was blocking most of  it.,anger,"Joey, you have to tell her what’s going on! And what did it  look like?!
I didn’t look at it. Stupid baby’s head was blocking most of  it.","Joey, you have to tell her what’s going on! And what did it  look like?!
I didn’t look at it. Stupid baby’s head was blocking most of  it.",anger,0,5,sadness,False,0.17031889,0.043727648,0.23076996,0.051490154,0.1677258,0.3008913,0.035076205
166,4,Chandler,Go and tell Rachel right now before Ross finds out.,sadness,"I didn’t look at it. Stupid baby’s head was blocking most of  it.
Go and tell Rachel right now before Ross finds out.","I didn’t look at it. Stupid baby’s head was blocking most of  it.
Go and tell Rachel right now before Ross finds out.",sadness,5,4,neutral,False,0.03530823,0.0073119267,0.024762342,0.02928475,0.88269526,0.018960504,0.0016770775
166,5,Joey,"Look, it’s not that easy. She said she wanted to marry me. I  don’t want to hurt her.",sadness,"Go and tell Rachel right now before Ross finds out.
Look, it’s not that easy. She said she wanted to marry me. I  don’t want to hurt her.","Go and tell Rachel right now before Ross finds out.
Look, it’s not that easy. She said she wanted to marry me. I  don’t want to hurt her.",sadness,5,2,fear,False,0.15807697,0.025969137,0.39431658,0.058438957,0.13835339,0.21881111,0.0060338746
166,6,Chandler,"Okay, look, just do it gently.",neutral,"Look, it’s not that easy. She said she wanted to marry me. I  don’t want to hurt her.
Okay, look, just do it gently.","Look, it’s not that easy. She said she wanted to marry me. I  don’t want to hurt her.
Okay, look, just do it gently.",neutral,4,4,neutral,True,0.03891238,0.016158827,0.21139403,0.043635778,0.5640695,0.12107454,0.0047548637
166,7,Joey,You’re right.,neutral,"Okay, look, just do it gently.
You’re right.","Okay, look, just do it gently.
You’re right.",neutral,4,4,neutral,True,0.057847783,0.008031613,0.012463286,0.25728324,0.626393,0.031000076,0.006981038
166,8,Joey,You’re right.,neutral,"You’re right.
You’re right.","You’re right.
You’re right.",neutral,4,3,joy,False,0.09239138,0.0068490235,0.011237607,0.46448806,0.3839833,0.03461643,0.006434185
166,9,Joey,I-I’ll go tell her now before Ross  finds out and I’ll be gentle.,neutral,"You’re right.
I-I’ll go tell her now before Ross  finds out and I’ll be gentle.","You’re right.
I-I’ll go tell her now before Ross  finds out and I’ll be gentle.",neutral,4,2,fear,False,0.08322641,0.0135569675,0.39497104,0.049627677,0.25800952,0.19247475,0.008133636
166,10,Joey,I can do that.,neutral,"I-I’ll go tell her now before Ross  finds out and I’ll be gentle.
I can do that.","I-I’ll go tell her now before Ross  finds out and I’ll be gentle.
I can do that.",neutral,4,4,neutral,True,0.019220768,0.005724587,0.013206634,0.26946858,0.67133427,0.01946896,0.0015762285
166,11,Joey,I am a gentle person.,neutral,"I can do that.
I am a gentle person.","I can do that.
I am a gentle person.",neutral,4,4,neutral,True,0.06545531,0.0219341,0.07605332,0.14772286,0.51832867,0.1677827,0.0027230512
166,12,Joey,"Oh, by the  way.",neutral,"I am a gentle person.
Oh, by the  way.","I am a gentle person.
Oh, by the  way.",neutral,4,4,neutral,True,0.0013005921,0.00091337675,0.0015364435,0.003932584,0.9888666,0.001947804,0.0015026141
166,13,Joey,Two people screwing in there  if you want to check that out.,neutral,"Oh, by the  way.
Two people screwing in there  if you want to check that out.","Oh, by the  way.
Two people screwing in there  if you want to check that out.",neutral,4,4,neutral,True,0.0035588117,0.0021639192,0.0015737833,0.0020968753,0.9853592,0.0016306711,0.003616667
167,1,Phoebe,Which,neutral,"Okay, umm, it's this tragic love story between Cathy and Heathcliff and umm, it takes place on like these really creepy mores in England.
Which","Okay, umm, it's this tragic love story between Cathy and Heathcliff and umm, it takes place on like these really creepy mores in England.
Which",neutral,4,4,neutral,True,0.004641739,0.0018153458,0.0023882044,0.0043299575,0.9726962,0.004554003,0.009574488
167,2,The Teacher,"How would you characterize the theme of this book, uh let's see here , Rachel Green?",neutral,"Which
How would you characterize the theme of this book, uh let's see here , Rachel Green?","Which
How would you characterize the theme of this book, uh let's see here , Rachel Green?",neutral,4,4,neutral,True,0.0024300753,0.0005767646,0.0029280693,0.0017871517,0.98353934,0.001897121,0.006841582
167,3,Rachel,"Umm, well I would have to say that it's a, it's tragic love story.",neutral,"How would you characterize the theme of this book, uh let's see here , Rachel Green?
Umm, well I would have to say that it's a, it's tragic love story.","How would you characterize the theme of this book, uh let's see here , Rachel Green?
Umm, well I would have to say that it's a, it's tragic love story.",neutral,4,4,neutral,True,0.026795661,0.013610653,0.0728001,0.071181946,0.5108407,0.3000155,0.004755464
167,4,The Teacher,"Well, that's sort of a given, but yes. Anyone else?",neutral,"Umm, well I would have to say that it's a, it's tragic love story.
Well, that's sort of a given, but yes. Anyone else?","Umm, well I would have to say that it's a, it's tragic love story.
Well, that's sort of a given, but yes. Anyone else?",neutral,4,4,neutral,True,0.004700888,0.0004738523,0.001319134,0.0038656078,0.9845598,0.002173942,0.0029068678
167,5,Rachel,"Oh-oh-oh, symbolism! And uh, the-the uh, wildness of the mores, which",joy,"Well, that's sort of a given, but yes. Anyone else?
Oh-oh-oh, symbolism! And uh, the-the uh, wildness of the mores, which","Well, that's sort of a given, but yes. Anyone else?
Oh-oh-oh, symbolism! And uh, the-the uh, wildness of the mores, which",joy,3,4,neutral,False,0.18859173,0.063465945,0.21307293,0.09943029,0.22207329,0.11299099,0.10037482
167,6,The Teacher,Excellent! What Rachel has shrewdly observed here,joy,"Oh-oh-oh, symbolism! And uh, the-the uh, wildness of the mores, which
Excellent! What Rachel has shrewdly observed here","Oh-oh-oh, symbolism! And uh, the-the uh, wildness of the mores, which
Excellent! What Rachel has shrewdly observed here",joy,3,3,joy,True,0.013684317,0.0033798006,0.0034813355,0.72575736,0.23296434,0.005530978,0.0152018275
167,7,Phoebe,You completely stole my answer!,anger,"Excellent! What Rachel has shrewdly observed here
You completely stole my answer!","Excellent! What Rachel has shrewdly observed here
You completely stole my answer!",anger,0,0,anger,True,0.9226698,0.0077544395,0.012231844,0.017581824,0.012272278,0.012987711,0.014502075
167,8,Rachel,"Well, honey that was pretty obvious.",sadness,"You completely stole my answer!
Well, honey that was pretty obvious.","You completely stole my answer!
Well, honey that was pretty obvious.",sadness,5,4,neutral,False,0.006231964,0.0014308844,0.0025832127,0.00438486,0.9779971,0.004404459,0.0029674342
167,9,Phoebe,Well how would you know?! You didn't even read it!,anger,"Well, honey that was pretty obvious.
Well how would you know?! You didn't even read it!","Well, honey that was pretty obvious.
Well how would you know?! You didn't even read it!",anger,0,6,surprise,False,0.02755216,0.0038521318,0.00734234,0.004778864,0.009095346,0.010287042,0.9370921
167,10,The Teacher,What do you think? You in the blue shirt.,neutral,"Well how would you know?! You didn't even read it!
What do you think? You in the blue shirt.","Well how would you know?! You didn't even read it!
What do you think? You in the blue shirt.",neutral,4,4,neutral,True,0.002629458,0.001150529,0.001560537,0.003939878,0.9752637,0.0022292999,0.013226462
167,11,Phoebe,"I think that uh, yours is a question with many answers.",neutral,"What do you think? You in the blue shirt.
I think that uh, yours is a question with many answers.","What do you think? You in the blue shirt.
I think that uh, yours is a question with many answers.",neutral,4,4,neutral,True,0.0023421466,0.0011027507,0.0072195637,0.002376837,0.9724343,0.0035525246,0.010971878
167,12,The Teacher,Would ya care to venture one?,neutral,"I think that uh, yours is a question with many answers.
Would ya care to venture one?","I think that uh, yours is a question with many answers.
Would ya care to venture one?",neutral,4,4,neutral,True,0.0013384357,0.000612988,0.0016272599,0.0026641705,0.98993886,0.0013813049,0.002437053
167,13,Phoebe,Would,neutral,"Would ya care to venture one?
Would","Would ya care to venture one?
Would",neutral,4,4,neutral,True,0.001644045,0.00045568572,0.0010341209,0.001959645,0.99053055,0.0011417632,0.0032343045
167,14,The Teacher,Are you just repeating what I'm saying?,anger,"Would
Are you just repeating what I'm saying?","Would
Are you just repeating what I'm saying?",anger,0,4,neutral,False,0.032331992,0.0029778199,0.013105327,0.007748153,0.8892147,0.011385074,0.043236848
167,15,The Teacher,"All right, let's move on.",neutral,"Are you just repeating what I'm saying?
All right, let's move on.","Are you just repeating what I'm saying?
All right, let's move on.",neutral,4,4,neutral,True,0.0043079914,0.0020806352,0.0032871976,0.00854883,0.9784505,0.002246578,0.0010783221
167,16,Phoebe,Okay then.,neutral,"All right, let's move on.
Okay then.","All right, let's move on.
Okay then.",neutral,4,4,neutral,True,0.0019282732,0.0010296708,0.0019327295,0.005738707,0.98736435,0.0013652688,0.00064093724
168,1,Joey,"And-and when she comes in hopefully, she won’t recognise you because, well, why would she?",neutral,"All right, okay, this is great, uh, Chandler, you get behind the desk.
And-and when she comes in hopefully, she won’t recognise you because, well, why would she?","All right, okay, this is great, uh, Chandler, you get behind the desk.
And-and when she comes in hopefully, she won’t recognise you because, well, why would she?",neutral,4,4,neutral,True,0.03862685,0.0028426794,0.023619313,0.014246333,0.8414216,0.029109709,0.050133538
168,2,Joey,"Uh, okay, and then you buzz Ross and I.",neutral,"And-and when she comes in hopefully, she won’t recognise you because, well, why would she?
Uh, okay, and then you buzz Ross and I.","And-and when she comes in hopefully, she won’t recognise you because, well, why would she?
Uh, okay, and then you buzz Ross and I.",neutral,4,4,neutral,True,0.0034501343,0.0010704987,0.009284103,0.00355307,0.9733718,0.005594665,0.003675643
168,3,Joey,"You be Mr. Gonzalez, and I’ll be uh, Mr. Wong.",neutral,"Uh, okay, and then you buzz Ross and I.
You be Mr. Gonzalez, and I’ll be uh, Mr. Wong.","Uh, okay, and then you buzz Ross and I.
You be Mr. Gonzalez, and I’ll be uh, Mr. Wong.",neutral,4,4,neutral,True,0.0025265703,0.001050905,0.0044997297,0.0029881091,0.98296595,0.0037353714,0.0022333583
168,4,Ross,Diverse.,neutral,"You be Mr. Gonzalez, and I’ll be uh, Mr. Wong.
Diverse.","You be Mr. Gonzalez, and I’ll be uh, Mr. Wong.
Diverse.",neutral,4,4,neutral,True,0.0021298856,0.0010966408,0.0056609036,0.0017851273,0.98193157,0.0037138425,0.0036819428
168,5,The Stripper,Did anybody call for security?,neutral,"Diverse.
Did anybody call for security?","Diverse.
Did anybody call for security?",neutral,4,4,neutral,True,0.003785319,0.0007375202,0.0019226708,0.0018744613,0.98385656,0.002335987,0.00548737
168,6,Chandler,You be cool.,neutral,"Did anybody call for security?
You be cool.","Did anybody call for security?
You be cool.",neutral,4,4,neutral,True,0.037775483,0.031782594,0.007827069,0.08733713,0.8255806,0.0076137763,0.0020834429
168,7,The Stripper,"Okay, which one of you guys is Gunther Central-Perk?  Hey, Joey?",neutral,"You be cool.
Okay, which one of you guys is Gunther Central-Perk?  Hey, Joey?","You be cool.
Okay, which one of you guys is Gunther Central-Perk?  Hey, Joey?",neutral,4,4,neutral,True,0.004147356,0.00077505904,0.0022201377,0.0029705653,0.9506262,0.002206559,0.037054062
168,8,Ross,Where’s my ring? My dead grandmother’s wedding ring? Where is it? Where is it?,fear,"Okay, which one of you guys is Gunther Central-Perk?  Hey, Joey?
Where’s my ring? My dead grandmother’s wedding ring? Where is it? Where is it?","Okay, which one of you guys is Gunther Central-Perk?  Hey, Joey?
Where’s my ring? My dead grandmother’s wedding ring? Where is it? Where is it?",fear,2,4,neutral,False,0.008549631,0.00085236144,0.003958034,0.01260199,0.88773996,0.007443073,0.07885498
168,9,Chandler,"Way to be cool, man.",neutral,"Where’s my ring? My dead grandmother’s wedding ring? Where is it? Where is it?
Way to be cool, man.","Where’s my ring? My dead grandmother’s wedding ring? Where is it? Where is it?
Way to be cool, man.",neutral,4,4,neutral,True,0.019518372,0.004429124,0.0034996613,0.20521115,0.75981677,0.0063403593,0.0011844971
168,10,The Stripper,What’s he talking about?,neutral,"Way to be cool, man.
What’s he talking about?","Way to be cool, man.
What’s he talking about?",neutral,4,6,surprise,False,0.015437301,0.002750095,0.0072005405,0.0047083073,0.3931909,0.0075864517,0.56912637
168,11,Joey,"There was a ring, in a box, on my nightstand, after you left, it was gone!",anger,"What’s he talking about?
There was a ring, in a box, on my nightstand, after you left, it was gone!","What’s he talking about?
There was a ring, in a box, on my nightstand, after you left, it was gone!",anger,0,4,neutral,False,0.1299484,0.005715546,0.009087326,0.057399716,0.69246364,0.04343202,0.061953355
168,12,The Stripper,"Wait, you guys think I stole some ring?",surprise,"There was a ring, in a box, on my nightstand, after you left, it was gone!
Wait, you guys think I stole some ring?","There was a ring, in a box, on my nightstand, after you left, it was gone!
Wait, you guys think I stole some ring?",surprise,6,6,surprise,True,0.006070521,0.0014293746,0.004647852,0.0044707526,0.024687218,0.005713331,0.95298094
168,13,Ross,We know you took so just-just save yourself the time and confess!,anger,"Wait, you guys think I stole some ring?
We know you took so just-just save yourself the time and confess!","Wait, you guys think I stole some ring?
We know you took so just-just save yourself the time and confess!",anger,0,0,anger,True,0.40425456,0.02198969,0.054053176,0.17696634,0.30790988,0.031609416,0.0032169458
168,14,The Stripper,"Okay, who are you?",surprise,"We know you took so just-just save yourself the time and confess!
Okay, who are you?","We know you took so just-just save yourself the time and confess!
Okay, who are you?",surprise,6,4,neutral,False,0.04047744,0.0030827245,0.01244786,0.007996049,0.54094064,0.012222152,0.3828331
168,15,The Stripper,The Hardy boys?,anger,"Okay, who are you?
The Hardy boys?","Okay, who are you?
The Hardy boys?",anger,0,3,joy,False,0.030212497,0.0054680333,0.0038184184,0.5280598,0.3891383,0.01797909,0.025323885
168,16,The Stripper,"Look, I don’t need to steal some stupid ring, all right?",anger,"The Hardy boys?
Look, I don’t need to steal some stupid ring, all right?","The Hardy boys?
Look, I don’t need to steal some stupid ring, all right?",anger,0,4,neutral,False,0.024721893,0.0031951556,0.006727494,0.10597301,0.8509696,0.006509361,0.0019034928
168,17,The Stripper,"I make $1,600 a week doing what I do; any of you guys make that?",anger,"Look, I don’t need to steal some stupid ring, all right?
I make $1,600 a week doing what I do; any of you guys make that?","Look, I don’t need to steal some stupid ring, all right?
I make $1,600 a week doing what I do; any of you guys make that?",anger,0,4,neutral,False,0.07882801,0.0047864043,0.010189391,0.017481774,0.7852552,0.021266468,0.082192734
168,18,Chandler,Marry me.,neutral,"I make $1,600 a week doing what I do; any of you guys make that?
Marry me.","I make $1,600 a week doing what I do; any of you guys make that?
Marry me.",neutral,4,3,joy,False,0.057281528,0.005131893,0.008926716,0.8100888,0.06712044,0.03117179,0.020278828
169,1,Phoebe,Hell yeah! I’ll marry you!,joy,"Oh my God! Joey!
Hell yeah! I’ll marry you!","Oh my God! Joey!
Hell yeah! I’ll marry you!",joy,3,3,joy,True,0.03404361,0.0021918486,0.0057486296,0.91315925,0.028444974,0.007387785,0.009023894
169,2,Monica,You can’t marry him!,anger,"Hell yeah! I’ll marry you!
You can’t marry him!","Hell yeah! I’ll marry you!
You can’t marry him!",anger,0,0,anger,True,0.47838002,0.0145811625,0.23488247,0.07402386,0.02231668,0.11526458,0.06055122
169,3,Phoebe,"Hey lady, your day’s over! It’s my turn!",anger,"You can’t marry him!
Hey lady, your day’s over! It’s my turn!","You can’t marry him!
Hey lady, your day’s over! It’s my turn!",anger,0,3,joy,False,0.087900154,0.0025278248,0.004077157,0.80892634,0.06945722,0.009365386,0.017746001
169,4,Monica,Phoebe!,surprise,"Hey lady, your day’s over! It’s my turn!
Phoebe!","Hey lady, your day’s over! It’s my turn!
Phoebe!",surprise,6,3,joy,False,0.025654757,0.0013807889,0.0020164317,0.8991441,0.05673603,0.003859897,0.011207999
169,5,Joey,Why?! Why can’t she marry me?!,surprise,"Phoebe!
Why?! Why can’t she marry me?!","Phoebe!
Why?! Why can’t she marry me?!",surprise,6,0,anger,False,0.70934707,0.009425905,0.042815037,0.03668138,0.014979176,0.06394882,0.12280262
169,6,Phoebe,I can and I will!,anger,"Why?! Why can’t she marry me?!
I can and I will!","Why?! Why can’t she marry me?!
I can and I will!",anger,0,3,joy,False,0.1441748,0.004208969,0.03075536,0.7301606,0.06547118,0.017780034,0.0074490686
169,7,Monica,She’s not pregnant. It’s Rachel. Rachel’s the one who’s pregnant.,neutral,"I can and I will!
She’s not pregnant. It’s Rachel. Rachel’s the one who’s pregnant.","I can and I will!
She’s not pregnant. It’s Rachel. Rachel’s the one who’s pregnant.",neutral,4,6,surprise,False,0.18036102,0.012669124,0.016641008,0.03250209,0.29529828,0.075046405,0.38748205
169,8,Joey,Oh my God.,surprise,"She’s not pregnant. It’s Rachel. Rachel’s the one who’s pregnant.
Oh my God.","She’s not pregnant. It’s Rachel. Rachel’s the one who’s pregnant.
Oh my God.",surprise,6,6,surprise,True,0.009839783,0.0077751703,0.015550442,0.009608509,0.006002836,0.021489764,0.9297335
169,9,Phoebe,Hey!,anger,"Oh my God.
Hey!","Oh my God.
Hey!",anger,0,6,surprise,False,0.01833903,0.0029953534,0.005270395,0.40922973,0.14085314,0.0074493513,0.4158631
169,10,Monica,Phoebe I think he would notice if you didn’t have a baby in nine months!,anger,"Hey!
Phoebe I think he would notice if you didn’t have a baby in nine months!","Hey!
Phoebe I think he would notice if you didn’t have a baby in nine months!",anger,0,6,surprise,False,0.2503788,0.008578977,0.014749429,0.09356553,0.07255295,0.034798298,0.52537596
169,11,Phoebe,It’s Joey!,surprise,"Phoebe I think he would notice if you didn’t have a baby in nine months!
It’s Joey!","Phoebe I think he would notice if you didn’t have a baby in nine months!
It’s Joey!",surprise,6,4,neutral,False,0.04271647,0.0013848146,0.0029201715,0.10306979,0.7840431,0.010940936,0.054924708
169,12,Joey,Now I can’t believe it! What? Rachel’s pregnant?  Who’s the father?,surprise,"It’s Joey!
Now I can’t believe it! What? Rachel’s pregnant?  Who’s the father?","It’s Joey!
Now I can’t believe it! What? Rachel’s pregnant?  Who’s the father?",surprise,6,6,surprise,True,0.007973306,0.00089260086,0.004023116,0.003075269,0.043537878,0.0062573175,0.9342405
169,13,Phoebe,We don’t know.,neutral,"Now I can’t believe it! What? Rachel’s pregnant?  Who’s the father?
We don’t know.","Now I can’t believe it! What? Rachel’s pregnant?  Who’s the father?
We don’t know.",neutral,4,4,neutral,True,0.01214011,0.0021435926,0.04237353,0.016640916,0.6918837,0.03634043,0.19847779
169,14,Joey,Ohh… I wonder if that dude.,neutral,"We don’t know.
Ohh… I wonder if that dude.","We don’t know.
Ohh… I wonder if that dude.",neutral,4,6,surprise,False,0.02128936,0.05532523,0.026283812,0.084122725,0.26819012,0.036907457,0.50788134
169,15,Monica,There’s a dude?,surprise,"Ohh… I wonder if that dude.
There’s a dude?","Ohh… I wonder if that dude.
There’s a dude?",surprise,6,6,surprise,True,0.006877209,0.0027762756,0.0041882806,0.016134309,0.32668906,0.0055324365,0.6378024
169,16,Joey,Yeah.,neutral,"There’s a dude?
Yeah.","There’s a dude?
Yeah.",neutral,4,4,neutral,True,0.0015812572,0.0018518893,0.002240032,0.01012765,0.9801593,0.002339924,0.0016999226
169,17,Phoebe,Who? Who is it?,surprise,"Yeah.
Who? Who is it?","Yeah.
Who? Who is it?",surprise,6,4,neutral,False,0.006053639,0.00070088165,0.0026713014,0.005174425,0.86922824,0.0033422827,0.112829216
169,18,Joey,"About a month ago this guy spent the night with Rachel, I didn’t see who it was but",disgust,"Who? Who is it?
About a month ago this guy spent the night with Rachel, I didn’t see who it was but","Who? Who is it?
About a month ago this guy spent the night with Rachel, I didn’t see who it was but",disgust,1,6,surprise,False,0.033192962,0.007857011,0.014128998,0.012633274,0.3186815,0.019149996,0.5943563
169,19,Phoebe,Was that story over?,neutral,"About a month ago this guy spent the night with Rachel, I didn’t see who it was but
Was that story over?","About a month ago this guy spent the night with Rachel, I didn’t see who it was but
Was that story over?",neutral,4,4,neutral,True,0.04767331,0.0040722657,0.0120588625,0.01117817,0.56557876,0.018922735,0.3405159
169,20,Joey,The guy left this.,neutral,"Was that story over?
The guy left this.","Was that story over?
The guy left this.",neutral,4,4,neutral,True,0.0058113644,0.0028379173,0.0019442199,0.0026795422,0.9618289,0.006972147,0.017925922
169,21,Phoebe,Oh my God! I know who the father is,surprise,"The guy left this.
Oh my God! I know who the father is","The guy left this.
Oh my God! I know who the father is",surprise,6,6,surprise,True,0.01736333,0.0023719196,0.009165214,0.007275882,0.05138315,0.019329073,0.8931114
169,22,Monica,People have got to finish their stories!,anger,"Oh my God! I know who the father is
People have got to finish their stories!","Oh my God! I know who the father is
People have got to finish their stories!",anger,0,4,neutral,False,0.06780226,0.0056955502,0.017936306,0.3591674,0.42255476,0.04858257,0.078261085
170,1,Phoebe,"Ohh, let me see it! Let me see your hand!",surprise,"Oh my God, you’re back!
Ohh, let me see it! Let me see your hand!","Oh my God, you’re back!
Ohh, let me see it! Let me see your hand!",surprise,6,4,neutral,False,0.21914224,0.0108348215,0.06643649,0.29324013,0.36515552,0.027754052,0.01743671
170,2,Monica,Why do you want to see my hand?,neutral,"Ohh, let me see it! Let me see your hand!
Why do you want to see my hand?","Ohh, let me see it! Let me see your hand!
Why do you want to see my hand?",neutral,4,4,neutral,True,0.01552519,0.002001514,0.00693056,0.005056059,0.94579506,0.00589908,0.018792596
170,3,Phoebe,I wanna see what’s in your hand. I wanna see the trash.,disgust,"Why do you want to see my hand?
I wanna see what’s in your hand. I wanna see the trash.","Why do you want to see my hand?
I wanna see what’s in your hand. I wanna see the trash.",disgust,1,1,disgust,True,0.14931157,0.53769803,0.025463097,0.022845944,0.16607532,0.091143005,0.0074629416
170,4,Phoebe,"Eww! Oh, it’s all dirty. You should throw this out.",disgust,"I wanna see what’s in your hand. I wanna see the trash.
Eww! Oh, it’s all dirty. You should throw this out.","I wanna see what’s in your hand. I wanna see the trash.
Eww! Oh, it’s all dirty. You should throw this out.",disgust,1,1,disgust,True,0.045543276,0.84694594,0.014821628,0.014680627,0.016528202,0.043181665,0.018298734
171,1,Monica,Me too!,joy,"No!
Me too!","No!
Me too!",joy,3,3,joy,True,0.3183522,0.017422711,0.05181192,0.34773013,0.13332163,0.060058802,0.0713026
171,2,Ross,"Hey, when the music starts up again, I was thinking of maybe goind into the robot, y’know?",neutral,"Me too!
Hey, when the music starts up again, I was thinking of maybe goind into the robot, y’know?","Me too!
Hey, when the music starts up again, I was thinking of maybe goind into the robot, y’know?",neutral,4,4,neutral,True,0.0039539626,0.00075027306,0.0025807577,0.010509011,0.9771627,0.0017984997,0.0032447686
171,3,Monica,"Ross, I think we should stick to the routine, we don’t wanna look stupid!",joy,"Hey, when the music starts up again, I was thinking of maybe goind into the robot, y’know?
Ross, I think we should stick to the routine, we don’t wanna look stupid!","Hey, when the music starts up again, I was thinking of maybe goind into the robot, y’know?
Ross, I think we should stick to the routine, we don’t wanna look stupid!",joy,3,3,joy,True,0.21170287,0.016032567,0.034297395,0.4047815,0.31279263,0.015940206,0.0044528954
171,4,Director,Alright we’re back! Ten seconds left here we go! Ten! Nine! Eight! Seven!,joy,"Ross, I think we should stick to the routine, we don’t wanna look stupid!
Alright we’re back! Ten seconds left here we go! Ten! Nine! Eight! Seven!","Ross, I think we should stick to the routine, we don’t wanna look stupid!
Alright we’re back! Ten seconds left here we go! Ten! Nine! Eight! Seven!",joy,3,3,joy,True,0.05513026,0.0036476178,0.006720041,0.83018965,0.08572895,0.0051278216,0.013455621
171,5,All,"Three, Two, One!",neutral,"Alright we’re back! Ten seconds left here we go! Ten! Nine! Eight! Seven!
Three, Two, One!","Alright we’re back! Ten seconds left here we go! Ten! Nine! Eight! Seven!
Three, Two, One!",neutral,4,3,joy,False,0.18719621,0.0061030798,0.016197916,0.58429366,0.1292849,0.014825677,0.06209852
171,6,Director,Cut!,neutral,"Three, Two, One!
Cut!","Three, Two, One!
Cut!",neutral,4,0,anger,False,0.6920569,0.12036776,0.042086493,0.032222945,0.018904895,0.0578803,0.036480725
171,7,Joey,No! Year! Happy No Year!,joy,"Cut!
No! Year! Happy No Year!","Cut!
No! Year! Happy No Year!",joy,3,0,anger,False,0.59794825,0.027094733,0.027915763,0.18875721,0.05000289,0.049996693,0.05828449
171,8,Director,"Okay, here’s where we go to the live shot of Times Square, nice work everyone that’s a wrap!",joy,"No! Year! Happy No Year!
Okay, here’s where we go to the live shot of Times Square, nice work everyone that’s a wrap!","No! Year! Happy No Year!
Okay, here’s where we go to the live shot of Times Square, nice work everyone that’s a wrap!",joy,3,3,joy,True,0.015112245,0.002923106,0.0020942579,0.8520816,0.12011773,0.0045325235,0.0031385338
172,1,Elizabeth,"Oh no-no believe me, I’m leaving as soon as possible!",neutral,"So Lizzie, are-are-are you planning on staying the night?
Oh no-no believe me, I’m leaving as soon as possible!","So Lizzie, are-are-are you planning on staying the night?
Oh no-no believe me, I’m leaving as soon as possible!",neutral,4,2,fear,False,0.17100637,0.034515705,0.35090378,0.06272642,0.041786704,0.12860993,0.21045113
172,2,Paul,"Good. Good. Not that we don’t want you to stay, obviously you’re welcome—How much more homework do you have?",neutral,"Oh no-no believe me, I’m leaving as soon as possible!
Good. Good. Not that we don’t want you to stay, obviously you’re welcome—How much more homework do you have?","Oh no-no believe me, I’m leaving as soon as possible!
Good. Good. Not that we don’t want you to stay, obviously you’re welcome—How much more homework do you have?",neutral,4,4,neutral,True,0.048498224,0.006698874,0.021287039,0.024818052,0.8419135,0.043935884,0.012848438
173,1,Monica,No!,surprise,"I see. Y’know umm, Phoebe makes sock bunnies.
No!","I see. Y’know umm, Phoebe makes sock bunnies.
No!",surprise,6,0,anger,False,0.2727027,0.19632925,0.038117077,0.25603426,0.064784065,0.044798132,0.12723449
173,2,Monica,"No, she doesn’t.",neutral,"No!
No, she doesn’t.","No!
No, she doesn’t.",neutral,4,4,neutral,True,0.007159083,0.0014948811,0.0042882687,0.018178295,0.9569982,0.008259526,0.0036218069
173,3,Monica,"Uh Phoebe, what she makes—that’s uh—they’re sock rabbits.",neutral,"No, she doesn’t.
Uh Phoebe, what she makes—that’s uh—they’re sock rabbits.","No, she doesn’t.
Uh Phoebe, what she makes—that’s uh—they’re sock rabbits.",neutral,4,4,neutral,True,0.010781628,0.011507243,0.07215673,0.012617592,0.8330634,0.039304707,0.020568555
173,4,Monica,They are completely different—Okay!,anger,"Uh Phoebe, what she makes—that’s uh—they’re sock rabbits.
They are completely different—Okay!","Uh Phoebe, what she makes—that’s uh—they’re sock rabbits.
They are completely different—Okay!",anger,0,4,neutral,False,0.09907476,0.010506549,0.036568556,0.25396743,0.5420973,0.028879663,0.028905785
173,5,Monica,Okay!,surprise,"They are completely different—Okay!
Okay!","They are completely different—Okay!
Okay!",surprise,6,3,joy,False,0.044047303,0.0030759238,0.0068432954,0.7620983,0.16048567,0.0067229057,0.016726576
173,6,Monica,Okay!,surprise,"Okay!
Okay!","Okay!
Okay!",surprise,6,3,joy,False,0.06677794,0.0037394196,0.007415358,0.70597965,0.1736362,0.008627215,0.03382424
173,7,Monica,I didn’t make it!,sadness,"Okay!
I didn’t make it!","Okay!
I didn’t make it!",sadness,5,0,anger,False,0.36486003,0.017171985,0.1282219,0.045471635,0.030487914,0.1440813,0.26970518
173,8,Monica,I’m sorry!,sadness,"I didn’t make it!
I’m sorry!","I didn’t make it!
I’m sorry!",sadness,5,5,sadness,True,0.057052467,0.010257235,0.094484754,0.09374266,0.06888745,0.5968181,0.07875737
173,9,Monica,I totally forgot about tonight and the fact that we’re supposed to,neutral,"I’m sorry!
I totally forgot about tonight and the fact that we’re supposed to","I’m sorry!
I totally forgot about tonight and the fact that we’re supposed to",neutral,4,4,neutral,True,0.012248274,0.0019766176,0.0056131925,0.041753426,0.8348763,0.02287214,0.08066014
173,10,Chandler,"Oh, it’s okay. I don’t",neutral,"I totally forgot about tonight and the fact that we’re supposed to
Oh, it’s okay. I don’t","I totally forgot about tonight and the fact that we’re supposed to
Oh, it’s okay. I don’t",neutral,4,4,neutral,True,0.003000979,0.0005535095,0.0016826342,0.007190487,0.984414,0.0016610845,0.0014972283
173,11,Monica,"No-no, it’s not okay!",sadness,"Oh, it’s okay. I don’t
No-no, it’s not okay!","Oh, it’s okay. I don’t
No-no, it’s not okay!",sadness,5,2,fear,False,0.17401356,0.020060241,0.2573955,0.14560923,0.14815107,0.16487046,0.08989996
173,12,Monica,It’s not!,sadness,"No-no, it’s not okay!
It’s not!","No-no, it’s not okay!
It’s not!",sadness,5,4,neutral,False,0.23483051,0.009757473,0.07223493,0.19657087,0.38124758,0.063254796,0.04210388
173,13,Monica,I mean you were just… You’re so incredible!,sadness,"It’s not!
I mean you were just… You’re so incredible!","It’s not!
I mean you were just… You’re so incredible!",sadness,5,3,joy,False,0.014015541,0.0021042246,0.0033701353,0.91719806,0.018788205,0.0070276945,0.037496105
173,14,Monica,You went through all this time and effort to make this tape for me!,sadness,"I mean you were just… You’re so incredible!
You went through all this time and effort to make this tape for me!","I mean you were just… You’re so incredible!
You went through all this time and effort to make this tape for me!",sadness,5,3,joy,False,0.030966567,0.0024540436,0.0037362534,0.9090893,0.03228209,0.005889853,0.015581871
173,15,Monica,"Y’know I’m just gonna—I, I am gonna make this up to you!",joy,"You went through all this time and effort to make this tape for me!
Y’know I’m just gonna—I, I am gonna make this up to you!","You went through all this time and effort to make this tape for me!
Y’know I’m just gonna—I, I am gonna make this up to you!",joy,3,3,joy,True,0.11862477,0.0063624918,0.03202699,0.7116322,0.111716315,0.01424079,0.0053964457
173,16,Monica,I will!,sadness,"Y’know I’m just gonna—I, I am gonna make this up to you!
I will!","Y’know I’m just gonna—I, I am gonna make this up to you!
I will!",sadness,5,3,joy,False,0.09648113,0.0039728438,0.0207272,0.7786207,0.08681003,0.008740082,0.004647973
173,17,Monica,I-I am going to,neutral,"I will!
I-I am going to","I will!
I-I am going to",neutral,4,4,neutral,True,0.03277892,0.0041348925,0.08533388,0.1592563,0.6858686,0.025267443,0.0073599727
173,18,Chandler,"Well, I did put a lot of thought in the tape.",neutral,"I-I am going to
Well, I did put a lot of thought in the tape.","I-I am going to
Well, I did put a lot of thought in the tape.",neutral,4,4,neutral,True,0.022091914,0.007145003,0.0074074515,0.015417959,0.92584896,0.016008062,0.0060806265
174,1,Mark,"Well, then he’s, he’s probably just, out.",neutral,"No.  And then I called him, and he wasn’t there.
Well, then he’s, he’s probably just, out.","No.  And then I called him, and he wasn’t there.
Well, then he’s, he’s probably just, out.",neutral,4,4,neutral,True,0.016741104,0.0059072287,0.015186377,0.021298768,0.92092824,0.018396176,0.0015421704
174,2,Rachel,"Oh, thank you that’s very helpful, I’m glad you came over.",neutral,"Well, then he’s, he’s probably just, out.
Oh, thank you that’s very helpful, I’m glad you came over.","Well, then he’s, he’s probably just, out.
Oh, thank you that’s very helpful, I’m glad you came over.",neutral,4,3,joy,False,0.018747536,0.0020224066,0.0058031427,0.6819793,0.25860938,0.024942184,0.007896019
174,3,Rachel,Hello.,neutral,"Oh, thank you that’s very helpful, I’m glad you came over.
Hello.","Oh, thank you that’s very helpful, I’m glad you came over.
Hello.",neutral,4,4,neutral,True,0.0023267246,0.00046612622,0.0014905402,0.030167144,0.95684725,0.0031873866,0.0055148806
174,4,Ross,Hi! It’s me.,sadness,"Hello.
Hi! It’s me.","Hello.
Hi! It’s me.",sadness,5,4,neutral,False,0.009332082,0.0012709223,0.0041317036,0.27348492,0.61377454,0.0065206573,0.09148516
174,5,Rachel,"Hi! Oh, I’m so glad you called.",joy,"Hi! It’s me.
Hi! Oh, I’m so glad you called.","Hi! It’s me.
Hi! Oh, I’m so glad you called.",joy,3,3,joy,True,0.007050565,0.0012423504,0.001534807,0.94187236,0.023991691,0.0051007243,0.019207597
174,6,Ross,"Really? I’ve been thinking, this is crazy, I mean don’t, don’t you think we can work on this?",sadness,"Hi! Oh, I’m so glad you called.
Really? I’ve been thinking, this is crazy, I mean don’t, don’t you think we can work on this?","Hi! Oh, I’m so glad you called.
Really? I’ve been thinking, this is crazy, I mean don’t, don’t you think we can work on this?",sadness,5,6,surprise,False,0.18445437,0.026787456,0.15575029,0.0902871,0.19173591,0.122246616,0.22873823
174,7,Mark,"Hey, what do you want to drink?",neutral,"Really? I’ve been thinking, this is crazy, I mean don’t, don’t you think we can work on this?
Hey, what do you want to drink?","Really? I’ve been thinking, this is crazy, I mean don’t, don’t you think we can work on this?
Hey, what do you want to drink?",neutral,4,4,neutral,True,0.0022050873,0.0011334553,0.0027729592,0.004815189,0.9839633,0.002496956,0.0026131226
174,8,Ross,Who’s that?,surprise,"Hey, what do you want to drink?
Who’s that?","Hey, what do you want to drink?
Who’s that?",surprise,6,4,neutral,False,0.0034425228,0.0010133719,0.0019907618,0.0033781186,0.9199552,0.002732405,0.067487545
174,9,Rachel,Nobody.,neutral,"Who’s that?
Nobody.","Who’s that?
Nobody.",neutral,4,4,neutral,True,0.010550672,0.0027177464,0.0019885402,0.014153864,0.9646042,0.0038994646,0.0020855935
174,10,Mark,Is it okay if I finish the apple juice?,neutral,"Nobody.
Is it okay if I finish the apple juice?","Nobody.
Is it okay if I finish the apple juice?",neutral,4,4,neutral,True,0.002117358,0.00079107744,0.0013700011,0.014255183,0.9787162,0.0016666395,0.0010835404
174,11,Ross,Is that Mark?,neutral,"Is it okay if I finish the apple juice?
Is that Mark?","Is it okay if I finish the apple juice?
Is that Mark?",neutral,4,4,neutral,True,0.0038337791,0.0010271478,0.0025179598,0.004475148,0.96830064,0.0055773472,0.014268004
174,12,Rachel,"Umm, honey, look he just came over to....",neutral,"Is that Mark?
Umm, honey, look he just came over to....","Is that Mark?
Umm, honey, look he just came over to....",neutral,4,4,neutral,True,0.008630245,0.004161677,0.032932837,0.021357685,0.785716,0.026950067,0.12025144
174,13,Ross,Yeah! Got it!,anger,"Umm, honey, look he just came over to....
Yeah! Got it!","Umm, honey, look he just came over to....
Yeah! Got it!",anger,0,3,joy,False,0.020411842,0.0015935372,0.0025988005,0.900407,0.068274155,0.0029725463,0.0037420301
174,14,Chloe,"Hey, dinosaur guy, look at you, so sad. Come dance.",neutral,"Yeah! Got it!
Hey, dinosaur guy, look at you, so sad. Come dance.","Yeah! Got it!
Hey, dinosaur guy, look at you, so sad. Come dance.",neutral,4,4,neutral,True,0.051054418,0.02996614,0.011720765,0.26767108,0.6107303,0.026065953,0.0027913952
174,15,Ross,"Ah, that’s okay, thanks.",sadness,"Hey, dinosaur guy, look at you, so sad. Come dance.
Ah, that’s okay, thanks.","Hey, dinosaur guy, look at you, so sad. Come dance.
Ah, that’s okay, thanks.",sadness,5,4,neutral,False,0.0077109123,0.00392018,0.007158633,0.23289804,0.7134207,0.032985106,0.0019064879
174,16,Chloe,"Hey, you don’t have to smile. You just have to dance.",neutral,"Ah, that’s okay, thanks.
Hey, you don’t have to smile. You just have to dance.","Ah, that’s okay, thanks.
Hey, you don’t have to smile. You just have to dance.",neutral,4,4,neutral,True,0.016451262,0.007276522,0.0049913195,0.116939925,0.8462692,0.006439783,0.0016320861
174,17,Ross,"Look, I don’t feel like dancing, I feel like having a drink. Okay?",sadness,"Hey, you don’t have to smile. You just have to dance.
Look, I don’t feel like dancing, I feel like having a drink. Okay?","Hey, you don’t have to smile. You just have to dance.
Look, I don’t feel like dancing, I feel like having a drink. Okay?",sadness,5,4,neutral,False,0.08263755,0.013563427,0.080539145,0.08424014,0.61926544,0.049644563,0.070109785
174,18,Chloe,"Oh, okay.  Hey, two beers.",neutral,"Look, I don’t feel like dancing, I feel like having a drink. Okay?
Oh, okay.  Hey, two beers.","Look, I don’t feel like dancing, I feel like having a drink. Okay?
Oh, okay.  Hey, two beers.",neutral,4,4,neutral,True,0.003167843,0.003910179,0.0022999407,0.033173013,0.95318127,0.0022903678,0.0019773338
175,1,Tag,Sure.,neutral,"You wanna go in the bedroom? It’s a little more comfortable.
Sure.","You wanna go in the bedroom? It’s a little more comfortable.
Sure.",neutral,4,4,neutral,True,0.0016121281,0.0017711488,0.0017116123,0.013635574,0.9785953,0.0019280509,0.0007463061
175,2,Rachel,"Okay.  Oh wait! Umm, did you send those contracts to Milan?",surprise,"Sure.
Okay.  Oh wait! Umm, did you send those contracts to Milan?","Sure.
Okay.  Oh wait! Umm, did you send those contracts to Milan?",surprise,6,6,surprise,True,0.021103282,0.0025223254,0.012179373,0.030178603,0.20855708,0.020537723,0.70492166
175,3,Tag,If this is your idea of sexy talk?,surprise,"Okay.  Oh wait! Umm, did you send those contracts to Milan?
If this is your idea of sexy talk?","Okay.  Oh wait! Umm, did you send those contracts to Milan?
If this is your idea of sexy talk?",surprise,6,6,surprise,True,0.042821433,0.007335792,0.007479051,0.06449901,0.27625346,0.01322555,0.5883857
175,4,Rachel,"No seriously, y’know the contracts I gave you, did you overnight them?",fear,"If this is your idea of sexy talk?
No seriously, y’know the contracts I gave you, did you overnight them?","If this is your idea of sexy talk?
No seriously, y’know the contracts I gave you, did you overnight them?",fear,2,4,neutral,False,0.0053862203,0.00055298756,0.0018568544,0.00499901,0.98128074,0.0023146619,0.0036094843
175,5,Tag,What contracts?,neutral,"No seriously, y’know the contracts I gave you, did you overnight them?
What contracts?","No seriously, y’know the contracts I gave you, did you overnight them?
What contracts?",neutral,4,4,neutral,True,0.011655373,0.0010770528,0.0055289413,0.0040438683,0.7275604,0.006350344,0.24378398
175,6,Rachel,Okay please tell me that this is just one of your jokes that you do that I don’t get.,joy,"What contracts?
Okay please tell me that this is just one of your jokes that you do that I don’t get.","What contracts?
Okay please tell me that this is just one of your jokes that you do that I don’t get.",joy,3,4,neutral,False,0.21258521,0.04007195,0.036334045,0.015303143,0.6316563,0.05834402,0.005705412
175,7,Tag,Like what?,neutral,"Okay please tell me that this is just one of your jokes that you do that I don’t get.
Like what?","Okay please tell me that this is just one of your jokes that you do that I don’t get.
Like what?",neutral,4,4,neutral,True,0.0182215,0.0017500684,0.010074157,0.0100246,0.8607874,0.009170788,0.08997162
175,8,Rachel,"Y’know, like the thing when you put the phone in your pants?",disgust,"Like what?
Y’know, like the thing when you put the phone in your pants?","Like what?
Y’know, like the thing when you put the phone in your pants?",disgust,1,4,neutral,False,0.017089253,0.021135688,0.0048490223,0.015425145,0.93359697,0.00661382,0.0012900991
175,9,Rachel,Tag!,anger,"Y’know, like the thing when you put the phone in your pants?
Tag!","Y’know, like the thing when you put the phone in your pants?
Tag!",anger,0,0,anger,True,0.7195693,0.028848916,0.011355095,0.06512785,0.0566497,0.017529638,0.100919515
175,10,Rachel,I’m serious!,anger,"Tag!
I’m serious!","Tag!
I’m serious!",anger,0,6,surprise,False,0.091582455,0.008422158,0.016046682,0.38066927,0.09356263,0.019599427,0.3901174
175,11,Rachel,This isn’t funny!,anger,"I’m serious!
This isn’t funny!","I’m serious!
This isn’t funny!",anger,0,0,anger,True,0.69244534,0.07013383,0.07261985,0.009206784,0.010939084,0.056893833,0.08776133
175,12,Rachel,Those contracts absolutely had to go out today!,anger,"This isn’t funny!
Those contracts absolutely had to go out today!","This isn’t funny!
Those contracts absolutely had to go out today!",anger,0,0,anger,True,0.4897828,0.026515739,0.025065413,0.1724921,0.05627726,0.06883653,0.16103022
175,13,Tag,"Rach, I’m sorry, but you didn’t give me any contracts!",surprise,"Those contracts absolutely had to go out today!
Rach, I’m sorry, but you didn’t give me any contracts!","Those contracts absolutely had to go out today!
Rach, I’m sorry, but you didn’t give me any contracts!",surprise,6,3,joy,False,0.1242785,0.009706236,0.059431076,0.28869975,0.1951053,0.15384363,0.16893557
175,14,Rachel,Yes I did! And I put a little,anger,"Rach, I’m sorry, but you didn’t give me any contracts!
Yes I did! And I put a little","Rach, I’m sorry, but you didn’t give me any contracts!
Yes I did! And I put a little",anger,0,3,joy,False,0.06520158,0.0028200839,0.012208128,0.71163464,0.18918781,0.012023296,0.006924487
175,15,Tag,"I’m telling you, you never gave them to me.",neutral,"Yes I did! And I put a little
I’m telling you, you never gave them to me.","Yes I did! And I put a little
I’m telling you, you never gave them to me.",neutral,4,4,neutral,True,0.19672868,0.009581686,0.0095533235,0.09573252,0.64495826,0.03769971,0.0057458403
175,16,Rachel,"Y’know what Tag, if we went down to the office you would see those contracts sitting on your desk.",anger,"I’m telling you, you never gave them to me.
Y’know what Tag, if we went down to the office you would see those contracts sitting on your desk.","I’m telling you, you never gave them to me.
Y’know what Tag, if we went down to the office you would see those contracts sitting on your desk.",anger,0,4,neutral,False,0.003129893,0.0007106833,0.000943779,0.00243193,0.9904378,0.0013533703,0.0009925358
175,17,Tag,"No, I would see you looking embarrassed because they are",anger,"Y’know what Tag, if we went down to the office you would see those contracts sitting on your desk.
No, I would see you looking embarrassed because they are","Y’know what Tag, if we went down to the office you would see those contracts sitting on your desk.
No, I would see you looking embarrassed because they are",anger,0,4,neutral,False,0.03826748,0.015058807,0.009596876,0.016956842,0.884271,0.014383946,0.021465007
175,18,Rachel,Or maybe you would see me looking embarrassed because you are talking on the phone with your crotch!,disgust,"No, I would see you looking embarrassed because they are
Or maybe you would see me looking embarrassed because you are talking on the phone with your crotch!","No, I would see you looking embarrassed because they are
Or maybe you would see me looking embarrassed because you are talking on the phone with your crotch!",disgust,1,1,disgust,True,0.19995688,0.37088668,0.015630933,0.02624856,0.025311192,0.035459664,0.32650617
175,19,Tag,You wanna go down to the office right now?,neutral,"Or maybe you would see me looking embarrassed because you are talking on the phone with your crotch!
You wanna go down to the office right now?","Or maybe you would see me looking embarrassed because you are talking on the phone with your crotch!
You wanna go down to the office right now?",neutral,4,4,neutral,True,0.021620661,0.038456894,0.0112027265,0.020761643,0.8719585,0.008655087,0.027344469
175,20,Rachel,"No! Come on its late, we’re not gonna go down to the office.",anger,"You wanna go down to the office right now?
No! Come on its late, we’re not gonna go down to the office.","You wanna go down to the office right now?
No! Come on its late, we’re not gonna go down to the office.",anger,0,4,neutral,False,0.25349998,0.0133522125,0.03055249,0.2156878,0.44407317,0.03220792,0.010626413
175,21,Tag,Okay I understand.  I wouldn’t want to be proved wrong either.,neutral,"No! Come on its late, we’re not gonna go down to the office.
Okay I understand.  I wouldn’t want to be proved wrong either.","No! Come on its late, we’re not gonna go down to the office.
Okay I understand.  I wouldn’t want to be proved wrong either.",neutral,4,4,neutral,True,0.11119579,0.015067067,0.22214936,0.079372026,0.44270253,0.12494245,0.004570822
175,22,Rachel,Okay get your coat!  Oh! When did you unhook this?  Nice work!,joy,"Okay I understand.  I wouldn’t want to be proved wrong either.
Okay get your coat!  Oh! When did you unhook this?  Nice work!","Okay I understand.  I wouldn’t want to be proved wrong either.
Okay get your coat!  Oh! When did you unhook this?  Nice work!",joy,3,3,joy,True,0.123813875,0.008499354,0.010713004,0.53162646,0.060328875,0.015241786,0.2497766
176,1,Ross,Nice to meet you.,neutral,"Hey Ross, this is one of my co-stars, Dirk.  Dirk, this    is my good friend Ross.
Nice to meet you.","Hey Ross, this is one of my co-stars, Dirk.  Dirk, this    is my good friend Ross.
Nice to meet you.",neutral,4,4,neutral,True,0.0014414724,0.00064967177,0.0009053676,0.0064546857,0.9864957,0.0013385168,0.0027147017
177,1,Monica,About what?,neutral,"Oh and I need to talk to you.
About what?","Oh and I need to talk to you.
About what?",neutral,4,4,neutral,True,0.008454225,0.0011420132,0.012759505,0.008444853,0.91967183,0.006128944,0.04339852
177,2,Phoebe,To see if know what these guys are talking about.,neutral,"About what?
To see if know what these guys are talking about.","About what?
To see if know what these guys are talking about.",neutral,4,4,neutral,True,0.003262513,0.0011385102,0.0016263952,0.0035112286,0.9881634,0.0012338308,0.0010641536
178,1,Phoebe,I’m doing okay. I think it’s going well. Do you think they’re having fun? Am I talking to fast?,neutral,"Pheebs, how’s it going?
I’m doing okay. I think it’s going well. Do you think they’re having fun? Am I talking to fast?","Pheebs, how’s it going?
I’m doing okay. I think it’s going well. Do you think they’re having fun? Am I talking to fast?",neutral,4,4,neutral,True,0.07919822,0.012386629,0.06714498,0.10561528,0.6662042,0.04879713,0.02065358
178,2,Monica,"Nope, sound like me. Pheebs, it’s going great. Look at Chandler with little baby girl Chandler.",joy,"I’m doing okay. I think it’s going well. Do you think they’re having fun? Am I talking to fast?
Nope, sound like me. Pheebs, it’s going great. Look at Chandler with little baby girl Chandler.","I’m doing okay. I think it’s going well. Do you think they’re having fun? Am I talking to fast?
Nope, sound like me. Pheebs, it’s going great. Look at Chandler with little baby girl Chandler.",joy,3,3,joy,True,0.03327743,0.017238125,0.006917817,0.5941038,0.3230889,0.016971476,0.00840236
178,3,Chandler,"Little baby girl Chandler, where I have heard that before?",neutral,"Nope, sound like me. Pheebs, it’s going great. Look at Chandler with little baby girl Chandler.
Little baby girl Chandler, where I have heard that before?","Nope, sound like me. Pheebs, it’s going great. Look at Chandler with little baby girl Chandler.
Little baby girl Chandler, where I have heard that before?",neutral,4,6,surprise,False,0.03214565,0.003339623,0.010427647,0.023112347,0.2644339,0.016884206,0.64965665
178,4,Chandler,"Oh right, Coach Ruben.",neutral,"Little baby girl Chandler, where I have heard that before?
Oh right, Coach Ruben.","Little baby girl Chandler, where I have heard that before?
Oh right, Coach Ruben.",neutral,4,4,neutral,True,0.0019000998,0.0006685788,0.0010860424,0.007147016,0.98699445,0.001537245,0.00066659076
178,5,Chandler,Do you know what Pheebs?,neutral,"Oh right, Coach Ruben.
Do you know what Pheebs?","Oh right, Coach Ruben.
Do you know what Pheebs?",neutral,4,4,neutral,True,0.0068728267,0.0012135901,0.0017444575,0.0045524323,0.96121293,0.00248923,0.021914545
178,6,Chandler,"When you’re done over there, we kinda have a situation over here too.",fear,"Do you know what Pheebs?
When you’re done over there, we kinda have a situation over here too.","Do you know what Pheebs?
When you’re done over there, we kinda have a situation over here too.",fear,2,4,neutral,False,0.08442886,0.04109036,0.06122992,0.0133934105,0.728142,0.066036835,0.005678579
178,7,Phoebe,"Na-uh, no, we are all responsible for our own babies.",neutral,"When you’re done over there, we kinda have a situation over here too.
Na-uh, no, we are all responsible for our own babies.","When you’re done over there, we kinda have a situation over here too.
Na-uh, no, we are all responsible for our own babies.",neutral,4,4,neutral,True,0.018346362,0.010629311,0.10523565,0.016868314,0.8008694,0.04293247,0.0051184855
178,8,Chandler,See that’s where I think that you’re wrong. We’ve been playing these babies man for man. we should really be playing a zone defense.,neutral,"Na-uh, no, we are all responsible for our own babies.
See that’s where I think that you’re wrong. We’ve been playing these babies man for man. we should really be playing a zone defense.","Na-uh, no, we are all responsible for our own babies.
See that’s where I think that you’re wrong. We’ve been playing these babies man for man. we should really be playing a zone defense.",neutral,4,4,neutral,True,0.026119556,0.019527027,0.009103931,0.056232,0.8766219,0.010667282,0.0017283617
178,9,Monica,What do you mean?,surprise,"See that’s where I think that you’re wrong. We’ve been playing these babies man for man. we should really be playing a zone defense.
What do you mean?","See that’s where I think that you’re wrong. We’ve been playing these babies man for man. we should really be playing a zone defense.
What do you mean?",surprise,6,4,neutral,False,0.01982988,0.003111979,0.016015857,0.01781122,0.7613995,0.013793608,0.16803795
179,1,Joey,"Well, I'm totally over it Chandler. Friends forever! Don't come out here!",anger,"Forgive me? You haven't been taking my calls in a week!
Well, I'm totally over it Chandler. Friends forever! Don't come out here!","Forgive me? You haven't been taking my calls in a week!
Well, I'm totally over it Chandler. Friends forever! Don't come out here!",anger,0,0,anger,True,0.5682907,0.021954805,0.10044239,0.14044717,0.03216451,0.12567121,0.0110292295
179,2,Chandler,"Uh, what was that?",surprise,"Well, I'm totally over it Chandler. Friends forever! Don't come out here!
Uh, what was that?","Well, I'm totally over it Chandler. Friends forever! Don't come out here!
Uh, what was that?",surprise,6,6,surprise,True,0.023832839,0.0045974976,0.05407333,0.014384481,0.4065587,0.043012958,0.4535402
179,3,Joey,"Uh,",neutral,"Uh, what was that?
Uh,","Uh, what was that?
Uh,",neutral,4,4,neutral,True,0.008857699,0.0067953495,0.14848022,0.013044569,0.75622106,0.035726853,0.030874263
180,1,Chandler,"That sounds good. I'll call you- or you call me, whatever...",neutral,"...I'm, I'm okay.
That sounds good. I'll call you- or you call me, whatever...","...I'm, I'm okay.
That sounds good. I'll call you- or you call me, whatever...",neutral,4,4,neutral,True,0.21574056,0.059662733,0.15885133,0.14010353,0.3685339,0.051752973,0.005354946
180,2,Chandler,Okay.,neutral,"That sounds good. I'll call you- or you call me, whatever...
Okay.","That sounds good. I'll call you- or you call me, whatever...
Okay.",neutral,4,4,neutral,True,0.07081436,0.03297046,0.042549837,0.06418888,0.7688247,0.017723411,0.0029283494
180,3,All,Bye.,neutral,"Okay.
Bye.","Okay.
Bye.",neutral,4,4,neutral,True,0.001171782,0.00056766253,0.0011037197,0.0035285498,0.99103993,0.001528372,0.0010600272
180,4,Phoebe,Whoo-hoo!,joy,"Bye.
Whoo-hoo!","Bye.
Whoo-hoo!",joy,3,3,joy,True,0.030407501,0.009384932,0.0072209067,0.64497244,0.062257174,0.007788404,0.23796865
180,5,Monica,"Yeah, there you go!",joy,"Whoo-hoo!
Yeah, there you go!","Whoo-hoo!
Yeah, there you go!",joy,3,3,joy,True,0.0129583,0.0013518352,0.002041694,0.83837926,0.13869052,0.002963706,0.0036147535
180,6,Ross,Second date!,joy,"Yeah, there you go!
Second date!","Yeah, there you go!
Second date!",joy,3,3,joy,True,0.017944828,0.0015547165,0.0016508431,0.9009125,0.054677885,0.0029668112,0.020292427
180,7,Chandler,...I dunno.,neutral,"Second date!
...I dunno.","Second date!
...I dunno.",neutral,4,4,neutral,True,0.0027414956,0.0014688484,0.0036797759,0.0077771023,0.980623,0.0021237473,0.0015858981
180,8,Chandler,"Well, she seems very nice and everything, but that whole thing about her coming all the way down here, just to see if I was okay?",anger,"...I dunno.
Well, she seems very nice and everything, but that whole thing about her coming all the way down here, just to see if I was okay?","...I dunno.
Well, she seems very nice and everything, but that whole thing about her coming all the way down here, just to see if I was okay?",anger,0,4,neutral,False,0.122095324,0.009059572,0.030309353,0.022397961,0.7687337,0.028252224,0.01915187
180,9,Chandler,"I mean,... how needy is that?",disgust,"Well, she seems very nice and everything, but that whole thing about her coming all the way down here, just to see if I was okay?
I mean,... how needy is that?","Well, she seems very nice and everything, but that whole thing about her coming all the way down here, just to see if I was okay?
I mean,... how needy is that?",disgust,1,4,neutral,False,0.025389638,0.015559495,0.008463969,0.008822952,0.6594444,0.021042226,0.26127738
181,1,Rachel,You're so pretty.,joy,"Remember when you where a kid and your Mom would drop you off at the movies with a jar of jam and a little spoon?
You're so pretty.","Remember when you where a kid and your Mom would drop you off at the movies with a jar of jam and a little spoon?
You're so pretty.",joy,3,3,joy,True,0.025944896,0.019057551,0.008799876,0.77751344,0.03403205,0.11761841,0.017033733
181,2,Phoebe,Hi!,joy,"You're so pretty.
Hi!","You're so pretty.
Hi!",joy,3,3,joy,True,0.012569533,0.0014647287,0.0025288016,0.79634446,0.1306636,0.004189287,0.052239567
181,3,All,"Hey, Phoebe.",neutral,"Hi!
Hey, Phoebe.","Hi!
Hey, Phoebe.",neutral,4,4,neutral,True,0.0014989774,0.0004991514,0.0008050125,0.0023317456,0.9898571,0.0016754684,0.0033326165
181,4,Phoebe,"Hey, oh, you know that guy who's been following me? I talked to him today.",neutral,"Hey, Phoebe.
Hey, oh, you know that guy who's been following me? I talked to him today.","Hey, Phoebe.
Hey, oh, you know that guy who's been following me? I talked to him today.",neutral,4,4,neutral,True,0.1189938,0.03375991,0.02639212,0.020208841,0.56067,0.048047494,0.19192782
181,5,Joey,You talked to him. Are you crazy?,surprise,"Hey, oh, you know that guy who's been following me? I talked to him today.
You talked to him. Are you crazy?","Hey, oh, you know that guy who's been following me? I talked to him today.
You talked to him. Are you crazy?",surprise,6,0,anger,False,0.5078721,0.04142607,0.025020491,0.010532324,0.027713442,0.02815492,0.35928062
182,1,Phoebe,"Now, that's trash. Young lady, you can't…  Hey! Stop that young lady, she donated trash!",anger,"Thank you, Happy Holidays.
Now, that's trash. Young lady, you can't…  Hey! Stop that young lady, she donated trash!","Thank you, Happy Holidays.
Now, that's trash. Young lady, you can't…  Hey! Stop that young lady, she donated trash!",anger,0,0,anger,True,0.82618606,0.063668825,0.02850515,0.021829633,0.015246853,0.027063707,0.017499818
182,2,Phoebe,Hey!!,anger,"Now, that's trash. Young lady, you can't…  Hey! Stop that young lady, she donated trash!
Hey!!","Now, that's trash. Young lady, you can't…  Hey! Stop that young lady, she donated trash!
Hey!!",anger,0,0,anger,True,0.6860848,0.059858304,0.02857832,0.040330663,0.020043375,0.026664566,0.13844
182,3,Phoebe,The charity's on fire!,fear,"Hey!!
The charity's on fire!","Hey!!
The charity's on fire!",fear,2,0,anger,False,0.42268074,0.03549897,0.034717683,0.03347342,0.021128636,0.07516675,0.37733376
182,4,Phoebe,Help!,fear,"The charity's on fire!
Help!","The charity's on fire!
Help!",fear,2,3,joy,False,0.22075258,0.008099677,0.038874593,0.47407842,0.18794495,0.049662787,0.020586997
182,5,Phoebe,Oh good!,joy,"Help!
Oh good!","Help!
Oh good!",joy,3,3,joy,True,0.0069908593,0.001141351,0.0018552352,0.93879294,0.033329073,0.0042462125,0.013644287
182,6,Phoebe,"Thank you, I need that.",joy,"Oh good!
Thank you, I need that.","Oh good!
Thank you, I need that.",joy,3,4,neutral,False,0.002838769,0.0007287831,0.0021133043,0.018363526,0.9709179,0.003921471,0.0011162744
182,7,Phoebe,Whoa!,surprise,"Thank you, I need that.
Whoa!","Thank you, I need that.
Whoa!",surprise,6,6,surprise,True,0.0053113177,0.0029133086,0.0049234414,0.0046455925,0.0048502223,0.0048417044,0.97251445
182,8,Phoebe,What is that?!,surprise,"Whoa!
What is that?!","Whoa!
What is that?!",surprise,6,6,surprise,True,0.005094234,0.0015614392,0.003345693,0.0024727855,0.014507237,0.0035271132,0.96949154
182,9,Phoebe,It's nine o'clock in the morning!,surprise,"What is that?!
It's nine o'clock in the morning!","What is that?!
It's nine o'clock in the morning!",surprise,6,3,joy,False,0.040829245,0.00312016,0.005398953,0.5219921,0.32572612,0.007218358,0.09571502
183,1,Joey,"Uh yeah, where-where’s the guy who decides who’s pictures go up on the wall?",neutral,"Can I help you?
Uh yeah, where-where’s the guy who decides who’s pictures go up on the wall?","Can I help you?
Uh yeah, where-where’s the guy who decides who’s pictures go up on the wall?",neutral,4,4,neutral,True,0.0019010627,0.0010127109,0.0016171973,0.0037783335,0.98803294,0.0015397578,0.0021180257
183,2,Female Clerk,He’s not here right now.,neutral,"Uh yeah, where-where’s the guy who decides who’s pictures go up on the wall?
He’s not here right now.","Uh yeah, where-where’s the guy who decides who’s pictures go up on the wall?
He’s not here right now.",neutral,4,0,anger,False,0.4624649,0.05166739,0.027013205,0.013077573,0.18549353,0.110421866,0.14986162
183,3,Joey,"Oh, you’re kidding me!",anger,"He’s not here right now.
Oh, you’re kidding me!","He’s not here right now.
Oh, you’re kidding me!",anger,0,6,surprise,False,0.10003971,0.013560741,0.009444127,0.00710737,0.007147634,0.013232624,0.8494679
183,4,Joey,"All-all right, well make sure you tell him that Joey Tribbiani stopped by to drop off all of these clothes.",neutral,"Oh, you’re kidding me!
All-all right, well make sure you tell him that Joey Tribbiani stopped by to drop off all of these clothes.","Oh, you’re kidding me!
All-all right, well make sure you tell him that Joey Tribbiani stopped by to drop off all of these clothes.",neutral,4,4,neutral,True,0.0042472417,0.0014655453,0.0012489863,0.0035445383,0.98699516,0.001683621,0.0008149006
183,5,Joey,Okay?,neutral,"All-all right, well make sure you tell him that Joey Tribbiani stopped by to drop off all of these clothes.
Okay?","All-all right, well make sure you tell him that Joey Tribbiani stopped by to drop off all of these clothes.
Okay?",neutral,4,4,neutral,True,0.012723171,0.0014914703,0.008665137,0.009315251,0.95798457,0.0050290315,0.0047913273
183,6,Joey,I’m an actor. I’m kinda getting my picture up there on the wall.,neutral,"Okay?
I’m an actor. I’m kinda getting my picture up there on the wall.","Okay?
I’m an actor. I’m kinda getting my picture up there on the wall.",neutral,4,3,joy,False,0.0415268,0.029658249,0.0063419254,0.8103877,0.085475035,0.01112738,0.015482938
183,7,Female Clerk,"Y’know, there are two people who could put your picture up there.",neutral,"I’m an actor. I’m kinda getting my picture up there on the wall.
Y’know, there are two people who could put your picture up there.","I’m an actor. I’m kinda getting my picture up there on the wall.
Y’know, there are two people who could put your picture up there.",neutral,4,4,neutral,True,0.0025340277,0.0011255252,0.001221961,0.007994401,0.9832129,0.0023525755,0.0015587412
183,8,Joey,"Oh really? Well, maybe you and I go out for drinks?  You’re the other one right?",neutral,"Y’know, there are two people who could put your picture up there.
Oh really? Well, maybe you and I go out for drinks?  You’re the other one right?","Y’know, there are two people who could put your picture up there.
Oh really? Well, maybe you and I go out for drinks?  You’re the other one right?",neutral,4,4,neutral,True,0.0149502745,0.004644875,0.012982493,0.04938799,0.66952294,0.015362467,0.23314905
184,1,Monica,What?! You’re crazy! There’s nothing sexual about the noises I make!,surprise,"Yeah, and it really freaked me out! And after a while I even tried to hurt you and it just spurred you on.
What?! You’re crazy! There’s nothing sexual about the noises I make!","Yeah, and it really freaked me out! And after a while I even tried to hurt you and it just spurred you on.
What?! You’re crazy! There’s nothing sexual about the noises I make!",surprise,6,6,surprise,True,0.13412099,0.011404842,0.032601673,0.035566308,0.042612646,0.029665109,0.71402836
184,2,Phoebe,There’s nothing sexual about this?,anger,"What?! You’re crazy! There’s nothing sexual about the noises I make!
There’s nothing sexual about this?","What?! You’re crazy! There’s nothing sexual about the noises I make!
There’s nothing sexual about this?",anger,0,0,anger,True,0.7740149,0.018483207,0.040844478,0.031428635,0.073274925,0.03290394,0.029049885
184,3,Phoebe,Oo God!,sadness,"There’s nothing sexual about this?
Oo God!","There’s nothing sexual about this?
Oo God!",sadness,5,6,surprise,False,0.027312156,0.04764313,0.016389646,0.041095834,0.011800326,0.021175442,0.8345836
184,4,Phoebe,What are you looking at?!,anger,"Oo God!
What are you looking at?!","Oo God!
What are you looking at?!",anger,0,6,surprise,False,0.009583046,0.001259503,0.0047541643,0.0030471093,0.074889496,0.0046086763,0.90185803
184,5,Phoebe,I mean hi.,neutral,"What are you looking at?!
I mean hi.","What are you looking at?!
I mean hi.",neutral,4,4,neutral,True,0.0010850598,0.00043116644,0.0017652493,0.004489471,0.98855734,0.0017074597,0.0019642145
184,6,Monica,"Oh my—This is so embarrassing. Oh my God, I’m never gonna get massaged again!",fear,"I mean hi.
Oh my—This is so embarrassing. Oh my God, I’m never gonna get massaged again!","I mean hi.
Oh my—This is so embarrassing. Oh my God, I’m never gonna get massaged again!",fear,2,5,sadness,False,0.06787052,0.040588595,0.05213118,0.100326695,0.025646802,0.70104563,0.012390615
184,7,Phoebe,"No, you can’t let this stop you from getting massages!",sadness,"Oh my—This is so embarrassing. Oh my God, I’m never gonna get massaged again!
No, you can’t let this stop you from getting massages!","Oh my—This is so embarrassing. Oh my God, I’m never gonna get massaged again!
No, you can’t let this stop you from getting massages!",sadness,5,0,anger,False,0.4917711,0.04120993,0.16965692,0.0813492,0.05442748,0.12534091,0.036244478
184,8,Phoebe,"No look, I have, I have lots of clients that make the same noises you do!",neutral,"No, you can’t let this stop you from getting massages!
No look, I have, I have lots of clients that make the same noises you do!","No, you can’t let this stop you from getting massages!
No look, I have, I have lots of clients that make the same noises you do!",neutral,4,0,anger,False,0.47497368,0.0969004,0.025853291,0.07204345,0.16705123,0.11425217,0.04892579
184,9,Monica,Really?!,surprise,"No look, I have, I have lots of clients that make the same noises you do!
Really?!","No look, I have, I have lots of clients that make the same noises you do!
Really?!",surprise,6,6,surprise,True,0.008279867,0.0035447928,0.0048837173,0.004202137,0.0041054855,0.0055847433,0.96939933
184,10,Phoebe,"Well not clients, lovers. But let’s just y’know, try it again. Come back and-and we’ll work through it.",neutral,"Really?!
Well not clients, lovers. But let’s just y’know, try it again. Come back and-and we’ll work through it.","Really?!
Well not clients, lovers. But let’s just y’know, try it again. Come back and-and we’ll work through it.",neutral,4,4,neutral,True,0.020160437,0.005594828,0.012344431,0.09982767,0.8526085,0.008420515,0.0010435041
184,11,Monica,Are you sure?,surprise,"Well not clients, lovers. But let’s just y’know, try it again. Come back and-and we’ll work through it.
Are you sure?","Well not clients, lovers. But let’s just y’know, try it again. Come back and-and we’ll work through it.
Are you sure?",surprise,6,4,neutral,False,0.02949902,0.002353806,0.025862569,0.06369642,0.51514405,0.021348828,0.34209532
184,12,Phoebe,Yes.,neutral,"Are you sure?
Yes.","Are you sure?
Yes.",neutral,4,4,neutral,True,0.0031662602,0.0012139721,0.004308595,0.031188954,0.9535664,0.004840238,0.0017156157
184,13,Monica,I guess.,neutral,"Yes.
I guess.","Yes.
I guess.",neutral,4,4,neutral,True,0.0030977346,0.0012859335,0.008040613,0.0075587765,0.9661239,0.008486349,0.0054067695
184,14,Phoebe,"Great! Okay, if you’ll just excuse me.  So, did you hear something you liked?",joy,"I guess.
Great! Okay, if you’ll just excuse me.  So, did you hear something you liked?","I guess.
Great! Okay, if you’ll just excuse me.  So, did you hear something you liked?",joy,3,4,neutral,False,0.021937402,0.0030946077,0.006107701,0.4550659,0.48089674,0.008580951,0.024316655
185,1,Ross,"Yeah, we’re done.",neutral,"Thanks for the coffee, or bedankt voor de koffie, Gunter.
Yeah, we’re done.","Thanks for the coffee, or bedankt voor de koffie, Gunter.
Yeah, we’re done.",neutral,4,4,neutral,True,0.0027497248,0.0015323538,0.002069474,0.012530078,0.9785582,0.0018558598,0.0007043536
185,2,Ross,Ezel? Ezel? Ezel?,surprise,"Yeah, we’re done.
Ezel? Ezel? Ezel?","Yeah, we’re done.
Ezel? Ezel? Ezel?",surprise,6,6,surprise,True,0.024169726,0.0024968267,0.013928652,0.011179281,0.24077709,0.011172466,0.69627595
185,3,Joey,"Hey Ross! Listen, do you want to go see that new Imax movie on tide pools?",joy,"Ezel? Ezel? Ezel?
Hey Ross! Listen, do you want to go see that new Imax movie on tide pools?","Ezel? Ezel? Ezel?
Hey Ross! Listen, do you want to go see that new Imax movie on tide pools?",joy,3,4,neutral,False,0.014849556,0.0018745855,0.0058229365,0.12558375,0.8321212,0.0060944986,0.013653469
185,4,Ross,Really?!,surprise,"Hey Ross! Listen, do you want to go see that new Imax movie on tide pools?
Really?!","Hey Ross! Listen, do you want to go see that new Imax movie on tide pools?
Really?!",surprise,6,6,surprise,True,0.0054140654,0.0019534878,0.0040730624,0.0067241597,0.0070325155,0.004591333,0.97021145
185,5,Joey,"No. But I got Knicks tickets for you, me, and Chandler.",neutral,"Really?!
No. But I got Knicks tickets for you, me, and Chandler.","Really?!
No. But I got Knicks tickets for you, me, and Chandler.",neutral,4,4,neutral,True,0.010937751,0.0035354595,0.0019322026,0.083304085,0.88276523,0.009314607,0.008210635
185,6,Ross,Sweet!,joy,"No. But I got Knicks tickets for you, me, and Chandler.
Sweet!","No. But I got Knicks tickets for you, me, and Chandler.
Sweet!",joy,3,3,joy,True,0.0066309166,0.001541405,0.0013664943,0.95929295,0.020863753,0.002710924,0.0075935973
185,7,Joey,"All right, well finish your coffee; let’s go.",neutral,"Sweet!
All right, well finish your coffee; let’s go.","Sweet!
All right, well finish your coffee; let’s go.",neutral,4,4,neutral,True,0.0025290458,0.0024328078,0.0023925484,0.009004506,0.98044544,0.0024110354,0.0007846514
186,1,Ross,"Uh actually, sorry I can’t even make it. I’m seeing Mona again tonight.",neutral,"Ah, no-no-no just Ross. Ross and Joey is embarrassing enough.
Uh actually, sorry I can’t even make it. I’m seeing Mona again tonight.","Ah, no-no-no just Ross. Ross and Joey is embarrassing enough.
Uh actually, sorry I can’t even make it. I’m seeing Mona again tonight.",neutral,4,5,sadness,False,0.04253334,0.015878925,0.06971789,0.07576853,0.16640419,0.60518277,0.02451439
186,2,Chandler,I understand: who would cancel an actual date to go to a fake bachelor party?,neutral,"Uh actually, sorry I can’t even make it. I’m seeing Mona again tonight.
I understand: who would cancel an actual date to go to a fake bachelor party?","Uh actually, sorry I can’t even make it. I’m seeing Mona again tonight.
I understand: who would cancel an actual date to go to a fake bachelor party?",neutral,4,4,neutral,True,0.1672912,0.0066674477,0.023518773,0.026341317,0.65734196,0.05288491,0.06595441
186,3,Joey,I’m sorry I gotta cancel tonight baby,sadness,"I understand: who would cancel an actual date to go to a fake bachelor party?
I’m sorry I gotta cancel tonight baby","I understand: who would cancel an actual date to go to a fake bachelor party?
I’m sorry I gotta cancel tonight baby",sadness,5,5,sadness,True,0.02186645,0.006026202,0.035073612,0.1364549,0.15497519,0.6335597,0.012043823
187,1,Rachel,"Well umm, that one is pretty but uh, I just, I just love this fabric  Sorry.",neutral,"So it's down to these two, Nancy I know you like this one and I think I agree. Rachel, what do you think?
Well umm, that one is pretty but uh, I just, I just love this fabric  Sorry.","So it's down to these two, Nancy I know you like this one and I think I agree. Rachel, what do you think?
Well umm, that one is pretty but uh, I just, I just love this fabric  Sorry.",neutral,4,3,joy,False,0.0094133485,0.002198646,0.0027685582,0.95483613,0.018054314,0.006889137,0.0058398442
187,2,Kim,"Oh don't be sorry, that's part of your job here to give your opinions and then I take credit for them--I'm kidding.",neutral,"Well umm, that one is pretty but uh, I just, I just love this fabric  Sorry.
Oh don't be sorry, that's part of your job here to give your opinions and then I take credit for them--I'm kidding.","Well umm, that one is pretty but uh, I just, I just love this fabric  Sorry.
Oh don't be sorry, that's part of your job here to give your opinions and then I take credit for them--I'm kidding.",neutral,4,4,neutral,True,0.11036366,0.027795784,0.07890076,0.10697674,0.5776649,0.08934474,0.008953437
187,3,Nancy,"She is kidding, but don't ever disagree with her again. Okay, now I'm kidding!",joy,"Oh don't be sorry, that's part of your job here to give your opinions and then I take credit for them--I'm kidding.
She is kidding, but don't ever disagree with her again. Okay, now I'm kidding!","Oh don't be sorry, that's part of your job here to give your opinions and then I take credit for them--I'm kidding.
She is kidding, but don't ever disagree with her again. Okay, now I'm kidding!",joy,3,0,anger,False,0.585625,0.02844913,0.04692749,0.118792154,0.07562467,0.039912928,0.10466859
187,4,Rachel,"Oh, what a fun office.",joy,"She is kidding, but don't ever disagree with her again. Okay, now I'm kidding!
Oh, what a fun office.","She is kidding, but don't ever disagree with her again. Okay, now I'm kidding!
Oh, what a fun office.",joy,3,3,joy,True,0.014047627,0.0051242607,0.0016945819,0.89708894,0.06839108,0.0044646924,0.009188783
187,5,Kim,"I don't know which one, but I do know I need a cigarette.",neutral,"Oh, what a fun office.
I don't know which one, but I do know I need a cigarette.","Oh, what a fun office.
I don't know which one, but I do know I need a cigarette.",neutral,4,4,neutral,True,0.002591685,0.002764378,0.00407253,0.0072265984,0.97802174,0.002867202,0.0024558557
187,6,Kim,"So what do you say we take a break, we go outside, and we'll figure this out when we come back?",neutral,"I don't know which one, but I do know I need a cigarette.
So what do you say we take a break, we go outside, and we'll figure this out when we come back?","I don't know which one, but I do know I need a cigarette.
So what do you say we take a break, we go outside, and we'll figure this out when we come back?",neutral,4,4,neutral,True,0.0124863135,0.0045392523,0.0067627854,0.015788937,0.9529329,0.006272716,0.0012171451
187,7,Kim,Rachel? Do you smoke?,neutral,"So what do you say we take a break, we go outside, and we'll figure this out when we come back?
Rachel? Do you smoke?","So what do you say we take a break, we go outside, and we'll figure this out when we come back?
Rachel? Do you smoke?",neutral,4,4,neutral,True,0.017516488,0.003881678,0.015878063,0.010743421,0.59861326,0.012950005,0.34041703
187,8,Rachel,"Oh no, my dad's a doctor and he would always tell me just horror stories……about ghosts and goblins who totally supported the princess's right to smoke.",neutral,"Rachel? Do you smoke?
Oh no, my dad's a doctor and he would always tell me just horror stories……about ghosts and goblins who totally supported the princess's right to smoke.","Rachel? Do you smoke?
Oh no, my dad's a doctor and he would always tell me just horror stories……about ghosts and goblins who totally supported the princess's right to smoke.",neutral,4,4,neutral,True,0.06047818,0.056440447,0.057889715,0.08682468,0.6069548,0.10985204,0.021560125
188,1,Ross,Peach pit.,neutral,"What?
Peach pit.","What?
Peach pit.",neutral,4,4,neutral,True,0.003276734,0.0020132666,0.0010914127,0.008258002,0.980031,0.0030450937,0.0022845075
188,2,Chandler,"Yes, Bunny?",neutral,"Peach pit.
Yes, Bunny?","Peach pit.
Yes, Bunny?",neutral,4,4,neutral,True,0.008912033,0.0014950333,0.007039051,0.0071681016,0.8266683,0.0053513492,0.14336601
188,3,Ross,"Peach pit. That night we, uh- we had-",neutral,"Yes, Bunny?
Peach pit. That night we, uh- we had-","Yes, Bunny?
Peach pit. That night we, uh- we had-",neutral,4,4,neutral,True,0.022352166,0.011507759,0.3102724,0.039405297,0.49207425,0.082517974,0.041870225
188,4,Joey,-Peaches?,neutral,"Peach pit. That night we, uh- we had-
-Peaches?","Peach pit. That night we, uh- we had-
-Peaches?",neutral,4,4,neutral,True,0.019796908,0.009680902,0.09912826,0.0513402,0.60131073,0.0398976,0.17884536
188,5,Ross,"Actually, nectarines, but basically...",neutral,"-Peaches?
Actually, nectarines, but basically...","-Peaches?
Actually, nectarines, but basically...",neutral,4,4,neutral,True,0.0027870417,0.0018914028,0.0028864592,0.006653304,0.98032045,0.004096442,0.0013648999
188,6,Chandler,Could've been a peach.,neutral,"Actually, nectarines, but basically...
Could've been a peach.","Actually, nectarines, but basically...
Could've been a peach.",neutral,4,4,neutral,True,0.005832619,0.0049792905,0.002809974,0.03248198,0.92395693,0.008312837,0.021626353
188,7,Ross,"Then, uh, then we got dressed, and I-I... I walked her to the-  -the bus stop... I'm fine.",neutral,"Could've been a peach.
Then, uh, then we got dressed, and I-I... I walked her to the-  -the bus stop... I'm fine.","Could've been a peach.
Then, uh, then we got dressed, and I-I... I walked her to the-  -the bus stop... I'm fine.",neutral,4,4,neutral,True,0.028876172,0.0102883475,0.115165025,0.022033075,0.7257676,0.09409346,0.003776233
188,8,Joey,"Hey, that woman's got an ass like Carol's!  What? Thought we were trying to find stuff.",joy,"Then, uh, then we got dressed, and I-I... I walked her to the-  -the bus stop... I'm fine.
Hey, that woman's got an ass like Carol's!  What? Thought we were trying to find stuff.","Then, uh, then we got dressed, and I-I... I walked her to the-  -the bus stop... I'm fine.
Hey, that woman's got an ass like Carol's!  What? Thought we were trying to find stuff.",joy,3,6,surprise,False,0.013186022,0.0022189703,0.0029470108,0.0041416744,0.021307856,0.004826223,0.95137215
189,1,Joey,Westminster Abbey!,joy,"All right!
Westminster Abbey!","All right!
Westminster Abbey!",joy,3,3,joy,True,0.0398725,0.0020708207,0.0029884384,0.8377632,0.08747522,0.0048579155,0.024971958
189,2,Joey,"Hands down, best Abbey I’ve ever seen.",joy,"Westminster Abbey!
Hands down, best Abbey I’ve ever seen.","Westminster Abbey!
Hands down, best Abbey I’ve ever seen.",joy,3,4,neutral,False,0.019580826,0.0032120994,0.0022168409,0.25047538,0.70478487,0.008856724,0.010873321
189,3,Joey,Hey!,joy,"Hands down, best Abbey I’ve ever seen.
Hey!","Hands down, best Abbey I’ve ever seen.
Hey!",joy,3,6,surprise,False,0.016515601,0.0031095492,0.006417386,0.2668126,0.16555895,0.008035997,0.5335499
189,4,Joey,Okay.,neutral,"Hey!
Okay.","Hey!
Okay.",neutral,4,4,neutral,True,0.001251293,0.00048360348,0.000980996,0.003256002,0.9917881,0.0010291237,0.0012108843
189,5,Joey,"What do you think of the Abbey, Chandler?",neutral,"Okay.
What do you think of the Abbey, Chandler?","Okay.
What do you think of the Abbey, Chandler?",neutral,4,4,neutral,True,0.013300828,0.0018232833,0.005946297,0.005381654,0.822786,0.0064773965,0.14428459
189,6,Chandler,"I think it’s great. It’s great. Y’know, they’re thinking of changing the name of this place.",neutral,"What do you think of the Abbey, Chandler?
I think it’s great. It’s great. Y’know, they’re thinking of changing the name of this place.","What do you think of the Abbey, Chandler?
I think it’s great. It’s great. Y’know, they’re thinking of changing the name of this place.",neutral,4,3,joy,False,0.012512125,0.0038162514,0.0033159237,0.7528447,0.21616131,0.008930537,0.0024191902
189,7,Joey,Really? To what?,surprise,"I think it’s great. It’s great. Y’know, they’re thinking of changing the name of this place.
Really? To what?","I think it’s great. It’s great. Y’know, they’re thinking of changing the name of this place.
Really? To what?",surprise,6,6,surprise,True,0.007230043,0.0012931749,0.0060611684,0.004665991,0.020293625,0.006297102,0.9541588
189,8,Chandler,To Put the Camera Away!!!,anger,"Really? To what?
To Put the Camera Away!!!","Really? To what?
To Put the Camera Away!!!",anger,0,0,anger,True,0.5231011,0.010919509,0.02986904,0.043536615,0.032929882,0.026125792,0.33351803
189,9,Joey,"Man,",neutral,"To Put the Camera Away!!!
Man,","To Put the Camera Away!!!
Man,",neutral,4,4,neutral,True,0.2765935,0.008948866,0.014500003,0.069958605,0.5550863,0.019795973,0.055116702
190,1,Rachel,"Chandler, there’s a guy right over there.",neutral,"Y'know, I can't believe I'm getting my nails done!  And
Chandler, there’s a guy right over there.","Y'know, I can't believe I'm getting my nails done!  And
Chandler, there’s a guy right over there.",neutral,4,4,neutral,True,0.052403446,0.045909766,0.0057281503,0.11522003,0.6841056,0.027595418,0.06903764
190,2,Chandler,That’s a mailman! That’s,surprise,"Chandler, there’s a guy right over there.
That’s a mailman! That’s","Chandler, there’s a guy right over there.
That’s a mailman! That’s",surprise,6,6,surprise,True,0.020103093,0.0028499106,0.0040489757,0.007321379,0.37747657,0.008907347,0.5792928
190,3,Rachel,"Chandler, don’t worry! This doesn’t make you any less of a guy!",neutral,"That’s a mailman! That’s
Chandler, don’t worry! This doesn’t make you any less of a guy!","That’s a mailman! That’s
Chandler, don’t worry! This doesn’t make you any less of a guy!",neutral,4,3,joy,False,0.19197181,0.006468504,0.011746379,0.4318522,0.33862898,0.012178877,0.007153222
190,4,Chandler,"Hey, you know who used to have nails like that?",neutral,"Chandler, don’t worry! This doesn’t make you any less of a guy!
Hey, you know who used to have nails like that?","Chandler, don’t worry! This doesn’t make you any less of a guy!
Hey, you know who used to have nails like that?",neutral,4,4,neutral,True,0.018225573,0.0020458887,0.0038297288,0.007821034,0.70705074,0.0071622347,0.25386477
191,1,Rachel,What?,neutral,"Eh..., I don’t, I don’t know.
What?","Eh..., I don’t, I don’t know.
What?",neutral,4,6,surprise,False,0.01166126,0.0017424063,0.022473395,0.011156363,0.36280578,0.014860878,0.5752999
191,2,Chandler,"Well, as old as he is in dog years, do you think Snoopy should still be allowed to fly this thing?",sadness,"What?
Well, as old as he is in dog years, do you think Snoopy should still be allowed to fly this thing?","What?
Well, as old as he is in dog years, do you think Snoopy should still be allowed to fly this thing?",sadness,5,4,neutral,False,0.07652624,0.025777576,0.005959063,0.040345617,0.8294528,0.01943931,0.002499439
191,3,Gunther,Rachel?,neutral,"Well, as old as he is in dog years, do you think Snoopy should still be allowed to fly this thing?
Rachel?","Well, as old as he is in dog years, do you think Snoopy should still be allowed to fly this thing?
Rachel?",neutral,4,4,neutral,True,0.2240754,0.006743056,0.028884538,0.018933574,0.34641546,0.030263873,0.34468418
191,4,Rachel,Yeah.,neutral,"Rachel?
Yeah.","Rachel?
Yeah.",neutral,4,4,neutral,True,0.0015843048,0.001076733,0.0026026047,0.004630397,0.98607165,0.0024422375,0.0015921827
191,5,Gunther,"Do you remember when you first came here, how you spent two weeks getting trained by another waitress?",neutral,"Yeah.
Do you remember when you first came here, how you spent two weeks getting trained by another waitress?","Yeah.
Do you remember when you first came here, how you spent two weeks getting trained by another waitress?",neutral,4,4,neutral,True,0.16648042,0.015248685,0.012377352,0.023381121,0.66430026,0.036336873,0.08187532
191,6,Rachel,"Oh, sure! Do you need me to train somebody new?",joy,"Do you remember when you first came here, how you spent two weeks getting trained by another waitress?
Oh, sure! Do you need me to train somebody new?","Do you remember when you first came here, how you spent two weeks getting trained by another waitress?
Oh, sure! Do you need me to train somebody new?",joy,3,4,neutral,False,0.035167612,0.0031263623,0.012074142,0.3967363,0.46998373,0.015411139,0.06750075
191,7,Gunther,"Good one. Actually, ah, Terry wants you to take the training again, whenever.",neutral,"Oh, sure! Do you need me to train somebody new?
Good one. Actually, ah, Terry wants you to take the training again, whenever.","Oh, sure! Do you need me to train somebody new?
Good one. Actually, ah, Terry wants you to take the training again, whenever.",neutral,4,4,neutral,True,0.0044935974,0.001165959,0.0017512201,0.014794491,0.97468555,0.0025094652,0.0005996866
191,8,Rachel,"Eh, do you believe that?",surprise,"Good one. Actually, ah, Terry wants you to take the training again, whenever.
Eh, do you believe that?","Good one. Actually, ah, Terry wants you to take the training again, whenever.
Eh, do you believe that?",surprise,6,6,surprise,True,0.063373774,0.0037952324,0.02968684,0.05222599,0.20855351,0.021764668,0.6205999
191,9,Chandler,Yeah?,neutral,"Eh, do you believe that?
Yeah?","Eh, do you believe that?
Yeah?",neutral,4,4,neutral,True,0.007285097,0.0013250293,0.008576746,0.0057301647,0.7454353,0.0059975483,0.22565015
192,1,Monica,"No, you said the baby creeps you out.",neutral,"Hey honey, you got the kind with the little girl, you said we were gonna to get the kind with the baby.
No, you said the baby creeps you out.","Hey honey, you got the kind with the little girl, you said we were gonna to get the kind with the baby.
No, you said the baby creeps you out.",neutral,4,4,neutral,True,0.08290943,0.22669497,0.055691462,0.05992015,0.31756973,0.25239366,0.0048205745
192,2,Chandler,"No, the little girl creeps me out.",anger,"No, you said the baby creeps you out.
No, the little girl creeps me out.","No, you said the baby creeps you out.
No, the little girl creeps me out.",anger,0,3,joy,False,0.1761715,0.080070496,0.039145987,0.37742898,0.21244818,0.11059665,0.0041382746
192,3,Monica,You said the baby.,neutral,"No, the little girl creeps me out.
You said the baby.","No, the little girl creeps me out.
You said the baby.",neutral,4,4,neutral,True,0.007703844,0.002161894,0.012092796,0.06470614,0.86336625,0.038046576,0.01192241
192,4,Chandler,Why would the baby creep me out?,anger,"You said the baby.
Why would the baby creep me out?","You said the baby.
Why would the baby creep me out?",anger,0,4,neutral,False,0.17981632,0.027503984,0.059811834,0.041134425,0.39884254,0.14661504,0.14627582
192,5,Monica,Why would the little girl creep you out?,anger,"Why would the baby creep me out?
Why would the little girl creep you out?","Why would the baby creep me out?
Why would the little girl creep you out?",anger,0,0,anger,True,0.45012137,0.054746483,0.03527839,0.07781449,0.21564825,0.12900192,0.037389185
192,6,Phoebe,"You guys, I’m sorry, could you please talk a little slower?",neutral,"Why would the little girl creep you out?
You guys, I’m sorry, could you please talk a little slower?","Why would the little girl creep you out?
You guys, I’m sorry, could you please talk a little slower?",neutral,4,4,neutral,True,0.01508362,0.003053415,0.03256351,0.009626084,0.8689483,0.06535389,0.0053712265
192,7,Chandler,This is going in your book?,surprise,"You guys, I’m sorry, could you please talk a little slower?
This is going in your book?","You guys, I’m sorry, could you please talk a little slower?
This is going in your book?",surprise,6,4,neutral,False,0.02047597,0.002118827,0.0054951212,0.0050345394,0.7614379,0.0071134944,0.19832413
192,8,Phoebe,"Yeah, it’s about relationships. Y’know? The traps, the pitfalls, what not to do, keep going. This stuff is great!",joy,"This is going in your book?
Yeah, it’s about relationships. Y’know? The traps, the pitfalls, what not to do, keep going. This stuff is great!","This is going in your book?
Yeah, it’s about relationships. Y’know? The traps, the pitfalls, what not to do, keep going. This stuff is great!",joy,3,3,joy,True,0.02744851,0.0044532074,0.003558681,0.906705,0.035591103,0.006104627,0.016138911
192,9,Monica,What?! Excuse me!,surprise,"Yeah, it’s about relationships. Y’know? The traps, the pitfalls, what not to do, keep going. This stuff is great!
What?! Excuse me!","Yeah, it’s about relationships. Y’know? The traps, the pitfalls, what not to do, keep going. This stuff is great!
What?! Excuse me!",surprise,6,6,surprise,True,0.035234615,0.004205483,0.004987868,0.0043667112,0.005427072,0.006905093,0.93887323
192,10,Phoebe,And how none of it matters when the people really love each other.,neutral,"What?! Excuse me!
And how none of it matters when the people really love each other.","What?! Excuse me!
And how none of it matters when the people really love each other.",neutral,4,4,neutral,True,0.03494438,0.0049094763,0.003875871,0.02526536,0.9201341,0.0076900464,0.003180746
192,11,Phoebe,And how people will believe anything you tell them as long as it’s a compliment.,neutral,"And how none of it matters when the people really love each other.
And how people will believe anything you tell them as long as it’s a compliment.","And how none of it matters when the people really love each other.
And how people will believe anything you tell them as long as it’s a compliment.",neutral,4,4,neutral,True,0.010377067,0.006093891,0.0028750645,0.101988964,0.8625227,0.014796008,0.0013462331
193,1,Ross,I’m on time!,joy,"Yes, I made it!
I’m on time!","Yes, I made it!
I’m on time!",joy,3,3,joy,True,0.043087956,0.0017862642,0.0044545545,0.82918227,0.111129664,0.004866953,0.005492351
193,2,Ross,"Okay, why don’t we all uh,  open our books to page 23.",neutral,"I’m on time!
Okay, why don’t we all uh,  open our books to page 23.","I’m on time!
Okay, why don’t we all uh,  open our books to page 23.",neutral,4,4,neutral,True,0.0028345722,0.0014564802,0.004032476,0.0055059674,0.9823788,0.0026746958,0.0011170226
193,3,Ross,Where…  Where you will see…a uh…a bunch of uh…red spots.,neutral,"Okay, why don’t we all uh,  open our books to page 23.
Where…  Where you will see…a uh…a bunch of uh…red spots.","Okay, why don’t we all uh,  open our books to page 23.
Where…  Where you will see…a uh…a bunch of uh…red spots.",neutral,4,4,neutral,True,0.0071666674,0.00585497,0.062411435,0.008669129,0.88253677,0.02199012,0.011370908
193,4,Ross,"Okay,  umm, why don’t, why don’t you all start to read, while I—",neutral,"Where…  Where you will see…a uh…a bunch of uh…red spots.
Okay,  umm, why don’t, why don’t you all start to read, while I—","Where…  Where you will see…a uh…a bunch of uh…red spots.
Okay,  umm, why don’t, why don’t you all start to read, while I—",neutral,4,4,neutral,True,0.0123238275,0.006632792,0.16188478,0.01613888,0.7466358,0.03673327,0.019650659
194,1,Rachel,"Ross! What are you… I'm sorry sir. I just, I think he just really likes you.",neutral,"Yeah, all right. All right! Just keep walkin'! All right?
Ross! What are you… I'm sorry sir. I just, I think he just really likes you.","Yeah, all right. All right! Just keep walkin'! All right?
Ross! What are you… I'm sorry sir. I just, I think he just really likes you.",neutral,4,5,sadness,False,0.16630068,0.016296936,0.13788787,0.11647602,0.15952748,0.21396716,0.18954387
194,2,Ross,Hey! Y'know that teacher who had a baby with her student?,neutral,"Ross! What are you… I'm sorry sir. I just, I think he just really likes you.
Hey! Y'know that teacher who had a baby with her student?","Ross! What are you… I'm sorry sir. I just, I think he just really likes you.
Hey! Y'know that teacher who had a baby with her student?",neutral,4,4,neutral,True,0.14002201,0.005689352,0.01836891,0.15671691,0.5220161,0.024054317,0.13313241
194,3,Ross,What the? What,surprise,"Hey! Y'know that teacher who had a baby with her student?
What the? What","Hey! Y'know that teacher who had a baby with her student?
What the? What",surprise,6,6,surprise,True,0.0067017544,0.001371485,0.0053506666,0.0035652847,0.17244676,0.005556199,0.8050079
194,4,Flight Attendant,Miss? May I help you?,neutral,"What the? What
Miss? May I help you?","What the? What
Miss? May I help you?",neutral,4,4,neutral,True,0.0033967984,0.00051850366,0.002570987,0.005898263,0.9732357,0.0025454871,0.011834296
195,1,Chandler,"But after I unpacked the boxes I wanted to do something nice for you, so, I-I-I cleaned the apartment.",neutral,"Okay look, don't...don't be mad okay?
But after I unpacked the boxes I wanted to do something nice for you, so, I-I-I cleaned the apartment.","Okay look, don't...don't be mad okay?
But after I unpacked the boxes I wanted to do something nice for you, so, I-I-I cleaned the apartment.",neutral,4,4,neutral,True,0.14263959,0.037843563,0.1184279,0.0769313,0.4833425,0.13503191,0.005783225
195,2,Chandler,"So I moved everything around and then I forgot where it, where it went back and I'm sorry, I'm very sorry, I'm sorry, I'm sorry.",sadness,"But after I unpacked the boxes I wanted to do something nice for you, so, I-I-I cleaned the apartment.
So I moved everything around and then I forgot where it, where it went back and I'm sorry, I'm very sorry, I'm sorry, I'm sorry.","But after I unpacked the boxes I wanted to do something nice for you, so, I-I-I cleaned the apartment.
So I moved everything around and then I forgot where it, where it went back and I'm sorry, I'm very sorry, I'm sorry, I'm sorry.",sadness,5,5,sadness,True,0.017429732,0.0057353904,0.0415555,0.05013282,0.032535765,0.84080726,0.011803466
195,3,Monica,"It's okay. Chandler, are you afraid of me or something?",neutral,"So I moved everything around and then I forgot where it, where it went back and I'm sorry, I'm very sorry, I'm sorry, I'm sorry.
It's okay. Chandler, are you afraid of me or something?","So I moved everything around and then I forgot where it, where it went back and I'm sorry, I'm very sorry, I'm sorry, I'm sorry.
It's okay. Chandler, are you afraid of me or something?",neutral,4,2,fear,False,0.26797295,0.013232746,0.27588135,0.02152929,0.2513131,0.11450481,0.05556579
195,4,Chandler,Do you want me to be afraid of you?,neutral,"It's okay. Chandler, are you afraid of me or something?
Do you want me to be afraid of you?","It's okay. Chandler, are you afraid of me or something?
Do you want me to be afraid of you?",neutral,4,0,anger,False,0.3924449,0.02511822,0.21702425,0.016811116,0.20040672,0.081181675,0.06701314
195,5,Monica,Of course not.,neutral,"Do you want me to be afraid of you?
Of course not.","Do you want me to be afraid of you?
Of course not.",neutral,4,4,neutral,True,0.017822422,0.0054543293,0.016076306,0.013166834,0.9367668,0.009396088,0.0013172679
195,6,Monica,"I mean gosh, Chandler what you did, it's, it's a wonderful thing and I really appreciate it.",joy,"Of course not.
I mean gosh, Chandler what you did, it's, it's a wonderful thing and I really appreciate it.","Of course not.
I mean gosh, Chandler what you did, it's, it's a wonderful thing and I really appreciate it.",joy,3,3,joy,True,0.03126945,0.0058881394,0.0068750987,0.62147987,0.30387563,0.028589383,0.0020224052
195,7,Monica,"I know I have this weird thing where I want everything to be in the perfect place, but I'd never expect you to worry about that.",joy,"I mean gosh, Chandler what you did, it's, it's a wonderful thing and I really appreciate it.
I know I have this weird thing where I want everything to be in the perfect place, but I'd never expect you to worry about that.","I mean gosh, Chandler what you did, it's, it's a wonderful thing and I really appreciate it.
I know I have this weird thing where I want everything to be in the perfect place, but I'd never expect you to worry about that.",joy,3,3,joy,True,0.08967816,0.009621913,0.038301103,0.44215193,0.2910233,0.12432077,0.004902825
195,8,Chandler,Really?,surprise,"I know I have this weird thing where I want everything to be in the perfect place, but I'd never expect you to worry about that.
Really?","I know I have this weird thing where I want everything to be in the perfect place, but I'd never expect you to worry about that.
Really?",surprise,6,6,surprise,True,0.008219462,0.0017121494,0.0062595103,0.0067778137,0.013027906,0.007235244,0.95676804
195,9,Monica,Of course!,neutral,"Really?
Of course!","Really?
Of course!",neutral,4,3,joy,False,0.028652292,0.0020062462,0.0032689585,0.8739231,0.07560932,0.0054898537,0.011050121
195,10,Chandler,Oh well you're the best. You come here to me.,joy,"Of course!
Oh well you're the best. You come here to me.","Of course!
Oh well you're the best. You come here to me.",joy,3,0,anger,False,0.74097854,0.04936765,0.03969561,0.019508757,0.055198964,0.055691637,0.039558765
195,11,Monica,"All right, hold on okay? First thing's first.  Okay, now did Ross sit",neutral,"Oh well you're the best. You come here to me.
All right, hold on okay? First thing's first.  Okay, now did Ross sit","Oh well you're the best. You come here to me.
All right, hold on okay? First thing's first.  Okay, now did Ross sit",neutral,4,4,neutral,True,0.0034627747,0.00052919245,0.0018448522,0.00245448,0.9876916,0.0018883053,0.0021288255
196,1,Monica,"A Magic Eight ball?! You can't be serious, you can't make this decision with a toy!",disgust,"Okay, that's it. I cannot make this decision! It is
A Magic Eight ball?! You can't be serious, you can't make this decision with a toy!","Okay, that's it. I cannot make this decision! It is
A Magic Eight ball?! You can't be serious, you can't make this decision with a toy!",disgust,1,0,anger,False,0.59266007,0.015070065,0.05446054,0.16663922,0.05251208,0.03224988,0.086408086
196,2,Phoebe,"Ooh, it's not a toy.",anger,"A Magic Eight ball?! You can't be serious, you can't make this decision with a toy!
Ooh, it's not a toy.","A Magic Eight ball?! You can't be serious, you can't make this decision with a toy!
Ooh, it's not a toy.",anger,0,4,neutral,False,0.14533333,0.034038786,0.0416732,0.031250473,0.6605172,0.05323776,0.03394932
196,3,Ross,"Well, I don't know what else to do.",sadness,"Ooh, it's not a toy.
Well, I don't know what else to do.","Ooh, it's not a toy.
Well, I don't know what else to do.",sadness,5,4,neutral,False,0.008787663,0.0029028258,0.011745766,0.028025975,0.9307896,0.013425437,0.0043227733
196,4,Ross,"I mean, I either keep my wife and lose one of my-my-my best friends or I keep my friend and get divorced the second time before I'm 30!",anger,"Well, I don't know what else to do.
I mean, I either keep my wife and lose one of my-my-my best friends or I keep my friend and get divorced the second time before I'm 30!","Well, I don't know what else to do.
I mean, I either keep my wife and lose one of my-my-my best friends or I keep my friend and get divorced the second time before I'm 30!",anger,0,0,anger,True,0.74754584,0.011683656,0.05575072,0.052115873,0.024972407,0.09493099,0.013000487
196,5,Ross,"So-so if anyone has-has a better suggestion, let's hear it!",anger,"I mean, I either keep my wife and lose one of my-my-my best friends or I keep my friend and get divorced the second time before I'm 30!
So-so if anyone has-has a better suggestion, let's hear it!","I mean, I either keep my wife and lose one of my-my-my best friends or I keep my friend and get divorced the second time before I'm 30!
So-so if anyone has-has a better suggestion, let's hear it!",anger,0,4,neutral,False,0.10029701,0.005491913,0.010912837,0.24761249,0.62281734,0.010668808,0.0021997064
196,6,Ross,'Cause I-I got nothing!,anger,"So-so if anyone has-has a better suggestion, let's hear it!
'Cause I-I got nothing!","So-so if anyone has-has a better suggestion, let's hear it!
'Cause I-I got nothing!",anger,0,0,anger,True,0.35949975,0.0110230595,0.07880051,0.21419896,0.25836957,0.062664814,0.015443333
196,7,Ross,"All right, don't be shy, any suggestion will do.",anger,"'Cause I-I got nothing!
All right, don't be shy, any suggestion will do.","'Cause I-I got nothing!
All right, don't be shy, any suggestion will do.",anger,0,4,neutral,False,0.0069069983,0.0022105786,0.0051189186,0.008305484,0.9744476,0.0023648147,0.00064562476
196,8,Ross,Okay then.,neutral,"All right, don't be shy, any suggestion will do.
Okay then.","All right, don't be shy, any suggestion will do.
Okay then.",neutral,4,4,neutral,True,0.0029083511,0.0011224982,0.002583922,0.00682224,0.9843609,0.0015837402,0.000618356
196,9,Ross,Here we go.,neutral,"Okay then.
Here we go.","Okay then.
Here we go.",neutral,4,4,neutral,True,0.0029253147,0.0014717123,0.0017601914,0.006698957,0.984245,0.0022153612,0.0006834686
196,10,Ross,"Magic 8 Ball, should I never see Rachel again?",neutral,"Here we go.
Magic 8 Ball, should I never see Rachel again?","Here we go.
Magic 8 Ball, should I never see Rachel again?",neutral,4,4,neutral,True,0.11380255,0.00898152,0.05827669,0.15381941,0.526045,0.13409588,0.004978941
196,11,Ross,Ask again later.,neutral,"Magic 8 Ball, should I never see Rachel again?
Ask again later.","Magic 8 Ball, should I never see Rachel again?
Ask again later.",neutral,4,4,neutral,True,0.0025446396,0.00063488743,0.0014690633,0.0052266717,0.9856309,0.002302165,0.0021916395
196,12,Ross,Later is not good enough.,anger,"Ask again later.
Later is not good enough.","Ask again later.
Later is not good enough.",anger,0,4,neutral,False,0.041727915,0.014347247,0.007852178,0.06282629,0.8141903,0.054742545,0.0043134545
196,13,Ross,Ask again later.,neutral,"Later is not good enough.
Ask again later.","Later is not good enough.
Ask again later.",neutral,4,4,neutral,True,0.0019170963,0.00058450433,0.0010548526,0.0034998478,0.9901659,0.0016526576,0.0011251534
196,14,Ross,What the hell!,anger,"Ask again later.
What the hell!","Ask again later.
What the hell!",anger,0,0,anger,True,0.51971716,0.11348325,0.010776243,0.024248397,0.013775569,0.026950642,0.29104877
196,15,Ross,This is broken!,anger,"What the hell!
This is broken!","What the hell!
This is broken!",anger,0,0,anger,True,0.8281829,0.052011542,0.010022575,0.018912349,0.0124795735,0.020503603,0.057887416
196,16,Ross,It-it is broken!,anger,"This is broken!
It-it is broken!","This is broken!
It-it is broken!",anger,0,0,anger,True,0.38856626,0.019124525,0.2636251,0.13916738,0.03282282,0.116910934,0.039783034
196,17,Monica,"All right, let me see.  Will Chandler have sex tonight?  Don't count on it. Seems like it works to me.",neutral,"It-it is broken!
All right, let me see.  Will Chandler have sex tonight?  Don't count on it. Seems like it works to me.","It-it is broken!
All right, let me see.  Will Chandler have sex tonight?  Don't count on it. Seems like it works to me.",neutral,4,3,joy,False,0.043596346,0.0080132475,0.0063275183,0.4746289,0.44636056,0.015535145,0.00553831
197,1,Phoebe,Yeah?,neutral,"Excuse me.
Yeah?","Excuse me.
Yeah?",neutral,4,4,neutral,True,0.01042192,0.0019204466,0.012505049,0.006939287,0.48974213,0.008724825,0.4697463
197,2,The Fan,Are you Phoebe Buffay?,neutral,"Yeah?
Are you Phoebe Buffay?","Yeah?
Are you Phoebe Buffay?",neutral,4,4,neutral,True,0.032718822,0.006219963,0.0052981484,0.0057812533,0.5236074,0.0076758075,0.41869858
197,3,Phoebe,Yeah.,neutral,"Are you Phoebe Buffay?
Yeah.","Are you Phoebe Buffay?
Yeah.",neutral,4,4,neutral,True,0.0012026454,0.0013323604,0.0014546183,0.0031570233,0.9896311,0.0014976638,0.0017246234
197,4,The Fan,"Can-can I get your autograph, I’m your biggest fan.",joy,"Yeah.
Can-can I get your autograph, I’m your biggest fan.","Yeah.
Can-can I get your autograph, I’m your biggest fan.",joy,3,3,joy,True,0.01384994,0.0032342784,0.0017635262,0.93940663,0.031429242,0.005684665,0.00463183
198,1,Ross,"Ah...ooh! Well, looks like, uh, we kicked your butts.",joy,"I think she took it pretty well. You know Paolo's over there right now, so...
Ah...ooh! Well, looks like, uh, we kicked your butts.","I think she took it pretty well. You know Paolo's over there right now, so...
Ah...ooh! Well, looks like, uh, we kicked your butts.",joy,3,1,disgust,False,0.10544714,0.25480616,0.045312513,0.19781218,0.11720795,0.06096366,0.2184504
198,2,Joey,"No-no, she kicked our butts. You could be on the Olympic standing-there team.",anger,"Ah...ooh! Well, looks like, uh, we kicked your butts.
No-no, she kicked our butts. You could be on the Olympic standing-there team.","Ah...ooh! Well, looks like, uh, we kicked your butts.
No-no, she kicked our butts. You could be on the Olympic standing-there team.",anger,0,4,neutral,False,0.011890681,0.0043683653,0.0066794534,0.0870715,0.8744867,0.0076410733,0.00786211
198,3,Ross,"Come on, two on one.",neutral,"No-no, she kicked our butts. You could be on the Olympic standing-there team.
Come on, two on one.","No-no, she kicked our butts. You could be on the Olympic standing-there team.
Come on, two on one.",neutral,4,4,neutral,True,0.0057620746,0.0019229348,0.0014225675,0.011387222,0.97679,0.0017507517,0.00096453424
198,4,Chandler,"What are you still doing here? She just broke up with the guy, it's time for you to swoop in!",surprise,"Come on, two on one.
What are you still doing here? She just broke up with the guy, it's time for you to swoop in!","Come on, two on one.
What are you still doing here? She just broke up with the guy, it's time for you to swoop in!",surprise,6,0,anger,False,0.6444522,0.03704879,0.016511204,0.10235962,0.043588176,0.03479312,0.12124691
198,5,Ross,"What, now?",surprise,"What are you still doing here? She just broke up with the guy, it's time for you to swoop in!
What, now?","What are you still doing here? She just broke up with the guy, it's time for you to swoop in!
What, now?",surprise,6,4,neutral,False,0.03263684,0.0033907543,0.015121368,0.018677192,0.67133933,0.013713935,0.24512066
198,6,Joey,"Yes, now is when you swoop!",joy,"What, now?
Yes, now is when you swoop!","What, now?
Yes, now is when you swoop!",joy,3,0,anger,False,0.4140953,0.017990576,0.023925418,0.40295455,0.09702769,0.031334713,0.012671718
198,7,Joey,"You gotta make sure that when Paolo walks out of there, the first guy Rachel sees is you, She's gotta know that you're everything he's not!",joy,"Yes, now is when you swoop!
You gotta make sure that when Paolo walks out of there, the first guy Rachel sees is you, She's gotta know that you're everything he's not!","Yes, now is when you swoop!
You gotta make sure that when Paolo walks out of there, the first guy Rachel sees is you, She's gotta know that you're everything he's not!",joy,3,0,anger,False,0.42375016,0.014760009,0.032002233,0.2368199,0.24076617,0.042600777,0.00930076
198,8,Joey,"You're like, like the anti-Paolo!",anger,"You gotta make sure that when Paolo walks out of there, the first guy Rachel sees is you, She's gotta know that you're everything he's not!
You're like, like the anti-Paolo!","You gotta make sure that when Paolo walks out of there, the first guy Rachel sees is you, She's gotta know that you're everything he's not!
You're like, like the anti-Paolo!",anger,0,0,anger,True,0.8016909,0.058603413,0.03644628,0.01797295,0.030747626,0.045936022,0.008602885
198,9,Chandler,My Catholic friend is right.,neutral,"You're like, like the anti-Paolo!
My Catholic friend is right.","You're like, like the anti-Paolo!
My Catholic friend is right.",neutral,4,4,neutral,True,0.01627635,0.0028945,0.0030080595,0.20324823,0.7642892,0.00902494,0.0012587215
198,10,Chandler,She's distraught.,neutral,"My Catholic friend is right.
She's distraught.","My Catholic friend is right.
She's distraught.",neutral,4,4,neutral,True,0.026566451,0.0038473215,0.01946762,0.029588373,0.7497533,0.16184846,0.008928483
198,11,Chandler,You're there for her.,neutral,"She's distraught.
You're there for her.","She's distraught.
You're there for her.",neutral,4,4,neutral,True,0.12114174,0.019759733,0.02800429,0.06800339,0.60607964,0.12867874,0.028332464
198,12,Chandler,"You pick up the pieces, and then you usher in the age of Ross!",joy,"You're there for her.
You pick up the pieces, and then you usher in the age of Ross!","You're there for her.
You pick up the pieces, and then you usher in the age of Ross!",joy,3,3,joy,True,0.11442043,0.0069318376,0.004650665,0.5456102,0.29985902,0.007183033,0.021344895
199,1,Phoebe,"Oh, how did it go?",sadness,"Well, I just called Joshua
Oh, how did it go?","Well, I just called Joshua
Oh, how did it go?",sadness,5,4,neutral,False,0.0022181242,0.00039171247,0.0023281006,0.0051084384,0.97186345,0.003115658,0.014974539
199,2,Rachel,"Well, I did my best to convince him that I’m not some crazy girl who is dying to get married—I’m just going through a hard time.",neutral,"Oh, how did it go?
Well, I did my best to convince him that I’m not some crazy girl who is dying to get married—I’m just going through a hard time.","Oh, how did it go?
Well, I did my best to convince him that I’m not some crazy girl who is dying to get married—I’m just going through a hard time.",neutral,4,5,sadness,False,0.059062574,0.007950632,0.07736037,0.10119341,0.24841167,0.49931514,0.006706273
199,3,Phoebe,What did he say?,neutral,"Well, I did my best to convince him that I’m not some crazy girl who is dying to get married—I’m just going through a hard time.
What did he say?","Well, I did my best to convince him that I’m not some crazy girl who is dying to get married—I’m just going through a hard time.
What did he say?",neutral,4,4,neutral,True,0.058326688,0.0051960894,0.07739517,0.051964954,0.5139745,0.0873837,0.20575896
199,4,Rachel,"Well uh, his answering machine was",sadness,"What did he say?
Well uh, his answering machine was","What did he say?
Well uh, his answering machine was",sadness,5,4,neutral,False,0.0019794663,0.0006141763,0.0037338992,0.0023037863,0.98370045,0.0031148626,0.004553361
199,5,Monica,"Ohh, sweetie!  Hey, I bet you anything that he’s gonna call you again.",sadness,"Well uh, his answering machine was
Ohh, sweetie!  Hey, I bet you anything that he’s gonna call you again.","Well uh, his answering machine was
Ohh, sweetie!  Hey, I bet you anything that he’s gonna call you again.",sadness,5,4,neutral,False,0.0034104646,0.0016760045,0.0024719818,0.023643648,0.9647178,0.0031806098,0.00089951896
199,6,Rachel,"Yeah, maybe, but I don’t think I even care.",sadness,"Ohh, sweetie!  Hey, I bet you anything that he’s gonna call you again.
Yeah, maybe, but I don’t think I even care.","Ohh, sweetie!  Hey, I bet you anything that he’s gonna call you again.
Yeah, maybe, but I don’t think I even care.",sadness,5,4,neutral,False,0.17653912,0.055634253,0.07019663,0.037052482,0.5344863,0.121845834,0.004245373
199,7,Rachel,I don’t think he’s the one I’m sad about.,sadness,"Yeah, maybe, but I don’t think I even care.
I don’t think he’s the one I’m sad about.","Yeah, maybe, but I don’t think I even care.
I don’t think he’s the one I’m sad about.",sadness,5,3,joy,False,0.07678255,0.0064587835,0.03266761,0.39750642,0.3781925,0.08793851,0.020453691
199,8,Rachel,"Y’know, I know that I said that I am totally okay with Ross getting married, but as it turns out, I don’t think I’m handling it all that well.",sadness,"I don’t think he’s the one I’m sad about.
Y’know, I know that I said that I am totally okay with Ross getting married, but as it turns out, I don’t think I’m handling it all that well.","I don’t think he’s the one I’m sad about.
Y’know, I know that I said that I am totally okay with Ross getting married, but as it turns out, I don’t think I’m handling it all that well.",sadness,5,5,sadness,True,0.09390263,0.008504809,0.05095498,0.1692254,0.27705404,0.39004597,0.010312134
199,9,Phoebe,"Yeah, maybe.",sadness,"Y’know, I know that I said that I am totally okay with Ross getting married, but as it turns out, I don’t think I’m handling it all that well.
Yeah, maybe.","Y’know, I know that I said that I am totally okay with Ross getting married, but as it turns out, I don’t think I’m handling it all that well.
Yeah, maybe.",sadness,5,4,neutral,False,0.0024129162,0.0018740132,0.0074483696,0.015486754,0.96519595,0.0055939993,0.001987926
199,10,Rachel,And I-I am just trying to figure out why.,sadness,"Yeah, maybe.
And I-I am just trying to figure out why.","Yeah, maybe.
And I-I am just trying to figure out why.",sadness,5,4,neutral,False,0.055278245,0.004715234,0.092453524,0.06290383,0.65518266,0.08924902,0.040217552
199,11,Phoebe,Any luck?,sadness,"And I-I am just trying to figure out why.
Any luck?","And I-I am just trying to figure out why.
Any luck?",sadness,5,4,neutral,False,0.0125122145,0.002382627,0.0028741776,0.09390934,0.87588954,0.006384111,0.0060479096
199,12,Rachel,"Well, yeah, y’know how Ross and I were on again, off again, on again, off again?",sadness,"Any luck?
Well, yeah, y’know how Ross and I were on again, off again, on again, off again?","Any luck?
Well, yeah, y’know how Ross and I were on again, off again, on again, off again?",sadness,5,4,neutral,False,0.02299863,0.0011585095,0.004202285,0.038339995,0.92550623,0.0047403406,0.0030540393
199,13,Rachel,"I guess I just figured that somewhere down the road, we would be on again.",sadness,"Well, yeah, y’know how Ross and I were on again, off again, on again, off again?
I guess I just figured that somewhere down the road, we would be on again.","Well, yeah, y’know how Ross and I were on again, off again, on again, off again?
I guess I just figured that somewhere down the road, we would be on again.",sadness,5,4,neutral,False,0.007543884,0.0016943845,0.0053405026,0.028020982,0.94824183,0.0072858618,0.0018725788
199,14,Monica,Again. Y’know what? I think we all did.,sadness,"I guess I just figured that somewhere down the road, we would be on again.
Again. Y’know what? I think we all did.","I guess I just figured that somewhere down the road, we would be on again.
Again. Y’know what? I think we all did.",sadness,5,4,neutral,False,0.022425743,0.0017490417,0.010784231,0.06842876,0.88022155,0.010638088,0.005752574
199,15,Ross,Hey!,joy,"Again. Y’know what? I think we all did.
Hey!","Again. Y’know what? I think we all did.
Hey!",joy,3,6,surprise,False,0.02381903,0.0030101878,0.0071858577,0.24115272,0.14363885,0.009913212,0.5712801
200,1,Joey,It was in my room all night!,anger,"I don’t get it!
It was in my room all night!","I don’t get it!
It was in my room all night!",anger,0,3,joy,False,0.33976644,0.01338061,0.0136793945,0.53142023,0.045837443,0.022546774,0.033369068
200,2,Joey,"And if she didn’t take it, and I didn’t take it; and you  didn’t take it, then who did?",anger,"It was in my room all night!
And if she didn’t take it, and I didn’t take it; and you  didn’t take it, then who did?","It was in my room all night!
And if she didn’t take it, and I didn’t take it; and you  didn’t take it, then who did?",anger,0,4,neutral,False,0.2938707,0.008386106,0.03283795,0.017709142,0.42673153,0.05398093,0.16648373
200,3,Joey,Shh!,anger,"And if she didn’t take it, and I didn’t take it; and you  didn’t take it, then who did?
Shh!","And if she didn’t take it, and I didn’t take it; and you  didn’t take it, then who did?
Shh!",anger,0,0,anger,True,0.7208483,0.015974408,0.07617187,0.03385117,0.04412055,0.056857374,0.052176252
200,4,Joey,We’re trying to think!,anger,"Shh!
We’re trying to think!","Shh!
We’re trying to think!",anger,0,0,anger,True,0.371842,0.020782366,0.06828352,0.1726335,0.102107875,0.05614755,0.20820326
201,1,Guy,What?!,surprise,"This is the unit for you my friend. Sturdy construction, tons of storage compartments, some big enough to fit a grown man.
What?!","This is the unit for you my friend. Sturdy construction, tons of storage compartments, some big enough to fit a grown man.
What?!",surprise,6,6,surprise,True,0.003941156,0.0009740803,0.0031700486,0.003186287,0.0096454285,0.0034765806,0.9756065
201,2,Joey,Oh yeah!,joy,"What?!
Oh yeah!","What?!
Oh yeah!",joy,3,3,joy,True,0.054983933,0.008132729,0.013053973,0.57004553,0.08017134,0.0131697925,0.26044267
201,3,Joey,I got in there myself once.,neutral,"Oh yeah!
I got in there myself once.","Oh yeah!
I got in there myself once.",neutral,4,4,neutral,True,0.007817827,0.001819601,0.0023696236,0.020519573,0.95109886,0.006107672,0.010266759
201,4,Joey,"My roommate bet me five bucks that I couldn’t, and then he stuck a board through the handles that locked me in.",neutral,"I got in there myself once.
My roommate bet me five bucks that I couldn’t, and then he stuck a board through the handles that locked me in.","I got in there myself once.
My roommate bet me five bucks that I couldn’t, and then he stuck a board through the handles that locked me in.",neutral,4,4,neutral,True,0.032254003,0.015309055,0.0034615935,0.07964484,0.84451884,0.018997882,0.0058138627
201,5,Joey,Yeah.,neutral,"My roommate bet me five bucks that I couldn’t, and then he stuck a board through the handles that locked me in.
Yeah.","My roommate bet me five bucks that I couldn’t, and then he stuck a board through the handles that locked me in.
Yeah.",neutral,4,4,neutral,True,0.0019219192,0.0012336447,0.001393449,0.0073975427,0.9856493,0.0017436453,0.0006604622
201,6,Joey,It was funny ‘til I started feeling like I was in a coffin.,neutral,"Yeah.
It was funny ‘til I started feeling like I was in a coffin.","Yeah.
It was funny ‘til I started feeling like I was in a coffin.",neutral,4,3,joy,False,0.03120505,0.040804528,0.01239361,0.40346202,0.38007277,0.12610959,0.005952473
201,7,Guy,"No, you, you can’t fit in that thing. That’s not deep enough.",neutral,"It was funny ‘til I started feeling like I was in a coffin.
No, you, you can’t fit in that thing. That’s not deep enough.","It was funny ‘til I started feeling like I was in a coffin.
No, you, you can’t fit in that thing. That’s not deep enough.",neutral,4,4,neutral,True,0.1257386,0.07505873,0.1322651,0.027902694,0.47821203,0.14871341,0.012109367
201,8,Joey,"Oh yeah?  If I can’t, I’ll knock five bucks off the price off the unit.",anger,"No, you, you can’t fit in that thing. That’s not deep enough.
Oh yeah?  If I can’t, I’ll knock five bucks off the price off the unit.","No, you, you can’t fit in that thing. That’s not deep enough.
Oh yeah?  If I can’t, I’ll knock five bucks off the price off the unit.",anger,0,4,neutral,False,0.027494038,0.0052633984,0.0121730035,0.14817187,0.75296986,0.016900664,0.037027128
201,9,Guy,"All right, you have yourself a deal.",neutral,"Oh yeah?  If I can’t, I’ll knock five bucks off the price off the unit.
All right, you have yourself a deal.","Oh yeah?  If I can’t, I’ll knock five bucks off the price off the unit.
All right, you have yourself a deal.",neutral,4,4,neutral,True,0.00298314,0.0011655453,0.001673418,0.009153393,0.9813571,0.0023200526,0.0013473008
201,10,Joey,Okay.  See?! I told ya!,surprise,"All right, you have yourself a deal.
Okay.  See?! I told ya!","All right, you have yourself a deal.
Okay.  See?! I told ya!",surprise,6,3,joy,False,0.27267817,0.007946216,0.029760651,0.36191192,0.17690785,0.027654134,0.123141065
201,11,Joey,"Sometimes I get in here just to get away from it! Hey, a nickel!!",anger,"Okay.  See?! I told ya!
Sometimes I get in here just to get away from it! Hey, a nickel!!","Okay.  See?! I told ya!
Sometimes I get in here just to get away from it! Hey, a nickel!!",anger,0,3,joy,False,0.0774799,0.005971057,0.006937075,0.737382,0.06396959,0.010835119,0.09742535
202,1,Rachel,Hey!,joy,"Hey! What’s up?
Hey!","Hey! What’s up?
Hey!",joy,3,3,joy,True,0.02454714,0.0030428194,0.004856609,0.7037924,0.123457156,0.0067540873,0.13354975
202,2,Joey,"Hey-hey, who’s your friend?  Hey!!",joy,"Hey!
Hey-hey, who’s your friend?  Hey!!","Hey!
Hey-hey, who’s your friend?  Hey!!",joy,3,3,joy,True,0.025198905,0.0028260956,0.004460837,0.7097778,0.10102586,0.006208793,0.1505018
202,3,Erin,Hey Joey!,joy,"Hey-hey, who’s your friend?  Hey!!
Hey Joey!","Hey-hey, who’s your friend?  Hey!!
Hey Joey!",joy,3,3,joy,True,0.020729378,0.0015724162,0.0027965053,0.8278465,0.11670479,0.0038601728,0.026490197
202,4,Joey,Erin! Still here!,joy,"Hey Joey!
Erin! Still here!","Hey Joey!
Erin! Still here!",joy,3,3,joy,True,0.036662236,0.0026935607,0.0037163442,0.65272605,0.14461811,0.0072084283,0.15237522
202,5,Rachel,"Yeah, we ended up spending the day together and had such a great time!",joy,"Erin! Still here!
Yeah, we ended up spending the day together and had such a great time!","Erin! Still here!
Yeah, we ended up spending the day together and had such a great time!",joy,3,3,joy,True,0.0067867655,0.0012854243,0.0012270787,0.96964407,0.011518998,0.0022653812,0.007272313
202,6,Joey,Why wouldn’t ya? Erin is great! Then-then there’s you guys.,joy,"Yeah, we ended up spending the day together and had such a great time!
Why wouldn’t ya? Erin is great! Then-then there’s you guys.","Yeah, we ended up spending the day together and had such a great time!
Why wouldn’t ya? Erin is great! Then-then there’s you guys.",joy,3,3,joy,True,0.009692008,0.0018234707,0.0016659561,0.8738448,0.10611445,0.003673961,0.0031853344
202,7,Erin,"Ohh, listen. I’ve got to get going. Today was great, thanks!",joy,"Why wouldn’t ya? Erin is great! Then-then there’s you guys.
Ohh, listen. I’ve got to get going. Today was great, thanks!","Why wouldn’t ya? Erin is great! Then-then there’s you guys.
Ohh, listen. I’ve got to get going. Today was great, thanks!",joy,3,3,joy,True,0.010772386,0.001412308,0.002517745,0.9341297,0.037779875,0.005303704,0.008084218
203,1,Rachel,"Y'know, I gotta tell ya, I just",neutral,"I think I brought back half of the beach in my hair. It was so much easier when I used to shave my head.
Y'know, I gotta tell ya, I just","I think I brought back half of the beach in my hair. It was so much easier when I used to shave my head.
Y'know, I gotta tell ya, I just",neutral,4,4,neutral,True,0.008517673,0.011040832,0.0190513,0.02112756,0.91919625,0.019679017,0.0013873578
203,2,Bonnie,Really?!,surprise,"Y'know, I gotta tell ya, I just
Really?!","Y'know, I gotta tell ya, I just
Really?!",surprise,6,3,joy,False,0.19385996,0.021526247,0.10915777,0.24905132,0.14386904,0.09043097,0.19210477
203,3,Rachel,Ohh!,surprise,"Really?!
Ohh!","Really?!
Ohh!",surprise,6,6,surprise,True,0.025209239,0.012734388,0.018735616,0.032176103,0.016054539,0.016801812,0.8782882
203,4,Bonnie,Because I think about shaving it all off again sometime.,neutral,"Ohh!
Because I think about shaving it all off again sometime.","Ohh!
Because I think about shaving it all off again sometime.",neutral,4,4,neutral,True,0.0029061816,0.0022113926,0.002290574,0.0099661155,0.9784153,0.0033208996,0.0008895477
203,5,Rachel,Really?!,surprise,"Because I think about shaving it all off again sometime.
Really?!","Because I think about shaving it all off again sometime.
Really?!",surprise,6,6,surprise,True,0.0039437353,0.0014664783,0.0030804307,0.002778608,0.0048344936,0.0035284366,0.9803678
203,6,Bonnie,Yeah!,joy,"Really?!
Yeah!","Really?!
Yeah!",joy,3,3,joy,True,0.049433738,0.0050647166,0.005294741,0.77732193,0.07512029,0.007481087,0.080283545
203,7,Rachel,I mean you definitely should do that.,neutral,"Yeah!
I mean you definitely should do that.","Yeah!
I mean you definitely should do that.",neutral,4,4,neutral,True,0.0073004765,0.004649582,0.0035104952,0.13335592,0.8454257,0.004184197,0.0015735888
203,8,Bonnie,"Y'know what, I should do it.",joy,"I mean you definitely should do that.
Y'know what, I should do it.","I mean you definitely should do that.
Y'know what, I should do it.",joy,3,4,neutral,False,0.06092979,0.01716296,0.06793206,0.320407,0.50867474,0.022319576,0.002573911
203,9,Rachel,Yeah!,joy,"Y'know what, I should do it.
Yeah!","Y'know what, I should do it.
Yeah!",joy,3,3,joy,True,0.013868463,0.0018349666,0.002343755,0.920198,0.04422143,0.0037584645,0.013774895
203,10,Bonnie,"Yeah, thank you Rachel, you are soo cool.",joy,"Yeah!
Yeah, thank you Rachel, you are soo cool.","Yeah!
Yeah, thank you Rachel, you are soo cool.",joy,3,3,joy,True,0.010603968,0.004798349,0.0018984391,0.86530066,0.110155545,0.0045098504,0.0027331396
203,11,Rachel,"Awww, stop. Come on. Now go shave that head!",neutral,"Yeah, thank you Rachel, you are soo cool.
Awww, stop. Come on. Now go shave that head!","Yeah, thank you Rachel, you are soo cool.
Awww, stop. Come on. Now go shave that head!",neutral,4,1,disgust,False,0.069750495,0.43049014,0.030159725,0.26465788,0.13986562,0.03896957,0.026106648
203,12,Bonnie,All right.,neutral,"Awww, stop. Come on. Now go shave that head!
All right.","Awww, stop. Come on. Now go shave that head!
All right.",neutral,4,4,neutral,True,0.011056801,0.005377922,0.0058711087,0.10566973,0.8672949,0.0035387212,0.0011908638
204,1,Monica,This woman's living my life.,anger,"Oh, Monica. You are not still going over that thing.
This woman's living my life.","Oh, Monica. You are not still going over that thing.
This woman's living my life.",anger,0,3,joy,False,0.3481458,0.020791985,0.020968178,0.47209266,0.09868289,0.0315835,0.0077349753
204,2,Rachel,What?,surprise,"This woman's living my life.
What?","This woman's living my life.
What?",surprise,6,6,surprise,True,0.0091572,0.0016107431,0.009487036,0.006249155,0.25301677,0.009144399,0.7113347
204,3,Monica,"She's living my life, and she's doing it better than me!",anger,"What?
She's living my life, and she's doing it better than me!","What?
She's living my life, and she's doing it better than me!",anger,0,3,joy,False,0.050441053,0.0025953283,0.0042389925,0.89580774,0.03278335,0.0072162934,0.0069171907
204,4,Monica,"Look at this, look.",anger,"She's living my life, and she's doing it better than me!
Look at this, look.","She's living my life, and she's doing it better than me!
Look at this, look.",anger,0,4,neutral,False,0.33705014,0.051421687,0.028871855,0.03246256,0.48917592,0.029271182,0.03174655
204,5,Monica,She buys tickets for plays that I wanna see.,anger,"Look at this, look.
She buys tickets for plays that I wanna see.","Look at this, look.
She buys tickets for plays that I wanna see.",anger,0,4,neutral,False,0.016851678,0.00961292,0.0032010109,0.07374482,0.8856175,0.0073471223,0.0036250025
204,6,Monica,"She, she buys clothes from stores that I'm intimidated by the sales people.",anger,"She buys tickets for plays that I wanna see.
She, she buys clothes from stores that I'm intimidated by the sales people.","She buys tickets for plays that I wanna see.
She, she buys clothes from stores that I'm intimidated by the sales people.",anger,0,4,neutral,False,0.018571423,0.011914486,0.0030730837,0.025563933,0.9253133,0.010608182,0.004955611
204,7,Monica,She spent three hundred dollars on art supplies.,anger,"She, she buys clothes from stores that I'm intimidated by the sales people.
She spent three hundred dollars on art supplies.","She, she buys clothes from stores that I'm intimidated by the sales people.
She spent three hundred dollars on art supplies.",anger,0,4,neutral,False,0.03204778,0.008790449,0.0063941265,0.05184547,0.8041446,0.019412018,0.0773656
204,8,Rachel,You're not an artist.,neutral,"She spent three hundred dollars on art supplies.
You're not an artist.","She spent three hundred dollars on art supplies.
You're not an artist.",neutral,4,6,surprise,False,0.11396325,0.04154314,0.012056276,0.009624374,0.36867875,0.027618073,0.42651612
204,9,Monica,"Yeah, well I might be if I had the supplies! I mean, I could do all this stuff. Only I don't.",anger,"You're not an artist.
Yeah, well I might be if I had the supplies! I mean, I could do all this stuff. Only I don't.","You're not an artist.
Yeah, well I might be if I had the supplies! I mean, I could do all this stuff. Only I don't.",anger,0,4,neutral,False,0.08214983,0.0057835383,0.014205872,0.05803775,0.8101259,0.026807759,0.0028893764
205,1,Joey,"No way! Mr.Salty is a sailor, all right, he's got to be, like, thetoughest snack there is.",anger,"I can't believe you would actually say that. I would much rather be Mr.Peanut than Mr.Salty.
No way! Mr.Salty is a sailor, all right, he's got to be, like, thetoughest snack there is.","I can't believe you would actually say that. I would much rather be Mr.Peanut than Mr.Salty.
No way! Mr.Salty is a sailor, all right, he's got to be, like, thetoughest snack there is.",anger,0,3,joy,False,0.106126755,0.14129238,0.015601311,0.30378798,0.12277395,0.118630365,0.19178732
205,2,Ross,"I don't know, you don't wanna mess with corn nuts. They're craaazy.",neutral,"No way! Mr.Salty is a sailor, all right, he's got to be, like, thetoughest snack there is.
I don't know, you don't wanna mess with corn nuts. They're craaazy.","No way! Mr.Salty is a sailor, all right, he's got to be, like, thetoughest snack there is.
I don't know, you don't wanna mess with corn nuts. They're craaazy.",neutral,4,3,joy,False,0.01912833,0.057769567,0.0057733515,0.7747682,0.10817471,0.018907746,0.015478179
205,3,Monica,Oh my God. You guys! You gotta come see this! There's some creep out there with a telescope!,fear,"I don't know, you don't wanna mess with corn nuts. They're craaazy.
Oh my God. You guys! You gotta come see this! There's some creep out there with a telescope!","I don't know, you don't wanna mess with corn nuts. They're craaazy.
Oh my God. You guys! You gotta come see this! There's some creep out there with a telescope!",fear,2,6,surprise,False,0.14604065,0.033280797,0.11955811,0.14757101,0.09314977,0.13139133,0.3290083
205,4,Ross,I can't believe it! He's looking right at us!,surprise,"Oh my God. You guys! You gotta come see this! There's some creep out there with a telescope!
I can't believe it! He's looking right at us!","Oh my God. You guys! You gotta come see this! There's some creep out there with a telescope!
I can't believe it! He's looking right at us!",surprise,6,6,surprise,True,0.0807191,0.011498948,0.046959538,0.08387907,0.033091567,0.04853718,0.69531465
205,5,Rachel,"Oh, that is so sick.",disgust,"I can't believe it! He's looking right at us!
Oh, that is so sick.","I can't believe it! He's looking right at us!
Oh, that is so sick.",disgust,1,1,disgust,True,0.053122543,0.5765874,0.026939752,0.099658854,0.077122,0.0846955,0.08187395
205,6,Chandler,I feel violated. And not in a good way.,disgust,"Oh, that is so sick.
I feel violated. And not in a good way.","Oh, that is so sick.
I feel violated. And not in a good way.",disgust,1,1,disgust,True,0.15201624,0.34731853,0.09618632,0.015763285,0.058350068,0.32136956,0.008995964
205,7,Phoebe,"How can people do that?...  Oh, you guys, look! Ugly Naked Guy got gravity boots!",surprise,"I feel violated. And not in a good way.
How can people do that?...  Oh, you guys, look! Ugly Naked Guy got gravity boots!","I feel violated. And not in a good way.
How can people do that?...  Oh, you guys, look! Ugly Naked Guy got gravity boots!",surprise,6,6,surprise,True,0.037515078,0.016387587,0.008443497,0.0783505,0.018824276,0.011992878,0.82848614
206,1,Rachel,"Yeah, it is amazing it lasted that long.",neutral,"Man that was great! Huh? Can you believe how long we threw that ball around?
Yeah, it is amazing it lasted that long.","Man that was great! Huh? Can you believe how long we threw that ball around?
Yeah, it is amazing it lasted that long.",neutral,4,3,joy,False,0.007510469,0.0023048539,0.0010705291,0.9544621,0.019708116,0.0032616209,0.011682268
206,2,Ross,I know. My arm is killing me.,neutral,"Yeah, it is amazing it lasted that long.
I know. My arm is killing me.","Yeah, it is amazing it lasted that long.
I know. My arm is killing me.",neutral,4,5,sadness,False,0.13142422,0.10526646,0.15284866,0.032398652,0.018386105,0.5386251,0.021050803
206,3,Rachel,"No, I meant with the dropper over here.",neutral,"I know. My arm is killing me.
No, I meant with the dropper over here.","I know. My arm is killing me.
No, I meant with the dropper over here.",neutral,4,4,neutral,True,0.004686883,0.0017437323,0.0030094273,0.0038496337,0.9749076,0.007337796,0.0044649825
206,4,Chandler,"Y'know, how did I get this reputation as a dropper? Okay? I'm",anger,"No, I meant with the dropper over here.
Y'know, how did I get this reputation as a dropper? Okay? I'm","No, I meant with the dropper over here.
Y'know, how did I get this reputation as a dropper? Okay? I'm",anger,0,4,neutral,False,0.037327334,0.0041220193,0.019494146,0.024350852,0.8936824,0.012942831,0.00808045
207,1,Ross,"What. Oh no, you just rolled over the juice box.",sadness,"Ah, oh God. Oh, honey, oh that's OK.
What. Oh no, you just rolled over the juice box.","Ah, oh God. Oh, honey, oh that's OK.
What. Oh no, you just rolled over the juice box.",sadness,5,4,neutral,False,0.004074947,0.0040020607,0.008526606,0.011505447,0.9464683,0.0065386225,0.01888403
208,1,Joey,I just saw a woman breast feeding both of her twins at the same time. it is like a freak show up here.,neutral,"Hey.
I just saw a woman breast feeding both of her twins at the same time. it is like a freak show up here.","Hey.
I just saw a woman breast feeding both of her twins at the same time. it is like a freak show up here.",neutral,4,1,disgust,False,0.15449525,0.5969727,0.026140431,0.025776887,0.014646162,0.1085143,0.07345428
208,2,Joey,What’s the matter?,neutral,"I just saw a woman breast feeding both of her twins at the same time. it is like a freak show up here.
What’s the matter?","I just saw a woman breast feeding both of her twins at the same time. it is like a freak show up here.
What’s the matter?",neutral,4,4,neutral,True,0.036380604,0.0134902885,0.0107577965,0.007093117,0.86823976,0.026831754,0.037206624
208,3,Rachel,Nothing.,neutral,"What’s the matter?
Nothing.","What’s the matter?
Nothing.",neutral,4,4,neutral,True,0.0069365944,0.0024833581,0.0030846293,0.042343296,0.9400042,0.0037171806,0.001430685
208,4,Joey,What is it? Hey!,sadness,"Nothing.
What is it? Hey!","Nothing.
What is it? Hey!",sadness,5,6,surprise,False,0.023982093,0.0032597026,0.005911307,0.28130484,0.10516177,0.008907347,0.5714729
208,5,Rachel,Really it’s nothing. I’m just,sadness,"What is it? Hey!
Really it’s nothing. I’m just","What is it? Hey!
Really it’s nothing. I’m just",sadness,5,4,neutral,False,0.07364744,0.0045038634,0.014919126,0.36321503,0.51298666,0.025758803,0.0049690553
208,6,Joey,"Rach come on, what?",neutral,"Really it’s nothing. I’m just
Rach come on, what?","Really it’s nothing. I’m just
Rach come on, what?",neutral,4,4,neutral,True,0.026329817,0.0030614585,0.03699368,0.015950888,0.44849226,0.025002688,0.44416925
208,7,Rachel,I’ve just been thinking about how my baby and I are gonna be all alone.,sadness,"Rach come on, what?
I’ve just been thinking about how my baby and I are gonna be all alone.","Rach come on, what?
I’ve just been thinking about how my baby and I are gonna be all alone.",sadness,5,4,neutral,False,0.056925315,0.0101362355,0.048036322,0.07488788,0.63128424,0.14189897,0.036830973
208,8,Joey,What are you talking about alone? What about Ross?,surprise,"I’ve just been thinking about how my baby and I are gonna be all alone.
What are you talking about alone? What about Ross?","I’ve just been thinking about how my baby and I are gonna be all alone.
What are you talking about alone? What about Ross?",surprise,6,4,neutral,False,0.033824682,0.002474575,0.015512804,0.009751059,0.50834024,0.017411524,0.41268516
208,9,Rachel,"Oh please, he’ll be with his real family, the twins and little miss new boobs.",sadness,"What are you talking about alone? What about Ross?
Oh please, he’ll be with his real family, the twins and little miss new boobs.","What are you talking about alone? What about Ross?
Oh please, he’ll be with his real family, the twins and little miss new boobs.",sadness,5,1,disgust,False,0.053344484,0.423389,0.017862849,0.1318229,0.23085184,0.13471115,0.008017793
208,10,Joey,"Okay, how long was I watching that woman?",neutral,"Oh please, he’ll be with his real family, the twins and little miss new boobs.
Okay, how long was I watching that woman?","Oh please, he’ll be with his real family, the twins and little miss new boobs.
Okay, how long was I watching that woman?",neutral,4,4,neutral,True,0.016503355,0.018268814,0.0053434437,0.01948305,0.9129485,0.0114721665,0.015980616
208,11,Rachel,"I’m just saying that y’know, someday Ross is gonna meet somebody and…he’s gonna have his own life. Right?",sadness,"Okay, how long was I watching that woman?
I’m just saying that y’know, someday Ross is gonna meet somebody and…he’s gonna have his own life. Right?","Okay, how long was I watching that woman?
I’m just saying that y’know, someday Ross is gonna meet somebody and…he’s gonna have his own life. Right?",sadness,5,4,neutral,False,0.09791713,0.005409758,0.035572,0.10095054,0.70506907,0.038801778,0.016279705
208,12,Joey,"Yeah, I guess so.",neutral,"I’m just saying that y’know, someday Ross is gonna meet somebody and…he’s gonna have his own life. Right?
Yeah, I guess so.","I’m just saying that y’know, someday Ross is gonna meet somebody and…he’s gonna have his own life. Right?
Yeah, I guess so.",neutral,4,4,neutral,True,0.003579336,0.001351344,0.0041623055,0.020581674,0.9630622,0.0058433344,0.0014197901
208,13,Rachel,I just never thought I would raise this baby all by myself. Pretty dumb huh?,sadness,"Yeah, I guess so.
I just never thought I would raise this baby all by myself. Pretty dumb huh?","Yeah, I guess so.
I just never thought I would raise this baby all by myself. Pretty dumb huh?",sadness,5,6,surprise,False,0.245517,0.17205755,0.035038542,0.1050031,0.11227967,0.06882353,0.2612806
209,1,Bob,"I just found out this is Chandler’s office! Come on Toby, give me a hand!",joy,"Bob. Bob! Bob!!!  What the hell are you doing?!
I just found out this is Chandler’s office! Come on Toby, give me a hand!","Bob. Bob! Bob!!!  What the hell are you doing?!
I just found out this is Chandler’s office! Come on Toby, give me a hand!",joy,3,0,anger,False,0.8313808,0.016268453,0.013178645,0.016111849,0.01585608,0.014406857,0.09279739
210,1,Chandler,We said seven!,anger,"Chandler, we said we would meet at the coffeehouse at six.
We said seven!","Chandler, we said we would meet at the coffeehouse at six.
We said seven!",anger,0,3,joy,False,0.042954877,0.0022453913,0.004589882,0.8507226,0.07647869,0.0053447895,0.017663877
210,2,Monica,We said six!,anger,"We said seven!
We said six!","We said seven!
We said six!",anger,0,3,joy,False,0.17889997,0.0057192887,0.010397665,0.67854404,0.08768324,0.01087421,0.027881552
210,3,Chandler,"The only way that I said six would be if the seven’s, let meet at seven, not at six.",neutral,"We said six!
The only way that I said six would be if the seven’s, let meet at seven, not at six.","We said six!
The only way that I said six would be if the seven’s, let meet at seven, not at six.",neutral,4,4,neutral,True,0.008789854,0.0011139549,0.0023770174,0.010595639,0.97137636,0.0034526854,0.0022945642
210,4,Monica,"Yeah and if I had seven, maybe I would’ve said something like this, ""Wow! My boyfriend’s such a wise ass—seven!""",anger,"The only way that I said six would be if the seven’s, let meet at seven, not at six.
Yeah and if I had seven, maybe I would’ve said something like this, ""Wow! My boyfriend’s such a wise ass—seven!""","The only way that I said six would be if the seven’s, let meet at seven, not at six.
Yeah and if I had seven, maybe I would’ve said something like this, ""Wow! My boyfriend’s such a wise ass—seven!""",anger,0,6,surprise,False,0.02782163,0.0071687745,0.004707009,0.084787905,0.00914913,0.0071072024,0.8592584
210,5,Phoebe,Hi!,joy,"Yeah and if I had seven, maybe I would’ve said something like this, ""Wow! My boyfriend’s such a wise ass—seven!""
Hi!","Yeah and if I had seven, maybe I would’ve said something like this, ""Wow! My boyfriend’s such a wise ass—seven!""
Hi!",joy,3,3,joy,True,0.014899085,0.0019188827,0.0030134202,0.78949016,0.0534306,0.0046862764,0.13256155
210,6,Chandler,Oh my good God.,disgust,"Hi!
Oh my good God.","Hi!
Oh my good God.",disgust,1,3,joy,False,0.0076807993,0.002079223,0.0039856243,0.8029284,0.06742708,0.010594369,0.10530446
210,7,Phoebe,I know what time you said.,joy,"Oh my good God.
I know what time you said.","Oh my good God.
I know what time you said.",joy,3,4,neutral,False,0.0030116686,0.0006545233,0.0025201451,0.0054404875,0.9804073,0.0025761654,0.0053896615
210,8,Chandler,What?!,surprise,"I know what time you said.
What?!","I know what time you said.
What?!",surprise,6,6,surprise,True,0.005078233,0.001039042,0.0048188237,0.0030864524,0.015605173,0.0043364908,0.96603584
210,9,Phoebe,"Well actually, I know what time Chester and Marcia said.",neutral,"What?!
Well actually, I know what time Chester and Marcia said.","What?!
Well actually, I know what time Chester and Marcia said.",neutral,4,4,neutral,True,0.0030720928,0.0005002145,0.0015561245,0.0028762484,0.9864911,0.0021137905,0.003390518
211,1,Phoebe,"Well, what did he do?",surprise,"You, get out of my shop!
Well, what did he do?","You, get out of my shop!
Well, what did he do?",surprise,6,6,surprise,True,0.007451932,0.0012846775,0.010509183,0.006668733,0.47238156,0.0074862074,0.4942177
211,2,The Dry Cleaner,He went out with my wife!,anger,"Well, what did he do?
He went out with my wife!","Well, what did he do?
He went out with my wife!",anger,0,0,anger,True,0.43157482,0.00933642,0.014560148,0.2448482,0.22139888,0.04056232,0.037719227
211,3,Phoebe,Joey!,surprise,"He went out with my wife!
Joey!","He went out with my wife!
Joey!",surprise,6,3,joy,False,0.11996751,0.0050347284,0.005005447,0.67149913,0.12838814,0.011380543,0.058724567
211,4,Joey,"Whoa-whoa-whoa-whoa, I-I—Hey! I did",anger,"Joey!
Whoa-whoa-whoa-whoa, I-I—Hey! I did","Joey!
Whoa-whoa-whoa-whoa, I-I—Hey! I did",anger,0,6,surprise,False,0.021615561,0.0035314104,0.020292873,0.10128331,0.118289165,0.016172094,0.71881557
211,5,The Dry Cleaner,That’s my wife!!! Get out!,anger,"Whoa-whoa-whoa-whoa, I-I—Hey! I did
That’s my wife!!! Get out!","Whoa-whoa-whoa-whoa, I-I—Hey! I did
That’s my wife!!! Get out!",anger,0,3,joy,False,0.24169597,0.015687594,0.057151653,0.32437718,0.094170555,0.032073583,0.23484348
211,6,Phoebe,"Well, we should go.",neutral,"That’s my wife!!! Get out!
Well, we should go.","That’s my wife!!! Get out!
Well, we should go.",neutral,4,4,neutral,True,0.006650371,0.0038563833,0.008599066,0.01878407,0.95659465,0.004401143,0.0011142613
211,7,Joey,Yeah.,neutral,"Well, we should go.
Yeah.","Well, we should go.
Yeah.",neutral,4,4,neutral,True,0.0018186928,0.0012298593,0.0024078728,0.0057368553,0.9857621,0.0021128745,0.0009317484
212,1,Janice,Oh please.,neutral,"Y’know you, really didn’t have to take me to the airport.
Oh please.","Y’know you, really didn’t have to take me to the airport.
Oh please.",neutral,4,4,neutral,True,0.03290501,0.013736207,0.24757254,0.026014829,0.42043144,0.24856727,0.010772763
212,2,Janice,Every moment is precious.,sadness,"Oh please.
Every moment is precious.","Oh please.
Every moment is precious.",sadness,5,3,joy,False,0.029342087,0.002696307,0.004790356,0.8034155,0.1347527,0.021271212,0.0037318717
212,3,Janice,Y’know?,neutral,"Every moment is precious.
Y’know?","Every moment is precious.
Y’know?",neutral,4,4,neutral,True,0.02415942,0.0014506545,0.014666771,0.017804964,0.89168596,0.009817095,0.040415037
212,4,Janice,"Besides, somebody had to ride in that other taxi with the rest of your luggage, and your friends don’t really seem to care too much that you’re leaving.",sadness,"Y’know?
Besides, somebody had to ride in that other taxi with the rest of your luggage, and your friends don’t really seem to care too much that you’re leaving.","Y’know?
Besides, somebody had to ride in that other taxi with the rest of your luggage, and your friends don’t really seem to care too much that you’re leaving.",sadness,5,4,neutral,False,0.011562311,0.002906943,0.0030906189,0.010643209,0.96384984,0.0068389466,0.001108156
212,5,Chandler,"Well, we’re really not that close.  Okay, so I guess this is uh, good-bye then.",neutral,"Besides, somebody had to ride in that other taxi with the rest of your luggage, and your friends don’t really seem to care too much that you’re leaving.
Well, we’re really not that close.  Okay, so I guess this is uh, good-bye then.","Besides, somebody had to ride in that other taxi with the rest of your luggage, and your friends don’t really seem to care too much that you’re leaving.
Well, we’re really not that close.  Okay, so I guess this is uh, good-bye then.",neutral,4,4,neutral,True,0.008193113,0.0045122458,0.035010878,0.028373212,0.8670819,0.05440192,0.00242683
212,6,Janice,"On no! No! It’s not good-bye, I’m not leaving until you get on that plane.",sadness,"Well, we’re really not that close.  Okay, so I guess this is uh, good-bye then.
On no! No! It’s not good-bye, I’m not leaving until you get on that plane.","Well, we’re really not that close.  Okay, so I guess this is uh, good-bye then.
On no! No! It’s not good-bye, I’m not leaving until you get on that plane.",sadness,5,4,neutral,False,0.17815354,0.024303086,0.18846133,0.08848219,0.29178044,0.18784785,0.040971555
213,1,Ross,"Yeah, I was going for the metaphor.",neutral,"No, I’m afraid I won’t be able to make love as well as him.
Yeah, I was going for the metaphor.","No, I’m afraid I won’t be able to make love as well as him.
Yeah, I was going for the metaphor.",neutral,4,4,neutral,True,0.0023057759,0.0010551448,0.0010990568,0.0030852132,0.98978627,0.001443387,0.0012251817
213,2,Chandler,"Yes, and I was saying the actual words.",neutral,"Yeah, I was going for the metaphor.
Yes, and I was saying the actual words.","Yeah, I was going for the metaphor.
Yes, and I was saying the actual words.",neutral,4,4,neutral,True,0.013770658,0.0069185225,0.009504246,0.038085222,0.9218158,0.007838543,0.002066915
213,3,Monica,"So big deal, so Joey’s had a lot of girlfriends, it doesn’t mean he’s great in bed.",neutral,"Yes, and I was saying the actual words.
So big deal, so Joey’s had a lot of girlfriends, it doesn’t mean he’s great in bed.","Yes, and I was saying the actual words.
So big deal, so Joey’s had a lot of girlfriends, it doesn’t mean he’s great in bed.",neutral,4,4,neutral,True,0.06040788,0.029428007,0.006408358,0.07945719,0.6651493,0.15032479,0.008824508
213,4,Chandler,"We share a wall! So either he’s great in bed, or she just likes to agree with him a lot.",neutral,"So big deal, so Joey’s had a lot of girlfriends, it doesn’t mean he’s great in bed.
We share a wall! So either he’s great in bed, or she just likes to agree with him a lot.","So big deal, so Joey’s had a lot of girlfriends, it doesn’t mean he’s great in bed.
We share a wall! So either he’s great in bed, or she just likes to agree with him a lot.",neutral,4,3,joy,False,0.07638909,0.04512793,0.0058342568,0.57676995,0.22483963,0.02582431,0.0452148
213,5,Monica,"Sweetie, with you it’s gonna be different. The sex is gonna be great, ‘cause you-you guys are in love.",joy,"We share a wall! So either he’s great in bed, or she just likes to agree with him a lot.
Sweetie, with you it’s gonna be different. The sex is gonna be great, ‘cause you-you guys are in love.","We share a wall! So either he’s great in bed, or she just likes to agree with him a lot.
Sweetie, with you it’s gonna be different. The sex is gonna be great, ‘cause you-you guys are in love.",joy,3,3,joy,True,0.023520557,0.008060844,0.008871208,0.5599442,0.37195733,0.024312012,0.0033338096
213,6,Chandler,Yeah?,surprise,"Sweetie, with you it’s gonna be different. The sex is gonna be great, ‘cause you-you guys are in love.
Yeah?","Sweetie, with you it’s gonna be different. The sex is gonna be great, ‘cause you-you guys are in love.
Yeah?",surprise,6,6,surprise,True,0.013109337,0.0025243654,0.015306641,0.021103598,0.4423041,0.012694953,0.49295694
213,7,Rachel,Yeah!,joy,"Yeah?
Yeah!","Yeah?
Yeah!",joy,3,3,joy,True,0.026135098,0.0025156995,0.0027992749,0.89316803,0.053043656,0.004009176,0.01832912
213,8,Ross,Just go for it Chandler.,neutral,"Yeah!
Just go for it Chandler.","Yeah!
Just go for it Chandler.",neutral,4,4,neutral,True,0.0020259202,0.00081911,0.00085404114,0.0024777253,0.99194545,0.0012236218,0.0006540861
213,9,Monica,"Yeah, you should.",neutral,"Just go for it Chandler.
Yeah, you should.","Just go for it Chandler.
Yeah, you should.",neutral,4,4,neutral,True,0.0048701367,0.0067575057,0.00731917,0.014896622,0.9593729,0.004942325,0.0018413642
213,10,Rachel,"Yeah, you should, really.",neutral,"Yeah, you should.
Yeah, you should, really.","Yeah, you should.
Yeah, you should, really.",neutral,4,3,joy,False,0.033981677,0.02183028,0.024755875,0.5671491,0.25671753,0.05510317,0.040462404
213,11,Chandler,"All right, all right, I’ll go sleep with my girlfriend. But I’m just doing it for you guys.",neutral,"Yeah, you should, really.
All right, all right, I’ll go sleep with my girlfriend. But I’m just doing it for you guys.","Yeah, you should, really.
All right, all right, I’ll go sleep with my girlfriend. But I’m just doing it for you guys.",neutral,4,3,joy,False,0.07193064,0.023448845,0.021235947,0.4909783,0.31213683,0.078103594,0.002165865
214,1,Joey,"Come on Treeger, don’t say that.",sadness,": I’m sure as hell a dancer, it’s no use Marge will never go for me.
Come on Treeger, don’t say that.",": I’m sure as hell a dancer, it’s no use Marge will never go for me.
Come on Treeger, don’t say that.",sadness,5,4,neutral,False,0.089661516,0.038624007,0.27093497,0.052489404,0.3392955,0.20187621,0.007118412
214,2,Joey,"You just ahh, you just need more practice.",neutral,"Come on Treeger, don’t say that.
You just ahh, you just need more practice.","Come on Treeger, don’t say that.
You just ahh, you just need more practice.",neutral,4,4,neutral,True,0.010781243,0.0063580563,0.017148025,0.016943501,0.94151396,0.0058872267,0.001367984
214,3,Joey,"Here, come on, let’s ahh, let’s try it again.",neutral,"You just ahh, you just need more practice.
Here, come on, let’s ahh, let’s try it again.","You just ahh, you just need more practice.
Here, come on, let’s ahh, let’s try it again.",neutral,4,4,neutral,True,0.006883598,0.0036589087,0.0047792355,0.024962824,0.95578647,0.002976894,0.00095208874
214,4,Joey,"Plus, it was, it was probably mostly my fault, anyway.",sadness,"Here, come on, let’s ahh, let’s try it again.
Plus, it was, it was probably mostly my fault, anyway.","Here, come on, let’s ahh, let’s try it again.
Plus, it was, it was probably mostly my fault, anyway.",sadness,5,5,sadness,True,0.049477313,0.016817877,0.019841831,0.06096096,0.119432025,0.72999483,0.0034751273
214,5,Joey,"I mean, y’know, I’m not really that comfortable dancing with a— We-he!!",joy,"Plus, it was, it was probably mostly my fault, anyway.
I mean, y’know, I’m not really that comfortable dancing with a— We-he!!","Plus, it was, it was probably mostly my fault, anyway.
I mean, y’know, I’m not really that comfortable dancing with a— We-he!!",joy,3,0,anger,False,0.7566464,0.028734762,0.093281865,0.024937319,0.015244731,0.05968966,0.021465246
214,6,Joey,Hey!,joy,"I mean, y’know, I’m not really that comfortable dancing with a— We-he!!
Hey!","I mean, y’know, I’m not really that comfortable dancing with a— We-he!!
Hey!",joy,3,6,surprise,False,0.02456942,0.0028929112,0.004683043,0.095617555,0.03584877,0.0071805143,0.8292077
214,7,Mr. Treeger,: Yeah!,joy,"Hey!
: Yeah!","Hey!
: Yeah!",joy,3,3,joy,True,0.027158048,0.0030381193,0.0038629351,0.83117676,0.080444634,0.0058852416,0.048434287
215,1,David,"July. Umm,",neutral,"Are you sure? I’ll bet there’s another flight to Minsk in like
July. Umm,","Are you sure? I’ll bet there’s another flight to Minsk in like
July. Umm,",neutral,4,4,neutral,True,0.0009799204,0.00065244036,0.0020177716,0.004474027,0.9890119,0.0018003025,0.0010635885
215,2,Phoebe,That’s really beautiful. What does it mean?,joy,"July. Umm,
That’s really beautiful. What does it mean?","July. Umm,
That’s really beautiful. What does it mean?",joy,3,4,neutral,False,0.010364502,0.0013798771,0.011255147,0.0113473125,0.81681716,0.0086429715,0.140193
215,3,David,"Please, clean my beakers. I don’t get out of the lab much.",neutral,"That’s really beautiful. What does it mean?
Please, clean my beakers. I don’t get out of the lab much.","That’s really beautiful. What does it mean?
Please, clean my beakers. I don’t get out of the lab much.",neutral,4,2,fear,False,0.11365688,0.14306024,0.29839626,0.031902183,0.21423867,0.18831053,0.010435165
215,4,Phoebe,"That’s good. I got to admit, I thought it was something else.",joy,"Please, clean my beakers. I don’t get out of the lab much.
That’s good. I got to admit, I thought it was something else.","Please, clean my beakers. I don’t get out of the lab much.
That’s good. I got to admit, I thought it was something else.",joy,3,4,neutral,False,0.004346767,0.0025174054,0.008014746,0.017156035,0.93514055,0.009930809,0.022893693
215,5,David,"Yeah, I… Well I really actually wanted to say umm, that, but um, I figured I probably shouldn’t because y’know, I…have to leave.",neutral,"That’s good. I got to admit, I thought it was something else.
Yeah, I… Well I really actually wanted to say umm, that, but um, I figured I probably shouldn’t because y’know, I…have to leave.","That’s good. I got to admit, I thought it was something else.
Yeah, I… Well I really actually wanted to say umm, that, but um, I figured I probably shouldn’t because y’know, I…have to leave.",neutral,4,4,neutral,True,0.0229918,0.009196013,0.12793396,0.08914553,0.66698086,0.07794897,0.0058027934
215,6,Phoebe,You’re right! You’re right. Don’t say it.,sadness,"Yeah, I… Well I really actually wanted to say umm, that, but um, I figured I probably shouldn’t because y’know, I…have to leave.
You’re right! You’re right. Don’t say it.","Yeah, I… Well I really actually wanted to say umm, that, but um, I figured I probably shouldn’t because y’know, I…have to leave.
You’re right! You’re right. Don’t say it.",sadness,5,3,joy,False,0.13262694,0.017603623,0.18350926,0.27363333,0.15207848,0.2169136,0.023634767
215,7,David,I-I do though.,sadness,"You’re right! You’re right. Don’t say it.
I-I do though.","You’re right! You’re right. Don’t say it.
I-I do though.",sadness,5,2,fear,False,0.05194492,0.015374357,0.33593833,0.09640356,0.19076452,0.28882548,0.020748872
215,8,Phoebe,I do too.,sadness,"I-I do though.
I do too.","I-I do though.
I do too.",sadness,5,4,neutral,False,0.05035393,0.0067497212,0.026083762,0.34352103,0.53223866,0.038138453,0.0029144501
215,9,David,Bye Phoebe.,neutral,"I do too.
Bye Phoebe.","I do too.
Bye Phoebe.",neutral,4,4,neutral,True,0.0018895364,0.0007769184,0.0013426153,0.0047137584,0.986974,0.0033289634,0.0009741962
215,10,Phoebe,"Okay, now’s not the time Joey. All right? You can yell at me tomorrow.",sadness,"Bye Phoebe.
Okay, now’s not the time Joey. All right? You can yell at me tomorrow.","Bye Phoebe.
Okay, now’s not the time Joey. All right? You can yell at me tomorrow.",sadness,5,4,neutral,False,0.0942947,0.018809315,0.033302065,0.109644815,0.7080827,0.023808824,0.012057567
216,1,Monica,I can’t believe you’re getting married!,joy,"Yeah, I-I heard.  I think it’s great!  Ohh, I’m so happy for you!
I can’t believe you’re getting married!","Yeah, I-I heard.  I think it’s great!  Ohh, I’m so happy for you!
I can’t believe you’re getting married!",joy,3,6,surprise,False,0.023901395,0.003851432,0.021178626,0.06075802,0.016789412,0.033436667,0.8400845
216,2,Ross,Yeah.,neutral,"I can’t believe you’re getting married!
Yeah.","I can’t believe you’re getting married!
Yeah.",neutral,4,4,neutral,True,0.0011579177,0.0007495186,0.00135243,0.0041692215,0.9902468,0.001583449,0.00074065087
216,3,Joey,Monica and Rachel made out.,neutral,"Yeah.
Monica and Rachel made out.","Yeah.
Monica and Rachel made out.",neutral,4,4,neutral,True,0.0019854347,0.001339396,0.0010417766,0.0045590433,0.98721945,0.0018181856,0.0020366197
217,1,Ross,Why are we in bed together?,surprise,"Ohhh!
Why are we in bed together?","Ohhh!
Why are we in bed together?",surprise,6,6,surprise,True,0.016097404,0.0021349143,0.005865843,0.005422085,0.24269612,0.00926918,0.7185145
217,2,Rachel,I don’t know. Do-do you have any clothes on?,neutral,"Why are we in bed together?
I don’t know. Do-do you have any clothes on?","Why are we in bed together?
I don’t know. Do-do you have any clothes on?",neutral,4,4,neutral,True,0.01693496,0.002420458,0.06439199,0.020721288,0.86659193,0.01710012,0.011839345
217,3,Ross,Yeah.,neutral,"I don’t know. Do-do you have any clothes on?
Yeah.","I don’t know. Do-do you have any clothes on?
Yeah.",neutral,4,4,neutral,True,0.0011670472,0.0008395959,0.0027040734,0.0043934723,0.9874172,0.001731013,0.0017475409
217,4,Rachel,Really?!,surprise,"Yeah.
Really?!","Yeah.
Really?!",surprise,6,6,surprise,True,0.006036886,0.0016407695,0.003619476,0.004426334,0.0052291052,0.004154084,0.97489333
217,5,Ross,No!,neutral,"Really?!
No!","Really?!
No!",neutral,4,0,anger,False,0.3398612,0.103469945,0.121092424,0.1170084,0.08053052,0.070434764,0.1676027
217,6,Ross,"But we-we didn’t have…sex-uh, did we?",fear,"No!
But we-we didn’t have…sex-uh, did we?","No!
But we-we didn’t have…sex-uh, did we?",fear,2,4,neutral,False,0.016197946,0.005059117,0.14378716,0.024263777,0.7113369,0.039101236,0.060253777
217,7,Ross,"I mean, I don’t remember much about last night, it was such a blur.",neutral,"But we-we didn’t have…sex-uh, did we?
I mean, I don’t remember much about last night, it was such a blur.","But we-we didn’t have…sex-uh, did we?
I mean, I don’t remember much about last night, it was such a blur.",neutral,4,4,neutral,True,0.024832515,0.0054681282,0.06945335,0.035570767,0.73369396,0.113806754,0.017174467
217,8,Rachel,Oh! I remember laughing! I laughed a lot.,joy,"I mean, I don’t remember much about last night, it was such a blur.
Oh! I remember laughing! I laughed a lot.","I mean, I don’t remember much about last night, it was such a blur.
Oh! I remember laughing! I laughed a lot.",joy,3,3,joy,True,0.016765632,0.0029431826,0.003233724,0.9136003,0.024235902,0.0058380375,0.033383213
217,9,Ross,And we didn’t have sex.,neutral,"Oh! I remember laughing! I laughed a lot.
And we didn’t have sex.","Oh! I remember laughing! I laughed a lot.
And we didn’t have sex.",neutral,4,4,neutral,True,0.00840511,0.004287836,0.00685491,0.026281727,0.53768545,0.024127435,0.39235753
217,10,Rachel,"Ohh, I mean, we were really drunk. I’m just glad we didn’t do anything stupid.",neutral,"And we didn’t have sex.
Ohh, I mean, we were really drunk. I’m just glad we didn’t do anything stupid.","And we didn’t have sex.
Ohh, I mean, we were really drunk. I’m just glad we didn’t do anything stupid.",neutral,4,3,joy,False,0.01667041,0.0020101203,0.003044593,0.90349853,0.040927365,0.028114673,0.0057342844
217,11,Ross,Tell me about it.,neutral,"Ohh, I mean, we were really drunk. I’m just glad we didn’t do anything stupid.
Tell me about it.","Ohh, I mean, we were really drunk. I’m just glad we didn’t do anything stupid.
Tell me about it.",neutral,4,4,neutral,True,0.009186898,0.0018061511,0.0072012236,0.02030143,0.9542747,0.0057794326,0.0014502318
218,1,Chandler,I say we go with,neutral,"What are we gonna do?
I say we go with","What are we gonna do?
I say we go with",neutral,4,4,neutral,True,0.0015803205,0.0007071926,0.0014135133,0.0043611857,0.9895437,0.0013728067,0.0010212624
218,2,Janice,Chandler?,neutral,"I say we go with
Chandler?","I say we go with
Chandler?",neutral,4,4,neutral,True,0.0029985416,0.00053818006,0.0015328239,0.0023059666,0.9745318,0.0022022529,0.015890393
219,1,Monica,"Janice, what umm, what are you doing here?",sadness,"Did she see us yet? Did she see us?
Janice, what umm, what are you doing here?","Did she see us yet? Did she see us?
Janice, what umm, what are you doing here?",sadness,5,6,surprise,False,0.023555811,0.004040825,0.016314875,0.005065928,0.039446928,0.013554542,0.8980211
220,1,Joey,I know!,anger,"What’s that smell?
I know!","What’s that smell?
I know!",anger,0,6,surprise,False,0.14428917,0.020788569,0.03449182,0.20493121,0.106210925,0.04177037,0.44751793
221,1,Monica,"Um, okay. You just called a little while ago about needing a signature on the admissions form. Well, it turns out we need a",neutral,"Hi, remember us?
Um, okay. You just called a little while ago about needing a signature on the admissions form. Well, it turns out we need a","Hi, remember us?
Um, okay. You just called a little while ago about needing a signature on the admissions form. Well, it turns out we need a",neutral,4,4,neutral,True,0.0014967184,0.00040848312,0.0016533023,0.0033911543,0.9887334,0.0018357687,0.002481178
221,2,Monica,I am. I'm,neutral,"Um, okay. You just called a little while ago about needing a signature on the admissions form. Well, it turns out we need a
I am. I'm","Um, okay. You just called a little while ago about needing a signature on the admissions form. Well, it turns out we need a
I am. I'm",neutral,4,4,neutral,True,0.0029638913,0.0007116351,0.0032415916,0.013447247,0.97539085,0.0024093864,0.0018354196
221,3,Rachel,"Yeah, and and, I'm just gonna pay for this with a check.",neutral,"I am. I'm
Yeah, and and, I'm just gonna pay for this with a check.","I am. I'm
Yeah, and and, I'm just gonna pay for this with a check.",neutral,4,4,neutral,True,0.0021518925,0.00077293126,0.0010212958,0.004182085,0.98904115,0.0021059166,0.0007246887
221,4,Rachel,"Yeah, I know...  ..I'm I'm just not that bright either.",sadness,"Yeah, and and, I'm just gonna pay for this with a check.
Yeah, I know...  ..I'm I'm just not that bright either.","Yeah, and and, I'm just gonna pay for this with a check.
Yeah, I know...  ..I'm I'm just not that bright either.",sadness,5,4,neutral,False,0.057059154,0.045889597,0.046840597,0.07636825,0.41562012,0.35468048,0.0035417962
222,1,Monica,Y’know what? It,neutral,"Hey, Mon, if you were hoping to sleep with Joshua the first time tonight, which one of these would you want to be wearing.
Y’know what? It","Hey, Mon, if you were hoping to sleep with Joshua the first time tonight, which one of these would you want to be wearing.
Y’know what? It",neutral,4,4,neutral,True,0.0025408133,0.0004506715,0.0010736791,0.0024189828,0.9892239,0.0015165878,0.0027753487
222,2,Rachel,Sorry.,neutral,"Y’know what? It
Sorry.","Y’know what? It
Sorry.",neutral,4,5,sadness,False,0.017653579,0.009569295,0.04478803,0.031943552,0.14010404,0.74496144,0.010980022
222,3,Rachel,I’m so exited!,joy,"Sorry.
I’m so exited!","Sorry.
I’m so exited!",joy,3,6,surprise,False,0.10928255,0.00715324,0.010621393,0.20690367,0.064539805,0.018077144,0.58342224
222,4,Rachel,I’ve been waiting for this for months!,joy,"I’m so exited!
I’ve been waiting for this for months!","I’m so exited!
I’ve been waiting for this for months!",joy,3,0,anger,False,0.49007207,0.015891833,0.030476067,0.026546145,0.027412655,0.055183604,0.35441753
222,5,Rachel,I got my hair coloured!,joy,"I’ve been waiting for this for months!
I got my hair coloured!","I’ve been waiting for this for months!
I got my hair coloured!",joy,3,3,joy,True,0.069947384,0.0050703483,0.0049522156,0.85389113,0.045099404,0.00677791,0.014261544
222,6,Rachel,I got new sheets!,joy,"I got my hair coloured!
I got new sheets!","I got my hair coloured!
I got new sheets!",joy,3,3,joy,True,0.017400987,0.0012449443,0.0015115418,0.9388846,0.031022714,0.0024704146,0.007464877
222,7,Rachel,I’m making him a,joy,"I got new sheets!
I’m making him a","I got new sheets!
I’m making him a",joy,3,4,neutral,False,0.006674308,0.0024297698,0.0014236079,0.037243348,0.94075227,0.0062884595,0.005188371
222,8,Rachel,What am I making him by the way?,neutral,"I’m making him a
What am I making him by the way?","I’m making him a
What am I making him by the way?",neutral,4,4,neutral,True,0.23627758,0.0150456205,0.06343724,0.06736492,0.5194532,0.082716905,0.015704548
222,9,Monica,"Well, you’re making him a frieze salad with goat cheese and pine nuts, wild nuts, wild rice, roast asparagus, and salmon au croup.",neutral,"What am I making him by the way?
Well, you’re making him a frieze salad with goat cheese and pine nuts, wild nuts, wild rice, roast asparagus, and salmon au croup.","What am I making him by the way?
Well, you’re making him a frieze salad with goat cheese and pine nuts, wild nuts, wild rice, roast asparagus, and salmon au croup.",neutral,4,4,neutral,True,0.01645727,0.044556856,0.004986357,0.091076314,0.819364,0.021325862,0.002233243
222,10,Rachel,I thought I was making him filet mignon?,surprise,"Well, you’re making him a frieze salad with goat cheese and pine nuts, wild nuts, wild rice, roast asparagus, and salmon au croup.
I thought I was making him filet mignon?","Well, you’re making him a frieze salad with goat cheese and pine nuts, wild nuts, wild rice, roast asparagus, and salmon au croup.
I thought I was making him filet mignon?",surprise,6,6,surprise,True,0.009185095,0.0045200856,0.01102594,0.021599008,0.36540073,0.01618316,0.572086
222,11,Monica,"Yeah, you were, but you decided to make salmon because you had some left over at the restaurant.",neutral,"I thought I was making him filet mignon?
Yeah, you were, but you decided to make salmon because you had some left over at the restaurant.","I thought I was making him filet mignon?
Yeah, you were, but you decided to make salmon because you had some left over at the restaurant.",neutral,4,4,neutral,True,0.0021124668,0.003997722,0.0025256695,0.0062162136,0.9798489,0.0043831416,0.000915914
222,12,Monica,"And then you realised if you  bitched about it, then you  would stop cooking, and you  would have to make your famous baked potato and Diet Coke.",anger,"Yeah, you were, but you decided to make salmon because you had some left over at the restaurant.
And then you realised if you  bitched about it, then you  would stop cooking, and you  would have to make your famous baked potato and Diet Coke.","Yeah, you were, but you decided to make salmon because you had some left over at the restaurant.
And then you realised if you  bitched about it, then you  would stop cooking, and you  would have to make your famous baked potato and Diet Coke.",anger,0,4,neutral,False,0.05421139,0.07963398,0.008028166,0.11309923,0.6702706,0.06832866,0.006427977
222,13,Rachel,"Wow, I really get crabby when I cook.",surprise,"And then you realised if you  bitched about it, then you  would stop cooking, and you  would have to make your famous baked potato and Diet Coke.
Wow, I really get crabby when I cook.","And then you realised if you  bitched about it, then you  would stop cooking, and you  would have to make your famous baked potato and Diet Coke.
Wow, I really get crabby when I cook.",surprise,6,3,joy,False,0.032280557,0.06913366,0.0065193125,0.69561756,0.07593561,0.036694996,0.08381828
223,1,Chandler,"I’m not worried, I’m uh, I’m fascinated.",fear,"Chandler! It happens to lots of guys! You-you-you were probably tired, you had a lot of champagne, don’t worry about it!
I’m not worried, I’m uh, I’m fascinated.","Chandler! It happens to lots of guys! You-you-you were probably tired, you had a lot of champagne, don’t worry about it!
I’m not worried, I’m uh, I’m fascinated.",fear,2,4,neutral,False,0.028556319,0.004318006,0.038690854,0.091133706,0.80991346,0.018228224,0.009159444
223,2,Chandler,"Y’know it’s like uh, Biology!",neutral,"I’m not worried, I’m uh, I’m fascinated.
Y’know it’s like uh, Biology!","I’m not worried, I’m uh, I’m fascinated.
Y’know it’s like uh, Biology!",neutral,4,4,neutral,True,0.10676107,0.01464319,0.076443985,0.24157989,0.47572023,0.04583832,0.039013397
223,3,Chandler,"Which is funny because in high school I uh, I-I failed Biology and tonight Biology failed me.",fear,"Y’know it’s like uh, Biology!
Which is funny because in high school I uh, I-I failed Biology and tonight Biology failed me.","Y’know it’s like uh, Biology!
Which is funny because in high school I uh, I-I failed Biology and tonight Biology failed me.",fear,2,5,sadness,False,0.0594342,0.034139644,0.31257832,0.046154447,0.035999116,0.49467018,0.017024063
223,4,Phoebe,"Check it out. Okay, I can play this when the guests are coming in. Okay.",neutral,"Which is funny because in high school I uh, I-I failed Biology and tonight Biology failed me.
Check it out. Okay, I can play this when the guests are coming in. Okay.","Which is funny because in high school I uh, I-I failed Biology and tonight Biology failed me.
Check it out. Okay, I can play this when the guests are coming in. Okay.",neutral,4,4,neutral,True,0.003417355,0.0013170919,0.0021922975,0.011942943,0.9785678,0.0018529732,0.00070945476
223,5,Monica,Phoebe!,joy,"Check it out. Okay, I can play this when the guests are coming in. Okay.
Phoebe!","Check it out. Okay, I can play this when the guests are coming in. Okay.
Phoebe!",joy,3,3,joy,True,0.040731788,0.0025903732,0.0046258816,0.86786216,0.053610247,0.0045686434,0.026010903
223,6,Phoebe,"If you would’ve let me finish, it goes on to say that he’s probably not gay.",neutral,"Phoebe!
If you would’ve let me finish, it goes on to say that he’s probably not gay.","Phoebe!
If you would’ve let me finish, it goes on to say that he’s probably not gay.",neutral,4,4,neutral,True,0.005071991,0.0019097904,0.003443317,0.0038507537,0.96362674,0.00746864,0.014628719
224,1,Hypnosis Tape,Deeper.,neutral,"You are falling fast asleep.
Deeper.","You are falling fast asleep.
Deeper.",neutral,4,4,neutral,True,0.013017562,0.0065725953,0.0051103965,0.017265314,0.9422929,0.008608437,0.007132791
224,2,Hypnosis Tape,Deeper.,neutral,"Deeper.
Deeper.","Deeper.
Deeper.",neutral,4,4,neutral,True,0.01115215,0.004461962,0.0049286135,0.022525143,0.94537604,0.0076050623,0.003951042
224,3,Hypnosis Tape,Deeper.,neutral,"Deeper.
Deeper.","Deeper.
Deeper.",neutral,4,4,neutral,True,0.01115215,0.0044619576,0.0049286135,0.022525148,0.94537604,0.007605058,0.0039510396
224,4,Hypnosis Tape,You are now completely asleep.,neutral,"Deeper.
You are now completely asleep.","Deeper.
You are now completely asleep.",neutral,4,4,neutral,True,0.002135956,0.0009706229,0.0011451402,0.004835518,0.9875553,0.0018118334,0.0015457431
224,5,Hypnosis Tape,You don’t need to smoke.,neutral,"You are now completely asleep.
You don’t need to smoke.","You are now completely asleep.
You don’t need to smoke.",neutral,4,4,neutral,True,0.009945797,0.007367959,0.0029452448,0.031048197,0.94330513,0.0036195908,0.0017680689
224,6,Hypnosis Tape,Cigarettes don’t control you.,neutral,"You don’t need to smoke.
Cigarettes don’t control you.","You don’t need to smoke.
Cigarettes don’t control you.",neutral,4,4,neutral,True,0.23557922,0.110711284,0.123226844,0.042562876,0.3877886,0.08851381,0.011617388
224,7,Hypnosis Tape,"You are a strong, confident woman, who does not need to smoke.",neutral,"Cigarettes don’t control you.
You are a strong, confident woman, who does not need to smoke.","Cigarettes don’t control you.
You are a strong, confident woman, who does not need to smoke.",neutral,4,4,neutral,True,0.026284084,0.005439311,0.0064171534,0.09596241,0.85965323,0.0045529567,0.0016908955
224,8,Hypnosis Tape,"A strong, confident woman.",neutral,"You are a strong, confident woman, who does not need to smoke.
A strong, confident woman.","You are a strong, confident woman, who does not need to smoke.
A strong, confident woman.",neutral,4,4,neutral,True,0.0313333,0.0045797504,0.006020198,0.09456178,0.85737276,0.0050110337,0.0011211293
225,1,Phoebe,Yes!! Yes!! I’m the next caller! You were gonna have me hang up.,joy,"Thank you for your patience, you’re the next caller.
Yes!! Yes!! I’m the next caller! You were gonna have me hang up.","Thank you for your patience, you’re the next caller.
Yes!! Yes!! I’m the next caller! You were gonna have me hang up.",joy,3,0,anger,False,0.813902,0.009632529,0.023176271,0.08885542,0.026323372,0.02094226,0.017168147
225,2,Chandler,Hey! Can you take a duck and a chick to the theatre?,neutral,"Yes!! Yes!! I’m the next caller! You were gonna have me hang up.
Hey! Can you take a duck and a chick to the theatre?","Yes!! Yes!! I’m the next caller! You were gonna have me hang up.
Hey! Can you take a duck and a chick to the theatre?",neutral,4,3,joy,False,0.23915723,0.017899632,0.027137134,0.31164107,0.17581859,0.0364071,0.1919392
225,3,Monica,Of course not.,sadness,"Hey! Can you take a duck and a chick to the theatre?
Of course not.","Hey! Can you take a duck and a chick to the theatre?
Of course not.",sadness,5,4,neutral,False,0.0077404724,0.0031455557,0.0027048485,0.10552694,0.87423444,0.0054414826,0.001206338
225,4,Phoebe,No.,neutral,"Of course not.
No.","Of course not.
No.",neutral,4,4,neutral,True,0.002615477,0.0014047311,0.0021265785,0.007484,0.98275095,0.0027873062,0.0008309674
225,5,Chandler,Okay. I just wanted them to hear it from somebody else.,neutral,"No.
Okay. I just wanted them to hear it from somebody else.","No.
Okay. I just wanted them to hear it from somebody else.",neutral,4,4,neutral,True,0.008525652,0.0027425312,0.0034787462,0.02339789,0.95399046,0.0067484896,0.0011162179
226,1,Rachel,Good.,joy,"So how are things going with Paul?
Good.","So how are things going with Paul?
Good.",joy,3,4,neutral,False,0.011122991,0.00867941,0.0051683276,0.2614143,0.7005319,0.011492539,0.0015905173
226,2,Rachel,"Although y’know, he-he’s a private guy.",neutral,"Good.
Although y’know, he-he’s a private guy.","Good.
Although y’know, he-he’s a private guy.",neutral,4,4,neutral,True,0.003043947,0.0012808396,0.004320738,0.009274019,0.97800225,0.0030487245,0.0010294715
226,3,Rachel,"Y’know, I wish I could get him to open up a little bit, share some feelings.",sadness,"Although y’know, he-he’s a private guy.
Y’know, I wish I could get him to open up a little bit, share some feelings.","Although y’know, he-he’s a private guy.
Y’know, I wish I could get him to open up a little bit, share some feelings.",sadness,5,4,neutral,False,0.018539645,0.0072302977,0.025209462,0.05584367,0.8481102,0.043202586,0.0018640682
226,4,Phoebe,That’s easy! You just have to think of him as a-as a jar of pickles that won’t open.,neutral,"Y’know, I wish I could get him to open up a little bit, share some feelings.
That’s easy! You just have to think of him as a-as a jar of pickles that won’t open.","Y’know, I wish I could get him to open up a little bit, share some feelings.
That’s easy! You just have to think of him as a-as a jar of pickles that won’t open.",neutral,4,4,neutral,True,0.0153161995,0.0143086305,0.0030127368,0.12227029,0.8350968,0.008206402,0.0017889744
226,5,Rachel,So what are you saying.  I should run him under hot water and bang his head against a table?,surprise,"That’s easy! You just have to think of him as a-as a jar of pickles that won’t open.
So what are you saying.  I should run him under hot water and bang his head against a table?","That’s easy! You just have to think of him as a-as a jar of pickles that won’t open.
So what are you saying.  I should run him under hot water and bang his head against a table?",surprise,6,4,neutral,False,0.007980301,0.011617951,0.009493102,0.024782276,0.937416,0.006622275,0.0020880653
226,6,Phoebe,No that’s what you do when you want to get the truth out of someone.,neutral,"So what are you saying.  I should run him under hot water and bang his head against a table?
No that’s what you do when you want to get the truth out of someone.","So what are you saying.  I should run him under hot water and bang his head against a table?
No that’s what you do when you want to get the truth out of someone.",neutral,4,4,neutral,True,0.013639222,0.0172653,0.009989427,0.008961214,0.93870544,0.009714235,0.0017252102
226,7,Paul,Hi honey.,neutral,"No that’s what you do when you want to get the truth out of someone.
Hi honey.","No that’s what you do when you want to get the truth out of someone.
Hi honey.",neutral,4,4,neutral,True,0.0016545231,0.0005682422,0.0013188561,0.0067685456,0.9866127,0.001858989,0.0012183399
226,8,Rachel,Hi!,joy,"Hi honey.
Hi!","Hi honey.
Hi!",joy,3,3,joy,True,0.01232744,0.0014923539,0.0023630545,0.8190303,0.13161421,0.0037567464,0.02941594
227,1,Rachel,"Monica, number one, I don’t think Ben understands the concept of bribery, and number two, I...   What?!",surprise,"Okay, Ben, I won’t tell your daddy that you had ice cream for dinner, if you don’t tell about our little bonking incident.
Monica, number one, I don’t think Ben understands the concept of bribery, and number two, I...   What?!","Okay, Ben, I won’t tell your daddy that you had ice cream for dinner, if you don’t tell about our little bonking incident.
Monica, number one, I don’t think Ben understands the concept of bribery, and number two, I...   What?!",surprise,6,6,surprise,True,0.046250567,0.0030274438,0.011535634,0.006047437,0.013805188,0.012276546,0.9070573
227,2,Joey,You said number two.,neutral,"Monica, number one, I don’t think Ben understands the concept of bribery, and number two, I...   What?!
You said number two.","Monica, number one, I don’t think Ben understands the concept of bribery, and number two, I...   What?!
You said number two.",neutral,4,6,surprise,False,0.013025824,0.0019310255,0.0075141704,0.009431466,0.10747863,0.008010537,0.8526083
227,3,Rachel,I also said number one.,neutral,"You said number two.
I also said number one.","You said number two.
I also said number one.",neutral,4,4,neutral,True,0.010278748,0.0018907539,0.0017006395,0.023439774,0.9573714,0.0040820697,0.0012365025
228,1,Rachel,Can’t I just look at the handles on them?,neutral,"Remind me to review with you which pot is decaf and which is regular.
Can’t I just look at the handles on them?","Remind me to review with you which pot is decaf and which is regular.
Can’t I just look at the handles on them?",neutral,4,4,neutral,True,0.0030398327,0.0005641799,0.00095507887,0.0023705182,0.9885717,0.001993972,0.0025046677
228,2,Gunther,You would think.,neutral,"Can’t I just look at the handles on them?
You would think.","Can’t I just look at the handles on them?
You would think.",neutral,4,4,neutral,True,0.0034020692,0.001726925,0.003628607,0.007962851,0.9783851,0.0022539645,0.0026405274
228,3,Rachel,"Okay, fine.",neutral,"You would think.
Okay, fine.","You would think.
Okay, fine.",neutral,4,4,neutral,True,0.016813746,0.0064546093,0.0066629914,0.0089468,0.9559955,0.0041779783,0.00094844814
228,4,Rachel,"Gunther, y'know what, I am a terrible waitress, do you know why I’m a terrible waitress?",anger,"Okay, fine.
Gunther, y'know what, I am a terrible waitress, do you know why I’m a terrible waitress?","Okay, fine.
Gunther, y'know what, I am a terrible waitress, do you know why I’m a terrible waitress?",anger,0,0,anger,True,0.50836647,0.02814569,0.072754495,0.037313078,0.09766036,0.24255657,0.01320335
228,5,Rachel,"Because, I don’t care.",neutral,"Gunther, y'know what, I am a terrible waitress, do you know why I’m a terrible waitress?
Because, I don’t care.","Gunther, y'know what, I am a terrible waitress, do you know why I’m a terrible waitress?
Because, I don’t care.",neutral,4,4,neutral,True,0.27434984,0.03961198,0.045615487,0.02685636,0.5434691,0.064964,0.005133255
228,6,Rachel,I don’t care.,neutral,"Because, I don’t care.
I don’t care.","Because, I don’t care.
I don’t care.",neutral,4,0,anger,False,0.5330754,0.043929614,0.08737752,0.082585655,0.1896049,0.054501448,0.008925511
228,7,Rachel,"I don’t care which pot is regular and which pot is decaf, I don’t care where the tray spot is, I just don’t care, this is not what I want to do.",anger,"I don’t care.
I don’t care which pot is regular and which pot is decaf, I don’t care where the tray spot is, I just don’t care, this is not what I want to do.","I don’t care.
I don’t care which pot is regular and which pot is decaf, I don’t care where the tray spot is, I just don’t care, this is not what I want to do.",anger,0,2,fear,False,0.17819601,0.06575428,0.3839476,0.0215694,0.11977763,0.22340988,0.007345207
228,8,Rachel,So I don’t think I should do it anymore.,sadness,"I don’t care which pot is regular and which pot is decaf, I don’t care where the tray spot is, I just don’t care, this is not what I want to do.
So I don’t think I should do it anymore.","I don’t care which pot is regular and which pot is decaf, I don’t care where the tray spot is, I just don’t care, this is not what I want to do.
So I don’t think I should do it anymore.",sadness,5,5,sadness,True,0.10796361,0.04241235,0.16367967,0.04501862,0.14795615,0.48761564,0.0053538755
228,9,Rachel,I’m gonna give you my weeks notice.,sadness,"So I don’t think I should do it anymore.
I’m gonna give you my weeks notice.","So I don’t think I should do it anymore.
I’m gonna give you my weeks notice.",sadness,5,4,neutral,False,0.06470851,0.012114892,0.0071095824,0.076525785,0.82137877,0.014412071,0.0037503939
228,10,Gunther,What?!,surprise,"I’m gonna give you my weeks notice.
What?!","I’m gonna give you my weeks notice.
What?!",surprise,6,6,surprise,True,0.00609786,0.0012665179,0.0059784465,0.0037351288,0.015733482,0.005173228,0.96201533
228,11,Rachel,"Gunther, I quit.",sadness,"What?!
Gunther, I quit.","What?!
Gunther, I quit.",sadness,5,4,neutral,False,0.011760806,0.005760545,0.0064932643,0.02084641,0.9385223,0.013111108,0.0035055703
228,12,Chandler,Does this mean we’re gonna have to start paying for coffee?,surprise,"Gunther, I quit.
Does this mean we’re gonna have to start paying for coffee?","Gunther, I quit.
Does this mean we’re gonna have to start paying for coffee?",surprise,6,4,neutral,False,0.02507567,0.0042271237,0.022199102,0.04620697,0.83215743,0.06334455,0.0067890864
229,1,Joey,"I know.  Yeah, his name is Pat.",neutral,"Ohh, I mean it’s just so realistic!
I know.  Yeah, his name is Pat.","Ohh, I mean it’s just so realistic!
I know.  Yeah, his name is Pat.",neutral,4,4,neutral,True,0.0017777558,0.0007924171,0.0011574295,0.0032438985,0.9905946,0.0015922658,0.0008417187
229,2,Rachel,Pat the dog. Oh! Oh! I get it!!,joy,"I know.  Yeah, his name is Pat.
Pat the dog. Oh! Oh! I get it!!","I know.  Yeah, his name is Pat.
Pat the dog. Oh! Oh! I get it!!",joy,3,3,joy,True,0.010548905,0.0017614426,0.0027693256,0.93513614,0.02782239,0.0037901916,0.018171595
229,3,Joey,"Do you uh, do you—ready for a refill?",neutral,"Pat the dog. Oh! Oh! I get it!!
Do you uh, do you—ready for a refill?","Pat the dog. Oh! Oh! I get it!!
Do you uh, do you—ready for a refill?",neutral,4,3,joy,False,0.019406572,0.0017687943,0.006513817,0.7844828,0.15735683,0.0063324897,0.024138775
229,4,Rachel,"Oh, I probably shouldn’t—so I will!  Oh! Wow! It’s like it’s raining!",surprise,"Do you uh, do you—ready for a refill?
Oh, I probably shouldn’t—so I will!  Oh! Wow! It’s like it’s raining!","Do you uh, do you—ready for a refill?
Oh, I probably shouldn’t—so I will!  Oh! Wow! It’s like it’s raining!",surprise,6,6,surprise,True,0.007264481,0.0022844505,0.003851973,0.05637927,0.010494412,0.0055503016,0.9141751
229,5,Joey,"Pretty cool, huh?",joy,"Oh, I probably shouldn’t—so I will!  Oh! Wow! It’s like it’s raining!
Pretty cool, huh?","Oh, I probably shouldn’t—so I will!  Oh! Wow! It’s like it’s raining!
Pretty cool, huh?",joy,3,4,neutral,False,0.05947522,0.008565276,0.02592242,0.37251925,0.43072942,0.027182259,0.075606175
229,6,Joey,"But if you’re thinking you can put a fish in there and it wouldn’t get sucked up into the mechanism, well you’d be wrong.",neutral,"Pretty cool, huh?
But if you’re thinking you can put a fish in there and it wouldn’t get sucked up into the mechanism, well you’d be wrong.","Pretty cool, huh?
But if you’re thinking you can put a fish in there and it wouldn’t get sucked up into the mechanism, well you’d be wrong.",neutral,4,4,neutral,True,0.26731852,0.032953687,0.022736514,0.11726475,0.49662346,0.05831998,0.0047830385
229,7,Rachel,"Umm, can I use your bathroom?",neutral,"But if you’re thinking you can put a fish in there and it wouldn’t get sucked up into the mechanism, well you’d be wrong.
Umm, can I use your bathroom?","But if you’re thinking you can put a fish in there and it wouldn’t get sucked up into the mechanism, well you’d be wrong.
Umm, can I use your bathroom?",neutral,4,4,neutral,True,0.0036074051,0.002200584,0.0039977394,0.004824287,0.98063743,0.003735475,0.000996942
229,8,Joey,"It’s uh, right through there.",neutral,"Umm, can I use your bathroom?
It’s uh, right through there.","Umm, can I use your bathroom?
It’s uh, right through there.",neutral,4,4,neutral,True,0.008780644,0.012735728,0.11358721,0.013541038,0.8049458,0.037555832,0.008853695
229,9,Rachel,"Okay.  God y’know, if someone told me a week ago that I would be peeing in Joey Tribbiani’s apartment",joy,"It’s uh, right through there.
Okay.  God y’know, if someone told me a week ago that I would be peeing in Joey Tribbiani’s apartment","It’s uh, right through there.
Okay.  God y’know, if someone told me a week ago that I would be peeing in Joey Tribbiani’s apartment",joy,3,4,neutral,False,0.060989864,0.05463248,0.04136506,0.008436354,0.74830145,0.064586625,0.021688253
229,10,Joey,"Yeah, life’s pretty great isn’t it?",joy,"Okay.  God y’know, if someone told me a week ago that I would be peeing in Joey Tribbiani’s apartment
Yeah, life’s pretty great isn’t it?","Okay.  God y’know, if someone told me a week ago that I would be peeing in Joey Tribbiani’s apartment
Yeah, life’s pretty great isn’t it?",joy,3,4,neutral,False,0.14278953,0.15370831,0.015464555,0.08880232,0.47724673,0.11334659,0.008641945
230,1,Monica,"Please, just a little bit off the back.",neutral,"You know, I think I was sixteen.
Please, just a little bit off the back.","You know, I think I was sixteen.
Please, just a little bit off the back.",neutral,4,4,neutral,True,0.008870897,0.011740211,0.017637871,0.010340927,0.940122,0.009619676,0.0016684206
230,2,Phoebe,"I'm still on ""no.""",neutral,"Please, just a little bit off the back.
I'm still on ""no.""","Please, just a little bit off the back.
I'm still on ""no.""",neutral,4,4,neutral,True,0.072822124,0.042159032,0.12345926,0.08292631,0.6299147,0.041155186,0.0075633815
230,3,Rachel,"Uh, morning. Do you guys think you could close your eyes for just a sec?",neutral,"I'm still on ""no.""
Uh, morning. Do you guys think you could close your eyes for just a sec?","I'm still on ""no.""
Uh, morning. Do you guys think you could close your eyes for just a sec?",neutral,4,4,neutral,True,0.011483997,0.007962007,0.13173671,0.01528986,0.78564286,0.03646564,0.0114188865
230,4,Joey,"No-no-no-no-no,  I'm not fallin' for that again.",anger,"Uh, morning. Do you guys think you could close your eyes for just a sec?
No-no-no-no-no,  I'm not fallin' for that again.","Uh, morning. Do you guys think you could close your eyes for just a sec?
No-no-no-no-no,  I'm not fallin' for that again.",anger,0,4,neutral,False,0.13007103,0.025959514,0.30581835,0.1238014,0.3516831,0.055748098,0.006918509
230,5,Phoebe,What's goin' on?,neutral,"No-no-no-no-no,  I'm not fallin' for that again.
What's goin' on?","No-no-no-no-no,  I'm not fallin' for that again.
What's goin' on?",neutral,4,4,neutral,True,0.013129022,0.0011765171,0.015652802,0.017063245,0.8681156,0.0094973035,0.07536554
230,6,Rachel,"Well, I sorta did a stupid thing last night.",neutral,"What's goin' on?
Well, I sorta did a stupid thing last night.","What's goin' on?
Well, I sorta did a stupid thing last night.",neutral,4,4,neutral,True,0.21632914,0.26198974,0.021632826,0.122828834,0.3191183,0.052369386,0.005731702
230,7,Chandler,What stupid thing did you do?,neutral,"Well, I sorta did a stupid thing last night.
What stupid thing did you do?","Well, I sorta did a stupid thing last night.
What stupid thing did you do?",neutral,4,0,anger,False,0.8446751,0.05326245,0.015707457,0.01669718,0.026103793,0.01602966,0.027524361
230,8,Phoebe,Ewww!,disgust,"What stupid thing did you do?
Ewww!","What stupid thing did you do?
Ewww!",disgust,1,1,disgust,True,0.048253693,0.8172912,0.01555611,0.032125507,0.015927674,0.0401296,0.030716218
231,1,Chandler,"See, yes.",neutral,"I know.
See, yes.","I know.
See, yes.",neutral,4,4,neutral,True,0.006371129,0.002107835,0.008111216,0.04157993,0.9310405,0.009347219,0.0014422595
231,2,Chandler,"That’s Yasmine Bleeth, she’s a completely different kind of chick.",neutral,"See, yes.
That’s Yasmine Bleeth, she’s a completely different kind of chick.","See, yes.
That’s Yasmine Bleeth, she’s a completely different kind of chick.",neutral,4,4,neutral,True,0.010643138,0.0062558767,0.0014131723,0.03881457,0.9265924,0.0049891565,0.01129163
231,3,Chandler,I love you both.,neutral,"That’s Yasmine Bleeth, she’s a completely different kind of chick.
I love you both.","That’s Yasmine Bleeth, she’s a completely different kind of chick.
I love you both.",neutral,4,3,joy,False,0.0065920334,0.0010165956,0.0013569787,0.9322355,0.049966898,0.0056720106,0.0031599451
231,4,Chandler,But in very different ways.,neutral,"I love you both.
But in very different ways.","I love you both.
But in very different ways.",neutral,4,4,neutral,True,0.011019302,0.0022353414,0.00866046,0.018420335,0.90690166,0.03421399,0.01854898
231,5,Joey,Hey!,surprise,"But in very different ways.
Hey!","But in very different ways.
Hey!",surprise,6,6,surprise,True,0.015873572,0.0025854884,0.004821621,0.23271447,0.13781895,0.007245586,0.5989404
231,6,Chandler,Hey!,surprise,"Hey!
Hey!","Hey!
Hey!",surprise,6,3,joy,False,0.024245713,0.0025513808,0.004864207,0.58601844,0.26300102,0.006954845,0.1123644
231,7,Chandler,"I did! But the store wouldn’t take her back! So then I took her to the shelter, and you know what I found out?",anger,"Hey!
I did! But the store wouldn’t take her back! So then I took her to the shelter, and you know what I found out?","Hey!
I did! But the store wouldn’t take her back! So then I took her to the shelter, and you know what I found out?",anger,0,4,neutral,False,0.023255615,0.0019358763,0.005689847,0.009986553,0.9472489,0.0068334504,0.0050497055
231,8,Chandler,"If they can’t find a home for her, they kill her! And I’m not gonna let that happen to little Yasmine!",anger,"I did! But the store wouldn’t take her back! So then I took her to the shelter, and you know what I found out?
If they can’t find a home for her, they kill her! And I’m not gonna let that happen to little Yasmine!","I did! But the store wouldn’t take her back! So then I took her to the shelter, and you know what I found out?
If they can’t find a home for her, they kill her! And I’m not gonna let that happen to little Yasmine!",anger,0,0,anger,True,0.6700011,0.048441723,0.16111723,0.019315947,0.018189028,0.07528548,0.0076494273
231,9,Joey,"Okay, good, good, good, ‘cause, good, ‘cause I was kinda having second thoughts too.",fear,"If they can’t find a home for her, they kill her! And I’m not gonna let that happen to little Yasmine!
Okay, good, good, good, ‘cause, good, ‘cause I was kinda having second thoughts too.","If they can’t find a home for her, they kill her! And I’m not gonna let that happen to little Yasmine!
Okay, good, good, good, ‘cause, good, ‘cause I was kinda having second thoughts too.",fear,2,4,neutral,False,0.08629518,0.05666996,0.15457062,0.09016045,0.33003724,0.2789239,0.0033426087
231,10,Chandler,Okay. And it’s not just chicks y'know? It’s all kinds of other animals!,disgust,"Okay, good, good, good, ‘cause, good, ‘cause I was kinda having second thoughts too.
Okay. And it’s not just chicks y'know? It’s all kinds of other animals!","Okay, good, good, good, ‘cause, good, ‘cause I was kinda having second thoughts too.
Okay. And it’s not just chicks y'know? It’s all kinds of other animals!",disgust,1,4,neutral,False,0.21008986,0.0149997985,0.011133381,0.12975678,0.60950506,0.020381313,0.0041337884
231,11,Joey,"That’s horrible! Well, you did the right thing man.",disgust,"Okay. And it’s not just chicks y'know? It’s all kinds of other animals!
That’s horrible! Well, you did the right thing man.","Okay. And it’s not just chicks y'know? It’s all kinds of other animals!
That’s horrible! Well, you did the right thing man.",disgust,1,5,sadness,False,0.16890398,0.061204698,0.034845993,0.20671844,0.15339635,0.3716539,0.0032765982
231,12,Chandler,"Thanks, I’m glad you see it that way.",joy,"That’s horrible! Well, you did the right thing man.
Thanks, I’m glad you see it that way.","That’s horrible! Well, you did the right thing man.
Thanks, I’m glad you see it that way.",joy,3,3,joy,True,0.007992414,0.0013715422,0.0016342484,0.9346262,0.04114411,0.010308894,0.0029226043
231,13,Chandler,"Ohhh-hoo, funny story!",joy,"Thanks, I’m glad you see it that way.
Ohhh-hoo, funny story!","Thanks, I’m glad you see it that way.
Ohhh-hoo, funny story!",joy,3,3,joy,True,0.016107965,0.0027387938,0.0030183676,0.91848814,0.03631934,0.0036970705,0.019630393
232,1,Chandler,"Uhh, yeah. She uh, she uh, she uh might've mentioned him.",neutral,"So Chandler, have you heard about Monica's secret boyfriend?
Uhh, yeah. She uh, she uh, she uh might've mentioned him.","So Chandler, have you heard about Monica's secret boyfriend?
Uhh, yeah. She uh, she uh, she uh might've mentioned him.",neutral,4,4,neutral,True,0.014841764,0.010294487,0.22600111,0.019309735,0.61189944,0.059761565,0.057891857
232,2,Rachel,"So Mon, when are we gonna meet this new secret waiter man?",neutral,"Uhh, yeah. She uh, she uh, she uh might've mentioned him.
So Mon, when are we gonna meet this new secret waiter man?","Uhh, yeah. She uh, she uh, she uh might've mentioned him.
So Mon, when are we gonna meet this new secret waiter man?",neutral,4,4,neutral,True,0.0033244102,0.0006135039,0.0037098625,0.003710469,0.97579986,0.0030259052,0.009816025
232,3,Monica,"Ohh, he's really shy. I-I don’t think he's up to meeting everyone yet.",neutral,"So Mon, when are we gonna meet this new secret waiter man?
Ohh, he's really shy. I-I don’t think he's up to meeting everyone yet.","So Mon, when are we gonna meet this new secret waiter man?
Ohh, he's really shy. I-I don’t think he's up to meeting everyone yet.",neutral,4,2,fear,False,0.042176086,0.015343864,0.23912898,0.1231156,0.21728703,0.22059213,0.14235623
232,4,Chandler,"Yeah, I don't think he's up to meeting everyone yet.",neutral,"Ohh, he's really shy. I-I don’t think he's up to meeting everyone yet.
Yeah, I don't think he's up to meeting everyone yet.","Ohh, he's really shy. I-I don’t think he's up to meeting everyone yet.
Yeah, I don't think he's up to meeting everyone yet.",neutral,4,4,neutral,True,0.051222485,0.007365778,0.03900295,0.10650456,0.7201549,0.061113413,0.014635934
232,5,Rachel,I don’t care! I wanna meet this guy who's the best sex she ever had!,joy,"Yeah, I don't think he's up to meeting everyone yet.
I don’t care! I wanna meet this guy who's the best sex she ever had!","Yeah, I don't think he's up to meeting everyone yet.
I don’t care! I wanna meet this guy who's the best sex she ever had!",joy,3,3,joy,True,0.21595538,0.021740777,0.026312264,0.6531896,0.049033597,0.022979416,0.010789084
232,6,Chandler,Really?! That's what you heard?  You said that?,surprise,"I don’t care! I wanna meet this guy who's the best sex she ever had!
Really?! That's what you heard?  You said that?","I don’t care! I wanna meet this guy who's the best sex she ever had!
Really?! That's what you heard?  You said that?",surprise,6,6,surprise,True,0.0058059366,0.0013464531,0.003261065,0.0025996529,0.010440451,0.0035897987,0.9729566
232,7,Monica,I might've said that.  Why is that funny?,neutral,"Really?! That's what you heard?  You said that?
I might've said that.  Why is that funny?","Really?! That's what you heard?  You said that?
I might've said that.  Why is that funny?",neutral,4,6,surprise,False,0.015692303,0.0027428113,0.0065783323,0.0068837674,0.14451797,0.009267977,0.8143168
232,8,Chandler,Because I'm very happy for him!  And,joy,"I might've said that.  Why is that funny?
Because I'm very happy for him!  And","I might've said that.  Why is that funny?
Because I'm very happy for him!  And",joy,3,3,joy,True,0.33809313,0.013915151,0.015526897,0.3471534,0.19411929,0.04029737,0.050894797
232,9,Ross,Hi!,sadness,"Because I'm very happy for him!  And
Hi!","Because I'm very happy for him!  And
Hi!",sadness,5,3,joy,False,0.012703046,0.0011878674,0.0019371593,0.82803345,0.12574935,0.003360585,0.027028563
233,1,Rachel,"Honey, if you wanted to do that, you might as well just gotten him a fish, you know how fish freaked me out!",disgust,"Did you get all this stuff for Joey to try and drive me out of the apartment?
Honey, if you wanted to do that, you might as well just gotten him a fish, you know how fish freaked me out!","Did you get all this stuff for Joey to try and drive me out of the apartment?
Honey, if you wanted to do that, you might as well just gotten him a fish, you know how fish freaked me out!",disgust,1,0,anger,False,0.7979169,0.062395595,0.037846066,0.037991565,0.03203733,0.025209893,0.006602657
233,2,Phoebe,Fish!,surprise,"Honey, if you wanted to do that, you might as well just gotten him a fish, you know how fish freaked me out!
Fish!","Honey, if you wanted to do that, you might as well just gotten him a fish, you know how fish freaked me out!
Fish!",surprise,6,0,anger,False,0.7854397,0.07691479,0.045994822,0.032707512,0.021747788,0.028352687,0.008842668
233,3,Rachel,"It wouldn't have mattered anyway, Phoebe, you and I are, are gonna live together, we're roommates; that's the deal.",neutral,"Fish!
It wouldn't have mattered anyway, Phoebe, you and I are, are gonna live together, we're roommates; that's the deal.","Fish!
It wouldn't have mattered anyway, Phoebe, you and I are, are gonna live together, we're roommates; that's the deal.",neutral,4,4,neutral,True,0.004565498,0.0012576367,0.0022422909,0.008847778,0.97275454,0.0068476754,0.0034846277
233,4,Phoebe,"Yes, but I wanted you to want to live with me, but okay, if you're having so much fun over here",sadness,"It wouldn't have mattered anyway, Phoebe, you and I are, are gonna live together, we're roommates; that's the deal.
Yes, but I wanted you to want to live with me, but okay, if you're having so much fun over here","It wouldn't have mattered anyway, Phoebe, you and I are, are gonna live together, we're roommates; that's the deal.
Yes, but I wanted you to want to live with me, but okay, if you're having so much fun over here",sadness,5,4,neutral,False,0.024230974,0.0069433646,0.013251568,0.04306138,0.87697685,0.033314485,0.002221419
233,5,Rachel,"Oh, it's so much more fun with you.",joy,"Yes, but I wanted you to want to live with me, but okay, if you're having so much fun over here
Oh, it's so much more fun with you.","Yes, but I wanted you to want to live with me, but okay, if you're having so much fun over here
Oh, it's so much more fun with you.",joy,3,4,neutral,False,0.055511724,0.020790894,0.006615415,0.3478552,0.5464835,0.01882724,0.0039159954
233,6,Phoebe,"We did have fun, didn't we?",joy,"Oh, it's so much more fun with you.
We did have fun, didn't we?","Oh, it's so much more fun with you.
We did have fun, didn't we?",joy,3,4,neutral,False,0.027112715,0.0046002655,0.0064809457,0.2600222,0.56036985,0.015017312,0.12639675
233,7,Rachel,We did!,joy,"We did have fun, didn't we?
We did!","We did have fun, didn't we?
We did!",joy,3,3,joy,True,0.019360483,0.0016844046,0.0022816753,0.9233073,0.02872828,0.003637632,0.021000218
233,8,Phoebe,"Oh, anyway, they say, if we want, we can see it tonight.",neutral,"We did!
Oh, anyway, they say, if we want, we can see it tonight.","We did!
Oh, anyway, they say, if we want, we can see it tonight.",neutral,4,4,neutral,True,0.0071116937,0.0035289354,0.0026120315,0.06714636,0.91281,0.005592116,0.0011988236
233,9,Rachel,"Oh, I would love to!",joy,"Oh, anyway, they say, if we want, we can see it tonight.
Oh, I would love to!","Oh, anyway, they say, if we want, we can see it tonight.
Oh, I would love to!",joy,3,3,joy,True,0.005210136,0.001159047,0.0011999963,0.960559,0.018228361,0.0030082206,0.010635197
233,10,Phoebe,"Yay, okay!",joy,"Oh, I would love to!
Yay, okay!","Oh, I would love to!
Yay, okay!",joy,3,3,joy,True,0.0052149296,0.0012610296,0.000957724,0.9567934,0.028412376,0.001841005,0.005519524
233,11,Rachel,"Good, good, good, good, good.",joy,"Yay, okay!
Good, good, good, good, good.","Yay, okay!
Good, good, good, good, good.",joy,3,3,joy,True,0.05303885,0.008026523,0.006775806,0.7958184,0.12001344,0.014104045,0.0022229296
233,12,Phoebe,"Great, all right, okay, and Monica ask me to make the drumming stop.",neutral,"Good, good, good, good, good.
Great, all right, okay, and Monica ask me to make the drumming stop.","Good, good, good, good, good.
Great, all right, okay, and Monica ask me to make the drumming stop.",neutral,4,4,neutral,True,0.009934171,0.0031881293,0.0026089184,0.033254713,0.94623226,0.0039030793,0.0008787203
233,13,Rachel,Um...  Done!,neutral,"Great, all right, okay, and Monica ask me to make the drumming stop.
Um...  Done!","Great, all right, okay, and Monica ask me to make the drumming stop.
Um...  Done!",neutral,4,3,joy,False,0.012654457,0.0014247951,0.002544542,0.9286784,0.049143482,0.002173697,0.0033806
234,1,Tommy,Ice coffee? Tell me it’s ice coffee!,surprise,"Okay, it’s coffee.
Ice coffee? Tell me it’s ice coffee!","Okay, it’s coffee.
Ice coffee? Tell me it’s ice coffee!",surprise,6,3,joy,False,0.18401903,0.017273583,0.017453002,0.5138799,0.18711251,0.022219392,0.05804256
234,2,Ross,It’s-it’s hot,neutral,"Ice coffee? Tell me it’s ice coffee!
It’s-it’s hot","Ice coffee? Tell me it’s ice coffee!
It’s-it’s hot",neutral,4,3,joy,False,0.023479244,0.004714532,0.004835735,0.73474956,0.21209228,0.0075892624,0.012539361
234,3,Tommy,Hot coffee!!!,surprise,"It’s-it’s hot
Hot coffee!!!","It’s-it’s hot
Hot coffee!!!",surprise,6,3,joy,False,0.020400343,0.0034859267,0.002858229,0.89542145,0.025982564,0.003855652,0.047995877
234,4,Tommy,You idiot!!,anger,"Hot coffee!!!
You idiot!!","Hot coffee!!!
You idiot!!",anger,0,0,anger,True,0.75112075,0.06371629,0.0083785895,0.028102243,0.008798952,0.018851504,0.12103173
234,5,Tommy,"You were gonna spill hot coffee all over me, huh?!!",anger,"You idiot!!
You were gonna spill hot coffee all over me, huh?!!","You idiot!!
You were gonna spill hot coffee all over me, huh?!!",anger,0,6,surprise,False,0.2996479,0.05068584,0.020579081,0.05519342,0.03259923,0.027413834,0.51388067
234,6,Tommy,"What are you just some big, dumb, stupid, doofy idiot, with a doofy idiot hairdo, huh?!",anger,"You were gonna spill hot coffee all over me, huh?!!
What are you just some big, dumb, stupid, doofy idiot, with a doofy idiot hairdo, huh?!","You were gonna spill hot coffee all over me, huh?!!
What are you just some big, dumb, stupid, doofy idiot, with a doofy idiot hairdo, huh?!",anger,0,0,anger,True,0.7816883,0.056768164,0.012021827,0.04452419,0.022330951,0.020490484,0.06217619
234,7,Tommy,Huh?,anger,"What are you just some big, dumb, stupid, doofy idiot, with a doofy idiot hairdo, huh?!
Huh?","What are you just some big, dumb, stupid, doofy idiot, with a doofy idiot hairdo, huh?!
Huh?",anger,0,6,surprise,False,0.02342634,0.0029861976,0.010750475,0.012343605,0.37581158,0.009828192,0.56485355
234,8,Rachel,What’s your favourite thing about summertime?,neutral,"Huh?
What’s your favourite thing about summertime?","Huh?
What’s your favourite thing about summertime?",neutral,4,4,neutral,True,0.009381348,0.0035448268,0.0017416414,0.041680206,0.93074334,0.0050363247,0.007872358
234,9,Monica,"Umm, going to the beach. When it stays light real late.",neutral,"What’s your favourite thing about summertime?
Umm, going to the beach. When it stays light real late.","What’s your favourite thing about summertime?
Umm, going to the beach. When it stays light real late.",neutral,4,4,neutral,True,0.0048542297,0.0037066955,0.003213182,0.012107235,0.97201467,0.00343928,0.00066457456
234,10,Rachel,Yeah,neutral,"Umm, going to the beach. When it stays light real late.
Yeah","Umm, going to the beach. When it stays light real late.
Yeah",neutral,4,4,neutral,True,0.0012912772,0.0006572369,0.0018313902,0.006802967,0.98658586,0.0014300739,0.0014012005
234,11,Tommy,Hey!,surprise,"Yeah
Hey!","Yeah
Hey!",surprise,6,3,joy,False,0.015835168,0.0015634974,0.002409141,0.7805509,0.16344923,0.003918956,0.032273106
234,12,Rachel,"Tommyyyy! Say, what’s your favourite thing about summer?",joy,"Hey!
Tommyyyy! Say, what’s your favourite thing about summer?","Hey!
Tommyyyy! Say, what’s your favourite thing about summer?",joy,3,4,neutral,False,0.013656474,0.004521693,0.0024257102,0.10001499,0.8665368,0.0060372865,0.0068070693
234,13,Tommy,"Ooh, I don’t know. Probably the smell of freshly cut grass.",neutral,"Tommyyyy! Say, what’s your favourite thing about summer?
Ooh, I don’t know. Probably the smell of freshly cut grass.","Tommyyyy! Say, what’s your favourite thing about summer?
Ooh, I don’t know. Probably the smell of freshly cut grass.",neutral,4,4,neutral,True,0.006751211,0.01625646,0.009002805,0.06628641,0.87074876,0.011182304,0.019772036
234,14,Chandler,"Ohh, that’s a good one.",joy,"Ooh, I don’t know. Probably the smell of freshly cut grass.
Ohh, that’s a good one.","Ooh, I don’t know. Probably the smell of freshly cut grass.
Ohh, that’s a good one.",joy,3,4,neutral,False,0.0024977752,0.002870301,0.0018514101,0.020368766,0.968555,0.0025060987,0.0013506605
237,1,Joey,It's creamier.,neutral,"Is it better than the other salmon mousse?
It's creamier.","Is it better than the other salmon mousse?
It's creamier.",neutral,4,4,neutral,True,0.003384302,0.0057495357,0.0013614934,0.0155391,0.9679276,0.0037183815,0.0023196233
237,2,Monica,"Yeah, well, is that",neutral,"It's creamier.
Yeah, well, is that","It's creamier.
Yeah, well, is that",neutral,4,4,neutral,True,0.0021148233,0.00045260144,0.0009448343,0.0039532925,0.9893317,0.0016272967,0.0015753503
237,3,Joey,"I don't know. We're talking about whipped fish, Monica. I'm just happy I'm keeping it down, y'know?",disgust,"Yeah, well, is that
I don't know. We're talking about whipped fish, Monica. I'm just happy I'm keeping it down, y'know?","Yeah, well, is that
I don't know. We're talking about whipped fish, Monica. I'm just happy I'm keeping it down, y'know?",disgust,1,3,joy,False,0.2107596,0.07718918,0.037400085,0.2879326,0.28768596,0.08807562,0.010956915
237,4,Rachel,My God! What happened to you?,surprise,"I don't know. We're talking about whipped fish, Monica. I'm just happy I'm keeping it down, y'know?
My God! What happened to you?","I don't know. We're talking about whipped fish, Monica. I'm just happy I'm keeping it down, y'know?
My God! What happened to you?",surprise,6,6,surprise,True,0.0076061324,0.0036988973,0.005850954,0.003348684,0.004996527,0.0077042244,0.9667946
237,5,Chandler,"Eight and a half hours of aptitude tests, intelligence tests, personality tests... and what do I learn?",disgust,"My God! What happened to you?
Eight and a half hours of aptitude tests, intelligence tests, personality tests... and what do I learn?","My God! What happened to you?
Eight and a half hours of aptitude tests, intelligence tests, personality tests... and what do I learn?",disgust,1,4,neutral,False,0.07476554,0.004699483,0.046781894,0.13358271,0.5636971,0.03003234,0.14644094
237,6,Chandler,"""You are ideally suited for a career in data processing for a large multinational corporation.""",anger,"Eight and a half hours of aptitude tests, intelligence tests, personality tests... and what do I learn?
""You are ideally suited for a career in data processing for a large multinational corporation.""","Eight and a half hours of aptitude tests, intelligence tests, personality tests... and what do I learn?
""You are ideally suited for a career in data processing for a large multinational corporation.""",anger,0,4,neutral,False,0.025051638,0.0030637626,0.0049707843,0.05622453,0.89909035,0.0072092866,0.004389809
237,7,Phoebe,That's so great! 'Cause you already know how to do that!,joy,"""You are ideally suited for a career in data processing for a large multinational corporation.""
That's so great! 'Cause you already know how to do that!","""You are ideally suited for a career in data processing for a large multinational corporation.""
That's so great! 'Cause you already know how to do that!",joy,3,3,joy,True,0.006165889,0.0011217033,0.000989894,0.96437585,0.018977646,0.00245648,0.005912461
237,8,Chandler,"Can you believe it? I mean, don't I seem like somebody who should be doing something really",anger,"That's so great! 'Cause you already know how to do that!
Can you believe it? I mean, don't I seem like somebody who should be doing something really","That's so great! 'Cause you already know how to do that!
Can you believe it? I mean, don't I seem like somebody who should be doing something really",anger,0,4,neutral,False,0.26746523,0.009303523,0.04954798,0.074667394,0.5567141,0.033658165,0.008643583
237,9,Rachel,"Oh Chandler, I know, I know... oh, hey! You can see your nipples through this shirt!",sadness,"Can you believe it? I mean, don't I seem like somebody who should be doing something really
Oh Chandler, I know, I know... oh, hey! You can see your nipples through this shirt!","Can you believe it? I mean, don't I seem like somebody who should be doing something really
Oh Chandler, I know, I know... oh, hey! You can see your nipples through this shirt!",sadness,5,6,surprise,False,0.02724273,0.019286802,0.0066411714,0.026675476,0.008010163,0.009626723,0.90251696
237,10,Monica,"Here you go, maybe this'll cheer you up.",joy,"Oh Chandler, I know, I know... oh, hey! You can see your nipples through this shirt!
Here you go, maybe this'll cheer you up.","Oh Chandler, I know, I know... oh, hey! You can see your nipples through this shirt!
Here you go, maybe this'll cheer you up.",joy,3,3,joy,True,0.04118655,0.027575029,0.009928627,0.6349796,0.22969714,0.009723117,0.04690997
237,11,Chandler,"Ooh, you know, I had a grape about five hours ago, so I'd better split this with you.",neutral,"Here you go, maybe this'll cheer you up.
Ooh, you know, I had a grape about five hours ago, so I'd better split this with you.","Here you go, maybe this'll cheer you up.
Ooh, you know, I had a grape about five hours ago, so I'd better split this with you.",neutral,4,4,neutral,True,0.006649926,0.002287731,0.003788249,0.020744001,0.9568299,0.0071945162,0.0025057874
238,1,Mrs. Geller,"Well, that doesn't mean she can't look nice!",sadness,"I thought it was gonna be a closed casket.
Well, that doesn't mean she can't look nice!","I thought it was gonna be a closed casket.
Well, that doesn't mean she can't look nice!",sadness,5,0,anger,False,0.53991747,0.020863837,0.057942554,0.029645914,0.20328952,0.1388055,0.009535122
238,2,Mrs. Geller,"Sweetie, you think you can get in there?",neutral,"Well, that doesn't mean she can't look nice!
Sweetie, you think you can get in there?","Well, that doesn't mean she can't look nice!
Sweetie, you think you can get in there?",neutral,4,4,neutral,True,0.050975405,0.0043382696,0.020479485,0.06301199,0.5239099,0.02131665,0.31596833
238,3,Ross,I don't see why not.,neutral,"Sweetie, you think you can get in there?
I don't see why not.","Sweetie, you think you can get in there?
I don't see why not.",neutral,4,4,neutral,True,0.0034446798,0.0010790619,0.0030121948,0.0052169026,0.9803977,0.003834243,0.0030152574
238,4,Ross,Here's my retainer!,neutral,"I don't see why not.
Here's my retainer!","I don't see why not.
Here's my retainer!",neutral,4,4,neutral,True,0.3664897,0.013763226,0.011154899,0.043746628,0.45640898,0.049617704,0.05881881
239,1,Chandler,No. This is just part of a dare devil game that I play called ‘wait until the last moment before I burst and die.’,anger,"Someone in there?
No. This is just part of a dare devil game that I play called ‘wait until the last moment before I burst and die.’","Someone in there?
No. This is just part of a dare devil game that I play called ‘wait until the last moment before I burst and die.’",anger,0,0,anger,True,0.33746332,0.11287431,0.12147738,0.069056064,0.28945598,0.06426944,0.005403495
239,2,Chandler,"Jeez, man did you fall.. Hi! So ah, did ya, did-did-did ya fall high?",surprise,"No. This is just part of a dare devil game that I play called ‘wait until the last moment before I burst and die.’
Jeez, man did you fall.. Hi! So ah, did ya, did-did-did ya fall high?","No. This is just part of a dare devil game that I play called ‘wait until the last moment before I burst and die.’
Jeez, man did you fall.. Hi! So ah, did ya, did-did-did ya fall high?",surprise,6,3,joy,False,0.06544905,0.005166334,0.027249267,0.5305658,0.21348317,0.02605657,0.13202986
239,3,Woman,"Someone was in the lady's room, I couldn’t wait. I left the lid up for ya though.",neutral,"Jeez, man did you fall.. Hi! So ah, did ya, did-did-did ya fall high?
Someone was in the lady's room, I couldn’t wait. I left the lid up for ya though.","Jeez, man did you fall.. Hi! So ah, did ya, did-did-did ya fall high?
Someone was in the lady's room, I couldn’t wait. I left the lid up for ya though.",neutral,4,4,neutral,True,0.008568961,0.002441193,0.0029783626,0.11387899,0.85734445,0.0043240944,0.010463894
239,4,Chandler,"Y'know what Gunther, go ah, go ahead, I’m-I’m talking to ah, .  This is the part where you say your name.",neutral,"Someone was in the lady's room, I couldn’t wait. I left the lid up for ya though.
Y'know what Gunther, go ah, go ahead, I’m-I’m talking to ah, .  This is the part where you say your name.","Someone was in the lady's room, I couldn’t wait. I left the lid up for ya though.
Y'know what Gunther, go ah, go ahead, I’m-I’m talking to ah, .  This is the part where you say your name.",neutral,4,4,neutral,True,0.0033619062,0.00077513186,0.001792431,0.0018620888,0.9884798,0.002288797,0.00143991
239,5,Woman,Ginger.,neutral,"Y'know what Gunther, go ah, go ahead, I’m-I’m talking to ah, .  This is the part where you say your name.
Ginger.","Y'know what Gunther, go ah, go ahead, I’m-I’m talking to ah, .  This is the part where you say your name.
Ginger.",neutral,4,4,neutral,True,0.0020134682,0.0006546139,0.00087938644,0.0016763078,0.99232274,0.0014458912,0.0010076207
239,6,Chandler,"Ginger. I’m talking to Ginger, so....",neutral,"Ginger.
Ginger. I’m talking to Ginger, so....","Ginger.
Ginger. I’m talking to Ginger, so....",neutral,4,4,neutral,True,0.037419513,0.0068175304,0.021306012,0.16956861,0.72630185,0.033893965,0.004692578
239,7,Ginger,Don’t you have to use the bathroom?,neutral,"Ginger. I’m talking to Ginger, so....
Don’t you have to use the bathroom?","Ginger. I’m talking to Ginger, so....
Don’t you have to use the bathroom?",neutral,4,4,neutral,True,0.16077048,0.023517525,0.06572284,0.054939676,0.633849,0.053120654,0.008079752
239,8,Chandler,"Nope, nope, I’d just ah, I’d rather talk to you.",neutral,"Don’t you have to use the bathroom?
Nope, nope, I’d just ah, I’d rather talk to you.","Don’t you have to use the bathroom?
Nope, nope, I’d just ah, I’d rather talk to you.",neutral,4,4,neutral,True,0.002094293,0.0022585408,0.006595038,0.0053765206,0.978676,0.0037040047,0.0012956047
239,9,Chandler,"Yes, I do.",neutral,"Nope, nope, I’d just ah, I’d rather talk to you.
Yes, I do.","Nope, nope, I’d just ah, I’d rather talk to you.
Yes, I do.",neutral,4,4,neutral,True,0.014002302,0.0043764724,0.012730725,0.18057239,0.77468526,0.012311032,0.0013218747
239,10,Chandler,"Yes, I do have to go to the bathroom.",neutral,"Yes, I do.
Yes, I do have to go to the bathroom.","Yes, I do.
Yes, I do have to go to the bathroom.",neutral,4,4,neutral,True,0.006785116,0.0072035985,0.018568126,0.01312861,0.9403543,0.011918056,0.0020421236
239,11,Gunther,Someone in here.,neutral,"Yes, I do have to go to the bathroom.
Someone in here.","Yes, I do have to go to the bathroom.
Someone in here.",neutral,4,4,neutral,True,0.1230631,0.0418365,0.03602034,0.008402878,0.49239194,0.048711244,0.24957398
240,1,Jessica Lockhart,Oh yes there is!,anger,"I’m going to keep dating him Mother, and there’s nothing you can do about it!
Oh yes there is!","I’m going to keep dating him Mother, and there’s nothing you can do about it!
Oh yes there is!",anger,0,3,joy,False,0.06461751,0.0021218343,0.0123697305,0.8301972,0.0707965,0.010913293,0.008983919
240,2,Dina,What are you going to do? Kill him? Like you did with Charles?!,anger,"Oh yes there is!
What are you going to do? Kill him? Like you did with Charles?!","Oh yes there is!
What are you going to do? Kill him? Like you did with Charles?!",anger,0,0,anger,True,0.7040946,0.030358257,0.056420334,0.0120489,0.010790047,0.057252895,0.1290349
240,3,Jessica Lockhart,"Oh, my baby!",sadness,"What are you going to do? Kill him? Like you did with Charles?!
Oh, my baby!","What are you going to do? Kill him? Like you did with Charles?!
Oh, my baby!",sadness,5,6,surprise,False,0.081773214,0.049269684,0.20526741,0.045978773,0.01746955,0.2831593,0.31708202
240,4,Joey,That was a great scene! And-and-and that slap looks so real! How do you do that?,surprise,"Oh, my baby!
That was a great scene! And-and-and that slap looks so real! How do you do that?","Oh, my baby!
That was a great scene! And-and-and that slap looks so real! How do you do that?",surprise,6,6,surprise,True,0.020614596,0.0023715904,0.006168259,0.008688288,0.06633362,0.008496933,0.8873268
240,5,Cecilia,"Oh, just years of experience.",neutral,"That was a great scene! And-and-and that slap looks so real! How do you do that?
Oh, just years of experience.","That was a great scene! And-and-and that slap looks so real! How do you do that?
Oh, just years of experience.",neutral,4,4,neutral,True,0.015219993,0.0044932496,0.010465528,0.009975292,0.8799924,0.013397695,0.0664559
240,6,Dina,Can I get some ice here?!,sadness,"Oh, just years of experience.
Can I get some ice here?!","Oh, just years of experience.
Can I get some ice here?!",sadness,5,3,joy,False,0.30544284,0.02547148,0.04916756,0.34496996,0.13267107,0.058874052,0.083403036
240,7,Joey,"Oh anyway, I just wanted to say how wonderful I think you are.",joy,"Can I get some ice here?!
Oh anyway, I just wanted to say how wonderful I think you are.","Can I get some ice here?!
Oh anyway, I just wanted to say how wonderful I think you are.",joy,3,3,joy,True,0.011665581,0.0017481074,0.0035318362,0.9244296,0.039132554,0.015702605,0.0037896622
240,8,Cecilia,You’re not the fan who’s dying are you?,neutral,"Oh anyway, I just wanted to say how wonderful I think you are.
You’re not the fan who’s dying are you?","Oh anyway, I just wanted to say how wonderful I think you are.
You’re not the fan who’s dying are you?",neutral,4,6,surprise,False,0.24106559,0.009217451,0.022585219,0.07612585,0.10502542,0.113201104,0.43277934
240,9,Joey,"No. No, I’m Joey Tribbiani; we did a scene together yesterday. I-I’m the guy in the coma!",joy,"You’re not the fan who’s dying are you?
No. No, I’m Joey Tribbiani; we did a scene together yesterday. I-I’m the guy in the coma!","You’re not the fan who’s dying are you?
No. No, I’m Joey Tribbiani; we did a scene together yesterday. I-I’m the guy in the coma!",joy,3,6,surprise,False,0.10002508,0.016034057,0.11266926,0.11468113,0.07687192,0.13019739,0.4495212
240,10,Cecilia,Oh that was a real person?!,surprise,"No. No, I’m Joey Tribbiani; we did a scene together yesterday. I-I’m the guy in the coma!
Oh that was a real person?!","No. No, I’m Joey Tribbiani; we did a scene together yesterday. I-I’m the guy in the coma!
Oh that was a real person?!",surprise,6,6,surprise,True,0.018383263,0.0028386342,0.008810266,0.0037410075,0.011911886,0.009419972,0.9448949
240,11,Joey,"An-an-anyway I-I just wanted to say that since I’m getting your brain when you leave the show, I was wondering if there was any tips you can give me",neutral,"Oh that was a real person?!
An-an-anyway I-I just wanted to say that since I’m getting your brain when you leave the show, I was wondering if there was any tips you can give me","Oh that was a real person?!
An-an-anyway I-I just wanted to say that since I’m getting your brain when you leave the show, I was wondering if there was any tips you can give me",neutral,4,4,neutral,True,0.029950969,0.0057578553,0.04558313,0.03669107,0.8410949,0.027633516,0.013288593
240,12,Cecilia,I-I-I’m leaving the show?,surprise,"An-an-anyway I-I just wanted to say that since I’m getting your brain when you leave the show, I was wondering if there was any tips you can give me
I-I-I’m leaving the show?","An-an-anyway I-I just wanted to say that since I’m getting your brain when you leave the show, I was wondering if there was any tips you can give me
I-I-I’m leaving the show?",surprise,6,2,fear,False,0.2073535,0.016127346,0.37792778,0.06351283,0.13503388,0.16306542,0.036979288
240,13,Joey,I don’t know. Why? Did you hear something?,neutral,"I-I-I’m leaving the show?
I don’t know. Why? Did you hear something?","I-I-I’m leaving the show?
I don’t know. Why? Did you hear something?",neutral,4,6,surprise,False,0.008910434,0.0015216098,0.017163698,0.0074744206,0.40162897,0.0108018145,0.55249906
240,14,Cecilia,Who told you that?,surprise,"I don’t know. Why? Did you hear something?
Who told you that?","I don’t know. Why? Did you hear something?
Who told you that?",surprise,6,6,surprise,True,0.015142017,0.0020584157,0.011519334,0.004853742,0.251282,0.010843568,0.7043009
240,15,Joey,"Oh uh, one of the writers.",sadness,"Who told you that?
Oh uh, one of the writers.","Who told you that?
Oh uh, one of the writers.",sadness,5,4,neutral,False,0.001455866,0.00088562496,0.0059132054,0.0027581821,0.9740199,0.0038125583,0.01115466
240,16,Cecilia,Which one? Was it bald or was it tall?,surprise,"Oh uh, one of the writers.
Which one? Was it bald or was it tall?","Oh uh, one of the writers.
Which one? Was it bald or was it tall?",surprise,6,4,neutral,False,0.0039416943,0.0009824476,0.0020946392,0.004003757,0.9568253,0.0030922522,0.02905995
241,1,Joey,Yeah!,joy,"Feel better?
Yeah!","Feel better?
Yeah!",joy,3,3,joy,True,0.016334357,0.0019520331,0.0020722894,0.9257221,0.04352243,0.0030138064,0.007382967
241,2,Joey,Much!,joy,"Yeah!
Much!","Yeah!
Much!",joy,3,3,joy,True,0.010864274,0.0021164068,0.0018714401,0.94235516,0.031241613,0.0038754751,0.007675656
241,3,Joey,"Listen uh, not that I’m y’know insecure about my manhood or anything y’know, but I think I need to hook up with a woman like right now.",neutral,"Much!
Listen uh, not that I’m y’know insecure about my manhood or anything y’know, but I think I need to hook up with a woman like right now.","Much!
Listen uh, not that I’m y’know insecure about my manhood or anything y’know, but I think I need to hook up with a woman like right now.",neutral,4,4,neutral,True,0.020682037,0.009361782,0.110607535,0.024530897,0.77610564,0.052958224,0.0057538035
241,4,Phoebe,"Yeah, I understand.",neutral,"Listen uh, not that I’m y’know insecure about my manhood or anything y’know, but I think I need to hook up with a woman like right now.
Yeah, I understand.","Listen uh, not that I’m y’know insecure about my manhood or anything y’know, but I think I need to hook up with a woman like right now.
Yeah, I understand.",neutral,4,4,neutral,True,0.008019842,0.003370608,0.016264128,0.024551548,0.9349479,0.011887362,0.0009585915
241,5,Joey,Yeah! Okay!  Hey! Hi!,joy,"Yeah, I understand.
Yeah! Okay!  Hey! Hi!","Yeah, I understand.
Yeah! Okay!  Hey! Hi!",joy,3,3,joy,True,0.01450539,0.0015617661,0.0030712306,0.77753025,0.1567464,0.00445098,0.042133994
241,6,Woman,Hi!,joy,"Yeah! Okay!  Hey! Hi!
Hi!","Yeah! Okay!  Hey! Hi!
Hi!",joy,3,3,joy,True,0.012538204,0.0015162772,0.002653724,0.7899034,0.15967944,0.0044509294,0.029258052
241,7,Joey,"Y’know, you look familiar. Do I know you from somewhere?",surprise,"Hi!
Y’know, you look familiar. Do I know you from somewhere?","Hi!
Y’know, you look familiar. Do I know you from somewhere?",surprise,6,4,neutral,False,0.005320334,0.00094278867,0.0041135554,0.0030503008,0.9489194,0.0033334864,0.03432008
241,8,Woman,I don’t think so.,neutral,"Y’know, you look familiar. Do I know you from somewhere?
I don’t think so.","Y’know, you look familiar. Do I know you from somewhere?
I don’t think so.",neutral,4,4,neutral,True,0.0037042687,0.0012721141,0.010765413,0.013708038,0.95130366,0.006584622,0.012661942
241,9,Joey,Oh! Maybe it’s because I’m on television. I’m an actor on,joy,"I don’t think so.
Oh! Maybe it’s because I’m on television. I’m an actor on","I don’t think so.
Oh! Maybe it’s because I’m on television. I’m an actor on",joy,3,4,neutral,False,0.069603644,0.009086657,0.029462215,0.24054104,0.5527541,0.054893564,0.043658774
241,10,Woman,Wow!,surprise,"Oh! Maybe it’s because I’m on television. I’m an actor on
Wow!","Oh! Maybe it’s because I’m on television. I’m an actor on
Wow!",surprise,6,6,surprise,True,0.0037745198,0.0020897146,0.0023207362,0.0062781037,0.003764077,0.003026301,0.9787466
241,11,Joey,Yeah.,neutral,"Wow!
Yeah.","Wow!
Yeah.",neutral,4,4,neutral,True,0.0059131104,0.0034797136,0.012429016,0.02103277,0.86314756,0.011730771,0.082267046
241,12,Woman,Really?!,surprise,"Yeah.
Really?!","Yeah.
Really?!",surprise,6,6,surprise,True,0.006036886,0.0016407695,0.0036194776,0.004426334,0.0052291052,0.004154084,0.97489333
241,13,Waitress,$4.50 please.,neutral,"Really?!
$4.50 please.","Really?!
$4.50 please.",neutral,4,4,neutral,True,0.0020264108,0.0009967183,0.0013026147,0.0036492131,0.9882251,0.002416242,0.0013837067
241,14,Joey,"Oh, let me get this.    These are for you.",neutral,"$4.50 please.
Oh, let me get this.    These are for you.","$4.50 please.
Oh, let me get this.    These are for you.",neutral,4,4,neutral,True,0.0018510387,0.00048661916,0.0007848412,0.0020763632,0.9903679,0.0014973407,0.0029358899
242,1,Chandler,It's been fourteen and a half minutes and you still have not said one word.,anger,"Alright, alright, alright.
It's been fourteen and a half minutes and you still have not said one word.","Alright, alright, alright.
It's been fourteen and a half minutes and you still have not said one word.",anger,0,4,neutral,False,0.014030927,0.0014542118,0.0025771614,0.01833648,0.94246006,0.005804678,0.015336536
242,2,Chandler,"Oh God, do something.",anger,"It's been fourteen and a half minutes and you still have not said one word.
Oh God, do something.","It's been fourteen and a half minutes and you still have not said one word.
Oh God, do something.",anger,0,2,fear,False,0.054321453,0.01975047,0.36508682,0.21029133,0.09734347,0.23639587,0.01681063
242,3,Chandler,"Just make contact, smile!",anger,"Oh God, do something.
Just make contact, smile!","Oh God, do something.
Just make contact, smile!",anger,0,3,joy,False,0.061957777,0.007666652,0.015400063,0.7624443,0.1371344,0.007944264,0.007452583
242,4,Chandler,There you go!,joy,"Just make contact, smile!
There you go!","Just make contact, smile!
There you go!",joy,3,3,joy,True,0.015141232,0.0012797443,0.0022722064,0.8636689,0.111255616,0.0031548848,0.0032274225
242,5,Chandler,You're definitely scaring here.,neutral,"There you go!
You're definitely scaring here.","There you go!
You're definitely scaring here.",neutral,4,1,disgust,False,0.18175153,0.38733286,0.12007788,0.021301925,0.08119318,0.19069351,0.017649096
242,6,Jill,Would you like to call somebody?,neutral,"You're definitely scaring here.
Would you like to call somebody?","You're definitely scaring here.
Would you like to call somebody?",neutral,4,4,neutral,True,0.0020043533,0.00083063485,0.0022079535,0.0024287605,0.98979855,0.0015014993,0.0012282046
242,7,Chandler,"Yeah, about 300 guys I went to high school with.",neutral,"Would you like to call somebody?
Yeah, about 300 guys I went to high school with.","Would you like to call somebody?
Yeah, about 300 guys I went to high school with.",neutral,4,4,neutral,True,0.0064835325,0.002048063,0.0013413536,0.006971282,0.9741702,0.004095115,0.004890386
243,1,Rachel,Oh,neutral,"Okay! Feel free to look, but I’m telling you those contracts are not on this desk.
Oh","Okay! Feel free to look, but I’m telling you those contracts are not on this desk.
Oh",neutral,4,4,neutral,True,0.05390784,0.0038783052,0.021208204,0.019671595,0.6797517,0.03196511,0.18961725
243,2,Tag,It’s my sister.,neutral,"Oh
It’s my sister.","Oh
It’s my sister.",neutral,4,4,neutral,True,0.0038671906,0.00073150144,0.0024829383,0.009710793,0.97104,0.003872448,0.00829509
243,3,Rachel,"Okay, very cute braces. Anyway y’know what, the",neutral,"It’s my sister.
Okay, very cute braces. Anyway y’know what, the","It’s my sister.
Okay, very cute braces. Anyway y’know what, the",neutral,4,4,neutral,True,0.0029547925,0.0005519134,0.0013971329,0.0032112964,0.9893329,0.0015773086,0.0009745586
243,4,Tag,So when do you imagine you gave them to me? In the morning or in the afternoon?,anger,"Okay, very cute braces. Anyway y’know what, the
So when do you imagine you gave them to me? In the morning or in the afternoon?","Okay, very cute braces. Anyway y’know what, the
So when do you imagine you gave them to me? In the morning or in the afternoon?",anger,0,4,neutral,False,0.0049425163,0.00052014063,0.001489806,0.004424737,0.98465145,0.0018820944,0.0020893821
243,5,Rachel,"In the afternoon. Mr. Zelner came into my office after lunch. He put them on my desk, and then I put a",neutral,"So when do you imagine you gave them to me? In the morning or in the afternoon?
In the afternoon. Mr. Zelner came into my office after lunch. He put them on my desk, and then I put a","So when do you imagine you gave them to me? In the morning or in the afternoon?
In the afternoon. Mr. Zelner came into my office after lunch. He put them on my desk, and then I put a",neutral,4,4,neutral,True,0.007105684,0.0013500485,0.0012236766,0.0047150673,0.9795507,0.0041951053,0.0018596753
244,1,Phoebe,"Okay, well maybe not on those levels.",neutral,"Phoebe, she doesn’t know that you sneak out every night, she doesn’t know that you sneak back every morning, and she doesn’t know that you’ve been living with your Grandmother’s for a week now.
Okay, well maybe not on those levels.","Phoebe, she doesn’t know that you sneak out every night, she doesn’t know that you sneak back every morning, and she doesn’t know that you’ve been living with your Grandmother’s for a week now.
Okay, well maybe not on those levels.",neutral,4,4,neutral,True,0.006714925,0.002612495,0.0033672312,0.0032286723,0.97802734,0.005216421,0.0008328992
244,2,Chandler,Hey.,neutral,"Okay, well maybe not on those levels.
Hey.","Okay, well maybe not on those levels.
Hey.",neutral,4,4,neutral,True,0.0013248887,0.00048789184,0.0010037494,0.002566557,0.9890492,0.0011755503,0.0043921596
244,3,Ross,Hey.,neutral,"Hey.
Hey.","Hey.
Hey.",neutral,4,4,neutral,True,0.0010401481,0.0003982174,0.0010156776,0.002310293,0.9909864,0.0011234782,0.0031258024
244,4,Chandler,"I’m never gonna find a roommate, ever.",sadness,"Hey.
I’m never gonna find a roommate, ever.","Hey.
I’m never gonna find a roommate, ever.",sadness,5,4,neutral,False,0.060688466,0.013044659,0.026528148,0.26602715,0.3226885,0.30094022,0.010082834
244,5,Phoebe,"Why, nobody good?",neutral,"I’m never gonna find a roommate, ever.
Why, nobody good?","I’m never gonna find a roommate, ever.
Why, nobody good?",neutral,4,4,neutral,True,0.0095656235,0.0007638991,0.0015310574,0.00880253,0.96336085,0.003507352,0.0124687245
244,6,Chandler,"Well let’s see, there was the guy with the ferrets, that’s plural.",disgust,"Why, nobody good?
Well let’s see, there was the guy with the ferrets, that’s plural.","Why, nobody good?
Well let’s see, there was the guy with the ferrets, that’s plural.",disgust,1,4,neutral,False,0.002969611,0.001486575,0.00086447847,0.0023466735,0.9889904,0.0015649317,0.0017773896
244,7,Chandler,The spitter.,disgust,"Well let’s see, there was the guy with the ferrets, that’s plural.
The spitter.","Well let’s see, there was the guy with the ferrets, that’s plural.
The spitter.",disgust,1,4,neutral,False,0.0072647273,0.004579904,0.0012560305,0.0037513091,0.97898716,0.0025453959,0.0016154781
244,8,Chandler,"Oh-ho, and yes, the guy that enjoyed my name so much he felt the need to make a little noise every time he said it.",anger,"The spitter.
Oh-ho, and yes, the guy that enjoyed my name so much he felt the need to make a little noise every time he said it.","The spitter.
Oh-ho, and yes, the guy that enjoyed my name so much he felt the need to make a little noise every time he said it.",anger,0,4,neutral,False,0.022080705,0.015193801,0.0033612137,0.0694886,0.87598383,0.012341588,0.00155024
244,9,Chandler,"Nice to meet you, Chandler Bing",neutral,"Oh-ho, and yes, the guy that enjoyed my name so much he felt the need to make a little noise every time he said it.
Nice to meet you, Chandler Bing","Oh-ho, and yes, the guy that enjoyed my name so much he felt the need to make a little noise every time he said it.
Nice to meet you, Chandler Bing",neutral,4,4,neutral,True,0.0019902957,0.0006063244,0.0008256493,0.0050042477,0.9827291,0.0015212918,0.0073231496
244,10,Ross,So how many more do you have tomorrow?,neutral,"Nice to meet you, Chandler Bing
So how many more do you have tomorrow?","Nice to meet you, Chandler Bing
So how many more do you have tomorrow?",neutral,4,4,neutral,True,0.0024415036,0.00042807893,0.000990461,0.0038560664,0.9814261,0.001692056,0.009165711
244,11,Chandler,Two.,neutral,"So how many more do you have tomorrow?
Two.","So how many more do you have tomorrow?
Two.",neutral,4,4,neutral,True,0.0010909205,0.0005347311,0.00057105685,0.005247689,0.990105,0.0010739305,0.0013767211
244,12,Chandler,"This photographer, who seemed really dull.",neutral,"Two.
This photographer, who seemed really dull.","Two.
This photographer, who seemed really dull.",neutral,4,4,neutral,True,0.0025686852,0.000804425,0.00089241297,0.0033306323,0.98385173,0.0016440691,0.006908092
244,13,Chandler,"And this actor guy, who I’m not sure about, because when he called and I answered the phone ‘Chandler Bing,’ he said ‘Whoa-whoa, short message.’",neutral,"This photographer, who seemed really dull.
And this actor guy, who I’m not sure about, because when he called and I answered the phone ‘Chandler Bing,’ he said ‘Whoa-whoa, short message.’","This photographer, who seemed really dull.
And this actor guy, who I’m not sure about, because when he called and I answered the phone ‘Chandler Bing,’ he said ‘Whoa-whoa, short message.’",neutral,4,4,neutral,True,0.1111989,0.03001818,0.13405968,0.0642597,0.40669703,0.067560114,0.18620633
244,14,Monica,"Ross , foot on the floor or come over no more!",neutral,"And this actor guy, who I’m not sure about, because when he called and I answered the phone ‘Chandler Bing,’ he said ‘Whoa-whoa, short message.’
Ross , foot on the floor or come over no more!","And this actor guy, who I’m not sure about, because when he called and I answered the phone ‘Chandler Bing,’ he said ‘Whoa-whoa, short message.’
Ross , foot on the floor or come over no more!",neutral,4,0,anger,False,0.6141325,0.021122867,0.07500638,0.090119086,0.10029721,0.04033939,0.058982488
244,15,Ross,"Sure, your dresser is missing but this she notices.",anger,"Ross , foot on the floor or come over no more!
Sure, your dresser is missing but this she notices.","Ross , foot on the floor or come over no more!
Sure, your dresser is missing but this she notices.",anger,0,4,neutral,False,0.008045081,0.0022600135,0.0047772974,0.009085932,0.83507115,0.0067386497,0.13402185
244,16,Monica,What?,neutral,"Sure, your dresser is missing but this she notices.
What?","Sure, your dresser is missing but this she notices.
What?",neutral,4,6,surprise,False,0.005170124,0.0011903606,0.0067633996,0.004586814,0.14816761,0.005844486,0.82827723
244,17,Ross,"I have to go. Yeah, Carol should be home by now, soo...",neutral,"What?
I have to go. Yeah, Carol should be home by now, soo...","What?
I have to go. Yeah, Carol should be home by now, soo...",neutral,4,4,neutral,True,0.056101963,0.034521837,0.08785229,0.10556747,0.555654,0.15141748,0.008884992
244,18,Chandler,"Umm, how’s it going with you guys?",neutral,"I have to go. Yeah, Carol should be home by now, soo...
Umm, how’s it going with you guys?","I have to go. Yeah, Carol should be home by now, soo...
Umm, how’s it going with you guys?",neutral,4,4,neutral,True,0.006016479,0.0010492009,0.015063835,0.030960545,0.9126146,0.011764582,0.022530667
244,19,Ross,"Oh, better, actually. Y'know I-I-I think I finally figured out why we were having so much trouble lately.",neutral,"Umm, how’s it going with you guys?
Oh, better, actually. Y'know I-I-I think I finally figured out why we were having so much trouble lately.","Umm, how’s it going with you guys?
Oh, better, actually. Y'know I-I-I think I finally figured out why we were having so much trouble lately.",neutral,4,3,joy,False,0.060534958,0.008103388,0.14298841,0.35056788,0.3018221,0.08487659,0.051106695
244,20,Phoebe,"Oh, really?",surprise,"Oh, better, actually. Y'know I-I-I think I finally figured out why we were having so much trouble lately.
Oh, really?","Oh, better, actually. Y'know I-I-I think I finally figured out why we were having so much trouble lately.
Oh, really?",surprise,6,6,surprise,True,0.006767485,0.0018113838,0.0062279687,0.006168027,0.010326921,0.006529554,0.9621688
244,21,Ross,"Yeah, y'know how I have you guys, well she doesn’t really have any close friends that are just hers, but last week she meet this woman at the gym, Susan something, and they really hit it off, and I-I-I think it’s gonna make a difference",joy,"Oh, really?
Yeah, y'know how I have you guys, well she doesn’t really have any close friends that are just hers, but last week she meet this woman at the gym, Susan something, and they really hit it off, and I-I-I think it’s gonna make a difference","Oh, really?
Yeah, y'know how I have you guys, well she doesn’t really have any close friends that are just hers, but last week she meet this woman at the gym, Susan something, and they really hit it off, and I-I-I think it’s gonna make a difference",joy,3,3,joy,True,0.11425228,0.014682052,0.14192416,0.39386708,0.19370271,0.1305852,0.010986533
245,1,Monica,Hi!,neutral,"Hey!
Hi!","Hey!
Hi!",neutral,4,3,joy,False,0.013292982,0.0014663427,0.0025531678,0.73579675,0.20828855,0.0043595983,0.034242626
245,2,Rachel,What-what are-what are these?,surprise,"Hi!
What-what are-what are these?","Hi!
What-what are-what are these?",surprise,6,4,neutral,False,0.0068810987,0.0007226648,0.003075521,0.0048007765,0.9218608,0.0042187306,0.058440406
245,3,Monica,"Oh, just some pictures I made and hung up. I thought they’d brighten up the place. They do don’t you think?",joy,"What-what are-what are these?
Oh, just some pictures I made and hung up. I thought they’d brighten up the place. They do don’t you think?","What-what are-what are these?
Oh, just some pictures I made and hung up. I thought they’d brighten up the place. They do don’t you think?",joy,3,4,neutral,False,0.05271979,0.006433726,0.030513322,0.18695122,0.4729905,0.037633084,0.21275829
245,4,Monica,"No-no-no, no!",fear,"Oh, just some pictures I made and hung up. I thought they’d brighten up the place. They do don’t you think?
No-no-no, no!","Oh, just some pictures I made and hung up. I thought they’d brighten up the place. They do don’t you think?
No-no-no, no!",fear,2,2,fear,True,0.12340296,0.037438273,0.3390945,0.130831,0.07772412,0.1283332,0.16317593
246,1,Tour Guide,That’s just the way it is.,neutral,"Well, how-how come?
That’s just the way it is.","Well, how-how come?
That’s just the way it is.",neutral,4,4,neutral,True,0.008054498,0.0024783895,0.0057218233,0.023779044,0.9410218,0.016477956,0.0024663906
246,2,Joey,That’s crazy.,surprise,"That’s just the way it is.
That’s crazy.","That’s just the way it is.
That’s crazy.",surprise,6,4,neutral,False,0.21952784,0.1061181,0.026728574,0.084139355,0.4659968,0.05924431,0.038244985
246,3,Tour Guide,"Maybe it’s crazy in a perfect world, a world without lab coats and blazers, but you not in a perfect world, you in a museum now.",neutral,"That’s crazy.
Maybe it’s crazy in a perfect world, a world without lab coats and blazers, but you not in a perfect world, you in a museum now.","That’s crazy.
Maybe it’s crazy in a perfect world, a world without lab coats and blazers, but you not in a perfect world, you in a museum now.",neutral,4,4,neutral,True,0.080790356,0.02887024,0.012712115,0.05067,0.7462371,0.05661736,0.024102844
246,4,Tour Guide,"See that scientist in the classes, he and I used to play together all the time in grade school, but now… Peter!",neutral,"Maybe it’s crazy in a perfect world, a world without lab coats and blazers, but you not in a perfect world, you in a museum now.
See that scientist in the classes, he and I used to play together all the time in grade school, but now… Peter!","Maybe it’s crazy in a perfect world, a world without lab coats and blazers, but you not in a perfect world, you in a museum now.
See that scientist in the classes, he and I used to play together all the time in grade school, but now… Peter!",neutral,4,3,joy,False,0.16522871,0.007027376,0.010120472,0.5414878,0.18808667,0.040342376,0.047706604
246,5,Tour Guide,"Hey, Peter!",neutral,"See that scientist in the classes, he and I used to play together all the time in grade school, but now… Peter!
Hey, Peter!","See that scientist in the classes, he and I used to play together all the time in grade school, but now… Peter!
Hey, Peter!",neutral,4,3,joy,False,0.028116453,0.0026321923,0.0045243525,0.64146364,0.19331232,0.008302779,0.12164825
246,6,Tour Guide,It’s me Rhonda!,neutral,"Hey, Peter!
It’s me Rhonda!","Hey, Peter!
It’s me Rhonda!",neutral,4,3,joy,False,0.02014852,0.0018268782,0.002978592,0.8315507,0.09415536,0.0057436335,0.04359623
246,7,Tour Guide,From PS-129!,neutral,"It’s me Rhonda!
From PS-129!","It’s me Rhonda!
From PS-129!",neutral,4,3,joy,False,0.09607335,0.0025227244,0.004728025,0.6104281,0.2485781,0.0072109005,0.030458853
246,8,Tour Guide,I shared my puddin’ which you man!,anger,"From PS-129!
I shared my puddin’ which you man!","From PS-129!
I shared my puddin’ which you man!",anger,0,3,joy,False,0.022000253,0.0014689259,0.0023744924,0.8677502,0.09585088,0.0035924118,0.0069629033
246,9,Tour Guide,I gave you my,neutral,"I shared my puddin’ which you man!
I gave you my","I shared my puddin’ which you man!
I gave you my",neutral,4,4,neutral,True,0.030531058,0.002165657,0.0054035685,0.08432977,0.8528449,0.019953769,0.0047713234
246,10,Joey,I-I think everybody’s pretending they don’t hear you.,neutral,"I gave you my
I-I think everybody’s pretending they don’t hear you.","I gave you my
I-I think everybody’s pretending they don’t hear you.",neutral,4,4,neutral,True,0.029118542,0.006910097,0.012335638,0.019763134,0.90932316,0.016675567,0.0058738817
246,11,Joey,"Anyway, look, I don’t know about you and your jackets and your separate tables, but Ross is one of my best friends, and if I save him a seat, I’m telling you, he",neutral,"I-I think everybody’s pretending they don’t hear you.
Anyway, look, I don’t know about you and your jackets and your separate tables, but Ross is one of my best friends, and if I save him a seat, I’m telling you, he","I-I think everybody’s pretending they don’t hear you.
Anyway, look, I don’t know about you and your jackets and your separate tables, but Ross is one of my best friends, and if I save him a seat, I’m telling you, he",neutral,4,4,neutral,True,0.024384165,0.0031608206,0.008854238,0.012136677,0.9392868,0.0109668905,0.0012103821
246,12,Ross,"That’s okay, I’m cool over here. I’ll catch up with you later, Joey.",neutral,"Anyway, look, I don’t know about you and your jackets and your separate tables, but Ross is one of my best friends, and if I save him a seat, I’m telling you, he
That’s okay, I’m cool over here. I’ll catch up with you later, Joey.","Anyway, look, I don’t know about you and your jackets and your separate tables, but Ross is one of my best friends, and if I save him a seat, I’m telling you, he
That’s okay, I’m cool over here. I’ll catch up with you later, Joey.",neutral,4,4,neutral,True,0.0028954514,0.0022106927,0.002257617,0.0070453906,0.98168683,0.0032580975,0.00064591714
246,13,Tour Guide,"Op, this is saved.  Gift shop.",neutral,"That’s okay, I’m cool over here. I’ll catch up with you later, Joey.
Op, this is saved.  Gift shop.","That’s okay, I’m cool over here. I’ll catch up with you later, Joey.
Op, this is saved.  Gift shop.",neutral,4,3,joy,False,0.043574117,0.007065756,0.00575251,0.47019538,0.45358768,0.016980417,0.002844138
247,1,Rachel,"Yeah, right away Mr. Kaplan.",neutral,"How’s that coffee comin,’ dear?
Yeah, right away Mr. Kaplan.","How’s that coffee comin,’ dear?
Yeah, right away Mr. Kaplan.",neutral,4,4,neutral,True,0.0012483734,0.0005255177,0.0006946002,0.0026713924,0.9926691,0.0012300377,0.0009610022
247,2,Mr. Kaplan,"I’m not supposed to drink coffee, it makes me gassy.",neutral,"Yeah, right away Mr. Kaplan.
I’m not supposed to drink coffee, it makes me gassy.","Yeah, right away Mr. Kaplan.
I’m not supposed to drink coffee, it makes me gassy.",neutral,4,1,disgust,False,0.060423166,0.74429405,0.015014542,0.035290718,0.04904946,0.077945314,0.017982781
247,3,Rachel,I know!,joy,"I’m not supposed to drink coffee, it makes me gassy.
I know!","I’m not supposed to drink coffee, it makes me gassy.
I know!",joy,3,3,joy,True,0.29443228,0.013926827,0.04242512,0.35818186,0.13265313,0.04466964,0.1137112
247,4,Mr. Kaplan,"I’ll bet your thinking, ‘What’s an intelligent girl who wants to be in fashion, doing making coffee?’ Eh?",surprise,"I know!
I’ll bet your thinking, ‘What’s an intelligent girl who wants to be in fashion, doing making coffee?’ Eh?","I know!
I’ll bet your thinking, ‘What’s an intelligent girl who wants to be in fashion, doing making coffee?’ Eh?",surprise,6,4,neutral,False,0.0064644716,0.0008692267,0.006221086,0.01093843,0.9602814,0.004950266,0.0102751795
249,1,Rachel,"Oh, you got me.",neutral,"Eh.
Oh, you got me.","Eh.
Oh, you got me.",neutral,4,6,surprise,False,0.06472433,0.007502168,0.024136573,0.07350841,0.33110878,0.028053226,0.47096658
249,2,Mr. Kaplan,"Well, don’t think I haven’t noticed your potential.",neutral,"Oh, you got me.
Well, don’t think I haven’t noticed your potential.","Oh, you got me.
Well, don’t think I haven’t noticed your potential.",neutral,4,4,neutral,True,0.041683745,0.00656531,0.019692171,0.043334316,0.83532786,0.024104565,0.029292006
249,3,Mr. Kaplan,"Well, I’ve got a project for you that’s a lot more related to fashion.",neutral,"Well, don’t think I haven’t noticed your potential.
Well, I’ve got a project for you that’s a lot more related to fashion.","Well, don’t think I haven’t noticed your potential.
Well, I’ve got a project for you that’s a lot more related to fashion.",neutral,4,4,neutral,True,0.0028639508,0.001184228,0.001168132,0.0066894693,0.98393136,0.0020822259,0.002080613
249,4,Mr. Kaplan,How does that sound?,neutral,"Well, I’ve got a project for you that’s a lot more related to fashion.
How does that sound?","Well, I’ve got a project for you that’s a lot more related to fashion.
How does that sound?",neutral,4,6,surprise,False,0.014143218,0.0036724668,0.0061392128,0.012371029,0.19422455,0.011396838,0.75805265
249,5,Rachel,"Oh, that sounds great.",joy,"How does that sound?
Oh, that sounds great.","How does that sound?
Oh, that sounds great.",joy,3,3,joy,True,0.0064582583,0.004733514,0.0018644147,0.9169954,0.059056576,0.0048603816,0.006031507
249,6,Mr. Kaplan,"Come on over here, sweetheart.",neutral,"Oh, that sounds great.
Come on over here, sweetheart.","Oh, that sounds great.
Come on over here, sweetheart.",neutral,4,4,neutral,True,0.021993801,0.005810679,0.006489972,0.28590447,0.6606842,0.01717196,0.0019448983
249,7,Rachel,"Oh thank you so much Mr. Kaplan, thank you so much.",joy,"Come on over here, sweetheart.
Oh thank you so much Mr. Kaplan, thank you so much.","Come on over here, sweetheart.
Oh thank you so much Mr. Kaplan, thank you so much.",joy,3,3,joy,True,0.0070671244,0.0010788946,0.0020293775,0.9344018,0.03952551,0.011945763,0.003951502
250,1,Phoebe,No. But thanks.,neutral,"Well, I y'know, I was just, umm, I was just thinking and hoping, that umm, maybe you’d want to get back together?
No. But thanks.","Well, I y'know, I was just, umm, I was just thinking and hoping, that umm, maybe you’d want to get back together?
No. But thanks.",neutral,4,4,neutral,True,0.0073373388,0.0056536817,0.010427377,0.11034802,0.7999894,0.064070046,0.0021741453
250,2,Leslie,Aw come on Phoebe would you just think about it?,sadness,"No. But thanks.
Aw come on Phoebe would you just think about it?","No. But thanks.
Aw come on Phoebe would you just think about it?",sadness,5,4,neutral,False,0.02224268,0.0031797262,0.019667989,0.015038433,0.83547604,0.018971507,0.08542362
250,3,Phoebe,Okay. No. But thanks.,neutral,"Aw come on Phoebe would you just think about it?
Okay. No. But thanks.","Aw come on Phoebe would you just think about it?
Okay. No. But thanks.",neutral,4,4,neutral,True,0.0055038715,0.004643073,0.009241464,0.0613901,0.8785483,0.038648322,0.0020248538
250,4,Leslie,"Okay, ah, see ya Pheebs.",neutral,"Okay. No. But thanks.
Okay, ah, see ya Pheebs.","Okay. No. But thanks.
Okay, ah, see ya Pheebs.",neutral,4,4,neutral,True,0.002578745,0.001430421,0.0012335064,0.01976885,0.9724939,0.0018837044,0.0006108376
250,5,Joey,"Wow, that was kinda brutal.",surprise,"Okay, ah, see ya Pheebs.
Wow, that was kinda brutal.","Okay, ah, see ya Pheebs.
Wow, that was kinda brutal.",surprise,6,6,surprise,True,0.008887436,0.010932689,0.0048643695,0.022295373,0.014327675,0.0071952855,0.93149716
250,6,Phoebe,"Well okay, let this be a lesson to all of you, all right.",neutral,"Wow, that was kinda brutal.
Well okay, let this be a lesson to all of you, all right.","Wow, that was kinda brutal.
Well okay, let this be a lesson to all of you, all right.",neutral,4,4,neutral,True,0.032059733,0.012614297,0.015466706,0.04716934,0.882562,0.008616021,0.0015117931
250,7,Phoebe,"Once you, once you betray me, I become like the ice woman, y’know.",neutral,"Well okay, let this be a lesson to all of you, all right.
Once you, once you betray me, I become like the ice woman, y’know.","Well okay, let this be a lesson to all of you, all right.
Once you, once you betray me, I become like the ice woman, y’know.",neutral,4,4,neutral,True,0.32780215,0.08013423,0.09945254,0.046001554,0.36047578,0.08201983,0.004113899
250,8,Phoebe,"Very cold, hard, unyielding, y'know nothing,",neutral,"Once you, once you betray me, I become like the ice woman, y’know.
Very cold, hard, unyielding, y'know nothing,","Once you, once you betray me, I become like the ice woman, y’know.
Very cold, hard, unyielding, y'know nothing,",neutral,4,4,neutral,True,0.179009,0.026052464,0.058432028,0.07477944,0.5787366,0.07865518,0.0043352763
251,1,Monica,"I'm, I'm really sorry.",neutral,"Wow.
I'm, I'm really sorry.","Wow.
I'm, I'm really sorry.",neutral,4,5,sadness,False,0.020560322,0.0077443477,0.03431787,0.033214197,0.11386511,0.77480525,0.0154928835
251,2,Alan,"Yeah, I'm sorry too. But, I gotta tell you, I am a little relieved.",neutral,"I'm, I'm really sorry.
Yeah, I'm sorry too. But, I gotta tell you, I am a little relieved.","I'm, I'm really sorry.
Yeah, I'm sorry too. But, I gotta tell you, I am a little relieved.",neutral,4,4,neutral,True,0.0417325,0.0086962525,0.110100016,0.1939758,0.33922115,0.29024658,0.016027745
251,3,Monica,Relieved?,surprise,"Yeah, I'm sorry too. But, I gotta tell you, I am a little relieved.
Relieved?","Yeah, I'm sorry too. But, I gotta tell you, I am a little relieved.
Relieved?",surprise,6,6,surprise,True,0.021000149,0.0037427195,0.033186916,0.018580774,0.15546529,0.026059832,0.74196434
251,4,Alan,"Yeah, well, I had a great time with you.. I just can't stand your friends.",neutral,"Relieved?
Yeah, well, I had a great time with you.. I just can't stand your friends.","Relieved?
Yeah, well, I had a great time with you.. I just can't stand your friends.",neutral,4,5,sadness,False,0.03563988,0.011992441,0.09234917,0.058596294,0.031492237,0.7623437,0.0075862994
252,1,Ross,Fine!,anger,"Oh my God! If you say that one more time,
Fine!","Oh my God! If you say that one more time,
Fine!",anger,0,0,anger,True,0.89744216,0.009297419,0.016324079,0.029301155,0.01920163,0.011921239,0.0165124
252,2,Ross,Fine!,anger,"Fine!
Fine!","Fine!
Fine!",anger,0,0,anger,True,0.87381554,0.009195629,0.0150211835,0.051118605,0.030000973,0.009436932,0.011411194
252,3,Ross,"But this break-up was not all my fault, and she, she says here,  “If you accept full responsibility...”  Full responsibility!",anger,"Fine!
But this break-up was not all my fault, and she, she says here,  “If you accept full responsibility...”  Full responsibility!","Fine!
But this break-up was not all my fault, and she, she says here,  “If you accept full responsibility...”  Full responsibility!",anger,0,3,joy,False,0.2761885,0.005690477,0.02318369,0.53057224,0.14226946,0.014150006,0.007945615
252,4,Ross,“...I can begin to trust you again.,anger,"But this break-up was not all my fault, and she, she says here,  “If you accept full responsibility...”  Full responsibility!
“...I can begin to trust you again.","But this break-up was not all my fault, and she, she says here,  “If you accept full responsibility...”  Full responsibility!
“...I can begin to trust you again.",anger,0,4,neutral,False,0.030802228,0.002087209,0.014619296,0.044453487,0.89692724,0.008776807,0.0023337328
252,5,Ross,Does that seem like something you can do.,anger,"“...I can begin to trust you again.
Does that seem like something you can do.","“...I can begin to trust you again.
Does that seem like something you can do.",anger,0,4,neutral,False,0.0056252065,0.0015928503,0.010600739,0.01728562,0.95682293,0.005708733,0.0023638934
252,6,Ross,Does it?!,anger,"Does that seem like something you can do.
Does it?!","Does that seem like something you can do.
Does it?!",anger,0,6,surprise,False,0.18022275,0.008891394,0.07193609,0.090663634,0.13031277,0.07020336,0.44777
252,7,Joey,No?,surprise,"Does it?!
No?","Does it?!
No?",surprise,6,4,neutral,False,0.023802808,0.0034980339,0.025639739,0.014107157,0.62109745,0.018373666,0.29348117
252,8,Chandler,"Look, Ross, you have what you want, you’re back with Rachel.",neutral,"No?
Look, Ross, you have what you want, you’re back with Rachel.","No?
Look, Ross, you have what you want, you’re back with Rachel.",neutral,4,4,neutral,True,0.007456118,0.0017506796,0.003856166,0.0036197046,0.97634596,0.0045275535,0.0024437169
252,9,Chandler,If you bring this up now you’re gonna wreck the best thing that even happened to you.,neutral,"Look, Ross, you have what you want, you’re back with Rachel.
If you bring this up now you’re gonna wreck the best thing that even happened to you.","Look, Ross, you have what you want, you’re back with Rachel.
If you bring this up now you’re gonna wreck the best thing that even happened to you.",neutral,4,4,neutral,True,0.337019,0.051711217,0.029119063,0.02712899,0.5103843,0.040579714,0.0040576947
252,10,Ross,"Yeah, I know.",sadness,"If you bring this up now you’re gonna wreck the best thing that even happened to you.
Yeah, I know.","If you bring this up now you’re gonna wreck the best thing that even happened to you.
Yeah, I know.",sadness,5,4,neutral,False,0.009388004,0.0043687993,0.010169472,0.046181425,0.9109095,0.018012261,0.00097058556
252,11,Ross,"I mean, no, you’re right.",sadness,"Yeah, I know.
I mean, no, you’re right.","Yeah, I know.
I mean, no, you’re right.",sadness,5,4,neutral,False,0.019583715,0.003407028,0.007114725,0.068547204,0.87854797,0.020696897,0.002102506
252,12,Ross,Yeah I guess I’ll let it go.,neutral,"I mean, no, you’re right.
Yeah I guess I’ll let it go.","I mean, no, you’re right.
Yeah I guess I’ll let it go.",neutral,4,4,neutral,True,0.009540609,0.0051858556,0.016481511,0.028429879,0.917109,0.021484071,0.0017690285
252,13,Ross,But you-you understand how-how hard it is to forget about this.,sadness,"Yeah I guess I’ll let it go.
But you-you understand how-how hard it is to forget about this.","Yeah I guess I’ll let it go.
But you-you understand how-how hard it is to forget about this.",sadness,5,4,neutral,False,0.26299533,0.015676824,0.1626294,0.099819735,0.3165539,0.13355497,0.008769857
252,14,Joey,"Sure, it’s hard to forget!",neutral,"But you-you understand how-how hard it is to forget about this.
Sure, it’s hard to forget!","But you-you understand how-how hard it is to forget about this.
Sure, it’s hard to forget!",neutral,4,3,joy,False,0.02309835,0.0012597153,0.0023606948,0.9018974,0.060393084,0.0064066024,0.004584152
252,15,Joey,But that doesn’t mean you have to talk about it!,neutral,"Sure, it’s hard to forget!
But that doesn’t mean you have to talk about it!","Sure, it’s hard to forget!
But that doesn’t mean you have to talk about it!",neutral,4,3,joy,False,0.14081211,0.0055501563,0.022775536,0.64412296,0.14256173,0.025374597,0.018802984
252,16,Joey,"A lot of things happened on that trip that we should never,  ever talk about.",neutral,"But that doesn’t mean you have to talk about it!
A lot of things happened on that trip that we should never,  ever talk about.","But that doesn’t mean you have to talk about it!
A lot of things happened on that trip that we should never,  ever talk about.",neutral,4,4,neutral,True,0.12994036,0.015026626,0.053913638,0.052222677,0.33504546,0.2742672,0.13958411
252,17,Ross,What the hell happened on that beach?!,surprise,"A lot of things happened on that trip that we should never,  ever talk about.
What the hell happened on that beach?!","A lot of things happened on that trip that we should never,  ever talk about.
What the hell happened on that beach?!",surprise,6,0,anger,False,0.53425044,0.121343754,0.012746839,0.016139368,0.01637109,0.028937059,0.27021143
252,18,Joey,"It’s between us and the sea, Ross!",neutral,"What the hell happened on that beach?!
It’s between us and the sea, Ross!","What the hell happened on that beach?!
It’s between us and the sea, Ross!",neutral,4,0,anger,False,0.7524379,0.032843217,0.016011484,0.030137388,0.06528578,0.02418451,0.07909975
253,1,Chandler,"See my friend-my friend, Rachel, she wants to be set up.",neutral,"I didn’t think you were gay. I do now.
See my friend-my friend, Rachel, she wants to be set up.","I didn’t think you were gay. I do now.
See my friend-my friend, Rachel, she wants to be set up.",neutral,4,4,neutral,True,0.06705489,0.005332758,0.02113232,0.029606262,0.8465412,0.027960414,0.0023721727
253,2,Drew,"Ahh, I just got out of a big relationship, I’m not looking for any thing serious.",sadness,"See my friend-my friend, Rachel, she wants to be set up.
Ahh, I just got out of a big relationship, I’m not looking for any thing serious.","See my friend-my friend, Rachel, she wants to be set up.
Ahh, I just got out of a big relationship, I’m not looking for any thing serious.",sadness,5,4,neutral,False,0.056535784,0.0109974155,0.06301819,0.13798136,0.5575888,0.16576633,0.008112126
253,3,Chandler,"Oh, y’know what, that might be okay even if it was just kind of a fling, that might be all right with Rachel.",neutral,"Ahh, I just got out of a big relationship, I’m not looking for any thing serious.
Oh, y’know what, that might be okay even if it was just kind of a fling, that might be all right with Rachel.","Ahh, I just got out of a big relationship, I’m not looking for any thing serious.
Oh, y’know what, that might be okay even if it was just kind of a fling, that might be all right with Rachel.",neutral,4,4,neutral,True,0.007003355,0.0014281075,0.005791422,0.010816887,0.96860373,0.00542179,0.000934701
253,4,Mike,"Whoa-whoa-whoa-whoa! Is this, hot Rachel, that you took to the Christmas party, Rachel?",surprise,"Oh, y’know what, that might be okay even if it was just kind of a fling, that might be all right with Rachel.
Whoa-whoa-whoa-whoa! Is this, hot Rachel, that you took to the Christmas party, Rachel?","Oh, y’know what, that might be okay even if it was just kind of a fling, that might be all right with Rachel.
Whoa-whoa-whoa-whoa! Is this, hot Rachel, that you took to the Christmas party, Rachel?",surprise,6,6,surprise,True,0.011381791,0.0030602945,0.004838253,0.02773094,0.009035354,0.0059575187,0.9379959
253,5,Chandler,"Oh, by the way, that is her full name.",neutral,"Whoa-whoa-whoa-whoa! Is this, hot Rachel, that you took to the Christmas party, Rachel?
Oh, by the way, that is her full name.","Whoa-whoa-whoa-whoa! Is this, hot Rachel, that you took to the Christmas party, Rachel?
Oh, by the way, that is her full name.",neutral,4,4,neutral,True,0.0022303038,0.001145199,0.0014883253,0.0023831858,0.98545545,0.00265921,0.00463843
253,6,Mike,Oh wow! I’m free for her!,joy,"Oh, by the way, that is her full name.
Oh wow! I’m free for her!","Oh, by the way, that is her full name.
Oh wow! I’m free for her!",joy,3,6,surprise,False,0.01267772,0.0030341153,0.0037796472,0.27859926,0.025151828,0.0054635117,0.6712939
253,7,Drew,"Oh, wait a second! I didn’t say I wasn’t free!",surprise,"Oh wow! I’m free for her!
Oh, wait a second! I didn’t say I wasn’t free!","Oh wow! I’m free for her!
Oh, wait a second! I didn’t say I wasn’t free!",surprise,6,6,surprise,True,0.011719769,0.002928829,0.021534564,0.016553607,0.035718217,0.018853113,0.8926919
253,8,Mike,"Hey, Chandler, why don’t we talk this over at the Ranger game tomorrow?",neutral,"Oh, wait a second! I didn’t say I wasn’t free!
Hey, Chandler, why don’t we talk this over at the Ranger game tomorrow?","Oh, wait a second! I didn’t say I wasn’t free!
Hey, Chandler, why don’t we talk this over at the Ranger game tomorrow?",neutral,4,4,neutral,True,0.0037642056,0.0006078693,0.0019455564,0.005584749,0.98324597,0.0020146938,0.0028370514
253,9,Drew,"Hold on, y’know I",neutral,"Hey, Chandler, why don’t we talk this over at the Ranger game tomorrow?
Hold on, y’know I","Hey, Chandler, why don’t we talk this over at the Ranger game tomorrow?
Hold on, y’know I",neutral,4,4,neutral,True,0.0067853928,0.0012010054,0.003784229,0.010328531,0.9740757,0.0030624906,0.00076268107
253,10,Chandler,"Oh well, that’s uh, a little later than I uh, generally care to stay, but sure!",joy,"Hold on, y’know I
Oh well, that’s uh, a little later than I uh, generally care to stay, but sure!","Hold on, y’know I
Oh well, that’s uh, a little later than I uh, generally care to stay, but sure!",joy,3,4,neutral,False,0.14378735,0.011357419,0.07021776,0.19110921,0.5422334,0.03320141,0.00809351
253,11,Mike,"Maybe, before the game we could enjoy some eight year old some small batch Basel Hadens.",neutral,"Oh well, that’s uh, a little later than I uh, generally care to stay, but sure!
Maybe, before the game we could enjoy some eight year old some small batch Basel Hadens.","Oh well, that’s uh, a little later than I uh, generally care to stay, but sure!
Maybe, before the game we could enjoy some eight year old some small batch Basel Hadens.",neutral,4,4,neutral,True,0.005849182,0.0024346204,0.0024291188,0.061036605,0.9242041,0.0032537086,0.0007925522
253,12,Chandler,"Well, I don’t really know what that is, but",neutral,"Maybe, before the game we could enjoy some eight year old some small batch Basel Hadens.
Well, I don’t really know what that is, but","Maybe, before the game we could enjoy some eight year old some small batch Basel Hadens.
Well, I don’t really know what that is, but",neutral,4,4,neutral,True,0.0029235398,0.0006028136,0.0018605927,0.003358504,0.98237765,0.0029946624,0.00588222
254,1,Chandler,"Hey Ross, look what I've got going here.",neutral,"Monica, let's go. Come on now people, woman in labor.
Hey Ross, look what I've got going here.","Monica, let's go. Come on now people, woman in labor.
Hey Ross, look what I've got going here.",neutral,4,0,anger,False,0.33466327,0.09711208,0.046914145,0.05477407,0.20277965,0.055784624,0.2079722
254,2,Ross,"Yeah, save it for the cab, okay.",disgust,"Hey Ross, look what I've got going here.
Yeah, save it for the cab, okay.","Hey Ross, look what I've got going here.
Yeah, save it for the cab, okay.",disgust,1,4,neutral,False,0.004579676,0.002018352,0.0017174195,0.008443604,0.9805997,0.0020870257,0.0005541875
254,3,Ross,What are you doing? We're going to a hospital.,surprise,"Yeah, save it for the cab, okay.
What are you doing? We're going to a hospital.","Yeah, save it for the cab, okay.
What are you doing? We're going to a hospital.",surprise,6,4,neutral,False,0.020985022,0.0131898215,0.05908861,0.015593425,0.7991933,0.06777615,0.02417365
254,4,Rachel,"What, so I can't lokk nice? There might be doctors there.",neutral,"What are you doing? We're going to a hospital.
What, so I can't lokk nice? There might be doctors there.","What are you doing? We're going to a hospital.
What, so I can't lokk nice? There might be doctors there.",neutral,4,4,neutral,True,0.021022178,0.006051346,0.029052272,0.017352711,0.78368706,0.027005788,0.11582868
254,5,Ross,"Joey, get out of the fridge.",anger,"What, so I can't lokk nice? There might be doctors there.
Joey, get out of the fridge.","What, so I can't lokk nice? There might be doctors there.
Joey, get out of the fridge.",anger,0,4,neutral,False,0.010105335,0.009087085,0.0039882464,0.011232803,0.95857227,0.005823638,0.001190604
254,6,Joey,"All right, all right.",anger,"Joey, get out of the fridge.
All right, all right.","Joey, get out of the fridge.
All right, all right.",anger,0,4,neutral,False,0.0025330542,0.0014502696,0.0022838376,0.0077111917,0.9833565,0.002098088,0.0005671232
254,7,Ross,What is that?,surprise,"All right, all right.
What is that?","All right, all right.
What is that?",surprise,6,4,neutral,False,0.011297442,0.001413118,0.005321189,0.0052192784,0.7440125,0.0072750207,0.22546147
254,8,Joey,For the ride.,neutral,"What is that?
For the ride.","What is that?
For the ride.",neutral,4,4,neutral,True,0.0019108545,0.0012220164,0.0010082924,0.008514441,0.98506564,0.0015512907,0.00072751305
254,9,Chandler,"Yeah, like in a cab...",neutral,"For the ride.
Yeah, like in a cab...","For the ride.
Yeah, like in a cab...",neutral,4,4,neutral,True,0.0020827325,0.0019518029,0.0020097415,0.0052570906,0.9846481,0.0030836686,0.000966867
254,10,Ross,Save it.,neutral,"Yeah, like in a cab...
Save it.","Yeah, like in a cab...
Save it.",neutral,4,4,neutral,True,0.084590174,0.020943314,0.016212566,0.19078337,0.66731113,0.0179006,0.0022587872
254,11,Chandler,"Okay, hating this.",disgust,"Save it.
Okay, hating this.","Save it.
Okay, hating this.",disgust,1,1,disgust,True,0.115048036,0.596085,0.030870853,0.028518502,0.047098942,0.17257081,0.009807939
254,12,Ross,"Monica, come on now. Let's go, baby coming.",neutral,"Okay, hating this.
Monica, come on now. Let's go, baby coming.","Okay, hating this.
Monica, come on now. Let's go, baby coming.",neutral,4,4,neutral,True,0.0067507084,0.005454777,0.0033968173,0.070276245,0.9085229,0.004442235,0.00115635
254,13,Monica,"I can't belive it, I'm gonna be an aunt. I'm gonna have like a nephew.",joy,"Monica, come on now. Let's go, baby coming.
I can't belive it, I'm gonna be an aunt. I'm gonna have like a nephew.","Monica, come on now. Let's go, baby coming.
I can't belive it, I'm gonna be an aunt. I'm gonna have like a nephew.",joy,3,3,joy,True,0.03452252,0.008514821,0.028738752,0.599149,0.06925413,0.2538367,0.005984049
254,14,Ross,"That's nice. Get out Let's go, come on.",disgust,"I can't belive it, I'm gonna be an aunt. I'm gonna have like a nephew.
That's nice. Get out Let's go, come on.","I can't belive it, I'm gonna be an aunt. I'm gonna have like a nephew.
That's nice. Get out Let's go, come on.",disgust,1,4,neutral,False,0.0072434964,0.0064520757,0.0023061049,0.04456382,0.93441004,0.004321828,0.000702625
254,15,Joey,"All right, I'm going. I'm going.",anger,"That's nice. Get out Let's go, come on.
All right, I'm going. I'm going.","That's nice. Get out Let's go, come on.
All right, I'm going. I'm going.",anger,0,4,neutral,False,0.031717867,0.011763503,0.022590728,0.07150422,0.84571916,0.015237977,0.0014665257
254,16,Chandler,"Here we go, here we go.",neutral,"All right, I'm going. I'm going.
Here we go, here we go.","All right, I'm going. I'm going.
Here we go, here we go.",neutral,4,4,neutral,True,0.08670272,0.018227633,0.049675006,0.15698913,0.6540503,0.03199133,0.002364022
254,17,Rachel,"Rossy, Rossy.",neutral,"Here we go, here we go.
Rossy, Rossy.","Here we go, here we go.
Rossy, Rossy.",neutral,4,4,neutral,True,0.026620574,0.009723176,0.015382061,0.107668,0.8105839,0.02551521,0.0045071426
255,1,Monica,"Okay, I-I d'know, you-you just- you have a quality.",joy,"WHAT IS IT?!
Okay, I-I d'know, you-you just- you have a quality.","WHAT IS IT?!
Okay, I-I d'know, you-you just- you have a quality.",joy,3,4,neutral,False,0.06305317,0.010304337,0.013200347,0.2050679,0.6881055,0.017575013,0.0026937427
255,2,All,Yes. Absolutely. A quality.,neutral,"Okay, I-I d'know, you-you just- you have a quality.
Yes. Absolutely. A quality.","Okay, I-I d'know, you-you just- you have a quality.
Yes. Absolutely. A quality.",neutral,4,3,joy,False,0.009780247,0.0013825351,0.0017732375,0.9156613,0.065701686,0.0038845425,0.0018165476
255,3,Chandler,"Oh, oh, a quality, good, because I was worried you guys were gonna be vague about this.",neutral,"Yes. Absolutely. A quality.
Oh, oh, a quality, good, because I was worried you guys were gonna be vague about this.","Yes. Absolutely. A quality.
Oh, oh, a quality, good, because I was worried you guys were gonna be vague about this.",neutral,4,4,neutral,True,0.02612288,0.0033931371,0.012965531,0.064238325,0.8750132,0.015297249,0.002969666
255,4,Monica,"Hello? Hello? Oh! Rachel, it's Paolo calling from Rome.",joy,"Oh, oh, a quality, good, because I was worried you guys were gonna be vague about this.
Hello? Hello? Oh! Rachel, it's Paolo calling from Rome.","Oh, oh, a quality, good, because I was worried you guys were gonna be vague about this.
Hello? Hello? Oh! Rachel, it's Paolo calling from Rome.",joy,3,4,neutral,False,0.005860383,0.0009030425,0.0038759618,0.011927451,0.9122478,0.004265905,0.06091949
255,5,Rachel,Oh my God! Calling from Rome!,surprise,"Hello? Hello? Oh! Rachel, it's Paolo calling from Rome.
Oh my God! Calling from Rome!","Hello? Hello? Oh! Rachel, it's Paolo calling from Rome.
Oh my God! Calling from Rome!",surprise,6,6,surprise,True,0.0035565163,0.001103875,0.002838191,0.00792979,0.008617036,0.003744746,0.9722099
255,6,Ross,So he's calling from Rome. I could do that. Just gotta go to Rome.,neutral,"Oh my God! Calling from Rome!
So he's calling from Rome. I could do that. Just gotta go to Rome.","Oh my God! Calling from Rome!
So he's calling from Rome. I could do that. Just gotta go to Rome.",neutral,4,4,neutral,True,0.0028823016,0.0025295627,0.0052190796,0.018951675,0.96539724,0.0041093817,0.0009107385
255,7,Rachel,"Monica, your dad just beeped in, but can you make it quick? Talking to Rome.  I'm talking to Rome.",joy,"So he's calling from Rome. I could do that. Just gotta go to Rome.
Monica, your dad just beeped in, but can you make it quick? Talking to Rome.  I'm talking to Rome.","So he's calling from Rome. I could do that. Just gotta go to Rome.
Monica, your dad just beeped in, but can you make it quick? Talking to Rome.  I'm talking to Rome.",joy,3,4,neutral,False,0.0054143886,0.001703869,0.002863059,0.009292421,0.9762561,0.0031960006,0.0012742563
255,8,Monica,"Hey dad, what's up?  Oh God. Ross, it's Nana.",sadness,"Monica, your dad just beeped in, but can you make it quick? Talking to Rome.  I'm talking to Rome.
Hey dad, what's up?  Oh God. Ross, it's Nana.","Monica, your dad just beeped in, but can you make it quick? Talking to Rome.  I'm talking to Rome.
Hey dad, what's up?  Oh God. Ross, it's Nana.",sadness,5,4,neutral,False,0.0046299053,0.00093683193,0.0027146745,0.019261304,0.95639,0.005979242,0.010087995
256,1,Duncan,"Oh, yeah, um, alright, I kinda need a divorce.",neutral,"So um, so what's up, you came to see me yesterday.
Oh, yeah, um, alright, I kinda need a divorce.","So um, so what's up, you came to see me yesterday.
Oh, yeah, um, alright, I kinda need a divorce.",neutral,4,4,neutral,True,0.028671205,0.016698036,0.14945884,0.09561941,0.48378024,0.21621215,0.009560153
257,1,Chandler,You know it?,surprise,"Oh, yeah, yeah, sure. We live in the building by the uh sidewalk.
You know it?","Oh, yeah, yeah, sure. We live in the building by the uh sidewalk.
You know it?",surprise,6,4,neutral,False,0.019107318,0.0025991548,0.019214192,0.012598415,0.6009469,0.011823101,0.33371085
257,2,Joey,"Hey, look, since we're neighbors and all, what do you say we uh, get together for a drink?",neutral,"You know it?
Hey, look, since we're neighbors and all, what do you say we uh, get together for a drink?","You know it?
Hey, look, since we're neighbors and all, what do you say we uh, get together for a drink?",neutral,4,4,neutral,True,0.0035584464,0.0034650995,0.019186497,0.011530995,0.9483709,0.010550431,0.0033377146
257,3,Chandler,"Oh, sure, they love us over there.",neutral,"Hey, look, since we're neighbors and all, what do you say we uh, get together for a drink?
Oh, sure, they love us over there.","Hey, look, since we're neighbors and all, what do you say we uh, get together for a drink?
Oh, sure, they love us over there.",neutral,4,3,joy,False,0.00693577,0.0027791592,0.0019326167,0.9451003,0.024456162,0.0046188994,0.014177106
257,4,Joey,Ben! Ben! Ben!,joy,"Oh, sure, they love us over there.
Ben! Ben! Ben!","Oh, sure, they love us over there.
Ben! Ben! Ben!",joy,3,3,joy,True,0.051610913,0.005530704,0.00990447,0.5011426,0.07261208,0.011961489,0.34723774
258,1,Joey,"No, still too ethnic. My agent thinks I should have a name that's more neutral.",neutral,"How about Joey... Pepponi?
No, still too ethnic. My agent thinks I should have a name that's more neutral.","How about Joey... Pepponi?
No, still too ethnic. My agent thinks I should have a name that's more neutral.",neutral,4,4,neutral,True,0.0028729104,0.0019252201,0.0018750137,0.003080132,0.98462385,0.0038836093,0.0017393163
258,2,Chandler,Joey... Switzerland?,neutral,"No, still too ethnic. My agent thinks I should have a name that's more neutral.
Joey... Switzerland?","No, still too ethnic. My agent thinks I should have a name that's more neutral.
Joey... Switzerland?",neutral,4,6,surprise,False,0.010633214,0.0013760867,0.008718217,0.0040049674,0.35405973,0.007854671,0.61335313
258,3,Joey,"Plus, y'know, I think it should be Joe.",neutral,"Joey... Switzerland?
Plus, y'know, I think it should be Joe.","Joey... Switzerland?
Plus, y'know, I think it should be Joe.",neutral,4,4,neutral,True,0.0016736581,0.0007784283,0.0014753735,0.002147147,0.9907575,0.0017791886,0.0013886617
258,4,Joey,"Y'know, Joey makes me sound like I'm, I dunno, this big.",neutral,"Plus, y'know, I think it should be Joe.
Y'know, Joey makes me sound like I'm, I dunno, this big.","Plus, y'know, I think it should be Joe.
Y'know, Joey makes me sound like I'm, I dunno, this big.",neutral,4,4,neutral,True,0.057942357,0.01017598,0.03108749,0.053995725,0.82533044,0.019514881,0.0019530967
258,5,Joey,Which I'm not.,neutral,"Y'know, Joey makes me sound like I'm, I dunno, this big.
Which I'm not.","Y'know, Joey makes me sound like I'm, I dunno, this big.
Which I'm not.",neutral,4,4,neutral,True,0.012782572,0.0048857345,0.0063110893,0.015916536,0.944806,0.013506391,0.0017917205
258,6,Chandler,Joe...Joe...Joe...Stalin?,neutral,"Which I'm not.
Joe...Joe...Joe...Stalin?","Which I'm not.
Joe...Joe...Joe...Stalin?",neutral,4,6,surprise,False,0.026751604,0.0031585712,0.011911357,0.008591105,0.198032,0.014700949,0.73685443
258,7,Joey,Stalin...Stalin...do I know that name? It sounds familiar.,neutral,"Joe...Joe...Joe...Stalin?
Stalin...Stalin...do I know that name? It sounds familiar.","Joe...Joe...Joe...Stalin?
Stalin...Stalin...do I know that name? It sounds familiar.",neutral,4,4,neutral,True,0.001956644,0.00078370626,0.001603433,0.0026797191,0.98776454,0.0016742687,0.003537629
258,8,Chandler,"Well, it does not ring a bell with me...",neutral,"Stalin...Stalin...do I know that name? It sounds familiar.
Well, it does not ring a bell with me...","Stalin...Stalin...do I know that name? It sounds familiar.
Well, it does not ring a bell with me...",neutral,4,4,neutral,True,0.06288765,0.0046550836,0.007306644,0.05545807,0.8411032,0.023764003,0.0048254314
258,9,Joey,"Joe Stalin. Y'know, that's pretty good.",joy,"Well, it does not ring a bell with me...
Joe Stalin. Y'know, that's pretty good.","Well, it does not ring a bell with me...
Joe Stalin. Y'know, that's pretty good.",joy,3,4,neutral,False,0.018644532,0.008295325,0.0047542914,0.22405271,0.7183896,0.024217475,0.0016460676
258,10,Chandler,Might wanna try Joseph.,neutral,"Joe Stalin. Y'know, that's pretty good.
Might wanna try Joseph.","Joe Stalin. Y'know, that's pretty good.
Might wanna try Joseph.",neutral,4,4,neutral,True,0.0013304827,0.0010776509,0.0012800636,0.0047395756,0.9894553,0.0012875922,0.00082931446
258,11,Joey,Joseph Stalin. I think you'd remember that!,joy,"Might wanna try Joseph.
Joseph Stalin. I think you'd remember that!","Might wanna try Joseph.
Joseph Stalin. I think you'd remember that!",joy,3,3,joy,True,0.1530989,0.00685354,0.013142856,0.35588944,0.13017544,0.024191467,0.31664836
258,12,Chandler,"Oh yes! Bye Bye Birdie, starring Joseph Stalin. Joseph Stalin is the Fiddler on the Roof.",joy,"Joseph Stalin. I think you'd remember that!
Oh yes! Bye Bye Birdie, starring Joseph Stalin. Joseph Stalin is the Fiddler on the Roof.","Joseph Stalin. I think you'd remember that!
Oh yes! Bye Bye Birdie, starring Joseph Stalin. Joseph Stalin is the Fiddler on the Roof.",joy,3,3,joy,True,0.025506036,0.00604038,0.0034804912,0.63282204,0.31258786,0.0145508535,0.005012273
259,1,Ross,"Okay, look.",neutral,"Are you kidding?
Okay, look.","Are you kidding?
Okay, look.",neutral,4,4,neutral,True,0.007933441,0.0030463855,0.0043883724,0.0060304855,0.9723369,0.0034796305,0.0027848394
259,2,Ross,I-I studied evolution.,joy,"Okay, look.
I-I studied evolution.","Okay, look.
I-I studied evolution.",joy,3,4,neutral,False,0.025324816,0.004553007,0.019650735,0.036283948,0.8926087,0.01079117,0.010787616
259,3,Ross,"Remember, evolution?",joy,"I-I studied evolution.
Remember, evolution?","I-I studied evolution.
Remember, evolution?",joy,3,4,neutral,False,0.017386653,0.0013474462,0.009888395,0.008734504,0.87078226,0.007141735,0.08471894
259,4,Ross,Monkey into man?,anger,"Remember, evolution?
Monkey into man?","Remember, evolution?
Monkey into man?",anger,0,4,neutral,False,0.048671458,0.003702728,0.0051597008,0.019951705,0.87963665,0.007466418,0.035411365
259,5,Ross,"Plus, I’m a doctor, and I had a monkey.",neutral,"Monkey into man?
Plus, I’m a doctor, and I had a monkey.","Monkey into man?
Plus, I’m a doctor, and I had a monkey.",neutral,4,4,neutral,True,0.037794825,0.08170494,0.034807257,0.23804191,0.43761748,0.08362353,0.08641008
259,6,Ross,I’m Doctor Monkey!,anger,"Plus, I’m a doctor, and I had a monkey.
I’m Doctor Monkey!","Plus, I’m a doctor, and I had a monkey.
I’m Doctor Monkey!",anger,0,3,joy,False,0.10803289,0.04281172,0.022878658,0.4139306,0.04888067,0.02368293,0.33978257
259,7,Chandler,I’m not arguing with that.,neutral,"I’m Doctor Monkey!
I’m not arguing with that.","I’m Doctor Monkey!
I’m not arguing with that.",neutral,4,4,neutral,True,0.017320743,0.0030877693,0.00354408,0.044285383,0.9260142,0.0032486226,0.0024991904
259,8,Monica,"All right, I’ve heard enough. I’ve made my decision.",neutral,"I’m not arguing with that.
All right, I’ve heard enough. I’ve made my decision.","I’m not arguing with that.
All right, I’ve heard enough. I’ve made my decision.",neutral,4,4,neutral,True,0.249838,0.008439467,0.09095812,0.10383307,0.48656994,0.05396056,0.0064008143
259,9,Monica,You are both idiots.,disgust,"All right, I’ve heard enough. I’ve made my decision.
You are both idiots.","All right, I’ve heard enough. I’ve made my decision.
You are both idiots.",disgust,1,0,anger,False,0.849575,0.07207777,0.0074918326,0.019907845,0.026790377,0.016554963,0.007602265
259,10,Monica,"The joke is not funny, and it’s offensive to women, and doctors, and monkeys!",disgust,"You are both idiots.
The joke is not funny, and it’s offensive to women, and doctors, and monkeys!","You are both idiots.
The joke is not funny, and it’s offensive to women, and doctors, and monkeys!",disgust,1,0,anger,False,0.43735433,0.40126762,0.034980435,0.01927746,0.035384044,0.0540601,0.017676122
259,11,Monica,"You shouldn’t be arguing over who gets credit, you should be arguing over who gets blamed for inflicting this horrible joke upon the world!",anger,"The joke is not funny, and it’s offensive to women, and doctors, and monkeys!
You shouldn’t be arguing over who gets credit, you should be arguing over who gets blamed for inflicting this horrible joke upon the world!","The joke is not funny, and it’s offensive to women, and doctors, and monkeys!
You shouldn’t be arguing over who gets credit, you should be arguing over who gets blamed for inflicting this horrible joke upon the world!",anger,0,0,anger,True,0.8505756,0.029362045,0.039374705,0.016085632,0.02676263,0.032423455,0.005415948
259,12,Monica,Now let it go!,anger,"You shouldn’t be arguing over who gets credit, you should be arguing over who gets blamed for inflicting this horrible joke upon the world!
Now let it go!","You shouldn’t be arguing over who gets credit, you should be arguing over who gets blamed for inflicting this horrible joke upon the world!
Now let it go!",anger,0,0,anger,True,0.73020965,0.010415946,0.026985448,0.12891291,0.08329102,0.013392858,0.00679214
259,13,Monica,The joke sucks!,anger,"Now let it go!
The joke sucks!","Now let it go!
The joke sucks!",anger,0,0,anger,True,0.57207906,0.18966588,0.013921549,0.09439004,0.04417796,0.06301526,0.022750199
259,14,Ross,It’s your joke.,neutral,"The joke sucks!
It’s your joke.","The joke sucks!
It’s your joke.",neutral,4,4,neutral,True,0.011165353,0.0033151992,0.0015328054,0.010280067,0.9659118,0.003507648,0.0042871293
259,15,Chandler,Is not.,anger,"It’s your joke.
Is not.","It’s your joke.
Is not.",anger,0,4,neutral,False,0.061542872,0.005754458,0.010395208,0.028757345,0.8683178,0.021604184,0.0036281436
260,1,Rachel,I didn’t!,joy,"Hey everybody, Rachel was so good today. She didn't gossip at all.
I didn’t!","Hey everybody, Rachel was so good today. She didn't gossip at all.
I didn’t!",joy,3,3,joy,True,0.1496567,0.0065269805,0.054730114,0.4886327,0.14906354,0.050474036,0.100915864
260,2,Rachel,"Even when I found out…umm, all right, well let's just say I found something out something about someone and let's just say she's gonna keep it.",neutral,"I didn’t!
Even when I found out…umm, all right, well let's just say I found something out something about someone and let's just say she's gonna keep it.","I didn’t!
Even when I found out…umm, all right, well let's just say I found something out something about someone and let's just say she's gonna keep it.",neutral,4,4,neutral,True,0.041700855,0.012817871,0.032590806,0.13420969,0.7365122,0.04029313,0.0018754506
260,3,Joey,"Hey, Pheebs! Check-check this out.",joy,"Even when I found out…umm, all right, well let's just say I found something out something about someone and let's just say she's gonna keep it.
Hey, Pheebs! Check-check this out.","Even when I found out…umm, all right, well let's just say I found something out something about someone and let's just say she's gonna keep it.
Hey, Pheebs! Check-check this out.",joy,3,4,neutral,False,0.019316215,0.004051602,0.002983047,0.06345985,0.9012061,0.004201632,0.004781581
260,4,Phoebe,"Ooh, you nailed the Old Lady!",surprise,"Hey, Pheebs! Check-check this out.
Ooh, you nailed the Old Lady!","Hey, Pheebs! Check-check this out.
Ooh, you nailed the Old Lady!",surprise,6,3,joy,False,0.11142084,0.007068781,0.005018237,0.73855454,0.043883234,0.006485574,0.08756883
260,5,Joey,"Yeah listen so, I thought I was getting better, so on my way home today I stopped by this guitar store and",neutral,"Ooh, you nailed the Old Lady!
Yeah listen so, I thought I was getting better, so on my way home today I stopped by this guitar store and","Ooh, you nailed the Old Lady!
Yeah listen so, I thought I was getting better, so on my way home today I stopped by this guitar store and",neutral,4,4,neutral,True,0.032844875,0.008412557,0.0058936905,0.15507002,0.7730457,0.022394089,0.0023390944
260,6,Phoebe,"Did you, did you",anger,"Yeah listen so, I thought I was getting better, so on my way home today I stopped by this guitar store and
Did you, did you","Yeah listen so, I thought I was getting better, so on my way home today I stopped by this guitar store and
Did you, did you",anger,0,4,neutral,False,0.07093414,0.005763247,0.022097457,0.055950873,0.8100823,0.031556394,0.0036155703
260,7,Joey,No.,neutral,"Did you, did you
No.","Did you, did you
No.",neutral,4,4,neutral,True,0.12145668,0.01900265,0.040025417,0.06247456,0.6780164,0.058785006,0.020239271
260,8,Phoebe,Give me your hands.  Strings. Gimme it!  Pick. Do you want to learn to play guitar?,anger,"No.
Give me your hands.  Strings. Gimme it!  Pick. Do you want to learn to play guitar?","No.
Give me your hands.  Strings. Gimme it!  Pick. Do you want to learn to play guitar?",anger,0,3,joy,False,0.051657878,0.004350309,0.0072056227,0.78409886,0.1413654,0.0057091177,0.005612861
260,9,Joey,Yes!,joy,"Give me your hands.  Strings. Gimme it!  Pick. Do you want to learn to play guitar?
Yes!","Give me your hands.  Strings. Gimme it!  Pick. Do you want to learn to play guitar?
Yes!",joy,3,3,joy,True,0.019040294,0.0016664728,0.003599576,0.9331147,0.033574514,0.0030989049,0.0059054918
260,10,Phoebe,Then don't touch one!!,anger,"Yes!
Then don't touch one!!","Yes!
Then don't touch one!!",anger,0,0,anger,True,0.84995097,0.01877514,0.02586787,0.03343397,0.014791422,0.013861346,0.043319307
261,1,Ross,Yeah!,joy,"Really? You'd-you'd do that for me?!
Yeah!","Really? You'd-you'd do that for me?!
Yeah!",joy,3,3,joy,True,0.21624203,0.009761779,0.01557519,0.52234745,0.10838178,0.018596156,0.1090956
261,2,Joey,Thanks!,joy,"Yeah!
Thanks!","Yeah!
Thanks!",joy,3,3,joy,True,0.009066702,0.0010803689,0.0019624806,0.8682719,0.10850329,0.0067553073,0.0043599345
261,3,Ross,"All right, we'll start off slow. The only thing you have to do tonight is come up with the name of your main character.",neutral,"Thanks!
All right, we'll start off slow. The only thing you have to do tonight is come up with the name of your main character.","Thanks!
All right, we'll start off slow. The only thing you have to do tonight is come up with the name of your main character.",neutral,4,4,neutral,True,0.0020411552,0.0008691061,0.0011280987,0.004455762,0.9894071,0.0012799569,0.0008188174
261,4,Joey,Done!,joy,"All right, we'll start off slow. The only thing you have to do tonight is come up with the name of your main character.
Done!","All right, we'll start off slow. The only thing you have to do tonight is come up with the name of your main character.
Done!",joy,3,3,joy,True,0.016005557,0.001497142,0.0021401786,0.9152174,0.060158357,0.0021561724,0.0028252527
261,5,Ross,And it can't be Joey.,neutral,"Done!
And it can't be Joey.","Done!
And it can't be Joey.",neutral,4,4,neutral,True,0.0019103878,0.00042107105,0.0010792919,0.0025656538,0.9891722,0.0019335669,0.002917752
261,6,Joey,It's not.,neutral,"And it can't be Joey.
It's not.","And it can't be Joey.
It's not.",neutral,4,4,neutral,True,0.006180279,0.000854095,0.0025877801,0.010610409,0.96806425,0.0051138727,0.006589384
261,7,Ross,Or Joseph.,neutral,"It's not.
Or Joseph.","It's not.
Or Joseph.",neutral,4,4,neutral,True,0.06064662,0.016803145,0.011237632,0.06597061,0.79691875,0.041978016,0.0064451746
261,8,Joey,Oh.,neutral,"Or Joseph.
Oh.","Or Joseph.
Oh.",neutral,4,4,neutral,True,0.004816726,0.0024222638,0.007322257,0.004314164,0.9630696,0.01063779,0.007417198
262,1,Monica,"Hi! Hey, Pete you’re back! Hey, check this out.",joy,"Hi!
Hi! Hey, Pete you’re back! Hey, check this out.","Hi!
Hi! Hey, Pete you’re back! Hey, check this out.",joy,3,4,neutral,False,0.0022764537,0.0006274796,0.0008767493,0.0027160696,0.99084586,0.00093544234,0.0017219402
262,2,Pete,Wow! Skates!,joy,"Hi! Hey, Pete you’re back! Hey, check this out.
Wow! Skates!","Hi! Hey, Pete you’re back! Hey, check this out.
Wow! Skates!",joy,3,6,surprise,False,0.0046222135,0.0021493866,0.0026599928,0.011771322,0.006405733,0.0031700898,0.96922123
262,3,Monica,Wow! You’re a lot sturdier that Chandler. He crumpled like a piece of paper. So how was you’re trip?,surprise,"Wow! Skates!
Wow! You’re a lot sturdier that Chandler. He crumpled like a piece of paper. So how was you’re trip?","Wow! Skates!
Wow! You’re a lot sturdier that Chandler. He crumpled like a piece of paper. So how was you’re trip?",surprise,6,4,neutral,False,0.004221195,0.00079674623,0.002183783,0.006179934,0.9395179,0.0036844963,0.04341588
262,4,Pete,Well...,neutral,"Wow! You’re a lot sturdier that Chandler. He crumpled like a piece of paper. So how was you’re trip?
Well...","Wow! You’re a lot sturdier that Chandler. He crumpled like a piece of paper. So how was you’re trip?
Well...",neutral,4,4,neutral,True,0.0024459716,0.0005608822,0.0017701796,0.0053807683,0.98075783,0.0032573477,0.0058269626
262,5,Monica,"Oh, what’d ya bring me?!",joy,"Well...
Oh, what’d ya bring me?!","Well...
Oh, what’d ya bring me?!",joy,3,3,joy,True,0.12502228,0.006621531,0.030785525,0.33152714,0.1775935,0.029163443,0.29928657
262,6,Monica,"Awww, hotel toiletries from Japan.",joy,"Oh, what’d ya bring me?!
Awww, hotel toiletries from Japan.","Oh, what’d ya bring me?!
Awww, hotel toiletries from Japan.",joy,3,4,neutral,False,0.030733943,0.20603348,0.012343452,0.24446513,0.33981082,0.03567472,0.13093852
262,7,Monica,"Oh, these are gonna go in my permanent collection.",joy,"Awww, hotel toiletries from Japan.
Oh, these are gonna go in my permanent collection.","Awww, hotel toiletries from Japan.
Oh, these are gonna go in my permanent collection.",joy,3,4,neutral,False,0.0040474758,0.0014378212,0.0015843055,0.036412302,0.95073026,0.0032770236,0.0025108242
262,8,Monica,You want some coffee?,neutral,"Oh, these are gonna go in my permanent collection.
You want some coffee?","Oh, these are gonna go in my permanent collection.
You want some coffee?",neutral,4,4,neutral,True,0.0016425318,0.0005780927,0.0014496123,0.004737164,0.97487396,0.0014270544,0.015291629
262,9,Pete,"Yeah, sure, that’d be great.",neutral,"You want some coffee?
Yeah, sure, that’d be great.","You want some coffee?
Yeah, sure, that’d be great.",neutral,4,4,neutral,True,0.0014828377,0.0016955547,0.0017474507,0.007946222,0.98420274,0.002108064,0.0008170107
262,10,Monica,Regular or decaf?,neutral,"Yeah, sure, that’d be great.
Regular or decaf?","Yeah, sure, that’d be great.
Regular or decaf?",neutral,4,4,neutral,True,0.0029030219,0.000579747,0.001116665,0.002489219,0.98581064,0.0014557044,0.0056448984
262,11,Pete,"Ah, which ever is closest.",neutral,"Regular or decaf?
Ah, which ever is closest.","Regular or decaf?
Ah, which ever is closest.",neutral,4,4,neutral,True,0.0016411607,0.0004880331,0.00065169676,0.0031720405,0.99158704,0.0012523542,0.0012076361
262,12,Monica,Okay.,neutral,"Ah, which ever is closest.
Okay.","Ah, which ever is closest.
Okay.",neutral,4,4,neutral,True,0.0013539033,0.0005501251,0.0012602723,0.0033419193,0.9913624,0.0011075321,0.0010239221
262,13,Pete,So ask me what I did today.,neutral,"Okay.
So ask me what I did today.","Okay.
So ask me what I did today.",neutral,4,4,neutral,True,0.009526269,0.001889814,0.0046478403,0.013112951,0.955401,0.005806771,0.009615284
262,14,Monica,So what did you do today Pete?,neutral,"So ask me what I did today.
So what did you do today Pete?","So ask me what I did today.
So what did you do today Pete?",neutral,4,4,neutral,True,0.011186248,0.0010816223,0.005821966,0.007983312,0.8993081,0.006941041,0.067677744
262,15,Pete,I bought a restaurant and I would like you to be the head chef.,joy,"So what did you do today Pete?
I bought a restaurant and I would like you to be the head chef.","So what did you do today Pete?
I bought a restaurant and I would like you to be the head chef.",joy,3,4,neutral,False,0.0071259374,0.002993003,0.0042930623,0.36664736,0.60584134,0.008692891,0.004406454
262,16,Monica,What?! Oh.,surprise,"I bought a restaurant and I would like you to be the head chef.
What?! Oh.","I bought a restaurant and I would like you to be the head chef.
What?! Oh.",surprise,6,6,surprise,True,0.003742609,0.0015357747,0.0060870326,0.004416032,0.016573742,0.0054567265,0.9621881
263,1,Joey,Hey.,neutral,"Hi.
Hey.","Hi.
Hey.",neutral,4,4,neutral,True,0.0010117519,0.00036742253,0.00094157184,0.0016877945,0.9919497,0.0011846274,0.0028571703
263,2,Joey,Where've you been?,neutral,"Hey.
Where've you been?","Hey.
Where've you been?",neutral,4,4,neutral,True,0.0034964602,0.0006129694,0.002503147,0.0024372763,0.9394769,0.002681508,0.048791762
263,3,Ross,At the vet.,neutral,"Where've you been?
At the vet.","Where've you been?
At the vet.",neutral,4,4,neutral,True,0.0023471608,0.0010603421,0.0010453176,0.0042744074,0.988284,0.0021815107,0.00080727914
263,4,Chandler,"She's not gonna make you wear one of those big plastic cones, is she?",fear,"At the vet.
She's not gonna make you wear one of those big plastic cones, is she?","At the vet.
She's not gonna make you wear one of those big plastic cones, is she?",fear,2,4,neutral,False,0.026217155,0.003313433,0.010228855,0.010799754,0.8871419,0.016615938,0.04568303
263,5,Ross,She says Marcel's humping thing's not a phase. Apparently he's reached sexual maturity.,sadness,"She's not gonna make you wear one of those big plastic cones, is she?
She says Marcel's humping thing's not a phase. Apparently he's reached sexual maturity.","She's not gonna make you wear one of those big plastic cones, is she?
She says Marcel's humping thing's not a phase. Apparently he's reached sexual maturity.",sadness,5,4,neutral,False,0.011956185,0.003352082,0.003909017,0.023628673,0.9233501,0.012294978,0.021508848
263,6,Joey,Hey! He beat ya.,joy,"She says Marcel's humping thing's not a phase. Apparently he's reached sexual maturity.
Hey! He beat ya.","She says Marcel's humping thing's not a phase. Apparently he's reached sexual maturity.
Hey! He beat ya.",joy,3,0,anger,False,0.3559578,0.01692068,0.009371665,0.33125734,0.12153421,0.022664573,0.14229368
263,7,Ross,"She says as time goes on, he's gonna start getting agressive and violent.",sadness,"Hey! He beat ya.
She says as time goes on, he's gonna start getting agressive and violent.","Hey! He beat ya.
She says as time goes on, he's gonna start getting agressive and violent.",sadness,5,4,neutral,False,0.054263085,0.057069793,0.010097597,0.08013119,0.75023264,0.0442131,0.003992603
263,8,Chandler,So what does this mean?,neutral,"She says as time goes on, he's gonna start getting agressive and violent.
So what does this mean?","She says as time goes on, he's gonna start getting agressive and violent.
So what does this mean?",neutral,4,4,neutral,True,0.006575285,0.0009830085,0.003760637,0.005184754,0.94396496,0.0059273867,0.033603918
263,9,Ross,I'm gonna have to give him up.,sadness,"So what does this mean?
I'm gonna have to give him up.","So what does this mean?
I'm gonna have to give him up.",sadness,5,5,sadness,True,0.05952632,0.03616459,0.16006847,0.039325833,0.09625144,0.60113996,0.0075234277
264,1,Chandler,Hang on buddy!,anger,"Aww man! I can’t believe I locked myself out again!
Hang on buddy!","Aww man! I can’t believe I locked myself out again!
Hang on buddy!",anger,0,0,anger,True,0.6430423,0.02078229,0.053694874,0.16992638,0.08012023,0.02217309,0.010260931
264,2,Joey,Oh my God! What happened here? Did you do all this?,surprise,"Hang on buddy!
Oh my God! What happened here? Did you do all this?","Hang on buddy!
Oh my God! What happened here? Did you do all this?",surprise,6,6,surprise,True,0.004527161,0.0012755933,0.0036079288,0.0023173748,0.014496251,0.0041278745,0.9696479
264,3,Chandler,I sure did.,neutral,"Oh my God! What happened here? Did you do all this?
I sure did.","Oh my God! What happened here? Did you do all this?
I sure did.",neutral,4,4,neutral,True,0.0058286227,0.002037156,0.012058416,0.030270128,0.9277217,0.008335051,0.01374907
265,1,Rachel,"Julie! Julie, isn't that great? I mean, isn't that just kick- you-in-the-crotch, spit-on-your-neck fantastic?",joy,"But we haven't seen each other since then. Well I land in China, guess who's in charge of the dig.
Julie! Julie, isn't that great? I mean, isn't that just kick- you-in-the-crotch, spit-on-your-neck fantastic?","But we haven't seen each other since then. Well I land in China, guess who's in charge of the dig.
Julie! Julie, isn't that great? I mean, isn't that just kick- you-in-the-crotch, spit-on-your-neck fantastic?",joy,3,3,joy,True,0.15208524,0.036012463,0.01638644,0.5256679,0.05445586,0.028751064,0.18664104
266,1,Rachel,"Uh, yeah, if you want too.",neutral,"May I come in?
Uh, yeah, if you want too.","May I come in?
Uh, yeah, if you want too.",neutral,4,4,neutral,True,0.002833736,0.0029942952,0.022559358,0.0054454682,0.95311356,0.008758923,0.004294692
266,2,Ross,Do,neutral,"Uh, yeah, if you want too.
Do","Uh, yeah, if you want too.
Do",neutral,4,4,neutral,True,0.0034653887,0.00081557536,0.0020690216,0.003885412,0.9866953,0.0017176789,0.0013516146
266,3,Rachel,"Yeah, sure?",neutral,"Do
Yeah, sure?","Do
Yeah, sure?",neutral,4,4,neutral,True,0.0069921343,0.0012764548,0.007277849,0.013491896,0.93257713,0.005018544,0.033365913
266,4,Ross,So do I.,neutral,"Yeah, sure?
So do I.","Yeah, sure?
So do I.",neutral,4,4,neutral,True,0.012926122,0.002106252,0.0037207284,0.022241037,0.95271903,0.00522401,0.001062823
266,5,Ross,"Okay Rach, before anything happens  I just want to lay down a couple of ground rules.",neutral,"So do I.
Okay Rach, before anything happens  I just want to lay down a couple of ground rules.","So do I.
Okay Rach, before anything happens  I just want to lay down a couple of ground rules.",neutral,4,4,neutral,True,0.013829352,0.004920309,0.00983399,0.017300189,0.94681484,0.0064162156,0.0008850228
266,6,Ross,This is just about tonight.,neutral,"Okay Rach, before anything happens  I just want to lay down a couple of ground rules.
This is just about tonight.","Okay Rach, before anything happens  I just want to lay down a couple of ground rules.
This is just about tonight.",neutral,4,4,neutral,True,0.02120618,0.004372119,0.006064338,0.07092307,0.8905702,0.005645829,0.0012182093
266,7,Ross,"I don't to go through with this if it's going to raise the question of ""Us.""",neutral,"This is just about tonight.
I don't to go through with this if it's going to raise the question of ""Us.""","This is just about tonight.
I don't to go through with this if it's going to raise the question of ""Us.""",neutral,4,4,neutral,True,0.0894152,0.011079332,0.045449626,0.10343924,0.7161921,0.02973305,0.004691383
266,8,Ross,I just want this to be  about what it is!,joy,"I don't to go through with this if it's going to raise the question of ""Us.""
I just want this to be  about what it is!","I don't to go through with this if it's going to raise the question of ""Us.""
I just want this to be  about what it is!",joy,3,0,anger,False,0.40201557,0.009867586,0.044593208,0.34971422,0.15780851,0.02512185,0.010879054
266,9,Rachel,"And um, what-what is that Ross?",neutral,"I just want this to be  about what it is!
And um, what-what is that Ross?","I just want this to be  about what it is!
And um, what-what is that Ross?",neutral,4,4,neutral,True,0.011965517,0.0011810104,0.011576365,0.007550235,0.79065406,0.010208489,0.1668643
266,10,Ross,The physical act of love.,joy,"And um, what-what is that Ross?
The physical act of love.","And um, what-what is that Ross?
The physical act of love.",joy,3,4,neutral,False,0.012041717,0.0060364758,0.007566703,0.09807307,0.8614108,0.009480806,0.0053903703
266,11,Rachel,What?! Are you crazy?,surprise,"The physical act of love.
What?! Are you crazy?","The physical act of love.
What?! Are you crazy?",surprise,6,6,surprise,True,0.05473571,0.004904098,0.009233145,0.0045535835,0.011503631,0.009183563,0.90588623
266,12,Ross,Oh so-so you weren't trying to entice me just now with your-your nakedness?,surprise,"What?! Are you crazy?
Oh so-so you weren't trying to entice me just now with your-your nakedness?","What?! Are you crazy?
Oh so-so you weren't trying to entice me just now with your-your nakedness?",surprise,6,6,surprise,True,0.06318315,0.013026365,0.016117493,0.04785065,0.34694713,0.026739808,0.48613542
266,13,Rachel,"Oh God, you saw me?! Oh!",surprise,"Oh so-so you weren't trying to entice me just now with your-your nakedness?
Oh God, you saw me?! Oh!","Oh so-so you weren't trying to entice me just now with your-your nakedness?
Oh God, you saw me?! Oh!",surprise,6,6,surprise,True,0.005582127,0.0027137636,0.005950087,0.004569575,0.0054606698,0.005954055,0.9697697
266,14,Ross,You weren't trying to entice me with your nakedness.,joy,"Oh God, you saw me?! Oh!
You weren't trying to entice me with your nakedness.","Oh God, you saw me?! Oh!
You weren't trying to entice me with your nakedness.",joy,3,6,surprise,False,0.3521986,0.06530075,0.014730185,0.019133102,0.08569864,0.028461328,0.4344774
266,15,Rachel,"Noo!! No! You thought, you actually thought I wanted to have sex with you?!",anger,"You weren't trying to entice me with your nakedness.
Noo!! No! You thought, you actually thought I wanted to have sex with you?!","You weren't trying to entice me with your nakedness.
Noo!! No! You thought, you actually thought I wanted to have sex with you?!",anger,0,6,surprise,False,0.04197783,0.010722192,0.01205113,0.006939504,0.0069977073,0.010366356,0.91094536
266,16,Ross,No! No!  No!  No-no-no-no.,joy,"Noo!! No! You thought, you actually thought I wanted to have sex with you?!
No! No!  No!  No-no-no-no.","Noo!! No! You thought, you actually thought I wanted to have sex with you?!
No! No!  No!  No-no-no-no.",joy,3,2,fear,False,0.06317424,0.05383573,0.4929354,0.0960999,0.13111511,0.1066103,0.056229338
267,1,Director,Joey Tribbiani.,neutral,"Ah Joey.
Joey Tribbiani.","Ah Joey.
Joey Tribbiani.",neutral,4,4,neutral,True,0.0014525984,0.00074550067,0.0009781099,0.0021222932,0.99096173,0.0016264088,0.0021134536
267,2,Director,"Listen Joey, I got a problem, I just got a call from my dance captain, he's having a relationship crisis and can't get out of Long Island.",neutral,"Joey Tribbiani.
Listen Joey, I got a problem, I just got a call from my dance captain, he's having a relationship crisis and can't get out of Long Island.","Joey Tribbiani.
Listen Joey, I got a problem, I just got a call from my dance captain, he's having a relationship crisis and can't get out of Long Island.",neutral,4,4,neutral,True,0.063567355,0.01719763,0.028283807,0.21347712,0.52936083,0.13672312,0.011390153
267,3,Joey,"So, does that mean the audition is off?",sadness,"Listen Joey, I got a problem, I just got a call from my dance captain, he's having a relationship crisis and can't get out of Long Island.
So, does that mean the audition is off?","Listen Joey, I got a problem, I just got a call from my dance captain, he's having a relationship crisis and can't get out of Long Island.
So, does that mean the audition is off?",sadness,5,4,neutral,False,0.032010607,0.0026964087,0.012380428,0.035282753,0.82368463,0.06712088,0.026824238
267,4,Director,"Listen Joey, seeing as you've got the most experience, I want you to take these dancers and show them the combination.",neutral,"So, does that mean the audition is off?
Listen Joey, seeing as you've got the most experience, I want you to take these dancers and show them the combination.","So, does that mean the audition is off?
Listen Joey, seeing as you've got the most experience, I want you to take these dancers and show them the combination.",neutral,4,4,neutral,True,0.003457258,0.00086223986,0.0014913358,0.0067182286,0.9842822,0.0022218116,0.000966829
267,5,Joey,What?!,surprise,"Listen Joey, seeing as you've got the most experience, I want you to take these dancers and show them the combination.
What?!","Listen Joey, seeing as you've got the most experience, I want you to take these dancers and show them the combination.
What?!",surprise,6,6,surprise,True,0.0041703647,0.0010182817,0.004059895,0.003787121,0.01892181,0.0038888515,0.9641537
267,6,Director,"Aw come on Joey, it's easy.",neutral,"What?!
Aw come on Joey, it's easy.","What?!
Aw come on Joey, it's easy.",neutral,4,4,neutral,True,0.0059663923,0.0024722063,0.0027723594,0.007059417,0.97690886,0.0033966799,0.0014239908
267,7,Director,"Y'know, it's hand, hand, head, head,  up, pas de bouree, pas de bouree, big turn here, grand sissone, sissone, sissone, slide back, step, step, step, and jazz hands!",neutral,"Aw come on Joey, it's easy.
Y'know, it's hand, hand, head, head,  up, pas de bouree, pas de bouree, big turn here, grand sissone, sissone, sissone, slide back, step, step, step, and jazz hands!","Aw come on Joey, it's easy.
Y'know, it's hand, hand, head, head,  up, pas de bouree, pas de bouree, big turn here, grand sissone, sissone, sissone, slide back, step, step, step, and jazz hands!",neutral,4,3,joy,False,0.042964786,0.0032923678,0.0046368428,0.8799774,0.05691501,0.0053152004,0.0068983682
267,8,Joey,"It's ah, step-ity, step and jazz hands.",sadness,"Y'know, it's hand, hand, head, head,  up, pas de bouree, pas de bouree, big turn here, grand sissone, sissone, sissone, slide back, step, step, step, and jazz hands!
It's ah, step-ity, step and jazz hands.","Y'know, it's hand, hand, head, head,  up, pas de bouree, pas de bouree, big turn here, grand sissone, sissone, sissone, slide back, step, step, step, and jazz hands!
It's ah, step-ity, step and jazz hands.",sadness,5,3,joy,False,0.025054947,0.0046669953,0.0064312313,0.7072595,0.24321644,0.0092443535,0.0041265683
267,9,Director,Have fun.,neutral,"It's ah, step-ity, step and jazz hands.
Have fun.","It's ah, step-ity, step and jazz hands.
Have fun.",neutral,4,3,joy,False,0.020922385,0.013290291,0.0036063192,0.49035186,0.46271065,0.006282057,0.0028364072
267,10,Joey,Bye.,neutral,"Have fun.
Bye.","Have fun.
Bye.",neutral,4,4,neutral,True,0.0019235851,0.0012460528,0.0010463702,0.013402305,0.97959423,0.001969535,0.0008179127
268,1,Monica,"Oh, I so can't believe this! My uterus is an inhospitable environment? I was trying so hard to be a good hostess!",surprise,"Wow! Fortunately she has a
Oh, I so can't believe this! My uterus is an inhospitable environment? I was trying so hard to be a good hostess!","Wow! Fortunately she has a
Oh, I so can't believe this! My uterus is an inhospitable environment? I was trying so hard to be a good hostess!",surprise,6,6,surprise,True,0.1270908,0.016304052,0.030077424,0.0836631,0.023640646,0.06484435,0.65437967
268,2,Chandler,"Oh, I can't believe my sperm have low motility because, let me tell you, when I was growing up they sure seem to be in a hurry to get places!",surprise,"Oh, I so can't believe this! My uterus is an inhospitable environment? I was trying so hard to be a good hostess!
Oh, I can't believe my sperm have low motility because, let me tell you, when I was growing up they sure seem to be in a hurry to get places!","Oh, I so can't believe this! My uterus is an inhospitable environment? I was trying so hard to be a good hostess!
Oh, I can't believe my sperm have low motility because, let me tell you, when I was growing up they sure seem to be in a hurry to get places!",surprise,6,5,sadness,False,0.15270007,0.029211119,0.06653901,0.13908784,0.18828495,0.21232252,0.21185443
268,3,Doctor Connelly,Hi there.,neutral,"Oh, I can't believe my sperm have low motility because, let me tell you, when I was growing up they sure seem to be in a hurry to get places!
Hi there.","Oh, I can't believe my sperm have low motility because, let me tell you, when I was growing up they sure seem to be in a hurry to get places!
Hi there.",neutral,4,4,neutral,True,0.0018698269,0.0005102371,0.00093232386,0.010461063,0.9816684,0.0020221237,0.0025360382
268,4,Chandler,Hi.,neutral,"Hi there.
Hi.","Hi there.
Hi.",neutral,4,4,neutral,True,0.0012457836,0.00037773573,0.001145297,0.0021919676,0.99067163,0.001593247,0.002774406
268,5,Monica,Hi.,neutral,"Hi.
Hi.","Hi.
Hi.",neutral,4,4,neutral,True,0.0013055968,0.000403346,0.001053729,0.0016593095,0.9907817,0.0014831404,0.0033131943
268,6,Doctor Connelly,I'm sorry there wasn't better news from your test last week but I wanted to talk to you about your options.,neutral,"Hi.
I'm sorry there wasn't better news from your test last week but I wanted to talk to you about your options.","Hi.
I'm sorry there wasn't better news from your test last week but I wanted to talk to you about your options.",neutral,4,4,neutral,True,0.0100481985,0.0026228146,0.011369435,0.026026031,0.9355427,0.009724287,0.004666598
268,7,Monica,Ok.,neutral,"I'm sorry there wasn't better news from your test last week but I wanted to talk to you about your options.
Ok.","I'm sorry there wasn't better news from your test last week but I wanted to talk to you about your options.
Ok.",neutral,4,4,neutral,True,0.006726966,0.0013501733,0.007144273,0.008455548,0.9705852,0.0037340983,0.0020038185
268,8,Doctor Connelly,"Above all, even though your chances of conceiving through natural means aren't great, you never know!",neutral,"Ok.
Above all, even though your chances of conceiving through natural means aren't great, you never know!","Ok.
Above all, even though your chances of conceiving through natural means aren't great, you never know!",neutral,4,3,joy,False,0.19013038,0.0051505556,0.015946714,0.52264345,0.21209976,0.022771532,0.031257633
268,9,Doctor Connelly,"So, keep having sex on a regular basis.",neutral,"Above all, even though your chances of conceiving through natural means aren't great, you never know!
So, keep having sex on a regular basis.","Above all, even though your chances of conceiving through natural means aren't great, you never know!
So, keep having sex on a regular basis.",neutral,4,4,neutral,True,0.0053419694,0.0024966102,0.0019643304,0.019751934,0.9673113,0.002521726,0.00061211205
268,10,Chandler,"Oh, DAMN IT!",anger,"So, keep having sex on a regular basis.
Oh, DAMN IT!","So, keep having sex on a regular basis.
Oh, DAMN IT!",anger,0,3,joy,False,0.3526266,0.016067917,0.011190571,0.520677,0.045243066,0.013568861,0.040625975
268,11,Monica,"Don't worry, after a while he'll tune it out.",neutral,"Oh, DAMN IT!
Don't worry, after a while he'll tune it out.","Oh, DAMN IT!
Don't worry, after a while he'll tune it out.",neutral,4,4,neutral,True,0.0041068853,0.0020655277,0.0018878613,0.011358463,0.97785807,0.0021721711,0.0005510198
268,12,Doctor Connelly,"Ok, given your situation, the options with the greatest chances for success would be surrogacy, or insemination using a sperm donor.",neutral,"Don't worry, after a while he'll tune it out.
Ok, given your situation, the options with the greatest chances for success would be surrogacy, or insemination using a sperm donor.","Don't worry, after a while he'll tune it out.
Ok, given your situation, the options with the greatest chances for success would be surrogacy, or insemination using a sperm donor.",neutral,4,4,neutral,True,0.005513631,0.0016023279,0.0024265598,0.0075273872,0.9785325,0.0033825291,0.0010150544
268,13,Monica,Ok.,neutral,"Ok, given your situation, the options with the greatest chances for success would be surrogacy, or insemination using a sperm donor.
Ok.","Ok, given your situation, the options with the greatest chances for success would be surrogacy, or insemination using a sperm donor.
Ok.",neutral,4,4,neutral,True,0.0025420913,0.00082377665,0.0013141091,0.0039453455,0.9892573,0.0014157475,0.0007016356
269,1,Ross,"Fine. Fine, alright, now you'll never know.",anger,"Well, y'know, monogamy can be a, uh, tricky concept. I mean, anthropologically speaking-
Fine. Fine, alright, now you'll never know.","Well, y'know, monogamy can be a, uh, tricky concept. I mean, anthropologically speaking-
Fine. Fine, alright, now you'll never know.",anger,0,4,neutral,False,0.2204589,0.029083347,0.047962405,0.06417241,0.5723152,0.06044615,0.0055616405
269,2,Monica,"We're kidding. C'mon, tell us!",joy,"Fine. Fine, alright, now you'll never know.
We're kidding. C'mon, tell us!","Fine. Fine, alright, now you'll never know.
We're kidding. C'mon, tell us!",joy,3,3,joy,True,0.29617652,0.011281391,0.050764445,0.39176577,0.19371496,0.020836143,0.035460692
269,3,All,Yeah! C'mon!,joy,"We're kidding. C'mon, tell us!
Yeah! C'mon!","We're kidding. C'mon, tell us!
Yeah! C'mon!",joy,3,3,joy,True,0.054933306,0.0032106512,0.007959928,0.8122403,0.109611444,0.0059760697,0.0060683503
269,4,Ross,"Alright. There's a theory, put forth by Richard Leakey-",neutral,"Yeah! C'mon!
Alright. There's a theory, put forth by Richard Leakey-","Yeah! C'mon!
Alright. There's a theory, put forth by Richard Leakey-",neutral,4,4,neutral,True,0.0047145933,0.00082965643,0.0026383493,0.0054856665,0.9799811,0.0022649153,0.004085621
270,1,Susan,"No, she's at a faculty meeting.",neutral,"Hi, is uh, is Carol here?
No, she's at a faculty meeting.","Hi, is uh, is Carol here?
No, she's at a faculty meeting.",neutral,4,4,neutral,True,0.0011188675,0.00058362633,0.0017609828,0.0033825834,0.989111,0.001850929,0.0021920258
270,2,Ross,"Oh, I uh, just came by to pick up my skull. Well, not mine, but...",neutral,"No, she's at a faculty meeting.
Oh, I uh, just came by to pick up my skull. Well, not mine, but...","No, she's at a faculty meeting.
Oh, I uh, just came by to pick up my skull. Well, not mine, but...",neutral,4,4,neutral,True,0.0078040455,0.005618441,0.017645314,0.012405731,0.935017,0.015889945,0.00561951
270,3,Susan,Come in.,neutral,"Oh, I uh, just came by to pick up my skull. Well, not mine, but...
Come in.","Oh, I uh, just came by to pick up my skull. Well, not mine, but...
Come in.",neutral,4,4,neutral,True,0.0019936734,0.0012445804,0.0018238219,0.0046405075,0.9878157,0.0016575005,0.00082433573
270,4,Ross,"Thanks. Yeah, Carol borrowed it for a class, and I have to get it back to the museum.",neutral,"Come in.
Thanks. Yeah, Carol borrowed it for a class, and I have to get it back to the museum.","Come in.
Thanks. Yeah, Carol borrowed it for a class, and I have to get it back to the museum.",neutral,4,4,neutral,True,0.011816595,0.0035502561,0.004415676,0.044489264,0.91029346,0.014297624,0.011137151
270,5,Susan,What's it look like?,neutral,"Thanks. Yeah, Carol borrowed it for a class, and I have to get it back to the museum.
What's it look like?","Thanks. Yeah, Carol borrowed it for a class, and I have to get it back to the museum.
What's it look like?",neutral,4,4,neutral,True,0.011878169,0.0022185128,0.0078370385,0.04184089,0.7282311,0.010345878,0.1976485
270,6,Ross,Kinda like a big face without skin.,neutral,"What's it look like?
Kinda like a big face without skin.","What's it look like?
Kinda like a big face without skin.",neutral,4,4,neutral,True,0.005158544,0.014669212,0.0037960184,0.022011505,0.9383645,0.006367944,0.009632278
270,7,Susan,"Yes, I'm familiar with the concept. We can just look for it.",neutral,"Kinda like a big face without skin.
Yes, I'm familiar with the concept. We can just look for it.","Kinda like a big face without skin.
Yes, I'm familiar with the concept. We can just look for it.",neutral,4,4,neutral,True,0.0020072528,0.0012631913,0.0012047513,0.0031568955,0.99032086,0.0011323307,0.00091466756
270,8,Ross,"Ok.  Wow, you guys sure have a lot of books about bein' a lesbian.",surprise,"Yes, I'm familiar with the concept. We can just look for it.
Ok.  Wow, you guys sure have a lot of books about bein' a lesbian.","Yes, I'm familiar with the concept. We can just look for it.
Ok.  Wow, you guys sure have a lot of books about bein' a lesbian.",surprise,6,6,surprise,True,0.0058125765,0.0030123615,0.0021196806,0.025766967,0.015773142,0.0042609526,0.94325435
270,9,Susan,"Well, you know, you have to take a course. Otherwise, they don't let you do it.",neutral,"Ok.  Wow, you guys sure have a lot of books about bein' a lesbian.
Well, you know, you have to take a course. Otherwise, they don't let you do it.","Ok.  Wow, you guys sure have a lot of books about bein' a lesbian.
Well, you know, you have to take a course. Otherwise, they don't let you do it.",neutral,4,4,neutral,True,0.0050889975,0.0021934637,0.003408449,0.008570916,0.97676295,0.0027808337,0.001194361
270,10,Ross,"Hey, hey, Yertle the Turtle. A classic.",joy,"Well, you know, you have to take a course. Otherwise, they don't let you do it.
Hey, hey, Yertle the Turtle. A classic.","Well, you know, you have to take a course. Otherwise, they don't let you do it.
Hey, hey, Yertle the Turtle. A classic.",joy,3,4,neutral,False,0.007046083,0.0025023308,0.0014858375,0.10729372,0.8754424,0.0037031441,0.002526456
270,11,Susan,"Actually, I'm reading it to the baby.",neutral,"Hey, hey, Yertle the Turtle. A classic.
Actually, I'm reading it to the baby.","Hey, hey, Yertle the Turtle. A classic.
Actually, I'm reading it to the baby.",neutral,4,4,neutral,True,0.005694653,0.0025152902,0.0015800698,0.0532669,0.93033755,0.0034118379,0.0031937135
270,12,Ross,"The uh, the baby that hasn't been born yet? Wouldn't that mean you're... crazy?",surprise,"Actually, I'm reading it to the baby.
The uh, the baby that hasn't been born yet? Wouldn't that mean you're... crazy?","Actually, I'm reading it to the baby.
The uh, the baby that hasn't been born yet? Wouldn't that mean you're... crazy?",surprise,6,4,neutral,False,0.16149437,0.04547175,0.13623998,0.04195759,0.2836622,0.11308303,0.21809107
270,13,Susan,"What, you don't think they can hear sounds in there?",joy,"The uh, the baby that hasn't been born yet? Wouldn't that mean you're... crazy?
What, you don't think they can hear sounds in there?","The uh, the baby that hasn't been born yet? Wouldn't that mean you're... crazy?
What, you don't think they can hear sounds in there?",joy,3,6,surprise,False,0.015726188,0.0039632195,0.013692634,0.005398749,0.044217944,0.012236878,0.9047643
270,14,Ross,"You're not serious, I mean, you really... you really talk to it?",surprise,"What, you don't think they can hear sounds in there?
You're not serious, I mean, you really... you really talk to it?","What, you don't think they can hear sounds in there?
You're not serious, I mean, you really... you really talk to it?",surprise,6,6,surprise,True,0.02695331,0.0039076777,0.023521453,0.009464625,0.1578642,0.016477372,0.7618114
271,1,Chandler,Put Joey on the phone.,neutral,"I have no idea what you just said.
Put Joey on the phone.","I have no idea what you just said.
Put Joey on the phone.",neutral,4,4,neutral,True,0.033982646,0.009123941,0.006249092,0.0077782003,0.9325495,0.008880005,0.0014366901
271,2,Joey,What's up man?,neutral,"Put Joey on the phone.
What's up man?","Put Joey on the phone.
What's up man?",neutral,4,4,neutral,True,0.0028929412,0.000623181,0.0011844012,0.004656762,0.97727,0.0015332444,0.011839546
271,3,Chandler,I'm trppd... in an ATM vstbl... wth,fear,"What's up man?
I'm trppd... in an ATM vstbl... wth","What's up man?
I'm trppd... in an ATM vstbl... wth",fear,2,4,neutral,False,0.014890043,0.0034444495,0.0067528766,0.0397885,0.9195331,0.0086324075,0.0069586528
271,4,Joey,"Oh my God! He's trapped in an ATM vestibule with Jill Goodacre!  Chandler, listen.",surprise,"I'm trppd... in an ATM vstbl... wth
Oh my God! He's trapped in an ATM vestibule with Jill Goodacre!  Chandler, listen.","I'm trppd... in an ATM vstbl... wth
Oh my God! He's trapped in an ATM vestibule with Jill Goodacre!  Chandler, listen.",surprise,6,4,neutral,False,0.02635954,0.0036203286,0.013456908,0.015166332,0.8133832,0.015988508,0.112025164
271,5,Chandler,"Yeah, like that thought never entered my mind.",neutral,"Oh my God! He's trapped in an ATM vestibule with Jill Goodacre!  Chandler, listen.
Yeah, like that thought never entered my mind.","Oh my God! He's trapped in an ATM vestibule with Jill Goodacre!  Chandler, listen.
Yeah, like that thought never entered my mind.",neutral,4,4,neutral,True,0.009542909,0.0046046553,0.0061057,0.0144608915,0.9587069,0.005622569,0.00095635996
272,1,Emily,The caterer rang and said it was going to be Chicken Kiev instead of Chicken Tarragon.,neutral,"and that was all before 10 o’clock.
The caterer rang and said it was going to be Chicken Kiev instead of Chicken Tarragon.","and that was all before 10 o’clock.
The caterer rang and said it was going to be Chicken Kiev instead of Chicken Tarragon.",neutral,4,4,neutral,True,0.00232632,0.0020611475,0.001499662,0.009902862,0.97621775,0.0056152116,0.002377053
272,2,Emily,And then the florist phoned to say there aren’t any tulips.,neutral,"The caterer rang and said it was going to be Chicken Kiev instead of Chicken Tarragon.
And then the florist phoned to say there aren’t any tulips.","The caterer rang and said it was going to be Chicken Kiev instead of Chicken Tarragon.
And then the florist phoned to say there aren’t any tulips.",neutral,4,4,neutral,True,0.003948846,0.0029222881,0.003298629,0.02135239,0.95080143,0.009788635,0.007887846
272,3,Emily,"Oh, and the chilliest has carpel-tunel syndrome.",neutral,"And then the florist phoned to say there aren’t any tulips.
Oh, and the chilliest has carpel-tunel syndrome.","And then the florist phoned to say there aren’t any tulips.
Oh, and the chilliest has carpel-tunel syndrome.",neutral,4,4,neutral,True,0.019027036,0.08649121,0.01627961,0.21231748,0.5563793,0.07341455,0.036090802
272,4,Ross,"Whoa-whoa-whoa! Emily,  honey, okay?",surprise,"Oh, and the chilliest has carpel-tunel syndrome.
Whoa-whoa-whoa! Emily,  honey, okay?","Oh, and the chilliest has carpel-tunel syndrome.
Whoa-whoa-whoa! Emily,  honey, okay?",surprise,6,4,neutral,False,0.058064625,0.007084897,0.079014495,0.079995014,0.61801696,0.04338434,0.11443972
272,5,Emily,"Well, up yours too!",anger,"Whoa-whoa-whoa! Emily,  honey, okay?
Well, up yours too!","Whoa-whoa-whoa! Emily,  honey, okay?
Well, up yours too!",anger,0,3,joy,False,0.046841525,0.0023171562,0.004055392,0.7911622,0.14439756,0.004581496,0.0066446834
273,1,Joey,"Ah, he can’t make it, he said he had to his...  Whoa-oh!",surprise,"Where’s Chandler?
Ah, he can’t make it, he said he had to his...  Whoa-oh!","Where’s Chandler?
Ah, he can’t make it, he said he had to his...  Whoa-oh!",surprise,6,6,surprise,True,0.010569591,0.005094781,0.015885983,0.010128134,0.009225576,0.014366057,0.9347299
273,2,Ginger,Joey? Joey Tribbiani?,neutral,"Ah, he can’t make it, he said he had to his...  Whoa-oh!
Joey? Joey Tribbiani?","Ah, he can’t make it, he said he had to his...  Whoa-oh!
Joey? Joey Tribbiani?",neutral,4,6,surprise,False,0.009670147,0.0018205189,0.010366507,0.006981451,0.1807394,0.009446357,0.7809756
273,3,Ginger,Joey I can see you okay? You’re hiding behind the coats.,neutral,"Joey? Joey Tribbiani?
Joey I can see you okay? You’re hiding behind the coats.","Joey? Joey Tribbiani?
Joey I can see you okay? You’re hiding behind the coats.",neutral,4,4,neutral,True,0.0069041206,0.0024480561,0.0025009792,0.0024874967,0.9549538,0.0038437757,0.026861833
274,1,Monica,"Well, if you don’t have anything to copy, why are you going down there?",neutral,"Okay listen, just give me anything I can make two of.
Well, if you don’t have anything to copy, why are you going down there?","Okay listen, just give me anything I can make two of.
Well, if you don’t have anything to copy, why are you going down there?",neutral,4,4,neutral,True,0.17575969,0.006016977,0.022585558,0.012053894,0.6758866,0.026913332,0.080783986
274,2,Joey,"Yeah, are you just going down there to gawk at that hot girl with the belly button ring again?",anger,"Well, if you don’t have anything to copy, why are you going down there?
Yeah, are you just going down there to gawk at that hot girl with the belly button ring again?","Well, if you don’t have anything to copy, why are you going down there?
Yeah, are you just going down there to gawk at that hot girl with the belly button ring again?",anger,0,4,neutral,False,0.05795509,0.033810653,0.008652873,0.048593637,0.7644531,0.022446685,0.06408797
274,3,Chandler,Yeah! You wanna come?,joy,"Yeah, are you just going down there to gawk at that hot girl with the belly button ring again?
Yeah! You wanna come?","Yeah, are you just going down there to gawk at that hot girl with the belly button ring again?
Yeah! You wanna come?",joy,3,4,neutral,False,0.033548314,0.0087782005,0.019232484,0.10502282,0.6738409,0.020157982,0.13941938
274,4,Joey,Yeah!,joy,"Yeah! You wanna come?
Yeah!","Yeah! You wanna come?
Yeah!",joy,3,3,joy,True,0.030546758,0.004937986,0.005165882,0.86479825,0.07136515,0.0052735424,0.017912392
275,1,Joey,Fine.,neutral,"Fine.
Fine.","Fine.
Fine.",neutral,4,4,neutral,True,0.011731769,0.00459208,0.00421029,0.006556138,0.9675761,0.0044777673,0.0008558007
275,2,Rachel,Fine.,neutral,"Fine.
Fine.","Fine.
Fine.",neutral,4,4,neutral,True,0.011731769,0.00459208,0.00421029,0.006556138,0.9675761,0.0044777673,0.0008558007
275,3,Monica,All right. We're gonna go.  It's not for another six hours. We're gonna go then.,neutral,"Fine.
All right. We're gonna go.  It's not for another six hours. We're gonna go then.","Fine.
All right. We're gonna go.  It's not for another six hours. We're gonna go then.",neutral,4,4,neutral,True,0.0029083726,0.0016249957,0.0024732898,0.007415137,0.9826005,0.0023531571,0.00062462944
278,1,Phoebe,Oh Willie’s still alive!,surprise,"Someone on the subway licked my neck! Licked my neck!!
Oh Willie’s still alive!","Someone on the subway licked my neck! Licked my neck!!
Oh Willie’s still alive!",surprise,6,6,surprise,True,0.0544807,0.02883603,0.04180144,0.22422512,0.22931801,0.09353925,0.32779944
278,2,Chandler,What are you guys doing?,neutral,"Oh Willie’s still alive!
What are you guys doing?","Oh Willie’s still alive!
What are you guys doing?",neutral,4,4,neutral,True,0.011206086,0.001646815,0.0068444293,0.006811061,0.77182937,0.006102951,0.19555934
278,3,Monica,"Oh, my mom called, they’re gonna run our engagement announcement in the local paper, so we’re looking for a good picture of us.",joy,"What are you guys doing?
Oh, my mom called, they’re gonna run our engagement announcement in the local paper, so we’re looking for a good picture of us.","What are you guys doing?
Oh, my mom called, they’re gonna run our engagement announcement in the local paper, so we’re looking for a good picture of us.",joy,3,4,neutral,False,0.014069495,0.005351648,0.0059950002,0.24965204,0.70568573,0.013320888,0.0059252377
278,4,Chandler,"Oooh, I’m afraid that does not exist.",neutral,"Oh, my mom called, they’re gonna run our engagement announcement in the local paper, so we’re looking for a good picture of us.
Oooh, I’m afraid that does not exist.","Oh, my mom called, they’re gonna run our engagement announcement in the local paper, so we’re looking for a good picture of us.
Oooh, I’m afraid that does not exist.",neutral,4,3,joy,False,0.030111441,0.012829749,0.045167807,0.42641842,0.3228748,0.036738798,0.12585895
278,5,Monica,"That’s not true, there are great pictures of us!",surprise,"Oooh, I’m afraid that does not exist.
That’s not true, there are great pictures of us!","Oooh, I’m afraid that does not exist.
That’s not true, there are great pictures of us!",surprise,6,6,surprise,True,0.05686206,0.006585542,0.01476059,0.23417814,0.23643829,0.039431296,0.41174406
278,6,Chandler,"No, there are great pictures of you standing next to a guy who’s going like this",neutral,"That’s not true, there are great pictures of us!
No, there are great pictures of you standing next to a guy who’s going like this","That’s not true, there are great pictures of us!
No, there are great pictures of you standing next to a guy who’s going like this",neutral,4,3,joy,False,0.016685003,0.0051772688,0.003161745,0.48805022,0.47348005,0.009223597,0.0042221434
278,7,Phoebe,Oh my God! That’s the creep that you’re with at the,surprise,"No, there are great pictures of you standing next to a guy who’s going like this
Oh my God! That’s the creep that you’re with at the","No, there are great pictures of you standing next to a guy who’s going like this
Oh my God! That’s the creep that you’re with at the",surprise,6,6,surprise,True,0.02081976,0.040075634,0.012589611,0.011642416,0.013752792,0.031147353,0.8699724
278,8,Chandler,"I don’t know what it is, I just can’t take a good picture.",sadness,"Oh my God! That’s the creep that you’re with at the
I don’t know what it is, I just can’t take a good picture.","Oh my God! That’s the creep that you’re with at the
I don’t know what it is, I just can’t take a good picture.",sadness,5,5,sadness,True,0.033524666,0.015873645,0.17727068,0.03385345,0.05172885,0.6785755,0.009173262
278,9,Monica,"Oh, here’s a great one.",joy,"I don’t know what it is, I just can’t take a good picture.
Oh, here’s a great one.","I don’t know what it is, I just can’t take a good picture.
Oh, here’s a great one.",joy,3,4,neutral,False,0.00831271,0.0024699888,0.0020621466,0.16365859,0.81599,0.0052931393,0.002213432
278,10,Chandler,"Yeah, I’m not in that.",neutral,"Oh, here’s a great one.
Yeah, I’m not in that.","Oh, here’s a great one.
Yeah, I’m not in that.",neutral,4,4,neutral,True,0.12057697,0.043826334,0.02437133,0.02680262,0.73678714,0.043253534,0.0043821246
278,11,Monica,"I know, but look at me: all tan.",joy,"Yeah, I’m not in that.
I know, but look at me: all tan.","Yeah, I’m not in that.
I know, but look at me: all tan.",joy,3,4,neutral,False,0.018680897,0.019356009,0.008803087,0.012344411,0.91917014,0.012661861,0.008983512
278,12,Phoebe,"Hey, why don’t you guys go get portraits done by a professional photographer.",neutral,"I know, but look at me: all tan.
Hey, why don’t you guys go get portraits done by a professional photographer.","I know, but look at me: all tan.
Hey, why don’t you guys go get portraits done by a professional photographer.",neutral,4,4,neutral,True,0.003047965,0.0022814274,0.0027273868,0.009069772,0.9792726,0.002728114,0.0008726938
278,13,Monica,That’s a good idea! I bet they have one of those wind machines! Y’know,joy,"Hey, why don’t you guys go get portraits done by a professional photographer.
That’s a good idea! I bet they have one of those wind machines! Y’know","Hey, why don’t you guys go get portraits done by a professional photographer.
That’s a good idea! I bet they have one of those wind machines! Y’know",joy,3,3,joy,True,0.019048255,0.0028368572,0.0027002173,0.7301397,0.23786774,0.005007128,0.0024001815
278,14,Phoebe,"Yeah that’s great! Next to that, Chandler won’t look so stupid.",neutral,"That’s a good idea! I bet they have one of those wind machines! Y’know
Yeah that’s great! Next to that, Chandler won’t look so stupid.","That’s a good idea! I bet they have one of those wind machines! Y’know
Yeah that’s great! Next to that, Chandler won’t look so stupid.",neutral,4,3,joy,False,0.024503468,0.003768619,0.0026203354,0.83950114,0.12257131,0.0045864065,0.0024486275
278,15,Monica,Chandler what do you say?,neutral,"Yeah that’s great! Next to that, Chandler won’t look so stupid.
Chandler what do you say?","Yeah that’s great! Next to that, Chandler won’t look so stupid.
Chandler what do you say?",neutral,4,4,neutral,True,0.036859646,0.0037242677,0.021192024,0.0266527,0.566292,0.02189293,0.32338637
278,16,Chandler,"All right, but I should warn you, I’m not going. I’m going.",neutral,"Chandler what do you say?
All right, but I should warn you, I’m not going. I’m going.","Chandler what do you say?
All right, but I should warn you, I’m not going. I’m going.",neutral,4,4,neutral,True,0.023634346,0.005858722,0.025101334,0.04288999,0.89090717,0.010064318,0.0015441448
279,1,Rachel,No! They are mine!,anger,"Gimme them!
No! They are mine!","Gimme them!
No! They are mine!",anger,0,0,anger,True,0.6700303,0.0093315495,0.01593743,0.15751797,0.11614272,0.018732024,0.012308051
279,2,Monica,You stole them from me!,anger,"No! They are mine!
You stole them from me!","No! They are mine!
You stole them from me!",anger,0,0,anger,True,0.8474456,0.01747919,0.009286638,0.025772195,0.017022125,0.019376261,0.06361801
279,3,Rachel,You stole them from me!!,anger,"You stole them from me!
You stole them from me!!","You stole them from me!
You stole them from me!!",anger,0,0,anger,True,0.88578904,0.0142863,0.018253054,0.035559565,0.011222321,0.01505641,0.019833278
279,4,Monica,Gimme them!,anger,"You stole them from me!!
Gimme them!","You stole them from me!!
Gimme them!",anger,0,3,joy,False,0.37102523,0.010207382,0.013351991,0.49019086,0.09417644,0.0100533925,0.010994705
279,5,Monica,You just wanna each take one?,neutral,"Gimme them!
You just wanna each take one?","Gimme them!
You just wanna each take one?",neutral,4,4,neutral,True,0.0019698774,0.0007192475,0.0015543118,0.002407651,0.9843763,0.0012671119,0.0077054347
279,6,Rachel,Yeah that seems fair. We never use them.,neutral,"You just wanna each take one?
Yeah that seems fair. We never use them.","You just wanna each take one?
Yeah that seems fair. We never use them.",neutral,4,4,neutral,True,0.008587356,0.004704309,0.0028185034,0.02499656,0.9498599,0.008202191,0.0008310801
279,7,Ross,"Look, I really need some help, okay? Why? Why did I have to speak in a British accent?! What do I do?",anger,"Yeah that seems fair. We never use them.
Look, I really need some help, okay? Why? Why did I have to speak in a British accent?! What do I do?","Yeah that seems fair. We never use them.
Look, I really need some help, okay? Why? Why did I have to speak in a British accent?! What do I do?",anger,0,4,neutral,False,0.14842597,0.006354364,0.14393584,0.06640068,0.29612082,0.10068075,0.23808154
279,8,Rachel,Well,neutral,"Look, I really need some help, okay? Why? Why did I have to speak in a British accent?! What do I do?
Well","Look, I really need some help, okay? Why? Why did I have to speak in a British accent?! What do I do?
Well",neutral,4,4,neutral,True,0.043215323,0.0035247467,0.05626534,0.039535668,0.64755565,0.031256877,0.17864639
279,9,Monica,Why don’t you phase it out?,neutral,"Well
Why don’t you phase it out?","Well
Why don’t you phase it out?",neutral,4,4,neutral,True,0.009089771,0.0011136727,0.0042321156,0.0067153615,0.96448165,0.005000492,0.009366964
279,10,Monica,"Yeah, fade the accent out and people will think you’re, y’know, that you’re adjusting to life in America.",anger,"Why don’t you phase it out?
Yeah, fade the accent out and people will think you’re, y’know, that you’re adjusting to life in America.","Why don’t you phase it out?
Yeah, fade the accent out and people will think you’re, y’know, that you’re adjusting to life in America.",anger,0,4,neutral,False,0.0263354,0.0073216828,0.007410076,0.03112276,0.9108159,0.01394965,0.0030445757
279,11,Rachel,"Yeah, I mean, come on Ross, no one will even notice. I mean they’re probably not even listening!",neutral,"Yeah, fade the accent out and people will think you’re, y’know, that you’re adjusting to life in America.
Yeah, I mean, come on Ross, no one will even notice. I mean they’re probably not even listening!","Yeah, fade the accent out and people will think you’re, y’know, that you’re adjusting to life in America.
Yeah, I mean, come on Ross, no one will even notice. I mean they’re probably not even listening!",neutral,4,0,anger,False,0.3137634,0.022369225,0.08270539,0.06569014,0.21463789,0.13113214,0.16970181
279,12,Ross,They’re not listening too me?,surprise,"Yeah, I mean, come on Ross, no one will even notice. I mean they’re probably not even listening!
They’re not listening too me?","Yeah, I mean, come on Ross, no one will even notice. I mean they’re probably not even listening!
They’re not listening too me?",surprise,6,6,surprise,True,0.29647985,0.017497927,0.062465694,0.014914376,0.046866234,0.057493135,0.5042828
279,13,Rachel,Of course they’re listening to you! Everybody listens to you.,neutral,"They’re not listening too me?
Of course they’re listening to you! Everybody listens to you.","They’re not listening too me?
Of course they’re listening to you! Everybody listens to you.",neutral,4,4,neutral,True,0.027527004,0.0037093023,0.0034867178,0.0335198,0.9257056,0.004879975,0.0011715832
279,14,Ross,Monica you really think I should try this phasing out thing?,neutral,"Of course they’re listening to you! Everybody listens to you.
Monica you really think I should try this phasing out thing?","Of course they’re listening to you! Everybody listens to you.
Monica you really think I should try this phasing out thing?",neutral,4,4,neutral,True,0.03902147,0.0035046951,0.04036975,0.057077356,0.7636034,0.026193522,0.07022974
279,15,Monica,I think you look fine.,neutral,"Monica you really think I should try this phasing out thing?
I think you look fine.","Monica you really think I should try this phasing out thing?
I think you look fine.",neutral,4,4,neutral,True,0.008394335,0.0031401925,0.0042690854,0.0088926945,0.9659638,0.008500496,0.0008393795
