dialogue_id,utterance_id,speaker,text,emotion,context,model_text,true_emotion,label_id,predicted_id,predicted_emotion,correct,prob_anger,prob_disgust,prob_fear,prob_joy,prob_neutral,prob_sadness,prob_surprise
1,5,Joey,"Let's—  I was just—yeah, right.",joy,"Come on, Lydia, you can do it.
Push!
Push 'em out, push 'em out, harder, harder.
Push 'em out, push 'em out, way out!
Let's get that ball and really move, hey, hey, ho, ho.
Let's—  I was just—yeah, right.","Come on, Lydia, you can do it.
Push!
Push 'em out, push 'em out, harder, harder.
Push 'em out, push 'em out, way out!
Let's get that ball and really move, hey, hey, ho, ho.
Let's—  I was just—yeah, right.",joy,3,4,neutral,False,0.012858196,0.0024521207,0.006118043,0.11852948,0.8465773,0.01065649,0.002808389
1,6,Joey,Push!,joy,"Push!
Push 'em out, push 'em out, harder, harder.
Push 'em out, push 'em out, way out!
Let's get that ball and really move, hey, hey, ho, ho.
Let's—  I was just—yeah, right.
Push!","Push!
Push 'em out, push 'em out, harder, harder.
Push 'em out, push 'em out, way out!
Let's get that ball and really move, hey, hey, ho, ho.
Let's—  I was just—yeah, right.
Push!",joy,3,3,joy,True,0.062019043,0.004913763,0.0054837144,0.86551046,0.024759784,0.00721634,0.030096876
1,7,Joey,Push!,joy,"Push 'em out, push 'em out, harder, harder.
Push 'em out, push 'em out, way out!
Let's get that ball and really move, hey, hey, ho, ho.
Let's—  I was just—yeah, right.
Push!
Push!","Push 'em out, push 'em out, harder, harder.
Push 'em out, push 'em out, way out!
Let's get that ball and really move, hey, hey, ho, ho.
Let's—  I was just—yeah, right.
Push!
Push!",joy,3,3,joy,True,0.14343126,0.009596488,0.010431528,0.7412516,0.027843272,0.0099822385,0.057463586
2,5,Ross,"Oh okay, lift it straight up over your head!",anger,"Okay.
Ross, didn't you say that there was an elevator in here?
Uhh, yes I did but there isn't. Okay, here we go.
Okay, go left. Left! Left!
Okay, y'know what? There is no more left, left!
Oh okay, lift it straight up over your head!","Okay.
Ross, didn't you say that there was an elevator in here?
Uhh, yes I did but there isn't. Okay, here we go.
Okay, go left. Left! Left!
Okay, y'know what? There is no more left, left!
Oh okay, lift it straight up over your head!",anger,0,3,joy,False,0.20561685,0.012166255,0.011539211,0.6142523,0.1137234,0.0091949515,0.033507034
2,6,Ross,Straight up over your head!,anger,"Ross, didn't you say that there was an elevator in here?
Uhh, yes I did but there isn't. Okay, here we go.
Okay, go left. Left! Left!
Okay, y'know what? There is no more left, left!
Oh okay, lift it straight up over your head!
Straight up over your head!","Ross, didn't you say that there was an elevator in here?
Uhh, yes I did but there isn't. Okay, here we go.
Okay, go left. Left! Left!
Okay, y'know what? There is no more left, left!
Oh okay, lift it straight up over your head!
Straight up over your head!",anger,0,3,joy,False,0.23072219,0.021035193,0.011939084,0.52489805,0.15042813,0.010508648,0.050468735
2,7,Ross,You can do it!,joy,"Uhh, yes I did but there isn't. Okay, here we go.
Okay, go left. Left! Left!
Okay, y'know what? There is no more left, left!
Oh okay, lift it straight up over your head!
Straight up over your head!
You can do it!","Uhh, yes I did but there isn't. Okay, here we go.
Okay, go left. Left! Left!
Okay, y'know what? There is no more left, left!
Oh okay, lift it straight up over your head!
Straight up over your head!
You can do it!",joy,3,3,joy,True,0.032811407,0.002858665,0.0030396497,0.91868556,0.024418479,0.0049468777,0.013239377
2,8,Ross,You can do it!,joy,"Okay, go left. Left! Left!
Okay, y'know what? There is no more left, left!
Oh okay, lift it straight up over your head!
Straight up over your head!
You can do it!
You can do it!","Okay, go left. Left! Left!
Okay, y'know what? There is no more left, left!
Oh okay, lift it straight up over your head!
Straight up over your head!
You can do it!
You can do it!",joy,3,3,joy,True,0.033810228,0.0028585894,0.0035579419,0.91971534,0.02522792,0.006170891,0.008659071
2,9,Ross,Okay.,neutral,"Okay, y'know what? There is no more left, left!
Oh okay, lift it straight up over your head!
Straight up over your head!
You can do it!
You can do it!
Okay.","Okay, y'know what? There is no more left, left!
Oh okay, lift it straight up over your head!
Straight up over your head!
You can do it!
You can do it!
Okay.",neutral,4,4,neutral,True,0.019064136,0.0028689953,0.0052422825,0.08680421,0.8790637,0.0047828928,0.0021736813
2,10,Ross,You got it?,neutral,"Oh okay, lift it straight up over your head!
Straight up over your head!
You can do it!
You can do it!
Okay.
You got it?","Oh okay, lift it straight up over your head!
Straight up over your head!
You can do it!
You can do it!
Okay.
You got it?",neutral,4,4,neutral,True,0.023518443,0.0028479914,0.008118226,0.15848403,0.72825396,0.006810807,0.07196652
3,5,Ross,"Ugh, can you believe that guy!",disgust,"Oh, okay, I get it.
No wait, look. Look! I'm sorry, it's just I've never even
Howard's the
Yes but too me he's just, man.
Okay, fine, whatever. Welcome to the building.
Ugh, can you believe that guy!","Oh, okay, I get it.
No wait, look. Look! I'm sorry, it's just I've never even
Howard's the
Yes but too me he's just, man.
Okay, fine, whatever. Welcome to the building.
Ugh, can you believe that guy!",disgust,1,6,surprise,False,0.1098264,0.018004782,0.017627763,0.034242034,0.016839819,0.026081542,0.7773776
3,6,Phoebe,Yeah. I really like his glasses.,neutral,"No wait, look. Look! I'm sorry, it's just I've never even
Howard's the
Yes but too me he's just, man.
Okay, fine, whatever. Welcome to the building.
Ugh, can you believe that guy!
Yeah. I really like his glasses.","No wait, look. Look! I'm sorry, it's just I've never even
Howard's the
Yes but too me he's just, man.
Okay, fine, whatever. Welcome to the building.
Ugh, can you believe that guy!
Yeah. I really like his glasses.",neutral,4,3,joy,False,0.011573332,0.008476632,0.0061201444,0.82357866,0.11983489,0.02462792,0.005788507
4,5,Joey,Oh my God! I overslept! I was supposed to be on the set a half an hour ago! I gotta get out of here!,fear,"Ohh!
What?
It kicked! I think the baby kicked!
Oh my God!
Oh no wait, oh no, the elastic on my underwear busted.
Oh my God! I overslept! I was supposed to be on the set a half an hour ago! I gotta get out of here!","Ohh!
What?
It kicked! I think the baby kicked!
Oh my God!
Oh no wait, oh no, the elastic on my underwear busted.
Oh my God! I overslept! I was supposed to be on the set a half an hour ago! I gotta get out of here!",fear,2,3,joy,False,0.31709468,0.015058859,0.03776723,0.42250437,0.14373288,0.03279584,0.031046122
4,6,Monica,"Oh wait, Joey, you can’t go like that! You stink!",disgust,"What?
It kicked! I think the baby kicked!
Oh my God!
Oh no wait, oh no, the elastic on my underwear busted.
Oh my God! I overslept! I was supposed to be on the set a half an hour ago! I gotta get out of here!
Oh wait, Joey, you can’t go like that! You stink!","What?
It kicked! I think the baby kicked!
Oh my God!
Oh no wait, oh no, the elastic on my underwear busted.
Oh my God! I overslept! I was supposed to be on the set a half an hour ago! I gotta get out of here!
Oh wait, Joey, you can’t go like that! You stink!",disgust,1,1,disgust,True,0.110782385,0.58662254,0.065297715,0.039123826,0.03192838,0.08338541,0.08285986
4,7,Joey,"Look, I know I feel asleep before I could shower and now I don’t have time!",anger,"It kicked! I think the baby kicked!
Oh my God!
Oh no wait, oh no, the elastic on my underwear busted.
Oh my God! I overslept! I was supposed to be on the set a half an hour ago! I gotta get out of here!
Oh wait, Joey, you can’t go like that! You stink!
Look, I know I feel asleep before I could shower and now I don’t have time!","It kicked! I think the baby kicked!
Oh my God!
Oh no wait, oh no, the elastic on my underwear busted.
Oh my God! I overslept! I was supposed to be on the set a half an hour ago! I gotta get out of here!
Oh wait, Joey, you can’t go like that! You stink!
Look, I know I feel asleep before I could shower and now I don’t have time!",anger,0,0,anger,True,0.6737613,0.026551113,0.07043256,0.070894875,0.042583693,0.09163597,0.02414046
4,8,Joey,"They’re just ten blocks away, if I run, I can make it.",neutral,"Oh my God!
Oh no wait, oh no, the elastic on my underwear busted.
Oh my God! I overslept! I was supposed to be on the set a half an hour ago! I gotta get out of here!
Oh wait, Joey, you can’t go like that! You stink!
Look, I know I feel asleep before I could shower and now I don’t have time!
They’re just ten blocks away, if I run, I can make it.","Oh my God!
Oh no wait, oh no, the elastic on my underwear busted.
Oh my God! I overslept! I was supposed to be on the set a half an hour ago! I gotta get out of here!
Oh wait, Joey, you can’t go like that! You stink!
Look, I know I feel asleep before I could shower and now I don’t have time!
They’re just ten blocks away, if I run, I can make it.",neutral,4,4,neutral,True,0.09757169,0.013519565,0.02311038,0.30834234,0.5150595,0.029307028,0.013089454
5,5,Chandler,"So uh, what are you in for?",neutral,"You’re coming on to the entire room!  I’m Chandler.
Hi.
Hi.
You mind if I
No, please.
So uh, what are you in for?","You’re coming on to the entire room!  I’m Chandler.
Hi.
Hi.
You mind if I
No, please.
So uh, what are you in for?",neutral,4,4,neutral,True,0.012756802,0.00283966,0.0077279927,0.072603665,0.74623823,0.008996952,0.14883669
5,6,Marjorie,I talk in my sleep.,neutral,"Hi.
Hi.
You mind if I
No, please.
So uh, what are you in for?
I talk in my sleep.","Hi.
Hi.
You mind if I
No, please.
So uh, what are you in for?
I talk in my sleep.",neutral,4,4,neutral,True,0.012786316,0.007586637,0.009673863,0.01705869,0.93981665,0.009854591,0.0032232797
5,7,Chandler,"What a coincidence, I listen in my sleep.",neutral,"Hi.
You mind if I
No, please.
So uh, what are you in for?
I talk in my sleep.
What a coincidence, I listen in my sleep.","Hi.
You mind if I
No, please.
So uh, what are you in for?
I talk in my sleep.
What a coincidence, I listen in my sleep.",neutral,4,4,neutral,True,0.06336283,0.033115976,0.036816016,0.097115666,0.6790987,0.049121752,0.04136897
5,8,Joey,So why don’t you give me your number?,neutral,"You mind if I
No, please.
So uh, what are you in for?
I talk in my sleep.
What a coincidence, I listen in my sleep.
So why don’t you give me your number?","You mind if I
No, please.
So uh, what are you in for?
I talk in my sleep.
What a coincidence, I listen in my sleep.
So why don’t you give me your number?",neutral,4,4,neutral,True,0.027700147,0.0031330434,0.0065991255,0.0424984,0.8732422,0.0064885244,0.040338647
7,5,Ross,"Yeah, anything goes, except ah, eye gouging and fish hooking.",neutral,"Yeah, but without the costumes.
Oh.
And it’s not fake, it’s totally brutal.
Yeah, it’s two guys in a ring, and the rules are: “They’re
So you can like, bite, and pull people’s hair and stuff?
Yeah, anything goes, except ah, eye gouging and fish hooking.","Yeah, but without the costumes.
Oh.
And it’s not fake, it’s totally brutal.
Yeah, it’s two guys in a ring, and the rules are: “They’re
So you can like, bite, and pull people’s hair and stuff?
Yeah, anything goes, except ah, eye gouging and fish hooking.",neutral,4,4,neutral,True,0.016859205,0.015045358,0.009038737,0.029881338,0.91235095,0.014101856,0.0027225001
7,6,Monica,What’s fish hooking?,surprise,"Oh.
And it’s not fake, it’s totally brutal.
Yeah, it’s two guys in a ring, and the rules are: “They’re
So you can like, bite, and pull people’s hair and stuff?
Yeah, anything goes, except ah, eye gouging and fish hooking.
What’s fish hooking?","Oh.
And it’s not fake, it’s totally brutal.
Yeah, it’s two guys in a ring, and the rules are: “They’re
So you can like, bite, and pull people’s hair and stuff?
Yeah, anything goes, except ah, eye gouging and fish hooking.
What’s fish hooking?",surprise,6,6,surprise,True,0.027137782,0.014720807,0.03024031,0.021947978,0.37099537,0.016872259,0.5180854
7,7,Ross,"Huh, what’s fish hooking...   Thanks man, that would have been really hard to describe. What is that taste?",neutral,"And it’s not fake, it’s totally brutal.
Yeah, it’s two guys in a ring, and the rules are: “They’re
So you can like, bite, and pull people’s hair and stuff?
Yeah, anything goes, except ah, eye gouging and fish hooking.
What’s fish hooking?
Huh, what’s fish hooking...   Thanks man, that would have been really hard to describe. What is that taste?","And it’s not fake, it’s totally brutal.
Yeah, it’s two guys in a ring, and the rules are: “They’re
So you can like, bite, and pull people’s hair and stuff?
Yeah, anything goes, except ah, eye gouging and fish hooking.
What’s fish hooking?
Huh, what’s fish hooking...   Thanks man, that would have been really hard to describe. What is that taste?",neutral,4,4,neutral,True,0.011840631,0.020061633,0.03328644,0.08491406,0.45100465,0.05609449,0.34279808
7,8,Joey,"What? My hands are totally clean, I just gave the duck a bath.",neutral,"Yeah, it’s two guys in a ring, and the rules are: “They’re
So you can like, bite, and pull people’s hair and stuff?
Yeah, anything goes, except ah, eye gouging and fish hooking.
What’s fish hooking?
Huh, what’s fish hooking...   Thanks man, that would have been really hard to describe. What is that taste?
What? My hands are totally clean, I just gave the duck a bath.","Yeah, it’s two guys in a ring, and the rules are: “They’re
So you can like, bite, and pull people’s hair and stuff?
Yeah, anything goes, except ah, eye gouging and fish hooking.
What’s fish hooking?
Huh, what’s fish hooking...   Thanks man, that would have been really hard to describe. What is that taste?
What? My hands are totally clean, I just gave the duck a bath.",neutral,4,4,neutral,True,0.013968649,0.017690979,0.014860129,0.17756891,0.5922996,0.024269827,0.15934189
8,5,Chandler,And uh maybe you have to get used to it.,neutral,"Oh, Bob, he was nothing compared to you. I had to bite my lip to keep from screaming your name.
Well, that makes me feel so good.
It was just so awkward and bumpy.
Bumpy?
Well, maybe he had some kind of uh, new, cool style, that you're not familiar with.
And uh maybe you have to get used to it.","Oh, Bob, he was nothing compared to you. I had to bite my lip to keep from screaming your name.
Well, that makes me feel so good.
It was just so awkward and bumpy.
Bumpy?
Well, maybe he had some kind of uh, new, cool style, that you're not familiar with.
And uh maybe you have to get used to it.",neutral,4,4,neutral,True,0.008117369,0.0054169395,0.009862557,0.036661018,0.9201835,0.012000515,0.00775806
8,6,Jade,"Well there really wasn't much time to get used to it, you know what I mean?",joy,"Well, that makes me feel so good.
It was just so awkward and bumpy.
Bumpy?
Well, maybe he had some kind of uh, new, cool style, that you're not familiar with.
And uh maybe you have to get used to it.
Well there really wasn't much time to get used to it, you know what I mean?","Well, that makes me feel so good.
It was just so awkward and bumpy.
Bumpy?
Well, maybe he had some kind of uh, new, cool style, that you're not familiar with.
And uh maybe you have to get used to it.
Well there really wasn't much time to get used to it, you know what I mean?",joy,3,4,neutral,False,0.014293443,0.0049969633,0.018796038,0.02963063,0.9002421,0.014992377,0.017048448
9,5,Joey,"Hey buddy, do you think I can borrow your uniform this Thursday?",neutral,"Coming through!  Oh! Coming through!  Oh! Hello! Hi!  No! Right! Coming through!
Oh well, it’s not so bad.
Yeah, most of the damage is pretty mostly contained in the bedrooms.
Oh!
My God!
Hey buddy, do you think I can borrow your uniform this Thursday?","Coming through!  Oh! Coming through!  Oh! Hello! Hi!  No! Right! Coming through!
Oh well, it’s not so bad.
Yeah, most of the damage is pretty mostly contained in the bedrooms.
Oh!
My God!
Hey buddy, do you think I can borrow your uniform this Thursday?",neutral,4,4,neutral,True,0.018873975,0.0040211165,0.0054238653,0.19781488,0.7563601,0.008051001,0.00945497
9,6,Fireman #1,Excuse me?,surprise,"Oh well, it’s not so bad.
Yeah, most of the damage is pretty mostly contained in the bedrooms.
Oh!
My God!
Hey buddy, do you think I can borrow your uniform this Thursday?
Excuse me?","Oh well, it’s not so bad.
Yeah, most of the damage is pretty mostly contained in the bedrooms.
Oh!
My God!
Hey buddy, do you think I can borrow your uniform this Thursday?
Excuse me?",surprise,6,6,surprise,True,0.017656147,0.008549532,0.011645545,0.0078041386,0.04099432,0.008484945,0.90486526
9,7,Monica,Joey! He’s working!  You would look,anger,"Yeah, most of the damage is pretty mostly contained in the bedrooms.
Oh!
My God!
Hey buddy, do you think I can borrow your uniform this Thursday?
Excuse me?
Joey! He’s working!  You would look","Yeah, most of the damage is pretty mostly contained in the bedrooms.
Oh!
My God!
Hey buddy, do you think I can borrow your uniform this Thursday?
Excuse me?
Joey! He’s working!  You would look",anger,0,4,neutral,False,0.023120023,0.0055967667,0.004387453,0.19094412,0.7547469,0.0036709202,0.017533824
9,8,Joey,"Oh, how bad is it?",sadness,"Oh!
My God!
Hey buddy, do you think I can borrow your uniform this Thursday?
Excuse me?
Joey! He’s working!  You would look
Oh, how bad is it?","Oh!
My God!
Hey buddy, do you think I can borrow your uniform this Thursday?
Excuse me?
Joey! He’s working!  You would look
Oh, how bad is it?",sadness,5,3,joy,False,0.022156356,0.059563816,0.042890243,0.38965148,0.1368309,0.18818234,0.16072491
9,9,Phoebe,"Oh, it’s bad. It’s really bad. The only thing in there that isn’t burned is an ass. Which I do",sadness,"My God!
Hey buddy, do you think I can borrow your uniform this Thursday?
Excuse me?
Joey! He’s working!  You would look
Oh, how bad is it?
Oh, it’s bad. It’s really bad. The only thing in there that isn’t burned is an ass. Which I do","My God!
Hey buddy, do you think I can borrow your uniform this Thursday?
Excuse me?
Joey! He’s working!  You would look
Oh, how bad is it?
Oh, it’s bad. It’s really bad. The only thing in there that isn’t burned is an ass. Which I do",sadness,5,4,neutral,False,0.019531753,0.004391022,0.006345307,0.17464738,0.77652824,0.015003009,0.0035532392
9,10,Chandler,How’s your room Rach?,neutral,"Hey buddy, do you think I can borrow your uniform this Thursday?
Excuse me?
Joey! He’s working!  You would look
Oh, how bad is it?
Oh, it’s bad. It’s really bad. The only thing in there that isn’t burned is an ass. Which I do
How’s your room Rach?","Hey buddy, do you think I can borrow your uniform this Thursday?
Excuse me?
Joey! He’s working!  You would look
Oh, how bad is it?
Oh, it’s bad. It’s really bad. The only thing in there that isn’t burned is an ass. Which I do
How’s your room Rach?",neutral,4,4,neutral,True,0.019447083,0.0031534226,0.0046360777,0.055797864,0.9036272,0.009458803,0.0038795457
9,11,Rachel,Everything’s ruined. My bed. My clothes. Look at my favorite blue sweater.,sadness,"Excuse me?
Joey! He’s working!  You would look
Oh, how bad is it?
Oh, it’s bad. It’s really bad. The only thing in there that isn’t burned is an ass. Which I do
How’s your room Rach?
Everything’s ruined. My bed. My clothes. Look at my favorite blue sweater.","Excuse me?
Joey! He’s working!  You would look
Oh, how bad is it?
Oh, it’s bad. It’s really bad. The only thing in there that isn’t burned is an ass. Which I do
How’s your room Rach?
Everything’s ruined. My bed. My clothes. Look at my favorite blue sweater.",sadness,5,3,joy,False,0.025493322,0.032590203,0.016166013,0.4285592,0.41297975,0.057650454,0.026560964
9,12,Monica,Isn’t that mine?,neutral,"Joey! He’s working!  You would look
Oh, how bad is it?
Oh, it’s bad. It’s really bad. The only thing in there that isn’t burned is an ass. Which I do
How’s your room Rach?
Everything’s ruined. My bed. My clothes. Look at my favorite blue sweater.
Isn’t that mine?","Joey! He’s working!  You would look
Oh, how bad is it?
Oh, it’s bad. It’s really bad. The only thing in there that isn’t burned is an ass. Which I do
How’s your room Rach?
Everything’s ruined. My bed. My clothes. Look at my favorite blue sweater.
Isn’t that mine?",neutral,4,4,neutral,True,0.028903143,0.009609299,0.014777726,0.3212925,0.5449626,0.03333797,0.047116794
9,13,Rachel,Fine! I’m sorry for your loss!,anger,"Oh, how bad is it?
Oh, it’s bad. It’s really bad. The only thing in there that isn’t burned is an ass. Which I do
How’s your room Rach?
Everything’s ruined. My bed. My clothes. Look at my favorite blue sweater.
Isn’t that mine?
Fine! I’m sorry for your loss!","Oh, how bad is it?
Oh, it’s bad. It’s really bad. The only thing in there that isn’t burned is an ass. Which I do
How’s your room Rach?
Everything’s ruined. My bed. My clothes. Look at my favorite blue sweater.
Isn’t that mine?
Fine! I’m sorry for your loss!",anger,0,5,sadness,False,0.12574653,0.021509837,0.046127062,0.07911537,0.018183965,0.68352616,0.025791071
9,14,Fireman #1,"So uh, you’re not gonna be able to live here for a while, you ladies have a place to stay?",neutral,"Oh, it’s bad. It’s really bad. The only thing in there that isn’t burned is an ass. Which I do
How’s your room Rach?
Everything’s ruined. My bed. My clothes. Look at my favorite blue sweater.
Isn’t that mine?
Fine! I’m sorry for your loss!
So uh, you’re not gonna be able to live here for a while, you ladies have a place to stay?","Oh, it’s bad. It’s really bad. The only thing in there that isn’t burned is an ass. Which I do
How’s your room Rach?
Everything’s ruined. My bed. My clothes. Look at my favorite blue sweater.
Isn’t that mine?
Fine! I’m sorry for your loss!
So uh, you’re not gonna be able to live here for a while, you ladies have a place to stay?",neutral,4,4,neutral,True,0.030845594,0.009498203,0.021688655,0.0406019,0.5941237,0.025722561,0.27751932
9,15,Rachel,"Wow! Oh-okay, look pal, I am",joy,"How’s your room Rach?
Everything’s ruined. My bed. My clothes. Look at my favorite blue sweater.
Isn’t that mine?
Fine! I’m sorry for your loss!
So uh, you’re not gonna be able to live here for a while, you ladies have a place to stay?
Wow! Oh-okay, look pal, I am","How’s your room Rach?
Everything’s ruined. My bed. My clothes. Look at my favorite blue sweater.
Isn’t that mine?
Fine! I’m sorry for your loss!
So uh, you’re not gonna be able to live here for a while, you ladies have a place to stay?
Wow! Oh-okay, look pal, I am",joy,3,3,joy,True,0.020591188,0.0037155065,0.004854825,0.57300293,0.38618508,0.005945136,0.005705317
9,16,Monica,"Yes, they can stay with us.",neutral,"Everything’s ruined. My bed. My clothes. Look at my favorite blue sweater.
Isn’t that mine?
Fine! I’m sorry for your loss!
So uh, you’re not gonna be able to live here for a while, you ladies have a place to stay?
Wow! Oh-okay, look pal, I am
Yes, they can stay with us.","Everything’s ruined. My bed. My clothes. Look at my favorite blue sweater.
Isn’t that mine?
Fine! I’m sorry for your loss!
So uh, you’re not gonna be able to live here for a while, you ladies have a place to stay?
Wow! Oh-okay, look pal, I am
Yes, they can stay with us.",neutral,4,4,neutral,True,0.012901052,0.003601898,0.0050277244,0.11843537,0.84856576,0.008822033,0.0026461673
9,17,Chandler,Have you figured out what started the fire Mr. Fireman?,neutral,"Isn’t that mine?
Fine! I’m sorry for your loss!
So uh, you’re not gonna be able to live here for a while, you ladies have a place to stay?
Wow! Oh-okay, look pal, I am
Yes, they can stay with us.
Have you figured out what started the fire Mr. Fireman?","Isn’t that mine?
Fine! I’m sorry for your loss!
So uh, you’re not gonna be able to live here for a while, you ladies have a place to stay?
Wow! Oh-okay, look pal, I am
Yes, they can stay with us.
Have you figured out what started the fire Mr. Fireman?",neutral,4,4,neutral,True,0.08410424,0.009471237,0.032004848,0.024164421,0.76475006,0.021901537,0.063603684
12,5,Ross,Okay-okay!,anger,"What’s all this about you guys fighting?! Is this really over a room?! I mean, that is so silly!
Ross, we can handle this.
Well, apparently not, and I can’t just stand by and watch two people I care about very much be hurt over something that is so silly.
I mean, enough of the silliness!
Well, why don’t you tell her to stop being silly!
Okay-okay!","What’s all this about you guys fighting?! Is this really over a room?! I mean, that is so silly!
Ross, we can handle this.
Well, apparently not, and I can’t just stand by and watch two people I care about very much be hurt over something that is so silly.
I mean, enough of the silliness!
Well, why don’t you tell her to stop being silly!
Okay-okay!",anger,0,3,joy,False,0.07290294,0.0042024087,0.008182497,0.7177198,0.17689157,0.013733203,0.006367565
12,6,Ross,"Two very good points, look I’ve known you both a long time, and I’ve never seen either of you one/millionth as happy as you’ve been since you’ve got together.",sadness,"Ross, we can handle this.
Well, apparently not, and I can’t just stand by and watch two people I care about very much be hurt over something that is so silly.
I mean, enough of the silliness!
Well, why don’t you tell her to stop being silly!
Okay-okay!
Two very good points, look I’ve known you both a long time, and I’ve never seen either of you one/millionth as happy as you’ve been since you’ve got together.","Ross, we can handle this.
Well, apparently not, and I can’t just stand by and watch two people I care about very much be hurt over something that is so silly.
I mean, enough of the silliness!
Well, why don’t you tell her to stop being silly!
Okay-okay!
Two very good points, look I’ve known you both a long time, and I’ve never seen either of you one/millionth as happy as you’ve been since you’ve got together.",sadness,5,5,sadness,True,0.11162452,0.06365417,0.06671132,0.17132813,0.15244189,0.3029874,0.13125259
12,7,Ross,Do you really want to throw that all away over a room?,sadness,"Well, apparently not, and I can’t just stand by and watch two people I care about very much be hurt over something that is so silly.
I mean, enough of the silliness!
Well, why don’t you tell her to stop being silly!
Okay-okay!
Two very good points, look I’ve known you both a long time, and I’ve never seen either of you one/millionth as happy as you’ve been since you’ve got together.
Do you really want to throw that all away over a room?","Well, apparently not, and I can’t just stand by and watch two people I care about very much be hurt over something that is so silly.
I mean, enough of the silliness!
Well, why don’t you tell her to stop being silly!
Okay-okay!
Two very good points, look I’ve known you both a long time, and I’ve never seen either of you one/millionth as happy as you’ve been since you’ve got together.
Do you really want to throw that all away over a room?",sadness,5,0,anger,False,0.48163596,0.049612787,0.18010361,0.02890323,0.12292098,0.11861308,0.018210402
12,8,Ross,That is so silly.,joy,"I mean, enough of the silliness!
Well, why don’t you tell her to stop being silly!
Okay-okay!
Two very good points, look I’ve known you both a long time, and I’ve never seen either of you one/millionth as happy as you’ve been since you’ve got together.
Do you really want to throw that all away over a room?
That is so silly.","I mean, enough of the silliness!
Well, why don’t you tell her to stop being silly!
Okay-okay!
Two very good points, look I’ve known you both a long time, and I’ve never seen either of you one/millionth as happy as you’ve been since you’ve got together.
Do you really want to throw that all away over a room?
That is so silly.",joy,3,1,disgust,False,0.14985129,0.49426684,0.05772269,0.047703266,0.047178417,0.16230379,0.04097372
12,9,Ross,"Now wh-what is more important, love or silliness?",neutral,"Well, why don’t you tell her to stop being silly!
Okay-okay!
Two very good points, look I’ve known you both a long time, and I’ve never seen either of you one/millionth as happy as you’ve been since you’ve got together.
Do you really want to throw that all away over a room?
That is so silly.
Now wh-what is more important, love or silliness?","Well, why don’t you tell her to stop being silly!
Okay-okay!
Two very good points, look I’ve known you both a long time, and I’ve never seen either of you one/millionth as happy as you’ve been since you’ve got together.
Do you really want to throw that all away over a room?
That is so silly.
Now wh-what is more important, love or silliness?",neutral,4,5,sadness,False,0.1250751,0.080833696,0.1251715,0.06740964,0.0851131,0.4867088,0.029688152
12,10,Chandler,"Well, we are fond of the silliness, but we also have a soft spot for the love.",neutral,"Okay-okay!
Two very good points, look I’ve known you both a long time, and I’ve never seen either of you one/millionth as happy as you’ve been since you’ve got together.
Do you really want to throw that all away over a room?
That is so silly.
Now wh-what is more important, love or silliness?
Well, we are fond of the silliness, but we also have a soft spot for the love.","Okay-okay!
Two very good points, look I’ve known you both a long time, and I’ve never seen either of you one/millionth as happy as you’ve been since you’ve got together.
Do you really want to throw that all away over a room?
That is so silly.
Now wh-what is more important, love or silliness?
Well, we are fond of the silliness, but we also have a soft spot for the love.",neutral,4,3,joy,False,0.0485444,0.018674808,0.013401088,0.53251237,0.3177455,0.062443875,0.006677922
12,11,Monica,Love is the best medicine.,joy,"Two very good points, look I’ve known you both a long time, and I’ve never seen either of you one/millionth as happy as you’ve been since you’ve got together.
Do you really want to throw that all away over a room?
That is so silly.
Now wh-what is more important, love or silliness?
Well, we are fond of the silliness, but we also have a soft spot for the love.
Love is the best medicine.","Two very good points, look I’ve known you both a long time, and I’ve never seen either of you one/millionth as happy as you’ve been since you’ve got together.
Do you really want to throw that all away over a room?
That is so silly.
Now wh-what is more important, love or silliness?
Well, we are fond of the silliness, but we also have a soft spot for the love.
Love is the best medicine.",joy,3,4,neutral,False,0.03240713,0.009443344,0.007007097,0.24618466,0.666884,0.03403571,0.004038072
12,12,Chandler,That’s laughter.,joy,"Do you really want to throw that all away over a room?
That is so silly.
Now wh-what is more important, love or silliness?
Well, we are fond of the silliness, but we also have a soft spot for the love.
Love is the best medicine.
That’s laughter.","Do you really want to throw that all away over a room?
That is so silly.
Now wh-what is more important, love or silliness?
Well, we are fond of the silliness, but we also have a soft spot for the love.
Love is the best medicine.
That’s laughter.",joy,3,3,joy,True,0.02168289,0.020986268,0.008220286,0.70220804,0.21126638,0.019012498,0.016623609
12,13,Monica,Why do you do it?,neutral,"That is so silly.
Now wh-what is more important, love or silliness?
Well, we are fond of the silliness, but we also have a soft spot for the love.
Love is the best medicine.
That’s laughter.
Why do you do it?","That is so silly.
Now wh-what is more important, love or silliness?
Well, we are fond of the silliness, but we also have a soft spot for the love.
Love is the best medicine.
That’s laughter.
Why do you do it?",neutral,4,4,neutral,True,0.01434105,0.0038230252,0.016644934,0.10043601,0.56120765,0.015667316,0.2878799
12,14,Chandler,I don’t know.,neutral,"Now wh-what is more important, love or silliness?
Well, we are fond of the silliness, but we also have a soft spot for the love.
Love is the best medicine.
That’s laughter.
Why do you do it?
I don’t know.","Now wh-what is more important, love or silliness?
Well, we are fond of the silliness, but we also have a soft spot for the love.
Love is the best medicine.
That’s laughter.
Why do you do it?
I don’t know.",neutral,4,4,neutral,True,0.010087002,0.0043620085,0.031328253,0.043864124,0.8753641,0.020158527,0.014835949
12,15,Ross,"Okay! All right! Now, Chandler you-you wanna live with Monica, right?",neutral,"Well, we are fond of the silliness, but we also have a soft spot for the love.
Love is the best medicine.
That’s laughter.
Why do you do it?
I don’t know.
Okay! All right! Now, Chandler you-you wanna live with Monica, right?","Well, we are fond of the silliness, but we also have a soft spot for the love.
Love is the best medicine.
That’s laughter.
Why do you do it?
I don’t know.
Okay! All right! Now, Chandler you-you wanna live with Monica, right?",neutral,4,4,neutral,True,0.01686805,0.0030926352,0.0046544913,0.18756843,0.7612944,0.0060390644,0.020482903
12,16,Chandler,"Yeah, I do.",neutral,"Love is the best medicine.
That’s laughter.
Why do you do it?
I don’t know.
Okay! All right! Now, Chandler you-you wanna live with Monica, right?
Yeah, I do.","Love is the best medicine.
That’s laughter.
Why do you do it?
I don’t know.
Okay! All right! Now, Chandler you-you wanna live with Monica, right?
Yeah, I do.",neutral,4,4,neutral,True,0.003989074,0.0018455978,0.004140686,0.021701097,0.9619569,0.0045941155,0.001772493
12,17,Ross,"And Mon, you wanna live with Chandler, don’t ya?",neutral,"That’s laughter.
Why do you do it?
I don’t know.
Okay! All right! Now, Chandler you-you wanna live with Monica, right?
Yeah, I do.
And Mon, you wanna live with Chandler, don’t ya?","That’s laughter.
Why do you do it?
I don’t know.
Okay! All right! Now, Chandler you-you wanna live with Monica, right?
Yeah, I do.
And Mon, you wanna live with Chandler, don’t ya?",neutral,4,3,joy,False,0.06579754,0.020061217,0.06445766,0.40580794,0.31353498,0.05567751,0.07466314
12,18,Monica,Yes.,neutral,"Why do you do it?
I don’t know.
Okay! All right! Now, Chandler you-you wanna live with Monica, right?
Yeah, I do.
And Mon, you wanna live with Chandler, don’t ya?
Yes.","Why do you do it?
I don’t know.
Okay! All right! Now, Chandler you-you wanna live with Monica, right?
Yeah, I do.
And Mon, you wanna live with Chandler, don’t ya?
Yes.",neutral,4,4,neutral,True,0.003998671,0.001241454,0.0030673675,0.015325696,0.9720424,0.0025884467,0.0017361047
12,19,Ross,Good! A verbal contract is binding in the state of New York!,joy,"I don’t know.
Okay! All right! Now, Chandler you-you wanna live with Monica, right?
Yeah, I do.
And Mon, you wanna live with Chandler, don’t ya?
Yes.
Good! A verbal contract is binding in the state of New York!","I don’t know.
Okay! All right! Now, Chandler you-you wanna live with Monica, right?
Yeah, I do.
And Mon, you wanna live with Chandler, don’t ya?
Yes.
Good! A verbal contract is binding in the state of New York!",joy,3,4,neutral,False,0.23528185,0.013933008,0.013825978,0.26148695,0.447869,0.013732971,0.013870207
13,5,Roger,"Y'know, this kind of co-dependant, emotionally stunted, sitting in your stupid coffee house with your stupid big cups which, I'm sorry, might as well have nipples on them, and you're like all 'Oh, define me!",anger,"Oh.
But I don't. Me, Phoebe.
Well, I'm not I'm not at all surprised they feel that way.
You're not? See, that's why you're so great!
Actually it's, it's quite, y'know, typical behaviour when you have this kind of dysfunctional group dynamic.
Y'know, this kind of co-dependant, emotionally stunted, sitting in your stupid coffee house with your stupid big cups which, I'm sorry, might as well have nipples on them, and you're like all 'Oh, define me!","Oh.
But I don't. Me, Phoebe.
Well, I'm not I'm not at all surprised they feel that way.
You're not? See, that's why you're so great!
Actually it's, it's quite, y'know, typical behaviour when you have this kind of dysfunctional group dynamic.
Y'know, this kind of co-dependant, emotionally stunted, sitting in your stupid coffee house with your stupid big cups which, I'm sorry, might as well have nipples on them, and you're like all 'Oh, define me!",anger,0,1,disgust,False,0.056014486,0.4258877,0.11287166,0.07836475,0.060669318,0.12996897,0.13622303
13,6,Roger,Define me!,anger,"But I don't. Me, Phoebe.
Well, I'm not I'm not at all surprised they feel that way.
You're not? See, that's why you're so great!
Actually it's, it's quite, y'know, typical behaviour when you have this kind of dysfunctional group dynamic.
Y'know, this kind of co-dependant, emotionally stunted, sitting in your stupid coffee house with your stupid big cups which, I'm sorry, might as well have nipples on them, and you're like all 'Oh, define me!
Define me!","But I don't. Me, Phoebe.
Well, I'm not I'm not at all surprised they feel that way.
You're not? See, that's why you're so great!
Actually it's, it's quite, y'know, typical behaviour when you have this kind of dysfunctional group dynamic.
Y'know, this kind of co-dependant, emotionally stunted, sitting in your stupid coffee house with your stupid big cups which, I'm sorry, might as well have nipples on them, and you're like all 'Oh, define me!
Define me!",anger,0,0,anger,True,0.29826802,0.2820298,0.102064185,0.04246683,0.023747908,0.10411234,0.14731088
13,7,Roger,"Love me, I need love!",anger,"Well, I'm not I'm not at all surprised they feel that way.
You're not? See, that's why you're so great!
Actually it's, it's quite, y'know, typical behaviour when you have this kind of dysfunctional group dynamic.
Y'know, this kind of co-dependant, emotionally stunted, sitting in your stupid coffee house with your stupid big cups which, I'm sorry, might as well have nipples on them, and you're like all 'Oh, define me!
Define me!
Love me, I need love!","Well, I'm not I'm not at all surprised they feel that way.
You're not? See, that's why you're so great!
Actually it's, it's quite, y'know, typical behaviour when you have this kind of dysfunctional group dynamic.
Y'know, this kind of co-dependant, emotionally stunted, sitting in your stupid coffee house with your stupid big cups which, I'm sorry, might as well have nipples on them, and you're like all 'Oh, define me!
Define me!
Love me, I need love!",anger,0,3,joy,False,0.0611382,0.008514748,0.018463857,0.77996475,0.08558485,0.03112917,0.015204469
14,5,Joey,"Now, don’t hold back.",neutral,"Have you really done this before?
Yeah!
Yeah!
Yeah!
You just take a big, big swing.
Now, don’t hold back.","Have you really done this before?
Yeah!
Yeah!
Yeah!
You just take a big, big swing.
Now, don’t hold back.",neutral,4,4,neutral,True,0.1062626,0.025440173,0.03408138,0.057766326,0.7566027,0.013432774,0.006414089
14,6,Phoebe,Hey!,joy,"Yeah!
Yeah!
Yeah!
You just take a big, big swing.
Now, don’t hold back.
Hey!","Yeah!
Yeah!
Yeah!
You just take a big, big swing.
Now, don’t hold back.
Hey!",joy,3,3,joy,True,0.058203567,0.00508479,0.003319496,0.6796727,0.020994745,0.0063773477,0.22634736
14,7,Joey,Hey-hey-hey!,joy,"Yeah!
Yeah!
You just take a big, big swing.
Now, don’t hold back.
Hey!
Hey-hey-hey!","Yeah!
Yeah!
You just take a big, big swing.
Now, don’t hold back.
Hey!
Hey-hey-hey!",joy,3,3,joy,True,0.024590671,0.003522282,0.0025900442,0.8433198,0.013098146,0.0049183154,0.10796077
14,8,Chandler,What are you doing?,neutral,"Yeah!
You just take a big, big swing.
Now, don’t hold back.
Hey!
Hey-hey-hey!
What are you doing?","Yeah!
You just take a big, big swing.
Now, don’t hold back.
Hey!
Hey-hey-hey!
What are you doing?",neutral,4,6,surprise,False,0.012438034,0.0036133674,0.011058264,0.03850518,0.3249882,0.00948427,0.59991276
14,9,Phoebe,We’re just celebrating that Joey got his health insurance back.,joy,"You just take a big, big swing.
Now, don’t hold back.
Hey!
Hey-hey-hey!
What are you doing?
We’re just celebrating that Joey got his health insurance back.","You just take a big, big swing.
Now, don’t hold back.
Hey!
Hey-hey-hey!
What are you doing?
We’re just celebrating that Joey got his health insurance back.",joy,3,3,joy,True,0.043072216,0.007945277,0.0031774198,0.7702663,0.14491573,0.01876095,0.011862115
14,10,Chandler,"Oh, all right.",neutral,"Now, don’t hold back.
Hey!
Hey-hey-hey!
What are you doing?
We’re just celebrating that Joey got his health insurance back.
Oh, all right.","Now, don’t hold back.
Hey!
Hey-hey-hey!
What are you doing?
We’re just celebrating that Joey got his health insurance back.
Oh, all right.",neutral,4,4,neutral,True,0.0050580367,0.0034587597,0.007406224,0.21136312,0.7492247,0.009712476,0.013776567
15,5,Joey,Cut it out Ross! I hate to have to save your life and kick your ass in the same day!,anger,"Yeah! Sure! Yep!  Oh, y'know what? If I heard a shot right now, I'd throw my body on you.
Oh yeah? Well maybe you and I should take a walk through a bad neighborhood.
Okay!
Bye!
Bye!
Cut it out Ross! I hate to have to save your life and kick your ass in the same day!","Yeah! Sure! Yep!  Oh, y'know what? If I heard a shot right now, I'd throw my body on you.
Oh yeah? Well maybe you and I should take a walk through a bad neighborhood.
Okay!
Bye!
Bye!
Cut it out Ross! I hate to have to save your life and kick your ass in the same day!",anger,0,0,anger,True,0.8097749,0.036834985,0.04341843,0.02726491,0.025041418,0.04618909,0.011476253
16,5,The Waiter,"Yeah, people get pretty generous around the holidays. And it never hurts to wear tight trousers.",neutral,"Hey, Joey, could you pass the cheese?
Listen uh, I’d prefer it if you didn’t call me Joey.
Since I don’t know anyone here, I thought it’d be cool to try out a cool work nickname.
Hey, dragon! Here’s your tips from Monday and Tuesday.
There’s like-there’s like 300 bucks in this one!
Yeah, people get pretty generous around the holidays. And it never hurts to wear tight trousers.","Hey, Joey, could you pass the cheese?
Listen uh, I’d prefer it if you didn’t call me Joey.
Since I don’t know anyone here, I thought it’d be cool to try out a cool work nickname.
Hey, dragon! Here’s your tips from Monday and Tuesday.
There’s like-there’s like 300 bucks in this one!
Yeah, people get pretty generous around the holidays. And it never hurts to wear tight trousers.",neutral,4,4,neutral,True,0.04098764,0.033858523,0.011431838,0.18397467,0.6924143,0.03225337,0.0050796224
16,6,Monica,Could the waiters gather around to hear tonight’s specials?,neutral,"Listen uh, I’d prefer it if you didn’t call me Joey.
Since I don’t know anyone here, I thought it’d be cool to try out a cool work nickname.
Hey, dragon! Here’s your tips from Monday and Tuesday.
There’s like-there’s like 300 bucks in this one!
Yeah, people get pretty generous around the holidays. And it never hurts to wear tight trousers.
Could the waiters gather around to hear tonight’s specials?","Listen uh, I’d prefer it if you didn’t call me Joey.
Since I don’t know anyone here, I thought it’d be cool to try out a cool work nickname.
Hey, dragon! Here’s your tips from Monday and Tuesday.
There’s like-there’s like 300 bucks in this one!
Yeah, people get pretty generous around the holidays. And it never hurts to wear tight trousers.
Could the waiters gather around to hear tonight’s specials?",neutral,4,4,neutral,True,0.018981893,0.006691532,0.006649036,0.1253819,0.82713485,0.007787757,0.007373061
16,7,Monica,"Okay, first there is a Chilean Sea Bass prepared with a Mango relish on a bag—Why is nobody writing these down?",neutral,"Since I don’t know anyone here, I thought it’d be cool to try out a cool work nickname.
Hey, dragon! Here’s your tips from Monday and Tuesday.
There’s like-there’s like 300 bucks in this one!
Yeah, people get pretty generous around the holidays. And it never hurts to wear tight trousers.
Could the waiters gather around to hear tonight’s specials?
Okay, first there is a Chilean Sea Bass prepared with a Mango relish on a bag—Why is nobody writing these down?","Since I don’t know anyone here, I thought it’d be cool to try out a cool work nickname.
Hey, dragon! Here’s your tips from Monday and Tuesday.
There’s like-there’s like 300 bucks in this one!
Yeah, people get pretty generous around the holidays. And it never hurts to wear tight trousers.
Could the waiters gather around to hear tonight’s specials?
Okay, first there is a Chilean Sea Bass prepared with a Mango relish on a bag—Why is nobody writing these down?",neutral,4,4,neutral,True,0.07308043,0.012366342,0.010772138,0.20295233,0.6462534,0.017371967,0.037203364
16,8,The Waiter,Because we can remember them.,neutral,"Hey, dragon! Here’s your tips from Monday and Tuesday.
There’s like-there’s like 300 bucks in this one!
Yeah, people get pretty generous around the holidays. And it never hurts to wear tight trousers.
Could the waiters gather around to hear tonight’s specials?
Okay, first there is a Chilean Sea Bass prepared with a Mango relish on a bag—Why is nobody writing these down?
Because we can remember them.","Hey, dragon! Here’s your tips from Monday and Tuesday.
There’s like-there’s like 300 bucks in this one!
Yeah, people get pretty generous around the holidays. And it never hurts to wear tight trousers.
Could the waiters gather around to hear tonight’s specials?
Okay, first there is a Chilean Sea Bass prepared with a Mango relish on a bag—Why is nobody writing these down?
Because we can remember them.",neutral,4,4,neutral,True,0.01908407,0.0050707,0.005930632,0.15645853,0.798369,0.010436126,0.0046510063
16,9,Monica,Because your all gonna make up fake specials and make me cook them like you did the other night?,anger,"There’s like-there’s like 300 bucks in this one!
Yeah, people get pretty generous around the holidays. And it never hurts to wear tight trousers.
Could the waiters gather around to hear tonight’s specials?
Okay, first there is a Chilean Sea Bass prepared with a Mango relish on a bag—Why is nobody writing these down?
Because we can remember them.
Because your all gonna make up fake specials and make me cook them like you did the other night?","There’s like-there’s like 300 bucks in this one!
Yeah, people get pretty generous around the holidays. And it never hurts to wear tight trousers.
Could the waiters gather around to hear tonight’s specials?
Okay, first there is a Chilean Sea Bass prepared with a Mango relish on a bag—Why is nobody writing these down?
Because we can remember them.
Because your all gonna make up fake specials and make me cook them like you did the other night?",anger,0,0,anger,True,0.28877428,0.15819335,0.07520593,0.082487255,0.11941759,0.23757999,0.038341664
17,5,Janice,"Wait! Wait! I wanna see this. After I divorce him, half of that kingdom is gonna be mine.",joy,"Hey. When you guys were kids and you played
I was always Joanne.
Question. Was ah, ‘Egg the Gellers!’ the war cry of your neighbourhood?
Ewww! Oh! It’s the Mattress King!
Don’t look honey. Change the channel! Change the channel!
Wait! Wait! I wanna see this. After I divorce him, half of that kingdom is gonna be mine.","Hey. When you guys were kids and you played
I was always Joanne.
Question. Was ah, ‘Egg the Gellers!’ the war cry of your neighbourhood?
Ewww! Oh! It’s the Mattress King!
Don’t look honey. Change the channel! Change the channel!
Wait! Wait! I wanna see this. After I divorce him, half of that kingdom is gonna be mine.",joy,3,4,neutral,False,0.14909263,0.0155425,0.03489876,0.25878844,0.37226322,0.15792704,0.01148737
17,6,Chandler,What a wank!,anger,"I was always Joanne.
Question. Was ah, ‘Egg the Gellers!’ the war cry of your neighbourhood?
Ewww! Oh! It’s the Mattress King!
Don’t look honey. Change the channel! Change the channel!
Wait! Wait! I wanna see this. After I divorce him, half of that kingdom is gonna be mine.
What a wank!","I was always Joanne.
Question. Was ah, ‘Egg the Gellers!’ the war cry of your neighbourhood?
Ewww! Oh! It’s the Mattress King!
Don’t look honey. Change the channel! Change the channel!
Wait! Wait! I wanna see this. After I divorce him, half of that kingdom is gonna be mine.
What a wank!",anger,0,5,sadness,False,0.12498726,0.092974536,0.14160345,0.04179031,0.048701793,0.5051738,0.044768903
17,7,Janice,"Oh, I cannot believe he’s using our divorce to sell mattresses.",anger,"Question. Was ah, ‘Egg the Gellers!’ the war cry of your neighbourhood?
Ewww! Oh! It’s the Mattress King!
Don’t look honey. Change the channel! Change the channel!
Wait! Wait! I wanna see this. After I divorce him, half of that kingdom is gonna be mine.
What a wank!
Oh, I cannot believe he’s using our divorce to sell mattresses.","Question. Was ah, ‘Egg the Gellers!’ the war cry of your neighbourhood?
Ewww! Oh! It’s the Mattress King!
Don’t look honey. Change the channel! Change the channel!
Wait! Wait! I wanna see this. After I divorce him, half of that kingdom is gonna be mine.
What a wank!
Oh, I cannot believe he’s using our divorce to sell mattresses.",anger,0,6,surprise,False,0.017284406,0.028301822,0.016324839,0.028520092,0.020219456,0.030514626,0.85883474
17,8,Monica,I know!,anger,"Ewww! Oh! It’s the Mattress King!
Don’t look honey. Change the channel! Change the channel!
Wait! Wait! I wanna see this. After I divorce him, half of that kingdom is gonna be mine.
What a wank!
Oh, I cannot believe he’s using our divorce to sell mattresses.
I know!","Ewww! Oh! It’s the Mattress King!
Don’t look honey. Change the channel! Change the channel!
Wait! Wait! I wanna see this. After I divorce him, half of that kingdom is gonna be mine.
What a wank!
Oh, I cannot believe he’s using our divorce to sell mattresses.
I know!",anger,0,0,anger,True,0.38780075,0.030235691,0.12254984,0.22589658,0.06270809,0.06703116,0.10377789
17,9,Monica,"And four ninety-nine for a pillow top queen set, who cares about the divorce, those babies will sell themselves.",anger,"Don’t look honey. Change the channel! Change the channel!
Wait! Wait! I wanna see this. After I divorce him, half of that kingdom is gonna be mine.
What a wank!
Oh, I cannot believe he’s using our divorce to sell mattresses.
I know!
And four ninety-nine for a pillow top queen set, who cares about the divorce, those babies will sell themselves.","Don’t look honey. Change the channel! Change the channel!
Wait! Wait! I wanna see this. After I divorce him, half of that kingdom is gonna be mine.
What a wank!
Oh, I cannot believe he’s using our divorce to sell mattresses.
I know!
And four ninety-nine for a pillow top queen set, who cares about the divorce, those babies will sell themselves.",anger,0,0,anger,True,0.41683042,0.16328417,0.0619303,0.045329288,0.1308752,0.16482562,0.01692501
17,10,Monica,And I’m appalled for you by the way.,anger,"Wait! Wait! I wanna see this. After I divorce him, half of that kingdom is gonna be mine.
What a wank!
Oh, I cannot believe he’s using our divorce to sell mattresses.
I know!
And four ninety-nine for a pillow top queen set, who cares about the divorce, those babies will sell themselves.
And I’m appalled for you by the way.","Wait! Wait! I wanna see this. After I divorce him, half of that kingdom is gonna be mine.
What a wank!
Oh, I cannot believe he’s using our divorce to sell mattresses.
I know!
And four ninety-nine for a pillow top queen set, who cares about the divorce, those babies will sell themselves.
And I’m appalled for you by the way.",anger,0,1,disgust,False,0.07549964,0.3684688,0.063942105,0.09573599,0.034400154,0.15829284,0.20366046
17,11,Rachel,"You had to do it, didn’t you? You couldn’t just leave it alone.",sadness,"What a wank!
Oh, I cannot believe he’s using our divorce to sell mattresses.
I know!
And four ninety-nine for a pillow top queen set, who cares about the divorce, those babies will sell themselves.
And I’m appalled for you by the way.
You had to do it, didn’t you? You couldn’t just leave it alone.","What a wank!
Oh, I cannot believe he’s using our divorce to sell mattresses.
I know!
And four ninety-nine for a pillow top queen set, who cares about the divorce, those babies will sell themselves.
And I’m appalled for you by the way.
You had to do it, didn’t you? You couldn’t just leave it alone.",sadness,5,5,sadness,True,0.2560408,0.037159074,0.057770967,0.07622157,0.26808164,0.2753488,0.029377107
17,12,Ross,Four percent. Okay. I tip more than that when there’s a bug in my food.,disgust,"Oh, I cannot believe he’s using our divorce to sell mattresses.
I know!
And four ninety-nine for a pillow top queen set, who cares about the divorce, those babies will sell themselves.
And I’m appalled for you by the way.
You had to do it, didn’t you? You couldn’t just leave it alone.
Four percent. Okay. I tip more than that when there’s a bug in my food.","Oh, I cannot believe he’s using our divorce to sell mattresses.
I know!
And four ninety-nine for a pillow top queen set, who cares about the divorce, those babies will sell themselves.
And I’m appalled for you by the way.
You had to do it, didn’t you? You couldn’t just leave it alone.
Four percent. Okay. I tip more than that when there’s a bug in my food.",disgust,1,1,disgust,True,0.07375814,0.43736535,0.06454638,0.10205754,0.18884078,0.09295261,0.04047926
17,13,Rachel,"Ross, tonight was about the two of you getting along.  Oh, would you just see my chiropractor, already.",anger,"I know!
And four ninety-nine for a pillow top queen set, who cares about the divorce, those babies will sell themselves.
And I’m appalled for you by the way.
You had to do it, didn’t you? You couldn’t just leave it alone.
Four percent. Okay. I tip more than that when there’s a bug in my food.
Ross, tonight was about the two of you getting along.  Oh, would you just see my chiropractor, already.","I know!
And four ninety-nine for a pillow top queen set, who cares about the divorce, those babies will sell themselves.
And I’m appalled for you by the way.
You had to do it, didn’t you? You couldn’t just leave it alone.
Four percent. Okay. I tip more than that when there’s a bug in my food.
Ross, tonight was about the two of you getting along.  Oh, would you just see my chiropractor, already.",anger,0,4,neutral,False,0.027621094,0.029617937,0.03581321,0.3128127,0.38609773,0.06739709,0.14064018
17,14,Ross,"Yeah, I’m gonna go to a doctor who went to school in a mini-mall.",disgust,"And four ninety-nine for a pillow top queen set, who cares about the divorce, those babies will sell themselves.
And I’m appalled for you by the way.
You had to do it, didn’t you? You couldn’t just leave it alone.
Four percent. Okay. I tip more than that when there’s a bug in my food.
Ross, tonight was about the two of you getting along.  Oh, would you just see my chiropractor, already.
Yeah, I’m gonna go to a doctor who went to school in a mini-mall.","And four ninety-nine for a pillow top queen set, who cares about the divorce, those babies will sell themselves.
And I’m appalled for you by the way.
You had to do it, didn’t you? You couldn’t just leave it alone.
Four percent. Okay. I tip more than that when there’s a bug in my food.
Ross, tonight was about the two of you getting along.  Oh, would you just see my chiropractor, already.
Yeah, I’m gonna go to a doctor who went to school in a mini-mall.",disgust,1,4,neutral,False,0.0068625207,0.0040523624,0.0064075813,0.04951433,0.9194359,0.01052341,0.003203965
17,15,Ross,"Hey Pheebs, what are you doing?",neutral,"And I’m appalled for you by the way.
You had to do it, didn’t you? You couldn’t just leave it alone.
Four percent. Okay. I tip more than that when there’s a bug in my food.
Ross, tonight was about the two of you getting along.  Oh, would you just see my chiropractor, already.
Yeah, I’m gonna go to a doctor who went to school in a mini-mall.
Hey Pheebs, what are you doing?","And I’m appalled for you by the way.
You had to do it, didn’t you? You couldn’t just leave it alone.
Four percent. Okay. I tip more than that when there’s a bug in my food.
Ross, tonight was about the two of you getting along.  Oh, would you just see my chiropractor, already.
Yeah, I’m gonna go to a doctor who went to school in a mini-mall.
Hey Pheebs, what are you doing?",neutral,4,3,joy,False,0.015704615,0.0046878075,0.0027610154,0.7348033,0.11144044,0.0049809446,0.12562184
17,16,Phoebe,"I’m, I’m freaking out!",fear,"You had to do it, didn’t you? You couldn’t just leave it alone.
Four percent. Okay. I tip more than that when there’s a bug in my food.
Ross, tonight was about the two of you getting along.  Oh, would you just see my chiropractor, already.
Yeah, I’m gonna go to a doctor who went to school in a mini-mall.
Hey Pheebs, what are you doing?
I’m, I’m freaking out!","You had to do it, didn’t you? You couldn’t just leave it alone.
Four percent. Okay. I tip more than that when there’s a bug in my food.
Ross, tonight was about the two of you getting along.  Oh, would you just see my chiropractor, already.
Yeah, I’m gonna go to a doctor who went to school in a mini-mall.
Hey Pheebs, what are you doing?
I’m, I’m freaking out!",fear,2,0,anger,False,0.63575864,0.096783414,0.04331251,0.06324775,0.020194741,0.063788064,0.07691494
17,17,Phoebe,Monica kinda trusted me with something and she shouldn’t have!,fear,"Four percent. Okay. I tip more than that when there’s a bug in my food.
Ross, tonight was about the two of you getting along.  Oh, would you just see my chiropractor, already.
Yeah, I’m gonna go to a doctor who went to school in a mini-mall.
Hey Pheebs, what are you doing?
I’m, I’m freaking out!
Monica kinda trusted me with something and she shouldn’t have!","Four percent. Okay. I tip more than that when there’s a bug in my food.
Ross, tonight was about the two of you getting along.  Oh, would you just see my chiropractor, already.
Yeah, I’m gonna go to a doctor who went to school in a mini-mall.
Hey Pheebs, what are you doing?
I’m, I’m freaking out!
Monica kinda trusted me with something and she shouldn’t have!",fear,2,0,anger,False,0.8190331,0.022958305,0.048219636,0.01154829,0.012055954,0.06039305,0.025791744
17,18,Phoebe,"All right, I haven’t lived here in a while, so I have to ask you something.",neutral,"Ross, tonight was about the two of you getting along.  Oh, would you just see my chiropractor, already.
Yeah, I’m gonna go to a doctor who went to school in a mini-mall.
Hey Pheebs, what are you doing?
I’m, I’m freaking out!
Monica kinda trusted me with something and she shouldn’t have!
All right, I haven’t lived here in a while, so I have to ask you something.","Ross, tonight was about the two of you getting along.  Oh, would you just see my chiropractor, already.
Yeah, I’m gonna go to a doctor who went to school in a mini-mall.
Hey Pheebs, what are you doing?
I’m, I’m freaking out!
Monica kinda trusted me with something and she shouldn’t have!
All right, I haven’t lived here in a while, so I have to ask you something.",neutral,4,4,neutral,True,0.016522815,0.0047902316,0.017138323,0.026471656,0.9062948,0.014135626,0.014646461
17,19,Phoebe,Does Monica still turn on the lights in her bedroom?,neutral,"Yeah, I’m gonna go to a doctor who went to school in a mini-mall.
Hey Pheebs, what are you doing?
I’m, I’m freaking out!
Monica kinda trusted me with something and she shouldn’t have!
All right, I haven’t lived here in a while, so I have to ask you something.
Does Monica still turn on the lights in her bedroom?","Yeah, I’m gonna go to a doctor who went to school in a mini-mall.
Hey Pheebs, what are you doing?
I’m, I’m freaking out!
Monica kinda trusted me with something and she shouldn’t have!
All right, I haven’t lived here in a while, so I have to ask you something.
Does Monica still turn on the lights in her bedroom?",neutral,4,4,neutral,True,0.026405388,0.0088177845,0.032329846,0.028146656,0.84298444,0.031284146,0.030031791
17,20,Rachel,Um. yeah.,neutral,"Hey Pheebs, what are you doing?
I’m, I’m freaking out!
Monica kinda trusted me with something and she shouldn’t have!
All right, I haven’t lived here in a while, so I have to ask you something.
Does Monica still turn on the lights in her bedroom?
Um. yeah.","Hey Pheebs, what are you doing?
I’m, I’m freaking out!
Monica kinda trusted me with something and she shouldn’t have!
All right, I haven’t lived here in a while, so I have to ask you something.
Does Monica still turn on the lights in her bedroom?
Um. yeah.",neutral,4,4,neutral,True,0.003109353,0.0017567324,0.004458286,0.015471149,0.9682129,0.004090248,0.0029013632
17,21,Phoebe,I am,neutral,"I’m, I’m freaking out!
Monica kinda trusted me with something and she shouldn’t have!
All right, I haven’t lived here in a while, so I have to ask you something.
Does Monica still turn on the lights in her bedroom?
Um. yeah.
I am","I’m, I’m freaking out!
Monica kinda trusted me with something and she shouldn’t have!
All right, I haven’t lived here in a while, so I have to ask you something.
Does Monica still turn on the lights in her bedroom?
Um. yeah.
I am",neutral,4,4,neutral,True,0.014649481,0.00282688,0.0043504,0.0498125,0.92240995,0.00338161,0.0025691413
17,22,Rachel,"All right, look, here’s the bottom line Ross, this is fixable, if we act fast, okay.",neutral,"Monica kinda trusted me with something and she shouldn’t have!
All right, I haven’t lived here in a while, so I have to ask you something.
Does Monica still turn on the lights in her bedroom?
Um. yeah.
I am
All right, look, here’s the bottom line Ross, this is fixable, if we act fast, okay.","Monica kinda trusted me with something and she shouldn’t have!
All right, I haven’t lived here in a while, so I have to ask you something.
Does Monica still turn on the lights in her bedroom?
Um. yeah.
I am
All right, look, here’s the bottom line Ross, this is fixable, if we act fast, okay.",neutral,4,4,neutral,True,0.03307654,0.0029539452,0.0077463295,0.06251337,0.8801074,0.011323613,0.0022788376
17,23,Rachel,"So, I’ll invite him to brunch tomorrow and you can make nice.",neutral,"All right, I haven’t lived here in a while, so I have to ask you something.
Does Monica still turn on the lights in her bedroom?
Um. yeah.
I am
All right, look, here’s the bottom line Ross, this is fixable, if we act fast, okay.
So, I’ll invite him to brunch tomorrow and you can make nice.","All right, I haven’t lived here in a while, so I have to ask you something.
Does Monica still turn on the lights in her bedroom?
Um. yeah.
I am
All right, look, here’s the bottom line Ross, this is fixable, if we act fast, okay.
So, I’ll invite him to brunch tomorrow and you can make nice.",neutral,4,4,neutral,True,0.012303526,0.004581456,0.0030624021,0.33759904,0.62664545,0.0113511365,0.0044570137
17,24,Ross,"Look, honey, I have tried to make nice, it doesn’t work.",anger,"Does Monica still turn on the lights in her bedroom?
Um. yeah.
I am
All right, look, here’s the bottom line Ross, this is fixable, if we act fast, okay.
So, I’ll invite him to brunch tomorrow and you can make nice.
Look, honey, I have tried to make nice, it doesn’t work.","Does Monica still turn on the lights in her bedroom?
Um. yeah.
I am
All right, look, here’s the bottom line Ross, this is fixable, if we act fast, okay.
So, I’ll invite him to brunch tomorrow and you can make nice.
Look, honey, I have tried to make nice, it doesn’t work.",anger,0,5,sadness,False,0.084479935,0.034750745,0.09159727,0.050446887,0.09655271,0.62470376,0.01746872
17,25,Rachel,"Okay, look, Ross, I realise that my Father is difficult, but that’s why you have got to be the bigger man here.",neutral,"Um. yeah.
I am
All right, look, here’s the bottom line Ross, this is fixable, if we act fast, okay.
So, I’ll invite him to brunch tomorrow and you can make nice.
Look, honey, I have tried to make nice, it doesn’t work.
Okay, look, Ross, I realise that my Father is difficult, but that’s why you have got to be the bigger man here.","Um. yeah.
I am
All right, look, here’s the bottom line Ross, this is fixable, if we act fast, okay.
So, I’ll invite him to brunch tomorrow and you can make nice.
Look, honey, I have tried to make nice, it doesn’t work.
Okay, look, Ross, I realise that my Father is difficult, but that’s why you have got to be the bigger man here.",neutral,4,5,sadness,False,0.26590368,0.02910857,0.046079922,0.048488684,0.18759052,0.34246984,0.08035886
17,26,Ross,"Look sweetie, I could be the bigger man, I could be the biggest man, I could be a big, huge, giant man, and it still wouldn’t make any difference, except that I could pick your Father up and say ‘Like me!",anger,"I am
All right, look, here’s the bottom line Ross, this is fixable, if we act fast, okay.
So, I’ll invite him to brunch tomorrow and you can make nice.
Look, honey, I have tried to make nice, it doesn’t work.
Okay, look, Ross, I realise that my Father is difficult, but that’s why you have got to be the bigger man here.
Look sweetie, I could be the bigger man, I could be the biggest man, I could be a big, huge, giant man, and it still wouldn’t make any difference, except that I could pick your Father up and say ‘Like me!","I am
All right, look, here’s the bottom line Ross, this is fixable, if we act fast, okay.
So, I’ll invite him to brunch tomorrow and you can make nice.
Look, honey, I have tried to make nice, it doesn’t work.
Okay, look, Ross, I realise that my Father is difficult, but that’s why you have got to be the bigger man here.
Look sweetie, I could be the bigger man, I could be the biggest man, I could be a big, huge, giant man, and it still wouldn’t make any difference, except that I could pick your Father up and say ‘Like me!",anger,0,0,anger,True,0.51720774,0.024367593,0.08701225,0.057627372,0.13144086,0.16520959,0.017134575
17,27,Ross,Like me tiny doctor!’,anger,"All right, look, here’s the bottom line Ross, this is fixable, if we act fast, okay.
So, I’ll invite him to brunch tomorrow and you can make nice.
Look, honey, I have tried to make nice, it doesn’t work.
Okay, look, Ross, I realise that my Father is difficult, but that’s why you have got to be the bigger man here.
Look sweetie, I could be the bigger man, I could be the biggest man, I could be a big, huge, giant man, and it still wouldn’t make any difference, except that I could pick your Father up and say ‘Like me!
Like me tiny doctor!’","All right, look, here’s the bottom line Ross, this is fixable, if we act fast, okay.
So, I’ll invite him to brunch tomorrow and you can make nice.
Look, honey, I have tried to make nice, it doesn’t work.
Okay, look, Ross, I realise that my Father is difficult, but that’s why you have got to be the bigger man here.
Look sweetie, I could be the bigger man, I could be the biggest man, I could be a big, huge, giant man, and it still wouldn’t make any difference, except that I could pick your Father up and say ‘Like me!
Like me tiny doctor!’",anger,0,4,neutral,False,0.2834983,0.020147394,0.053658456,0.11654054,0.366556,0.14307323,0.016526109
17,28,Rachel,"Okay, well can’t you just try it one more time Ross? For me? For me?",sadness,"So, I’ll invite him to brunch tomorrow and you can make nice.
Look, honey, I have tried to make nice, it doesn’t work.
Okay, look, Ross, I realise that my Father is difficult, but that’s why you have got to be the bigger man here.
Look sweetie, I could be the bigger man, I could be the biggest man, I could be a big, huge, giant man, and it still wouldn’t make any difference, except that I could pick your Father up and say ‘Like me!
Like me tiny doctor!’
Okay, well can’t you just try it one more time Ross? For me? For me?","So, I’ll invite him to brunch tomorrow and you can make nice.
Look, honey, I have tried to make nice, it doesn’t work.
Okay, look, Ross, I realise that my Father is difficult, but that’s why you have got to be the bigger man here.
Look sweetie, I could be the bigger man, I could be the biggest man, I could be a big, huge, giant man, and it still wouldn’t make any difference, except that I could pick your Father up and say ‘Like me!
Like me tiny doctor!’
Okay, well can’t you just try it one more time Ross? For me? For me?",sadness,5,4,neutral,False,0.063843735,0.00580623,0.011922818,0.13414226,0.7644894,0.015998,0.0037974613
17,29,Ross,"Rachel one brunch is not gonna solve anything. You gotta face it, okay we’re never gonna get along.",anger,"Look, honey, I have tried to make nice, it doesn’t work.
Okay, look, Ross, I realise that my Father is difficult, but that’s why you have got to be the bigger man here.
Look sweetie, I could be the bigger man, I could be the biggest man, I could be a big, huge, giant man, and it still wouldn’t make any difference, except that I could pick your Father up and say ‘Like me!
Like me tiny doctor!’
Okay, well can’t you just try it one more time Ross? For me? For me?
Rachel one brunch is not gonna solve anything. You gotta face it, okay we’re never gonna get along.","Look, honey, I have tried to make nice, it doesn’t work.
Okay, look, Ross, I realise that my Father is difficult, but that’s why you have got to be the bigger man here.
Look sweetie, I could be the bigger man, I could be the biggest man, I could be a big, huge, giant man, and it still wouldn’t make any difference, except that I could pick your Father up and say ‘Like me!
Like me tiny doctor!’
Okay, well can’t you just try it one more time Ross? For me? For me?
Rachel one brunch is not gonna solve anything. You gotta face it, okay we’re never gonna get along.",anger,0,6,surprise,False,0.04082019,0.007805935,0.060387135,0.0722182,0.2225809,0.093728065,0.5024596
17,30,Rachel,"Okay, well you are just gonna have too, okay.",anger,"Okay, look, Ross, I realise that my Father is difficult, but that’s why you have got to be the bigger man here.
Look sweetie, I could be the bigger man, I could be the biggest man, I could be a big, huge, giant man, and it still wouldn’t make any difference, except that I could pick your Father up and say ‘Like me!
Like me tiny doctor!’
Okay, well can’t you just try it one more time Ross? For me? For me?
Rachel one brunch is not gonna solve anything. You gotta face it, okay we’re never gonna get along.
Okay, well you are just gonna have too, okay.","Okay, look, Ross, I realise that my Father is difficult, but that’s why you have got to be the bigger man here.
Look sweetie, I could be the bigger man, I could be the biggest man, I could be a big, huge, giant man, and it still wouldn’t make any difference, except that I could pick your Father up and say ‘Like me!
Like me tiny doctor!’
Okay, well can’t you just try it one more time Ross? For me? For me?
Rachel one brunch is not gonna solve anything. You gotta face it, okay we’re never gonna get along.
Okay, well you are just gonna have too, okay.",anger,0,4,neutral,False,0.06782883,0.004915609,0.022281637,0.06756477,0.8145969,0.019310927,0.003501346
17,31,Rachel,"Because I already got a Mother and a Father who cannot stay in the same room together, okay, I don’t wanna have to have a separate room for you too!",anger,"Look sweetie, I could be the bigger man, I could be the biggest man, I could be a big, huge, giant man, and it still wouldn’t make any difference, except that I could pick your Father up and say ‘Like me!
Like me tiny doctor!’
Okay, well can’t you just try it one more time Ross? For me? For me?
Rachel one brunch is not gonna solve anything. You gotta face it, okay we’re never gonna get along.
Okay, well you are just gonna have too, okay.
Because I already got a Mother and a Father who cannot stay in the same room together, okay, I don’t wanna have to have a separate room for you too!","Look sweetie, I could be the bigger man, I could be the biggest man, I could be a big, huge, giant man, and it still wouldn’t make any difference, except that I could pick your Father up and say ‘Like me!
Like me tiny doctor!’
Okay, well can’t you just try it one more time Ross? For me? For me?
Rachel one brunch is not gonna solve anything. You gotta face it, okay we’re never gonna get along.
Okay, well you are just gonna have too, okay.
Because I already got a Mother and a Father who cannot stay in the same room together, okay, I don’t wanna have to have a separate room for you too!",anger,0,4,neutral,False,0.03527128,0.005691287,0.012289483,0.24096905,0.64397967,0.056819744,0.0049795075
17,32,Ross,"Okay, okay, okay.  I’ll get the bagels.",neutral,"Like me tiny doctor!’
Okay, well can’t you just try it one more time Ross? For me? For me?
Rachel one brunch is not gonna solve anything. You gotta face it, okay we’re never gonna get along.
Okay, well you are just gonna have too, okay.
Because I already got a Mother and a Father who cannot stay in the same room together, okay, I don’t wanna have to have a separate room for you too!
Okay, okay, okay.  I’ll get the bagels.","Like me tiny doctor!’
Okay, well can’t you just try it one more time Ross? For me? For me?
Rachel one brunch is not gonna solve anything. You gotta face it, okay we’re never gonna get along.
Okay, well you are just gonna have too, okay.
Because I already got a Mother and a Father who cannot stay in the same room together, okay, I don’t wanna have to have a separate room for you too!
Okay, okay, okay.  I’ll get the bagels.",neutral,4,4,neutral,True,0.00903413,0.0022208956,0.0024236976,0.039248545,0.94046044,0.003937613,0.0026746788
20,5,Joey,Maybe you need sex.,neutral,"It's not a purse! It's a shoulder bag.
It looks like a women's purse.
No Joey, look. Trust me, all the men are wearing them in the spring catalog. Look.  See look,
See look,
Exactly! Unisex!
Maybe you need sex.","It's not a purse! It's a shoulder bag.
It looks like a women's purse.
No Joey, look. Trust me, all the men are wearing them in the spring catalog. Look.  See look,
See look,
Exactly! Unisex!
Maybe you need sex.",neutral,4,4,neutral,True,0.007019858,0.010263617,0.0056813858,0.02625939,0.94092005,0.0033732872,0.0064824643
20,6,Rachel,No! No Joey! U-N-I-sex.,joy,"It looks like a women's purse.
No Joey, look. Trust me, all the men are wearing them in the spring catalog. Look.  See look,
See look,
Exactly! Unisex!
Maybe you need sex.
No! No Joey! U-N-I-sex.","It looks like a women's purse.
No Joey, look. Trust me, all the men are wearing them in the spring catalog. Look.  See look,
See look,
Exactly! Unisex!
Maybe you need sex.
No! No Joey! U-N-I-sex.",joy,3,3,joy,True,0.056319647,0.15197654,0.040526573,0.46975413,0.18850186,0.035871625,0.05704963
20,7,Joey,"Well, I ain't gonna say no to that.",neutral,"No Joey, look. Trust me, all the men are wearing them in the spring catalog. Look.  See look,
See look,
Exactly! Unisex!
Maybe you need sex.
No! No Joey! U-N-I-sex.
Well, I ain't gonna say no to that.","No Joey, look. Trust me, all the men are wearing them in the spring catalog. Look.  See look,
See look,
Exactly! Unisex!
Maybe you need sex.
No! No Joey! U-N-I-sex.
Well, I ain't gonna say no to that.",neutral,4,4,neutral,True,0.16589609,0.03700649,0.107200794,0.13354118,0.42036495,0.12706855,0.008921963
21,5,Duncan,I love you Phoebe.,joy,"So, um, have you told your parents?
No, but it'll be OK, they're pretty cool, my brother's straight so. . .
Here you go.
You know what, I just have one more question, um, if you had figured this out sooner and um, I had been around, do you think that I would have been the one who.
no, um, I'm sorry, don't tell me, I don't think either answer would make me feel better.
I love you Phoebe.","So, um, have you told your parents?
No, but it'll be OK, they're pretty cool, my brother's straight so. . .
Here you go.
You know what, I just have one more question, um, if you had figured this out sooner and um, I had been around, do you think that I would have been the one who.
no, um, I'm sorry, don't tell me, I don't think either answer would make me feel better.
I love you Phoebe.",joy,3,3,joy,True,0.0153388735,0.0042685256,0.0060024625,0.83353436,0.08159932,0.04627987,0.012976607
21,6,Phoebe,So your brother's straigh huh? Seriously.,surprise,"No, but it'll be OK, they're pretty cool, my brother's straight so. . .
Here you go.
You know what, I just have one more question, um, if you had figured this out sooner and um, I had been around, do you think that I would have been the one who.
no, um, I'm sorry, don't tell me, I don't think either answer would make me feel better.
I love you Phoebe.
So your brother's straigh huh? Seriously.","No, but it'll be OK, they're pretty cool, my brother's straight so. . .
Here you go.
You know what, I just have one more question, um, if you had figured this out sooner and um, I had been around, do you think that I would have been the one who.
no, um, I'm sorry, don't tell me, I don't think either answer would make me feel better.
I love you Phoebe.
So your brother's straigh huh? Seriously.",surprise,6,4,neutral,False,0.018228294,0.010414679,0.016089648,0.031201089,0.89711756,0.009361369,0.017587358
22,5,Monica,What?,neutral,"Hey!
Hi.
I just came over to drop off…nothing. So that weekend kinda sucked, huh?
Yeah, it did.
So, I guess this is over.
What?","Hey!
Hi.
I just came over to drop off…nothing. So that weekend kinda sucked, huh?
Yeah, it did.
So, I guess this is over.
What?",neutral,4,6,surprise,False,0.008749744,0.0052037234,0.020011315,0.020188797,0.13834344,0.017046455,0.79045653
22,6,Chandler,"Well, y'know, you and me, it had to end sometime.",sadness,"Hi.
I just came over to drop off…nothing. So that weekend kinda sucked, huh?
Yeah, it did.
So, I guess this is over.
What?
Well, y'know, you and me, it had to end sometime.","Hi.
I just came over to drop off…nothing. So that weekend kinda sucked, huh?
Yeah, it did.
So, I guess this is over.
What?
Well, y'know, you and me, it had to end sometime.",sadness,5,4,neutral,False,0.13181856,0.012485819,0.09778449,0.047535922,0.4633467,0.22684899,0.020179622
22,7,Monica,"Why, exactly?",surprise,"I just came over to drop off…nothing. So that weekend kinda sucked, huh?
Yeah, it did.
So, I guess this is over.
What?
Well, y'know, you and me, it had to end sometime.
Why, exactly?","I just came over to drop off…nothing. So that weekend kinda sucked, huh?
Yeah, it did.
So, I guess this is over.
What?
Well, y'know, you and me, it had to end sometime.
Why, exactly?",surprise,6,4,neutral,False,0.014454761,0.002325777,0.0076195067,0.019945497,0.92514575,0.006138389,0.02437039
22,8,Chandler,"Because of the weekend, we had a fight.",sadness,"Yeah, it did.
So, I guess this is over.
What?
Well, y'know, you and me, it had to end sometime.
Why, exactly?
Because of the weekend, we had a fight.","Yeah, it did.
So, I guess this is over.
What?
Well, y'know, you and me, it had to end sometime.
Why, exactly?
Because of the weekend, we had a fight.",sadness,5,5,sadness,True,0.2499758,0.075796045,0.104378946,0.04173551,0.11515392,0.36674616,0.046213638
22,9,Monica,Chandler that's crazy!,surprise,"So, I guess this is over.
What?
Well, y'know, you and me, it had to end sometime.
Why, exactly?
Because of the weekend, we had a fight.
Chandler that's crazy!","So, I guess this is over.
What?
Well, y'know, you and me, it had to end sometime.
Why, exactly?
Because of the weekend, we had a fight.
Chandler that's crazy!",surprise,6,0,anger,False,0.3272627,0.2017383,0.048921242,0.036179222,0.022573771,0.052415263,0.31090957
22,10,Monica,If you give up every time you'd have a fight with someone you'd never be with anyone longer than—Ohhh!,anger,"What?
Well, y'know, you and me, it had to end sometime.
Why, exactly?
Because of the weekend, we had a fight.
Chandler that's crazy!
If you give up every time you'd have a fight with someone you'd never be with anyone longer than—Ohhh!","What?
Well, y'know, you and me, it had to end sometime.
Why, exactly?
Because of the weekend, we had a fight.
Chandler that's crazy!
If you give up every time you'd have a fight with someone you'd never be with anyone longer than—Ohhh!",anger,0,6,surprise,False,0.07708,0.10573735,0.08600513,0.0979916,0.035510287,0.038149554,0.5595261
22,11,Chandler,"So, this isn't over?",neutral,"Well, y'know, you and me, it had to end sometime.
Why, exactly?
Because of the weekend, we had a fight.
Chandler that's crazy!
If you give up every time you'd have a fight with someone you'd never be with anyone longer than—Ohhh!
So, this isn't over?","Well, y'know, you and me, it had to end sometime.
Why, exactly?
Because of the weekend, we had a fight.
Chandler that's crazy!
If you give up every time you'd have a fight with someone you'd never be with anyone longer than—Ohhh!
So, this isn't over?",neutral,4,4,neutral,True,0.07575643,0.0050078775,0.015317231,0.09894651,0.7594473,0.037962534,0.0075621093
22,12,Monica,You are so cute!,joy,"Why, exactly?
Because of the weekend, we had a fight.
Chandler that's crazy!
If you give up every time you'd have a fight with someone you'd never be with anyone longer than—Ohhh!
So, this isn't over?
You are so cute!","Why, exactly?
Because of the weekend, we had a fight.
Chandler that's crazy!
If you give up every time you'd have a fight with someone you'd never be with anyone longer than—Ohhh!
So, this isn't over?
You are so cute!",joy,3,3,joy,True,0.009020615,0.0033036955,0.0014063601,0.949142,0.008957981,0.0046503586,0.023518981
22,13,Monica,No.,joy,"Because of the weekend, we had a fight.
Chandler that's crazy!
If you give up every time you'd have a fight with someone you'd never be with anyone longer than—Ohhh!
So, this isn't over?
You are so cute!
No.","Because of the weekend, we had a fight.
Chandler that's crazy!
If you give up every time you'd have a fight with someone you'd never be with anyone longer than—Ohhh!
So, this isn't over?
You are so cute!
No.",joy,3,4,neutral,False,0.00471929,0.0017230916,0.002044173,0.008052066,0.9791629,0.0021999513,0.0020984835
22,14,Monica,"No, it was a fight.",neutral,"Chandler that's crazy!
If you give up every time you'd have a fight with someone you'd never be with anyone longer than—Ohhh!
So, this isn't over?
You are so cute!
No.
No, it was a fight.","Chandler that's crazy!
If you give up every time you'd have a fight with someone you'd never be with anyone longer than—Ohhh!
So, this isn't over?
You are so cute!
No.
No, it was a fight.",neutral,4,4,neutral,True,0.04886787,0.0072885193,0.0065985336,0.022502631,0.90442044,0.007056946,0.003265139
22,15,Monica,You deal with it and move on!,joy,"If you give up every time you'd have a fight with someone you'd never be with anyone longer than—Ohhh!
So, this isn't over?
You are so cute!
No.
No, it was a fight.
You deal with it and move on!","If you give up every time you'd have a fight with someone you'd never be with anyone longer than—Ohhh!
So, this isn't over?
You are so cute!
No.
No, it was a fight.
You deal with it and move on!",joy,3,4,neutral,False,0.35963833,0.01414916,0.03219843,0.0982353,0.4698678,0.015471515,0.010439458
22,16,Monica,It's nothing to freak out about.,neutral,"So, this isn't over?
You are so cute!
No.
No, it was a fight.
You deal with it and move on!
It's nothing to freak out about.","So, this isn't over?
You are so cute!
No.
No, it was a fight.
You deal with it and move on!
It's nothing to freak out about.",neutral,4,4,neutral,True,0.39451903,0.061838984,0.025996154,0.032248475,0.4560316,0.019796256,0.009569508
22,17,Chandler,Really? Okay. Great!,joy,"You are so cute!
No.
No, it was a fight.
You deal with it and move on!
It's nothing to freak out about.
Really? Okay. Great!","You are so cute!
No.
No, it was a fight.
You deal with it and move on!
It's nothing to freak out about.
Really? Okay. Great!",joy,3,3,joy,True,0.015220639,0.0036987688,0.0016465064,0.9390422,0.010202338,0.004479589,0.025709895
22,18,Monica,"Ohh, welcome to an adult relationship!",joy,"No.
No, it was a fight.
You deal with it and move on!
It's nothing to freak out about.
Really? Okay. Great!
Ohh, welcome to an adult relationship!","No.
No, it was a fight.
You deal with it and move on!
It's nothing to freak out about.
Really? Okay. Great!
Ohh, welcome to an adult relationship!",joy,3,3,joy,True,0.0228644,0.007925884,0.0030128998,0.8603006,0.0131798135,0.005596246,0.08712023
22,19,Chandler,We're in a relationship?,surprise,"No, it was a fight.
You deal with it and move on!
It's nothing to freak out about.
Really? Okay. Great!
Ohh, welcome to an adult relationship!
We're in a relationship?","No, it was a fight.
You deal with it and move on!
It's nothing to freak out about.
Really? Okay. Great!
Ohh, welcome to an adult relationship!
We're in a relationship?",surprise,6,6,surprise,True,0.008444032,0.005184459,0.004913755,0.03645508,0.056475457,0.0045715226,0.8839557
22,20,Monica,I'm afraid so.,neutral,"You deal with it and move on!
It's nothing to freak out about.
Really? Okay. Great!
Ohh, welcome to an adult relationship!
We're in a relationship?
I'm afraid so.","You deal with it and move on!
It's nothing to freak out about.
Really? Okay. Great!
Ohh, welcome to an adult relationship!
We're in a relationship?
I'm afraid so.",neutral,4,4,neutral,True,0.009041626,0.0038208095,0.016087994,0.02971476,0.9221219,0.016232006,0.0029809508
22,21,Chandler,Okay.,neutral,"It's nothing to freak out about.
Really? Okay. Great!
Ohh, welcome to an adult relationship!
We're in a relationship?
I'm afraid so.
Okay.","It's nothing to freak out about.
Really? Okay. Great!
Ohh, welcome to an adult relationship!
We're in a relationship?
I'm afraid so.
Okay.",neutral,4,4,neutral,True,0.0059654918,0.0016692473,0.0027730411,0.021886399,0.9635973,0.002745859,0.00136258
25,5,Monica,Oh God!,surprise,"What? Honey.
Oh, I am, my side still hurts from when you crashed into me yesterday.
Oh God, I’m so sorry.
I know.
Ow!!
Oh God!","What? Honey.
Oh, I am, my side still hurts from when you crashed into me yesterday.
Oh God, I’m so sorry.
I know.
Ow!!
Oh God!",surprise,6,6,surprise,True,0.023810444,0.035297435,0.032609772,0.029473498,0.014770138,0.03177112,0.8322676
25,6,Ross,"Hey, you guys! Guess what?",joy,"Oh, I am, my side still hurts from when you crashed into me yesterday.
Oh God, I’m so sorry.
I know.
Ow!!
Oh God!
Hey, you guys! Guess what?","Oh, I am, my side still hurts from when you crashed into me yesterday.
Oh God, I’m so sorry.
I know.
Ow!!
Oh God!
Hey, you guys! Guess what?",joy,3,4,neutral,False,0.05691133,0.0071436716,0.03658151,0.068748206,0.7730176,0.02661756,0.030980147
25,7,Rachel,Got a job on a river boat?,neutral,"Oh God, I’m so sorry.
I know.
Ow!!
Oh God!
Hey, you guys! Guess what?
Got a job on a river boat?","Oh God, I’m so sorry.
I know.
Ow!!
Oh God!
Hey, you guys! Guess what?
Got a job on a river boat?",neutral,4,4,neutral,True,0.013868814,0.0050046076,0.0077763773,0.027434275,0.91106397,0.0052637695,0.029588094
25,8,Ross,"Y'know what I didn’t wear this suit for a year because you hated it. Well, guess what? You’re not my girlfriend anymore so...",anger,"I know.
Ow!!
Oh God!
Hey, you guys! Guess what?
Got a job on a river boat?
Y'know what I didn’t wear this suit for a year because you hated it. Well, guess what? You’re not my girlfriend anymore so...","I know.
Ow!!
Oh God!
Hey, you guys! Guess what?
Got a job on a river boat?
Y'know what I didn’t wear this suit for a year because you hated it. Well, guess what? You’re not my girlfriend anymore so...",anger,0,5,sadness,False,0.06259271,0.04373609,0.07738817,0.06170407,0.2838733,0.4480919,0.022613756
25,9,Rachel,"Oh I see, so this suit is making a point.",neutral,"Ow!!
Oh God!
Hey, you guys! Guess what?
Got a job on a river boat?
Y'know what I didn’t wear this suit for a year because you hated it. Well, guess what? You’re not my girlfriend anymore so...
Oh I see, so this suit is making a point.","Ow!!
Oh God!
Hey, you guys! Guess what?
Got a job on a river boat?
Y'know what I didn’t wear this suit for a year because you hated it. Well, guess what? You’re not my girlfriend anymore so...
Oh I see, so this suit is making a point.",neutral,4,4,neutral,True,0.023066401,0.0064975773,0.008041519,0.16966234,0.77625626,0.011642878,0.0048329793
25,10,Rachel,"Now that you’re on you’re own, you’re free to look as stupid as you like.",anger,"Oh God!
Hey, you guys! Guess what?
Got a job on a river boat?
Y'know what I didn’t wear this suit for a year because you hated it. Well, guess what? You’re not my girlfriend anymore so...
Oh I see, so this suit is making a point.
Now that you’re on you’re own, you’re free to look as stupid as you like.","Oh God!
Hey, you guys! Guess what?
Got a job on a river boat?
Y'know what I didn’t wear this suit for a year because you hated it. Well, guess what? You’re not my girlfriend anymore so...
Oh I see, so this suit is making a point.
Now that you’re on you’re own, you’re free to look as stupid as you like.",anger,0,0,anger,True,0.5404756,0.079762936,0.039453056,0.027606754,0.2794205,0.024639515,0.0086416695
25,11,Ross,You like it right?,neutral,"Hey, you guys! Guess what?
Got a job on a river boat?
Y'know what I didn’t wear this suit for a year because you hated it. Well, guess what? You’re not my girlfriend anymore so...
Oh I see, so this suit is making a point.
Now that you’re on you’re own, you’re free to look as stupid as you like.
You like it right?","Hey, you guys! Guess what?
Got a job on a river boat?
Y'know what I didn’t wear this suit for a year because you hated it. Well, guess what? You’re not my girlfriend anymore so...
Oh I see, so this suit is making a point.
Now that you’re on you’re own, you’re free to look as stupid as you like.
You like it right?",neutral,4,3,joy,False,0.023265889,0.011901642,0.015140333,0.7104217,0.18952745,0.030601718,0.019141247
25,12,Monica,Oh absolutely. I like it even more on you than I did on Colonel Sanders.  Ross! Ross! I’m kidding!,neutral,"Got a job on a river boat?
Y'know what I didn’t wear this suit for a year because you hated it. Well, guess what? You’re not my girlfriend anymore so...
Oh I see, so this suit is making a point.
Now that you’re on you’re own, you’re free to look as stupid as you like.
You like it right?
Oh absolutely. I like it even more on you than I did on Colonel Sanders.  Ross! Ross! I’m kidding!","Got a job on a river boat?
Y'know what I didn’t wear this suit for a year because you hated it. Well, guess what? You’re not my girlfriend anymore so...
Oh I see, so this suit is making a point.
Now that you’re on you’re own, you’re free to look as stupid as you like.
You like it right?
Oh absolutely. I like it even more on you than I did on Colonel Sanders.  Ross! Ross! I’m kidding!",neutral,4,3,joy,False,0.04628906,0.020013154,0.0071281707,0.6833464,0.024374349,0.014618362,0.20423049
25,13,Rachel,"Yeah, come here!",neutral,"Y'know what I didn’t wear this suit for a year because you hated it. Well, guess what? You’re not my girlfriend anymore so...
Oh I see, so this suit is making a point.
Now that you’re on you’re own, you’re free to look as stupid as you like.
You like it right?
Oh absolutely. I like it even more on you than I did on Colonel Sanders.  Ross! Ross! I’m kidding!
Yeah, come here!","Y'know what I didn’t wear this suit for a year because you hated it. Well, guess what? You’re not my girlfriend anymore so...
Oh I see, so this suit is making a point.
Now that you’re on you’re own, you’re free to look as stupid as you like.
You like it right?
Oh absolutely. I like it even more on you than I did on Colonel Sanders.  Ross! Ross! I’m kidding!
Yeah, come here!",neutral,4,3,joy,False,0.031068284,0.0037722918,0.003122238,0.9101612,0.029198537,0.004867165,0.01781027
25,14,Monica,What-what was it you were gonna tell us?,neutral,"Oh I see, so this suit is making a point.
Now that you’re on you’re own, you’re free to look as stupid as you like.
You like it right?
Oh absolutely. I like it even more on you than I did on Colonel Sanders.  Ross! Ross! I’m kidding!
Yeah, come here!
What-what was it you were gonna tell us?","Oh I see, so this suit is making a point.
Now that you’re on you’re own, you’re free to look as stupid as you like.
You like it right?
Oh absolutely. I like it even more on you than I did on Colonel Sanders.  Ross! Ross! I’m kidding!
Yeah, come here!
What-what was it you were gonna tell us?",neutral,4,4,neutral,True,0.060274318,0.009422513,0.09151195,0.23504058,0.4797949,0.08255947,0.041396316
25,15,Rachel,Yeah. Oh! Was how you invented the cotton gin?!,neutral,"Now that you’re on you’re own, you’re free to look as stupid as you like.
You like it right?
Oh absolutely. I like it even more on you than I did on Colonel Sanders.  Ross! Ross! I’m kidding!
Yeah, come here!
What-what was it you were gonna tell us?
Yeah. Oh! Was how you invented the cotton gin?!","Now that you’re on you’re own, you’re free to look as stupid as you like.
You like it right?
Oh absolutely. I like it even more on you than I did on Colonel Sanders.  Ross! Ross! I’m kidding!
Yeah, come here!
What-what was it you were gonna tell us?
Yeah. Oh! Was how you invented the cotton gin?!",neutral,4,6,surprise,False,0.03191263,0.011484284,0.005138005,0.07382174,0.0077694776,0.009249963,0.8606239
25,16,Ross,"Okay, good bye!",anger,"You like it right?
Oh absolutely. I like it even more on you than I did on Colonel Sanders.  Ross! Ross! I’m kidding!
Yeah, come here!
What-what was it you were gonna tell us?
Yeah. Oh! Was how you invented the cotton gin?!
Okay, good bye!","You like it right?
Oh absolutely. I like it even more on you than I did on Colonel Sanders.  Ross! Ross! I’m kidding!
Yeah, come here!
What-what was it you were gonna tell us?
Yeah. Oh! Was how you invented the cotton gin?!
Okay, good bye!",anger,0,3,joy,False,0.023360344,0.0029187128,0.0044846777,0.8866864,0.059994366,0.01614227,0.0064132917
28,5,Phoebe,"Well, it’s a long story.",neutral,"Oh uh, up or down?
Oh down please.  I-I hate to be a ball buster can I just do it?
Could you press up too please?
Sure! I feel so bad for you. I broke my leg once too.
Oh yeah? How’d yours happen?
Well, it’s a long story.","Oh uh, up or down?
Oh down please.  I-I hate to be a ball buster can I just do it?
Could you press up too please?
Sure! I feel so bad for you. I broke my leg once too.
Oh yeah? How’d yours happen?
Well, it’s a long story.",neutral,4,4,neutral,True,0.021661026,0.012478904,0.025856772,0.03944764,0.80234057,0.07687768,0.021337379
28,6,Phoebe,It’s kind of embarrassing.,neutral,"Oh down please.  I-I hate to be a ball buster can I just do it?
Could you press up too please?
Sure! I feel so bad for you. I broke my leg once too.
Oh yeah? How’d yours happen?
Well, it’s a long story.
It’s kind of embarrassing.","Oh down please.  I-I hate to be a ball buster can I just do it?
Could you press up too please?
Sure! I feel so bad for you. I broke my leg once too.
Oh yeah? How’d yours happen?
Well, it’s a long story.
It’s kind of embarrassing.",neutral,4,5,sadness,False,0.040301118,0.21822263,0.07465282,0.10057393,0.09259177,0.43011233,0.043545377
28,7,Phoebe,Let’s just say there was a typographical error with a sex manual.,joy,"Could you press up too please?
Sure! I feel so bad for you. I broke my leg once too.
Oh yeah? How’d yours happen?
Well, it’s a long story.
It’s kind of embarrassing.
Let’s just say there was a typographical error with a sex manual.","Could you press up too please?
Sure! I feel so bad for you. I broke my leg once too.
Oh yeah? How’d yours happen?
Well, it’s a long story.
It’s kind of embarrassing.
Let’s just say there was a typographical error with a sex manual.",joy,3,4,neutral,False,0.036111467,0.038222235,0.011550688,0.034731805,0.84501326,0.018453894,0.015916685
28,8,Phoebe,How about you?,neutral,"Sure! I feel so bad for you. I broke my leg once too.
Oh yeah? How’d yours happen?
Well, it’s a long story.
It’s kind of embarrassing.
Let’s just say there was a typographical error with a sex manual.
How about you?","Sure! I feel so bad for you. I broke my leg once too.
Oh yeah? How’d yours happen?
Well, it’s a long story.
It’s kind of embarrassing.
Let’s just say there was a typographical error with a sex manual.
How about you?",neutral,4,4,neutral,True,0.01941298,0.005366775,0.017945737,0.06741729,0.51773494,0.014381944,0.35774037
28,9,Man,Car accident.,sadness,"Oh yeah? How’d yours happen?
Well, it’s a long story.
It’s kind of embarrassing.
Let’s just say there was a typographical error with a sex manual.
How about you?
Car accident.","Oh yeah? How’d yours happen?
Well, it’s a long story.
It’s kind of embarrassing.
Let’s just say there was a typographical error with a sex manual.
How about you?
Car accident.",sadness,5,4,neutral,False,0.04896838,0.0246792,0.048539173,0.052293453,0.6287083,0.09727238,0.09953911
28,10,Man,"Oh, let me guess some idiot on a cell phone wasn’t paying attention?",neutral,"Well, it’s a long story.
It’s kind of embarrassing.
Let’s just say there was a typographical error with a sex manual.
How about you?
Car accident.
Oh, let me guess some idiot on a cell phone wasn’t paying attention?","Well, it’s a long story.
It’s kind of embarrassing.
Let’s just say there was a typographical error with a sex manual.
How about you?
Car accident.
Oh, let me guess some idiot on a cell phone wasn’t paying attention?",neutral,4,6,surprise,False,0.058780637,0.08419609,0.032653306,0.06706053,0.053758282,0.037431605,0.6661195
28,11,Man,"Yeah. Me.  Oh hey, that’s me.  Hey uh, I take it you’re just visiting someone.",neutral,"It’s kind of embarrassing.
Let’s just say there was a typographical error with a sex manual.
How about you?
Car accident.
Oh, let me guess some idiot on a cell phone wasn’t paying attention?
Yeah. Me.  Oh hey, that’s me.  Hey uh, I take it you’re just visiting someone.","It’s kind of embarrassing.
Let’s just say there was a typographical error with a sex manual.
How about you?
Car accident.
Oh, let me guess some idiot on a cell phone wasn’t paying attention?
Yeah. Me.  Oh hey, that’s me.  Hey uh, I take it you’re just visiting someone.",neutral,4,4,neutral,True,0.0034734095,0.0022031744,0.0037721107,0.015093927,0.96837956,0.004578327,0.002499616
28,12,Phoebe,"Uh-huh, yeah.",neutral,"Let’s just say there was a typographical error with a sex manual.
How about you?
Car accident.
Oh, let me guess some idiot on a cell phone wasn’t paying attention?
Yeah. Me.  Oh hey, that’s me.  Hey uh, I take it you’re just visiting someone.
Uh-huh, yeah.","Let’s just say there was a typographical error with a sex manual.
How about you?
Car accident.
Oh, let me guess some idiot on a cell phone wasn’t paying attention?
Yeah. Me.  Oh hey, that’s me.  Hey uh, I take it you’re just visiting someone.
Uh-huh, yeah.",neutral,4,4,neutral,True,0.0046291114,0.004387239,0.015330951,0.066888005,0.88202417,0.012078644,0.014661858
28,13,Man,"Well umm, if you have sometime y’know and maybe you might want to visit someone else",neutral,"How about you?
Car accident.
Oh, let me guess some idiot on a cell phone wasn’t paying attention?
Yeah. Me.  Oh hey, that’s me.  Hey uh, I take it you’re just visiting someone.
Uh-huh, yeah.
Well umm, if you have sometime y’know and maybe you might want to visit someone else","How about you?
Car accident.
Oh, let me guess some idiot on a cell phone wasn’t paying attention?
Yeah. Me.  Oh hey, that’s me.  Hey uh, I take it you’re just visiting someone.
Uh-huh, yeah.
Well umm, if you have sometime y’know and maybe you might want to visit someone else",neutral,4,4,neutral,True,0.0056834486,0.0019888072,0.0059144828,0.016119204,0.9631035,0.00321959,0.0039709723
28,14,Phoebe,Oh yeah! I-I would like that.,joy,"Car accident.
Oh, let me guess some idiot on a cell phone wasn’t paying attention?
Yeah. Me.  Oh hey, that’s me.  Hey uh, I take it you’re just visiting someone.
Uh-huh, yeah.
Well umm, if you have sometime y’know and maybe you might want to visit someone else
Oh yeah! I-I would like that.","Car accident.
Oh, let me guess some idiot on a cell phone wasn’t paying attention?
Yeah. Me.  Oh hey, that’s me.  Hey uh, I take it you’re just visiting someone.
Uh-huh, yeah.
Well umm, if you have sometime y’know and maybe you might want to visit someone else
Oh yeah! I-I would like that.",joy,3,4,neutral,False,0.010709689,0.004796699,0.019378109,0.12952234,0.81613207,0.01493084,0.0045302548
28,15,Phoebe,Wait! What?! No!! Elevator!! No!,anger,"Oh, let me guess some idiot on a cell phone wasn’t paying attention?
Yeah. Me.  Oh hey, that’s me.  Hey uh, I take it you’re just visiting someone.
Uh-huh, yeah.
Well umm, if you have sometime y’know and maybe you might want to visit someone else
Oh yeah! I-I would like that.
Wait! What?! No!! Elevator!! No!","Oh, let me guess some idiot on a cell phone wasn’t paying attention?
Yeah. Me.  Oh hey, that’s me.  Hey uh, I take it you’re just visiting someone.
Uh-huh, yeah.
Well umm, if you have sometime y’know and maybe you might want to visit someone else
Oh yeah! I-I would like that.
Wait! What?! No!! Elevator!! No!",anger,0,6,surprise,False,0.21188512,0.07875903,0.06962393,0.104158744,0.045802835,0.037389934,0.4523804
28,16,Joey,"Uh, you gotta press the button.",neutral,"Yeah. Me.  Oh hey, that’s me.  Hey uh, I take it you’re just visiting someone.
Uh-huh, yeah.
Well umm, if you have sometime y’know and maybe you might want to visit someone else
Oh yeah! I-I would like that.
Wait! What?! No!! Elevator!! No!
Uh, you gotta press the button.","Yeah. Me.  Oh hey, that’s me.  Hey uh, I take it you’re just visiting someone.
Uh-huh, yeah.
Well umm, if you have sometime y’know and maybe you might want to visit someone else
Oh yeah! I-I would like that.
Wait! What?! No!! Elevator!! No!
Uh, you gotta press the button.",neutral,4,4,neutral,True,0.026574794,0.014433027,0.015727205,0.14330447,0.78027207,0.011154173,0.008534382
29,5,Ross,There's something new in the bowl.,surprise,"Oh we did, and you still have all your lamps.
Oh, I didn't factor in the room tax.
Oh dude, don't worry about it, I found an unattended maid's car.    We're way ahead of the game.
Oh my god.
What?
There's something new in the bowl.","Oh we did, and you still have all your lamps.
Oh, I didn't factor in the room tax.
Oh dude, don't worry about it, I found an unattended maid's car.    We're way ahead of the game.
Oh my god.
What?
There's something new in the bowl.",surprise,6,4,neutral,False,0.0073327105,0.006842808,0.010520004,0.041017484,0.49626866,0.0075229337,0.43049544
29,6,Chandler,"Look, we have enough, just walk away.",fear,"Oh, I didn't factor in the room tax.
Oh dude, don't worry about it, I found an unattended maid's car.    We're way ahead of the game.
Oh my god.
What?
There's something new in the bowl.
Look, we have enough, just walk away.","Oh, I didn't factor in the room tax.
Oh dude, don't worry about it, I found an unattended maid's car.    We're way ahead of the game.
Oh my god.
What?
There's something new in the bowl.
Look, we have enough, just walk away.",fear,2,4,neutral,False,0.086737365,0.025117368,0.037039906,0.09259109,0.70697224,0.04473764,0.0068044015
29,7,Ross,"No, but I want...I want the pinecones!",joy,"Oh dude, don't worry about it, I found an unattended maid's car.    We're way ahead of the game.
Oh my god.
What?
There's something new in the bowl.
Look, we have enough, just walk away.
No, but I want...I want the pinecones!","Oh dude, don't worry about it, I found an unattended maid's car.    We're way ahead of the game.
Oh my god.
What?
There's something new in the bowl.
Look, we have enough, just walk away.
No, but I want...I want the pinecones!",joy,3,3,joy,True,0.03651289,0.004749916,0.005569916,0.8725051,0.05436406,0.011152419,0.015145759
29,8,Chandler,There's a forest right outside.,neutral,"Oh my god.
What?
There's something new in the bowl.
Look, we have enough, just walk away.
No, but I want...I want the pinecones!
There's a forest right outside.","Oh my god.
What?
There's something new in the bowl.
Look, we have enough, just walk away.
No, but I want...I want the pinecones!
There's a forest right outside.",neutral,4,4,neutral,True,0.026944835,0.012545917,0.0154151125,0.08128432,0.8394303,0.015604746,0.008774723
29,9,Ross,It's not the same.,neutral,"What?
There's something new in the bowl.
Look, we have enough, just walk away.
No, but I want...I want the pinecones!
There's a forest right outside.
It's not the same.","What?
There's something new in the bowl.
Look, we have enough, just walk away.
No, but I want...I want the pinecones!
There's a forest right outside.
It's not the same.",neutral,4,4,neutral,True,0.017018763,0.0056384793,0.0064317137,0.016722545,0.9438261,0.00738843,0.002974011
29,10,Chandler,"Ok, go quick!",fear,"There's something new in the bowl.
Look, we have enough, just walk away.
No, but I want...I want the pinecones!
There's a forest right outside.
It's not the same.
Ok, go quick!","There's something new in the bowl.
Look, we have enough, just walk away.
No, but I want...I want the pinecones!
There's a forest right outside.
It's not the same.
Ok, go quick!",fear,2,3,joy,False,0.34672529,0.009232375,0.022129772,0.44000486,0.12642567,0.018311532,0.037170596
29,11,Ross,Thank you for a delightful stay.,joy,"Look, we have enough, just walk away.
No, but I want...I want the pinecones!
There's a forest right outside.
It's not the same.
Ok, go quick!
Thank you for a delightful stay.","Look, we have enough, just walk away.
No, but I want...I want the pinecones!
There's a forest right outside.
It's not the same.
Ok, go quick!
Thank you for a delightful stay.",joy,3,3,joy,True,0.008762793,0.0022770774,0.0015637703,0.9573566,0.014517143,0.0070908903,0.008431775
29,12,Ross,"Oh, my maple candy!",joy,"No, but I want...I want the pinecones!
There's a forest right outside.
It's not the same.
Ok, go quick!
Thank you for a delightful stay.
Oh, my maple candy!","No, but I want...I want the pinecones!
There's a forest right outside.
It's not the same.
Ok, go quick!
Thank you for a delightful stay.
Oh, my maple candy!",joy,3,3,joy,True,0.010076534,0.007851621,0.0037543392,0.7328374,0.024749568,0.007803521,0.21292701
30,5,Janice,"You know what, where he hugs you and kinda rolls you away and... Oh... my....God.",disgust,"Oh my God, what happened?
Oh. God, crazy Chandler. He spun me...off...the...bed!
Wow! Spinning that sounds like fun.
Oh,  I wish. No, you know he was just trying Ross's Hug and Roll thing.
Ross's what?
You know what, where he hugs you and kinda rolls you away and... Oh... my....God.","Oh my God, what happened?
Oh. God, crazy Chandler. He spun me...off...the...bed!
Wow! Spinning that sounds like fun.
Oh,  I wish. No, you know he was just trying Ross's Hug and Roll thing.
Ross's what?
You know what, where he hugs you and kinda rolls you away and... Oh... my....God.",disgust,1,6,surprise,False,0.010488708,0.04174579,0.04555637,0.083919026,0.05611488,0.057208277,0.704967
32,5,Phoebe Sr,"Oh no, I-I’m sorry, I guess we lost track of everybody after high school.",sadness,"Yes!! Yes! Yes! Yes!! That’s my Dad, that’s Frank! Yeah! I’m sorry I’m getting all flingy.
Take it easy--if you want, there’s cookies on the counter, or, or--sangria!  I can make sangria!
No-no, sorry. Cookies are good, thanks.
Oh.
Well, so, umm, anyway umm, I’ve been, I’ve been looking for my Father, and umm, have you heard from him, or seen him?
Oh no, I-I’m sorry, I guess we lost track of everybody after high school.","Yes!! Yes! Yes! Yes!! That’s my Dad, that’s Frank! Yeah! I’m sorry I’m getting all flingy.
Take it easy--if you want, there’s cookies on the counter, or, or--sangria!  I can make sangria!
No-no, sorry. Cookies are good, thanks.
Oh.
Well, so, umm, anyway umm, I’ve been, I’ve been looking for my Father, and umm, have you heard from him, or seen him?
Oh no, I-I’m sorry, I guess we lost track of everybody after high school.",sadness,5,5,sadness,True,0.023259409,0.018017078,0.16050857,0.027127873,0.07759279,0.66145426,0.03203992
32,6,Phoebe,"Oh, okay. Well, so tell me everything about my parents. Everything.",neutral,"Take it easy--if you want, there’s cookies on the counter, or, or--sangria!  I can make sangria!
No-no, sorry. Cookies are good, thanks.
Oh.
Well, so, umm, anyway umm, I’ve been, I’ve been looking for my Father, and umm, have you heard from him, or seen him?
Oh no, I-I’m sorry, I guess we lost track of everybody after high school.
Oh, okay. Well, so tell me everything about my parents. Everything.","Take it easy--if you want, there’s cookies on the counter, or, or--sangria!  I can make sangria!
No-no, sorry. Cookies are good, thanks.
Oh.
Well, so, umm, anyway umm, I’ve been, I’ve been looking for my Father, and umm, have you heard from him, or seen him?
Oh no, I-I’m sorry, I guess we lost track of everybody after high school.
Oh, okay. Well, so tell me everything about my parents. Everything.",neutral,4,5,sadness,False,0.12059702,0.016805878,0.053417858,0.17543788,0.18273754,0.40914994,0.041853897
32,7,Phoebe Sr,"Ohh, well. Y'know we were always together, in fact the had a nickname for the three of us.",neutral,"No-no, sorry. Cookies are good, thanks.
Oh.
Well, so, umm, anyway umm, I’ve been, I’ve been looking for my Father, and umm, have you heard from him, or seen him?
Oh no, I-I’m sorry, I guess we lost track of everybody after high school.
Oh, okay. Well, so tell me everything about my parents. Everything.
Ohh, well. Y'know we were always together, in fact the had a nickname for the three of us.","No-no, sorry. Cookies are good, thanks.
Oh.
Well, so, umm, anyway umm, I’ve been, I’ve been looking for my Father, and umm, have you heard from him, or seen him?
Oh no, I-I’m sorry, I guess we lost track of everybody after high school.
Oh, okay. Well, so tell me everything about my parents. Everything.
Ohh, well. Y'know we were always together, in fact the had a nickname for the three of us.",neutral,4,4,neutral,True,0.0075505907,0.007907889,0.0049910946,0.14505811,0.8170082,0.011675801,0.0058083283
32,8,Phoebe,"Oh, what? What was it?",surprise,"Oh.
Well, so, umm, anyway umm, I’ve been, I’ve been looking for my Father, and umm, have you heard from him, or seen him?
Oh no, I-I’m sorry, I guess we lost track of everybody after high school.
Oh, okay. Well, so tell me everything about my parents. Everything.
Ohh, well. Y'know we were always together, in fact the had a nickname for the three of us.
Oh, what? What was it?","Oh.
Well, so, umm, anyway umm, I’ve been, I’ve been looking for my Father, and umm, have you heard from him, or seen him?
Oh no, I-I’m sorry, I guess we lost track of everybody after high school.
Oh, okay. Well, so tell me everything about my parents. Everything.
Ohh, well. Y'know we were always together, in fact the had a nickname for the three of us.
Oh, what? What was it?",surprise,6,6,surprise,True,0.0072725434,0.006322844,0.019716546,0.04758805,0.13285059,0.019811532,0.7664379
32,9,Phoebe Sr,The three losers.,sadness,"Well, so, umm, anyway umm, I’ve been, I’ve been looking for my Father, and umm, have you heard from him, or seen him?
Oh no, I-I’m sorry, I guess we lost track of everybody after high school.
Oh, okay. Well, so tell me everything about my parents. Everything.
Ohh, well. Y'know we were always together, in fact the had a nickname for the three of us.
Oh, what? What was it?
The three losers.","Well, so, umm, anyway umm, I’ve been, I’ve been looking for my Father, and umm, have you heard from him, or seen him?
Oh no, I-I’m sorry, I guess we lost track of everybody after high school.
Oh, okay. Well, so tell me everything about my parents. Everything.
Ohh, well. Y'know we were always together, in fact the had a nickname for the three of us.
Oh, what? What was it?
The three losers.",sadness,5,4,neutral,False,0.016952662,0.025389373,0.018361602,0.08716686,0.51173955,0.02903544,0.31135446
32,10,Phoebe Sr,"Oh, poor Lily.",sadness,"Oh no, I-I’m sorry, I guess we lost track of everybody after high school.
Oh, okay. Well, so tell me everything about my parents. Everything.
Ohh, well. Y'know we were always together, in fact the had a nickname for the three of us.
Oh, what? What was it?
The three losers.
Oh, poor Lily.","Oh no, I-I’m sorry, I guess we lost track of everybody after high school.
Oh, okay. Well, so tell me everything about my parents. Everything.
Ohh, well. Y'know we were always together, in fact the had a nickname for the three of us.
Oh, what? What was it?
The three losers.
Oh, poor Lily.",sadness,5,6,surprise,False,0.018759903,0.056460157,0.04959316,0.23292844,0.07472654,0.22988035,0.33765143
32,11,Phoebe Sr,"Ohh, y'know I-I heard about what happened, that must have been just terrible for you, losing your mother that way.",sadness,"Oh, okay. Well, so tell me everything about my parents. Everything.
Ohh, well. Y'know we were always together, in fact the had a nickname for the three of us.
Oh, what? What was it?
The three losers.
Oh, poor Lily.
Ohh, y'know I-I heard about what happened, that must have been just terrible for you, losing your mother that way.","Oh, okay. Well, so tell me everything about my parents. Everything.
Ohh, well. Y'know we were always together, in fact the had a nickname for the three of us.
Oh, what? What was it?
The three losers.
Oh, poor Lily.
Ohh, y'know I-I heard about what happened, that must have been just terrible for you, losing your mother that way.",sadness,5,5,sadness,True,0.055998705,0.017295647,0.08383929,0.019558202,0.016690206,0.7777987,0.028819278
32,12,Phoebe,"Yeah, no, it was great.",joy,"Ohh, well. Y'know we were always together, in fact the had a nickname for the three of us.
Oh, what? What was it?
The three losers.
Oh, poor Lily.
Ohh, y'know I-I heard about what happened, that must have been just terrible for you, losing your mother that way.
Yeah, no, it was great.","Ohh, well. Y'know we were always together, in fact the had a nickname for the three of us.
Oh, what? What was it?
The three losers.
Oh, poor Lily.
Ohh, y'know I-I heard about what happened, that must have been just terrible for you, losing your mother that way.
Yeah, no, it was great.",joy,3,3,joy,True,0.012999027,0.003577297,0.00386017,0.8729511,0.08448088,0.016814882,0.005316668
33,5,Rachel,Oh  oh no just stopped to throw up a little bit.,sadness,"Well, alright, we already tried feeding her, changing her,  burping her, oh try this one!
Go back in time and listen to Phoebe!
Alright here’s something, it says to try holding the baby  close to your body and then swing her rapidly from side to side.
Ok.
It worked!
Oh  oh no just stopped to throw up a little bit.","Well, alright, we already tried feeding her, changing her,  burping her, oh try this one!
Go back in time and listen to Phoebe!
Alright here’s something, it says to try holding the baby  close to your body and then swing her rapidly from side to side.
Ok.
It worked!
Oh  oh no just stopped to throw up a little bit.",sadness,5,4,neutral,False,0.12976776,0.18046533,0.16833872,0.08336168,0.30345196,0.083245665,0.051368907
33,6,Rachel,"Oh come on, what am I gonna do, its been hours and it  won’t stop crying.",sadness,"Go back in time and listen to Phoebe!
Alright here’s something, it says to try holding the baby  close to your body and then swing her rapidly from side to side.
Ok.
It worked!
Oh  oh no just stopped to throw up a little bit.
Oh come on, what am I gonna do, its been hours and it  won’t stop crying.","Go back in time and listen to Phoebe!
Alright here’s something, it says to try holding the baby  close to your body and then swing her rapidly from side to side.
Ok.
It worked!
Oh  oh no just stopped to throw up a little bit.
Oh come on, what am I gonna do, its been hours and it  won’t stop crying.",sadness,5,4,neutral,False,0.11329925,0.012527249,0.07480377,0.10555644,0.6040087,0.082013205,0.007791405
33,7,Monica,"Umm, she Rach, not it, she.",neutral,"Alright here’s something, it says to try holding the baby  close to your body and then swing her rapidly from side to side.
Ok.
It worked!
Oh  oh no just stopped to throw up a little bit.
Oh come on, what am I gonna do, its been hours and it  won’t stop crying.
Umm, she Rach, not it, she.","Alright here’s something, it says to try holding the baby  close to your body and then swing her rapidly from side to side.
Ok.
It worked!
Oh  oh no just stopped to throw up a little bit.
Oh come on, what am I gonna do, its been hours and it  won’t stop crying.
Umm, she Rach, not it, she.",neutral,4,4,neutral,True,0.025389642,0.012326491,0.029043699,0.069109894,0.8320588,0.027561268,0.0045101605
33,8,Rachel,"Yeah, I’m not so sure.",neutral,"Ok.
It worked!
Oh  oh no just stopped to throw up a little bit.
Oh come on, what am I gonna do, its been hours and it  won’t stop crying.
Umm, she Rach, not it, she.
Yeah, I’m not so sure.","Ok.
It worked!
Oh  oh no just stopped to throw up a little bit.
Oh come on, what am I gonna do, its been hours and it  won’t stop crying.
Umm, she Rach, not it, she.
Yeah, I’m not so sure.",neutral,4,4,neutral,True,0.011928072,0.0040495535,0.024330743,0.07224855,0.8594456,0.02005754,0.007939935
33,9,Monica,"Oh my god, I am losing my mind.",anger,"It worked!
Oh  oh no just stopped to throw up a little bit.
Oh come on, what am I gonna do, its been hours and it  won’t stop crying.
Umm, she Rach, not it, she.
Yeah, I’m not so sure.
Oh my god, I am losing my mind.","It worked!
Oh  oh no just stopped to throw up a little bit.
Oh come on, what am I gonna do, its been hours and it  won’t stop crying.
Umm, she Rach, not it, she.
Yeah, I’m not so sure.
Oh my god, I am losing my mind.",anger,0,5,sadness,False,0.1579992,0.02811019,0.14891906,0.018805077,0.021221528,0.6005766,0.02436829
33,10,Phoebe,"Yeah, no kidding, this just proves no good can come from  having sex with Ross!",anger,"Oh  oh no just stopped to throw up a little bit.
Oh come on, what am I gonna do, its been hours and it  won’t stop crying.
Umm, she Rach, not it, she.
Yeah, I’m not so sure.
Oh my god, I am losing my mind.
Yeah, no kidding, this just proves no good can come from  having sex with Ross!","Oh  oh no just stopped to throw up a little bit.
Oh come on, what am I gonna do, its been hours and it  won’t stop crying.
Umm, she Rach, not it, she.
Yeah, I’m not so sure.
Oh my god, I am losing my mind.
Yeah, no kidding, this just proves no good can come from  having sex with Ross!",anger,0,0,anger,True,0.53953767,0.089376435,0.052926056,0.067205615,0.032769524,0.1612457,0.056939002
34,5,Rachel,Oh my God! You’re a 30 year old virgin!,surprise,"Well, you’re not.
Oh, it’s so easy for you I mean, you’re not married, you get to have sex with who ever you want!
Yeah I can!  And don’t think I don’t, because I do! I mean all the time, you betcha!
Monica. You’ve, you’ve done it right?
Of course I have! What do you think, I’m some 30 year old virgin?
Oh my God! You’re a 30 year old virgin!","Well, you’re not.
Oh, it’s so easy for you I mean, you’re not married, you get to have sex with who ever you want!
Yeah I can!  And don’t think I don’t, because I do! I mean all the time, you betcha!
Monica. You’ve, you’ve done it right?
Of course I have! What do you think, I’m some 30 year old virgin?
Oh my God! You’re a 30 year old virgin!",surprise,6,6,surprise,True,0.009140991,0.010452075,0.00390026,0.029702555,0.0057066693,0.00571143,0.935386
34,6,Monica,"Say it louder, I don’t think the guy all the way in the back heard you!",disgust,"Oh, it’s so easy for you I mean, you’re not married, you get to have sex with who ever you want!
Yeah I can!  And don’t think I don’t, because I do! I mean all the time, you betcha!
Monica. You’ve, you’ve done it right?
Of course I have! What do you think, I’m some 30 year old virgin?
Oh my God! You’re a 30 year old virgin!
Say it louder, I don’t think the guy all the way in the back heard you!","Oh, it’s so easy for you I mean, you’re not married, you get to have sex with who ever you want!
Yeah I can!  And don’t think I don’t, because I do! I mean all the time, you betcha!
Monica. You’ve, you’ve done it right?
Of course I have! What do you think, I’m some 30 year old virgin?
Oh my God! You’re a 30 year old virgin!
Say it louder, I don’t think the guy all the way in the back heard you!",disgust,1,0,anger,False,0.45220515,0.052798767,0.07363379,0.0915583,0.055763196,0.031819638,0.2422212
34,7,Monica,"It’s not like, I haven’t any opportunities.",anger,"Yeah I can!  And don’t think I don’t, because I do! I mean all the time, you betcha!
Monica. You’ve, you’ve done it right?
Of course I have! What do you think, I’m some 30 year old virgin?
Oh my God! You’re a 30 year old virgin!
Say it louder, I don’t think the guy all the way in the back heard you!
It’s not like, I haven’t any opportunities.","Yeah I can!  And don’t think I don’t, because I do! I mean all the time, you betcha!
Monica. You’ve, you’ve done it right?
Of course I have! What do you think, I’m some 30 year old virgin?
Oh my God! You’re a 30 year old virgin!
Say it louder, I don’t think the guy all the way in the back heard you!
It’s not like, I haven’t any opportunities.",anger,0,5,sadness,False,0.22755079,0.034391426,0.09184535,0.0631051,0.27766272,0.28782773,0.017616946
34,8,Monica,"I mean, y’know, I’m just waiting for the perfect guy.",neutral,"Monica. You’ve, you’ve done it right?
Of course I have! What do you think, I’m some 30 year old virgin?
Oh my God! You’re a 30 year old virgin!
Say it louder, I don’t think the guy all the way in the back heard you!
It’s not like, I haven’t any opportunities.
I mean, y’know, I’m just waiting for the perfect guy.","Monica. You’ve, you’ve done it right?
Of course I have! What do you think, I’m some 30 year old virgin?
Oh my God! You’re a 30 year old virgin!
Say it louder, I don’t think the guy all the way in the back heard you!
It’s not like, I haven’t any opportunities.
I mean, y’know, I’m just waiting for the perfect guy.",neutral,4,4,neutral,True,0.03948514,0.006340499,0.020973383,0.34918863,0.45484826,0.11659714,0.012566996
34,9,Monica,"I’m seeing this guy Roger, all right?",neutral,"Of course I have! What do you think, I’m some 30 year old virgin?
Oh my God! You’re a 30 year old virgin!
Say it louder, I don’t think the guy all the way in the back heard you!
It’s not like, I haven’t any opportunities.
I mean, y’know, I’m just waiting for the perfect guy.
I’m seeing this guy Roger, all right?","Of course I have! What do you think, I’m some 30 year old virgin?
Oh my God! You’re a 30 year old virgin!
Say it louder, I don’t think the guy all the way in the back heard you!
It’s not like, I haven’t any opportunities.
I mean, y’know, I’m just waiting for the perfect guy.
I’m seeing this guy Roger, all right?",neutral,4,4,neutral,True,0.044267263,0.0077644084,0.028339313,0.3447945,0.51675373,0.03969325,0.018387545
34,10,Monica,"He’s not perfect, but umm, I think maybe I should just get it over with.",neutral,"Oh my God! You’re a 30 year old virgin!
Say it louder, I don’t think the guy all the way in the back heard you!
It’s not like, I haven’t any opportunities.
I mean, y’know, I’m just waiting for the perfect guy.
I’m seeing this guy Roger, all right?
He’s not perfect, but umm, I think maybe I should just get it over with.","Oh my God! You’re a 30 year old virgin!
Say it louder, I don’t think the guy all the way in the back heard you!
It’s not like, I haven’t any opportunities.
I mean, y’know, I’m just waiting for the perfect guy.
I’m seeing this guy Roger, all right?
He’s not perfect, but umm, I think maybe I should just get it over with.",neutral,4,4,neutral,True,0.01846675,0.008204604,0.024084229,0.15148215,0.7321235,0.05525085,0.010388047
34,11,Monica,"Y’know, give him my flower.",neutral,"Say it louder, I don’t think the guy all the way in the back heard you!
It’s not like, I haven’t any opportunities.
I mean, y’know, I’m just waiting for the perfect guy.
I’m seeing this guy Roger, all right?
He’s not perfect, but umm, I think maybe I should just get it over with.
Y’know, give him my flower.","Say it louder, I don’t think the guy all the way in the back heard you!
It’s not like, I haven’t any opportunities.
I mean, y’know, I’m just waiting for the perfect guy.
I’m seeing this guy Roger, all right?
He’s not perfect, but umm, I think maybe I should just get it over with.
Y’know, give him my flower.",neutral,4,3,joy,False,0.02716375,0.007399589,0.01496821,0.611433,0.28513524,0.048778687,0.0051214434
34,12,Rachel,"Oh my God!! Do it!! Honey, you’ve waited",surprise,"It’s not like, I haven’t any opportunities.
I mean, y’know, I’m just waiting for the perfect guy.
I’m seeing this guy Roger, all right?
He’s not perfect, but umm, I think maybe I should just get it over with.
Y’know, give him my flower.
Oh my God!! Do it!! Honey, you’ve waited","It’s not like, I haven’t any opportunities.
I mean, y’know, I’m just waiting for the perfect guy.
I’m seeing this guy Roger, all right?
He’s not perfect, but umm, I think maybe I should just get it over with.
Y’know, give him my flower.
Oh my God!! Do it!! Honey, you’ve waited",surprise,6,4,neutral,False,0.038009137,0.009686983,0.05453896,0.18822172,0.61975116,0.06784586,0.02194616
34,13,Monica,Y’know what? You are right?!,surprise,"I mean, y’know, I’m just waiting for the perfect guy.
I’m seeing this guy Roger, all right?
He’s not perfect, but umm, I think maybe I should just get it over with.
Y’know, give him my flower.
Oh my God!! Do it!! Honey, you’ve waited
Y’know what? You are right?!","I mean, y’know, I’m just waiting for the perfect guy.
I’m seeing this guy Roger, all right?
He’s not perfect, but umm, I think maybe I should just get it over with.
Y’know, give him my flower.
Oh my God!! Do it!! Honey, you’ve waited
Y’know what? You are right?!",surprise,6,3,joy,False,0.070732996,0.0067068893,0.033602074,0.6510709,0.10522562,0.029761527,0.10290005
34,14,Rachel,I mean sex does not have to be a big deal!,anger,"I’m seeing this guy Roger, all right?
He’s not perfect, but umm, I think maybe I should just get it over with.
Y’know, give him my flower.
Oh my God!! Do it!! Honey, you’ve waited
Y’know what? You are right?!
I mean sex does not have to be a big deal!","I’m seeing this guy Roger, all right?
He’s not perfect, but umm, I think maybe I should just get it over with.
Y’know, give him my flower.
Oh my God!! Do it!! Honey, you’ve waited
Y’know what? You are right?!
I mean sex does not have to be a big deal!",anger,0,0,anger,True,0.5145008,0.044014603,0.04108567,0.22798909,0.069205604,0.08001519,0.023189073
34,15,Rachel,There shouldn’t be all this rules and restrictions!,anger,"He’s not perfect, but umm, I think maybe I should just get it over with.
Y’know, give him my flower.
Oh my God!! Do it!! Honey, you’ve waited
Y’know what? You are right?!
I mean sex does not have to be a big deal!
There shouldn’t be all this rules and restrictions!","He’s not perfect, but umm, I think maybe I should just get it over with.
Y’know, give him my flower.
Oh my God!! Do it!! Honey, you’ve waited
Y’know what? You are right?!
I mean sex does not have to be a big deal!
There shouldn’t be all this rules and restrictions!",anger,0,0,anger,True,0.8193919,0.028421426,0.04730869,0.016482215,0.035555862,0.044325225,0.008514665
34,16,Rachel,"Y’know, people should be able to sleep with who ever they want, whenever",neutral,"Y’know, give him my flower.
Oh my God!! Do it!! Honey, you’ve waited
Y’know what? You are right?!
I mean sex does not have to be a big deal!
There shouldn’t be all this rules and restrictions!
Y’know, people should be able to sleep with who ever they want, whenever","Y’know, give him my flower.
Oh my God!! Do it!! Honey, you’ve waited
Y’know what? You are right?!
I mean sex does not have to be a big deal!
There shouldn’t be all this rules and restrictions!
Y’know, people should be able to sleep with who ever they want, whenever",neutral,4,4,neutral,True,0.02684628,0.0070588184,0.0099599045,0.028071677,0.9172835,0.008916004,0.0018637698
34,17,Monica,Rachel! I’m never gonna think it’s okay for you to cheat on your husband!,anger,"Oh my God!! Do it!! Honey, you’ve waited
Y’know what? You are right?!
I mean sex does not have to be a big deal!
There shouldn’t be all this rules and restrictions!
Y’know, people should be able to sleep with who ever they want, whenever
Rachel! I’m never gonna think it’s okay for you to cheat on your husband!","Oh my God!! Do it!! Honey, you’ve waited
Y’know what? You are right?!
I mean sex does not have to be a big deal!
There shouldn’t be all this rules and restrictions!
Y’know, people should be able to sleep with who ever they want, whenever
Rachel! I’m never gonna think it’s okay for you to cheat on your husband!",anger,0,0,anger,True,0.6677832,0.039161857,0.08850517,0.018212467,0.023390291,0.1461317,0.016815258
34,18,Rachel,Oh what do you know? Virgin!,anger,"Y’know what? You are right?!
I mean sex does not have to be a big deal!
There shouldn’t be all this rules and restrictions!
Y’know, people should be able to sleep with who ever they want, whenever
Rachel! I’m never gonna think it’s okay for you to cheat on your husband!
Oh what do you know? Virgin!","Y’know what? You are right?!
I mean sex does not have to be a big deal!
There shouldn’t be all this rules and restrictions!
Y’know, people should be able to sleep with who ever they want, whenever
Rachel! I’m never gonna think it’s okay for you to cheat on your husband!
Oh what do you know? Virgin!",anger,0,6,surprise,False,0.049492564,0.026194507,0.016175618,0.31876078,0.071253575,0.014434006,0.50368893
37,5,Janice,"So, this is my idea: you and me spending some quality time together.",neutral,"So, I hear, you hate me!
I, ah, I never said hate, I was very careful about that.
A little birdie told me something about you wanting to rip your arm off and throw it at me.
And you got a 'hate' from that?! Your taking a big leap there...
All right, fine, fine, fine, fine, fine, we've got to do something about our little situation here Joey.
So, this is my idea: you and me spending some quality time together.","So, I hear, you hate me!
I, ah, I never said hate, I was very careful about that.
A little birdie told me something about you wanting to rip your arm off and throw it at me.
And you got a 'hate' from that?! Your taking a big leap there...
All right, fine, fine, fine, fine, fine, we've got to do something about our little situation here Joey.
So, this is my idea: you and me spending some quality time together.",neutral,4,4,neutral,True,0.16116866,0.023059705,0.0225821,0.117603034,0.55634,0.11079209,0.008454408
37,6,Joey,But what does that gonna do...,anger,"I, ah, I never said hate, I was very careful about that.
A little birdie told me something about you wanting to rip your arm off and throw it at me.
And you got a 'hate' from that?! Your taking a big leap there...
All right, fine, fine, fine, fine, fine, we've got to do something about our little situation here Joey.
So, this is my idea: you and me spending some quality time together.
But what does that gonna do...","I, ah, I never said hate, I was very careful about that.
A little birdie told me something about you wanting to rip your arm off and throw it at me.
And you got a 'hate' from that?! Your taking a big leap there...
All right, fine, fine, fine, fine, fine, we've got to do something about our little situation here Joey.
So, this is my idea: you and me spending some quality time together.
But what does that gonna do...",anger,0,5,sadness,False,0.15400477,0.030768488,0.092551306,0.06896459,0.10497247,0.5313649,0.01737351
37,7,Janice,For Chandler!,anger,"A little birdie told me something about you wanting to rip your arm off and throw it at me.
And you got a 'hate' from that?! Your taking a big leap there...
All right, fine, fine, fine, fine, fine, we've got to do something about our little situation here Joey.
So, this is my idea: you and me spending some quality time together.
But what does that gonna do...
For Chandler!","A little birdie told me something about you wanting to rip your arm off and throw it at me.
And you got a 'hate' from that?! Your taking a big leap there...
All right, fine, fine, fine, fine, fine, we've got to do something about our little situation here Joey.
So, this is my idea: you and me spending some quality time together.
But what does that gonna do...
For Chandler!",anger,0,0,anger,True,0.6336698,0.015915316,0.056109656,0.042150594,0.023940118,0.19395325,0.03426122
39,5,Mrs. Geller,"Well, he better not come by here. He can’t see the bride in the wedding dress.",neutral,"Hi!  Hi!  Hi. Has umm, anyone seen Chandler?
I thought he was with you.
He-he was with me umm, we’re playing a little game, y’know? Hide and seek.
You can’t ask us son, that’s cheating.
You’re right, thanks for keeping me honest dad.
Well, he better not come by here. He can’t see the bride in the wedding dress.","Hi!  Hi!  Hi. Has umm, anyone seen Chandler?
I thought he was with you.
He-he was with me umm, we’re playing a little game, y’know? Hide and seek.
You can’t ask us son, that’s cheating.
You’re right, thanks for keeping me honest dad.
Well, he better not come by here. He can’t see the bride in the wedding dress.",neutral,4,0,anger,False,0.4158255,0.088387825,0.112075746,0.022964522,0.170906,0.1592147,0.03062566
39,6,Mrs. Bing,"As I recall when we got married, I saw the groom in the wedding dress.",joy,"I thought he was with you.
He-he was with me umm, we’re playing a little game, y’know? Hide and seek.
You can’t ask us son, that’s cheating.
You’re right, thanks for keeping me honest dad.
Well, he better not come by here. He can’t see the bride in the wedding dress.
As I recall when we got married, I saw the groom in the wedding dress.","I thought he was with you.
He-he was with me umm, we’re playing a little game, y’know? Hide and seek.
You can’t ask us son, that’s cheating.
You’re right, thanks for keeping me honest dad.
Well, he better not come by here. He can’t see the bride in the wedding dress.
As I recall when we got married, I saw the groom in the wedding dress.",joy,3,4,neutral,False,0.09418447,0.0686492,0.05521238,0.11985144,0.54991513,0.066095345,0.046092004
39,7,Mr. Bing,"But that was after the wedding, it’s not bad luck then.",neutral,"He-he was with me umm, we’re playing a little game, y’know? Hide and seek.
You can’t ask us son, that’s cheating.
You’re right, thanks for keeping me honest dad.
Well, he better not come by here. He can’t see the bride in the wedding dress.
As I recall when we got married, I saw the groom in the wedding dress.
But that was after the wedding, it’s not bad luck then.","He-he was with me umm, we’re playing a little game, y’know? Hide and seek.
You can’t ask us son, that’s cheating.
You’re right, thanks for keeping me honest dad.
Well, he better not come by here. He can’t see the bride in the wedding dress.
As I recall when we got married, I saw the groom in the wedding dress.
But that was after the wedding, it’s not bad luck then.",neutral,4,5,sadness,False,0.034857556,0.016837409,0.033352796,0.07778588,0.041605048,0.7811707,0.0143906195
39,8,Mrs. Bing,"Honey, it isn’t good luck.",neutral,"You can’t ask us son, that’s cheating.
You’re right, thanks for keeping me honest dad.
Well, he better not come by here. He can’t see the bride in the wedding dress.
As I recall when we got married, I saw the groom in the wedding dress.
But that was after the wedding, it’s not bad luck then.
Honey, it isn’t good luck.","You can’t ask us son, that’s cheating.
You’re right, thanks for keeping me honest dad.
Well, he better not come by here. He can’t see the bride in the wedding dress.
As I recall when we got married, I saw the groom in the wedding dress.
But that was after the wedding, it’s not bad luck then.
Honey, it isn’t good luck.",neutral,4,5,sadness,False,0.04284846,0.020285761,0.053090803,0.03914558,0.032892365,0.7979909,0.013746059
39,9,Ross,Oh my God! Monica!,surprise,"You’re right, thanks for keeping me honest dad.
Well, he better not come by here. He can’t see the bride in the wedding dress.
As I recall when we got married, I saw the groom in the wedding dress.
But that was after the wedding, it’s not bad luck then.
Honey, it isn’t good luck.
Oh my God! Monica!","You’re right, thanks for keeping me honest dad.
Well, he better not come by here. He can’t see the bride in the wedding dress.
As I recall when we got married, I saw the groom in the wedding dress.
But that was after the wedding, it’s not bad luck then.
Honey, it isn’t good luck.
Oh my God! Monica!",surprise,6,6,surprise,True,0.011672196,0.0047994945,0.0036693132,0.4739368,0.022391923,0.008179723,0.47535053
39,10,Monica,"I know! Hey, how’s Chandler doin’?",neutral,"Well, he better not come by here. He can’t see the bride in the wedding dress.
As I recall when we got married, I saw the groom in the wedding dress.
But that was after the wedding, it’s not bad luck then.
Honey, it isn’t good luck.
Oh my God! Monica!
I know! Hey, how’s Chandler doin’?","Well, he better not come by here. He can’t see the bride in the wedding dress.
As I recall when we got married, I saw the groom in the wedding dress.
But that was after the wedding, it’s not bad luck then.
Honey, it isn’t good luck.
Oh my God! Monica!
I know! Hey, how’s Chandler doin’?",neutral,4,3,joy,False,0.02289094,0.00434348,0.004048648,0.6473353,0.28391162,0.006510692,0.03095931
39,11,Ross,Great. He’s doing great. Don’t you worry about Chandler.,neutral,"As I recall when we got married, I saw the groom in the wedding dress.
But that was after the wedding, it’s not bad luck then.
Honey, it isn’t good luck.
Oh my God! Monica!
I know! Hey, how’s Chandler doin’?
Great. He’s doing great. Don’t you worry about Chandler.","As I recall when we got married, I saw the groom in the wedding dress.
But that was after the wedding, it’s not bad luck then.
Honey, it isn’t good luck.
Oh my God! Monica!
I know! Hey, how’s Chandler doin’?
Great. He’s doing great. Don’t you worry about Chandler.",neutral,4,4,neutral,True,0.07466828,0.009580166,0.019728009,0.03889737,0.84284,0.0094375415,0.0048486064
41,5,Monica,"What, he doesn’t like Josh?",surprise,"So, we did okay at the strip club, right?
Oh yeah, that was great. Thanks to you, the hottest cocktail waitress there is quitting to teach the third grade!
I can’t believe it! He still hasn’t called.
Who, Josh?
It’s Joshua.
What, he doesn’t like Josh?","So, we did okay at the strip club, right?
Oh yeah, that was great. Thanks to you, the hottest cocktail waitress there is quitting to teach the third grade!
I can’t believe it! He still hasn’t called.
Who, Josh?
It’s Joshua.
What, he doesn’t like Josh?",surprise,6,6,surprise,True,0.013948761,0.011937833,0.018368676,0.023388136,0.10799836,0.012239171,0.8121191
41,6,Rachel,"No, I don’t.",disgust,"Oh yeah, that was great. Thanks to you, the hottest cocktail waitress there is quitting to teach the third grade!
I can’t believe it! He still hasn’t called.
Who, Josh?
It’s Joshua.
What, he doesn’t like Josh?
No, I don’t.","Oh yeah, that was great. Thanks to you, the hottest cocktail waitress there is quitting to teach the third grade!
I can’t believe it! He still hasn’t called.
Who, Josh?
It’s Joshua.
What, he doesn’t like Josh?
No, I don’t.",disgust,1,4,neutral,False,0.007385675,0.0026918654,0.009343423,0.018457456,0.9530105,0.006388707,0.0027223448
41,7,Chandler,"All right, well I’m gonna put my sweats back on.",neutral,"I can’t believe it! He still hasn’t called.
Who, Josh?
It’s Joshua.
What, he doesn’t like Josh?
No, I don’t.
All right, well I’m gonna put my sweats back on.","I can’t believe it! He still hasn’t called.
Who, Josh?
It’s Joshua.
What, he doesn’t like Josh?
No, I don’t.
All right, well I’m gonna put my sweats back on.",neutral,4,3,joy,False,0.035207875,0.012853317,0.016357072,0.51586574,0.38607916,0.026733303,0.0069035795
41,8,Phoebe,Oh no!,surprise,"Who, Josh?
It’s Joshua.
What, he doesn’t like Josh?
No, I don’t.
All right, well I’m gonna put my sweats back on.
Oh no!","Who, Josh?
It’s Joshua.
What, he doesn’t like Josh?
No, I don’t.
All right, well I’m gonna put my sweats back on.
Oh no!",surprise,6,6,surprise,True,0.012343656,0.022550007,0.016411187,0.01806509,0.012969553,0.014365663,0.9032948
41,9,Phoebe,Wait!,surprise,"It’s Joshua.
What, he doesn’t like Josh?
No, I don’t.
All right, well I’m gonna put my sweats back on.
Oh no!
Wait!","It’s Joshua.
What, he doesn’t like Josh?
No, I don’t.
All right, well I’m gonna put my sweats back on.
Oh no!
Wait!",surprise,6,6,surprise,True,0.013846871,0.01561971,0.017505517,0.020585684,0.015720718,0.015755434,0.9009661
41,10,Phoebe,"Okay, y’know what, you were right, you were right.",sadness,"What, he doesn’t like Josh?
No, I don’t.
All right, well I’m gonna put my sweats back on.
Oh no!
Wait!
Okay, y’know what, you were right, you were right.","What, he doesn’t like Josh?
No, I don’t.
All right, well I’m gonna put my sweats back on.
Oh no!
Wait!
Okay, y’know what, you were right, you were right.",sadness,5,3,joy,False,0.033884667,0.0035146314,0.005946612,0.7717548,0.16208068,0.016566642,0.006251953
41,11,Phoebe,"We really weren’t great at being guys, but you know why?",sadness,"No, I don’t.
All right, well I’m gonna put my sweats back on.
Oh no!
Wait!
Okay, y’know what, you were right, you were right.
We really weren’t great at being guys, but you know why?","No, I don’t.
All right, well I’m gonna put my sweats back on.
Oh no!
Wait!
Okay, y’know what, you were right, you were right.
We really weren’t great at being guys, but you know why?",sadness,5,4,neutral,False,0.040883645,0.009002871,0.034606352,0.027877972,0.8134731,0.023039233,0.05111684
41,12,Phoebe,Because we’re girls.,neutral,"All right, well I’m gonna put my sweats back on.
Oh no!
Wait!
Okay, y’know what, you were right, you were right.
We really weren’t great at being guys, but you know why?
Because we’re girls.","All right, well I’m gonna put my sweats back on.
Oh no!
Wait!
Okay, y’know what, you were right, you were right.
We really weren’t great at being guys, but you know why?
Because we’re girls.",neutral,4,4,neutral,True,0.08412817,0.07735775,0.029417928,0.07076588,0.67252475,0.054772638,0.011032837
42,5,Rachel,What?,surprise,"Thank you, thanks.
Yeah, I lost it.
Y’know, I’m not gonna play anymore,  would you, can you finish my set?
After that? Yeah! No, I mean if I can help.
Yeah, like I could
What?","Thank you, thanks.
Yeah, I lost it.
Y’know, I’m not gonna play anymore,  would you, can you finish my set?
After that? Yeah! No, I mean if I can help.
Yeah, like I could
What?",surprise,6,6,surprise,True,0.025254056,0.010262399,0.040418204,0.17257667,0.3110113,0.05142977,0.38904762
42,6,Ross,I played bad on purpose guys.,joy,"Yeah, I lost it.
Y’know, I’m not gonna play anymore,  would you, can you finish my set?
After that? Yeah! No, I mean if I can help.
Yeah, like I could
What?
I played bad on purpose guys.","Yeah, I lost it.
Y’know, I’m not gonna play anymore,  would you, can you finish my set?
After that? Yeah! No, I mean if I can help.
Yeah, like I could
What?
I played bad on purpose guys.",joy,3,4,neutral,False,0.04227073,0.01822544,0.009467506,0.077756464,0.8303845,0.01654568,0.0053497865
42,7,Monica,"Okay, so you were trying to play bad this whole time.",surprise,"Y’know, I’m not gonna play anymore,  would you, can you finish my set?
After that? Yeah! No, I mean if I can help.
Yeah, like I could
What?
I played bad on purpose guys.
Okay, so you were trying to play bad this whole time.","Y’know, I’m not gonna play anymore,  would you, can you finish my set?
After that? Yeah! No, I mean if I can help.
Yeah, like I could
What?
I played bad on purpose guys.
Okay, so you were trying to play bad this whole time.",surprise,6,4,neutral,False,0.10332986,0.04014306,0.0137854945,0.046097428,0.7660435,0.019972786,0.010627916
42,8,Ross,"Yeah—no, just that last song.",neutral,"After that? Yeah! No, I mean if I can help.
Yeah, like I could
What?
I played bad on purpose guys.
Okay, so you were trying to play bad this whole time.
Yeah—no, just that last song.","After that? Yeah! No, I mean if I can help.
Yeah, like I could
What?
I played bad on purpose guys.
Okay, so you were trying to play bad this whole time.
Yeah—no, just that last song.",neutral,4,4,neutral,True,0.0056760283,0.002365799,0.0027717561,0.015495696,0.96691316,0.005037829,0.0017397025
43,5,Joey,"All right Pheebs, stick out your plate!",neutral,"Oh, I was thinking about having people over for the game.
Oh yeah, who’s playing?
The players.
Somebody seems to be missing being the hostess.
Please, it’s a relief is what it is, is what it is.
All right Pheebs, stick out your plate!","Oh, I was thinking about having people over for the game.
Oh yeah, who’s playing?
The players.
Somebody seems to be missing being the hostess.
Please, it’s a relief is what it is, is what it is.
All right Pheebs, stick out your plate!",neutral,4,0,anger,False,0.62801856,0.029464941,0.013115884,0.22451976,0.06502665,0.014063575,0.02579061
43,6,Phoebe,Oh.,neutral,"Oh yeah, who’s playing?
The players.
Somebody seems to be missing being the hostess.
Please, it’s a relief is what it is, is what it is.
All right Pheebs, stick out your plate!
Oh.","Oh yeah, who’s playing?
The players.
Somebody seems to be missing being the hostess.
Please, it’s a relief is what it is, is what it is.
All right Pheebs, stick out your plate!
Oh.",neutral,4,4,neutral,True,0.007439818,0.01208215,0.027419807,0.09859067,0.72728205,0.015688773,0.11149674
45,5,Phoebe,Thanks Mon!,joy,"Phoebe! Come on! Let’s go!  Come on!  Why aren’t you dressed yet?!
I’m sorry, but I just wrote the best dance song for your wedding. Check this out.
No, Phoebe, I’ll tell you what, if you get ready now I’ll let you play it at the wedding.
Really?!
Oh that’s so exciting!
Thanks Mon!","Phoebe! Come on! Let’s go!  Come on!  Why aren’t you dressed yet?!
I’m sorry, but I just wrote the best dance song for your wedding. Check this out.
No, Phoebe, I’ll tell you what, if you get ready now I’ll let you play it at the wedding.
Really?!
Oh that’s so exciting!
Thanks Mon!",joy,3,3,joy,True,0.0089782225,0.0020682113,0.0015715895,0.9547944,0.0098183425,0.0044388175,0.018330447
45,6,Phoebe,"Oh but Mon, if you touch my guitar again I’ll have to pound on you for a little bit.",anger,"I’m sorry, but I just wrote the best dance song for your wedding. Check this out.
No, Phoebe, I’ll tell you what, if you get ready now I’ll let you play it at the wedding.
Really?!
Oh that’s so exciting!
Thanks Mon!
Oh but Mon, if you touch my guitar again I’ll have to pound on you for a little bit.","I’m sorry, but I just wrote the best dance song for your wedding. Check this out.
No, Phoebe, I’ll tell you what, if you get ready now I’ll let you play it at the wedding.
Really?!
Oh that’s so exciting!
Thanks Mon!
Oh but Mon, if you touch my guitar again I’ll have to pound on you for a little bit.",anger,0,0,anger,True,0.21891959,0.10580778,0.13644019,0.2001121,0.21715683,0.083247736,0.038315747
45,7,Monica,"Fair enough, now go get ready!",neutral,"No, Phoebe, I’ll tell you what, if you get ready now I’ll let you play it at the wedding.
Really?!
Oh that’s so exciting!
Thanks Mon!
Oh but Mon, if you touch my guitar again I’ll have to pound on you for a little bit.
Fair enough, now go get ready!","No, Phoebe, I’ll tell you what, if you get ready now I’ll let you play it at the wedding.
Really?!
Oh that’s so exciting!
Thanks Mon!
Oh but Mon, if you touch my guitar again I’ll have to pound on you for a little bit.
Fair enough, now go get ready!",neutral,4,3,joy,False,0.11394166,0.008159096,0.011220812,0.5883279,0.2563312,0.012534307,0.009484953
45,8,Monica,"I’ll get everybody else , finally we can start celebrating my— I’m sorry, uh apparently I’ve opened the door to the past.",neutral,"Really?!
Oh that’s so exciting!
Thanks Mon!
Oh but Mon, if you touch my guitar again I’ll have to pound on you for a little bit.
Fair enough, now go get ready!
I’ll get everybody else , finally we can start celebrating my— I’m sorry, uh apparently I’ve opened the door to the past.","Really?!
Oh that’s so exciting!
Thanks Mon!
Oh but Mon, if you touch my guitar again I’ll have to pound on you for a little bit.
Fair enough, now go get ready!
I’ll get everybody else , finally we can start celebrating my— I’m sorry, uh apparently I’ve opened the door to the past.",neutral,4,5,sadness,False,0.07138885,0.024850212,0.07637361,0.04360153,0.06807952,0.633829,0.08187726
46,5,Leslie,With them I’m one hot chicky.,joy,"My best shoes, so good to me.
I wear them everyday.
Down at the heel, holes in the toes.
Don’t care what people say.
My feet’s best friends, pals to the end.
With them I’m one hot chicky.","My best shoes, so good to me.
I wear them everyday.
Down at the heel, holes in the toes.
Don’t care what people say.
My feet’s best friends, pals to the end.
With them I’m one hot chicky.",joy,3,3,joy,True,0.015327589,0.0054076384,0.0021749036,0.9189212,0.03989507,0.008462964,0.009810765
46,6,Leslie,"Though late one night, not much light, I....",neutral,"I wear them everyday.
Down at the heel, holes in the toes.
Don’t care what people say.
My feet’s best friends, pals to the end.
With them I’m one hot chicky.
Though late one night, not much light, I....","I wear them everyday.
Down at the heel, holes in the toes.
Don’t care what people say.
My feet’s best friends, pals to the end.
With them I’m one hot chicky.
Though late one night, not much light, I....",neutral,4,4,neutral,True,0.005811992,0.006535982,0.0066851457,0.05393546,0.91080356,0.012305867,0.0039219465
46,7,Phoebe,I stepped in something icky.,joy,"Down at the heel, holes in the toes.
Don’t care what people say.
My feet’s best friends, pals to the end.
With them I’m one hot chicky.
Though late one night, not much light, I....
I stepped in something icky.","Down at the heel, holes in the toes.
Don’t care what people say.
My feet’s best friends, pals to the end.
With them I’m one hot chicky.
Though late one night, not much light, I....
I stepped in something icky.",joy,3,5,sadness,False,0.044059724,0.11140524,0.06458464,0.06406498,0.07129032,0.6030663,0.041528765
46,8,Phoebe and Leslie,"Sticky shoes, sticky shoes, always make me smile. Sticky shoes, sticky shoes, next time I’ll.... avoid the..... pillleeeee.",joy,"Don’t care what people say.
My feet’s best friends, pals to the end.
With them I’m one hot chicky.
Though late one night, not much light, I....
I stepped in something icky.
Sticky shoes, sticky shoes, always make me smile. Sticky shoes, sticky shoes, next time I’ll.... avoid the..... pillleeeee.","Don’t care what people say.
My feet’s best friends, pals to the end.
With them I’m one hot chicky.
Though late one night, not much light, I....
I stepped in something icky.
Sticky shoes, sticky shoes, always make me smile. Sticky shoes, sticky shoes, next time I’ll.... avoid the..... pillleeeee.",joy,3,4,neutral,False,0.023761852,0.08090914,0.055877604,0.22378294,0.51749825,0.07139883,0.026771415
47,5,Chandler,"Look, I’m just gonna be across the hall, we can still do all the same stuff.",neutral,"God, it’s gonna so weird like when I come home and you’re not here.
No more Joey and Chan’s.
No more J and C’s.
""You wanna go over to Joey and Chandler’s?""
""Can’t, its not there.""
Look, I’m just gonna be across the hall, we can still do all the same stuff.","God, it’s gonna so weird like when I come home and you’re not here.
No more Joey and Chan’s.
No more J and C’s.
""You wanna go over to Joey and Chandler’s?""
""Can’t, its not there.""
Look, I’m just gonna be across the hall, we can still do all the same stuff.",neutral,4,4,neutral,True,0.01796105,0.007821788,0.00395225,0.2731102,0.68397015,0.007347479,0.0058370675
47,6,Joey,Yeah but we won’t be able to like get up in the middle of the night and have those long talks about our feelings and the future.,sadness,"No more Joey and Chan’s.
No more J and C’s.
""You wanna go over to Joey and Chandler’s?""
""Can’t, its not there.""
Look, I’m just gonna be across the hall, we can still do all the same stuff.
Yeah but we won’t be able to like get up in the middle of the night and have those long talks about our feelings and the future.","No more Joey and Chan’s.
No more J and C’s.
""You wanna go over to Joey and Chandler’s?""
""Can’t, its not there.""
Look, I’m just gonna be across the hall, we can still do all the same stuff.
Yeah but we won’t be able to like get up in the middle of the night and have those long talks about our feelings and the future.",sadness,5,4,neutral,False,0.077718824,0.031242086,0.031168675,0.24494992,0.53496796,0.062078066,0.017874505
47,7,Chandler,Not once did we do that.,neutral,"No more J and C’s.
""You wanna go over to Joey and Chandler’s?""
""Can’t, its not there.""
Look, I’m just gonna be across the hall, we can still do all the same stuff.
Yeah but we won’t be able to like get up in the middle of the night and have those long talks about our feelings and the future.
Not once did we do that.","No more J and C’s.
""You wanna go over to Joey and Chandler’s?""
""Can’t, its not there.""
Look, I’m just gonna be across the hall, we can still do all the same stuff.
Yeah but we won’t be able to like get up in the middle of the night and have those long talks about our feelings and the future.
Not once did we do that.",neutral,4,4,neutral,True,0.065819964,0.008592874,0.009714639,0.16379139,0.68300784,0.037540685,0.031532574
47,8,Monica,Hi.,neutral,"""You wanna go over to Joey and Chandler’s?""
""Can’t, its not there.""
Look, I’m just gonna be across the hall, we can still do all the same stuff.
Yeah but we won’t be able to like get up in the middle of the night and have those long talks about our feelings and the future.
Not once did we do that.
Hi.","""You wanna go over to Joey and Chandler’s?""
""Can’t, its not there.""
Look, I’m just gonna be across the hall, we can still do all the same stuff.
Yeah but we won’t be able to like get up in the middle of the night and have those long talks about our feelings and the future.
Not once did we do that.
Hi.",neutral,4,4,neutral,True,0.0055688308,0.0015183237,0.0019778658,0.09939147,0.8832982,0.0028475253,0.0053978143
47,9,Chandler,Hey!,neutral,"""Can’t, its not there.""
Look, I’m just gonna be across the hall, we can still do all the same stuff.
Yeah but we won’t be able to like get up in the middle of the night and have those long talks about our feelings and the future.
Not once did we do that.
Hi.
Hey!","""Can’t, its not there.""
Look, I’m just gonna be across the hall, we can still do all the same stuff.
Yeah but we won’t be able to like get up in the middle of the night and have those long talks about our feelings and the future.
Not once did we do that.
Hi.
Hey!",neutral,4,3,joy,False,0.019703211,0.0024946213,0.001724144,0.88629156,0.028001811,0.0037180812,0.05806659
47,10,Joey,Hi.,neutral,"Look, I’m just gonna be across the hall, we can still do all the same stuff.
Yeah but we won’t be able to like get up in the middle of the night and have those long talks about our feelings and the future.
Not once did we do that.
Hi.
Hey!
Hi.","Look, I’m just gonna be across the hall, we can still do all the same stuff.
Yeah but we won’t be able to like get up in the middle of the night and have those long talks about our feelings and the future.
Not once did we do that.
Hi.
Hey!
Hi.",neutral,4,3,joy,False,0.014686482,0.0024643198,0.002136569,0.80178404,0.15834886,0.004077859,0.016501835
47,11,Monica,"So I, I told Rachel it was just gonna be the two of us.",neutral,"Yeah but we won’t be able to like get up in the middle of the night and have those long talks about our feelings and the future.
Not once did we do that.
Hi.
Hey!
Hi.
So I, I told Rachel it was just gonna be the two of us.","Yeah but we won’t be able to like get up in the middle of the night and have those long talks about our feelings and the future.
Not once did we do that.
Hi.
Hey!
Hi.
So I, I told Rachel it was just gonna be the two of us.",neutral,4,4,neutral,True,0.015382598,0.003783599,0.005075369,0.462907,0.49056682,0.014972052,0.0073125088
47,12,Chandler,"Oh yeah? Well, how’d she take it?",neutral,"Not once did we do that.
Hi.
Hey!
Hi.
So I, I told Rachel it was just gonna be the two of us.
Oh yeah? Well, how’d she take it?","Not once did we do that.
Hi.
Hey!
Hi.
So I, I told Rachel it was just gonna be the two of us.
Oh yeah? Well, how’d she take it?",neutral,4,4,neutral,True,0.008423204,0.0023772733,0.005182602,0.16484107,0.794199,0.007999156,0.016977642
47,13,Monica,"Really well. Yeah. Surprisingly well. Yeah, she didn’t cry. She wasn’t angry or sad.",neutral,"Hi.
Hey!
Hi.
So I, I told Rachel it was just gonna be the two of us.
Oh yeah? Well, how’d she take it?
Really well. Yeah. Surprisingly well. Yeah, she didn’t cry. She wasn’t angry or sad.","Hi.
Hey!
Hi.
So I, I told Rachel it was just gonna be the two of us.
Oh yeah? Well, how’d she take it?
Really well. Yeah. Surprisingly well. Yeah, she didn’t cry. She wasn’t angry or sad.",neutral,4,4,neutral,True,0.057125643,0.012862265,0.018192127,0.03271257,0.8546428,0.020035442,0.0044290777
48,5,Ross,"Yeah, cheerie-o!",joy,"Okay, if you need the vacuum, it’s in my closet on the left-hand side. Ah, the garbage bags are next to the refrigerator
Okay, okay, but Rachel’s gonna be here too, can’t I just ask her this stuff?
Yeah, okay, give that a try!
All right! Let’s do it!
Woo-hoo!!
Yeah, cheerie-o!","Okay, if you need the vacuum, it’s in my closet on the left-hand side. Ah, the garbage bags are next to the refrigerator
Okay, okay, but Rachel’s gonna be here too, can’t I just ask her this stuff?
Yeah, okay, give that a try!
All right! Let’s do it!
Woo-hoo!!
Yeah, cheerie-o!",joy,3,3,joy,True,0.009490049,0.0040400866,0.0022230747,0.9454941,0.015999468,0.004605514,0.018147737
48,6,Joey,London baby!,joy,"Okay, okay, but Rachel’s gonna be here too, can’t I just ask her this stuff?
Yeah, okay, give that a try!
All right! Let’s do it!
Woo-hoo!!
Yeah, cheerie-o!
London baby!","Okay, okay, but Rachel’s gonna be here too, can’t I just ask her this stuff?
Yeah, okay, give that a try!
All right! Let’s do it!
Woo-hoo!!
Yeah, cheerie-o!
London baby!",joy,3,3,joy,True,0.009293293,0.0023842524,0.0018090616,0.95228684,0.01426066,0.0039528916,0.016013099
49,5,Monica,"Well that's because you always sleep to noon, silly! This is what 9 looks like.",neutral,"Hi!
Hi!
Monica? What time is it?
Uhh, 9.
But it's dark out.
Well that's because you always sleep to noon, silly! This is what 9 looks like.","Hi!
Hi!
Monica? What time is it?
Uhh, 9.
But it's dark out.
Well that's because you always sleep to noon, silly! This is what 9 looks like.",neutral,4,4,neutral,True,0.0119909905,0.004549235,0.002747723,0.04346893,0.92437655,0.0047511407,0.008115443
49,6,Joey,I guess I'll get washed up then. Watch that sunrise.,neutral,"Hi!
Monica? What time is it?
Uhh, 9.
But it's dark out.
Well that's because you always sleep to noon, silly! This is what 9 looks like.
I guess I'll get washed up then. Watch that sunrise.","Hi!
Monica? What time is it?
Uhh, 9.
But it's dark out.
Well that's because you always sleep to noon, silly! This is what 9 looks like.
I guess I'll get washed up then. Watch that sunrise.",neutral,4,4,neutral,True,0.022003021,0.0043285545,0.005028399,0.054462392,0.90706354,0.0045030047,0.0026111384
49,7,Monica,I'm,neutral,"Monica? What time is it?
Uhh, 9.
But it's dark out.
Well that's because you always sleep to noon, silly! This is what 9 looks like.
I guess I'll get washed up then. Watch that sunrise.
I'm","Monica? What time is it?
Uhh, 9.
But it's dark out.
Well that's because you always sleep to noon, silly! This is what 9 looks like.
I guess I'll get washed up then. Watch that sunrise.
I'm",neutral,4,4,neutral,True,0.012760475,0.0018393826,0.002683992,0.039730474,0.9375865,0.0029253855,0.0024737935
49,8,Chandler,"I know, me too.",neutral,"Uhh, 9.
But it's dark out.
Well that's because you always sleep to noon, silly! This is what 9 looks like.
I guess I'll get washed up then. Watch that sunrise.
I'm
I know, me too.","Uhh, 9.
But it's dark out.
Well that's because you always sleep to noon, silly! This is what 9 looks like.
I guess I'll get washed up then. Watch that sunrise.
I'm
I know, me too.",neutral,4,3,joy,False,0.034081582,0.011759693,0.060321458,0.40990266,0.39833286,0.070151106,0.015450632
49,9,Chandler,Hey!,joy,"But it's dark out.
Well that's because you always sleep to noon, silly! This is what 9 looks like.
I guess I'll get washed up then. Watch that sunrise.
I'm
I know, me too.
Hey!","But it's dark out.
Well that's because you always sleep to noon, silly! This is what 9 looks like.
I guess I'll get washed up then. Watch that sunrise.
I'm
I know, me too.
Hey!",joy,3,3,joy,True,0.060418557,0.004941918,0.0037171305,0.6622819,0.03747352,0.0072223125,0.22394463
49,10,Chandler,Y'know what if we went away for a whole weekend?,neutral,"Well that's because you always sleep to noon, silly! This is what 9 looks like.
I guess I'll get washed up then. Watch that sunrise.
I'm
I know, me too.
Hey!
Y'know what if we went away for a whole weekend?","Well that's because you always sleep to noon, silly! This is what 9 looks like.
I guess I'll get washed up then. Watch that sunrise.
I'm
I know, me too.
Hey!
Y'know what if we went away for a whole weekend?",neutral,4,3,joy,False,0.1371953,0.006723218,0.011985368,0.4274179,0.36845517,0.010925901,0.037297096
49,11,Chandler,Y'know we'd have no interruptions and we could be naked the entire time.,joy,"I guess I'll get washed up then. Watch that sunrise.
I'm
I know, me too.
Hey!
Y'know what if we went away for a whole weekend?
Y'know we'd have no interruptions and we could be naked the entire time.","I guess I'll get washed up then. Watch that sunrise.
I'm
I know, me too.
Hey!
Y'know what if we went away for a whole weekend?
Y'know we'd have no interruptions and we could be naked the entire time.",joy,3,4,neutral,False,0.024361623,0.02288853,0.008241463,0.06797736,0.861031,0.0053748703,0.010125179
49,12,Monica,All weekend? That's a whole lotta naked.,surprise,"I'm
I know, me too.
Hey!
Y'know what if we went away for a whole weekend?
Y'know we'd have no interruptions and we could be naked the entire time.
All weekend? That's a whole lotta naked.","I'm
I know, me too.
Hey!
Y'know what if we went away for a whole weekend?
Y'know we'd have no interruptions and we could be naked the entire time.
All weekend? That's a whole lotta naked.",surprise,6,4,neutral,False,0.01929874,0.06979677,0.013903144,0.117808074,0.615431,0.012978017,0.15078428
49,13,Chandler,"Yeah, I can say that I have a conference and you can say you have a chef thing.",neutral,"I know, me too.
Hey!
Y'know what if we went away for a whole weekend?
Y'know we'd have no interruptions and we could be naked the entire time.
All weekend? That's a whole lotta naked.
Yeah, I can say that I have a conference and you can say you have a chef thing.","I know, me too.
Hey!
Y'know what if we went away for a whole weekend?
Y'know we'd have no interruptions and we could be naked the entire time.
All weekend? That's a whole lotta naked.
Yeah, I can say that I have a conference and you can say you have a chef thing.",neutral,4,4,neutral,True,0.007618683,0.0044858567,0.0024751977,0.036628947,0.9411557,0.0036890472,0.0039465833
49,14,Monica,"Ohh, I've always wanted to go to this culinary fair that they have in Jersey!",joy,"Hey!
Y'know what if we went away for a whole weekend?
Y'know we'd have no interruptions and we could be naked the entire time.
All weekend? That's a whole lotta naked.
Yeah, I can say that I have a conference and you can say you have a chef thing.
Ohh, I've always wanted to go to this culinary fair that they have in Jersey!","Hey!
Y'know what if we went away for a whole weekend?
Y'know we'd have no interruptions and we could be naked the entire time.
All weekend? That's a whole lotta naked.
Yeah, I can say that I have a conference and you can say you have a chef thing.
Ohh, I've always wanted to go to this culinary fair that they have in Jersey!",joy,3,3,joy,True,0.028219108,0.0129853925,0.005318732,0.57652617,0.01652232,0.010545497,0.34988278
49,15,Chandler,"Okay, y'know your not though. Let's go.",neutral,"Y'know what if we went away for a whole weekend?
Y'know we'd have no interruptions and we could be naked the entire time.
All weekend? That's a whole lotta naked.
Yeah, I can say that I have a conference and you can say you have a chef thing.
Ohh, I've always wanted to go to this culinary fair that they have in Jersey!
Okay, y'know your not though. Let's go.","Y'know what if we went away for a whole weekend?
Y'know we'd have no interruptions and we could be naked the entire time.
All weekend? That's a whole lotta naked.
Yeah, I can say that I have a conference and you can say you have a chef thing.
Ohh, I've always wanted to go to this culinary fair that they have in Jersey!
Okay, y'know your not though. Let's go.",neutral,4,4,neutral,True,0.005242367,0.0027104653,0.0021652242,0.046382844,0.93843895,0.0029421167,0.0021180531
49,16,Monica,Wait! What about Joey?,neutral,"Y'know we'd have no interruptions and we could be naked the entire time.
All weekend? That's a whole lotta naked.
Yeah, I can say that I have a conference and you can say you have a chef thing.
Ohh, I've always wanted to go to this culinary fair that they have in Jersey!
Okay, y'know your not though. Let's go.
Wait! What about Joey?","Y'know we'd have no interruptions and we could be naked the entire time.
All weekend? That's a whole lotta naked.
Yeah, I can say that I have a conference and you can say you have a chef thing.
Ohh, I've always wanted to go to this culinary fair that they have in Jersey!
Okay, y'know your not though. Let's go.
Wait! What about Joey?",neutral,4,6,surprise,False,0.008188916,0.0048412783,0.013269132,0.011122501,0.031914428,0.01378685,0.91687685
52,5,Joey,But Rachel has an apartment.,neutral,"Okay I-I just have to stop by my place first.
To tape the game? You do this every time Ross, you’re
No-no, I-I have to see if this apartment became available.
Oh, you’re switching apartments?
It’s not for me, it’s for Rachel.
But Rachel has an apartment.","Okay I-I just have to stop by my place first.
To tape the game? You do this every time Ross, you’re
No-no, I-I have to see if this apartment became available.
Oh, you’re switching apartments?
It’s not for me, it’s for Rachel.
But Rachel has an apartment.",neutral,4,4,neutral,True,0.017919227,0.0067262575,0.0040276763,0.011951784,0.9342667,0.004582738,0.02052573
52,6,Ross,"Yeah, but when the baby comes she’s gonna want to move.",neutral,"To tape the game? You do this every time Ross, you’re
No-no, I-I have to see if this apartment became available.
Oh, you’re switching apartments?
It’s not for me, it’s for Rachel.
But Rachel has an apartment.
Yeah, but when the baby comes she’s gonna want to move.","To tape the game? You do this every time Ross, you’re
No-no, I-I have to see if this apartment became available.
Oh, you’re switching apartments?
It’s not for me, it’s for Rachel.
But Rachel has an apartment.
Yeah, but when the baby comes she’s gonna want to move.",neutral,4,4,neutral,True,0.0059664464,0.004390733,0.011633845,0.028876677,0.9272918,0.01741055,0.004429907
52,7,Joey,She is?,surprise,"No-no, I-I have to see if this apartment became available.
Oh, you’re switching apartments?
It’s not for me, it’s for Rachel.
But Rachel has an apartment.
Yeah, but when the baby comes she’s gonna want to move.
She is?","No-no, I-I have to see if this apartment became available.
Oh, you’re switching apartments?
It’s not for me, it’s for Rachel.
But Rachel has an apartment.
Yeah, but when the baby comes she’s gonna want to move.
She is?",surprise,6,6,surprise,True,0.0055305213,0.003175534,0.00670371,0.011832858,0.05240439,0.006410719,0.9139423
52,8,Ross,"Yeah, you didn’t expect her to live there with a baby did you?",surprise,"Oh, you’re switching apartments?
It’s not for me, it’s for Rachel.
But Rachel has an apartment.
Yeah, but when the baby comes she’s gonna want to move.
She is?
Yeah, you didn’t expect her to live there with a baby did you?","Oh, you’re switching apartments?
It’s not for me, it’s for Rachel.
But Rachel has an apartment.
Yeah, but when the baby comes she’s gonna want to move.
She is?
Yeah, you didn’t expect her to live there with a baby did you?",surprise,6,6,surprise,True,0.02158487,0.009061493,0.029270677,0.05348133,0.2851979,0.029318778,0.57208496
52,9,Joey,I guess I didn’t really think about it.,neutral,"It’s not for me, it’s for Rachel.
But Rachel has an apartment.
Yeah, but when the baby comes she’s gonna want to move.
She is?
Yeah, you didn’t expect her to live there with a baby did you?
I guess I didn’t really think about it.","It’s not for me, it’s for Rachel.
But Rachel has an apartment.
Yeah, but when the baby comes she’s gonna want to move.
She is?
Yeah, you didn’t expect her to live there with a baby did you?
I guess I didn’t really think about it.",neutral,4,5,sadness,False,0.064907424,0.016124804,0.09635494,0.091501005,0.1927312,0.41385484,0.12452576
52,10,Ross,Ezel!  Hey Gunther! You’re an ezel!,anger,"But Rachel has an apartment.
Yeah, but when the baby comes she’s gonna want to move.
She is?
Yeah, you didn’t expect her to live there with a baby did you?
I guess I didn’t really think about it.
Ezel!  Hey Gunther! You’re an ezel!","But Rachel has an apartment.
Yeah, but when the baby comes she’s gonna want to move.
She is?
Yeah, you didn’t expect her to live there with a baby did you?
I guess I didn’t really think about it.
Ezel!  Hey Gunther! You’re an ezel!",anger,0,3,joy,False,0.030542698,0.0045672483,0.0023747238,0.82701087,0.011337145,0.0054957513,0.118671514
52,11,Ross,Damnit!,anger,"Yeah, but when the baby comes she’s gonna want to move.
She is?
Yeah, you didn’t expect her to live there with a baby did you?
I guess I didn’t really think about it.
Ezel!  Hey Gunther! You’re an ezel!
Damnit!","Yeah, but when the baby comes she’s gonna want to move.
She is?
Yeah, you didn’t expect her to live there with a baby did you?
I guess I didn’t really think about it.
Ezel!  Hey Gunther! You’re an ezel!
Damnit!",anger,0,0,anger,True,0.881556,0.016164495,0.018214816,0.032810807,0.027131565,0.0152854845,0.008836926
53,5,Rachel,"Huh. Except, Phoebe’s not gonna be the one that gets to dress them.",neutral,"Look what I got! Look what I got! Look what I got!  Can you believe they make these for little people?
Little village people.
Okay, look at this one. This is my favourite.
Oh, that is so sweet!
I know! Phoebe is gonna love dressing them in these!
Huh. Except, Phoebe’s not gonna be the one that gets to dress them.","Look what I got! Look what I got! Look what I got!  Can you believe they make these for little people?
Little village people.
Okay, look at this one. This is my favourite.
Oh, that is so sweet!
I know! Phoebe is gonna love dressing them in these!
Huh. Except, Phoebe’s not gonna be the one that gets to dress them.",neutral,4,4,neutral,True,0.03661927,0.008468572,0.0058686505,0.17578372,0.7458548,0.020987341,0.0064175893
53,6,Monica,Because she’s not gonna get to keep the babies.,sadness,"Little village people.
Okay, look at this one. This is my favourite.
Oh, that is so sweet!
I know! Phoebe is gonna love dressing them in these!
Huh. Except, Phoebe’s not gonna be the one that gets to dress them.
Because she’s not gonna get to keep the babies.","Little village people.
Okay, look at this one. This is my favourite.
Oh, that is so sweet!
I know! Phoebe is gonna love dressing them in these!
Huh. Except, Phoebe’s not gonna be the one that gets to dress them.
Because she’s not gonna get to keep the babies.",sadness,5,5,sadness,True,0.19923949,0.080691874,0.08026617,0.09113032,0.26170617,0.26397187,0.022994097
53,7,Rachel,Oh my God! We are throwing the most depressing baby shower ever!,sadness,"Okay, look at this one. This is my favourite.
Oh, that is so sweet!
I know! Phoebe is gonna love dressing them in these!
Huh. Except, Phoebe’s not gonna be the one that gets to dress them.
Because she’s not gonna get to keep the babies.
Oh my God! We are throwing the most depressing baby shower ever!","Okay, look at this one. This is my favourite.
Oh, that is so sweet!
I know! Phoebe is gonna love dressing them in these!
Huh. Except, Phoebe’s not gonna be the one that gets to dress them.
Because she’s not gonna get to keep the babies.
Oh my God! We are throwing the most depressing baby shower ever!",sadness,5,3,joy,False,0.10546627,0.09711195,0.014518579,0.37016055,0.012460555,0.06428088,0.3360013
53,8,Monica,Wait a minute!,surprise,"Oh, that is so sweet!
I know! Phoebe is gonna love dressing them in these!
Huh. Except, Phoebe’s not gonna be the one that gets to dress them.
Because she’s not gonna get to keep the babies.
Oh my God! We are throwing the most depressing baby shower ever!
Wait a minute!","Oh, that is so sweet!
I know! Phoebe is gonna love dressing them in these!
Huh. Except, Phoebe’s not gonna be the one that gets to dress them.
Because she’s not gonna get to keep the babies.
Oh my God! We are throwing the most depressing baby shower ever!
Wait a minute!",surprise,6,6,surprise,True,0.07534056,0.0607654,0.04350575,0.05188099,0.03401775,0.046954457,0.68753505
53,9,Monica,"Unless, we give her all gifts she can use after she’s done being pregnant.",joy,"I know! Phoebe is gonna love dressing them in these!
Huh. Except, Phoebe’s not gonna be the one that gets to dress them.
Because she’s not gonna get to keep the babies.
Oh my God! We are throwing the most depressing baby shower ever!
Wait a minute!
Unless, we give her all gifts she can use after she’s done being pregnant.","I know! Phoebe is gonna love dressing them in these!
Huh. Except, Phoebe’s not gonna be the one that gets to dress them.
Because she’s not gonna get to keep the babies.
Oh my God! We are throwing the most depressing baby shower ever!
Wait a minute!
Unless, we give her all gifts she can use after she’s done being pregnant.",joy,3,4,neutral,False,0.017458718,0.008324344,0.0060779625,0.15772492,0.7898837,0.012631204,0.007899137
53,10,Monica,"Like-like umm, regular coffee, Tequila.",neutral,"Huh. Except, Phoebe’s not gonna be the one that gets to dress them.
Because she’s not gonna get to keep the babies.
Oh my God! We are throwing the most depressing baby shower ever!
Wait a minute!
Unless, we give her all gifts she can use after she’s done being pregnant.
Like-like umm, regular coffee, Tequila.","Huh. Except, Phoebe’s not gonna be the one that gets to dress them.
Because she’s not gonna get to keep the babies.
Oh my God! We are throwing the most depressing baby shower ever!
Wait a minute!
Unless, we give her all gifts she can use after she’s done being pregnant.
Like-like umm, regular coffee, Tequila.",neutral,4,4,neutral,True,0.0061944774,0.0073408494,0.0026075323,0.047962226,0.9274626,0.0048065423,0.003625711
53,11,Rachel,"Oh, and somebody can get those leather pants she’s always wanted!",joy,"Because she’s not gonna get to keep the babies.
Oh my God! We are throwing the most depressing baby shower ever!
Wait a minute!
Unless, we give her all gifts she can use after she’s done being pregnant.
Like-like umm, regular coffee, Tequila.
Oh, and somebody can get those leather pants she’s always wanted!","Because she’s not gonna get to keep the babies.
Oh my God! We are throwing the most depressing baby shower ever!
Wait a minute!
Unless, we give her all gifts she can use after she’s done being pregnant.
Like-like umm, regular coffee, Tequila.
Oh, and somebody can get those leather pants she’s always wanted!",joy,3,3,joy,True,0.0140453875,0.0031117087,0.0021400375,0.93757445,0.013652357,0.005840667,0.023635378
53,12,Monica,"Oh, she’s gonna love that!",joy,"Oh my God! We are throwing the most depressing baby shower ever!
Wait a minute!
Unless, we give her all gifts she can use after she’s done being pregnant.
Like-like umm, regular coffee, Tequila.
Oh, and somebody can get those leather pants she’s always wanted!
Oh, she’s gonna love that!","Oh my God! We are throwing the most depressing baby shower ever!
Wait a minute!
Unless, we give her all gifts she can use after she’s done being pregnant.
Like-like umm, regular coffee, Tequila.
Oh, and somebody can get those leather pants she’s always wanted!
Oh, she’s gonna love that!",joy,3,3,joy,True,0.0086625395,0.0027052562,0.0022649744,0.936957,0.021989072,0.0053577693,0.022063304
54,5,Ross,What?!,surprise,"Okay you two are asking the court for an annulment?
Yes your honor, and here are, are forms, all filled out.
So based on your petition you are seeking an annulment on the grounds that Mr. Geller is mentally unstable.
Fine, I’m mentally unstable.
And based on the fact that Mr. Geller is intravenous drug user.
What?!","Okay you two are asking the court for an annulment?
Yes your honor, and here are, are forms, all filled out.
So based on your petition you are seeking an annulment on the grounds that Mr. Geller is mentally unstable.
Fine, I’m mentally unstable.
And based on the fact that Mr. Geller is intravenous drug user.
What?!",surprise,6,6,surprise,True,0.0066468283,0.004477746,0.006097513,0.006344269,0.014035792,0.0069941767,0.95540375
54,6,Rachel,"Uh yes, heroin and crack.",neutral,"Yes your honor, and here are, are forms, all filled out.
So based on your petition you are seeking an annulment on the grounds that Mr. Geller is mentally unstable.
Fine, I’m mentally unstable.
And based on the fact that Mr. Geller is intravenous drug user.
What?!
Uh yes, heroin and crack.","Yes your honor, and here are, are forms, all filled out.
So based on your petition you are seeking an annulment on the grounds that Mr. Geller is mentally unstable.
Fine, I’m mentally unstable.
And based on the fact that Mr. Geller is intravenous drug user.
What?!
Uh yes, heroin and crack.",neutral,4,4,neutral,True,0.006114468,0.0052078953,0.004352297,0.009218051,0.9690986,0.0032564516,0.0027522848
54,7,Ross,Crack isn’t even an intravenous drug!,anger,"So based on your petition you are seeking an annulment on the grounds that Mr. Geller is mentally unstable.
Fine, I’m mentally unstable.
And based on the fact that Mr. Geller is intravenous drug user.
What?!
Uh yes, heroin and crack.
Crack isn’t even an intravenous drug!","So based on your petition you are seeking an annulment on the grounds that Mr. Geller is mentally unstable.
Fine, I’m mentally unstable.
And based on the fact that Mr. Geller is intravenous drug user.
What?!
Uh yes, heroin and crack.
Crack isn’t even an intravenous drug!",anger,0,0,anger,True,0.82986474,0.041304544,0.018745169,0.022113249,0.026464567,0.017419646,0.044088002
54,8,Rachel,"Well, you would know.",neutral,"Fine, I’m mentally unstable.
And based on the fact that Mr. Geller is intravenous drug user.
What?!
Uh yes, heroin and crack.
Crack isn’t even an intravenous drug!
Well, you would know.","Fine, I’m mentally unstable.
And based on the fact that Mr. Geller is intravenous drug user.
What?!
Uh yes, heroin and crack.
Crack isn’t even an intravenous drug!
Well, you would know.",neutral,4,4,neutral,True,0.018074762,0.005246687,0.017962318,0.037443675,0.9074489,0.0076808073,0.006142888
54,9,Judge,Now it also says here that you lied about your sexual preference before marriage?,neutral,"And based on the fact that Mr. Geller is intravenous drug user.
What?!
Uh yes, heroin and crack.
Crack isn’t even an intravenous drug!
Well, you would know.
Now it also says here that you lied about your sexual preference before marriage?","And based on the fact that Mr. Geller is intravenous drug user.
What?!
Uh yes, heroin and crack.
Crack isn’t even an intravenous drug!
Well, you would know.
Now it also says here that you lied about your sexual preference before marriage?",neutral,4,0,anger,False,0.5488069,0.058866892,0.03616403,0.028446162,0.14226983,0.030176997,0.15526916
54,10,Ross,"Oh, come on!",sadness,"What?!
Uh yes, heroin and crack.
Crack isn’t even an intravenous drug!
Well, you would know.
Now it also says here that you lied about your sexual preference before marriage?
Oh, come on!","What?!
Uh yes, heroin and crack.
Crack isn’t even an intravenous drug!
Well, you would know.
Now it also says here that you lied about your sexual preference before marriage?
Oh, come on!",sadness,5,6,surprise,False,0.07904359,0.1011131,0.044696603,0.09236971,0.031725205,0.023603661,0.62744814
54,11,Rachel,"Ross, please, I found the magazines!",sadness,"Uh yes, heroin and crack.
Crack isn’t even an intravenous drug!
Well, you would know.
Now it also says here that you lied about your sexual preference before marriage?
Oh, come on!
Ross, please, I found the magazines!","Uh yes, heroin and crack.
Crack isn’t even an intravenous drug!
Well, you would know.
Now it also says here that you lied about your sexual preference before marriage?
Oh, come on!
Ross, please, I found the magazines!",sadness,5,0,anger,False,0.43397957,0.03573176,0.044714663,0.20956919,0.03751511,0.043273225,0.19521652
56,5,Ross,"Come on! Come on! Here, okay-okay, you see this?  This tiny thing that looks like a peanut?",joy,"I know, I lied! I didn’t want her to think I was a terrible mother! I can’t even see my own baby!
Oh sure, come here!  Sure you can! Uh, look come here look,  it’s-it’s-it’s, it’s right there .
Oh. Oh, it’s beautiful. I see it now.
Do you really?
No, I don’t see it!
Come on! Come on! Here, okay-okay, you see this?  This tiny thing that looks like a peanut?","I know, I lied! I didn’t want her to think I was a terrible mother! I can’t even see my own baby!
Oh sure, come here!  Sure you can! Uh, look come here look,  it’s-it’s-it’s, it’s right there .
Oh. Oh, it’s beautiful. I see it now.
Do you really?
No, I don’t see it!
Come on! Come on! Here, okay-okay, you see this?  This tiny thing that looks like a peanut?",joy,3,6,surprise,False,0.012836019,0.009535412,0.013990548,0.008527398,0.025838869,0.012218569,0.9170533
56,6,Rachel,Yeah.,neutral,"Oh sure, come here!  Sure you can! Uh, look come here look,  it’s-it’s-it’s, it’s right there .
Oh. Oh, it’s beautiful. I see it now.
Do you really?
No, I don’t see it!
Come on! Come on! Here, okay-okay, you see this?  This tiny thing that looks like a peanut?
Yeah.","Oh sure, come here!  Sure you can! Uh, look come here look,  it’s-it’s-it’s, it’s right there .
Oh. Oh, it’s beautiful. I see it now.
Do you really?
No, I don’t see it!
Come on! Come on! Here, okay-okay, you see this?  This tiny thing that looks like a peanut?
Yeah.",neutral,4,4,neutral,True,0.003357482,0.0018778277,0.004200204,0.019824099,0.9635208,0.004465995,0.0027535548
56,7,Ross,Sweetie that’s it.,joy,"Oh. Oh, it’s beautiful. I see it now.
Do you really?
No, I don’t see it!
Come on! Come on! Here, okay-okay, you see this?  This tiny thing that looks like a peanut?
Yeah.
Sweetie that’s it.","Oh. Oh, it’s beautiful. I see it now.
Do you really?
No, I don’t see it!
Come on! Come on! Here, okay-okay, you see this?  This tiny thing that looks like a peanut?
Yeah.
Sweetie that’s it.",joy,3,4,neutral,False,0.009405226,0.0063355183,0.006663287,0.072466604,0.8881659,0.013423028,0.0035404717
56,8,Rachel,"That’s it? Well I saw that! Ohh-ohh-oh, thank you.",joy,"Do you really?
No, I don’t see it!
Come on! Come on! Here, okay-okay, you see this?  This tiny thing that looks like a peanut?
Yeah.
Sweetie that’s it.
That’s it? Well I saw that! Ohh-ohh-oh, thank you.","Do you really?
No, I don’t see it!
Come on! Come on! Here, okay-okay, you see this?  This tiny thing that looks like a peanut?
Yeah.
Sweetie that’s it.
That’s it? Well I saw that! Ohh-ohh-oh, thank you.",joy,3,3,joy,True,0.006684182,0.0027023954,0.0026154737,0.9118103,0.05200489,0.00977752,0.014405177
56,9,Ross,You’re welcome.,neutral,"No, I don’t see it!
Come on! Come on! Here, okay-okay, you see this?  This tiny thing that looks like a peanut?
Yeah.
Sweetie that’s it.
That’s it? Well I saw that! Ohh-ohh-oh, thank you.
You’re welcome.","No, I don’t see it!
Come on! Come on! Here, okay-okay, you see this?  This tiny thing that looks like a peanut?
Yeah.
Sweetie that’s it.
That’s it? Well I saw that! Ohh-ohh-oh, thank you.
You’re welcome.",neutral,4,3,joy,False,0.010378369,0.0025083122,0.0023019456,0.8073957,0.16122076,0.009812815,0.006382087
56,10,Rachel,Wow! I can’t believe that’s our baby.,surprise,"Come on! Come on! Here, okay-okay, you see this?  This tiny thing that looks like a peanut?
Yeah.
Sweetie that’s it.
That’s it? Well I saw that! Ohh-ohh-oh, thank you.
You’re welcome.
Wow! I can’t believe that’s our baby.","Come on! Come on! Here, okay-okay, you see this?  This tiny thing that looks like a peanut?
Yeah.
Sweetie that’s it.
That’s it? Well I saw that! Ohh-ohh-oh, thank you.
You’re welcome.
Wow! I can’t believe that’s our baby.",surprise,6,6,surprise,True,0.00913944,0.00945331,0.0062773973,0.14901063,0.0448764,0.013848356,0.7673944
56,11,Ross,"Yeah, that’s our baby.",joy,"Yeah.
Sweetie that’s it.
That’s it? Well I saw that! Ohh-ohh-oh, thank you.
You’re welcome.
Wow! I can’t believe that’s our baby.
Yeah, that’s our baby.","Yeah.
Sweetie that’s it.
That’s it? Well I saw that! Ohh-ohh-oh, thank you.
You’re welcome.
Wow! I can’t believe that’s our baby.
Yeah, that’s our baby.",joy,3,4,neutral,False,0.005560153,0.0034018937,0.0050599296,0.17663425,0.78581977,0.011748803,0.011775111
57,5,Monica,But you will always be the guy who peed on me.,disgust,"Gin.
We were playing Gin? Y'know if we were a couple, we could play this game naked.
Will you stop!
Okay. All right.
Okay, all right, I think you’re great, I think you’re sweet, and you’re smart, and I love you.
But you will always be the guy who peed on me.","Gin.
We were playing Gin? Y'know if we were a couple, we could play this game naked.
Will you stop!
Okay. All right.
Okay, all right, I think you’re great, I think you’re sweet, and you’re smart, and I love you.
But you will always be the guy who peed on me.",disgust,1,3,joy,False,0.046071075,0.033398326,0.02039254,0.49369153,0.1753202,0.21269414,0.018432226
58,5,Monica,Oh I can’t. Dr. Roger is coming over again.,neutral,"Hey!
Hey!
Let me tell you about this chick I scored with last night! Oh no wait a minute that was you!
Hey, check me out, I’m a slut!
So you uh, want to do something tonight?
Oh I can’t. Dr. Roger is coming over again.","Hey!
Hey!
Let me tell you about this chick I scored with last night! Oh no wait a minute that was you!
Hey, check me out, I’m a slut!
So you uh, want to do something tonight?
Oh I can’t. Dr. Roger is coming over again.",neutral,4,4,neutral,True,0.12566227,0.016370615,0.028922081,0.26151446,0.46336776,0.06724881,0.036913957
58,6,Chandler,Oh.,neutral,"Hey!
Let me tell you about this chick I scored with last night! Oh no wait a minute that was you!
Hey, check me out, I’m a slut!
So you uh, want to do something tonight?
Oh I can’t. Dr. Roger is coming over again.
Oh.","Hey!
Let me tell you about this chick I scored with last night! Oh no wait a minute that was you!
Hey, check me out, I’m a slut!
So you uh, want to do something tonight?
Oh I can’t. Dr. Roger is coming over again.
Oh.",neutral,4,6,surprise,False,0.017140912,0.063352816,0.08939096,0.0976166,0.13615446,0.0706351,0.5257092
58,7,Chandler,Oh right!,surprise,"Let me tell you about this chick I scored with last night! Oh no wait a minute that was you!
Hey, check me out, I’m a slut!
So you uh, want to do something tonight?
Oh I can’t. Dr. Roger is coming over again.
Oh.
Oh right!","Let me tell you about this chick I scored with last night! Oh no wait a minute that was you!
Hey, check me out, I’m a slut!
So you uh, want to do something tonight?
Oh I can’t. Dr. Roger is coming over again.
Oh.
Oh right!",surprise,6,3,joy,False,0.043622334,0.01692814,0.022137191,0.48960012,0.047208875,0.023988713,0.35651457
58,8,Chandler,Right!,surprise,"Hey, check me out, I’m a slut!
So you uh, want to do something tonight?
Oh I can’t. Dr. Roger is coming over again.
Oh.
Oh right!
Right!","Hey, check me out, I’m a slut!
So you uh, want to do something tonight?
Oh I can’t. Dr. Roger is coming over again.
Oh.
Oh right!
Right!",surprise,6,3,joy,False,0.054183178,0.0039253384,0.005401004,0.84060043,0.06772071,0.0075228936,0.02064646
58,9,Chandler,"Because you’re still seeing him and uh, he’s a good guy.",sadness,"So you uh, want to do something tonight?
Oh I can’t. Dr. Roger is coming over again.
Oh.
Oh right!
Right!
Because you’re still seeing him and uh, he’s a good guy.","So you uh, want to do something tonight?
Oh I can’t. Dr. Roger is coming over again.
Oh.
Oh right!
Right!
Because you’re still seeing him and uh, he’s a good guy.",sadness,5,4,neutral,False,0.009061815,0.0059468183,0.0038222664,0.2707443,0.694942,0.009423625,0.0060591837
58,10,Chandler,"I mean, I remember a time when",sadness,"Oh I can’t. Dr. Roger is coming over again.
Oh.
Oh right!
Right!
Because you’re still seeing him and uh, he’s a good guy.
I mean, I remember a time when","Oh I can’t. Dr. Roger is coming over again.
Oh.
Oh right!
Right!
Because you’re still seeing him and uh, he’s a good guy.
I mean, I remember a time when",sadness,5,4,neutral,False,0.023914693,0.004590651,0.018776534,0.022480927,0.8927754,0.01509938,0.022362348
58,11,Monica,Are you okay?,neutral,"Oh.
Oh right!
Right!
Because you’re still seeing him and uh, he’s a good guy.
I mean, I remember a time when
Are you okay?","Oh.
Oh right!
Right!
Because you’re still seeing him and uh, he’s a good guy.
I mean, I remember a time when
Are you okay?",neutral,4,4,neutral,True,0.019613564,0.0037880058,0.018678721,0.031087382,0.84694713,0.015782027,0.0641031
58,12,Chandler,"Yeah! Totally! Totally, and you?",joy,"Oh right!
Right!
Because you’re still seeing him and uh, he’s a good guy.
I mean, I remember a time when
Are you okay?
Yeah! Totally! Totally, and you?","Oh right!
Right!
Because you’re still seeing him and uh, he’s a good guy.
I mean, I remember a time when
Are you okay?
Yeah! Totally! Totally, and you?",joy,3,4,neutral,False,0.015340338,0.0041903253,0.005865584,0.32554287,0.37590536,0.007675478,0.26548007
58,13,Monica,"Great! It’s so amazing! I mean, last time Dr. Roger came over, I was",joy,"Right!
Because you’re still seeing him and uh, he’s a good guy.
I mean, I remember a time when
Are you okay?
Yeah! Totally! Totally, and you?
Great! It’s so amazing! I mean, last time Dr. Roger came over, I was","Right!
Because you’re still seeing him and uh, he’s a good guy.
I mean, I remember a time when
Are you okay?
Yeah! Totally! Totally, and you?
Great! It’s so amazing! I mean, last time Dr. Roger came over, I was",joy,3,4,neutral,False,0.042257447,0.017431447,0.01861477,0.15582313,0.69301385,0.0396264,0.033232898
58,14,Chandler,I bet he can.,neutral,"Because you’re still seeing him and uh, he’s a good guy.
I mean, I remember a time when
Are you okay?
Yeah! Totally! Totally, and you?
Great! It’s so amazing! I mean, last time Dr. Roger came over, I was
I bet he can.","Because you’re still seeing him and uh, he’s a good guy.
I mean, I remember a time when
Are you okay?
Yeah! Totally! Totally, and you?
Great! It’s so amazing! I mean, last time Dr. Roger came over, I was
I bet he can.",neutral,4,3,joy,False,0.025390157,0.0067205015,0.011824754,0.7080983,0.18649144,0.05317935,0.00829546
58,15,Monica,"Y’know, I don’t have an appointment, but I sure could use a physical.  Are you sure you’re okay?",neutral,"I mean, I remember a time when
Are you okay?
Yeah! Totally! Totally, and you?
Great! It’s so amazing! I mean, last time Dr. Roger came over, I was
I bet he can.
Y’know, I don’t have an appointment, but I sure could use a physical.  Are you sure you’re okay?","I mean, I remember a time when
Are you okay?
Yeah! Totally! Totally, and you?
Great! It’s so amazing! I mean, last time Dr. Roger came over, I was
I bet he can.
Y’know, I don’t have an appointment, but I sure could use a physical.  Are you sure you’re okay?",neutral,4,4,neutral,True,0.035786804,0.0050188447,0.018249571,0.29158837,0.5849467,0.026578674,0.037831124
58,16,Chandler,"Oh yeah! Yeah! Don’t worry about me, I’ll be fine!",sadness,"Are you okay?
Yeah! Totally! Totally, and you?
Great! It’s so amazing! I mean, last time Dr. Roger came over, I was
I bet he can.
Y’know, I don’t have an appointment, but I sure could use a physical.  Are you sure you’re okay?
Oh yeah! Yeah! Don’t worry about me, I’ll be fine!","Are you okay?
Yeah! Totally! Totally, and you?
Great! It’s so amazing! I mean, last time Dr. Roger came over, I was
I bet he can.
Y’know, I don’t have an appointment, but I sure could use a physical.  Are you sure you’re okay?
Oh yeah! Yeah! Don’t worry about me, I’ll be fine!",sadness,5,3,joy,False,0.19046779,0.00997705,0.01984374,0.4407866,0.30787197,0.019658731,0.011394091
60,5,Janice,"What, you can do it in the parking lot of a Taco Bell, but you    can't do it at a doctor's office?",anger,"Yeah, but what if it's not? What if there    is a reason why we can't have a baby?
Oh, Chandler, look. You and Monica are meant to have children.    I am sure it's gonna be just fine.
oh, oh, yeah, ok, thanks.
I can't believe    I didn't even think of that.
I guess I was just so worried about having to...    come here and do... 'that'...
What, you can do it in the parking lot of a Taco Bell, but you    can't do it at a doctor's office?","Yeah, but what if it's not? What if there    is a reason why we can't have a baby?
Oh, Chandler, look. You and Monica are meant to have children.    I am sure it's gonna be just fine.
oh, oh, yeah, ok, thanks.
I can't believe    I didn't even think of that.
I guess I was just so worried about having to...    come here and do... 'that'...
What, you can do it in the parking lot of a Taco Bell, but you    can't do it at a doctor's office?",anger,0,4,neutral,False,0.02921033,0.02056896,0.014512072,0.08968468,0.80675006,0.020238258,0.01903564
60,6,Chandler,"It was a ""Wendy's!!    """,anger,"Oh, Chandler, look. You and Monica are meant to have children.    I am sure it's gonna be just fine.
oh, oh, yeah, ok, thanks.
I can't believe    I didn't even think of that.
I guess I was just so worried about having to...    come here and do... 'that'...
What, you can do it in the parking lot of a Taco Bell, but you    can't do it at a doctor's office?
It was a ""Wendy's!!    ""","Oh, Chandler, look. You and Monica are meant to have children.    I am sure it's gonna be just fine.
oh, oh, yeah, ok, thanks.
I can't believe    I didn't even think of that.
I guess I was just so worried about having to...    come here and do... 'that'...
What, you can do it in the parking lot of a Taco Bell, but you    can't do it at a doctor's office?
It was a ""Wendy's!!    """,anger,0,6,surprise,False,0.17512865,0.032451097,0.012120802,0.04653764,0.008055962,0.02650061,0.6992053
64,5,Ross,"Well, I’m not going to go now anyway .",neutral,"So, you stole my joke, and you stole my money.
Well, I was going to stick it in the ATM, but now I think I’ll show the sexy teller that I am a published writer.
Well, she is going to know that you stole the joke.
Oh, what are you going to do, follow me down there?
Yeah!
Well, I’m not going to go now anyway .","So, you stole my joke, and you stole my money.
Well, I was going to stick it in the ATM, but now I think I’ll show the sexy teller that I am a published writer.
Well, she is going to know that you stole the joke.
Oh, what are you going to do, follow me down there?
Yeah!
Well, I’m not going to go now anyway .",neutral,4,4,neutral,True,0.022567984,0.006102311,0.009747984,0.07376445,0.86572707,0.018893173,0.0031969994
64,6,Chandler,Okay .,neutral,"Well, I was going to stick it in the ATM, but now I think I’ll show the sexy teller that I am a published writer.
Well, she is going to know that you stole the joke.
Oh, what are you going to do, follow me down there?
Yeah!
Well, I’m not going to go now anyway .
Okay .","Well, I was going to stick it in the ATM, but now I think I’ll show the sexy teller that I am a published writer.
Well, she is going to know that you stole the joke.
Oh, what are you going to do, follow me down there?
Yeah!
Well, I’m not going to go now anyway .
Okay .",neutral,4,4,neutral,True,0.006091964,0.0017532697,0.0025411996,0.030736672,0.9548781,0.0025657143,0.001433042
64,7,Gunther,Here you go.,neutral,"Well, she is going to know that you stole the joke.
Oh, what are you going to do, follow me down there?
Yeah!
Well, I’m not going to go now anyway .
Okay .
Here you go.","Well, she is going to know that you stole the joke.
Oh, what are you going to do, follow me down there?
Yeah!
Well, I’m not going to go now anyway .
Okay .
Here you go.",neutral,4,4,neutral,True,0.01801432,0.004700405,0.008239788,0.08040647,0.87943107,0.0059718555,0.0032359913
64,8,Joey,"Ah, Gunther, I can’t pay for this right now because I’m not working, so I’ve had to cut down on some luxuries like uh, payin’ for stuff.",neutral,"Oh, what are you going to do, follow me down there?
Yeah!
Well, I’m not going to go now anyway .
Okay .
Here you go.
Ah, Gunther, I can’t pay for this right now because I’m not working, so I’ve had to cut down on some luxuries like uh, payin’ for stuff.","Oh, what are you going to do, follow me down there?
Yeah!
Well, I’m not going to go now anyway .
Okay .
Here you go.
Ah, Gunther, I can’t pay for this right now because I’m not working, so I’ve had to cut down on some luxuries like uh, payin’ for stuff.",neutral,4,4,neutral,True,0.043994572,0.031647794,0.025404183,0.136095,0.664194,0.07124477,0.027419737
64,9,Gunther,"Well, if you want, you can work here.",neutral,"Yeah!
Well, I’m not going to go now anyway .
Okay .
Here you go.
Ah, Gunther, I can’t pay for this right now because I’m not working, so I’ve had to cut down on some luxuries like uh, payin’ for stuff.
Well, if you want, you can work here.","Yeah!
Well, I’m not going to go now anyway .
Okay .
Here you go.
Ah, Gunther, I can’t pay for this right now because I’m not working, so I’ve had to cut down on some luxuries like uh, payin’ for stuff.
Well, if you want, you can work here.",neutral,4,4,neutral,True,0.007679851,0.0026691747,0.0024292083,0.021273943,0.9613113,0.0025069674,0.002129566
64,10,Joey,"Uh, I don’t know.",neutral,"Well, I’m not going to go now anyway .
Okay .
Here you go.
Ah, Gunther, I can’t pay for this right now because I’m not working, so I’ve had to cut down on some luxuries like uh, payin’ for stuff.
Well, if you want, you can work here.
Uh, I don’t know.","Well, I’m not going to go now anyway .
Okay .
Here you go.
Ah, Gunther, I can’t pay for this right now because I’m not working, so I’ve had to cut down on some luxuries like uh, payin’ for stuff.
Well, if you want, you can work here.
Uh, I don’t know.",neutral,4,4,neutral,True,0.012577467,0.0066527463,0.069678016,0.06940565,0.77556133,0.043989286,0.022135474
64,11,Joey,"Ya see, it’s just, see I was a regular on a soap opera y’know?",neutral,"Okay .
Here you go.
Ah, Gunther, I can’t pay for this right now because I’m not working, so I’ve had to cut down on some luxuries like uh, payin’ for stuff.
Well, if you want, you can work here.
Uh, I don’t know.
Ya see, it’s just, see I was a regular on a soap opera y’know?","Okay .
Here you go.
Ah, Gunther, I can’t pay for this right now because I’m not working, so I’ve had to cut down on some luxuries like uh, payin’ for stuff.
Well, if you want, you can work here.
Uh, I don’t know.
Ya see, it’s just, see I was a regular on a soap opera y’know?",neutral,4,4,neutral,True,0.034448475,0.0074053067,0.03100193,0.09809137,0.79156405,0.021351475,0.016137375
64,12,Joey,"And to go from that to this, I just… Plus, I’d have to wait on all my friends.",sadness,"Here you go.
Ah, Gunther, I can’t pay for this right now because I’m not working, so I’ve had to cut down on some luxuries like uh, payin’ for stuff.
Well, if you want, you can work here.
Uh, I don’t know.
Ya see, it’s just, see I was a regular on a soap opera y’know?
And to go from that to this, I just… Plus, I’d have to wait on all my friends.","Here you go.
Ah, Gunther, I can’t pay for this right now because I’m not working, so I’ve had to cut down on some luxuries like uh, payin’ for stuff.
Well, if you want, you can work here.
Uh, I don’t know.
Ya see, it’s just, see I was a regular on a soap opera y’know?
And to go from that to this, I just… Plus, I’d have to wait on all my friends.",sadness,5,4,neutral,False,0.10215624,0.018005285,0.051321782,0.06556667,0.54978067,0.20046689,0.012702498
64,13,Gunther,"Okay, but the money’s good, plus you get to stare at Rachel as much as you want.",neutral,"Ah, Gunther, I can’t pay for this right now because I’m not working, so I’ve had to cut down on some luxuries like uh, payin’ for stuff.
Well, if you want, you can work here.
Uh, I don’t know.
Ya see, it’s just, see I was a regular on a soap opera y’know?
And to go from that to this, I just… Plus, I’d have to wait on all my friends.
Okay, but the money’s good, plus you get to stare at Rachel as much as you want.","Ah, Gunther, I can’t pay for this right now because I’m not working, so I’ve had to cut down on some luxuries like uh, payin’ for stuff.
Well, if you want, you can work here.
Uh, I don’t know.
Ya see, it’s just, see I was a regular on a soap opera y’know?
And to go from that to this, I just… Plus, I’d have to wait on all my friends.
Okay, but the money’s good, plus you get to stare at Rachel as much as you want.",neutral,4,4,neutral,True,0.024283955,0.009116935,0.0048281224,0.040753543,0.9100517,0.0068047745,0.004160939
64,14,Joey,What?!,surprise,"Well, if you want, you can work here.
Uh, I don’t know.
Ya see, it’s just, see I was a regular on a soap opera y’know?
And to go from that to this, I just… Plus, I’d have to wait on all my friends.
Okay, but the money’s good, plus you get to stare at Rachel as much as you want.
What?!","Well, if you want, you can work here.
Uh, I don’t know.
Ya see, it’s just, see I was a regular on a soap opera y’know?
And to go from that to this, I just… Plus, I’d have to wait on all my friends.
Okay, but the money’s good, plus you get to stare at Rachel as much as you want.
What?!",surprise,6,6,surprise,True,0.0062339837,0.0041559036,0.0054606474,0.006923857,0.013036333,0.0059308806,0.95825833
64,15,Gunther,Flexible hours.,neutral,"Uh, I don’t know.
Ya see, it’s just, see I was a regular on a soap opera y’know?
And to go from that to this, I just… Plus, I’d have to wait on all my friends.
Okay, but the money’s good, plus you get to stare at Rachel as much as you want.
What?!
Flexible hours.","Uh, I don’t know.
Ya see, it’s just, see I was a regular on a soap opera y’know?
And to go from that to this, I just… Plus, I’d have to wait on all my friends.
Okay, but the money’s good, plus you get to stare at Rachel as much as you want.
What?!
Flexible hours.",neutral,4,6,surprise,False,0.027701447,0.018101647,0.014475928,0.092737995,0.2711674,0.010165456,0.56565017
64,16,Joey,Maybe I could be a waiter. Could I use the phone?,neutral,"Ya see, it’s just, see I was a regular on a soap opera y’know?
And to go from that to this, I just… Plus, I’d have to wait on all my friends.
Okay, but the money’s good, plus you get to stare at Rachel as much as you want.
What?!
Flexible hours.
Maybe I could be a waiter. Could I use the phone?","Ya see, it’s just, see I was a regular on a soap opera y’know?
And to go from that to this, I just… Plus, I’d have to wait on all my friends.
Okay, but the money’s good, plus you get to stare at Rachel as much as you want.
What?!
Flexible hours.
Maybe I could be a waiter. Could I use the phone?",neutral,4,4,neutral,True,0.01714493,0.0041718706,0.010339295,0.039881058,0.90689605,0.006236905,0.015329953
65,5,Phoebe,"Umm, Gene.",neutral,"I have no name.
All right, so, what are we supposed to call you?
Okay uh, for now, temporarily, you can call me, Clint.
No way are you cool enough to pull of Clint.
Okay, so what name am I cool enough to pull off?
Umm, Gene.","I have no name.
All right, so, what are we supposed to call you?
Okay uh, for now, temporarily, you can call me, Clint.
No way are you cool enough to pull of Clint.
Okay, so what name am I cool enough to pull off?
Umm, Gene.",neutral,4,4,neutral,True,0.008426103,0.0019441234,0.0026887585,0.028342787,0.95467013,0.0024370207,0.0014910548
65,6,Chandler,It’s Clint. It’s Clint!,anger,"All right, so, what are we supposed to call you?
Okay uh, for now, temporarily, you can call me, Clint.
No way are you cool enough to pull of Clint.
Okay, so what name am I cool enough to pull off?
Umm, Gene.
It’s Clint. It’s Clint!","All right, so, what are we supposed to call you?
Okay uh, for now, temporarily, you can call me, Clint.
No way are you cool enough to pull of Clint.
Okay, so what name am I cool enough to pull off?
Umm, Gene.
It’s Clint. It’s Clint!",anger,0,3,joy,False,0.087298244,0.006391603,0.004814902,0.6248823,0.015590452,0.010868487,0.250154
65,7,Joey,"See you later, Gene.",neutral,"Okay uh, for now, temporarily, you can call me, Clint.
No way are you cool enough to pull of Clint.
Okay, so what name am I cool enough to pull off?
Umm, Gene.
It’s Clint. It’s Clint!
See you later, Gene.","Okay uh, for now, temporarily, you can call me, Clint.
No way are you cool enough to pull of Clint.
Okay, so what name am I cool enough to pull off?
Umm, Gene.
It’s Clint. It’s Clint!
See you later, Gene.",neutral,4,3,joy,False,0.04397471,0.0035116244,0.0056097596,0.57008,0.35730398,0.010711664,0.008808267
65,8,Phoebe,"Bye, Gene.",neutral,"No way are you cool enough to pull of Clint.
Okay, so what name am I cool enough to pull off?
Umm, Gene.
It’s Clint. It’s Clint!
See you later, Gene.
Bye, Gene.","No way are you cool enough to pull of Clint.
Okay, so what name am I cool enough to pull off?
Umm, Gene.
It’s Clint. It’s Clint!
See you later, Gene.
Bye, Gene.",neutral,4,3,joy,False,0.02238755,0.0038085945,0.00777163,0.576656,0.3495988,0.033840045,0.0059373947
65,9,Chandler,It’s Clint!,anger,"Okay, so what name am I cool enough to pull off?
Umm, Gene.
It’s Clint. It’s Clint!
See you later, Gene.
Bye, Gene.
It’s Clint!","Okay, so what name am I cool enough to pull off?
Umm, Gene.
It’s Clint. It’s Clint!
See you later, Gene.
Bye, Gene.
It’s Clint!",anger,0,3,joy,False,0.015623226,0.0022165717,0.0022650198,0.93642193,0.012863074,0.005750907,0.024859264
65,10,Joey,What’s up with Gene?,surprise,"Umm, Gene.
It’s Clint. It’s Clint!
See you later, Gene.
Bye, Gene.
It’s Clint!
What’s up with Gene?","Umm, Gene.
It’s Clint. It’s Clint!
See you later, Gene.
Bye, Gene.
It’s Clint!
What’s up with Gene?",surprise,6,4,neutral,False,0.018691115,0.0021134065,0.005561353,0.23613238,0.6965741,0.008808738,0.032118868
68,5,Rachel,No! I mean come on! This is a,anger,"Come on Joey!!!
Rach, I told you everything I knew last night!
Look, it's not that big of a deal, so Monica and Chandler are doing it.
I can't believe you would say that!
Sorry. Monica and Chandler are making love.
No! I mean come on! This is a","Come on Joey!!!
Rach, I told you everything I knew last night!
Look, it's not that big of a deal, so Monica and Chandler are doing it.
I can't believe you would say that!
Sorry. Monica and Chandler are making love.
No! I mean come on! This is a",anger,0,4,neutral,False,0.059213262,0.007053222,0.004464996,0.034731764,0.8742927,0.0077466005,0.012497469
68,6,Joey,I don't know.,neutral,"Rach, I told you everything I knew last night!
Look, it's not that big of a deal, so Monica and Chandler are doing it.
I can't believe you would say that!
Sorry. Monica and Chandler are making love.
No! I mean come on! This is a
I don't know.","Rach, I told you everything I knew last night!
Look, it's not that big of a deal, so Monica and Chandler are doing it.
I can't believe you would say that!
Sorry. Monica and Chandler are making love.
No! I mean come on! This is a
I don't know.",neutral,4,4,neutral,True,0.023493389,0.0077401185,0.09228387,0.06782795,0.67005974,0.12279006,0.01580491
68,7,Rachel,Is he romantic with her?,joy,"Look, it's not that big of a deal, so Monica and Chandler are doing it.
I can't believe you would say that!
Sorry. Monica and Chandler are making love.
No! I mean come on! This is a
I don't know.
Is he romantic with her?","Look, it's not that big of a deal, so Monica and Chandler are doing it.
I can't believe you would say that!
Sorry. Monica and Chandler are making love.
No! I mean come on! This is a
I don't know.
Is he romantic with her?",joy,3,4,neutral,False,0.026771843,0.013025939,0.025731744,0.036150236,0.7105258,0.01601223,0.17178215
68,8,Joey,I don't know.,neutral,"I can't believe you would say that!
Sorry. Monica and Chandler are making love.
No! I mean come on! This is a
I don't know.
Is he romantic with her?
I don't know.","I can't believe you would say that!
Sorry. Monica and Chandler are making love.
No! I mean come on! This is a
I don't know.
Is he romantic with her?
I don't know.",neutral,4,4,neutral,True,0.0069472822,0.003608207,0.016393185,0.024765922,0.92951035,0.012142765,0.0066322605
68,9,Rachel,Are they in love?,joy,"Sorry. Monica and Chandler are making love.
No! I mean come on! This is a
I don't know.
Is he romantic with her?
I don't know.
Are they in love?","Sorry. Monica and Chandler are making love.
No! I mean come on! This is a
I don't know.
Is he romantic with her?
I don't know.
Are they in love?",joy,3,4,neutral,False,0.02135224,0.0053978763,0.016367428,0.10255001,0.57709146,0.0145197585,0.2627213
68,10,Joey,I don't know.,neutral,"No! I mean come on! This is a
I don't know.
Is he romantic with her?
I don't know.
Are they in love?
I don't know.","No! I mean come on! This is a
I don't know.
Is he romantic with her?
I don't know.
Are they in love?
I don't know.",neutral,4,4,neutral,True,0.010220063,0.005144246,0.03781331,0.04969823,0.85060775,0.03036842,0.016148027
68,11,Rachel,You don't know anything.,anger,"I don't know.
Is he romantic with her?
I don't know.
Are they in love?
I don't know.
You don't know anything.","I don't know.
Is he romantic with her?
I don't know.
Are they in love?
I don't know.
You don't know anything.",anger,0,4,neutral,False,0.052366868,0.01045741,0.06235215,0.038061067,0.7625608,0.038639136,0.03556249
68,12,Joey,"Ohh, I know one thing!",joy,"Is he romantic with her?
I don't know.
Are they in love?
I don't know.
You don't know anything.
Ohh, I know one thing!","Is he romantic with her?
I don't know.
Are they in love?
I don't know.
You don't know anything.
Ohh, I know one thing!",joy,3,6,surprise,False,0.2903576,0.035313796,0.046107214,0.15990855,0.01983016,0.05311176,0.39537096
68,13,Rachel,What?,joy,"I don't know.
Are they in love?
I don't know.
You don't know anything.
Ohh, I know one thing!
What?","I don't know.
Are they in love?
I don't know.
You don't know anything.
Ohh, I know one thing!
What?",joy,3,6,surprise,False,0.01142959,0.006443984,0.031043582,0.018297447,0.16874632,0.022553142,0.74148583
68,14,Joey,They did it right there on the couch.,neutral,"Are they in love?
I don't know.
You don't know anything.
Ohh, I know one thing!
What?
They did it right there on the couch.","Are they in love?
I don't know.
You don't know anything.
Ohh, I know one thing!
What?
They did it right there on the couch.",neutral,4,6,surprise,False,0.024950413,0.018045407,0.014343818,0.049387883,0.3742449,0.020996312,0.49803123
69,5,Chandler,"Y'know, I feel like I've lost her..  Ba-!",joy,"Excuse me, look, we've been here for over an hour, and a lot of people less sick than my friend have gone in.
I mean, that guy with the toe thing?
Who's he sleeping with?
Oh, c'mon Dora, don't be mad...
I know we both said some things we didn't mean, but that doesn't mean we still don't love each other.
Y'know, I feel like I've lost her..  Ba-!","Excuse me, look, we've been here for over an hour, and a lot of people less sick than my friend have gone in.
I mean, that guy with the toe thing?
Who's he sleeping with?
Oh, c'mon Dora, don't be mad...
I know we both said some things we didn't mean, but that doesn't mean we still don't love each other.
Y'know, I feel like I've lost her..  Ba-!",joy,3,0,anger,False,0.23771414,0.07906427,0.23104279,0.10121751,0.053041466,0.11556164,0.18235812
70,5,Ross,"Molly, ah, do you mind giving us just a minute?",neutral,"So you see, Molly, what people don't understand is that acting    is a discipline. It takes a lot of hard work.
So where did you study?
Oh, I didn't go to college.
No, where did you study acting?
Molly ... people don't study acting ...
Molly, ah, do you mind giving us just a minute?","So you see, Molly, what people don't understand is that acting    is a discipline. It takes a lot of hard work.
So where did you study?
Oh, I didn't go to college.
No, where did you study acting?
Molly ... people don't study acting ...
Molly, ah, do you mind giving us just a minute?",neutral,4,4,neutral,True,0.01309603,0.00502172,0.013035212,0.03769181,0.9146283,0.0069932374,0.009533622
70,6,Molly,"Sure, I'll go check on Emma.",neutral,"So where did you study?
Oh, I didn't go to college.
No, where did you study acting?
Molly ... people don't study acting ...
Molly, ah, do you mind giving us just a minute?
Sure, I'll go check on Emma.","So where did you study?
Oh, I didn't go to college.
No, where did you study acting?
Molly ... people don't study acting ...
Molly, ah, do you mind giving us just a minute?
Sure, I'll go check on Emma.",neutral,4,4,neutral,True,0.0069570644,0.0020705487,0.0032116887,0.020015085,0.96246123,0.0031648332,0.0021195987
70,7,Ross,Thanx.,neutral,"Oh, I didn't go to college.
No, where did you study acting?
Molly ... people don't study acting ...
Molly, ah, do you mind giving us just a minute?
Sure, I'll go check on Emma.
Thanx.","Oh, I didn't go to college.
No, where did you study acting?
Molly ... people don't study acting ...
Molly, ah, do you mind giving us just a minute?
Sure, I'll go check on Emma.
Thanx.",neutral,4,4,neutral,True,0.007900323,0.002647396,0.003605805,0.014798555,0.96514577,0.0034176505,0.0024845093
70,8,Joey,Will the stable boy never get the princess??,sadness,"No, where did you study acting?
Molly ... people don't study acting ...
Molly, ah, do you mind giving us just a minute?
Sure, I'll go check on Emma.
Thanx.
Will the stable boy never get the princess??","No, where did you study acting?
Molly ... people don't study acting ...
Molly, ah, do you mind giving us just a minute?
Sure, I'll go check on Emma.
Thanx.
Will the stable boy never get the princess??",sadness,5,5,sadness,True,0.16107151,0.020081386,0.1552019,0.0625977,0.06441814,0.4464877,0.090141736
70,9,Ross,"What do you think you're gonna do, have sex with her right here    on my couch?",disgust,"Molly ... people don't study acting ...
Molly, ah, do you mind giving us just a minute?
Sure, I'll go check on Emma.
Thanx.
Will the stable boy never get the princess??
What do you think you're gonna do, have sex with her right here    on my couch?","Molly ... people don't study acting ...
Molly, ah, do you mind giving us just a minute?
Sure, I'll go check on Emma.
Thanx.
Will the stable boy never get the princess??
What do you think you're gonna do, have sex with her right here    on my couch?",disgust,1,6,surprise,False,0.103976935,0.08965612,0.0863558,0.09093934,0.1817708,0.12541355,0.32188743
70,10,Joey,No ... the leather sticks to my ass.,disgust,"Molly, ah, do you mind giving us just a minute?
Sure, I'll go check on Emma.
Thanx.
Will the stable boy never get the princess??
What do you think you're gonna do, have sex with her right here    on my couch?
No ... the leather sticks to my ass.","Molly, ah, do you mind giving us just a minute?
Sure, I'll go check on Emma.
Thanx.
Will the stable boy never get the princess??
What do you think you're gonna do, have sex with her right here    on my couch?
No ... the leather sticks to my ass.",disgust,1,4,neutral,False,0.02231268,0.05678582,0.009770666,0.09858296,0.7791206,0.02197169,0.0114555815
70,11,Joey,"You know, this isn't fair.",anger,"Sure, I'll go check on Emma.
Thanx.
Will the stable boy never get the princess??
What do you think you're gonna do, have sex with her right here    on my couch?
No ... the leather sticks to my ass.
You know, this isn't fair.","Sure, I'll go check on Emma.
Thanx.
Will the stable boy never get the princess??
What do you think you're gonna do, have sex with her right here    on my couch?
No ... the leather sticks to my ass.
You know, this isn't fair.",anger,0,4,neutral,False,0.1167965,0.027886907,0.01881966,0.07878033,0.6845785,0.06789699,0.005241156
70,12,Joey,What makes you think that I'm just gonna sleep with her and then blow her off?,anger,"Thanx.
Will the stable boy never get the princess??
What do you think you're gonna do, have sex with her right here    on my couch?
No ... the leather sticks to my ass.
You know, this isn't fair.
What makes you think that I'm just gonna sleep with her and then blow her off?","Thanx.
Will the stable boy never get the princess??
What do you think you're gonna do, have sex with her right here    on my couch?
No ... the leather sticks to my ass.
You know, this isn't fair.
What makes you think that I'm just gonna sleep with her and then blow her off?",anger,0,6,surprise,False,0.21807693,0.059524145,0.06917278,0.034085814,0.10669809,0.10963001,0.4028122
70,13,Joey,Huh?,anger,"Will the stable boy never get the princess??
What do you think you're gonna do, have sex with her right here    on my couch?
No ... the leather sticks to my ass.
You know, this isn't fair.
What makes you think that I'm just gonna sleep with her and then blow her off?
Huh?","Will the stable boy never get the princess??
What do you think you're gonna do, have sex with her right here    on my couch?
No ... the leather sticks to my ass.
You know, this isn't fair.
What makes you think that I'm just gonna sleep with her and then blow her off?
Huh?",anger,0,6,surprise,False,0.022710636,0.039161924,0.038434073,0.08472002,0.18517183,0.032060903,0.59774065
70,14,Joey,"Can't you guys open your minds to the possibility that I actally like her,    and might want something real?",anger,"What do you think you're gonna do, have sex with her right here    on my couch?
No ... the leather sticks to my ass.
You know, this isn't fair.
What makes you think that I'm just gonna sleep with her and then blow her off?
Huh?
Can't you guys open your minds to the possibility that I actally like her,    and might want something real?","What do you think you're gonna do, have sex with her right here    on my couch?
No ... the leather sticks to my ass.
You know, this isn't fair.
What makes you think that I'm just gonna sleep with her and then blow her off?
Huh?
Can't you guys open your minds to the possibility that I actally like her,    and might want something real?",anger,0,6,surprise,False,0.17813332,0.015627543,0.09380897,0.053575423,0.17451781,0.11070513,0.37363178
70,15,Joey,"Look, the truth is, I haven't felt this    way about anyone since Rachel, ok?",sadness,"No ... the leather sticks to my ass.
You know, this isn't fair.
What makes you think that I'm just gonna sleep with her and then blow her off?
Huh?
Can't you guys open your minds to the possibility that I actally like her,    and might want something real?
Look, the truth is, I haven't felt this    way about anyone since Rachel, ok?","No ... the leather sticks to my ass.
You know, this isn't fair.
What makes you think that I'm just gonna sleep with her and then blow her off?
Huh?
Can't you guys open your minds to the possibility that I actally like her,    and might want something real?
Look, the truth is, I haven't felt this    way about anyone since Rachel, ok?",sadness,5,4,neutral,False,0.081662625,0.0125707425,0.09963731,0.08540263,0.5687991,0.07018458,0.08174308
70,16,Joey,I didn't think I could ever love again.,sadness,"You know, this isn't fair.
What makes you think that I'm just gonna sleep with her and then blow her off?
Huh?
Can't you guys open your minds to the possibility that I actally like her,    and might want something real?
Look, the truth is, I haven't felt this    way about anyone since Rachel, ok?
I didn't think I could ever love again.","You know, this isn't fair.
What makes you think that I'm just gonna sleep with her and then blow her off?
Huh?
Can't you guys open your minds to the possibility that I actally like her,    and might want something real?
Look, the truth is, I haven't felt this    way about anyone since Rachel, ok?
I didn't think I could ever love again.",sadness,5,5,sadness,True,0.0847617,0.015749538,0.05182367,0.14848953,0.070630856,0.58665574,0.041889008
70,17,Ross and Chandler,Come on! Joe!,joy,"What makes you think that I'm just gonna sleep with her and then blow her off?
Huh?
Can't you guys open your minds to the possibility that I actally like her,    and might want something real?
Look, the truth is, I haven't felt this    way about anyone since Rachel, ok?
I didn't think I could ever love again.
Come on! Joe!","What makes you think that I'm just gonna sleep with her and then blow her off?
Huh?
Can't you guys open your minds to the possibility that I actally like her,    and might want something real?
Look, the truth is, I haven't felt this    way about anyone since Rachel, ok?
I didn't think I could ever love again.
Come on! Joe!",joy,3,3,joy,True,0.3201869,0.0073919026,0.021172158,0.52983934,0.07092422,0.0217851,0.02870038
70,18,Woman,"Hi, is Molly here?",neutral,"Huh?
Can't you guys open your minds to the possibility that I actally like her,    and might want something real?
Look, the truth is, I haven't felt this    way about anyone since Rachel, ok?
I didn't think I could ever love again.
Come on! Joe!
Hi, is Molly here?","Huh?
Can't you guys open your minds to the possibility that I actally like her,    and might want something real?
Look, the truth is, I haven't felt this    way about anyone since Rachel, ok?
I didn't think I could ever love again.
Come on! Joe!
Hi, is Molly here?",neutral,4,3,joy,False,0.017257497,0.0025124445,0.0035602571,0.6493407,0.2997853,0.0076838876,0.019859964
70,19,Ross,"Yeah, come on in. Molly?",neutral,"Can't you guys open your minds to the possibility that I actally like her,    and might want something real?
Look, the truth is, I haven't felt this    way about anyone since Rachel, ok?
I didn't think I could ever love again.
Come on! Joe!
Hi, is Molly here?
Yeah, come on in. Molly?","Can't you guys open your minds to the possibility that I actally like her,    and might want something real?
Look, the truth is, I haven't felt this    way about anyone since Rachel, ok?
I didn't think I could ever love again.
Come on! Joe!
Hi, is Molly here?
Yeah, come on in. Molly?",neutral,4,4,neutral,True,0.0166834,0.0034401056,0.0149361715,0.03912258,0.89451855,0.0056028115,0.025696471
70,20,Molly,"Hey! Guys, this is Tabatha .  I'll see you tomorrow.",neutral,"Look, the truth is, I haven't felt this    way about anyone since Rachel, ok?
I didn't think I could ever love again.
Come on! Joe!
Hi, is Molly here?
Yeah, come on in. Molly?
Hey! Guys, this is Tabatha .  I'll see you tomorrow.","Look, the truth is, I haven't felt this    way about anyone since Rachel, ok?
I didn't think I could ever love again.
Come on! Joe!
Hi, is Molly here?
Yeah, come on in. Molly?
Hey! Guys, this is Tabatha .  I'll see you tomorrow.",neutral,4,4,neutral,True,0.005668787,0.0017537853,0.0028492152,0.03089794,0.9526081,0.0035345345,0.002687636
70,21,Ross,"Ok ...  Well, uh, Joey, I guess    we have no problem.",neutral,"I didn't think I could ever love again.
Come on! Joe!
Hi, is Molly here?
Yeah, come on in. Molly?
Hey! Guys, this is Tabatha .  I'll see you tomorrow.
Ok ...  Well, uh, Joey, I guess    we have no problem.","I didn't think I could ever love again.
Come on! Joe!
Hi, is Molly here?
Yeah, come on in. Molly?
Hey! Guys, this is Tabatha .  I'll see you tomorrow.
Ok ...  Well, uh, Joey, I guess    we have no problem.",neutral,4,4,neutral,True,0.019037189,0.0039049387,0.014046652,0.09098646,0.836049,0.031352907,0.004622824
70,22,Joey,"It's like my favorite fairy tale come true!  The princess, the stable boy and the lesbian!",joy,"Come on! Joe!
Hi, is Molly here?
Yeah, come on in. Molly?
Hey! Guys, this is Tabatha .  I'll see you tomorrow.
Ok ...  Well, uh, Joey, I guess    we have no problem.
It's like my favorite fairy tale come true!  The princess, the stable boy and the lesbian!","Come on! Joe!
Hi, is Molly here?
Yeah, come on in. Molly?
Hey! Guys, this is Tabatha .  I'll see you tomorrow.
Ok ...  Well, uh, Joey, I guess    we have no problem.
It's like my favorite fairy tale come true!  The princess, the stable boy and the lesbian!",joy,3,3,joy,True,0.0725563,0.0106109325,0.005222089,0.8387661,0.024434311,0.013370576,0.03503967
71,5,Joey,Oh!,surprise,"And what’s cool is, the character is from Naples, right?
Yeah.
My whole family’s from Naples!
Oh that’s great! Okay, well I’ve heard everything I need to hear. I just need to uh, Leslie
Joey, this is the awkward part.
Oh!","And what’s cool is, the character is from Naples, right?
Yeah.
My whole family’s from Naples!
Oh that’s great! Okay, well I’ve heard everything I need to hear. I just need to uh, Leslie
Joey, this is the awkward part.
Oh!",surprise,6,6,surprise,True,0.007681731,0.01100544,0.0063780635,0.028355751,0.008267831,0.0065807765,0.93173045
71,6,Joey,Hey right!,surprise,"Yeah.
My whole family’s from Naples!
Oh that’s great! Okay, well I’ve heard everything I need to hear. I just need to uh, Leslie
Joey, this is the awkward part.
Oh!
Hey right!","Yeah.
My whole family’s from Naples!
Oh that’s great! Okay, well I’ve heard everything I need to hear. I just need to uh, Leslie
Joey, this is the awkward part.
Oh!
Hey right!",surprise,6,3,joy,False,0.012996664,0.0016564662,0.0015164622,0.9415197,0.018525371,0.0035473614,0.02023806
71,7,Joey,Not a problem.,neutral,"My whole family’s from Naples!
Oh that’s great! Okay, well I’ve heard everything I need to hear. I just need to uh, Leslie
Joey, this is the awkward part.
Oh!
Hey right!
Not a problem.","My whole family’s from Naples!
Oh that’s great! Okay, well I’ve heard everything I need to hear. I just need to uh, Leslie
Joey, this is the awkward part.
Oh!
Hey right!
Not a problem.",neutral,4,4,neutral,True,0.015539529,0.0037058538,0.0033434003,0.29349336,0.6731529,0.0045596086,0.0062054396
71,8,Joey,I totally understand.,neutral,"Oh that’s great! Okay, well I’ve heard everything I need to hear. I just need to uh, Leslie
Joey, this is the awkward part.
Oh!
Hey right!
Not a problem.
I totally understand.","Oh that’s great! Okay, well I’ve heard everything I need to hear. I just need to uh, Leslie
Joey, this is the awkward part.
Oh!
Hey right!
Not a problem.
I totally understand.",neutral,4,4,neutral,True,0.016966198,0.00361353,0.004982391,0.057774104,0.9097102,0.004906547,0.0020470638
71,9,Joey,You need to y’know make sure I don’t have any horrible scars or tattoos.,neutral,"Joey, this is the awkward part.
Oh!
Hey right!
Not a problem.
I totally understand.
You need to y’know make sure I don’t have any horrible scars or tattoos.","Joey, this is the awkward part.
Oh!
Hey right!
Not a problem.
I totally understand.
You need to y’know make sure I don’t have any horrible scars or tattoos.",neutral,4,4,neutral,True,0.040139496,0.005731988,0.009543257,0.047647018,0.88460916,0.0068861176,0.005442961
71,10,Joey,Don’t you worry. I have nothing to hide.,neutral,"Oh!
Hey right!
Not a problem.
I totally understand.
You need to y’know make sure I don’t have any horrible scars or tattoos.
Don’t you worry. I have nothing to hide.","Oh!
Hey right!
Not a problem.
I totally understand.
You need to y’know make sure I don’t have any horrible scars or tattoos.
Don’t you worry. I have nothing to hide.",neutral,4,4,neutral,True,0.024383197,0.0076806187,0.0072828787,0.020045124,0.92953676,0.007837822,0.0032336137
71,11,Joey,"So there you go, that’s me.",neutral,"Hey right!
Not a problem.
I totally understand.
You need to y’know make sure I don’t have any horrible scars or tattoos.
Don’t you worry. I have nothing to hide.
So there you go, that’s me.","Hey right!
Not a problem.
I totally understand.
You need to y’know make sure I don’t have any horrible scars or tattoos.
Don’t you worry. I have nothing to hide.
So there you go, that’s me.",neutral,4,3,joy,False,0.02782461,0.0064995163,0.012639735,0.50944257,0.38830975,0.030622495,0.024661351
71,12,Joey,One hundred percent natural!,joy,"Not a problem.
I totally understand.
You need to y’know make sure I don’t have any horrible scars or tattoos.
Don’t you worry. I have nothing to hide.
So there you go, that’s me.
One hundred percent natural!","Not a problem.
I totally understand.
You need to y’know make sure I don’t have any horrible scars or tattoos.
Don’t you worry. I have nothing to hide.
So there you go, that’s me.
One hundred percent natural!",joy,3,4,neutral,False,0.044101797,0.0071873283,0.005776075,0.062752835,0.8692062,0.0060222675,0.004953473
71,13,Joey,"I tell ya, that has never happened before.",fear,"I totally understand.
You need to y’know make sure I don’t have any horrible scars or tattoos.
Don’t you worry. I have nothing to hide.
So there you go, that’s me.
One hundred percent natural!
I tell ya, that has never happened before.","I totally understand.
You need to y’know make sure I don’t have any horrible scars or tattoos.
Don’t you worry. I have nothing to hide.
So there you go, that’s me.
One hundred percent natural!
I tell ya, that has never happened before.",fear,2,4,neutral,False,0.020070238,0.006819357,0.009761736,0.08211649,0.86511374,0.010331044,0.0057874443
72,5,Rachel,"Since I have been waiting four women, that’s four, one higher than the number of centimeters that I am dilated, have come and gone with their babies!",anger,"This room’s available.
Okay!
Okay wait!
You listen to me!
You listen to me!
Since I have been waiting four women, that’s four, one higher than the number of centimeters that I am dilated, have come and gone with their babies!","This room’s available.
Okay!
Okay wait!
You listen to me!
You listen to me!
Since I have been waiting four women, that’s four, one higher than the number of centimeters that I am dilated, have come and gone with their babies!",anger,0,3,joy,False,0.27770162,0.010988767,0.013385348,0.569419,0.050490733,0.02909424,0.04892025
72,6,Rachel,I’m next!,anger,"Okay!
Okay wait!
You listen to me!
You listen to me!
Since I have been waiting four women, that’s four, one higher than the number of centimeters that I am dilated, have come and gone with their babies!
I’m next!","Okay!
Okay wait!
You listen to me!
You listen to me!
Since I have been waiting four women, that’s four, one higher than the number of centimeters that I am dilated, have come and gone with their babies!
I’m next!",anger,0,3,joy,False,0.03569663,0.0025773093,0.0033723763,0.85317224,0.08600202,0.006063425,0.01311599
72,7,Rachel,It’s my turn!,anger,"Okay wait!
You listen to me!
You listen to me!
Since I have been waiting four women, that’s four, one higher than the number of centimeters that I am dilated, have come and gone with their babies!
I’m next!
It’s my turn!","Okay wait!
You listen to me!
You listen to me!
Since I have been waiting four women, that’s four, one higher than the number of centimeters that I am dilated, have come and gone with their babies!
I’m next!
It’s my turn!",anger,0,3,joy,False,0.04249331,0.0028507994,0.0034444446,0.89492613,0.030796042,0.010136673,0.015352585
72,8,Rachel,It’s only fair!,anger,"You listen to me!
You listen to me!
Since I have been waiting four women, that’s four, one higher than the number of centimeters that I am dilated, have come and gone with their babies!
I’m next!
It’s my turn!
It’s only fair!","You listen to me!
You listen to me!
Since I have been waiting four women, that’s four, one higher than the number of centimeters that I am dilated, have come and gone with their babies!
I’m next!
It’s my turn!
It’s only fair!",anger,0,3,joy,False,0.07180457,0.0035913538,0.0051807365,0.8523729,0.038765185,0.01832775,0.009957619
72,9,Rachel,And if you bring in one woman and she has her baby before me I’m going to sue you!,anger,"You listen to me!
Since I have been waiting four women, that’s four, one higher than the number of centimeters that I am dilated, have come and gone with their babies!
I’m next!
It’s my turn!
It’s only fair!
And if you bring in one woman and she has her baby before me I’m going to sue you!","You listen to me!
Since I have been waiting four women, that’s four, one higher than the number of centimeters that I am dilated, have come and gone with their babies!
I’m next!
It’s my turn!
It’s only fair!
And if you bring in one woman and she has her baby before me I’m going to sue you!",anger,0,0,anger,True,0.87259007,0.01938442,0.02571426,0.019789137,0.02714199,0.027107755,0.008272317
72,10,Rachel,"Not this hospital, I’m going to sue you!",anger,"Since I have been waiting four women, that’s four, one higher than the number of centimeters that I am dilated, have come and gone with their babies!
I’m next!
It’s my turn!
It’s only fair!
And if you bring in one woman and she has her baby before me I’m going to sue you!
Not this hospital, I’m going to sue you!","Since I have been waiting four women, that’s four, one higher than the number of centimeters that I am dilated, have come and gone with their babies!
I’m next!
It’s my turn!
It’s only fair!
And if you bring in one woman and she has her baby before me I’m going to sue you!
Not this hospital, I’m going to sue you!",anger,0,0,anger,True,0.9017573,0.01499929,0.028288374,0.012382838,0.01762363,0.015894942,0.009053712
72,11,Rachel,And my husband  he’s a lawyer!,anger,"I’m next!
It’s my turn!
It’s only fair!
And if you bring in one woman and she has her baby before me I’m going to sue you!
Not this hospital, I’m going to sue you!
And my husband  he’s a lawyer!","I’m next!
It’s my turn!
It’s only fair!
And if you bring in one woman and she has her baby before me I’m going to sue you!
Not this hospital, I’m going to sue you!
And my husband  he’s a lawyer!",anger,0,0,anger,True,0.9060243,0.01015289,0.01782539,0.017982898,0.017841348,0.019993981,0.010179217
72,12,Ross,Uh Rach,neutral,"It’s my turn!
It’s only fair!
And if you bring in one woman and she has her baby before me I’m going to sue you!
Not this hospital, I’m going to sue you!
And my husband  he’s a lawyer!
Uh Rach","It’s my turn!
It’s only fair!
And if you bring in one woman and she has her baby before me I’m going to sue you!
Not this hospital, I’m going to sue you!
And my husband  he’s a lawyer!
Uh Rach",neutral,4,4,neutral,True,0.09215402,0.014445697,0.03622149,0.30678257,0.49843752,0.03259886,0.019359753
72,13,Rachel,Go get back on that case honey!,anger,"It’s only fair!
And if you bring in one woman and she has her baby before me I’m going to sue you!
Not this hospital, I’m going to sue you!
And my husband  he’s a lawyer!
Uh Rach
Go get back on that case honey!","It’s only fair!
And if you bring in one woman and she has her baby before me I’m going to sue you!
Not this hospital, I’m going to sue you!
And my husband  he’s a lawyer!
Uh Rach
Go get back on that case honey!",anger,0,3,joy,False,0.26080596,0.01651247,0.035442483,0.5462982,0.071027376,0.03288582,0.037027594
72,14,Nurse,I don’t think the next patient is very far along.,neutral,"And if you bring in one woman and she has her baby before me I’m going to sue you!
Not this hospital, I’m going to sue you!
And my husband  he’s a lawyer!
Uh Rach
Go get back on that case honey!
I don’t think the next patient is very far along.","And if you bring in one woman and she has her baby before me I’m going to sue you!
Not this hospital, I’m going to sue you!
And my husband  he’s a lawyer!
Uh Rach
Go get back on that case honey!
I don’t think the next patient is very far along.",neutral,4,4,neutral,True,0.061369754,0.008548486,0.06426764,0.14803572,0.61333144,0.08623575,0.018211218
72,15,Rachel,"Okay, well then bring her in.",neutral,"Not this hospital, I’m going to sue you!
And my husband  he’s a lawyer!
Uh Rach
Go get back on that case honey!
I don’t think the next patient is very far along.
Okay, well then bring her in.","Not this hospital, I’m going to sue you!
And my husband  he’s a lawyer!
Uh Rach
Go get back on that case honey!
I don’t think the next patient is very far along.
Okay, well then bring her in.",neutral,4,4,neutral,True,0.019267933,0.0038102572,0.0053495793,0.05910325,0.9064529,0.0037474793,0.002268607
72,16,Woman,OH….MY….GAWD!!!,surprise,"And my husband  he’s a lawyer!
Uh Rach
Go get back on that case honey!
I don’t think the next patient is very far along.
Okay, well then bring her in.
OH….MY….GAWD!!!","And my husband  he’s a lawyer!
Uh Rach
Go get back on that case honey!
I don’t think the next patient is very far along.
Okay, well then bring her in.
OH….MY….GAWD!!!",surprise,6,3,joy,False,0.04599663,0.030453203,0.014550749,0.5112175,0.0269279,0.0150683075,0.3557858
73,5,Emily,Okay.,neutral,"Ross-Ross-Ross-Ross! Stay away from that guy , and that guy . And that one—Dude! They’re all huge!
They don’t look any bigger than me!
Well, maybe that’s because you’re closer to you. So you look bigger to you from where you are.
I’m just going to say hi to the lads. All right?
All right.
Okay.","Ross-Ross-Ross-Ross! Stay away from that guy , and that guy . And that one—Dude! They’re all huge!
They don’t look any bigger than me!
Well, maybe that’s because you’re closer to you. So you look bigger to you from where you are.
I’m just going to say hi to the lads. All right?
All right.
Okay.",neutral,4,4,neutral,True,0.01273425,0.0023521425,0.0052946075,0.0943617,0.8768335,0.006032877,0.002390935
73,6,Phoebe,Hi.,neutral,"They don’t look any bigger than me!
Well, maybe that’s because you’re closer to you. So you look bigger to you from where you are.
I’m just going to say hi to the lads. All right?
All right.
Okay.
Hi.","They don’t look any bigger than me!
Well, maybe that’s because you’re closer to you. So you look bigger to you from where you are.
I’m just going to say hi to the lads. All right?
All right.
Okay.
Hi.",neutral,4,4,neutral,True,0.007406413,0.002259404,0.0024806757,0.32375425,0.65200996,0.003825298,0.008263946
73,7,Phoebe,Whoa!  I kinda liked it.,joy,"Well, maybe that’s because you’re closer to you. So you look bigger to you from where you are.
I’m just going to say hi to the lads. All right?
All right.
Okay.
Hi.
Whoa!  I kinda liked it.","Well, maybe that’s because you’re closer to you. So you look bigger to you from where you are.
I’m just going to say hi to the lads. All right?
All right.
Okay.
Hi.
Whoa!  I kinda liked it.",joy,3,3,joy,True,0.0071748677,0.004503132,0.0021433441,0.9231266,0.028826833,0.005117205,0.029108038
73,8,Ross,"Okay, I know what I have to do. I’ve got to go Red Ross.  Y’know, Red Ross!",anger,"I’m just going to say hi to the lads. All right?
All right.
Okay.
Hi.
Whoa!  I kinda liked it.
Okay, I know what I have to do. I’ve got to go Red Ross.  Y’know, Red Ross!","I’m just going to say hi to the lads. All right?
All right.
Okay.
Hi.
Whoa!  I kinda liked it.
Okay, I know what I have to do. I’ve got to go Red Ross.  Y’know, Red Ross!",anger,0,3,joy,False,0.15154839,0.010790494,0.020468544,0.66439176,0.056093503,0.020369899,0.07633742
73,9,Joey,I totally don’t know what you’re talking about.,neutral,"All right.
Okay.
Hi.
Whoa!  I kinda liked it.
Okay, I know what I have to do. I’ve got to go Red Ross.  Y’know, Red Ross!
I totally don’t know what you’re talking about.","All right.
Okay.
Hi.
Whoa!  I kinda liked it.
Okay, I know what I have to do. I’ve got to go Red Ross.  Y’know, Red Ross!
I totally don’t know what you’re talking about.",neutral,4,6,surprise,False,0.23031291,0.082887106,0.11283878,0.06893344,0.07376967,0.12439069,0.30686736
73,10,Ross,Come on! The time we were all waiting in line for,anger,"Okay.
Hi.
Whoa!  I kinda liked it.
Okay, I know what I have to do. I’ve got to go Red Ross.  Y’know, Red Ross!
I totally don’t know what you’re talking about.
Come on! The time we were all waiting in line for","Okay.
Hi.
Whoa!  I kinda liked it.
Okay, I know what I have to do. I’ve got to go Red Ross.  Y’know, Red Ross!
I totally don’t know what you’re talking about.
Come on! The time we were all waiting in line for",anger,0,4,neutral,False,0.07994811,0.006907838,0.008588335,0.36867064,0.51666707,0.0074397535,0.011778221
75,5,Phoebe,"Umm, all righty, before we get started I just—I need you to state for the official record that you are in fact Frank Buffay.",neutral,"Umm, thank you for meeting with me.
Thank you. All right.
Come, sit.
Sit.
Sit!
Umm, all righty, before we get started I just—I need you to state for the official record that you are in fact Frank Buffay.","Umm, thank you for meeting with me.
Thank you. All right.
Come, sit.
Sit.
Sit!
Umm, all righty, before we get started I just—I need you to state for the official record that you are in fact Frank Buffay.",neutral,4,4,neutral,True,0.067341216,0.012211817,0.0097894035,0.022479774,0.86382616,0.008295986,0.016055591
76,5,Rachel,And Ross.,neutral,"Lucky sixes....
Everybody, this is Paolo. Paolo, I want you to meet my friends. This is Monica.
Hi!
And Joey....
Hi!
And Ross.","Lucky sixes....
Everybody, this is Paolo. Paolo, I want you to meet my friends. This is Monica.
Hi!
And Joey....
Hi!
And Ross.",neutral,4,3,joy,False,0.015331768,0.0027567116,0.0020549833,0.71041334,0.25632218,0.0040459526,0.009075092
76,6,Monica,Hi!,neutral,"Everybody, this is Paolo. Paolo, I want you to meet my friends. This is Monica.
Hi!
And Joey....
Hi!
And Ross.
Hi!","Everybody, this is Paolo. Paolo, I want you to meet my friends. This is Monica.
Hi!
And Joey....
Hi!
And Ross.
Hi!",neutral,4,3,joy,False,0.0128967455,0.0023864259,0.0018112533,0.9370283,0.015104428,0.0039464603,0.026826449
76,7,Rachel,He doesn't speak much English.,neutral,"Hi!
And Joey....
Hi!
And Ross.
Hi!
He doesn't speak much English.","Hi!
And Joey....
Hi!
And Ross.
Hi!
He doesn't speak much English.",neutral,4,4,neutral,True,0.017794877,0.004527942,0.0034709403,0.058542386,0.89744914,0.004360334,0.013854345
76,8,Rachel,Look at that!,surprise,"And Joey....
Hi!
And Ross.
Hi!
He doesn't speak much English.
Look at that!","And Joey....
Hi!
And Ross.
Hi!
He doesn't speak much English.
Look at that!",surprise,6,6,surprise,True,0.12680876,0.022459958,0.012168812,0.0458606,0.008685137,0.016915424,0.7671013
76,9,Ross,"So, um... where did Paolo come from?",neutral,"Hi!
And Ross.
Hi!
He doesn't speak much English.
Look at that!
So, um... where did Paolo come from?","Hi!
And Ross.
Hi!
He doesn't speak much English.
Look at that!
So, um... where did Paolo come from?",neutral,4,4,neutral,True,0.010325132,0.0018959914,0.0052962895,0.03302585,0.90728813,0.005319151,0.036849566
76,10,Rachel,"Oh... Italy, I think.",neutral,"And Ross.
Hi!
He doesn't speak much English.
Look at that!
So, um... where did Paolo come from?
Oh... Italy, I think.","And Ross.
Hi!
He doesn't speak much English.
Look at that!
So, um... where did Paolo come from?
Oh... Italy, I think.",neutral,4,4,neutral,True,0.0041465526,0.005150549,0.014665107,0.056366447,0.8847089,0.01646858,0.018493844
76,11,Ross,"No, I mean tonight, in the building. Suddenly. Into our lives.",neutral,"Hi!
He doesn't speak much English.
Look at that!
So, um... where did Paolo come from?
Oh... Italy, I think.
No, I mean tonight, in the building. Suddenly. Into our lives.","Hi!
He doesn't speak much English.
Look at that!
So, um... where did Paolo come from?
Oh... Italy, I think.
No, I mean tonight, in the building. Suddenly. Into our lives.",neutral,4,3,joy,False,0.030216519,0.0040249075,0.0040038344,0.8766664,0.044484485,0.01658714,0.024016658
76,12,Rachel,"Well, the cat... the cat turned out to be Paolo's cat!",neutral,"He doesn't speak much English.
Look at that!
So, um... where did Paolo come from?
Oh... Italy, I think.
No, I mean tonight, in the building. Suddenly. Into our lives.
Well, the cat... the cat turned out to be Paolo's cat!","He doesn't speak much English.
Look at that!
So, um... where did Paolo come from?
Oh... Italy, I think.
No, I mean tonight, in the building. Suddenly. Into our lives.
Well, the cat... the cat turned out to be Paolo's cat!",neutral,4,6,surprise,False,0.045210868,0.0085533885,0.00451392,0.18025555,0.012939975,0.010933296,0.737593
76,13,Ross,"That, that is funny... .... and Rachel keeps touching him.",neutral,"Look at that!
So, um... where did Paolo come from?
Oh... Italy, I think.
No, I mean tonight, in the building. Suddenly. Into our lives.
Well, the cat... the cat turned out to be Paolo's cat!
That, that is funny... .... and Rachel keeps touching him.","Look at that!
So, um... where did Paolo come from?
Oh... Italy, I think.
No, I mean tonight, in the building. Suddenly. Into our lives.
Well, the cat... the cat turned out to be Paolo's cat!
That, that is funny... .... and Rachel keeps touching him.",neutral,4,4,neutral,True,0.07496884,0.14296187,0.050805163,0.13386203,0.45746326,0.09027486,0.04966396
76,14,Phoebe,Alright. I looked all over the building and I couldn't find the kitty anywhere.,neutral,"So, um... where did Paolo come from?
Oh... Italy, I think.
No, I mean tonight, in the building. Suddenly. Into our lives.
Well, the cat... the cat turned out to be Paolo's cat!
That, that is funny... .... and Rachel keeps touching him.
Alright. I looked all over the building and I couldn't find the kitty anywhere.","So, um... where did Paolo come from?
Oh... Italy, I think.
No, I mean tonight, in the building. Suddenly. Into our lives.
Well, the cat... the cat turned out to be Paolo's cat!
That, that is funny... .... and Rachel keeps touching him.
Alright. I looked all over the building and I couldn't find the kitty anywhere.",neutral,4,4,neutral,True,0.09159499,0.024107426,0.0588301,0.108438455,0.6071514,0.06381119,0.046066422
76,15,Rachel,"Oh, I found him. He was Paolo's cat.",neutral,"Oh... Italy, I think.
No, I mean tonight, in the building. Suddenly. Into our lives.
Well, the cat... the cat turned out to be Paolo's cat!
That, that is funny... .... and Rachel keeps touching him.
Alright. I looked all over the building and I couldn't find the kitty anywhere.
Oh, I found him. He was Paolo's cat.","Oh... Italy, I think.
No, I mean tonight, in the building. Suddenly. Into our lives.
Well, the cat... the cat turned out to be Paolo's cat!
That, that is funny... .... and Rachel keeps touching him.
Alright. I looked all over the building and I couldn't find the kitty anywhere.
Oh, I found him. He was Paolo's cat.",neutral,4,4,neutral,True,0.020386513,0.007426908,0.006101182,0.04445581,0.8418596,0.0068057766,0.07296428
76,16,Phoebe,Ah! Well! There you go! Last to know again! And I'm guessing... since nobody told me... this is Paolo.,joy,"No, I mean tonight, in the building. Suddenly. Into our lives.
Well, the cat... the cat turned out to be Paolo's cat!
That, that is funny... .... and Rachel keeps touching him.
Alright. I looked all over the building and I couldn't find the kitty anywhere.
Oh, I found him. He was Paolo's cat.
Ah! Well! There you go! Last to know again! And I'm guessing... since nobody told me... this is Paolo.","No, I mean tonight, in the building. Suddenly. Into our lives.
Well, the cat... the cat turned out to be Paolo's cat!
That, that is funny... .... and Rachel keeps touching him.
Alright. I looked all over the building and I couldn't find the kitty anywhere.
Oh, I found him. He was Paolo's cat.
Ah! Well! There you go! Last to know again! And I'm guessing... since nobody told me... this is Paolo.",joy,3,4,neutral,False,0.06549141,0.008685297,0.0066443915,0.031768754,0.8654206,0.009439131,0.012550349
76,17,Rachel,"Ah, Paolo, this is Phoebe.",neutral,"Well, the cat... the cat turned out to be Paolo's cat!
That, that is funny... .... and Rachel keeps touching him.
Alright. I looked all over the building and I couldn't find the kitty anywhere.
Oh, I found him. He was Paolo's cat.
Ah! Well! There you go! Last to know again! And I'm guessing... since nobody told me... this is Paolo.
Ah, Paolo, this is Phoebe.","Well, the cat... the cat turned out to be Paolo's cat!
That, that is funny... .... and Rachel keeps touching him.
Alright. I looked all over the building and I couldn't find the kitty anywhere.
Oh, I found him. He was Paolo's cat.
Ah! Well! There you go! Last to know again! And I'm guessing... since nobody told me... this is Paolo.
Ah, Paolo, this is Phoebe.",neutral,4,4,neutral,True,0.009458848,0.002684601,0.002331221,0.032136098,0.94126856,0.0030788,0.009041927
76,18,Phoebe,You betcha!,joy,"That, that is funny... .... and Rachel keeps touching him.
Alright. I looked all over the building and I couldn't find the kitty anywhere.
Oh, I found him. He was Paolo's cat.
Ah! Well! There you go! Last to know again! And I'm guessing... since nobody told me... this is Paolo.
Ah, Paolo, this is Phoebe.
You betcha!","That, that is funny... .... and Rachel keeps touching him.
Alright. I looked all over the building and I couldn't find the kitty anywhere.
Oh, I found him. He was Paolo's cat.
Ah! Well! There you go! Last to know again! And I'm guessing... since nobody told me... this is Paolo.
Ah, Paolo, this is Phoebe.
You betcha!",joy,3,3,joy,True,0.0074342676,0.0020820026,0.0019703708,0.9522603,0.020332014,0.004761197,0.011159817
78,5,Rachel,Hi.,neutral,"Why?
Because I don't work at the Szechwan Dragon.
You really, really need to get some sleep, honey.
I know I do.
Hi.
Hi.","Why?
Because I don't work at the Szechwan Dragon.
You really, really need to get some sleep, honey.
I know I do.
Hi.
Hi.",neutral,4,4,neutral,True,0.0050666584,0.0015842415,0.0021484415,0.116954945,0.8656445,0.0034172267,0.005183908
78,6,Ross,Guess what?,neutral,"Because I don't work at the Szechwan Dragon.
You really, really need to get some sleep, honey.
I know I do.
Hi.
Hi.
Guess what?","Because I don't work at the Szechwan Dragon.
You really, really need to get some sleep, honey.
I know I do.
Hi.
Hi.
Guess what?",neutral,4,4,neutral,True,0.01560565,0.0039271037,0.023027187,0.07489529,0.7305615,0.01232742,0.13965584
78,7,Ross,They published my paper.,joy,"You really, really need to get some sleep, honey.
I know I do.
Hi.
Hi.
Guess what?
They published my paper.","You really, really need to get some sleep, honey.
I know I do.
Hi.
Hi.
Guess what?
They published my paper.",joy,3,4,neutral,False,0.023163024,0.0073941364,0.005118853,0.032549016,0.90786165,0.007844564,0.016068751
78,8,Rachel,"Oh, really, let me see, let me see.",joy,"I know I do.
Hi.
Hi.
Guess what?
They published my paper.
Oh, really, let me see, let me see.","I know I do.
Hi.
Hi.
Guess what?
They published my paper.
Oh, really, let me see, let me see.",joy,3,4,neutral,False,0.028636528,0.0123533085,0.032964464,0.3755459,0.46336132,0.019650592,0.06748792
78,9,Phoebe,"Rach, look!  Oh, hi! Where is my strong Ross Skywalker to come rescue me.  There he is.",joy,"Hi.
Hi.
Guess what?
They published my paper.
Oh, really, let me see, let me see.
Rach, look!  Oh, hi! Where is my strong Ross Skywalker to come rescue me.  There he is.","Hi.
Hi.
Guess what?
They published my paper.
Oh, really, let me see, let me see.
Rach, look!  Oh, hi! Where is my strong Ross Skywalker to come rescue me.  There he is.",joy,3,3,joy,True,0.015605505,0.0022657507,0.0028607978,0.8817031,0.074794315,0.00977629,0.012994218
80,5,Monica,"Now Joey, you go down there and you suck up to him. I mean you suck like you’ve never sucked before!",neutral,"What?! You got us evicted!!
I told you not to go down there!
Well he made Rachel cry!
Rachel always cries!
That’s not true!
Now Joey, you go down there and you suck up to him. I mean you suck like you’ve never sucked before!","What?! You got us evicted!!
I told you not to go down there!
Well he made Rachel cry!
Rachel always cries!
That’s not true!
Now Joey, you go down there and you suck up to him. I mean you suck like you’ve never sucked before!",neutral,4,1,disgust,False,0.16206938,0.32567683,0.035579175,0.19043395,0.17005879,0.07594694,0.04023494
80,6,Joey,"All right! I’ll try! But if I can’t, you can stay with Chandler and I until you get settled.",neutral,"I told you not to go down there!
Well he made Rachel cry!
Rachel always cries!
That’s not true!
Now Joey, you go down there and you suck up to him. I mean you suck like you’ve never sucked before!
All right! I’ll try! But if I can’t, you can stay with Chandler and I until you get settled.","I told you not to go down there!
Well he made Rachel cry!
Rachel always cries!
That’s not true!
Now Joey, you go down there and you suck up to him. I mean you suck like you’ve never sucked before!
All right! I’ll try! But if I can’t, you can stay with Chandler and I until you get settled.",neutral,4,4,neutral,True,0.021391202,0.00341468,0.0055659907,0.0416633,0.9161793,0.009384744,0.0024009023
80,7,Rachel,Go!!,anger,"Well he made Rachel cry!
Rachel always cries!
That’s not true!
Now Joey, you go down there and you suck up to him. I mean you suck like you’ve never sucked before!
All right! I’ll try! But if I can’t, you can stay with Chandler and I until you get settled.
Go!!","Well he made Rachel cry!
Rachel always cries!
That’s not true!
Now Joey, you go down there and you suck up to him. I mean you suck like you’ve never sucked before!
All right! I’ll try! But if I can’t, you can stay with Chandler and I until you get settled.
Go!!",anger,0,0,anger,True,0.70292354,0.01402619,0.040308055,0.12965682,0.063393675,0.024295121,0.025396507
80,8,Joey,"All right, all right, all right.",neutral,"Rachel always cries!
That’s not true!
Now Joey, you go down there and you suck up to him. I mean you suck like you’ve never sucked before!
All right! I’ll try! But if I can’t, you can stay with Chandler and I until you get settled.
Go!!
All right, all right, all right.","Rachel always cries!
That’s not true!
Now Joey, you go down there and you suck up to him. I mean you suck like you’ve never sucked before!
All right! I’ll try! But if I can’t, you can stay with Chandler and I until you get settled.
Go!!
All right, all right, all right.",neutral,4,4,neutral,True,0.042214368,0.0046263193,0.010765808,0.17703159,0.7491287,0.012829269,0.0034039547
80,9,Joey,"I mean I’ll have to check with him first, but I’ll think he’ll be cool with it.",neutral,"That’s not true!
Now Joey, you go down there and you suck up to him. I mean you suck like you’ve never sucked before!
All right! I’ll try! But if I can’t, you can stay with Chandler and I until you get settled.
Go!!
All right, all right, all right.
I mean I’ll have to check with him first, but I’ll think he’ll be cool with it.","That’s not true!
Now Joey, you go down there and you suck up to him. I mean you suck like you’ve never sucked before!
All right! I’ll try! But if I can’t, you can stay with Chandler and I until you get settled.
Go!!
All right, all right, all right.
I mean I’ll have to check with him first, but I’ll think he’ll be cool with it.",neutral,4,4,neutral,True,0.07161807,0.010642887,0.013419169,0.17872149,0.6821631,0.037359387,0.0060759694
83,5,Chandler,"Ow, no ‘woo-hooing,’ no ‘woo-hooing.’",anger,"Well, my apartment isn’t there anymore, because I drank it.
Where’d you get too? We lost you after you opened up all the presents.
Yeah.
Yeah, I ended up in the storage room, and not alone.
Woooo hoooo!!!
Ow, no ‘woo-hooing,’ no ‘woo-hooing.’","Well, my apartment isn’t there anymore, because I drank it.
Where’d you get too? We lost you after you opened up all the presents.
Yeah.
Yeah, I ended up in the storage room, and not alone.
Woooo hoooo!!!
Ow, no ‘woo-hooing,’ no ‘woo-hooing.’",anger,0,3,joy,False,0.048854075,0.042041205,0.047719285,0.46853462,0.24584228,0.023538366,0.12347021
83,6,Phoebe,"Why, what happened?",surprise,"Where’d you get too? We lost you after you opened up all the presents.
Yeah.
Yeah, I ended up in the storage room, and not alone.
Woooo hoooo!!!
Ow, no ‘woo-hooing,’ no ‘woo-hooing.’
Why, what happened?","Where’d you get too? We lost you after you opened up all the presents.
Yeah.
Yeah, I ended up in the storage room, and not alone.
Woooo hoooo!!!
Ow, no ‘woo-hooing,’ no ‘woo-hooing.’
Why, what happened?",surprise,6,4,neutral,False,0.017687544,0.0039960793,0.02298065,0.022144597,0.7196985,0.017613757,0.1958788
83,7,Chandler,"Ah, I fooled around with Joey’s sister.  Well, that’s not the worst part.",sadness,"Yeah.
Yeah, I ended up in the storage room, and not alone.
Woooo hoooo!!!
Ow, no ‘woo-hooing,’ no ‘woo-hooing.’
Why, what happened?
Ah, I fooled around with Joey’s sister.  Well, that’s not the worst part.","Yeah.
Yeah, I ended up in the storage room, and not alone.
Woooo hoooo!!!
Ow, no ‘woo-hooing,’ no ‘woo-hooing.’
Why, what happened?
Ah, I fooled around with Joey’s sister.  Well, that’s not the worst part.",sadness,5,4,neutral,False,0.015292311,0.008274506,0.005297194,0.055478107,0.89093846,0.019820038,0.004899381
83,8,Monica,What is the worse part?,neutral,"Yeah, I ended up in the storage room, and not alone.
Woooo hoooo!!!
Ow, no ‘woo-hooing,’ no ‘woo-hooing.’
Why, what happened?
Ah, I fooled around with Joey’s sister.  Well, that’s not the worst part.
What is the worse part?","Yeah, I ended up in the storage room, and not alone.
Woooo hoooo!!!
Ow, no ‘woo-hooing,’ no ‘woo-hooing.’
Why, what happened?
Ah, I fooled around with Joey’s sister.  Well, that’s not the worst part.
What is the worse part?",neutral,4,5,sadness,False,0.12439785,0.046860255,0.10855665,0.035208203,0.086232826,0.39782605,0.20091818
83,9,Chandler,I can’t remember which sister.,sadness,"Woooo hoooo!!!
Ow, no ‘woo-hooing,’ no ‘woo-hooing.’
Why, what happened?
Ah, I fooled around with Joey’s sister.  Well, that’s not the worst part.
What is the worse part?
I can’t remember which sister.","Woooo hoooo!!!
Ow, no ‘woo-hooing,’ no ‘woo-hooing.’
Why, what happened?
Ah, I fooled around with Joey’s sister.  Well, that’s not the worst part.
What is the worse part?
I can’t remember which sister.",sadness,5,5,sadness,True,0.051214445,0.017835347,0.12787448,0.058704183,0.26097158,0.36269185,0.12070811
83,10,Ross,You see what men do! Don’t tell me men are not nice!  This is men!!,anger,"Ow, no ‘woo-hooing,’ no ‘woo-hooing.’
Why, what happened?
Ah, I fooled around with Joey’s sister.  Well, that’s not the worst part.
What is the worse part?
I can’t remember which sister.
You see what men do! Don’t tell me men are not nice!  This is men!!","Ow, no ‘woo-hooing,’ no ‘woo-hooing.’
Why, what happened?
Ah, I fooled around with Joey’s sister.  Well, that’s not the worst part.
What is the worse part?
I can’t remember which sister.
You see what men do! Don’t tell me men are not nice!  This is men!!",anger,0,0,anger,True,0.88140565,0.021341756,0.016065631,0.019816577,0.009639407,0.020399619,0.031331412
85,5,Joey,Damn you 15s!,anger,"But um, I don’t think it’s anything serious.
This sounds like a hernia. You have to—you-you—Go to the doctor!
No way!
‘Kay look, if I have to go to the doctor for anything it’s gonna be for this thing sticking out of my stomach!
Why did I have to start working out again?
Damn you 15s!","But um, I don’t think it’s anything serious.
This sounds like a hernia. You have to—you-you—Go to the doctor!
No way!
‘Kay look, if I have to go to the doctor for anything it’s gonna be for this thing sticking out of my stomach!
Why did I have to start working out again?
Damn you 15s!",anger,0,0,anger,True,0.8669485,0.015237121,0.016495997,0.03654728,0.031705536,0.021782987,0.01128272
86,5,Ross,It tastes like feet!,disgust,"It’s a trifle.
It’s got all of these layers.
First there’s a layer of ladyfingers, then a layer of jam, then custard, which I made from scratch.
[Joey and Ross make impressed faces] Then raspberries, more ladyfingers, then beef sautéed with peas and onions, [Joey and Ross look like something’s wrong.]
then a little more custard, and then bananas, and then I just put some whipped cream on top!
It tastes like feet!","It’s a trifle.
It’s got all of these layers.
First there’s a layer of ladyfingers, then a layer of jam, then custard, which I made from scratch.
[Joey and Ross make impressed faces] Then raspberries, more ladyfingers, then beef sautéed with peas and onions, [Joey and Ross look like something’s wrong.]
then a little more custard, and then bananas, and then I just put some whipped cream on top!
It tastes like feet!",disgust,1,1,disgust,True,0.1763457,0.32895595,0.031016458,0.19860263,0.033761274,0.082879156,0.14843878
86,6,Joey,I like it.,joy,"It’s got all of these layers.
First there’s a layer of ladyfingers, then a layer of jam, then custard, which I made from scratch.
[Joey and Ross make impressed faces] Then raspberries, more ladyfingers, then beef sautéed with peas and onions, [Joey and Ross look like something’s wrong.]
then a little more custard, and then bananas, and then I just put some whipped cream on top!
It tastes like feet!
I like it.","It’s got all of these layers.
First there’s a layer of ladyfingers, then a layer of jam, then custard, which I made from scratch.
[Joey and Ross make impressed faces] Then raspberries, more ladyfingers, then beef sautéed with peas and onions, [Joey and Ross look like something’s wrong.]
then a little more custard, and then bananas, and then I just put some whipped cream on top!
It tastes like feet!
I like it.",joy,3,3,joy,True,0.012641336,0.003974673,0.0028989695,0.9380112,0.024279142,0.012773411,0.0054212227
86,7,Ross,Are you kidding?,surprise,"First there’s a layer of ladyfingers, then a layer of jam, then custard, which I made from scratch.
[Joey and Ross make impressed faces] Then raspberries, more ladyfingers, then beef sautéed with peas and onions, [Joey and Ross look like something’s wrong.]
then a little more custard, and then bananas, and then I just put some whipped cream on top!
It tastes like feet!
I like it.
Are you kidding?","First there’s a layer of ladyfingers, then a layer of jam, then custard, which I made from scratch.
[Joey and Ross make impressed faces] Then raspberries, more ladyfingers, then beef sautéed with peas and onions, [Joey and Ross look like something’s wrong.]
then a little more custard, and then bananas, and then I just put some whipped cream on top!
It tastes like feet!
I like it.
Are you kidding?",surprise,6,3,joy,False,0.019409837,0.028122446,0.011461593,0.7100094,0.09909091,0.028156891,0.10374897
88,5,Host,"You go to the refrigerator to get a nice glass of milk,  and these darn cartons are so flingin'-flangin' hard to open.",neutral,"Welcome everybody, welcome to Amazing Discoveries!
Oh, oh! It's on again!
You guys, can we please not watch this all right.
Shhhh!
Folks, has this ever happened to you.
You go to the refrigerator to get a nice glass of milk,  and these darn cartons are so flingin'-flangin' hard to open.","Welcome everybody, welcome to Amazing Discoveries!
Oh, oh! It's on again!
You guys, can we please not watch this all right.
Shhhh!
Folks, has this ever happened to you.
You go to the refrigerator to get a nice glass of milk,  and these darn cartons are so flingin'-flangin' hard to open.",neutral,4,5,sadness,False,0.07100196,0.27504545,0.10873858,0.09075011,0.091474615,0.31872833,0.04426094
88,6,Joey,"Oh, you said it Mike.  Aw! There's got to be a better way!",anger,"Oh, oh! It's on again!
You guys, can we please not watch this all right.
Shhhh!
Folks, has this ever happened to you.
You go to the refrigerator to get a nice glass of milk,  and these darn cartons are so flingin'-flangin' hard to open.
Oh, you said it Mike.  Aw! There's got to be a better way!","Oh, oh! It's on again!
You guys, can we please not watch this all right.
Shhhh!
Folks, has this ever happened to you.
You go to the refrigerator to get a nice glass of milk,  and these darn cartons are so flingin'-flangin' hard to open.
Oh, you said it Mike.  Aw! There's got to be a better way!",anger,0,6,surprise,False,0.23435624,0.031877838,0.0582425,0.27338338,0.031070856,0.05437202,0.31669718
88,7,Mike,And there is Kevin.,neutral,"You guys, can we please not watch this all right.
Shhhh!
Folks, has this ever happened to you.
You go to the refrigerator to get a nice glass of milk,  and these darn cartons are so flingin'-flangin' hard to open.
Oh, you said it Mike.  Aw! There's got to be a better way!
And there is Kevin.","You guys, can we please not watch this all right.
Shhhh!
Folks, has this ever happened to you.
You go to the refrigerator to get a nice glass of milk,  and these darn cartons are so flingin'-flangin' hard to open.
Oh, you said it Mike.  Aw! There's got to be a better way!
And there is Kevin.",neutral,4,4,neutral,True,0.0709543,0.007509652,0.0166546,0.2584059,0.5968751,0.03316935,0.01643105
88,8,Joey,Can we please turn this off?,sadness,"Shhhh!
Folks, has this ever happened to you.
You go to the refrigerator to get a nice glass of milk,  and these darn cartons are so flingin'-flangin' hard to open.
Oh, you said it Mike.  Aw! There's got to be a better way!
And there is Kevin.
Can we please turn this off?","Shhhh!
Folks, has this ever happened to you.
You go to the refrigerator to get a nice glass of milk,  and these darn cartons are so flingin'-flangin' hard to open.
Oh, you said it Mike.  Aw! There's got to be a better way!
And there is Kevin.
Can we please turn this off?",sadness,5,4,neutral,False,0.057578377,0.014546006,0.1074634,0.10164472,0.6097049,0.094777346,0.0142852785
88,9,Rachel,"Noo way, Kevin.",joy,"Folks, has this ever happened to you.
You go to the refrigerator to get a nice glass of milk,  and these darn cartons are so flingin'-flangin' hard to open.
Oh, you said it Mike.  Aw! There's got to be a better way!
And there is Kevin.
Can we please turn this off?
Noo way, Kevin.","Folks, has this ever happened to you.
You go to the refrigerator to get a nice glass of milk,  and these darn cartons are so flingin'-flangin' hard to open.
Oh, you said it Mike.  Aw! There's got to be a better way!
And there is Kevin.
Can we please turn this off?
Noo way, Kevin.",joy,3,4,neutral,False,0.018262643,0.008581471,0.02492065,0.057974212,0.871922,0.014645987,0.0036930505
88,10,Mike,There is a revolutionary new product that guarantees that you'll never have to open up milk cartons again. Meet the Milk Master 2000.,neutral,"You go to the refrigerator to get a nice glass of milk,  and these darn cartons are so flingin'-flangin' hard to open.
Oh, you said it Mike.  Aw! There's got to be a better way!
And there is Kevin.
Can we please turn this off?
Noo way, Kevin.
There is a revolutionary new product that guarantees that you'll never have to open up milk cartons again. Meet the Milk Master 2000.","You go to the refrigerator to get a nice glass of milk,  and these darn cartons are so flingin'-flangin' hard to open.
Oh, you said it Mike.  Aw! There's got to be a better way!
And there is Kevin.
Can we please turn this off?
Noo way, Kevin.
There is a revolutionary new product that guarantees that you'll never have to open up milk cartons again. Meet the Milk Master 2000.",neutral,4,4,neutral,True,0.023993606,0.0033576232,0.0035850578,0.08517171,0.87522006,0.005405079,0.0032669217
88,11,Ross,Are you intrigued?,surprise,"Oh, you said it Mike.  Aw! There's got to be a better way!
And there is Kevin.
Can we please turn this off?
Noo way, Kevin.
There is a revolutionary new product that guarantees that you'll never have to open up milk cartons again. Meet the Milk Master 2000.
Are you intrigued?","Oh, you said it Mike.  Aw! There's got to be a better way!
And there is Kevin.
Can we please turn this off?
Noo way, Kevin.
There is a revolutionary new product that guarantees that you'll never have to open up milk cartons again. Meet the Milk Master 2000.
Are you intrigued?",surprise,6,6,surprise,True,0.015219491,0.009034224,0.009368422,0.08178563,0.41565567,0.006364077,0.46257254
88,12,Chandler,You're flingin'-flangin' right I am!,joy,"And there is Kevin.
Can we please turn this off?
Noo way, Kevin.
There is a revolutionary new product that guarantees that you'll never have to open up milk cartons again. Meet the Milk Master 2000.
Are you intrigued?
You're flingin'-flangin' right I am!","And there is Kevin.
Can we please turn this off?
Noo way, Kevin.
There is a revolutionary new product that guarantees that you'll never have to open up milk cartons again. Meet the Milk Master 2000.
Are you intrigued?
You're flingin'-flangin' right I am!",joy,3,3,joy,True,0.052690886,0.0040645623,0.005335673,0.87276393,0.04913067,0.006465269,0.009548989
88,13,Mike,"Keep in mind, he's never used this product before, you're gonna see how easy this is to do.",neutral,"Can we please turn this off?
Noo way, Kevin.
There is a revolutionary new product that guarantees that you'll never have to open up milk cartons again. Meet the Milk Master 2000.
Are you intrigued?
You're flingin'-flangin' right I am!
Keep in mind, he's never used this product before, you're gonna see how easy this is to do.","Can we please turn this off?
Noo way, Kevin.
There is a revolutionary new product that guarantees that you'll never have to open up milk cartons again. Meet the Milk Master 2000.
Are you intrigued?
You're flingin'-flangin' right I am!
Keep in mind, he's never used this product before, you're gonna see how easy this is to do.",neutral,4,3,joy,False,0.05006146,0.011794469,0.012125304,0.5175936,0.35760716,0.041750245,0.009067709
90,5,Ross,Try telling my wife that.,sadness,"Well, you might want to tell him it sounds like his wife is  gay.
She is not…  She’s gay. Oh my God. She is
Good day for married people huh?
I’m sorry your husband cheated on you.
I’m sorry your wife is gay. I guess women aren’t that great either.
Try telling my wife that.","Well, you might want to tell him it sounds like his wife is  gay.
She is not…  She’s gay. Oh my God. She is
Good day for married people huh?
I’m sorry your husband cheated on you.
I’m sorry your wife is gay. I guess women aren’t that great either.
Try telling my wife that.",sadness,5,4,neutral,False,0.016375232,0.004782859,0.0048976704,0.015229668,0.95206225,0.0047927257,0.0018595807
92,5,Rachel,Arghh!!,disgust,"I can't wait to be with you!
I'll sneak over as soon as Ross picks up Ben.
I'll just tell Rachel I'm gonna be doing laundry for a couple of hours.
Laundry. Huh. Is that my new nickname?
Awww, y'know what your nickname is, Mr. Big
Arghh!!","I can't wait to be with you!
I'll sneak over as soon as Ross picks up Ben.
I'll just tell Rachel I'm gonna be doing laundry for a couple of hours.
Laundry. Huh. Is that my new nickname?
Awww, y'know what your nickname is, Mr. Big
Arghh!!",disgust,1,3,joy,False,0.037933197,0.026035761,0.009094916,0.6654891,0.02014175,0.012621592,0.22868375
93,13,Chandler,The reason he just said.,neutral,"Oh, Chandler, Wayne.
Wayne, Chandler.
Hi, how are ya?
Joey, Joey, I-I-I’ll g-get you your job back if you help me out.
Why should I help you?!
The reason he just said.","Oh, Chandler, Wayne.
Wayne, Chandler.
Hi, how are ya?
Joey, Joey, I-I-I’ll g-get you your job back if you help me out.
Why should I help you?!
The reason he just said.",neutral,4,4,neutral,True,0.028302053,0.008318184,0.0090159485,0.03331176,0.8685542,0.022451736,0.030046206
93,14,Joey,What do you need?,neutral,"Wayne, Chandler.
Hi, how are ya?
Joey, Joey, I-I-I’ll g-get you your job back if you help me out.
Why should I help you?!
The reason he just said.
What do you need?","Wayne, Chandler.
Hi, how are ya?
Joey, Joey, I-I-I’ll g-get you your job back if you help me out.
Why should I help you?!
The reason he just said.
What do you need?",neutral,4,4,neutral,True,0.03319701,0.0036148566,0.035731867,0.045430064,0.77275884,0.022171611,0.08709574
93,15,Wayne,"I-I-I saw you on stage talking to that beautiful woman, y’know Sarah?",neutral,"Hi, how are ya?
Joey, Joey, I-I-I’ll g-get you your job back if you help me out.
Why should I help you?!
The reason he just said.
What do you need?
I-I-I saw you on stage talking to that beautiful woman, y’know Sarah?","Hi, how are ya?
Joey, Joey, I-I-I’ll g-get you your job back if you help me out.
Why should I help you?!
The reason he just said.
What do you need?
I-I-I saw you on stage talking to that beautiful woman, y’know Sarah?",neutral,4,4,neutral,True,0.081986554,0.013433191,0.10517604,0.053146187,0.674655,0.041103326,0.030499728
95,5,Phoebe,"Yeah, but they didn't ask me!",anger,"Oh, I thought this was your party and it turns out it’s a party for Howard. He's just the sweetest little man!
See ya Phoebe! Oh and hey, thanks for chipping in!
You chipped in?!
Yeah, uh-huh, a 100 dollars.
Phoebe! I can't believe you gave them money! I thought you agreed it was totally unreasonable that they asked me for that money!
Yeah, but they didn't ask me!","Oh, I thought this was your party and it turns out it’s a party for Howard. He's just the sweetest little man!
See ya Phoebe! Oh and hey, thanks for chipping in!
You chipped in?!
Yeah, uh-huh, a 100 dollars.
Phoebe! I can't believe you gave them money! I thought you agreed it was totally unreasonable that they asked me for that money!
Yeah, but they didn't ask me!",anger,0,0,anger,True,0.6663712,0.01904748,0.030057997,0.088132046,0.044122078,0.045005478,0.10726368
95,6,Phoebe,Y'know?,neutral,"See ya Phoebe! Oh and hey, thanks for chipping in!
You chipped in?!
Yeah, uh-huh, a 100 dollars.
Phoebe! I can't believe you gave them money! I thought you agreed it was totally unreasonable that they asked me for that money!
Yeah, but they didn't ask me!
Y'know?","See ya Phoebe! Oh and hey, thanks for chipping in!
You chipped in?!
Yeah, uh-huh, a 100 dollars.
Phoebe! I can't believe you gave them money! I thought you agreed it was totally unreasonable that they asked me for that money!
Yeah, but they didn't ask me!
Y'know?",neutral,4,4,neutral,True,0.16262491,0.016150815,0.18961294,0.042634472,0.47678202,0.05158693,0.06060793
95,7,Phoebe,"This way I'm just y'know, the exotic, generous stranger.",joy,"You chipped in?!
Yeah, uh-huh, a 100 dollars.
Phoebe! I can't believe you gave them money! I thought you agreed it was totally unreasonable that they asked me for that money!
Yeah, but they didn't ask me!
Y'know?
This way I'm just y'know, the exotic, generous stranger.","You chipped in?!
Yeah, uh-huh, a 100 dollars.
Phoebe! I can't believe you gave them money! I thought you agreed it was totally unreasonable that they asked me for that money!
Yeah, but they didn't ask me!
Y'know?
This way I'm just y'know, the exotic, generous stranger.",joy,3,4,neutral,False,0.011782938,0.0042825085,0.0053720963,0.048634455,0.91894,0.007122235,0.0038657929
95,8,Phoebe,That's always fun to be.,joy,"Yeah, uh-huh, a 100 dollars.
Phoebe! I can't believe you gave them money! I thought you agreed it was totally unreasonable that they asked me for that money!
Yeah, but they didn't ask me!
Y'know?
This way I'm just y'know, the exotic, generous stranger.
That's always fun to be.","Yeah, uh-huh, a 100 dollars.
Phoebe! I can't believe you gave them money! I thought you agreed it was totally unreasonable that they asked me for that money!
Yeah, but they didn't ask me!
Y'know?
This way I'm just y'know, the exotic, generous stranger.
That's always fun to be.",joy,3,3,joy,True,0.015010824,0.008357648,0.0037452446,0.48764864,0.46634334,0.012585154,0.0063091554
95,9,Ross,"Yeah, but you're making me look bad!",anger,"Phoebe! I can't believe you gave them money! I thought you agreed it was totally unreasonable that they asked me for that money!
Yeah, but they didn't ask me!
Y'know?
This way I'm just y'know, the exotic, generous stranger.
That's always fun to be.
Yeah, but you're making me look bad!","Phoebe! I can't believe you gave them money! I thought you agreed it was totally unreasonable that they asked me for that money!
Yeah, but they didn't ask me!
Y'know?
This way I'm just y'know, the exotic, generous stranger.
That's always fun to be.
Yeah, but you're making me look bad!",anger,0,3,joy,False,0.02221354,0.0140276905,0.005429049,0.8855199,0.027772147,0.030075053,0.0149626415
95,10,Phoebe,No I'm not.,neutral,"Yeah, but they didn't ask me!
Y'know?
This way I'm just y'know, the exotic, generous stranger.
That's always fun to be.
Yeah, but you're making me look bad!
No I'm not.","Yeah, but they didn't ask me!
Y'know?
This way I'm just y'know, the exotic, generous stranger.
That's always fun to be.
Yeah, but you're making me look bad!
No I'm not.",neutral,4,4,neutral,True,0.01924907,0.0056526954,0.011701554,0.037776183,0.9101771,0.012938495,0.0025050072
95,11,Phoebe,No!,surprise,"Y'know?
This way I'm just y'know, the exotic, generous stranger.
That's always fun to be.
Yeah, but you're making me look bad!
No I'm not.
No!","Y'know?
This way I'm just y'know, the exotic, generous stranger.
That's always fun to be.
Yeah, but you're making me look bad!
No I'm not.
No!",surprise,6,3,joy,False,0.19778761,0.03912199,0.030546434,0.3600489,0.032812845,0.027014447,0.31266785
95,12,Phoebe,If anything I'm making you look better!,joy,"This way I'm just y'know, the exotic, generous stranger.
That's always fun to be.
Yeah, but you're making me look bad!
No I'm not.
No!
If anything I'm making you look better!","This way I'm just y'know, the exotic, generous stranger.
That's always fun to be.
Yeah, but you're making me look bad!
No I'm not.
No!
If anything I'm making you look better!",joy,3,3,joy,True,0.045298487,0.004267646,0.0037589092,0.875997,0.051163036,0.013777005,0.0057379114
95,13,Phoebe,They'll see you talking to me and that's--I'm a hit!,joy,"That's always fun to be.
Yeah, but you're making me look bad!
No I'm not.
No!
If anything I'm making you look better!
They'll see you talking to me and that's--I'm a hit!","That's always fun to be.
Yeah, but you're making me look bad!
No I'm not.
No!
If anything I'm making you look better!
They'll see you talking to me and that's--I'm a hit!",joy,3,3,joy,True,0.017981049,0.0041862247,0.0022552598,0.928899,0.013632669,0.0060288417,0.027016973
95,14,Steve,"Oh hey, Pheebs!",joy,"Yeah, but you're making me look bad!
No I'm not.
No!
If anything I'm making you look better!
They'll see you talking to me and that's--I'm a hit!
Oh hey, Pheebs!","Yeah, but you're making me look bad!
No I'm not.
No!
If anything I'm making you look better!
They'll see you talking to me and that's--I'm a hit!
Oh hey, Pheebs!",joy,3,3,joy,True,0.018616999,0.0026763289,0.001594358,0.9313135,0.0183203,0.0032879247,0.024190515
95,15,Phoebe,Hey!,joy,"No I'm not.
No!
If anything I'm making you look better!
They'll see you talking to me and that's--I'm a hit!
Oh hey, Pheebs!
Hey!","No I'm not.
No!
If anything I'm making you look better!
They'll see you talking to me and that's--I'm a hit!
Oh hey, Pheebs!
Hey!",joy,3,3,joy,True,0.022936806,0.0027959293,0.0018550003,0.8986405,0.02740129,0.0036015275,0.042768933
95,16,Steve,"Oh hey, Ross.",neutral,"No!
If anything I'm making you look better!
They'll see you talking to me and that's--I'm a hit!
Oh hey, Pheebs!
Hey!
Oh hey, Ross.","No!
If anything I'm making you look better!
They'll see you talking to me and that's--I'm a hit!
Oh hey, Pheebs!
Hey!
Oh hey, Ross.",neutral,4,4,neutral,True,0.014585139,0.0029238544,0.00310381,0.2121267,0.7561276,0.004391631,0.0067412998
95,17,Steve,"Umm, see, I was thinking maybe you two could switch apartments because Phoebe's more our kind of people.",fear,"If anything I'm making you look better!
They'll see you talking to me and that's--I'm a hit!
Oh hey, Pheebs!
Hey!
Oh hey, Ross.
Umm, see, I was thinking maybe you two could switch apartments because Phoebe's more our kind of people.","If anything I'm making you look better!
They'll see you talking to me and that's--I'm a hit!
Oh hey, Pheebs!
Hey!
Oh hey, Ross.
Umm, see, I was thinking maybe you two could switch apartments because Phoebe's more our kind of people.",fear,2,4,neutral,False,0.018445943,0.012918612,0.011599915,0.060752437,0.8637541,0.024220206,0.008308829
95,18,Steve,Something to think about.,neutral,"They'll see you talking to me and that's--I'm a hit!
Oh hey, Pheebs!
Hey!
Oh hey, Ross.
Umm, see, I was thinking maybe you two could switch apartments because Phoebe's more our kind of people.
Something to think about.","They'll see you talking to me and that's--I'm a hit!
Oh hey, Pheebs!
Hey!
Oh hey, Ross.
Umm, see, I was thinking maybe you two could switch apartments because Phoebe's more our kind of people.
Something to think about.",neutral,4,4,neutral,True,0.008574178,0.0045061396,0.005801032,0.035398234,0.9327487,0.0070671192,0.005904577
95,19,Phoebe,"Yeah, okay, my bad.",joy,"Oh hey, Pheebs!
Hey!
Oh hey, Ross.
Umm, see, I was thinking maybe you two could switch apartments because Phoebe's more our kind of people.
Something to think about.
Yeah, okay, my bad.","Oh hey, Pheebs!
Hey!
Oh hey, Ross.
Umm, see, I was thinking maybe you two could switch apartments because Phoebe's more our kind of people.
Something to think about.
Yeah, okay, my bad.",joy,3,4,neutral,False,0.0064611547,0.006649954,0.008541104,0.106533,0.8464283,0.021624122,0.0037623877
96,5,Chandler,Where's Joey? His mom's on the phone.,neutral,"Here. I need to borrow some moisturizer.
For what?
Whaddya think? Today's the big day!
Oh my God. Okay, go into the bathroom, use whatever you want, just don't ever tell me what you did in there.
Thank you!
Where's Joey? His mom's on the phone.","Here. I need to borrow some moisturizer.
For what?
Whaddya think? Today's the big day!
Oh my God. Okay, go into the bathroom, use whatever you want, just don't ever tell me what you did in there.
Thank you!
Where's Joey? His mom's on the phone.",neutral,4,4,neutral,True,0.012685062,0.0033819976,0.005226434,0.013159852,0.933979,0.00543914,0.026128516
96,6,Monica,He's in the bathroom. I don't think you wanna go in there!,anger,"For what?
Whaddya think? Today's the big day!
Oh my God. Okay, go into the bathroom, use whatever you want, just don't ever tell me what you did in there.
Thank you!
Where's Joey? His mom's on the phone.
He's in the bathroom. I don't think you wanna go in there!","For what?
Whaddya think? Today's the big day!
Oh my God. Okay, go into the bathroom, use whatever you want, just don't ever tell me what you did in there.
Thank you!
Where's Joey? His mom's on the phone.
He's in the bathroom. I don't think you wanna go in there!",anger,0,0,anger,True,0.5998836,0.026563874,0.13532911,0.027511256,0.0192172,0.080721505,0.11077349
96,7,Chandler,"C'mon, we're roommates!  My eyes!! My eyes!!",disgust,"Whaddya think? Today's the big day!
Oh my God. Okay, go into the bathroom, use whatever you want, just don't ever tell me what you did in there.
Thank you!
Where's Joey? His mom's on the phone.
He's in the bathroom. I don't think you wanna go in there!
C'mon, we're roommates!  My eyes!! My eyes!!","Whaddya think? Today's the big day!
Oh my God. Okay, go into the bathroom, use whatever you want, just don't ever tell me what you did in there.
Thank you!
Where's Joey? His mom's on the phone.
He's in the bathroom. I don't think you wanna go in there!
C'mon, we're roommates!  My eyes!! My eyes!!",disgust,1,6,surprise,False,0.23659977,0.06693715,0.038344957,0.06767114,0.011383364,0.036945622,0.542118
96,8,Monica,I warned you...,neutral,"Oh my God. Okay, go into the bathroom, use whatever you want, just don't ever tell me what you did in there.
Thank you!
Where's Joey? His mom's on the phone.
He's in the bathroom. I don't think you wanna go in there!
C'mon, we're roommates!  My eyes!! My eyes!!
I warned you...","Oh my God. Okay, go into the bathroom, use whatever you want, just don't ever tell me what you did in there.
Thank you!
Where's Joey? His mom's on the phone.
He's in the bathroom. I don't think you wanna go in there!
C'mon, we're roommates!  My eyes!! My eyes!!
I warned you...",neutral,4,0,anger,False,0.7312329,0.060470324,0.06782164,0.019917432,0.04396262,0.029709503,0.046885647
96,9,Rachel,Who is being loud?,anger,"Thank you!
Where's Joey? His mom's on the phone.
He's in the bathroom. I don't think you wanna go in there!
C'mon, we're roommates!  My eyes!! My eyes!!
I warned you...
Who is being loud?","Thank you!
Where's Joey? His mom's on the phone.
He's in the bathroom. I don't think you wanna go in there!
C'mon, we're roommates!  My eyes!! My eyes!!
I warned you...
Who is being loud?",anger,0,0,anger,True,0.7706228,0.07724575,0.039655663,0.015534654,0.033818107,0.020413805,0.042709224
96,10,Chandler,"Oh, that would be Monica.",neutral,"Where's Joey? His mom's on the phone.
He's in the bathroom. I don't think you wanna go in there!
C'mon, we're roommates!  My eyes!! My eyes!!
I warned you...
Who is being loud?
Oh, that would be Monica.","Where's Joey? His mom's on the phone.
He's in the bathroom. I don't think you wanna go in there!
C'mon, we're roommates!  My eyes!! My eyes!!
I warned you...
Who is being loud?
Oh, that would be Monica.",neutral,4,4,neutral,True,0.0071246824,0.0032281254,0.0033124306,0.036165126,0.9425561,0.0027664874,0.0048470483
96,11,Chandler,"Hey, listen, I wanna borrow a coupla things, Aurora spent the night, I really wanna make her breakfast.",neutral,"He's in the bathroom. I don't think you wanna go in there!
C'mon, we're roommates!  My eyes!! My eyes!!
I warned you...
Who is being loud?
Oh, that would be Monica.
Hey, listen, I wanna borrow a coupla things, Aurora spent the night, I really wanna make her breakfast.","He's in the bathroom. I don't think you wanna go in there!
C'mon, we're roommates!  My eyes!! My eyes!!
I warned you...
Who is being loud?
Oh, that would be Monica.
Hey, listen, I wanna borrow a coupla things, Aurora spent the night, I really wanna make her breakfast.",neutral,4,4,neutral,True,0.010545198,0.009724115,0.005351789,0.47115532,0.4830599,0.009279744,0.010883919
96,12,Monica,"Oh, you got the whole night, huh?",surprise,"C'mon, we're roommates!  My eyes!! My eyes!!
I warned you...
Who is being loud?
Oh, that would be Monica.
Hey, listen, I wanna borrow a coupla things, Aurora spent the night, I really wanna make her breakfast.
Oh, you got the whole night, huh?","C'mon, we're roommates!  My eyes!! My eyes!!
I warned you...
Who is being loud?
Oh, that would be Monica.
Hey, listen, I wanna borrow a coupla things, Aurora spent the night, I really wanna make her breakfast.
Oh, you got the whole night, huh?",surprise,6,6,surprise,True,0.008251179,0.008096002,0.008127921,0.05742252,0.070132844,0.007804442,0.84016514
96,13,Chandler,"Yeah, well, I only have twenty minutes until Ethan, so, y'know..",neutral,"I warned you...
Who is being loud?
Oh, that would be Monica.
Hey, listen, I wanna borrow a coupla things, Aurora spent the night, I really wanna make her breakfast.
Oh, you got the whole night, huh?
Yeah, well, I only have twenty minutes until Ethan, so, y'know..","I warned you...
Who is being loud?
Oh, that would be Monica.
Hey, listen, I wanna borrow a coupla things, Aurora spent the night, I really wanna make her breakfast.
Oh, you got the whole night, huh?
Yeah, well, I only have twenty minutes until Ethan, so, y'know..",neutral,4,4,neutral,True,0.035999388,0.006180413,0.020846132,0.07254396,0.843348,0.017331643,0.0037505443
96,14,Rachel,"Ooh, do I sense a little bit of resentment?",surprise,"Who is being loud?
Oh, that would be Monica.
Hey, listen, I wanna borrow a coupla things, Aurora spent the night, I really wanna make her breakfast.
Oh, you got the whole night, huh?
Yeah, well, I only have twenty minutes until Ethan, so, y'know..
Ooh, do I sense a little bit of resentment?","Who is being loud?
Oh, that would be Monica.
Hey, listen, I wanna borrow a coupla things, Aurora spent the night, I really wanna make her breakfast.
Oh, you got the whole night, huh?
Yeah, well, I only have twenty minutes until Ethan, so, y'know..
Ooh, do I sense a little bit of resentment?",surprise,6,2,fear,False,0.076631576,0.060321614,0.25532517,0.1328651,0.20543166,0.20681448,0.06261044
96,15,Chandler,"No, no resentment, believe me, it's worth it.",neutral,"Oh, that would be Monica.
Hey, listen, I wanna borrow a coupla things, Aurora spent the night, I really wanna make her breakfast.
Oh, you got the whole night, huh?
Yeah, well, I only have twenty minutes until Ethan, so, y'know..
Ooh, do I sense a little bit of resentment?
No, no resentment, believe me, it's worth it.","Oh, that would be Monica.
Hey, listen, I wanna borrow a coupla things, Aurora spent the night, I really wanna make her breakfast.
Oh, you got the whole night, huh?
Yeah, well, I only have twenty minutes until Ethan, so, y'know..
Ooh, do I sense a little bit of resentment?
No, no resentment, believe me, it's worth it.",neutral,4,5,sadness,False,0.04694007,0.0104712285,0.029494362,0.3553303,0.09645733,0.4502299,0.011076805
96,16,Chandler,'Kay?,neutral,"Hey, listen, I wanna borrow a coupla things, Aurora spent the night, I really wanna make her breakfast.
Oh, you got the whole night, huh?
Yeah, well, I only have twenty minutes until Ethan, so, y'know..
Ooh, do I sense a little bit of resentment?
No, no resentment, believe me, it's worth it.
'Kay?","Hey, listen, I wanna borrow a coupla things, Aurora spent the night, I really wanna make her breakfast.
Oh, you got the whole night, huh?
Yeah, well, I only have twenty minutes until Ethan, so, y'know..
Ooh, do I sense a little bit of resentment?
No, no resentment, believe me, it's worth it.
'Kay?",neutral,4,3,joy,False,0.029768895,0.006184149,0.022400115,0.56364214,0.23612143,0.107550114,0.03433315
96,17,Chandler,Y'know in a relationship you have these key moments that you know you'll remember for the rest of your life?,neutral,"Oh, you got the whole night, huh?
Yeah, well, I only have twenty minutes until Ethan, so, y'know..
Ooh, do I sense a little bit of resentment?
No, no resentment, believe me, it's worth it.
'Kay?
Y'know in a relationship you have these key moments that you know you'll remember for the rest of your life?","Oh, you got the whole night, huh?
Yeah, well, I only have twenty minutes until Ethan, so, y'know..
Ooh, do I sense a little bit of resentment?
No, no resentment, believe me, it's worth it.
'Kay?
Y'know in a relationship you have these key moments that you know you'll remember for the rest of your life?",neutral,4,4,neutral,True,0.1548709,0.013357429,0.085566536,0.08890955,0.39821956,0.15213324,0.10694272
96,18,Chandler,"Well, every- single- second is like that with Aurora.. and I've just wasted about thirty-five of them talking to you people, so, uh.. Monica, can you help me with the door?",neutral,"Yeah, well, I only have twenty minutes until Ethan, so, y'know..
Ooh, do I sense a little bit of resentment?
No, no resentment, believe me, it's worth it.
'Kay?
Y'know in a relationship you have these key moments that you know you'll remember for the rest of your life?
Well, every- single- second is like that with Aurora.. and I've just wasted about thirty-five of them talking to you people, so, uh.. Monica, can you help me with the door?","Yeah, well, I only have twenty minutes until Ethan, so, y'know..
Ooh, do I sense a little bit of resentment?
No, no resentment, believe me, it's worth it.
'Kay?
Y'know in a relationship you have these key moments that you know you'll remember for the rest of your life?
Well, every- single- second is like that with Aurora.. and I've just wasted about thirty-five of them talking to you people, so, uh.. Monica, can you help me with the door?",neutral,4,4,neutral,True,0.034993302,0.0075037624,0.043879773,0.07953389,0.7681629,0.03215949,0.033766918
96,19,Monica,"Oh, um, Chandler?",neutral,"Ooh, do I sense a little bit of resentment?
No, no resentment, believe me, it's worth it.
'Kay?
Y'know in a relationship you have these key moments that you know you'll remember for the rest of your life?
Well, every- single- second is like that with Aurora.. and I've just wasted about thirty-five of them talking to you people, so, uh.. Monica, can you help me with the door?
Oh, um, Chandler?","Ooh, do I sense a little bit of resentment?
No, no resentment, believe me, it's worth it.
'Kay?
Y'know in a relationship you have these key moments that you know you'll remember for the rest of your life?
Well, every- single- second is like that with Aurora.. and I've just wasted about thirty-five of them talking to you people, so, uh.. Monica, can you help me with the door?
Oh, um, Chandler?",neutral,4,4,neutral,True,0.02024778,0.022328556,0.049091984,0.14396715,0.35246107,0.08954853,0.322355
96,20,Monica,"Y'know, the-the old Monica would-would remind you to scrub that Teflon pan with a plastic brush...But I'm not gonna do that.",neutral,"No, no resentment, believe me, it's worth it.
'Kay?
Y'know in a relationship you have these key moments that you know you'll remember for the rest of your life?
Well, every- single- second is like that with Aurora.. and I've just wasted about thirty-five of them talking to you people, so, uh.. Monica, can you help me with the door?
Oh, um, Chandler?
Y'know, the-the old Monica would-would remind you to scrub that Teflon pan with a plastic brush...But I'm not gonna do that.","No, no resentment, believe me, it's worth it.
'Kay?
Y'know in a relationship you have these key moments that you know you'll remember for the rest of your life?
Well, every- single- second is like that with Aurora.. and I've just wasted about thirty-five of them talking to you people, so, uh.. Monica, can you help me with the door?
Oh, um, Chandler?
Y'know, the-the old Monica would-would remind you to scrub that Teflon pan with a plastic brush...But I'm not gonna do that.",neutral,4,4,neutral,True,0.009958796,0.0027707415,0.0069836993,0.061855923,0.90114284,0.01402777,0.0032602139
97,5,Monica,Do you have a chair with your name on it?,neutral,"Hey Monica, it's Joey!
Hey Joey! Aww, you remembered even though you're a big star!
Aw, come on! It'll be years before I forget you!
Joey, what's it like on a movie set, huh?
Do you have a dressing room?
Do you have a chair with your name on it?","Hey Monica, it's Joey!
Hey Joey! Aww, you remembered even though you're a big star!
Aw, come on! It'll be years before I forget you!
Joey, what's it like on a movie set, huh?
Do you have a dressing room?
Do you have a chair with your name on it?",neutral,4,4,neutral,True,0.01674964,0.0037984774,0.0042856415,0.01999882,0.9442557,0.004099151,0.006812598
97,6,Joey,"Uh, well yeah-yeah, I've got all of that going on.",neutral,"Hey Joey! Aww, you remembered even though you're a big star!
Aw, come on! It'll be years before I forget you!
Joey, what's it like on a movie set, huh?
Do you have a dressing room?
Do you have a chair with your name on it?
Uh, well yeah-yeah, I've got all of that going on.","Hey Joey! Aww, you remembered even though you're a big star!
Aw, come on! It'll be years before I forget you!
Joey, what's it like on a movie set, huh?
Do you have a dressing room?
Do you have a chair with your name on it?
Uh, well yeah-yeah, I've got all of that going on.",neutral,4,4,neutral,True,0.013115942,0.00986011,0.02438129,0.04206515,0.8607201,0.029311955,0.02054549
97,7,Joey,"Yeah, listen uh, I want you to make sure you tell Chandler that he couldn't have been more wrong!",neutral,"Aw, come on! It'll be years before I forget you!
Joey, what's it like on a movie set, huh?
Do you have a dressing room?
Do you have a chair with your name on it?
Uh, well yeah-yeah, I've got all of that going on.
Yeah, listen uh, I want you to make sure you tell Chandler that he couldn't have been more wrong!","Aw, come on! It'll be years before I forget you!
Joey, what's it like on a movie set, huh?
Do you have a dressing room?
Do you have a chair with your name on it?
Uh, well yeah-yeah, I've got all of that going on.
Yeah, listen uh, I want you to make sure you tell Chandler that he couldn't have been more wrong!",neutral,4,0,anger,False,0.60915035,0.009497799,0.042407554,0.15010537,0.124778196,0.047178045,0.016882738
97,8,Joey,Uh-oh!,fear,"Joey, what's it like on a movie set, huh?
Do you have a dressing room?
Do you have a chair with your name on it?
Uh, well yeah-yeah, I've got all of that going on.
Yeah, listen uh, I want you to make sure you tell Chandler that he couldn't have been more wrong!
Uh-oh!","Joey, what's it like on a movie set, huh?
Do you have a dressing room?
Do you have a chair with your name on it?
Uh, well yeah-yeah, I've got all of that going on.
Yeah, listen uh, I want you to make sure you tell Chandler that he couldn't have been more wrong!
Uh-oh!",fear,2,6,surprise,False,0.02215854,0.034200456,0.024870152,0.047769252,0.019719137,0.016118808,0.8351637
97,9,Joey,"I gotta go Monica, my uh, my sushi's here!",neutral,"Do you have a dressing room?
Do you have a chair with your name on it?
Uh, well yeah-yeah, I've got all of that going on.
Yeah, listen uh, I want you to make sure you tell Chandler that he couldn't have been more wrong!
Uh-oh!
I gotta go Monica, my uh, my sushi's here!","Do you have a dressing room?
Do you have a chair with your name on it?
Uh, well yeah-yeah, I've got all of that going on.
Yeah, listen uh, I want you to make sure you tell Chandler that he couldn't have been more wrong!
Uh-oh!
I gotta go Monica, my uh, my sushi's here!",neutral,4,3,joy,False,0.017052166,0.0038533092,0.002555748,0.865894,0.02104335,0.00661163,0.08298978
97,10,Joey,Sorry about that. Thanks for waitin'.,neutral,"Do you have a chair with your name on it?
Uh, well yeah-yeah, I've got all of that going on.
Yeah, listen uh, I want you to make sure you tell Chandler that he couldn't have been more wrong!
Uh-oh!
I gotta go Monica, my uh, my sushi's here!
Sorry about that. Thanks for waitin'.","Do you have a chair with your name on it?
Uh, well yeah-yeah, I've got all of that going on.
Yeah, listen uh, I want you to make sure you tell Chandler that he couldn't have been more wrong!
Uh-oh!
I gotta go Monica, my uh, my sushi's here!
Sorry about that. Thanks for waitin'.",neutral,4,3,joy,False,0.013195688,0.008883582,0.008394843,0.7418,0.11149814,0.1033501,0.012877679
97,11,Joey,"Everybody smile!  Okay, thanks a lot! Enjoy your stay at",joy,"Uh, well yeah-yeah, I've got all of that going on.
Yeah, listen uh, I want you to make sure you tell Chandler that he couldn't have been more wrong!
Uh-oh!
I gotta go Monica, my uh, my sushi's here!
Sorry about that. Thanks for waitin'.
Everybody smile!  Okay, thanks a lot! Enjoy your stay at","Uh, well yeah-yeah, I've got all of that going on.
Yeah, listen uh, I want you to make sure you tell Chandler that he couldn't have been more wrong!
Uh-oh!
I gotta go Monica, my uh, my sushi's here!
Sorry about that. Thanks for waitin'.
Everybody smile!  Okay, thanks a lot! Enjoy your stay at",joy,3,3,joy,True,0.028745072,0.015250529,0.004525221,0.85491115,0.071489476,0.015511082,0.009567427
98,5,Monica,Who am I gonna meet in a blackout?,anger,"Wow, this is so cool, you guys. The entire city is blacked out!
Mom says it's all of Manhattan, parts of Brooklyn and Queens, and they have no idea when it's coming back on.
Wow, you guys, this is big.
Pants and a sweater?
Why, mom?
Who am I gonna meet in a blackout?","Wow, this is so cool, you guys. The entire city is blacked out!
Mom says it's all of Manhattan, parts of Brooklyn and Queens, and they have no idea when it's coming back on.
Wow, you guys, this is big.
Pants and a sweater?
Why, mom?
Who am I gonna meet in a blackout?",anger,0,4,neutral,False,0.057642993,0.017717116,0.09518127,0.08323955,0.53883094,0.0883739,0.11901422
98,6,Monica,Power company guys?,anger,"Mom says it's all of Manhattan, parts of Brooklyn and Queens, and they have no idea when it's coming back on.
Wow, you guys, this is big.
Pants and a sweater?
Why, mom?
Who am I gonna meet in a blackout?
Power company guys?","Mom says it's all of Manhattan, parts of Brooklyn and Queens, and they have no idea when it's coming back on.
Wow, you guys, this is big.
Pants and a sweater?
Why, mom?
Who am I gonna meet in a blackout?
Power company guys?",anger,0,6,surprise,False,0.12047777,0.024194213,0.08046503,0.021835439,0.0667247,0.06980655,0.6164963
98,7,Monica,Eligible looters?,anger,"Wow, you guys, this is big.
Pants and a sweater?
Why, mom?
Who am I gonna meet in a blackout?
Power company guys?
Eligible looters?","Wow, you guys, this is big.
Pants and a sweater?
Why, mom?
Who am I gonna meet in a blackout?
Power company guys?
Eligible looters?",anger,0,6,surprise,False,0.14230831,0.054500423,0.05198254,0.15657097,0.09609104,0.050388552,0.44815823
98,8,Monica,Could we talk about this later?,anger,"Pants and a sweater?
Why, mom?
Who am I gonna meet in a blackout?
Power company guys?
Eligible looters?
Could we talk about this later?","Pants and a sweater?
Why, mom?
Who am I gonna meet in a blackout?
Power company guys?
Eligible looters?
Could we talk about this later?",anger,0,4,neutral,False,0.027127393,0.0065208892,0.029904159,0.07197911,0.8325758,0.020960974,0.010931651
98,9,Monica,OK.,neutral,"Why, mom?
Who am I gonna meet in a blackout?
Power company guys?
Eligible looters?
Could we talk about this later?
OK.","Why, mom?
Who am I gonna meet in a blackout?
Power company guys?
Eligible looters?
Could we talk about this later?
OK.",neutral,4,4,neutral,True,0.0059451074,0.0020219334,0.0030697905,0.030370463,0.95440626,0.002671719,0.001514626
98,10,Phoebe,Can I borrow the phone? I want to call my apartment and check on my grandma.  What's my number?,neutral,"Who am I gonna meet in a blackout?
Power company guys?
Eligible looters?
Could we talk about this later?
OK.
Can I borrow the phone? I want to call my apartment and check on my grandma.  What's my number?","Who am I gonna meet in a blackout?
Power company guys?
Eligible looters?
Could we talk about this later?
OK.
Can I borrow the phone? I want to call my apartment and check on my grandma.  What's my number?",neutral,4,4,neutral,True,0.016895346,0.0023547867,0.0062373923,0.018225484,0.9244614,0.0042122374,0.027613403
98,11,Phoebe,"Well, I never call",neutral,"Power company guys?
Eligible looters?
Could we talk about this later?
OK.
Can I borrow the phone? I want to call my apartment and check on my grandma.  What's my number?
Well, I never call","Power company guys?
Eligible looters?
Could we talk about this later?
OK.
Can I borrow the phone? I want to call my apartment and check on my grandma.  What's my number?
Well, I never call",neutral,4,4,neutral,True,0.06980871,0.008321963,0.011939844,0.025779704,0.86852616,0.011701188,0.0039224112
99,5,Chandler,I don’t know. Should we try it?,neutral,"What ‘cha doing?
Having a swim.
What about the chick?
Chicks don’t swim.
Are you sure?
I don’t know. Should we try it?","What ‘cha doing?
Having a swim.
What about the chick?
Chicks don’t swim.
Are you sure?
I don’t know. Should we try it?",neutral,4,4,neutral,True,0.009001968,0.0046525053,0.0110547375,0.061539367,0.8994152,0.004723075,0.0096131135
99,6,Joey,Sure.,neutral,"Having a swim.
What about the chick?
Chicks don’t swim.
Are you sure?
I don’t know. Should we try it?
Sure.","Having a swim.
What about the chick?
Chicks don’t swim.
Are you sure?
I don’t know. Should we try it?
Sure.",neutral,4,4,neutral,True,0.0035551654,0.0018107902,0.0033280412,0.022148008,0.9645136,0.0027065945,0.0019378572
99,7,Chandler,"See, I told you they don’t swim.",neutral,"What about the chick?
Chicks don’t swim.
Are you sure?
I don’t know. Should we try it?
Sure.
See, I told you they don’t swim.","What about the chick?
Chicks don’t swim.
Are you sure?
I don’t know. Should we try it?
Sure.
See, I told you they don’t swim.",neutral,4,4,neutral,True,0.026906662,0.011723234,0.013470409,0.07191213,0.8518252,0.008954797,0.015207563
99,8,Joey,Wait. Give him a minute.,neutral,"Chicks don’t swim.
Are you sure?
I don’t know. Should we try it?
Sure.
See, I told you they don’t swim.
Wait. Give him a minute.","Chicks don’t swim.
Are you sure?
I don’t know. Should we try it?
Sure.
See, I told you they don’t swim.
Wait. Give him a minute.",neutral,4,4,neutral,True,0.03928248,0.0076375846,0.013620453,0.027211372,0.89623344,0.0073073837,0.008707298
99,9,Chandler,"Noo!  Oh, it’s okay, it’s okay, baby, baby, baby.",fear,"Are you sure?
I don’t know. Should we try it?
Sure.
See, I told you they don’t swim.
Wait. Give him a minute.
Noo!  Oh, it’s okay, it’s okay, baby, baby, baby.","Are you sure?
I don’t know. Should we try it?
Sure.
See, I told you they don’t swim.
Wait. Give him a minute.
Noo!  Oh, it’s okay, it’s okay, baby, baby, baby.",fear,2,3,joy,False,0.027356917,0.014341989,0.053378474,0.5242838,0.19019437,0.15176928,0.038675096
100,5,Phoebe,"Okay, I’m sorry.",sadness,"Me taking care of you is no problem, huh?
You guys feel safe.
Right?
Okay, I’m gonna take that spit bubble as, ""Yeah, I do!""
Okay, after I get rid of this dirty diaper Leslie, I’ll set you up with a clean one.
Okay, I’m sorry.","Me taking care of you is no problem, huh?
You guys feel safe.
Right?
Okay, I’m gonna take that spit bubble as, ""Yeah, I do!""
Okay, after I get rid of this dirty diaper Leslie, I’ll set you up with a clean one.
Okay, I’m sorry.",sadness,5,5,sadness,True,0.02203681,0.01295254,0.058051776,0.01840377,0.032727256,0.84188026,0.013947521
100,6,Phoebe,I didn’t mean to scare you.,sadness,"You guys feel safe.
Right?
Okay, I’m gonna take that spit bubble as, ""Yeah, I do!""
Okay, after I get rid of this dirty diaper Leslie, I’ll set you up with a clean one.
Okay, I’m sorry.
I didn’t mean to scare you.","You guys feel safe.
Right?
Okay, I’m gonna take that spit bubble as, ""Yeah, I do!""
Okay, after I get rid of this dirty diaper Leslie, I’ll set you up with a clean one.
Okay, I’m sorry.
I didn’t mean to scare you.",sadness,5,0,anger,False,0.3184343,0.049776703,0.08197699,0.033352524,0.16551149,0.1759692,0.17497873
100,7,Phoebe,I just have to clean that up.,neutral,"Right?
Okay, I’m gonna take that spit bubble as, ""Yeah, I do!""
Okay, after I get rid of this dirty diaper Leslie, I’ll set you up with a clean one.
Okay, I’m sorry.
I didn’t mean to scare you.
I just have to clean that up.","Right?
Okay, I’m gonna take that spit bubble as, ""Yeah, I do!""
Okay, after I get rid of this dirty diaper Leslie, I’ll set you up with a clean one.
Okay, I’m sorry.
I didn’t mean to scare you.
I just have to clean that up.",neutral,4,4,neutral,True,0.013938655,0.002965722,0.0048440387,0.020862352,0.9490039,0.006112504,0.002272855
100,8,Phoebe,Okay?,neutral,"Okay, I’m gonna take that spit bubble as, ""Yeah, I do!""
Okay, after I get rid of this dirty diaper Leslie, I’ll set you up with a clean one.
Okay, I’m sorry.
I didn’t mean to scare you.
I just have to clean that up.
Okay?","Okay, I’m gonna take that spit bubble as, ""Yeah, I do!""
Okay, after I get rid of this dirty diaper Leslie, I’ll set you up with a clean one.
Okay, I’m sorry.
I didn’t mean to scare you.
I just have to clean that up.
Okay?",neutral,4,4,neutral,True,0.040608983,0.0034914017,0.026780928,0.04635032,0.8442806,0.01439827,0.02408949
100,9,Phoebe,"‘Cause let’s face it, we’re at Monica’s.",neutral,"Okay, after I get rid of this dirty diaper Leslie, I’ll set you up with a clean one.
Okay, I’m sorry.
I didn’t mean to scare you.
I just have to clean that up.
Okay?
‘Cause let’s face it, we’re at Monica’s.","Okay, after I get rid of this dirty diaper Leslie, I’ll set you up with a clean one.
Okay, I’m sorry.
I didn’t mean to scare you.
I just have to clean that up.
Okay?
‘Cause let’s face it, we’re at Monica’s.",neutral,4,4,neutral,True,0.007191326,0.0023582114,0.0020062649,0.019539267,0.9643099,0.002580702,0.0020142717
100,10,Phoebe,I broke it.,sadness,"Okay, I’m sorry.
I didn’t mean to scare you.
I just have to clean that up.
Okay?
‘Cause let’s face it, we’re at Monica’s.
I broke it.","Okay, I’m sorry.
I didn’t mean to scare you.
I just have to clean that up.
Okay?
‘Cause let’s face it, we’re at Monica’s.
I broke it.",sadness,5,0,anger,False,0.6175719,0.019113343,0.049767416,0.025281465,0.041624784,0.23330598,0.013335132
100,11,Phoebe,All right.,neutral,"I didn’t mean to scare you.
I just have to clean that up.
Okay?
‘Cause let’s face it, we’re at Monica’s.
I broke it.
All right.","I didn’t mean to scare you.
I just have to clean that up.
Okay?
‘Cause let’s face it, we’re at Monica’s.
I broke it.
All right.",neutral,4,4,neutral,True,0.0123464335,0.0020308609,0.0045312196,0.05740401,0.91455144,0.007470016,0.0016659641
100,12,Phoebe,"Well, that’s just the way that goes.",neutral,"I just have to clean that up.
Okay?
‘Cause let’s face it, we’re at Monica’s.
I broke it.
All right.
Well, that’s just the way that goes.","I just have to clean that up.
Okay?
‘Cause let’s face it, we’re at Monica’s.
I broke it.
All right.
Well, that’s just the way that goes.",neutral,4,4,neutral,True,0.024061894,0.0063028177,0.012986026,0.05362617,0.8217153,0.0775616,0.003746137
100,13,Phoebe,"Okay, good.",neutral,"Okay?
‘Cause let’s face it, we’re at Monica’s.
I broke it.
All right.
Well, that’s just the way that goes.
Okay, good.","Okay?
‘Cause let’s face it, we’re at Monica’s.
I broke it.
All right.
Well, that’s just the way that goes.
Okay, good.",neutral,4,4,neutral,True,0.009245253,0.0043390063,0.0051152026,0.089726165,0.8825438,0.006644399,0.002386228
100,14,Phoebe,Why are there only two of you?,fear,"‘Cause let’s face it, we’re at Monica’s.
I broke it.
All right.
Well, that’s just the way that goes.
Okay, good.
Why are there only two of you?","‘Cause let’s face it, we’re at Monica’s.
I broke it.
All right.
Well, that’s just the way that goes.
Okay, good.
Why are there only two of you?",fear,2,6,surprise,False,0.029629756,0.0055583515,0.014346857,0.025393447,0.24398693,0.01110015,0.6699845
100,15,Phoebe,Where is Leslie?,fear,"I broke it.
All right.
Well, that’s just the way that goes.
Okay, good.
Why are there only two of you?
Where is Leslie?","I broke it.
All right.
Well, that’s just the way that goes.
Okay, good.
Why are there only two of you?
Where is Leslie?",fear,2,4,neutral,False,0.031112364,0.004830756,0.013548351,0.022500873,0.81908655,0.010965436,0.097955614
100,16,Phoebe,"Well, you can’t answer.",neutral,"All right.
Well, that’s just the way that goes.
Okay, good.
Why are there only two of you?
Where is Leslie?
Well, you can’t answer.","All right.
Well, that’s just the way that goes.
Okay, good.
Why are there only two of you?
Where is Leslie?
Well, you can’t answer.",neutral,4,4,neutral,True,0.04989629,0.0076281168,0.05873055,0.030479161,0.7606872,0.070971675,0.02160702
100,17,Phoebe,Leslie?,neutral,"Well, that’s just the way that goes.
Okay, good.
Why are there only two of you?
Where is Leslie?
Well, you can’t answer.
Leslie?","Well, that’s just the way that goes.
Okay, good.
Why are there only two of you?
Where is Leslie?
Well, you can’t answer.
Leslie?",neutral,4,6,surprise,False,0.007109619,0.0032625978,0.0071772155,0.007915036,0.051753327,0.0061630546,0.9166192
100,18,Phoebe,Where are you Leslie?,fear,"Okay, good.
Why are there only two of you?
Where is Leslie?
Well, you can’t answer.
Leslie?
Where are you Leslie?","Okay, good.
Why are there only two of you?
Where is Leslie?
Well, you can’t answer.
Leslie?
Where are you Leslie?",fear,2,6,surprise,False,0.031276524,0.004520649,0.01220311,0.019760685,0.27484274,0.01072331,0.6466731
100,19,Phoebe,"Leslie, now would be a",sadness,"Why are there only two of you?
Where is Leslie?
Well, you can’t answer.
Leslie?
Where are you Leslie?
Leslie, now would be a","Why are there only two of you?
Where is Leslie?
Well, you can’t answer.
Leslie?
Where are you Leslie?
Leslie, now would be a",sadness,5,4,neutral,False,0.07578586,0.008336593,0.0076041105,0.14650287,0.7363778,0.009017321,0.016375467
102,5,Phoebe,"Well I’m sorry, I thought you said it was okay.",sadness,"You said she was bald.
Yeah, she was bald, she’s not now.
How could you not tell me that she has hair?
I don’t know, I hardly ever say that about people.
Ohh, well, this is just perfect!
Well I’m sorry, I thought you said it was okay.","You said she was bald.
Yeah, she was bald, she’s not now.
How could you not tell me that she has hair?
I don’t know, I hardly ever say that about people.
Ohh, well, this is just perfect!
Well I’m sorry, I thought you said it was okay.",sadness,5,5,sadness,True,0.04039817,0.017749405,0.07685465,0.060752057,0.121815115,0.44855884,0.23387179
102,6,Rachel,"Yeah, I said what was okay when I thought she was some weird bald chick. I mean, y'know, that girl has hair got",anger,"Yeah, she was bald, she’s not now.
How could you not tell me that she has hair?
I don’t know, I hardly ever say that about people.
Ohh, well, this is just perfect!
Well I’m sorry, I thought you said it was okay.
Yeah, I said what was okay when I thought she was some weird bald chick. I mean, y'know, that girl has hair got","Yeah, she was bald, she’s not now.
How could you not tell me that she has hair?
I don’t know, I hardly ever say that about people.
Ohh, well, this is just perfect!
Well I’m sorry, I thought you said it was okay.
Yeah, I said what was okay when I thought she was some weird bald chick. I mean, y'know, that girl has hair got",anger,0,4,neutral,False,0.02066903,0.028677618,0.043417674,0.12472532,0.6897303,0.074755095,0.018024968
102,7,Phoebe,"Well, maybe it won’t work out. Maybe Ross won’t like her personality.",sadness,"How could you not tell me that she has hair?
I don’t know, I hardly ever say that about people.
Ohh, well, this is just perfect!
Well I’m sorry, I thought you said it was okay.
Yeah, I said what was okay when I thought she was some weird bald chick. I mean, y'know, that girl has hair got
Well, maybe it won’t work out. Maybe Ross won’t like her personality.","How could you not tell me that she has hair?
I don’t know, I hardly ever say that about people.
Ohh, well, this is just perfect!
Well I’m sorry, I thought you said it was okay.
Yeah, I said what was okay when I thought she was some weird bald chick. I mean, y'know, that girl has hair got
Well, maybe it won’t work out. Maybe Ross won’t like her personality.",sadness,5,4,neutral,False,0.13175483,0.029272808,0.09172839,0.08933836,0.42457086,0.20998429,0.023350466
102,8,Rachel,"Why, does she have a bad personality?",neutral,"I don’t know, I hardly ever say that about people.
Ohh, well, this is just perfect!
Well I’m sorry, I thought you said it was okay.
Yeah, I said what was okay when I thought she was some weird bald chick. I mean, y'know, that girl has hair got
Well, maybe it won’t work out. Maybe Ross won’t like her personality.
Why, does she have a bad personality?","I don’t know, I hardly ever say that about people.
Ohh, well, this is just perfect!
Well I’m sorry, I thought you said it was okay.
Yeah, I said what was okay when I thought she was some weird bald chick. I mean, y'know, that girl has hair got
Well, maybe it won’t work out. Maybe Ross won’t like her personality.
Why, does she have a bad personality?",neutral,4,4,neutral,True,0.050210383,0.040906113,0.12104038,0.048167992,0.42962497,0.14458743,0.16546276
102,9,Phoebe,"Oh no, Bonnie’s the best!",joy,"Ohh, well, this is just perfect!
Well I’m sorry, I thought you said it was okay.
Yeah, I said what was okay when I thought she was some weird bald chick. I mean, y'know, that girl has hair got
Well, maybe it won’t work out. Maybe Ross won’t like her personality.
Why, does she have a bad personality?
Oh no, Bonnie’s the best!","Ohh, well, this is just perfect!
Well I’m sorry, I thought you said it was okay.
Yeah, I said what was okay when I thought she was some weird bald chick. I mean, y'know, that girl has hair got
Well, maybe it won’t work out. Maybe Ross won’t like her personality.
Why, does she have a bad personality?
Oh no, Bonnie’s the best!",joy,3,3,joy,True,0.01444416,0.004787593,0.003954741,0.91652924,0.01529467,0.014661214,0.030328406
103,5,Joey,"Whoa, for like months?",surprise,"Hey!
Hey.
Do you have a minute? I’d like to talk to you about something I’m, I’m really uncomfortable talking about.
Sure. What? About uh, you showering with your mom?
I actually had a topic in mind! I’m, I’m kinda going through a dry spell, sex wise.
Whoa, for like months?","Hey!
Hey.
Do you have a minute? I’d like to talk to you about something I’m, I’m really uncomfortable talking about.
Sure. What? About uh, you showering with your mom?
I actually had a topic in mind! I’m, I’m kinda going through a dry spell, sex wise.
Whoa, for like months?",surprise,6,6,surprise,True,0.016828824,0.014483437,0.012438684,0.029941263,0.02811558,0.016096514,0.88209575
107,5,Ross,I think I have an old band uniform from high school.,joy,"Honey, I was wondering....
Hmm?
Do you still have that, um, Navy uniform?
Nooo, I had to return it to the costume place.
Hmm.
I think I have an old band uniform from high school.","Honey, I was wondering....
Hmm?
Do you still have that, um, Navy uniform?
Nooo, I had to return it to the costume place.
Hmm.
I think I have an old band uniform from high school.",joy,3,4,neutral,False,0.005645556,0.0020389026,0.0020602057,0.017199224,0.96354496,0.0017840753,0.0077271205
107,6,Rachel,"You remember not having sex in high school, right?",sadness,"Hmm?
Do you still have that, um, Navy uniform?
Nooo, I had to return it to the costume place.
Hmm.
I think I have an old band uniform from high school.
You remember not having sex in high school, right?","Hmm?
Do you still have that, um, Navy uniform?
Nooo, I had to return it to the costume place.
Hmm.
I think I have an old band uniform from high school.
You remember not having sex in high school, right?",sadness,5,4,neutral,False,0.03367559,0.012594858,0.01978433,0.044242904,0.7739595,0.011453721,0.10428906
107,7,Ross,Yeah.,sadness,"Do you still have that, um, Navy uniform?
Nooo, I had to return it to the costume place.
Hmm.
I think I have an old band uniform from high school.
You remember not having sex in high school, right?
Yeah.","Do you still have that, um, Navy uniform?
Nooo, I had to return it to the costume place.
Hmm.
I think I have an old band uniform from high school.
You remember not having sex in high school, right?
Yeah.",sadness,5,4,neutral,False,0.0026488886,0.0019630757,0.0034024427,0.014418773,0.9711167,0.0032170224,0.0032331694
107,8,Rachel,"Well honey, what about you?",neutral,"Nooo, I had to return it to the costume place.
Hmm.
I think I have an old band uniform from high school.
You remember not having sex in high school, right?
Yeah.
Well honey, what about you?","Nooo, I had to return it to the costume place.
Hmm.
I think I have an old band uniform from high school.
You remember not having sex in high school, right?
Yeah.
Well honey, what about you?",neutral,4,6,surprise,False,0.015744507,0.0065110875,0.032657728,0.02100325,0.115985684,0.020535981,0.78756183
107,9,Ross,What?,neutral,"Hmm.
I think I have an old band uniform from high school.
You remember not having sex in high school, right?
Yeah.
Well honey, what about you?
What?","Hmm.
I think I have an old band uniform from high school.
You remember not having sex in high school, right?
Yeah.
Well honey, what about you?
What?",neutral,4,6,surprise,False,0.00879613,0.006579722,0.020550719,0.015287183,0.09257093,0.01539192,0.8408233
107,10,Rachel,"I mean do you have any fun, you know, fantasy type things?",neutral,"I think I have an old band uniform from high school.
You remember not having sex in high school, right?
Yeah.
Well honey, what about you?
What?
I mean do you have any fun, you know, fantasy type things?","I think I have an old band uniform from high school.
You remember not having sex in high school, right?
Yeah.
Well honey, what about you?
What?
I mean do you have any fun, you know, fantasy type things?",neutral,4,4,neutral,True,0.02336382,0.037739895,0.05979328,0.11200496,0.6319943,0.075741686,0.05936209
107,11,Ross,No.,neutral,"You remember not having sex in high school, right?
Yeah.
Well honey, what about you?
What?
I mean do you have any fun, you know, fantasy type things?
No.","You remember not having sex in high school, right?
Yeah.
Well honey, what about you?
What?
I mean do you have any fun, you know, fantasy type things?
No.",neutral,4,4,neutral,True,0.002981958,0.0012290411,0.0020504666,0.007762087,0.9826015,0.0018340036,0.0015409014
107,12,Rachel,Come on you gotta have one!,surprise,"Yeah.
Well honey, what about you?
What?
I mean do you have any fun, you know, fantasy type things?
No.
Come on you gotta have one!","Yeah.
Well honey, what about you?
What?
I mean do you have any fun, you know, fantasy type things?
No.
Come on you gotta have one!",surprise,6,3,joy,False,0.070884235,0.0076437555,0.0075450693,0.807742,0.026143897,0.01034425,0.06969683
108,8,Phoebe,Oh my God!,surprise,"I mean if you buy a bed from Janice’s ex-husband, that’s like betraying Chandler.
Not at these prices.
Hi. Y'know in England this car would be on the other side of the store.  Woo!
Oh! Ohhhhh! Oh! Phoebe, come here. Aw, this is my new bed. You gotta feel this bad boy.
Eh, Monica it, it feels so weird, y'know, Chandler’s your friend...  Oh!
Oh my God!","I mean if you buy a bed from Janice’s ex-husband, that’s like betraying Chandler.
Not at these prices.
Hi. Y'know in England this car would be on the other side of the store.  Woo!
Oh! Ohhhhh! Oh! Phoebe, come here. Aw, this is my new bed. You gotta feel this bad boy.
Eh, Monica it, it feels so weird, y'know, Chandler’s your friend...  Oh!
Oh my God!",surprise,6,6,surprise,True,0.011141419,0.017941106,0.010072511,0.038626686,0.011940932,0.013547628,0.8967297
108,9,Phoebe,"Aw, all right take this bed, you can make other friends.",joy,"Not at these prices.
Hi. Y'know in England this car would be on the other side of the store.  Woo!
Oh! Ohhhhh! Oh! Phoebe, come here. Aw, this is my new bed. You gotta feel this bad boy.
Eh, Monica it, it feels so weird, y'know, Chandler’s your friend...  Oh!
Oh my God!
Aw, all right take this bed, you can make other friends.","Not at these prices.
Hi. Y'know in England this car would be on the other side of the store.  Woo!
Oh! Ohhhhh! Oh! Phoebe, come here. Aw, this is my new bed. You gotta feel this bad boy.
Eh, Monica it, it feels so weird, y'know, Chandler’s your friend...  Oh!
Oh my God!
Aw, all right take this bed, you can make other friends.",joy,3,4,neutral,False,0.010888221,0.009982074,0.005245478,0.20737354,0.7509839,0.006125153,0.00940171
109,5,Janice,"Because you know, you could make little puppets out of them, and you could use them in your theater of cruelty.",anger,"You know, ever since I was little, I've been able to pick up quarters with my toes.
Good for you.  Uh, quarters or rolls of quarters?
By the way, Chandler. I cut you out of all my pictures. So if you want, I have a bag with just your heads.
That's OK.
Oh, are you sure?
Because you know, you could make little puppets out of them, and you could use them in your theater of cruelty.","You know, ever since I was little, I've been able to pick up quarters with my toes.
Good for you.  Uh, quarters or rolls of quarters?
By the way, Chandler. I cut you out of all my pictures. So if you want, I have a bag with just your heads.
That's OK.
Oh, are you sure?
Because you know, you could make little puppets out of them, and you could use them in your theater of cruelty.",anger,0,0,anger,True,0.48159686,0.21800071,0.07366196,0.02808334,0.103845395,0.078663476,0.016148325
109,6,Joey,We can't do that.,neutral,"Good for you.  Uh, quarters or rolls of quarters?
By the way, Chandler. I cut you out of all my pictures. So if you want, I have a bag with just your heads.
That's OK.
Oh, are you sure?
Because you know, you could make little puppets out of them, and you could use them in your theater of cruelty.
We can't do that.","Good for you.  Uh, quarters or rolls of quarters?
By the way, Chandler. I cut you out of all my pictures. So if you want, I have a bag with just your heads.
That's OK.
Oh, are you sure?
Because you know, you could make little puppets out of them, and you could use them in your theater of cruelty.
We can't do that.",neutral,4,0,anger,False,0.45629483,0.026871763,0.08490605,0.035086144,0.23502477,0.15421736,0.007599161
109,7,Chandler,What? What can't you do?,surprise,"By the way, Chandler. I cut you out of all my pictures. So if you want, I have a bag with just your heads.
That's OK.
Oh, are you sure?
Because you know, you could make little puppets out of them, and you could use them in your theater of cruelty.
We can't do that.
What? What can't you do?","By the way, Chandler. I cut you out of all my pictures. So if you want, I have a bag with just your heads.
That's OK.
Oh, are you sure?
Because you know, you could make little puppets out of them, and you could use them in your theater of cruelty.
We can't do that.
What? What can't you do?",surprise,6,6,surprise,True,0.03720787,0.017479759,0.1086786,0.029479459,0.08283862,0.08177099,0.6425447
110,5,Ross,"Y'know, it's just gonna be the two of us, she spent all day taking care of my monkey...",neutral,"She really said that?
Well, I added the 'exactly like me' part...
But she said she's looking for someone, and someone is gonna be there tonight.
'Tonight' tonight?
Well, I think it's perfect.
Y'know, it's just gonna be the two of us, she spent all day taking care of my monkey...","She really said that?
Well, I added the 'exactly like me' part...
But she said she's looking for someone, and someone is gonna be there tonight.
'Tonight' tonight?
Well, I think it's perfect.
Y'know, it's just gonna be the two of us, she spent all day taking care of my monkey...",neutral,4,4,neutral,True,0.015136235,0.0216233,0.012305361,0.29665622,0.5946785,0.04536537,0.01423497
110,6,Chandler,I can't remember the last time I got a girl to take care of my monkey.,sadness,"Well, I added the 'exactly like me' part...
But she said she's looking for someone, and someone is gonna be there tonight.
'Tonight' tonight?
Well, I think it's perfect.
Y'know, it's just gonna be the two of us, she spent all day taking care of my monkey...
I can't remember the last time I got a girl to take care of my monkey.","Well, I added the 'exactly like me' part...
But she said she's looking for someone, and someone is gonna be there tonight.
'Tonight' tonight?
Well, I think it's perfect.
Y'know, it's just gonna be the two of us, she spent all day taking care of my monkey...
I can't remember the last time I got a girl to take care of my monkey.",sadness,5,5,sadness,True,0.07369007,0.037441436,0.080194265,0.08873735,0.16358843,0.41076964,0.14557889
110,7,Ross,"Anyway, I figured after work I'd go pick up a bottle of wine, go over there and, uh, try to woo her.",joy,"But she said she's looking for someone, and someone is gonna be there tonight.
'Tonight' tonight?
Well, I think it's perfect.
Y'know, it's just gonna be the two of us, she spent all day taking care of my monkey...
I can't remember the last time I got a girl to take care of my monkey.
Anyway, I figured after work I'd go pick up a bottle of wine, go over there and, uh, try to woo her.","But she said she's looking for someone, and someone is gonna be there tonight.
'Tonight' tonight?
Well, I think it's perfect.
Y'know, it's just gonna be the two of us, she spent all day taking care of my monkey...
I can't remember the last time I got a girl to take care of my monkey.
Anyway, I figured after work I'd go pick up a bottle of wine, go over there and, uh, try to woo her.",joy,3,4,neutral,False,0.026971232,0.030404067,0.03567866,0.10452416,0.7431377,0.04768042,0.011603746
110,8,Chandler,"Hey, y'know what you should do? You should take her back to the 1890's, when that phrase was last used.",disgust,"'Tonight' tonight?
Well, I think it's perfect.
Y'know, it's just gonna be the two of us, she spent all day taking care of my monkey...
I can't remember the last time I got a girl to take care of my monkey.
Anyway, I figured after work I'd go pick up a bottle of wine, go over there and, uh, try to woo her.
Hey, y'know what you should do? You should take her back to the 1890's, when that phrase was last used.","'Tonight' tonight?
Well, I think it's perfect.
Y'know, it's just gonna be the two of us, she spent all day taking care of my monkey...
I can't remember the last time I got a girl to take care of my monkey.
Anyway, I figured after work I'd go pick up a bottle of wine, go over there and, uh, try to woo her.
Hey, y'know what you should do? You should take her back to the 1890's, when that phrase was last used.",disgust,1,4,neutral,False,0.019806454,0.008262797,0.0075993044,0.23796621,0.6997571,0.013592908,0.01301515
111,5,Chandler,Really stupid.,anger,"Car's waiting downstairs, I just wanted to drop off these copies of my book for your friends. Anything you want from Lisbon?
No, just knowing you're gonna be there is enough.
Alright, well, be good, I love you.
You kissed my best Ross! ...Or something to that effect.
O-kay. Look, it, it was stupid.
Really stupid.","Car's waiting downstairs, I just wanted to drop off these copies of my book for your friends. Anything you want from Lisbon?
No, just knowing you're gonna be there is enough.
Alright, well, be good, I love you.
You kissed my best Ross! ...Or something to that effect.
O-kay. Look, it, it was stupid.
Really stupid.",anger,0,0,anger,True,0.48387796,0.27578565,0.042774424,0.046618804,0.06359648,0.04505586,0.042290814
111,6,Mrs. Bing,Really stupid.,sadness,"No, just knowing you're gonna be there is enough.
Alright, well, be good, I love you.
You kissed my best Ross! ...Or something to that effect.
O-kay. Look, it, it was stupid.
Really stupid.
Really stupid.","No, just knowing you're gonna be there is enough.
Alright, well, be good, I love you.
You kissed my best Ross! ...Or something to that effect.
O-kay. Look, it, it was stupid.
Really stupid.
Really stupid.",sadness,5,0,anger,False,0.53098005,0.2188267,0.04712689,0.05041261,0.075203404,0.038592,0.03885828
111,7,Mrs. Bing,And I don't even know how it happened.,sadness,"Alright, well, be good, I love you.
You kissed my best Ross! ...Or something to that effect.
O-kay. Look, it, it was stupid.
Really stupid.
Really stupid.
And I don't even know how it happened.","Alright, well, be good, I love you.
You kissed my best Ross! ...Or something to that effect.
O-kay. Look, it, it was stupid.
Really stupid.
Really stupid.
And I don't even know how it happened.",sadness,5,5,sadness,True,0.26989576,0.03157462,0.12780485,0.047992524,0.10660777,0.35373613,0.06238839
111,8,Mrs. Bing,"I'm sorry, honey, I promise it will never happen again.",sadness,"You kissed my best Ross! ...Or something to that effect.
O-kay. Look, it, it was stupid.
Really stupid.
Really stupid.
And I don't even know how it happened.
I'm sorry, honey, I promise it will never happen again.","You kissed my best Ross! ...Or something to that effect.
O-kay. Look, it, it was stupid.
Really stupid.
Really stupid.
And I don't even know how it happened.
I'm sorry, honey, I promise it will never happen again.",sadness,5,5,sadness,True,0.122543275,0.015174323,0.14591649,0.0763325,0.103703454,0.5211033,0.015226641
111,9,Mrs. Bing,Are we okay now?,fear,"O-kay. Look, it, it was stupid.
Really stupid.
Really stupid.
And I don't even know how it happened.
I'm sorry, honey, I promise it will never happen again.
Are we okay now?","O-kay. Look, it, it was stupid.
Really stupid.
Really stupid.
And I don't even know how it happened.
I'm sorry, honey, I promise it will never happen again.
Are we okay now?",fear,2,4,neutral,False,0.08136525,0.011876999,0.0743729,0.24593727,0.31188703,0.23748197,0.03707867
111,10,Chandler,Yeah. No. No...,anger,"Really stupid.
Really stupid.
And I don't even know how it happened.
I'm sorry, honey, I promise it will never happen again.
Are we okay now?
Yeah. No. No...","Really stupid.
Really stupid.
And I don't even know how it happened.
I'm sorry, honey, I promise it will never happen again.
Are we okay now?
Yeah. No. No...",anger,0,4,neutral,False,0.004127582,0.001512253,0.0036539973,0.010336458,0.97487247,0.0036359963,0.0018612235
111,11,Ross,"Ah, the forbidden love of a man and his door.",neutral,"Really stupid.
And I don't even know how it happened.
I'm sorry, honey, I promise it will never happen again.
Are we okay now?
Yeah. No. No...
Ah, the forbidden love of a man and his door.","Really stupid.
And I don't even know how it happened.
I'm sorry, honey, I promise it will never happen again.
Are we okay now?
Yeah. No. No...
Ah, the forbidden love of a man and his door.",neutral,4,4,neutral,True,0.081285186,0.22234677,0.06923065,0.06166986,0.40117034,0.144736,0.019561188
111,12,Joey,"Shh. He did it. He told her off, and not just about the kiss, about everything.",neutral,"And I don't even know how it happened.
I'm sorry, honey, I promise it will never happen again.
Are we okay now?
Yeah. No. No...
Ah, the forbidden love of a man and his door.
Shh. He did it. He told her off, and not just about the kiss, about everything.","And I don't even know how it happened.
I'm sorry, honey, I promise it will never happen again.
Are we okay now?
Yeah. No. No...
Ah, the forbidden love of a man and his door.
Shh. He did it. He told her off, and not just about the kiss, about everything.",neutral,4,4,neutral,True,0.11099248,0.015083474,0.024643168,0.06533285,0.7119214,0.05377918,0.018247515
111,13,Ross,You're kidding.,surprise,"I'm sorry, honey, I promise it will never happen again.
Are we okay now?
Yeah. No. No...
Ah, the forbidden love of a man and his door.
Shh. He did it. He told her off, and not just about the kiss, about everything.
You're kidding.","I'm sorry, honey, I promise it will never happen again.
Are we okay now?
Yeah. No. No...
Ah, the forbidden love of a man and his door.
Shh. He did it. He told her off, and not just about the kiss, about everything.
You're kidding.",surprise,6,4,neutral,False,0.014362263,0.011406697,0.008191065,0.08336867,0.8583737,0.012387262,0.011910328
111,14,Joey,"No, no. He said ""When are you gonna grow up and start being a mom?""",neutral,"Are we okay now?
Yeah. No. No...
Ah, the forbidden love of a man and his door.
Shh. He did it. He told her off, and not just about the kiss, about everything.
You're kidding.
No, no. He said ""When are you gonna grow up and start being a mom?""","Are we okay now?
Yeah. No. No...
Ah, the forbidden love of a man and his door.
Shh. He did it. He told her off, and not just about the kiss, about everything.
You're kidding.
No, no. He said ""When are you gonna grow up and start being a mom?""",neutral,4,4,neutral,True,0.060470056,0.01370296,0.04857848,0.083459,0.6299633,0.10870048,0.05512572
112,5,Phoebe,A new grocery store.,neutral,"Oh there it is.
That’s not your regular dry cleaners.
I know, but that creep that I went on that date with goes to there so I have to find a new one.
I also have to find a new video store, a new bank, a new adult bookstore, a new grocery store
What?!
A new grocery store.","Oh there it is.
That’s not your regular dry cleaners.
I know, but that creep that I went on that date with goes to there so I have to find a new one.
I also have to find a new video store, a new bank, a new adult bookstore, a new grocery store
What?!
A new grocery store.",neutral,4,6,surprise,False,0.0073416247,0.00810324,0.008619161,0.015308442,0.08078776,0.0072304197,0.8726094
112,6,Phoebe,The universe said I was going to meet a nice guy and that’s what they gave me?,anger,"That’s not your regular dry cleaners.
I know, but that creep that I went on that date with goes to there so I have to find a new one.
I also have to find a new video store, a new bank, a new adult bookstore, a new grocery store
What?!
A new grocery store.
The universe said I was going to meet a nice guy and that’s what they gave me?","That’s not your regular dry cleaners.
I know, but that creep that I went on that date with goes to there so I have to find a new one.
I also have to find a new video store, a new bank, a new adult bookstore, a new grocery store
What?!
A new grocery store.
The universe said I was going to meet a nice guy and that’s what they gave me?",anger,0,6,surprise,False,0.013605567,0.005841182,0.013385337,0.044116702,0.12746276,0.02420004,0.7713885
112,7,Phoebe,When I get up there I’m going to kick some ass.,anger,"I know, but that creep that I went on that date with goes to there so I have to find a new one.
I also have to find a new video store, a new bank, a new adult bookstore, a new grocery store
What?!
A new grocery store.
The universe said I was going to meet a nice guy and that’s what they gave me?
When I get up there I’m going to kick some ass.","I know, but that creep that I went on that date with goes to there so I have to find a new one.
I also have to find a new video store, a new bank, a new adult bookstore, a new grocery store
What?!
A new grocery store.
The universe said I was going to meet a nice guy and that’s what they gave me?
When I get up there I’m going to kick some ass.",anger,0,1,disgust,False,0.12399805,0.39686134,0.037979085,0.16054837,0.17202334,0.07831204,0.030277774
112,8,Monica,"Don’t worry Phoebe, you’re gonna meet someone. If I can meet a great guy, so can you.",neutral,"I also have to find a new video store, a new bank, a new adult bookstore, a new grocery store
What?!
A new grocery store.
The universe said I was going to meet a nice guy and that’s what they gave me?
When I get up there I’m going to kick some ass.
Don’t worry Phoebe, you’re gonna meet someone. If I can meet a great guy, so can you.","I also have to find a new video store, a new bank, a new adult bookstore, a new grocery store
What?!
A new grocery store.
The universe said I was going to meet a nice guy and that’s what they gave me?
When I get up there I’m going to kick some ass.
Don’t worry Phoebe, you’re gonna meet someone. If I can meet a great guy, so can you.",neutral,4,3,joy,False,0.033056777,0.0049054152,0.003728108,0.7644302,0.1752645,0.012570516,0.0060445108
112,9,Phoebe,"Yeah, we both can. And we both will.",neutral,"What?!
A new grocery store.
The universe said I was going to meet a nice guy and that’s what they gave me?
When I get up there I’m going to kick some ass.
Don’t worry Phoebe, you’re gonna meet someone. If I can meet a great guy, so can you.
Yeah, we both can. And we both will.","What?!
A new grocery store.
The universe said I was going to meet a nice guy and that’s what they gave me?
When I get up there I’m going to kick some ass.
Don’t worry Phoebe, you’re gonna meet someone. If I can meet a great guy, so can you.
Yeah, we both can. And we both will.",neutral,4,4,neutral,True,0.022339445,0.0049016555,0.006508426,0.32931003,0.61843014,0.014189601,0.004320763
112,10,Phoebe,"Oh, you didn’t have to come in with me.",neutral,"A new grocery store.
The universe said I was going to meet a nice guy and that’s what they gave me?
When I get up there I’m going to kick some ass.
Don’t worry Phoebe, you’re gonna meet someone. If I can meet a great guy, so can you.
Yeah, we both can. And we both will.
Oh, you didn’t have to come in with me.","A new grocery store.
The universe said I was going to meet a nice guy and that’s what they gave me?
When I get up there I’m going to kick some ass.
Don’t worry Phoebe, you’re gonna meet someone. If I can meet a great guy, so can you.
Yeah, we both can. And we both will.
Oh, you didn’t have to come in with me.",neutral,4,3,joy,False,0.021299269,0.006605406,0.011946218,0.449861,0.13418481,0.03564807,0.34045532
112,11,Monica,Are you kidding? This is where they get out stains! Okay? This is like,joy,"The universe said I was going to meet a nice guy and that’s what they gave me?
When I get up there I’m going to kick some ass.
Don’t worry Phoebe, you’re gonna meet someone. If I can meet a great guy, so can you.
Yeah, we both can. And we both will.
Oh, you didn’t have to come in with me.
Are you kidding? This is where they get out stains! Okay? This is like","The universe said I was going to meet a nice guy and that’s what they gave me?
When I get up there I’m going to kick some ass.
Don’t worry Phoebe, you’re gonna meet someone. If I can meet a great guy, so can you.
Yeah, we both can. And we both will.
Oh, you didn’t have to come in with me.
Are you kidding? This is where they get out stains! Okay? This is like",joy,3,4,neutral,False,0.06965145,0.013733545,0.014665056,0.31145635,0.5523009,0.03167273,0.006520007
112,12,Guy,"Oh, excuse me! I think you dropped s… Wow!",surprise,"When I get up there I’m going to kick some ass.
Don’t worry Phoebe, you’re gonna meet someone. If I can meet a great guy, so can you.
Yeah, we both can. And we both will.
Oh, you didn’t have to come in with me.
Are you kidding? This is where they get out stains! Okay? This is like
Oh, excuse me! I think you dropped s… Wow!","When I get up there I’m going to kick some ass.
Don’t worry Phoebe, you’re gonna meet someone. If I can meet a great guy, so can you.
Yeah, we both can. And we both will.
Oh, you didn’t have to come in with me.
Are you kidding? This is where they get out stains! Okay? This is like
Oh, excuse me! I think you dropped s… Wow!",surprise,6,6,surprise,True,0.0062108715,0.007095219,0.0027969358,0.04751856,0.0068348097,0.0048529077,0.92469066
112,13,Phoebe,What?,surprise,"Don’t worry Phoebe, you’re gonna meet someone. If I can meet a great guy, so can you.
Yeah, we both can. And we both will.
Oh, you didn’t have to come in with me.
Are you kidding? This is where they get out stains! Okay? This is like
Oh, excuse me! I think you dropped s… Wow!
What?","Don’t worry Phoebe, you’re gonna meet someone. If I can meet a great guy, so can you.
Yeah, we both can. And we both will.
Oh, you didn’t have to come in with me.
Are you kidding? This is where they get out stains! Okay? This is like
Oh, excuse me! I think you dropped s… Wow!
What?",surprise,6,6,surprise,True,0.0040293694,0.00403292,0.005774975,0.009522187,0.028877974,0.006326976,0.9414356
112,14,Guy,"I’m sorry, it’s just that you’re so incredibly beautiful.",surprise,"Yeah, we both can. And we both will.
Oh, you didn’t have to come in with me.
Are you kidding? This is where they get out stains! Okay? This is like
Oh, excuse me! I think you dropped s… Wow!
What?
I’m sorry, it’s just that you’re so incredibly beautiful.","Yeah, we both can. And we both will.
Oh, you didn’t have to come in with me.
Are you kidding? This is where they get out stains! Okay? This is like
Oh, excuse me! I think you dropped s… Wow!
What?
I’m sorry, it’s just that you’re so incredibly beautiful.",surprise,6,3,joy,False,0.022814488,0.011956109,0.012081226,0.7039461,0.058569714,0.12949269,0.061139632
112,15,Phoebe,"Oh yeah well, I’m sorry about that too, but what are you going to do?",neutral,"Oh, you didn’t have to come in with me.
Are you kidding? This is where they get out stains! Okay? This is like
Oh, excuse me! I think you dropped s… Wow!
What?
I’m sorry, it’s just that you’re so incredibly beautiful.
Oh yeah well, I’m sorry about that too, but what are you going to do?","Oh, you didn’t have to come in with me.
Are you kidding? This is where they get out stains! Okay? This is like
Oh, excuse me! I think you dropped s… Wow!
What?
I’m sorry, it’s just that you’re so incredibly beautiful.
Oh yeah well, I’m sorry about that too, but what are you going to do?",neutral,4,5,sadness,False,0.055234723,0.013842139,0.20127076,0.029516341,0.060099896,0.5234784,0.116557755
112,16,Guy,"I hope you don’t think I’m crazy but I feel like I was meant to pick this up, do you believe in that kind of thing?",joy,"Are you kidding? This is where they get out stains! Okay? This is like
Oh, excuse me! I think you dropped s… Wow!
What?
I’m sorry, it’s just that you’re so incredibly beautiful.
Oh yeah well, I’m sorry about that too, but what are you going to do?
I hope you don’t think I’m crazy but I feel like I was meant to pick this up, do you believe in that kind of thing?","Are you kidding? This is where they get out stains! Okay? This is like
Oh, excuse me! I think you dropped s… Wow!
What?
I’m sorry, it’s just that you’re so incredibly beautiful.
Oh yeah well, I’m sorry about that too, but what are you going to do?
I hope you don’t think I’m crazy but I feel like I was meant to pick this up, do you believe in that kind of thing?",joy,3,4,neutral,False,0.11672727,0.029660892,0.20888416,0.07427247,0.4333825,0.0793199,0.057752814
112,17,Phoebe,A little.   Now you’re talking.,neutral,"Oh, excuse me! I think you dropped s… Wow!
What?
I’m sorry, it’s just that you’re so incredibly beautiful.
Oh yeah well, I’m sorry about that too, but what are you going to do?
I hope you don’t think I’m crazy but I feel like I was meant to pick this up, do you believe in that kind of thing?
A little.   Now you’re talking.","Oh, excuse me! I think you dropped s… Wow!
What?
I’m sorry, it’s just that you’re so incredibly beautiful.
Oh yeah well, I’m sorry about that too, but what are you going to do?
I hope you don’t think I’m crazy but I feel like I was meant to pick this up, do you believe in that kind of thing?
A little.   Now you’re talking.",neutral,4,4,neutral,True,0.09689532,0.06461368,0.015541516,0.31403166,0.4275062,0.024042023,0.05736961
112,18,Guy,Would you like to go out and have a cup of coffee?,neutral,"What?
I’m sorry, it’s just that you’re so incredibly beautiful.
Oh yeah well, I’m sorry about that too, but what are you going to do?
I hope you don’t think I’m crazy but I feel like I was meant to pick this up, do you believe in that kind of thing?
A little.   Now you’re talking.
Would you like to go out and have a cup of coffee?","What?
I’m sorry, it’s just that you’re so incredibly beautiful.
Oh yeah well, I’m sorry about that too, but what are you going to do?
I hope you don’t think I’m crazy but I feel like I was meant to pick this up, do you believe in that kind of thing?
A little.   Now you’re talking.
Would you like to go out and have a cup of coffee?",neutral,4,4,neutral,True,0.0061607757,0.003837941,0.004849339,0.015038956,0.9619802,0.0041042413,0.004028544
112,19,Phoebe,I-I-I’d love to. Let me just tell my friend.,joy,"I’m sorry, it’s just that you’re so incredibly beautiful.
Oh yeah well, I’m sorry about that too, but what are you going to do?
I hope you don’t think I’m crazy but I feel like I was meant to pick this up, do you believe in that kind of thing?
A little.   Now you’re talking.
Would you like to go out and have a cup of coffee?
I-I-I’d love to. Let me just tell my friend.","I’m sorry, it’s just that you’re so incredibly beautiful.
Oh yeah well, I’m sorry about that too, but what are you going to do?
I hope you don’t think I’m crazy but I feel like I was meant to pick this up, do you believe in that kind of thing?
A little.   Now you’re talking.
Would you like to go out and have a cup of coffee?
I-I-I’d love to. Let me just tell my friend.",joy,3,4,neutral,False,0.00820486,0.0056423396,0.014294335,0.12523526,0.813314,0.027564505,0.0057445783
112,20,Monica,"Ooh, an ink stain! Hey, can I watch how you get this out?",joy,"Oh yeah well, I’m sorry about that too, but what are you going to do?
I hope you don’t think I’m crazy but I feel like I was meant to pick this up, do you believe in that kind of thing?
A little.   Now you’re talking.
Would you like to go out and have a cup of coffee?
I-I-I’d love to. Let me just tell my friend.
Ooh, an ink stain! Hey, can I watch how you get this out?","Oh yeah well, I’m sorry about that too, but what are you going to do?
I hope you don’t think I’m crazy but I feel like I was meant to pick this up, do you believe in that kind of thing?
A little.   Now you’re talking.
Would you like to go out and have a cup of coffee?
I-I-I’d love to. Let me just tell my friend.
Ooh, an ink stain! Hey, can I watch how you get this out?",joy,3,3,joy,True,0.019174248,0.005714601,0.0045395414,0.6816984,0.26011392,0.007182362,0.021576898
112,21,Phoebe,She must’ve left.,neutral,"I hope you don’t think I’m crazy but I feel like I was meant to pick this up, do you believe in that kind of thing?
A little.   Now you’re talking.
Would you like to go out and have a cup of coffee?
I-I-I’d love to. Let me just tell my friend.
Ooh, an ink stain! Hey, can I watch how you get this out?
She must’ve left.","I hope you don’t think I’m crazy but I feel like I was meant to pick this up, do you believe in that kind of thing?
A little.   Now you’re talking.
Would you like to go out and have a cup of coffee?
I-I-I’d love to. Let me just tell my friend.
Ooh, an ink stain! Hey, can I watch how you get this out?
She must’ve left.",neutral,4,4,neutral,True,0.011097931,0.0027407224,0.00463305,0.024707738,0.9446191,0.0049932497,0.0072081853
113,5,Chandler,What?,surprise,"Monica! Stop throwing it so hard! We're on the same team!
Four hours? You guys have been doing this for four hours?
That's right baby.
All right, let me in.
No-no! Don't do it! Don't!
What?","Monica! Stop throwing it so hard! We're on the same team!
Four hours? You guys have been doing this for four hours?
That's right baby.
All right, let me in.
No-no! Don't do it! Don't!
What?",surprise,6,6,surprise,True,0.016165141,0.008832121,0.04362247,0.017630927,0.14598778,0.030505143,0.7372564
113,6,Monica,He's a dropper!,anger,"Four hours? You guys have been doing this for four hours?
That's right baby.
All right, let me in.
No-no! Don't do it! Don't!
What?
He's a dropper!","Four hours? You guys have been doing this for four hours?
That's right baby.
All right, let me in.
No-no! Don't do it! Don't!
What?
He's a dropper!",anger,0,6,surprise,False,0.26271796,0.1181857,0.08104227,0.025415858,0.02049337,0.1456728,0.34647202
113,7,Joey,"Oh yeah, that's right!",anger,"That's right baby.
All right, let me in.
No-no! Don't do it! Don't!
What?
He's a dropper!
Oh yeah, that's right!","That's right baby.
All right, let me in.
No-no! Don't do it! Don't!
What?
He's a dropper!
Oh yeah, that's right!",anger,0,3,joy,False,0.042126767,0.0039681774,0.0053454316,0.8856967,0.034302045,0.008656896,0.019903895
113,8,Chandler,I'm not a dropper!,anger,"All right, let me in.
No-no! Don't do it! Don't!
What?
He's a dropper!
Oh yeah, that's right!
I'm not a dropper!","All right, let me in.
No-no! Don't do it! Don't!
What?
He's a dropper!
Oh yeah, that's right!
I'm not a dropper!",anger,0,0,anger,True,0.8671548,0.024809321,0.0341723,0.012748987,0.027918695,0.022070834,0.011125094
113,9,Ross,"It's really a uh-uh three person game, y'know?",neutral,"No-no! Don't do it! Don't!
What?
He's a dropper!
Oh yeah, that's right!
I'm not a dropper!
It's really a uh-uh three person game, y'know?","No-no! Don't do it! Don't!
What?
He's a dropper!
Oh yeah, that's right!
I'm not a dropper!
It's really a uh-uh three person game, y'know?",neutral,4,4,neutral,True,0.08365885,0.015434606,0.22755621,0.055975705,0.5108123,0.059444416,0.047117848
113,10,Chandler,It's throwing and catching!,anger,"What?
He's a dropper!
Oh yeah, that's right!
I'm not a dropper!
It's really a uh-uh three person game, y'know?
It's throwing and catching!","What?
He's a dropper!
Oh yeah, that's right!
I'm not a dropper!
It's really a uh-uh three person game, y'know?
It's throwing and catching!",anger,0,3,joy,False,0.17355321,0.018842064,0.008451617,0.6438408,0.111518085,0.013526621,0.030267648
113,11,Ross,All right.,neutral,"He's a dropper!
Oh yeah, that's right!
I'm not a dropper!
It's really a uh-uh three person game, y'know?
It's throwing and catching!
All right.","He's a dropper!
Oh yeah, that's right!
I'm not a dropper!
It's really a uh-uh three person game, y'know?
It's throwing and catching!
All right.",neutral,4,4,neutral,True,0.012778476,0.0028686358,0.00323482,0.06770332,0.9079323,0.0037034377,0.0017790943
113,12,Chandler,Oh! Oh! That's so hard.,surprise,"Oh yeah, that's right!
I'm not a dropper!
It's really a uh-uh three person game, y'know?
It's throwing and catching!
All right.
Oh! Oh! That's so hard.","Oh yeah, that's right!
I'm not a dropper!
It's really a uh-uh three person game, y'know?
It's throwing and catching!
All right.
Oh! Oh! That's so hard.",surprise,6,3,joy,False,0.010616462,0.007646499,0.004666944,0.9030307,0.019641018,0.021902459,0.032495912
113,13,Joey,"Whoa-whoa you guys, it's not a cat!",anger,"I'm not a dropper!
It's really a uh-uh three person game, y'know?
It's throwing and catching!
All right.
Oh! Oh! That's so hard.
Whoa-whoa you guys, it's not a cat!","I'm not a dropper!
It's really a uh-uh three person game, y'know?
It's throwing and catching!
All right.
Oh! Oh! That's so hard.
Whoa-whoa you guys, it's not a cat!",anger,0,6,surprise,False,0.35154897,0.1069889,0.036078185,0.03737608,0.018126858,0.024771193,0.42510983
113,14,Monica,Oh my—Oh good God!,surprise,"It's really a uh-uh three person game, y'know?
It's throwing and catching!
All right.
Oh! Oh! That's so hard.
Whoa-whoa you guys, it's not a cat!
Oh my—Oh good God!","It's really a uh-uh three person game, y'know?
It's throwing and catching!
All right.
Oh! Oh! That's so hard.
Whoa-whoa you guys, it's not a cat!
Oh my—Oh good God!",surprise,6,6,surprise,True,0.03513967,0.047322806,0.021919526,0.26407346,0.030420309,0.020372478,0.58075184
113,15,Rachel,"I give up you guys, I don't know what I'm going to do with this thing!",anger,"It's throwing and catching!
All right.
Oh! Oh! That's so hard.
Whoa-whoa you guys, it's not a cat!
Oh my—Oh good God!
I give up you guys, I don't know what I'm going to do with this thing!","It's throwing and catching!
All right.
Oh! Oh! That's so hard.
Whoa-whoa you guys, it's not a cat!
Oh my—Oh good God!
I give up you guys, I don't know what I'm going to do with this thing!",anger,0,0,anger,True,0.6823374,0.016114872,0.0988365,0.035847455,0.023803221,0.12419228,0.01886832
113,16,Ross,"Baking it didn't help, huh?",neutral,"All right.
Oh! Oh! That's so hard.
Whoa-whoa you guys, it's not a cat!
Oh my—Oh good God!
I give up you guys, I don't know what I'm going to do with this thing!
Baking it didn't help, huh?","All right.
Oh! Oh! That's so hard.
Whoa-whoa you guys, it's not a cat!
Oh my—Oh good God!
I give up you guys, I don't know what I'm going to do with this thing!
Baking it didn't help, huh?",neutral,4,6,surprise,False,0.066389106,0.05190515,0.119079486,0.061368223,0.119664624,0.1882949,0.39329854
114,5,Joey,"Thursday’s clearly not good for ya, pick a day!",joy,"All right, well the place was closed. I’ll just copy it later.
Or not. Uh, Rach, why don’t you just move in with me?
Whoa! Whoa! Whoa, Joey!
No-no-no-no-no-no-no-no… It’s okay, I mean I—look Rach, I know I scared you off with that whole Naked Thursday’s thing, but we don’t have to do that!
Well, it would be easier to move just right across the hall. Wait a minute, unless you’re thinking about Naked Wednesday’s.
Thursday’s clearly not good for ya, pick a day!","All right, well the place was closed. I’ll just copy it later.
Or not. Uh, Rach, why don’t you just move in with me?
Whoa! Whoa! Whoa, Joey!
No-no-no-no-no-no-no-no… It’s okay, I mean I—look Rach, I know I scared you off with that whole Naked Thursday’s thing, but we don’t have to do that!
Well, it would be easier to move just right across the hall. Wait a minute, unless you’re thinking about Naked Wednesday’s.
Thursday’s clearly not good for ya, pick a day!",joy,3,4,neutral,False,0.19905424,0.046890803,0.033594526,0.03771057,0.6185415,0.0146582555,0.049550097
115,5,Ross,All right here. Watch me execute the three ‘P’s of championship play. Power.  Precision.  and penache.,neutral,"So that’s two boxes of the Holiday Macaroons. On behalf of the Brown Birds of America, I salute you.
Just admit it Chandler, you have no backhand.
Excuse me little one, I have a very solid backhand.
Shielding your face and shrieking like a girl... is not a backhand.
I was shrieking... like a Marine.
All right here. Watch me execute the three ‘P’s of championship play. Power.  Precision.  and penache.","So that’s two boxes of the Holiday Macaroons. On behalf of the Brown Birds of America, I salute you.
Just admit it Chandler, you have no backhand.
Excuse me little one, I have a very solid backhand.
Shielding your face and shrieking like a girl... is not a backhand.
I was shrieking... like a Marine.
All right here. Watch me execute the three ‘P’s of championship play. Power.  Precision.  and penache.",neutral,4,4,neutral,True,0.043077566,0.006866899,0.005915878,0.3365229,0.59111434,0.009941763,0.006560691
116,5,Joey,"Good luck, and uh, take care, huh?",sadness,"She's not much of a phone person.
Yeah, so, uh, so, uh, what's the deal with this father guy, I mean, if someone was havin' my baby somewhere, I'd wanna know about it, you know?
Hey, Knick fan, am I interested in your views on fatherhood? Uh, no.
Ok, look, maybe I should just go.
Maybe you should.
Good luck, and uh, take care, huh?","She's not much of a phone person.
Yeah, so, uh, so, uh, what's the deal with this father guy, I mean, if someone was havin' my baby somewhere, I'd wanna know about it, you know?
Hey, Knick fan, am I interested in your views on fatherhood? Uh, no.
Ok, look, maybe I should just go.
Maybe you should.
Good luck, and uh, take care, huh?",sadness,5,3,joy,False,0.03569605,0.01415226,0.026407877,0.3611064,0.19578074,0.3486963,0.018160313
116,6,Joey,You know what the Celtics problem is? They let the players run the team.,neutral,"Yeah, so, uh, so, uh, what's the deal with this father guy, I mean, if someone was havin' my baby somewhere, I'd wanna know about it, you know?
Hey, Knick fan, am I interested in your views on fatherhood? Uh, no.
Ok, look, maybe I should just go.
Maybe you should.
Good luck, and uh, take care, huh?
You know what the Celtics problem is? They let the players run the team.","Yeah, so, uh, so, uh, what's the deal with this father guy, I mean, if someone was havin' my baby somewhere, I'd wanna know about it, you know?
Hey, Knick fan, am I interested in your views on fatherhood? Uh, no.
Ok, look, maybe I should just go.
Maybe you should.
Good luck, and uh, take care, huh?
You know what the Celtics problem is? They let the players run the team.",neutral,4,4,neutral,True,0.13338201,0.06252848,0.036591984,0.18775949,0.32445294,0.22060175,0.034683295
116,7,Lydia,"Oh, that is so not true.",neutral,"Hey, Knick fan, am I interested in your views on fatherhood? Uh, no.
Ok, look, maybe I should just go.
Maybe you should.
Good luck, and uh, take care, huh?
You know what the Celtics problem is? They let the players run the team.
Oh, that is so not true.","Hey, Knick fan, am I interested in your views on fatherhood? Uh, no.
Ok, look, maybe I should just go.
Maybe you should.
Good luck, and uh, take care, huh?
You know what the Celtics problem is? They let the players run the team.
Oh, that is so not true.",neutral,4,4,neutral,True,0.028194437,0.047539487,0.063245445,0.2195671,0.39140204,0.19170815,0.058343377
116,8,Joey,"Oh, it is.",neutral,"Ok, look, maybe I should just go.
Maybe you should.
Good luck, and uh, take care, huh?
You know what the Celtics problem is? They let the players run the team.
Oh, that is so not true.
Oh, it is.","Ok, look, maybe I should just go.
Maybe you should.
Good luck, and uh, take care, huh?
You know what the Celtics problem is? They let the players run the team.
Oh, that is so not true.
Oh, it is.",neutral,4,4,neutral,True,0.004233809,0.0036274178,0.00787624,0.05975359,0.9044927,0.0049741096,0.015042185
116,9,Lydia,It isn't.,neutral,"Maybe you should.
Good luck, and uh, take care, huh?
You know what the Celtics problem is? They let the players run the team.
Oh, that is so not true.
Oh, it is.
It isn't.","Maybe you should.
Good luck, and uh, take care, huh?
You know what the Celtics problem is? They let the players run the team.
Oh, that is so not true.
Oh, it is.
It isn't.",neutral,4,4,neutral,True,0.020323446,0.0030110974,0.009810302,0.021514717,0.9296618,0.010238966,0.0054397043
116,10,Joey,It is.,neutral,"Good luck, and uh, take care, huh?
You know what the Celtics problem is? They let the players run the team.
Oh, that is so not true.
Oh, it is.
It isn't.
It is.","Good luck, and uh, take care, huh?
You know what the Celtics problem is? They let the players run the team.
Oh, that is so not true.
Oh, it is.
It isn't.
It is.",neutral,4,4,neutral,True,0.0070548668,0.0015299956,0.0026121598,0.012772197,0.9720914,0.0024386707,0.0015007777
116,11,Lydia,Isn't!,anger,"You know what the Celtics problem is? They let the players run the team.
Oh, that is so not true.
Oh, it is.
It isn't.
It is.
Isn't!","You know what the Celtics problem is? They let the players run the team.
Oh, that is so not true.
Oh, it is.
It isn't.
It is.
Isn't!",anger,0,0,anger,True,0.8016221,0.018246572,0.038459104,0.035693865,0.03891263,0.044105124,0.022960544
117,5,Ross,"Umm, about that-that-that last move where the woman tripped you and then pinned you to the floor, what-what-what-what would you do next?",fear,"Okay ladies, that ends today’s class, and let’s remember, let’s be safe out there.
It’s a great class.
Thanks.
Yeah, yeah, I was watching.
Umm, hey, a couple of questions though.
Umm, about that-that-that last move where the woman tripped you and then pinned you to the floor, what-what-what-what would you do next?","Okay ladies, that ends today’s class, and let’s remember, let’s be safe out there.
It’s a great class.
Thanks.
Yeah, yeah, I was watching.
Umm, hey, a couple of questions though.
Umm, about that-that-that last move where the woman tripped you and then pinned you to the floor, what-what-what-what would you do next?",fear,2,4,neutral,False,0.05094952,0.009209468,0.07343242,0.16034235,0.47404456,0.05260252,0.17941913
117,6,The Instructor,"Well, she would take her keys and try to jam them",neutral,"It’s a great class.
Thanks.
Yeah, yeah, I was watching.
Umm, hey, a couple of questions though.
Umm, about that-that-that last move where the woman tripped you and then pinned you to the floor, what-what-what-what would you do next?
Well, she would take her keys and try to jam them","It’s a great class.
Thanks.
Yeah, yeah, I was watching.
Umm, hey, a couple of questions though.
Umm, about that-that-that last move where the woman tripped you and then pinned you to the floor, what-what-what-what would you do next?
Well, she would take her keys and try to jam them",neutral,4,4,neutral,True,0.020358497,0.007363081,0.0057461094,0.034029577,0.9209479,0.0058967983,0.005657969
117,7,Ross,No. No-no. No. What would,anger,"Thanks.
Yeah, yeah, I was watching.
Umm, hey, a couple of questions though.
Umm, about that-that-that last move where the woman tripped you and then pinned you to the floor, what-what-what-what would you do next?
Well, she would take her keys and try to jam them
No. No-no. No. What would","Thanks.
Yeah, yeah, I was watching.
Umm, hey, a couple of questions though.
Umm, about that-that-that last move where the woman tripped you and then pinned you to the floor, what-what-what-what would you do next?
Well, she would take her keys and try to jam them
No. No-no. No. What would",anger,0,4,neutral,False,0.027522162,0.0032861761,0.017412933,0.035696533,0.8694817,0.010836416,0.035764106
117,8,The Instructor,Who? Me the attacker?,surprise,"Yeah, yeah, I was watching.
Umm, hey, a couple of questions though.
Umm, about that-that-that last move where the woman tripped you and then pinned you to the floor, what-what-what-what would you do next?
Well, she would take her keys and try to jam them
No. No-no. No. What would
Who? Me the attacker?","Yeah, yeah, I was watching.
Umm, hey, a couple of questions though.
Umm, about that-that-that last move where the woman tripped you and then pinned you to the floor, what-what-what-what would you do next?
Well, she would take her keys and try to jam them
No. No-no. No. What would
Who? Me the attacker?",surprise,6,4,neutral,False,0.18617685,0.011312315,0.041763894,0.06324178,0.5852679,0.027293442,0.08494385
118,5,Dana,"Ohh, I’m sorry.",sadness,"I’m sorry Chandler, y’know you are such a sweet guy and I, I don’t want to hurt you.
Oh, I wish there was something I can do to make you feel better.
No-no—Really?!
Of course!
Well, it just hurts so bad. I uh
Ohh, I’m sorry.","I’m sorry Chandler, y’know you are such a sweet guy and I, I don’t want to hurt you.
Oh, I wish there was something I can do to make you feel better.
No-no—Really?!
Of course!
Well, it just hurts so bad. I uh
Ohh, I’m sorry.",sadness,5,5,sadness,True,0.020067336,0.012108432,0.07785871,0.021581085,0.033732623,0.81173646,0.022915365
118,6,Chandler,Well maybe there is one thing you can do.,neutral,"Oh, I wish there was something I can do to make you feel better.
No-no—Really?!
Of course!
Well, it just hurts so bad. I uh
Ohh, I’m sorry.
Well maybe there is one thing you can do.","Oh, I wish there was something I can do to make you feel better.
No-no—Really?!
Of course!
Well, it just hurts so bad. I uh
Ohh, I’m sorry.
Well maybe there is one thing you can do.",neutral,4,4,neutral,True,0.028556373,0.007543218,0.051756863,0.14957091,0.5507831,0.1977799,0.014009591
118,7,Dana,What?! Anything! Anything!,joy,"No-no—Really?!
Of course!
Well, it just hurts so bad. I uh
Ohh, I’m sorry.
Well maybe there is one thing you can do.
What?! Anything! Anything!","No-no—Really?!
Of course!
Well, it just hurts so bad. I uh
Ohh, I’m sorry.
Well maybe there is one thing you can do.
What?! Anything! Anything!",joy,3,4,neutral,False,0.30075026,0.01189069,0.015120265,0.30367902,0.3115172,0.01221239,0.044830207
118,8,Chandler,"Well, I umm, I mean this is just off the top of my head now, umm but I have this friend.",neutral,"Of course!
Well, it just hurts so bad. I uh
Ohh, I’m sorry.
Well maybe there is one thing you can do.
What?! Anything! Anything!
Well, I umm, I mean this is just off the top of my head now, umm but I have this friend.","Of course!
Well, it just hurts so bad. I uh
Ohh, I’m sorry.
Well maybe there is one thing you can do.
What?! Anything! Anything!
Well, I umm, I mean this is just off the top of my head now, umm but I have this friend.",neutral,4,4,neutral,True,0.026831761,0.0037922254,0.004516734,0.03064274,0.92498565,0.0046393955,0.0045914273
118,9,Chandler,"This actor friend and he would kill me if he thought I was doing this umm, but umm would it be possible for him to get an audition for your movie say on Thursday?",fear,"Well, it just hurts so bad. I uh
Ohh, I’m sorry.
Well maybe there is one thing you can do.
What?! Anything! Anything!
Well, I umm, I mean this is just off the top of my head now, umm but I have this friend.
This actor friend and he would kill me if he thought I was doing this umm, but umm would it be possible for him to get an audition for your movie say on Thursday?","Well, it just hurts so bad. I uh
Ohh, I’m sorry.
Well maybe there is one thing you can do.
What?! Anything! Anything!
Well, I umm, I mean this is just off the top of my head now, umm but I have this friend.
This actor friend and he would kill me if he thought I was doing this umm, but umm would it be possible for him to get an audition for your movie say on Thursday?",fear,2,4,neutral,False,0.054025985,0.0060022944,0.01543178,0.028675333,0.86946446,0.012126612,0.014273527
118,10,Dana,Absolutely! But you-you would really feel better about me rejecting you if your actor friend can audition for my movie?,surprise,"Ohh, I’m sorry.
Well maybe there is one thing you can do.
What?! Anything! Anything!
Well, I umm, I mean this is just off the top of my head now, umm but I have this friend.
This actor friend and he would kill me if he thought I was doing this umm, but umm would it be possible for him to get an audition for your movie say on Thursday?
Absolutely! But you-you would really feel better about me rejecting you if your actor friend can audition for my movie?","Ohh, I’m sorry.
Well maybe there is one thing you can do.
What?! Anything! Anything!
Well, I umm, I mean this is just off the top of my head now, umm but I have this friend.
This actor friend and he would kill me if he thought I was doing this umm, but umm would it be possible for him to get an audition for your movie say on Thursday?
Absolutely! But you-you would really feel better about me rejecting you if your actor friend can audition for my movie?",surprise,6,4,neutral,False,0.10431146,0.01393553,0.043671392,0.29355627,0.43405885,0.07429311,0.036173422
118,11,Chandler,"Well, the heart wants what it wants. I’ll see you later.",neutral,"Well maybe there is one thing you can do.
What?! Anything! Anything!
Well, I umm, I mean this is just off the top of my head now, umm but I have this friend.
This actor friend and he would kill me if he thought I was doing this umm, but umm would it be possible for him to get an audition for your movie say on Thursday?
Absolutely! But you-you would really feel better about me rejecting you if your actor friend can audition for my movie?
Well, the heart wants what it wants. I’ll see you later.","Well maybe there is one thing you can do.
What?! Anything! Anything!
Well, I umm, I mean this is just off the top of my head now, umm but I have this friend.
This actor friend and he would kill me if he thought I was doing this umm, but umm would it be possible for him to get an audition for your movie say on Thursday?
Absolutely! But you-you would really feel better about me rejecting you if your actor friend can audition for my movie?
Well, the heart wants what it wants. I’ll see you later.",neutral,4,4,neutral,True,0.010298849,0.0026620014,0.0044988906,0.07739626,0.896066,0.006600809,0.0024771832
119,5,Monica,But Ben is coming over tonight and he can’t see this.,fear,"Okay, I got that. I’ll escape over there. I’ll come back over here. All right, come on
Hey, you guys. Listen, I’m sorry that I was hogging the game before——Oh my God! Your friends have some unfortunate initials!
They’re all Chandler.
Chandler sucks! He couldn’t have gotten this good!
I did.  But it came at a price.
But Ben is coming over tonight and he can’t see this.","Okay, I got that. I’ll escape over there. I’ll come back over here. All right, come on
Hey, you guys. Listen, I’m sorry that I was hogging the game before——Oh my God! Your friends have some unfortunate initials!
They’re all Chandler.
Chandler sucks! He couldn’t have gotten this good!
I did.  But it came at a price.
But Ben is coming over tonight and he can’t see this.",fear,2,0,anger,False,0.35979325,0.020882,0.106648155,0.031958576,0.24997023,0.2122294,0.018518422
119,6,Chandler,"Oh come on, by age seven kids have already seen orgies.  Was it just me?!",surprise,"Hey, you guys. Listen, I’m sorry that I was hogging the game before——Oh my God! Your friends have some unfortunate initials!
They’re all Chandler.
Chandler sucks! He couldn’t have gotten this good!
I did.  But it came at a price.
But Ben is coming over tonight and he can’t see this.
Oh come on, by age seven kids have already seen orgies.  Was it just me?!","Hey, you guys. Listen, I’m sorry that I was hogging the game before——Oh my God! Your friends have some unfortunate initials!
They’re all Chandler.
Chandler sucks! He couldn’t have gotten this good!
I did.  But it came at a price.
But Ben is coming over tonight and he can’t see this.
Oh come on, by age seven kids have already seen orgies.  Was it just me?!",surprise,6,6,surprise,True,0.23144773,0.035019744,0.05498964,0.082304254,0.019417346,0.07574879,0.5010726
120,5,Chandler,"Well, I like that idea.",joy,"Sure!
Okay, I was thinking we should have a beautiful guest room, right?
With a mahogany sleigh bed and bedside tables with flowers on them all the time!
And we could have a roll top desk with comment cards on them so people could say how much they loved staying here!!
Okay, whatever, I really haven’t thought about it that much.
Well, I like that idea.","Sure!
Okay, I was thinking we should have a beautiful guest room, right?
With a mahogany sleigh bed and bedside tables with flowers on them all the time!
And we could have a roll top desk with comment cards on them so people could say how much they loved staying here!!
Okay, whatever, I really haven’t thought about it that much.
Well, I like that idea.",joy,3,3,joy,True,0.016936673,0.010734889,0.008334253,0.84598213,0.08499766,0.02627336,0.0067410525
120,6,Chandler,Obviously!,joy,"Okay, I was thinking we should have a beautiful guest room, right?
With a mahogany sleigh bed and bedside tables with flowers on them all the time!
And we could have a roll top desk with comment cards on them so people could say how much they loved staying here!!
Okay, whatever, I really haven’t thought about it that much.
Well, I like that idea.
Obviously!","Okay, I was thinking we should have a beautiful guest room, right?
With a mahogany sleigh bed and bedside tables with flowers on them all the time!
And we could have a roll top desk with comment cards on them so people could say how much they loved staying here!!
Okay, whatever, I really haven’t thought about it that much.
Well, I like that idea.
Obviously!",joy,3,3,joy,True,0.122153886,0.07097509,0.016443897,0.54326665,0.019486602,0.036245394,0.19142848
120,7,Chandler,"I was thinking maybe-maybe-maybe it could be a game room, y’know?",neutral,"With a mahogany sleigh bed and bedside tables with flowers on them all the time!
And we could have a roll top desk with comment cards on them so people could say how much they loved staying here!!
Okay, whatever, I really haven’t thought about it that much.
Well, I like that idea.
Obviously!
I was thinking maybe-maybe-maybe it could be a game room, y’know?","With a mahogany sleigh bed and bedside tables with flowers on them all the time!
And we could have a roll top desk with comment cards on them so people could say how much they loved staying here!!
Okay, whatever, I really haven’t thought about it that much.
Well, I like that idea.
Obviously!
I was thinking maybe-maybe-maybe it could be a game room, y’know?",neutral,4,4,neutral,True,0.019532058,0.0075005596,0.057887167,0.05689507,0.8149005,0.023118928,0.020165633
120,8,Chandler,"I mean you can buy old arcade games like uh, like",neutral,"And we could have a roll top desk with comment cards on them so people could say how much they loved staying here!!
Okay, whatever, I really haven’t thought about it that much.
Well, I like that idea.
Obviously!
I was thinking maybe-maybe-maybe it could be a game room, y’know?
I mean you can buy old arcade games like uh, like","And we could have a roll top desk with comment cards on them so people could say how much they loved staying here!!
Okay, whatever, I really haven’t thought about it that much.
Well, I like that idea.
Obviously!
I was thinking maybe-maybe-maybe it could be a game room, y’know?
I mean you can buy old arcade games like uh, like",neutral,4,4,neutral,True,0.005965835,0.0052689924,0.003612457,0.046140637,0.93181336,0.004946039,0.0022526735
120,9,Monica,No.,disgust,"Okay, whatever, I really haven’t thought about it that much.
Well, I like that idea.
Obviously!
I was thinking maybe-maybe-maybe it could be a game room, y’know?
I mean you can buy old arcade games like uh, like
No.","Okay, whatever, I really haven’t thought about it that much.
Well, I like that idea.
Obviously!
I was thinking maybe-maybe-maybe it could be a game room, y’know?
I mean you can buy old arcade games like uh, like
No.",disgust,1,4,neutral,False,0.007396952,0.0031865647,0.003120927,0.010148887,0.970424,0.0036414887,0.0020811954
120,10,Chandler,"Okay so you mean no as in, ""Gee Chandler, what an interesting idea. Let’s discuss it before we reject it completely.""",joy,"Well, I like that idea.
Obviously!
I was thinking maybe-maybe-maybe it could be a game room, y’know?
I mean you can buy old arcade games like uh, like
No.
Okay so you mean no as in, ""Gee Chandler, what an interesting idea. Let’s discuss it before we reject it completely.""","Well, I like that idea.
Obviously!
I was thinking maybe-maybe-maybe it could be a game room, y’know?
I mean you can buy old arcade games like uh, like
No.
Okay so you mean no as in, ""Gee Chandler, what an interesting idea. Let’s discuss it before we reject it completely.""",joy,3,4,neutral,False,0.058327228,0.025117619,0.014128297,0.3945426,0.47539794,0.015257428,0.01722881
120,11,Monica,"Oh, I’m sorry. Of course I mean that. Interesting idea, umm, talk about it, but no.",disgust,"Obviously!
I was thinking maybe-maybe-maybe it could be a game room, y’know?
I mean you can buy old arcade games like uh, like
No.
Okay so you mean no as in, ""Gee Chandler, what an interesting idea. Let’s discuss it before we reject it completely.""
Oh, I’m sorry. Of course I mean that. Interesting idea, umm, talk about it, but no.","Obviously!
I was thinking maybe-maybe-maybe it could be a game room, y’know?
I mean you can buy old arcade games like uh, like
No.
Okay so you mean no as in, ""Gee Chandler, what an interesting idea. Let’s discuss it before we reject it completely.""
Oh, I’m sorry. Of course I mean that. Interesting idea, umm, talk about it, but no.",disgust,1,4,neutral,False,0.008096207,0.0026028615,0.0031526948,0.009543599,0.9720291,0.0026222942,0.0019533064
120,12,Chandler,"So, that’s it?",surprise,"I was thinking maybe-maybe-maybe it could be a game room, y’know?
I mean you can buy old arcade games like uh, like
No.
Okay so you mean no as in, ""Gee Chandler, what an interesting idea. Let’s discuss it before we reject it completely.""
Oh, I’m sorry. Of course I mean that. Interesting idea, umm, talk about it, but no.
So, that’s it?","I was thinking maybe-maybe-maybe it could be a game room, y’know?
I mean you can buy old arcade games like uh, like
No.
Okay so you mean no as in, ""Gee Chandler, what an interesting idea. Let’s discuss it before we reject it completely.""
Oh, I’m sorry. Of course I mean that. Interesting idea, umm, talk about it, but no.
So, that’s it?",surprise,6,4,neutral,False,0.023478542,0.0056927884,0.027152091,0.05936739,0.7936189,0.051552687,0.03913759
120,13,Monica,I just don’t think arcade games go in the beautiful guest room. The beautiful guest room is gonna be filled with antiques.,neutral,"I mean you can buy old arcade games like uh, like
No.
Okay so you mean no as in, ""Gee Chandler, what an interesting idea. Let’s discuss it before we reject it completely.""
Oh, I’m sorry. Of course I mean that. Interesting idea, umm, talk about it, but no.
So, that’s it?
I just don’t think arcade games go in the beautiful guest room. The beautiful guest room is gonna be filled with antiques.","I mean you can buy old arcade games like uh, like
No.
Okay so you mean no as in, ""Gee Chandler, what an interesting idea. Let’s discuss it before we reject it completely.""
Oh, I’m sorry. Of course I mean that. Interesting idea, umm, talk about it, but no.
So, that’s it?
I just don’t think arcade games go in the beautiful guest room. The beautiful guest room is gonna be filled with antiques.",neutral,4,4,neutral,True,0.040335655,0.033479694,0.010160881,0.33384067,0.50720245,0.029339043,0.04564167
120,14,Chandler,Which is why,neutral,"No.
Okay so you mean no as in, ""Gee Chandler, what an interesting idea. Let’s discuss it before we reject it completely.""
Oh, I’m sorry. Of course I mean that. Interesting idea, umm, talk about it, but no.
So, that’s it?
I just don’t think arcade games go in the beautiful guest room. The beautiful guest room is gonna be filled with antiques.
Which is why","No.
Okay so you mean no as in, ""Gee Chandler, what an interesting idea. Let’s discuss it before we reject it completely.""
Oh, I’m sorry. Of course I mean that. Interesting idea, umm, talk about it, but no.
So, that’s it?
I just don’t think arcade games go in the beautiful guest room. The beautiful guest room is gonna be filled with antiques.
Which is why",neutral,4,4,neutral,True,0.030186974,0.018306505,0.03544133,0.08995766,0.5526646,0.15036507,0.12307789
120,15,Monica,What do you have against the beautiful guest room?,anger,"Okay so you mean no as in, ""Gee Chandler, what an interesting idea. Let’s discuss it before we reject it completely.""
Oh, I’m sorry. Of course I mean that. Interesting idea, umm, talk about it, but no.
So, that’s it?
I just don’t think arcade games go in the beautiful guest room. The beautiful guest room is gonna be filled with antiques.
Which is why
What do you have against the beautiful guest room?","Okay so you mean no as in, ""Gee Chandler, what an interesting idea. Let’s discuss it before we reject it completely.""
Oh, I’m sorry. Of course I mean that. Interesting idea, umm, talk about it, but no.
So, that’s it?
I just don’t think arcade games go in the beautiful guest room. The beautiful guest room is gonna be filled with antiques.
Which is why
What do you have against the beautiful guest room?",anger,0,0,anger,True,0.42164436,0.024052747,0.042402774,0.029561339,0.09520781,0.08951601,0.29761493
120,16,Chandler,"I don’t have anything against the beautiful guest room, especially since everybody we know lives about 30 seconds away!",anger,"Oh, I’m sorry. Of course I mean that. Interesting idea, umm, talk about it, but no.
So, that’s it?
I just don’t think arcade games go in the beautiful guest room. The beautiful guest room is gonna be filled with antiques.
Which is why
What do you have against the beautiful guest room?
I don’t have anything against the beautiful guest room, especially since everybody we know lives about 30 seconds away!","Oh, I’m sorry. Of course I mean that. Interesting idea, umm, talk about it, but no.
So, that’s it?
I just don’t think arcade games go in the beautiful guest room. The beautiful guest room is gonna be filled with antiques.
Which is why
What do you have against the beautiful guest room?
I don’t have anything against the beautiful guest room, especially since everybody we know lives about 30 seconds away!",anger,0,0,anger,True,0.81289905,0.025282988,0.023546342,0.032301273,0.038500663,0.027898218,0.039571453
120,17,Monica,Are you mocking me?,anger,"So, that’s it?
I just don’t think arcade games go in the beautiful guest room. The beautiful guest room is gonna be filled with antiques.
Which is why
What do you have against the beautiful guest room?
I don’t have anything against the beautiful guest room, especially since everybody we know lives about 30 seconds away!
Are you mocking me?","So, that’s it?
I just don’t think arcade games go in the beautiful guest room. The beautiful guest room is gonna be filled with antiques.
Which is why
What do you have against the beautiful guest room?
I don’t have anything against the beautiful guest room, especially since everybody we know lives about 30 seconds away!
Are you mocking me?",anger,0,0,anger,True,0.3747306,0.16092922,0.028865479,0.029060684,0.016194247,0.043033037,0.34718674
120,18,Chandler,"No, I’m not mocking you,  or you beautiful guest room.",neutral,"I just don’t think arcade games go in the beautiful guest room. The beautiful guest room is gonna be filled with antiques.
Which is why
What do you have against the beautiful guest room?
I don’t have anything against the beautiful guest room, especially since everybody we know lives about 30 seconds away!
Are you mocking me?
No, I’m not mocking you,  or you beautiful guest room.","I just don’t think arcade games go in the beautiful guest room. The beautiful guest room is gonna be filled with antiques.
Which is why
What do you have against the beautiful guest room?
I don’t have anything against the beautiful guest room, especially since everybody we know lives about 30 seconds away!
Are you mocking me?
No, I’m not mocking you,  or you beautiful guest room.",neutral,4,0,anger,False,0.44659108,0.07032556,0.023832321,0.20519353,0.19912112,0.038024273,0.016912183
121,5,Joey,I love you too.,joy,"Y'know, I love doing crossword puzzles with you honey!
Aww, me too. Now let's finish this and go to bed.
Okay! There's only one left, three letter word, not dog but
Cat.
Yes! You are so smart!  I love you.
I love you too.","Y'know, I love doing crossword puzzles with you honey!
Aww, me too. Now let's finish this and go to bed.
Okay! There's only one left, three letter word, not dog but
Cat.
Yes! You are so smart!  I love you.
I love you too.",joy,3,3,joy,True,0.009352349,0.002300164,0.0032619268,0.9257806,0.030544495,0.020315934,0.008444579
123,5,Phoebe,Because I’m dumping him today.,neutral,"Hey. Okay, I gave him another chance, but Tim has
But
No! No-no! He is totally incompetent. I called the chef who recommended him to me. He said, ""Ha-ha! Gotcha!""
Okay. Okay, but you can’t fire him today.
Why not?!
Because I’m dumping him today.","Hey. Okay, I gave him another chance, but Tim has
But
No! No-no! He is totally incompetent. I called the chef who recommended him to me. He said, ""Ha-ha! Gotcha!""
Okay. Okay, but you can’t fire him today.
Why not?!
Because I’m dumping him today.",neutral,4,5,sadness,False,0.17014915,0.21295923,0.0841975,0.053579137,0.07057919,0.37259087,0.03594489
123,6,Monica,What?! You said he was sweet!,surprise,"But
No! No-no! He is totally incompetent. I called the chef who recommended him to me. He said, ""Ha-ha! Gotcha!""
Okay. Okay, but you can’t fire him today.
Why not?!
Because I’m dumping him today.
What?! You said he was sweet!","But
No! No-no! He is totally incompetent. I called the chef who recommended him to me. He said, ""Ha-ha! Gotcha!""
Okay. Okay, but you can’t fire him today.
Why not?!
Because I’m dumping him today.
What?! You said he was sweet!",surprise,6,3,joy,False,0.01153545,0.006476502,0.0029677588,0.8822435,0.022822995,0.0077209696,0.06623284
123,7,Phoebe,He,neutral,"No! No-no! He is totally incompetent. I called the chef who recommended him to me. He said, ""Ha-ha! Gotcha!""
Okay. Okay, but you can’t fire him today.
Why not?!
Because I’m dumping him today.
What?! You said he was sweet!
He","No! No-no! He is totally incompetent. I called the chef who recommended him to me. He said, ""Ha-ha! Gotcha!""
Okay. Okay, but you can’t fire him today.
Why not?!
Because I’m dumping him today.
What?! You said he was sweet!
He",neutral,4,3,joy,False,0.008171634,0.0042708777,0.0022427847,0.92370605,0.029416066,0.006520577,0.025671983
123,8,Monica,Just don’t pick up your phone.,neutral,"Okay. Okay, but you can’t fire him today.
Why not?!
Because I’m dumping him today.
What?! You said he was sweet!
He
Just don’t pick up your phone.","Okay. Okay, but you can’t fire him today.
Why not?!
Because I’m dumping him today.
What?! You said he was sweet!
He
Just don’t pick up your phone.",neutral,4,4,neutral,True,0.054354433,0.019715613,0.024587581,0.042538274,0.8060595,0.033020396,0.019724257
123,9,Phoebe,"Then he comes over!  ""I’m so worried about you."" Uck! Be a man!",disgust,"Why not?!
Because I’m dumping him today.
What?! You said he was sweet!
He
Just don’t pick up your phone.
Then he comes over!  ""I’m so worried about you."" Uck! Be a man!","Why not?!
Because I’m dumping him today.
What?! You said he was sweet!
He
Just don’t pick up your phone.
Then he comes over!  ""I’m so worried about you."" Uck! Be a man!",disgust,1,0,anger,False,0.7974681,0.029739559,0.025688859,0.057074636,0.012871765,0.024712875,0.05244418
123,10,Monica,What? So now I’m not allowed to fire him?,surprise,"Because I’m dumping him today.
What?! You said he was sweet!
He
Just don’t pick up your phone.
Then he comes over!  ""I’m so worried about you."" Uck! Be a man!
What? So now I’m not allowed to fire him?","Because I’m dumping him today.
What?! You said he was sweet!
He
Just don’t pick up your phone.
Then he comes over!  ""I’m so worried about you."" Uck! Be a man!
What? So now I’m not allowed to fire him?",surprise,6,0,anger,False,0.74599683,0.02495416,0.062107462,0.019572005,0.048820976,0.077763095,0.020785429
123,11,Phoebe,"You can’t fire him and dump him the same day, he’ll kill himself.",sadness,"What?! You said he was sweet!
He
Just don’t pick up your phone.
Then he comes over!  ""I’m so worried about you."" Uck! Be a man!
What? So now I’m not allowed to fire him?
You can’t fire him and dump him the same day, he’ll kill himself.","What?! You said he was sweet!
He
Just don’t pick up your phone.
Then he comes over!  ""I’m so worried about you."" Uck! Be a man!
What? So now I’m not allowed to fire him?
You can’t fire him and dump him the same day, he’ll kill himself.",sadness,5,0,anger,False,0.7084502,0.024921829,0.039758205,0.028089914,0.14975026,0.04101066,0.008018985
123,12,Monica,"Okay well then, I’ll fire him today and you go out with him for another week.",neutral,"He
Just don’t pick up your phone.
Then he comes over!  ""I’m so worried about you."" Uck! Be a man!
What? So now I’m not allowed to fire him?
You can’t fire him and dump him the same day, he’ll kill himself.
Okay well then, I’ll fire him today and you go out with him for another week.","He
Just don’t pick up your phone.
Then he comes over!  ""I’m so worried about you."" Uck! Be a man!
What? So now I’m not allowed to fire him?
You can’t fire him and dump him the same day, he’ll kill himself.
Okay well then, I’ll fire him today and you go out with him for another week.",neutral,4,4,neutral,True,0.1690287,0.034167465,0.017246937,0.027364586,0.73180324,0.012359566,0.008029487
123,13,Phoebe,"Are you kidding?! Another week with that sip, I’ll kill",disgust,"Just don’t pick up your phone.
Then he comes over!  ""I’m so worried about you."" Uck! Be a man!
What? So now I’m not allowed to fire him?
You can’t fire him and dump him the same day, he’ll kill himself.
Okay well then, I’ll fire him today and you go out with him for another week.
Are you kidding?! Another week with that sip, I’ll kill","Just don’t pick up your phone.
Then he comes over!  ""I’m so worried about you."" Uck! Be a man!
What? So now I’m not allowed to fire him?
You can’t fire him and dump him the same day, he’ll kill himself.
Okay well then, I’ll fire him today and you go out with him for another week.
Are you kidding?! Another week with that sip, I’ll kill",disgust,1,0,anger,False,0.67181957,0.043898575,0.04257837,0.037409503,0.13306664,0.043435313,0.027792003
123,14,Monica,"Okay well, then we’ll both do it today and he’ll just have to deal with it!",neutral,"Then he comes over!  ""I’m so worried about you."" Uck! Be a man!
What? So now I’m not allowed to fire him?
You can’t fire him and dump him the same day, he’ll kill himself.
Okay well then, I’ll fire him today and you go out with him for another week.
Are you kidding?! Another week with that sip, I’ll kill
Okay well, then we’ll both do it today and he’ll just have to deal with it!","Then he comes over!  ""I’m so worried about you."" Uck! Be a man!
What? So now I’m not allowed to fire him?
You can’t fire him and dump him the same day, he’ll kill himself.
Okay well then, I’ll fire him today and you go out with him for another week.
Are you kidding?! Another week with that sip, I’ll kill
Okay well, then we’ll both do it today and he’ll just have to deal with it!",neutral,4,0,anger,False,0.81237495,0.01055123,0.031937648,0.035184093,0.069249935,0.02968571,0.011016397
123,15,Phoebe,Okay. But the question is who’s gonna go first. ‘Cause whoever goes second is the bitch.,sadness,"What? So now I’m not allowed to fire him?
You can’t fire him and dump him the same day, he’ll kill himself.
Okay well then, I’ll fire him today and you go out with him for another week.
Are you kidding?! Another week with that sip, I’ll kill
Okay well, then we’ll both do it today and he’ll just have to deal with it!
Okay. But the question is who’s gonna go first. ‘Cause whoever goes second is the bitch.","What? So now I’m not allowed to fire him?
You can’t fire him and dump him the same day, he’ll kill himself.
Okay well then, I’ll fire him today and you go out with him for another week.
Are you kidding?! Another week with that sip, I’ll kill
Okay well, then we’ll both do it today and he’ll just have to deal with it!
Okay. But the question is who’s gonna go first. ‘Cause whoever goes second is the bitch.",sadness,5,0,anger,False,0.5503416,0.18389672,0.027970016,0.03220111,0.14030056,0.051522292,0.013767688
124,5,Chandler,"Okay, good-bye. Good-bye.",sadness,"This is the final boarding call for Flight 664 to Yemen.
Well, I-I guess I gotta go.
Oh, my Bing-a-ling. I’ll wait for you. Do you even know how long you’re going to be gone?
Well, just until we find an energy source to replace fuel.
Oh. Well, I’ll right you everyday.  15 Yemen Road, Yemen.
Okay, good-bye. Good-bye.","This is the final boarding call for Flight 664 to Yemen.
Well, I-I guess I gotta go.
Oh, my Bing-a-ling. I’ll wait for you. Do you even know how long you’re going to be gone?
Well, just until we find an energy source to replace fuel.
Oh. Well, I’ll right you everyday.  15 Yemen Road, Yemen.
Okay, good-bye. Good-bye.",sadness,5,3,joy,False,0.026304504,0.0049704956,0.009843397,0.552979,0.33811674,0.060142938,0.0076429085
124,6,Janice,Chandler?,neutral,"Well, I-I guess I gotta go.
Oh, my Bing-a-ling. I’ll wait for you. Do you even know how long you’re going to be gone?
Well, just until we find an energy source to replace fuel.
Oh. Well, I’ll right you everyday.  15 Yemen Road, Yemen.
Okay, good-bye. Good-bye.
Chandler?","Well, I-I guess I gotta go.
Oh, my Bing-a-ling. I’ll wait for you. Do you even know how long you’re going to be gone?
Well, just until we find an energy source to replace fuel.
Oh. Well, I’ll right you everyday.  15 Yemen Road, Yemen.
Okay, good-bye. Good-bye.
Chandler?",neutral,4,4,neutral,True,0.018698147,0.0043819067,0.011535633,0.08628826,0.51864606,0.012779442,0.34767056
124,7,Chandler,No!,anger,"Oh, my Bing-a-ling. I’ll wait for you. Do you even know how long you’re going to be gone?
Well, just until we find an energy source to replace fuel.
Oh. Well, I’ll right you everyday.  15 Yemen Road, Yemen.
Okay, good-bye. Good-bye.
Chandler?
No!","Oh, my Bing-a-ling. I’ll wait for you. Do you even know how long you’re going to be gone?
Well, just until we find an energy source to replace fuel.
Oh. Well, I’ll right you everyday.  15 Yemen Road, Yemen.
Okay, good-bye. Good-bye.
Chandler?
No!",anger,0,6,surprise,False,0.20485741,0.086616546,0.08967302,0.11746436,0.12746626,0.037739456,0.33618295
124,8,Janice,Chandler!,surprise,"Well, just until we find an energy source to replace fuel.
Oh. Well, I’ll right you everyday.  15 Yemen Road, Yemen.
Okay, good-bye. Good-bye.
Chandler?
No!
Chandler!","Well, just until we find an energy source to replace fuel.
Oh. Well, I’ll right you everyday.  15 Yemen Road, Yemen.
Okay, good-bye. Good-bye.
Chandler?
No!
Chandler!",surprise,6,6,surprise,True,0.21837398,0.06239735,0.04654346,0.06904604,0.02666582,0.028379668,0.5485937
124,9,Chandler,Janice!,surprise,"Oh. Well, I’ll right you everyday.  15 Yemen Road, Yemen.
Okay, good-bye. Good-bye.
Chandler?
No!
Chandler!
Janice!","Oh. Well, I’ll right you everyday.  15 Yemen Road, Yemen.
Okay, good-bye. Good-bye.
Chandler?
No!
Chandler!
Janice!",surprise,6,6,surprise,True,0.1560841,0.017429655,0.01792635,0.07499276,0.011978216,0.020581314,0.70100754
124,10,Chandler,There you are!,surprise,"Okay, good-bye. Good-bye.
Chandler?
No!
Chandler!
Janice!
There you are!","Okay, good-bye. Good-bye.
Chandler?
No!
Chandler!
Janice!
There you are!",surprise,6,3,joy,False,0.0122844195,0.0026449256,0.0020675543,0.9116869,0.013395614,0.0046569784,0.053263694
124,11,Chandler,There you are!,surprise,"Chandler?
No!
Chandler!
Janice!
There you are!
There you are!","Chandler?
No!
Chandler!
Janice!
There you are!
There you are!",surprise,6,3,joy,False,0.015113043,0.0027623519,0.0023552806,0.92750764,0.013299807,0.0046909484,0.03427098
124,12,Chandler,"I had to have one last kiss, and also-also you said that you were going to leave right after I got on the plane!",sadness,"No!
Chandler!
Janice!
There you are!
There you are!
I had to have one last kiss, and also-also you said that you were going to leave right after I got on the plane!","No!
Chandler!
Janice!
There you are!
There you are!
I had to have one last kiss, and also-also you said that you were going to leave right after I got on the plane!",sadness,5,3,joy,False,0.1358514,0.0056839325,0.0067528784,0.69613767,0.022065485,0.022181913,0.1113267
124,13,Janice,No! No! I wanna see you take-off.,neutral,"Chandler!
Janice!
There you are!
There you are!
I had to have one last kiss, and also-also you said that you were going to leave right after I got on the plane!
No! No! I wanna see you take-off.","Chandler!
Janice!
There you are!
There you are!
I had to have one last kiss, and also-also you said that you were going to leave right after I got on the plane!
No! No! I wanna see you take-off.",neutral,4,4,neutral,True,0.01988909,0.004746359,0.015282543,0.1299774,0.8126055,0.011455279,0.0060437834
124,14,Chandler,"Well, I then guess I’m going to Yemen! I’m going to Yemen!  When we get to Yemen, can I stay with you?",joy,"Janice!
There you are!
There you are!
I had to have one last kiss, and also-also you said that you were going to leave right after I got on the plane!
No! No! I wanna see you take-off.
Well, I then guess I’m going to Yemen! I’m going to Yemen!  When we get to Yemen, can I stay with you?","Janice!
There you are!
There you are!
I had to have one last kiss, and also-also you said that you were going to leave right after I got on the plane!
No! No! I wanna see you take-off.
Well, I then guess I’m going to Yemen! I’m going to Yemen!  When we get to Yemen, can I stay with you?",joy,3,4,neutral,False,0.049878478,0.009462671,0.049809273,0.27453607,0.3515794,0.24793108,0.016802998
125,5,Rachel,"Oh, my-my new assistant was very happy that I hired my new assistant.",neutral,"Hi!
Hey.
Hey—Ooh, how’s Hilda? Is she working out?
Ohh, my new assistant is working out, yes.
Was she happy you gave her the job?
Oh, my-my new assistant was very happy that I hired my new assistant.","Hi!
Hey.
Hey—Ooh, how’s Hilda? Is she working out?
Ohh, my new assistant is working out, yes.
Was she happy you gave her the job?
Oh, my-my new assistant was very happy that I hired my new assistant.",neutral,4,3,joy,False,0.009627738,0.003931904,0.002405692,0.9075217,0.019353317,0.012480244,0.044679407
125,6,Joey,Hello?,neutral,"Hey.
Hey—Ooh, how’s Hilda? Is she working out?
Ohh, my new assistant is working out, yes.
Was she happy you gave her the job?
Oh, my-my new assistant was very happy that I hired my new assistant.
Hello?","Hey.
Hey—Ooh, how’s Hilda? Is she working out?
Ohh, my new assistant is working out, yes.
Was she happy you gave her the job?
Oh, my-my new assistant was very happy that I hired my new assistant.
Hello?",neutral,4,4,neutral,True,0.014269831,0.0030774325,0.007370203,0.1479789,0.6787241,0.008673541,0.13990596
125,7,Joey,Oh hey!,surprise,"Hey—Ooh, how’s Hilda? Is she working out?
Ohh, my new assistant is working out, yes.
Was she happy you gave her the job?
Oh, my-my new assistant was very happy that I hired my new assistant.
Hello?
Oh hey!","Hey—Ooh, how’s Hilda? Is she working out?
Ohh, my new assistant is working out, yes.
Was she happy you gave her the job?
Oh, my-my new assistant was very happy that I hired my new assistant.
Hello?
Oh hey!",surprise,6,3,joy,False,0.017456684,0.004292847,0.0030595027,0.70036155,0.017565135,0.005649155,0.25161508
125,8,Joey,"Can you, can you hang on a second?",neutral,"Ohh, my new assistant is working out, yes.
Was she happy you gave her the job?
Oh, my-my new assistant was very happy that I hired my new assistant.
Hello?
Oh hey!
Can you, can you hang on a second?","Ohh, my new assistant is working out, yes.
Was she happy you gave her the job?
Oh, my-my new assistant was very happy that I hired my new assistant.
Hello?
Oh hey!
Can you, can you hang on a second?",neutral,4,4,neutral,True,0.04653984,0.0072581302,0.016714543,0.13660412,0.7618637,0.01640464,0.014615044
125,9,Joey,It’s the producers over at Mac and C.H.E.E.S.E.,neutral,"Was she happy you gave her the job?
Oh, my-my new assistant was very happy that I hired my new assistant.
Hello?
Oh hey!
Can you, can you hang on a second?
It’s the producers over at Mac and C.H.E.E.S.E.","Was she happy you gave her the job?
Oh, my-my new assistant was very happy that I hired my new assistant.
Hello?
Oh hey!
Can you, can you hang on a second?
It’s the producers over at Mac and C.H.E.E.S.E.",neutral,4,4,neutral,True,0.0055638296,0.0018851283,0.002505585,0.029576031,0.9545239,0.0026998841,0.0032457556
125,10,Joey,can you excuse me for a minute?,neutral,"Oh, my-my new assistant was very happy that I hired my new assistant.
Hello?
Oh hey!
Can you, can you hang on a second?
It’s the producers over at Mac and C.H.E.E.S.E.
can you excuse me for a minute?","Oh, my-my new assistant was very happy that I hired my new assistant.
Hello?
Oh hey!
Can you, can you hang on a second?
It’s the producers over at Mac and C.H.E.E.S.E.
can you excuse me for a minute?",neutral,4,4,neutral,True,0.14021747,0.020035235,0.055122457,0.033725776,0.4691401,0.04307839,0.23868053
125,11,Joey,"Hey, funny you should call.",joy,"Hello?
Oh hey!
Can you, can you hang on a second?
It’s the producers over at Mac and C.H.E.E.S.E.
can you excuse me for a minute?
Hey, funny you should call.","Hello?
Oh hey!
Can you, can you hang on a second?
It’s the producers over at Mac and C.H.E.E.S.E.
can you excuse me for a minute?
Hey, funny you should call.",joy,3,4,neutral,False,0.007085485,0.005939575,0.004264002,0.18226062,0.78124374,0.004855826,0.014350769
125,12,Joey,I was just looking over next week’s script.,neutral,"Oh hey!
Can you, can you hang on a second?
It’s the producers over at Mac and C.H.E.E.S.E.
can you excuse me for a minute?
Hey, funny you should call.
I was just looking over next week’s script.","Oh hey!
Can you, can you hang on a second?
It’s the producers over at Mac and C.H.E.E.S.E.
can you excuse me for a minute?
Hey, funny you should call.
I was just looking over next week’s script.",neutral,4,4,neutral,True,0.00971819,0.002399291,0.0031638914,0.015092139,0.95918304,0.0033111747,0.0071322783
125,13,Joey,Canceled?!,surprise,"Can you, can you hang on a second?
It’s the producers over at Mac and C.H.E.E.S.E.
can you excuse me for a minute?
Hey, funny you should call.
I was just looking over next week’s script.
Canceled?!","Can you, can you hang on a second?
It’s the producers over at Mac and C.H.E.E.S.E.
can you excuse me for a minute?
Hey, funny you should call.
I was just looking over next week’s script.
Canceled?!",surprise,6,6,surprise,True,0.091629505,0.01431507,0.012676723,0.12946354,0.022664549,0.018870017,0.7103807
125,14,Joey,Like they’re taking it off the air?,surprise,"It’s the producers over at Mac and C.H.E.E.S.E.
can you excuse me for a minute?
Hey, funny you should call.
I was just looking over next week’s script.
Canceled?!
Like they’re taking it off the air?","It’s the producers over at Mac and C.H.E.E.S.E.
can you excuse me for a minute?
Hey, funny you should call.
I was just looking over next week’s script.
Canceled?!
Like they’re taking it off the air?",surprise,6,3,joy,False,0.024141056,0.011028252,0.0072795693,0.8014877,0.09914939,0.01604424,0.040869813
125,15,Joey,Ohh.,neutral,"can you excuse me for a minute?
Hey, funny you should call.
I was just looking over next week’s script.
Canceled?!
Like they’re taking it off the air?
Ohh.","can you excuse me for a minute?
Hey, funny you should call.
I was just looking over next week’s script.
Canceled?!
Like they’re taking it off the air?
Ohh.",neutral,4,6,surprise,False,0.024820372,0.13431913,0.13039777,0.08740073,0.08609629,0.09725611,0.43970957
125,16,Joey,"All right, see you Monday.",neutral,"Hey, funny you should call.
I was just looking over next week’s script.
Canceled?!
Like they’re taking it off the air?
Ohh.
All right, see you Monday.","Hey, funny you should call.
I was just looking over next week’s script.
Canceled?!
Like they’re taking it off the air?
Ohh.
All right, see you Monday.",neutral,4,4,neutral,True,0.014684535,0.0032709755,0.005057955,0.044283945,0.92032087,0.00828098,0.0041006883
125,17,Joey,We’re not even shootin’ them anymore?!!,surprise,"I was just looking over next week’s script.
Canceled?!
Like they’re taking it off the air?
Ohh.
All right, see you Monday.
We’re not even shootin’ them anymore?!!","I was just looking over next week’s script.
Canceled?!
Like they’re taking it off the air?
Ohh.
All right, see you Monday.
We’re not even shootin’ them anymore?!!",surprise,6,6,surprise,True,0.3264781,0.027116466,0.02544402,0.038149856,0.010068864,0.022689387,0.5500533
125,18,Joey,"All right, bye!",anger,"Canceled?!
Like they’re taking it off the air?
Ohh.
All right, see you Monday.
We’re not even shootin’ them anymore?!!
All right, bye!","Canceled?!
Like they’re taking it off the air?
Ohh.
All right, see you Monday.
We’re not even shootin’ them anymore?!!
All right, bye!",anger,0,3,joy,False,0.07625965,0.0050252983,0.0098187355,0.70103514,0.18211305,0.018667463,0.007080727
125,19,Joey,They canceled Mac and C.H.E.E.S.E!,anger,"Like they’re taking it off the air?
Ohh.
All right, see you Monday.
We’re not even shootin’ them anymore?!!
All right, bye!
They canceled Mac and C.H.E.E.S.E!","Like they’re taking it off the air?
Ohh.
All right, see you Monday.
We’re not even shootin’ them anymore?!!
All right, bye!
They canceled Mac and C.H.E.E.S.E!",anger,0,0,anger,True,0.54040194,0.027804997,0.07492397,0.088427864,0.09884642,0.07905454,0.09054024
125,20,Phoebe,Sorry.,sadness,"Ohh.
All right, see you Monday.
We’re not even shootin’ them anymore?!!
All right, bye!
They canceled Mac and C.H.E.E.S.E!
Sorry.","Ohh.
All right, see you Monday.
We’re not even shootin’ them anymore?!!
All right, bye!
They canceled Mac and C.H.E.E.S.E!
Sorry.",sadness,5,5,sadness,True,0.062815465,0.019423692,0.053218096,0.065411665,0.16918802,0.6122913,0.017651843
125,21,Rachel,I’m sorry Joey.,sadness,"All right, see you Monday.
We’re not even shootin’ them anymore?!!
All right, bye!
They canceled Mac and C.H.E.E.S.E!
Sorry.
I’m sorry Joey.","All right, see you Monday.
We’re not even shootin’ them anymore?!!
All right, bye!
They canceled Mac and C.H.E.E.S.E!
Sorry.
I’m sorry Joey.",sadness,5,5,sadness,True,0.023703502,0.010036762,0.0501234,0.021826835,0.024794407,0.85561514,0.01390006
125,22,Joey,Why would they do that?! It was a good show right?!,surprise,"We’re not even shootin’ them anymore?!!
All right, bye!
They canceled Mac and C.H.E.E.S.E!
Sorry.
I’m sorry Joey.
Why would they do that?! It was a good show right?!","We’re not even shootin’ them anymore?!!
All right, bye!
They canceled Mac and C.H.E.E.S.E!
Sorry.
I’m sorry Joey.
Why would they do that?! It was a good show right?!",surprise,6,3,joy,False,0.032371715,0.0029170315,0.003732139,0.88354987,0.026088936,0.007986472,0.043353826
126,5,Paul,"Honey, we don’t have any bears here.",neutral,"It’s so secluded up here.
I know. I like it up here.
I feel like we’re the only two people in the world.  Oops. Sorry.
What’s the matter honey? Did you see a little mouse?
No-no! Big bear! Big bear outside! I think I-I—would you—actually, would you go check on that?
Honey, we don’t have any bears here.","It’s so secluded up here.
I know. I like it up here.
I feel like we’re the only two people in the world.  Oops. Sorry.
What’s the matter honey? Did you see a little mouse?
No-no! Big bear! Big bear outside! I think I-I—would you—actually, would you go check on that?
Honey, we don’t have any bears here.",neutral,4,4,neutral,True,0.27354005,0.072212346,0.10570514,0.041937415,0.42553392,0.062620826,0.018450346
126,6,Rachel,"Well, okay. Would-would you get me a",neutral,"I know. I like it up here.
I feel like we’re the only two people in the world.  Oops. Sorry.
What’s the matter honey? Did you see a little mouse?
No-no! Big bear! Big bear outside! I think I-I—would you—actually, would you go check on that?
Honey, we don’t have any bears here.
Well, okay. Would-would you get me a","I know. I like it up here.
I feel like we’re the only two people in the world.  Oops. Sorry.
What’s the matter honey? Did you see a little mouse?
No-no! Big bear! Big bear outside! I think I-I—would you—actually, would you go check on that?
Honey, we don’t have any bears here.
Well, okay. Would-would you get me a",neutral,4,4,neutral,True,0.033296123,0.007851938,0.047758352,0.07592586,0.78343046,0.03759417,0.014143088
126,7,Paul,Okay. I’ll be right back.,neutral,"I feel like we’re the only two people in the world.  Oops. Sorry.
What’s the matter honey? Did you see a little mouse?
No-no! Big bear! Big bear outside! I think I-I—would you—actually, would you go check on that?
Honey, we don’t have any bears here.
Well, okay. Would-would you get me a
Okay. I’ll be right back.","I feel like we’re the only two people in the world.  Oops. Sorry.
What’s the matter honey? Did you see a little mouse?
No-no! Big bear! Big bear outside! I think I-I—would you—actually, would you go check on that?
Honey, we don’t have any bears here.
Well, okay. Would-would you get me a
Okay. I’ll be right back.",neutral,4,4,neutral,True,0.044625696,0.0038466307,0.01892017,0.1979329,0.6972626,0.029943679,0.00746831
126,8,Rachel,Okay.  What?! What are you doing here?!,surprise,"What’s the matter honey? Did you see a little mouse?
No-no! Big bear! Big bear outside! I think I-I—would you—actually, would you go check on that?
Honey, we don’t have any bears here.
Well, okay. Would-would you get me a
Okay. I’ll be right back.
Okay.  What?! What are you doing here?!","What’s the matter honey? Did you see a little mouse?
No-no! Big bear! Big bear outside! I think I-I—would you—actually, would you go check on that?
Honey, we don’t have any bears here.
Well, okay. Would-would you get me a
Okay. I’ll be right back.
Okay.  What?! What are you doing here?!",surprise,6,6,surprise,True,0.041547835,0.0074053113,0.01166431,0.007969409,0.011479655,0.012203869,0.9077297
126,9,Ross,What are,neutral,"No-no! Big bear! Big bear outside! I think I-I—would you—actually, would you go check on that?
Honey, we don’t have any bears here.
Well, okay. Would-would you get me a
Okay. I’ll be right back.
Okay.  What?! What are you doing here?!
What are","No-no! Big bear! Big bear outside! I think I-I—would you—actually, would you go check on that?
Honey, we don’t have any bears here.
Well, okay. Would-would you get me a
Okay. I’ll be right back.
Okay.  What?! What are you doing here?!
What are",neutral,4,6,surprise,False,0.014257911,0.005453326,0.020539109,0.013371879,0.10157124,0.012475521,0.83233106
126,10,Rachel,I came with Paul!,anger,"Honey, we don’t have any bears here.
Well, okay. Would-would you get me a
Okay. I’ll be right back.
Okay.  What?! What are you doing here?!
What are
I came with Paul!","Honey, we don’t have any bears here.
Well, okay. Would-would you get me a
Okay. I’ll be right back.
Okay.  What?! What are you doing here?!
What are
I came with Paul!",anger,0,3,joy,False,0.14625187,0.00484577,0.013951572,0.7226166,0.040723983,0.03841881,0.033191327
126,11,Ross,"Yeah, I recognize the ankles!",neutral,"Well, okay. Would-would you get me a
Okay. I’ll be right back.
Okay.  What?! What are you doing here?!
What are
I came with Paul!
Yeah, I recognize the ankles!","Well, okay. Would-would you get me a
Okay. I’ll be right back.
Okay.  What?! What are you doing here?!
What are
I came with Paul!
Yeah, I recognize the ankles!",neutral,4,4,neutral,True,0.21884094,0.014616164,0.026016545,0.18656853,0.5011641,0.017389305,0.03540442
126,12,Rachel,Get up!,anger,"Okay. I’ll be right back.
Okay.  What?! What are you doing here?!
What are
I came with Paul!
Yeah, I recognize the ankles!
Get up!","Okay. I’ll be right back.
Okay.  What?! What are you doing here?!
What are
I came with Paul!
Yeah, I recognize the ankles!
Get up!",anger,0,3,joy,False,0.12387859,0.0067804027,0.008371893,0.71662813,0.07709178,0.009153356,0.058095872
126,13,Paul,Here you go honey!,joy,"Okay.  What?! What are you doing here?!
What are
I came with Paul!
Yeah, I recognize the ankles!
Get up!
Here you go honey!","Okay.  What?! What are you doing here?!
What are
I came with Paul!
Yeah, I recognize the ankles!
Get up!
Here you go honey!",joy,3,3,joy,True,0.02932821,0.00422439,0.0065524755,0.8897012,0.041226365,0.008821882,0.02014549
126,14,Rachel,Ahh. Thank you!,joy,"What are
I came with Paul!
Yeah, I recognize the ankles!
Get up!
Here you go honey!
Ahh. Thank you!","What are
I came with Paul!
Yeah, I recognize the ankles!
Get up!
Here you go honey!
Ahh. Thank you!",joy,3,3,joy,True,0.014164259,0.0033294694,0.0028116293,0.92338395,0.014163137,0.006234081,0.035913467
126,15,Paul,Diet Coke,neutral,"I came with Paul!
Yeah, I recognize the ankles!
Get up!
Here you go honey!
Ahh. Thank you!
Diet Coke","I came with Paul!
Yeah, I recognize the ankles!
Get up!
Here you go honey!
Ahh. Thank you!
Diet Coke",neutral,4,4,neutral,True,0.028455881,0.013985259,0.0051966854,0.43538338,0.4910898,0.009599168,0.016289923
127,5,Ross,"I’m sorry I had to take such drastic measures to make my point, but I—look, I just want you guys to be safe.",neutral,"What the hell was that?!
A lesson in the importance of unagi.
Ohh,
Perhaps. Now I’m curious, at what point during those girlish screams would you have begun to
All right, so we weren’t
I’m sorry I had to take such drastic measures to make my point, but I—look, I just want you guys to be safe.","What the hell was that?!
A lesson in the importance of unagi.
Ohh,
Perhaps. Now I’m curious, at what point during those girlish screams would you have begun to
All right, so we weren’t
I’m sorry I had to take such drastic measures to make my point, but I—look, I just want you guys to be safe.",neutral,4,3,joy,False,0.19635023,0.009160013,0.04383462,0.36244148,0.1777729,0.19679596,0.013644871
128,5,Chandler,Yes! It’s flown into your blouse and you’d better undo your buttons lest it sting you!,anger,"What are you doing?
I’m leaning. This is where I lean.
Okay. (Goes over and fluffs up the pillows on the couch.
Brenda a bee!
What?
Yes! It’s flown into your blouse and you’d better undo your buttons lest it sting you!","What are you doing?
I’m leaning. This is where I lean.
Okay. (Goes over and fluffs up the pillows on the couch.
Brenda a bee!
What?
Yes! It’s flown into your blouse and you’d better undo your buttons lest it sting you!",anger,0,3,joy,False,0.21145737,0.035714682,0.02440139,0.48721752,0.18976763,0.017905619,0.03353581
128,6,Brenda,I think I know what’s going on here.,disgust,"I’m leaning. This is where I lean.
Okay. (Goes over and fluffs up the pillows on the couch.
Brenda a bee!
What?
Yes! It’s flown into your blouse and you’d better undo your buttons lest it sting you!
I think I know what’s going on here.","I’m leaning. This is where I lean.
Okay. (Goes over and fluffs up the pillows on the couch.
Brenda a bee!
What?
Yes! It’s flown into your blouse and you’d better undo your buttons lest it sting you!
I think I know what’s going on here.",disgust,1,4,neutral,False,0.09660859,0.007536876,0.026406515,0.0717591,0.7625013,0.017189575,0.017997975
128,7,Chandler,You do?,neutral,"Okay. (Goes over and fluffs up the pillows on the couch.
Brenda a bee!
What?
Yes! It’s flown into your blouse and you’d better undo your buttons lest it sting you!
I think I know what’s going on here.
You do?","Okay. (Goes over and fluffs up the pillows on the couch.
Brenda a bee!
What?
Yes! It’s flown into your blouse and you’d better undo your buttons lest it sting you!
I think I know what’s going on here.
You do?",neutral,4,6,surprise,False,0.010963864,0.0036189705,0.016036779,0.014449168,0.07604317,0.011021853,0.8678662
128,8,Brenda,"Look, I know it must be hard that your wife is a lesbian, but it’s wrong. You’re married.",disgust,"Brenda a bee!
What?
Yes! It’s flown into your blouse and you’d better undo your buttons lest it sting you!
I think I know what’s going on here.
You do?
Look, I know it must be hard that your wife is a lesbian, but it’s wrong. You’re married.","Brenda a bee!
What?
Yes! It’s flown into your blouse and you’d better undo your buttons lest it sting you!
I think I know what’s going on here.
You do?
Look, I know it must be hard that your wife is a lesbian, but it’s wrong. You’re married.",disgust,1,4,neutral,False,0.07515608,0.011233654,0.007762406,0.16843142,0.7086207,0.01901977,0.009775991
128,9,Chandler,I totally understand.  Can I,neutral,"What?
Yes! It’s flown into your blouse and you’d better undo your buttons lest it sting you!
I think I know what’s going on here.
You do?
Look, I know it must be hard that your wife is a lesbian, but it’s wrong. You’re married.
I totally understand.  Can I","What?
Yes! It’s flown into your blouse and you’d better undo your buttons lest it sting you!
I think I know what’s going on here.
You do?
Look, I know it must be hard that your wife is a lesbian, but it’s wrong. You’re married.
I totally understand.  Can I",neutral,4,4,neutral,True,0.0414824,0.0044394867,0.017424146,0.13537854,0.7725446,0.024699384,0.0040313653
129,5,Director,"Let's try it again, and this time let's watch everybody watch Joey.",neutral,"All right, let's do it!
No, no, no. What was that?
I know, it was the best I could get out of them.
Well, people!
People, people, people.
Let's try it again, and this time let's watch everybody watch Joey.","All right, let's do it!
No, no, no. What was that?
I know, it was the best I could get out of them.
Well, people!
People, people, people.
Let's try it again, and this time let's watch everybody watch Joey.",neutral,4,4,neutral,True,0.058559727,0.00924391,0.0073739486,0.06644292,0.8358086,0.017216673,0.0053541632
129,6,Director,Show 'em how it's done.,neutral,"No, no, no. What was that?
I know, it was the best I could get out of them.
Well, people!
People, people, people.
Let's try it again, and this time let's watch everybody watch Joey.
Show 'em how it's done.","No, no, no. What was that?
I know, it was the best I could get out of them.
Well, people!
People, people, people.
Let's try it again, and this time let's watch everybody watch Joey.
Show 'em how it's done.",neutral,4,4,neutral,True,0.053580906,0.0070413807,0.0062465747,0.21678573,0.70146054,0.010081749,0.004803133
129,7,Director,Count it off.,neutral,"I know, it was the best I could get out of them.
Well, people!
People, people, people.
Let's try it again, and this time let's watch everybody watch Joey.
Show 'em how it's done.
Count it off.","I know, it was the best I could get out of them.
Well, people!
People, people, people.
Let's try it again, and this time let's watch everybody watch Joey.
Show 'em how it's done.
Count it off.",neutral,4,4,neutral,True,0.085423134,0.008039637,0.0059290207,0.07856484,0.8090941,0.008894947,0.0040542874
130,5,Ross,Yeah?,joy,"So what did he decide? Does your Uncle Nathan get an invite or not?
Ohh, God, nobody likes him, and he’s so cheap, he’d never fly to London in a million years.
Yeah, invite him?
Hey, did I do these neat enough?
Yeah, they’re fine.
Yeah?","So what did he decide? Does your Uncle Nathan get an invite or not?
Ohh, God, nobody likes him, and he’s so cheap, he’d never fly to London in a million years.
Yeah, invite him?
Hey, did I do these neat enough?
Yeah, they’re fine.
Yeah?",joy,3,6,surprise,False,0.008707718,0.004589566,0.016654626,0.034162637,0.24740867,0.009473526,0.67900324
130,6,Emily,"If anyone asks, we’ll just say Ben addressed them.  Oh! So you invited Rachel then?",surprise,"Ohh, God, nobody likes him, and he’s so cheap, he’d never fly to London in a million years.
Yeah, invite him?
Hey, did I do these neat enough?
Yeah, they’re fine.
Yeah?
If anyone asks, we’ll just say Ben addressed them.  Oh! So you invited Rachel then?","Ohh, God, nobody likes him, and he’s so cheap, he’d never fly to London in a million years.
Yeah, invite him?
Hey, did I do these neat enough?
Yeah, they’re fine.
Yeah?
If anyone asks, we’ll just say Ben addressed them.  Oh! So you invited Rachel then?",surprise,6,6,surprise,True,0.0061166515,0.004081499,0.004623835,0.06590708,0.080587946,0.005969853,0.8327131
130,7,Ross,Sure. Why not?,neutral,"Yeah, invite him?
Hey, did I do these neat enough?
Yeah, they’re fine.
Yeah?
If anyone asks, we’ll just say Ben addressed them.  Oh! So you invited Rachel then?
Sure. Why not?","Yeah, invite him?
Hey, did I do these neat enough?
Yeah, they’re fine.
Yeah?
If anyone asks, we’ll just say Ben addressed them.  Oh! So you invited Rachel then?
Sure. Why not?",neutral,4,4,neutral,True,0.004164909,0.0015312511,0.0030020636,0.015432115,0.9687593,0.0022647392,0.0048456425
130,8,Emily,Really?,surprise,"Hey, did I do these neat enough?
Yeah, they’re fine.
Yeah?
If anyone asks, we’ll just say Ben addressed them.  Oh! So you invited Rachel then?
Sure. Why not?
Really?","Hey, did I do these neat enough?
Yeah, they’re fine.
Yeah?
If anyone asks, we’ll just say Ben addressed them.  Oh! So you invited Rachel then?
Sure. Why not?
Really?",surprise,6,6,surprise,True,0.0042926925,0.004573777,0.0057928446,0.020324426,0.035780188,0.0064251884,0.92281085
130,9,Ross,Yeah?,neutral,"Yeah, they’re fine.
Yeah?
If anyone asks, we’ll just say Ben addressed them.  Oh! So you invited Rachel then?
Sure. Why not?
Really?
Yeah?","Yeah, they’re fine.
Yeah?
If anyone asks, we’ll just say Ben addressed them.  Oh! So you invited Rachel then?
Sure. Why not?
Really?
Yeah?",neutral,4,4,neutral,True,0.011868898,0.007656525,0.03298773,0.064044386,0.5295274,0.015310997,0.3386041
130,10,Emily,I don’t think I’d be comfortable with any of my old lovers there.,sadness,"Yeah?
If anyone asks, we’ll just say Ben addressed them.  Oh! So you invited Rachel then?
Sure. Why not?
Really?
Yeah?
I don’t think I’d be comfortable with any of my old lovers there.","Yeah?
If anyone asks, we’ll just say Ben addressed them.  Oh! So you invited Rachel then?
Sure. Why not?
Really?
Yeah?
I don’t think I’d be comfortable with any of my old lovers there.",sadness,5,4,neutral,False,0.12848419,0.06818141,0.05636367,0.1001152,0.39919564,0.22396822,0.023691686
130,11,Ross,"Wait-wait-wait, do you, do you think, maybe we shouldn’t invite her?",fear,"If anyone asks, we’ll just say Ben addressed them.  Oh! So you invited Rachel then?
Sure. Why not?
Really?
Yeah?
I don’t think I’d be comfortable with any of my old lovers there.
Wait-wait-wait, do you, do you think, maybe we shouldn’t invite her?","If anyone asks, we’ll just say Ben addressed them.  Oh! So you invited Rachel then?
Sure. Why not?
Really?
Yeah?
I don’t think I’d be comfortable with any of my old lovers there.
Wait-wait-wait, do you, do you think, maybe we shouldn’t invite her?",fear,2,4,neutral,False,0.061534133,0.017776404,0.24288617,0.0645248,0.40884674,0.14848632,0.05594543
130,12,Emily,"Oh, no-no, y’know I absolutely adore Rachel it’s just that, well it might be a awkward for you.",sadness,"Sure. Why not?
Really?
Yeah?
I don’t think I’d be comfortable with any of my old lovers there.
Wait-wait-wait, do you, do you think, maybe we shouldn’t invite her?
Oh, no-no, y’know I absolutely adore Rachel it’s just that, well it might be a awkward for you.","Sure. Why not?
Really?
Yeah?
I don’t think I’d be comfortable with any of my old lovers there.
Wait-wait-wait, do you, do you think, maybe we shouldn’t invite her?
Oh, no-no, y’know I absolutely adore Rachel it’s just that, well it might be a awkward for you.",sadness,5,5,sadness,True,0.023712482,0.024783224,0.048491877,0.104827344,0.33052942,0.43770894,0.029946683
130,13,Emily,But it’s absolutely your decision.,neutral,"Really?
Yeah?
I don’t think I’d be comfortable with any of my old lovers there.
Wait-wait-wait, do you, do you think, maybe we shouldn’t invite her?
Oh, no-no, y’know I absolutely adore Rachel it’s just that, well it might be a awkward for you.
But it’s absolutely your decision.","Really?
Yeah?
I don’t think I’d be comfortable with any of my old lovers there.
Wait-wait-wait, do you, do you think, maybe we shouldn’t invite her?
Oh, no-no, y’know I absolutely adore Rachel it’s just that, well it might be a awkward for you.
But it’s absolutely your decision.",neutral,4,3,joy,False,0.06952038,0.005111222,0.009576594,0.63874716,0.23829272,0.0324566,0.006295307
130,14,Emily,More tea?,neutral,"Yeah?
I don’t think I’d be comfortable with any of my old lovers there.
Wait-wait-wait, do you, do you think, maybe we shouldn’t invite her?
Oh, no-no, y’know I absolutely adore Rachel it’s just that, well it might be a awkward for you.
But it’s absolutely your decision.
More tea?","Yeah?
I don’t think I’d be comfortable with any of my old lovers there.
Wait-wait-wait, do you, do you think, maybe we shouldn’t invite her?
Oh, no-no, y’know I absolutely adore Rachel it’s just that, well it might be a awkward for you.
But it’s absolutely your decision.
More tea?",neutral,4,4,neutral,True,0.007967531,0.004454536,0.0061176484,0.06497446,0.8456352,0.007247166,0.06360351
130,15,Ross,Yeah sure.,neutral,"I don’t think I’d be comfortable with any of my old lovers there.
Wait-wait-wait, do you, do you think, maybe we shouldn’t invite her?
Oh, no-no, y’know I absolutely adore Rachel it’s just that, well it might be a awkward for you.
But it’s absolutely your decision.
More tea?
Yeah sure.","I don’t think I’d be comfortable with any of my old lovers there.
Wait-wait-wait, do you, do you think, maybe we shouldn’t invite her?
Oh, no-no, y’know I absolutely adore Rachel it’s just that, well it might be a awkward for you.
But it’s absolutely your decision.
More tea?
Yeah sure.",neutral,4,4,neutral,True,0.0037038038,0.0020162703,0.004266629,0.02118505,0.9620528,0.0038985773,0.0028769136
130,16,Emily,Earl Grey?,neutral,"Wait-wait-wait, do you, do you think, maybe we shouldn’t invite her?
Oh, no-no, y’know I absolutely adore Rachel it’s just that, well it might be a awkward for you.
But it’s absolutely your decision.
More tea?
Yeah sure.
Earl Grey?","Wait-wait-wait, do you, do you think, maybe we shouldn’t invite her?
Oh, no-no, y’know I absolutely adore Rachel it’s just that, well it might be a awkward for you.
But it’s absolutely your decision.
More tea?
Yeah sure.
Earl Grey?",neutral,4,4,neutral,True,0.009548689,0.004017896,0.009919029,0.027721826,0.81535506,0.006549563,0.12688792
130,17,Ross,"Huh? Yeah, fine, invite whoever you want.",neutral,"Oh, no-no, y’know I absolutely adore Rachel it’s just that, well it might be a awkward for you.
But it’s absolutely your decision.
More tea?
Yeah sure.
Earl Grey?
Huh? Yeah, fine, invite whoever you want.","Oh, no-no, y’know I absolutely adore Rachel it’s just that, well it might be a awkward for you.
But it’s absolutely your decision.
More tea?
Yeah sure.
Earl Grey?
Huh? Yeah, fine, invite whoever you want.",neutral,4,4,neutral,True,0.011007176,0.0030522887,0.0028312542,0.016856275,0.96232486,0.0021754173,0.001752694
131,5,Ross,"Oh hey, show them the picture of your uterus.",neutral,"Hi.
Hey!
Hey! So how was the doctor?
Oh, everything went great.
Good.
Oh hey, show them the picture of your uterus.","Hi.
Hey!
Hey! So how was the doctor?
Oh, everything went great.
Good.
Oh hey, show them the picture of your uterus.",neutral,4,4,neutral,True,0.012053614,0.0064112116,0.0043778513,0.07402117,0.89004755,0.003366818,0.009721861
131,6,Phoebe,Oh.,joy,"Hey!
Hey! So how was the doctor?
Oh, everything went great.
Good.
Oh hey, show them the picture of your uterus.
Oh.","Hey!
Hey! So how was the doctor?
Oh, everything went great.
Good.
Oh hey, show them the picture of your uterus.
Oh.",joy,3,6,surprise,False,0.009147704,0.0238976,0.04779102,0.13477005,0.32825616,0.029613068,0.4265244
131,7,Joey,I don’t see the baby. Where is it?,neutral,"Hey! So how was the doctor?
Oh, everything went great.
Good.
Oh hey, show them the picture of your uterus.
Oh.
I don’t see the baby. Where is it?","Hey! So how was the doctor?
Oh, everything went great.
Good.
Oh hey, show them the picture of your uterus.
Oh.
I don’t see the baby. Where is it?",neutral,4,4,neutral,True,0.01635946,0.0055733635,0.020985397,0.03846933,0.6655193,0.017797273,0.23529585
131,8,Rachel,"Oh no, I know I couldn’t see it either at first, but it’s right umm…  Ross, I lost it again.",joy,"Oh, everything went great.
Good.
Oh hey, show them the picture of your uterus.
Oh.
I don’t see the baby. Where is it?
Oh no, I know I couldn’t see it either at first, but it’s right umm…  Ross, I lost it again.","Oh, everything went great.
Good.
Oh hey, show them the picture of your uterus.
Oh.
I don’t see the baby. Where is it?
Oh no, I know I couldn’t see it either at first, but it’s right umm…  Ross, I lost it again.",joy,3,5,sadness,False,0.15359345,0.015844421,0.094593585,0.043158397,0.034229312,0.64161485,0.016965995
132,5,Nurse,"I’m sorry, that information is restricted to hospital staff",neutral,"Could you help me with something?
The patient I’m looking for has a broken leg and is in a wheelchair.
And umm, he’s like early to mid-thirties, very attractive.
I think I know who you’re talking about.
Oh yay! Great! Okay, what room number is he in?
I’m sorry, that information is restricted to hospital staff","Could you help me with something?
The patient I’m looking for has a broken leg and is in a wheelchair.
And umm, he’s like early to mid-thirties, very attractive.
I think I know who you’re talking about.
Oh yay! Great! Okay, what room number is he in?
I’m sorry, that information is restricted to hospital staff",neutral,4,4,neutral,True,0.045464348,0.029033726,0.06470962,0.025801618,0.51120746,0.30390498,0.019878153
132,6,Joey,"Uh, she’s with me.  Dr. Drake Remoray.",neutral,"The patient I’m looking for has a broken leg and is in a wheelchair.
And umm, he’s like early to mid-thirties, very attractive.
I think I know who you’re talking about.
Oh yay! Great! Okay, what room number is he in?
I’m sorry, that information is restricted to hospital staff
Uh, she’s with me.  Dr. Drake Remoray.","The patient I’m looking for has a broken leg and is in a wheelchair.
And umm, he’s like early to mid-thirties, very attractive.
I think I know who you’re talking about.
Oh yay! Great! Okay, what room number is he in?
I’m sorry, that information is restricted to hospital staff
Uh, she’s with me.  Dr. Drake Remoray.",neutral,4,4,neutral,True,0.010378924,0.0026507494,0.0035565144,0.12517934,0.84683424,0.0061496818,0.005250509
132,7,Nurse,Dr. Drake who?,neutral,"And umm, he’s like early to mid-thirties, very attractive.
I think I know who you’re talking about.
Oh yay! Great! Okay, what room number is he in?
I’m sorry, that information is restricted to hospital staff
Uh, she’s with me.  Dr. Drake Remoray.
Dr. Drake who?","And umm, he’s like early to mid-thirties, very attractive.
I think I know who you’re talking about.
Oh yay! Great! Okay, what room number is he in?
I’m sorry, that information is restricted to hospital staff
Uh, she’s with me.  Dr. Drake Remoray.
Dr. Drake who?",neutral,4,4,neutral,True,0.013585122,0.001943642,0.004078,0.014411806,0.9461752,0.0030032701,0.016802894
132,8,Joey,Remoray. It’s Portuguese. We need that information. I’m a doctor.,neutral,"I think I know who you’re talking about.
Oh yay! Great! Okay, what room number is he in?
I’m sorry, that information is restricted to hospital staff
Uh, she’s with me.  Dr. Drake Remoray.
Dr. Drake who?
Remoray. It’s Portuguese. We need that information. I’m a doctor.","I think I know who you’re talking about.
Oh yay! Great! Okay, what room number is he in?
I’m sorry, that information is restricted to hospital staff
Uh, she’s with me.  Dr. Drake Remoray.
Dr. Drake who?
Remoray. It’s Portuguese. We need that information. I’m a doctor.",neutral,4,4,neutral,True,0.008694277,0.0027495073,0.0032467635,0.018424286,0.9617559,0.0027206044,0.0024086675
132,9,Nurse,A doctor at this hospital?,surprise,"Oh yay! Great! Okay, what room number is he in?
I’m sorry, that information is restricted to hospital staff
Uh, she’s with me.  Dr. Drake Remoray.
Dr. Drake who?
Remoray. It’s Portuguese. We need that information. I’m a doctor.
A doctor at this hospital?","Oh yay! Great! Okay, what room number is he in?
I’m sorry, that information is restricted to hospital staff
Uh, she’s with me.  Dr. Drake Remoray.
Dr. Drake who?
Remoray. It’s Portuguese. We need that information. I’m a doctor.
A doctor at this hospital?",surprise,6,4,neutral,False,0.02188114,0.0068145874,0.015242981,0.018164277,0.55344534,0.010293045,0.37415856
132,10,Joey,Damnit woman we’re losing precious time! Now do you want this man’s blood on your head?,anger,"I’m sorry, that information is restricted to hospital staff
Uh, she’s with me.  Dr. Drake Remoray.
Dr. Drake who?
Remoray. It’s Portuguese. We need that information. I’m a doctor.
A doctor at this hospital?
Damnit woman we’re losing precious time! Now do you want this man’s blood on your head?","I’m sorry, that information is restricted to hospital staff
Uh, she’s with me.  Dr. Drake Remoray.
Dr. Drake who?
Remoray. It’s Portuguese. We need that information. I’m a doctor.
A doctor at this hospital?
Damnit woman we’re losing precious time! Now do you want this man’s blood on your head?",anger,0,0,anger,True,0.30347252,0.13138661,0.14837688,0.048672345,0.21484551,0.09091229,0.062333927
132,11,Phoebe,Hands.,neutral,"Uh, she’s with me.  Dr. Drake Remoray.
Dr. Drake who?
Remoray. It’s Portuguese. We need that information. I’m a doctor.
A doctor at this hospital?
Damnit woman we’re losing precious time! Now do you want this man’s blood on your head?
Hands.","Uh, she’s with me.  Dr. Drake Remoray.
Dr. Drake who?
Remoray. It’s Portuguese. We need that information. I’m a doctor.
A doctor at this hospital?
Damnit woman we’re losing precious time! Now do you want this man’s blood on your head?
Hands.",neutral,4,4,neutral,True,0.027169239,0.010047805,0.013698246,0.019317245,0.90919906,0.009910431,0.010658026
132,12,Joey,Hands!,neutral,"Dr. Drake who?
Remoray. It’s Portuguese. We need that information. I’m a doctor.
A doctor at this hospital?
Damnit woman we’re losing precious time! Now do you want this man’s blood on your head?
Hands.
Hands!","Dr. Drake who?
Remoray. It’s Portuguese. We need that information. I’m a doctor.
A doctor at this hospital?
Damnit woman we’re losing precious time! Now do you want this man’s blood on your head?
Hands.
Hands!",neutral,4,0,anger,False,0.73994386,0.024210557,0.024023043,0.037767213,0.02219322,0.030809155,0.12105306
132,13,Joey,It is absolutely essential that you tell me what room the man my assistant described is staying in.,neutral,"Remoray. It’s Portuguese. We need that information. I’m a doctor.
A doctor at this hospital?
Damnit woman we’re losing precious time! Now do you want this man’s blood on your head?
Hands.
Hands!
It is absolutely essential that you tell me what room the man my assistant described is staying in.","Remoray. It’s Portuguese. We need that information. I’m a doctor.
A doctor at this hospital?
Damnit woman we’re losing precious time! Now do you want this man’s blood on your head?
Hands.
Hands!
It is absolutely essential that you tell me what room the man my assistant described is staying in.",neutral,4,4,neutral,True,0.051293164,0.006381213,0.010437127,0.017990999,0.90333563,0.0066725668,0.0038892536
132,14,Joey,"He’s a patient of mine, I’ve been treating him for years!",neutral,"A doctor at this hospital?
Damnit woman we’re losing precious time! Now do you want this man’s blood on your head?
Hands.
Hands!
It is absolutely essential that you tell me what room the man my assistant described is staying in.
He’s a patient of mine, I’ve been treating him for years!","A doctor at this hospital?
Damnit woman we’re losing precious time! Now do you want this man’s blood on your head?
Hands.
Hands!
It is absolutely essential that you tell me what room the man my assistant described is staying in.
He’s a patient of mine, I’ve been treating him for years!",neutral,4,0,anger,False,0.8294739,0.017386893,0.01928979,0.03807414,0.021517769,0.02673695,0.047520548
132,15,Nurse,He’s in room 816.,neutral,"Damnit woman we’re losing precious time! Now do you want this man’s blood on your head?
Hands.
Hands!
It is absolutely essential that you tell me what room the man my assistant described is staying in.
He’s a patient of mine, I’ve been treating him for years!
He’s in room 816.","Damnit woman we’re losing precious time! Now do you want this man’s blood on your head?
Hands.
Hands!
It is absolutely essential that you tell me what room the man my assistant described is staying in.
He’s a patient of mine, I’ve been treating him for years!
He’s in room 816.",neutral,4,4,neutral,True,0.015447914,0.0037110962,0.0026679803,0.008243813,0.9630641,0.0024780703,0.0043870485
132,16,Joey,"816, thank you!",joy,"Hands.
Hands!
It is absolutely essential that you tell me what room the man my assistant described is staying in.
He’s a patient of mine, I’ve been treating him for years!
He’s in room 816.
816, thank you!","Hands.
Hands!
It is absolutely essential that you tell me what room the man my assistant described is staying in.
He’s a patient of mine, I’ve been treating him for years!
He’s in room 816.
816, thank you!",joy,3,3,joy,True,0.01058434,0.0021449474,0.0016263786,0.9506875,0.011359462,0.0055638882,0.018033382
132,17,Phoebe,Thank you.,neutral,"Hands!
It is absolutely essential that you tell me what room the man my assistant described is staying in.
He’s a patient of mine, I’ve been treating him for years!
He’s in room 816.
816, thank you!
Thank you.","Hands!
It is absolutely essential that you tell me what room the man my assistant described is staying in.
He’s a patient of mine, I’ve been treating him for years!
He’s in room 816.
816, thank you!
Thank you.",neutral,4,3,joy,False,0.008345501,0.0019809112,0.0015103502,0.9501431,0.01956988,0.006335652,0.012114601
132,18,Joey,And what is his name?,neutral,"It is absolutely essential that you tell me what room the man my assistant described is staying in.
He’s a patient of mine, I’ve been treating him for years!
He’s in room 816.
816, thank you!
Thank you.
And what is his name?","It is absolutely essential that you tell me what room the man my assistant described is staying in.
He’s a patient of mine, I’ve been treating him for years!
He’s in room 816.
816, thank you!
Thank you.
And what is his name?",neutral,4,4,neutral,True,0.008981377,0.0017546765,0.004465492,0.014915234,0.9507777,0.0034329533,0.015672602
132,19,Phoebe,No!,surprise,"He’s a patient of mine, I’ve been treating him for years!
He’s in room 816.
816, thank you!
Thank you.
And what is his name?
No!","He’s a patient of mine, I’ve been treating him for years!
He’s in room 816.
816, thank you!
Thank you.
And what is his name?
No!",surprise,6,4,neutral,False,0.21028307,0.06582418,0.058741327,0.20356639,0.21802917,0.032232318,0.2113235
133,5,Rachel,"Oh, you’re welcome a million.",joy,"Hi!
Hi!
Rachel was just helping me out. My head got all sunburned.
Awww.
Thanks a million.
Oh, you’re welcome a million.","Hi!
Hi!
Rachel was just helping me out. My head got all sunburned.
Awww.
Thanks a million.
Oh, you’re welcome a million.",joy,3,3,joy,True,0.009143457,0.0057623135,0.002156209,0.81055224,0.12340869,0.0064731357,0.042503916
133,6,Bonnie,"Okay, I’ll see you in our room.",neutral,"Hi!
Rachel was just helping me out. My head got all sunburned.
Awww.
Thanks a million.
Oh, you’re welcome a million.
Okay, I’ll see you in our room.","Hi!
Rachel was just helping me out. My head got all sunburned.
Awww.
Thanks a million.
Oh, you’re welcome a million.
Okay, I’ll see you in our room.",neutral,4,4,neutral,True,0.0098572355,0.0023179722,0.0038052117,0.049399693,0.92759395,0.0037988971,0.003226983
133,7,Ross,Yeah.,neutral,"Rachel was just helping me out. My head got all sunburned.
Awww.
Thanks a million.
Oh, you’re welcome a million.
Okay, I’ll see you in our room.
Yeah.","Rachel was just helping me out. My head got all sunburned.
Awww.
Thanks a million.
Oh, you’re welcome a million.
Okay, I’ll see you in our room.
Yeah.",neutral,4,4,neutral,True,0.003256193,0.001226903,0.0022514523,0.011446719,0.977783,0.0020743972,0.0019612717
133,8,Rachel,Oh my God.,surprise,"Awww.
Thanks a million.
Oh, you’re welcome a million.
Okay, I’ll see you in our room.
Yeah.
Oh my God.","Awww.
Thanks a million.
Oh, you’re welcome a million.
Okay, I’ll see you in our room.
Yeah.
Oh my God.",surprise,6,6,surprise,True,0.0068639563,0.018584203,0.015898913,0.031455573,0.026435802,0.019973766,0.8807878
133,9,Ross,I know.,neutral,"Thanks a million.
Oh, you’re welcome a million.
Okay, I’ll see you in our room.
Yeah.
Oh my God.
I know.","Thanks a million.
Oh, you’re welcome a million.
Okay, I’ll see you in our room.
Yeah.
Oh my God.
I know.",neutral,4,4,neutral,True,0.014264686,0.006910917,0.05126273,0.113325536,0.7696344,0.03093908,0.013662654
133,10,Ross,"Okay, I gotta go.",neutral,"Oh, you’re welcome a million.
Okay, I’ll see you in our room.
Yeah.
Oh my God.
I know.
Okay, I gotta go.","Oh, you’re welcome a million.
Okay, I’ll see you in our room.
Yeah.
Oh my God.
I know.
Okay, I gotta go.",neutral,4,4,neutral,True,0.04284962,0.011117276,0.09410664,0.09254392,0.65852296,0.090682365,0.010177152
133,11,Rachel,Whoa! What?! Why?!,surprise,"Okay, I’ll see you in our room.
Yeah.
Oh my God.
I know.
Okay, I gotta go.
Whoa! What?! Why?!","Okay, I’ll see you in our room.
Yeah.
Oh my God.
I know.
Okay, I gotta go.
Whoa! What?! Why?!",surprise,6,6,surprise,True,0.025848422,0.006301759,0.006649115,0.015204767,0.008508474,0.007864599,0.92962295
133,12,Ross,"Well, I-I gotta go break up with Bonnie.",sadness,"Yeah.
Oh my God.
I know.
Okay, I gotta go.
Whoa! What?! Why?!
Well, I-I gotta go break up with Bonnie.","Yeah.
Oh my God.
I know.
Okay, I gotta go.
Whoa! What?! Why?!
Well, I-I gotta go break up with Bonnie.",sadness,5,4,neutral,False,0.211682,0.026858723,0.21205431,0.05118548,0.34900764,0.13722984,0.01198208
133,13,Rachel,Here?! Now?!,surprise,"Oh my God.
I know.
Okay, I gotta go.
Whoa! What?! Why?!
Well, I-I gotta go break up with Bonnie.
Here?! Now?!","Oh my God.
I know.
Okay, I gotta go.
Whoa! What?! Why?!
Well, I-I gotta go break up with Bonnie.
Here?! Now?!",surprise,6,0,anger,False,0.606481,0.017728668,0.032423194,0.047090784,0.01487364,0.026852256,0.25455046
133,14,Ross,"Well, yeah.",neutral,"I know.
Okay, I gotta go.
Whoa! What?! Why?!
Well, I-I gotta go break up with Bonnie.
Here?! Now?!
Well, yeah.","I know.
Okay, I gotta go.
Whoa! What?! Why?!
Well, I-I gotta go break up with Bonnie.
Here?! Now?!
Well, yeah.",neutral,4,4,neutral,True,0.0033655951,0.0018856542,0.0041578496,0.021283193,0.96217763,0.0045586876,0.0025713427
133,15,Ross,"I can’t-I can’t stay here all night, and if I go in there she’s-she’s gonna wanna... do stuff.",fear,"Okay, I gotta go.
Whoa! What?! Why?!
Well, I-I gotta go break up with Bonnie.
Here?! Now?!
Well, yeah.
I can’t-I can’t stay here all night, and if I go in there she’s-she’s gonna wanna... do stuff.","Okay, I gotta go.
Whoa! What?! Why?!
Well, I-I gotta go break up with Bonnie.
Here?! Now?!
Well, yeah.
I can’t-I can’t stay here all night, and if I go in there she’s-she’s gonna wanna... do stuff.",fear,2,4,neutral,False,0.026457869,0.009357294,0.025808038,0.0730995,0.8360934,0.025676595,0.0035073091
135,5,Rachel,Absolutely!,joy,"Rachel, one of your customers seems to have left his billfold. A Joshua Bergen.
Really?
Will you call him?
Yes!
I will!
Absolutely!","Rachel, one of your customers seems to have left his billfold. A Joshua Bergen.
Really?
Will you call him?
Yes!
I will!
Absolutely!",joy,3,3,joy,True,0.025703128,0.0029532185,0.0030663854,0.92130464,0.03240302,0.005000765,0.009568808
137,5,Chandler,What are you doing tonight?,neutral,"I’m full, and yet I know if I stop eating this, I’ll regret it.
Hey!
Hey!
What do you got there?
Oh it’s umm, it’s tofu cake. Do you want some?
What are you doing tonight?","I’m full, and yet I know if I stop eating this, I’ll regret it.
Hey!
Hey!
What do you got there?
Oh it’s umm, it’s tofu cake. Do you want some?
What are you doing tonight?",neutral,4,4,neutral,True,0.024412625,0.0046982043,0.0068565635,0.31787837,0.54652727,0.013313736,0.08631317
137,6,Joey,Huh? Uh,neutral,"Hey!
Hey!
What do you got there?
Oh it’s umm, it’s tofu cake. Do you want some?
What are you doing tonight?
Huh? Uh","Hey!
Hey!
What do you got there?
Oh it’s umm, it’s tofu cake. Do you want some?
What are you doing tonight?
Huh? Uh",neutral,4,4,neutral,True,0.006852851,0.0028984523,0.00956622,0.040285442,0.92427653,0.005473974,0.010646533
137,7,Chandler,Dude! Dude!,surprise,"Hey!
What do you got there?
Oh it’s umm, it’s tofu cake. Do you want some?
What are you doing tonight?
Huh? Uh
Dude! Dude!","Hey!
What do you got there?
Oh it’s umm, it’s tofu cake. Do you want some?
What are you doing tonight?
Huh? Uh
Dude! Dude!",surprise,6,3,joy,False,0.05263481,0.014732864,0.0052488684,0.60674435,0.016568476,0.008053821,0.29601678
137,8,Joey,"Oh!  Sorry. Uh, I’ve got those plans with Phoebe, why?",neutral,"What do you got there?
Oh it’s umm, it’s tofu cake. Do you want some?
What are you doing tonight?
Huh? Uh
Dude! Dude!
Oh!  Sorry. Uh, I’ve got those plans with Phoebe, why?","What do you got there?
Oh it’s umm, it’s tofu cake. Do you want some?
What are you doing tonight?
Huh? Uh
Dude! Dude!
Oh!  Sorry. Uh, I’ve got those plans with Phoebe, why?",neutral,4,4,neutral,True,0.014686848,0.0041499906,0.013649482,0.024478156,0.8304094,0.009931044,0.10269512
137,9,Chandler,"Oh really? Uh, Monica said she had a date at 9:00.",surprise,"Oh it’s umm, it’s tofu cake. Do you want some?
What are you doing tonight?
Huh? Uh
Dude! Dude!
Oh!  Sorry. Uh, I’ve got those plans with Phoebe, why?
Oh really? Uh, Monica said she had a date at 9:00.","Oh it’s umm, it’s tofu cake. Do you want some?
What are you doing tonight?
Huh? Uh
Dude! Dude!
Oh!  Sorry. Uh, I’ve got those plans with Phoebe, why?
Oh really? Uh, Monica said she had a date at 9:00.",surprise,6,4,neutral,False,0.0068713063,0.0024200645,0.0027385212,0.016990637,0.95811397,0.0025198986,0.0103455335
137,10,Joey,What?! Tonight?!,surprise,"What are you doing tonight?
Huh? Uh
Dude! Dude!
Oh!  Sorry. Uh, I’ve got those plans with Phoebe, why?
Oh really? Uh, Monica said she had a date at 9:00.
What?! Tonight?!","What are you doing tonight?
Huh? Uh
Dude! Dude!
Oh!  Sorry. Uh, I’ve got those plans with Phoebe, why?
Oh really? Uh, Monica said she had a date at 9:00.
What?! Tonight?!",surprise,6,6,surprise,True,0.016885066,0.0042027524,0.0034746327,0.06644358,0.011737839,0.005932047,0.89132404
137,11,Chandler,That’s what Monica said.,neutral,"Huh? Uh
Dude! Dude!
Oh!  Sorry. Uh, I’ve got those plans with Phoebe, why?
Oh really? Uh, Monica said she had a date at 9:00.
What?! Tonight?!
That’s what Monica said.","Huh? Uh
Dude! Dude!
Oh!  Sorry. Uh, I’ve got those plans with Phoebe, why?
Oh really? Uh, Monica said she had a date at 9:00.
What?! Tonight?!
That’s what Monica said.",neutral,4,4,neutral,True,0.010877876,0.0027832142,0.0029615355,0.04848643,0.909291,0.0030180463,0.022581818
137,12,Joey,After she gave me that big speech?!,surprise,"Dude! Dude!
Oh!  Sorry. Uh, I’ve got those plans with Phoebe, why?
Oh really? Uh, Monica said she had a date at 9:00.
What?! Tonight?!
That’s what Monica said.
After she gave me that big speech?!","Dude! Dude!
Oh!  Sorry. Uh, I’ve got those plans with Phoebe, why?
Oh really? Uh, Monica said she had a date at 9:00.
What?! Tonight?!
That’s what Monica said.
After she gave me that big speech?!",surprise,6,6,surprise,True,0.07559255,0.00985585,0.0067236056,0.041801102,0.0067236954,0.011745495,0.84755766
137,13,Joey,She goes and makes a date with a guy on the same night she has plans with me?,anger,"Oh!  Sorry. Uh, I’ve got those plans with Phoebe, why?
Oh really? Uh, Monica said she had a date at 9:00.
What?! Tonight?!
That’s what Monica said.
After she gave me that big speech?!
She goes and makes a date with a guy on the same night she has plans with me?","Oh!  Sorry. Uh, I’ve got those plans with Phoebe, why?
Oh really? Uh, Monica said she had a date at 9:00.
What?! Tonight?!
That’s what Monica said.
After she gave me that big speech?!
She goes and makes a date with a guy on the same night she has plans with me?",anger,0,6,surprise,False,0.06738632,0.0069427434,0.016809639,0.014547279,0.06785142,0.013143349,0.8133193
137,14,Joey,I think she’s trying to pull a fast one on Big Daddy!,anger,"Oh really? Uh, Monica said she had a date at 9:00.
What?! Tonight?!
That’s what Monica said.
After she gave me that big speech?!
She goes and makes a date with a guy on the same night she has plans with me?
I think she’s trying to pull a fast one on Big Daddy!","Oh really? Uh, Monica said she had a date at 9:00.
What?! Tonight?!
That’s what Monica said.
After she gave me that big speech?!
She goes and makes a date with a guy on the same night she has plans with me?
I think she’s trying to pull a fast one on Big Daddy!",anger,0,3,joy,False,0.31715816,0.041221377,0.011919875,0.37727195,0.016673153,0.04969699,0.18605846
139,5,Ross,Hi .,neutral,"It’s yours!
Yeah well, I’m-I’m a slut.
Me too.
Hi Jill!
Hey!
Hi .","It’s yours!
Yeah well, I’m-I’m a slut.
Me too.
Hi Jill!
Hey!
Hi .",neutral,4,4,neutral,True,0.009466466,0.002313674,0.0025759947,0.3536186,0.6199542,0.0038216384,0.008249466
139,6,Rachel,Rachel.,neutral,"Yeah well, I’m-I’m a slut.
Me too.
Hi Jill!
Hey!
Hi .
Rachel.","Yeah well, I’m-I’m a slut.
Me too.
Hi Jill!
Hey!
Hi .
Rachel.",neutral,4,4,neutral,True,0.0038589835,0.001406154,0.0018180717,0.023991784,0.9645716,0.0018614576,0.0024920744
139,7,Ross,"Rachel! Well, you-you’re not at home, you’re-you’re-you’re right here.",surprise,"Me too.
Hi Jill!
Hey!
Hi .
Rachel.
Rachel! Well, you-you’re not at home, you’re-you’re-you’re right here.","Me too.
Hi Jill!
Hey!
Hi .
Rachel.
Rachel! Well, you-you’re not at home, you’re-you’re-you’re right here.",surprise,6,3,joy,False,0.033058178,0.0026912089,0.0039996384,0.6782961,0.2547938,0.008318718,0.01884231
139,8,Rachel,"Yeah I know, and I bet you thought it would be weird. But it’s not!",joy,"Hi Jill!
Hey!
Hi .
Rachel.
Rachel! Well, you-you’re not at home, you’re-you’re-you’re right here.
Yeah I know, and I bet you thought it would be weird. But it’s not!","Hi Jill!
Hey!
Hi .
Rachel.
Rachel! Well, you-you’re not at home, you’re-you’re-you’re right here.
Yeah I know, and I bet you thought it would be weird. But it’s not!",joy,3,0,anger,False,0.45636588,0.04861546,0.1011118,0.103896976,0.13562438,0.11559581,0.038789656
139,9,Ross,"Okay. So well I’ll umm,  I’ll have her home by midnight.",neutral,"Hey!
Hi .
Rachel.
Rachel! Well, you-you’re not at home, you’re-you’re-you’re right here.
Yeah I know, and I bet you thought it would be weird. But it’s not!
Okay. So well I’ll umm,  I’ll have her home by midnight.","Hey!
Hi .
Rachel.
Rachel! Well, you-you’re not at home, you’re-you’re-you’re right here.
Yeah I know, and I bet you thought it would be weird. But it’s not!
Okay. So well I’ll umm,  I’ll have her home by midnight.",neutral,4,4,neutral,True,0.009333659,0.0024805053,0.0044050165,0.048195098,0.92803824,0.004223137,0.003324293
140,5,Ross,Write a movie!,joy,"That part was perfect for me! I can't believe I didn't get it!
I'm sorry, man.
Hey, y'know what you should do?
You should make something happen for yourself.
Y'know, like-like write a play.
Write a movie!","That part was perfect for me! I can't believe I didn't get it!
I'm sorry, man.
Hey, y'know what you should do?
You should make something happen for yourself.
Y'know, like-like write a play.
Write a movie!",joy,3,3,joy,True,0.203943,0.012092555,0.009041424,0.63223594,0.017620482,0.0183052,0.106761426
140,6,Ross,Huh?,neutral,"I'm sorry, man.
Hey, y'know what you should do?
You should make something happen for yourself.
Y'know, like-like write a play.
Write a movie!
Huh?","I'm sorry, man.
Hey, y'know what you should do?
You should make something happen for yourself.
Y'know, like-like write a play.
Write a movie!
Huh?",neutral,4,6,surprise,False,0.019453755,0.02751372,0.018993739,0.0651976,0.059328906,0.017569141,0.79194313
140,7,Ross,"I mean, what about those",neutral,"Hey, y'know what you should do?
You should make something happen for yourself.
Y'know, like-like write a play.
Write a movie!
Huh?
I mean, what about those","Hey, y'know what you should do?
You should make something happen for yourself.
Y'know, like-like write a play.
Write a movie!
Huh?
I mean, what about those",neutral,4,4,neutral,True,0.010869129,0.0047698203,0.010518539,0.020073488,0.9310643,0.006796076,0.015908614
140,8,Joey,"Come on Ross be realistic, y'know? If I did write something, what are the chances I could get those guys to star in it?",sadness,"You should make something happen for yourself.
Y'know, like-like write a play.
Write a movie!
Huh?
I mean, what about those
Come on Ross be realistic, y'know? If I did write something, what are the chances I could get those guys to star in it?","You should make something happen for yourself.
Y'know, like-like write a play.
Write a movie!
Huh?
I mean, what about those
Come on Ross be realistic, y'know? If I did write something, what are the chances I could get those guys to star in it?",sadness,5,4,neutral,False,0.069512375,0.012238491,0.04785896,0.19448397,0.5455162,0.092151485,0.038238537
140,9,Joey,"Wait a second, I could star in it!",joy,"Y'know, like-like write a play.
Write a movie!
Huh?
I mean, what about those
Come on Ross be realistic, y'know? If I did write something, what are the chances I could get those guys to star in it?
Wait a second, I could star in it!","Y'know, like-like write a play.
Write a movie!
Huh?
I mean, what about those
Come on Ross be realistic, y'know? If I did write something, what are the chances I could get those guys to star in it?
Wait a second, I could star in it!",joy,3,3,joy,True,0.025345149,0.0032443458,0.0030741496,0.90383244,0.03102632,0.005480112,0.027997486
140,10,Ross,Or that.,neutral,"Write a movie!
Huh?
I mean, what about those
Come on Ross be realistic, y'know? If I did write something, what are the chances I could get those guys to star in it?
Wait a second, I could star in it!
Or that.","Write a movie!
Huh?
I mean, what about those
Come on Ross be realistic, y'know? If I did write something, what are the chances I could get those guys to star in it?
Wait a second, I could star in it!
Or that.",neutral,4,4,neutral,True,0.04853341,0.014620718,0.013708201,0.22362794,0.6645911,0.020909155,0.014009517
140,11,Joey,I can't write!,anger,"Huh?
I mean, what about those
Come on Ross be realistic, y'know? If I did write something, what are the chances I could get those guys to star in it?
Wait a second, I could star in it!
Or that.
I can't write!","Huh?
I mean, what about those
Come on Ross be realistic, y'know? If I did write something, what are the chances I could get those guys to star in it?
Wait a second, I could star in it!
Or that.
I can't write!",anger,0,0,anger,True,0.7438216,0.020575624,0.07495409,0.025359683,0.020710457,0.078554615,0.0360239
140,12,Joey,"Y'know I mean I-I-I'm an actor, I don't have the discipline that takes, y'know?",sadness,"I mean, what about those
Come on Ross be realistic, y'know? If I did write something, what are the chances I could get those guys to star in it?
Wait a second, I could star in it!
Or that.
I can't write!
Y'know I mean I-I-I'm an actor, I don't have the discipline that takes, y'know?","I mean, what about those
Come on Ross be realistic, y'know? If I did write something, what are the chances I could get those guys to star in it?
Wait a second, I could star in it!
Or that.
I can't write!
Y'know I mean I-I-I'm an actor, I don't have the discipline that takes, y'know?",sadness,5,2,fear,False,0.2605944,0.02192862,0.31925845,0.028727658,0.17360482,0.11196328,0.08392272
140,13,Joey,I can't do it.,sadness,"Come on Ross be realistic, y'know? If I did write something, what are the chances I could get those guys to star in it?
Wait a second, I could star in it!
Or that.
I can't write!
Y'know I mean I-I-I'm an actor, I don't have the discipline that takes, y'know?
I can't do it.","Come on Ross be realistic, y'know? If I did write something, what are the chances I could get those guys to star in it?
Wait a second, I could star in it!
Or that.
I can't write!
Y'know I mean I-I-I'm an actor, I don't have the discipline that takes, y'know?
I can't do it.",sadness,5,5,sadness,True,0.24058871,0.027563235,0.17839697,0.024787307,0.13012312,0.38266778,0.015872918
140,14,Ross,I'll help you.,neutral,"Wait a second, I could star in it!
Or that.
I can't write!
Y'know I mean I-I-I'm an actor, I don't have the discipline that takes, y'know?
I can't do it.
I'll help you.","Wait a second, I could star in it!
Or that.
I can't write!
Y'know I mean I-I-I'm an actor, I don't have the discipline that takes, y'know?
I can't do it.
I'll help you.",neutral,4,4,neutral,True,0.022585653,0.004047184,0.0122923255,0.12260205,0.81964934,0.015830057,0.00299339
140,15,Ross,"Yeah, I'll make up a schedule and make sure you stick to it.",neutral,"Or that.
I can't write!
Y'know I mean I-I-I'm an actor, I don't have the discipline that takes, y'know?
I can't do it.
I'll help you.
Yeah, I'll make up a schedule and make sure you stick to it.","Or that.
I can't write!
Y'know I mean I-I-I'm an actor, I don't have the discipline that takes, y'know?
I can't do it.
I'll help you.
Yeah, I'll make up a schedule and make sure you stick to it.",neutral,4,4,neutral,True,0.010957462,0.0027046315,0.0044972547,0.027044272,0.9483884,0.004887114,0.0015209208
140,16,Ross,"And plus, it'll give me something to do.",neutral,"I can't write!
Y'know I mean I-I-I'm an actor, I don't have the discipline that takes, y'know?
I can't do it.
I'll help you.
Yeah, I'll make up a schedule and make sure you stick to it.
And plus, it'll give me something to do.","I can't write!
Y'know I mean I-I-I'm an actor, I don't have the discipline that takes, y'know?
I can't do it.
I'll help you.
Yeah, I'll make up a schedule and make sure you stick to it.
And plus, it'll give me something to do.",neutral,4,4,neutral,True,0.01619451,0.004168241,0.0049125873,0.08631333,0.87501085,0.009647036,0.003753414
143,5,Monica,Are you gonna break up with me if I get fat again?,fear,"As bad as that went, I actually enjoyed myself. I think that I’m going to apologize for all of the stupid things I do.
Why don’t you just stop doing stupid things? Then you wouldn’t have to apologize.
I would really love it if I could do both.
All right, I…I have to ask.
What?
Are you gonna break up with me if I get fat again?","As bad as that went, I actually enjoyed myself. I think that I’m going to apologize for all of the stupid things I do.
Why don’t you just stop doing stupid things? Then you wouldn’t have to apologize.
I would really love it if I could do both.
All right, I…I have to ask.
What?
Are you gonna break up with me if I get fat again?",fear,2,0,anger,False,0.47928813,0.0961037,0.13687494,0.017752867,0.031060496,0.16949902,0.06942086
143,6,Chandler,What?!,surprise,"Why don’t you just stop doing stupid things? Then you wouldn’t have to apologize.
I would really love it if I could do both.
All right, I…I have to ask.
What?
Are you gonna break up with me if I get fat again?
What?!","Why don’t you just stop doing stupid things? Then you wouldn’t have to apologize.
I would really love it if I could do both.
All right, I…I have to ask.
What?
Are you gonna break up with me if I get fat again?
What?!",surprise,6,6,surprise,True,0.012591525,0.0056879865,0.008606638,0.0065006437,0.0128353415,0.009126966,0.94465095
143,7,Monica,"Well, you broke up with Julie Grath! How much weight could she have gained?",anger,"I would really love it if I could do both.
All right, I…I have to ask.
What?
Are you gonna break up with me if I get fat again?
What?!
Well, you broke up with Julie Grath! How much weight could she have gained?","I would really love it if I could do both.
All right, I…I have to ask.
What?
Are you gonna break up with me if I get fat again?
What?!
Well, you broke up with Julie Grath! How much weight could she have gained?",anger,0,4,neutral,False,0.1023307,0.013303267,0.013193091,0.14184201,0.6488535,0.031760857,0.048716586
143,8,Chandler,A hundred and forty-five pounds.,disgust,"All right, I…I have to ask.
What?
Are you gonna break up with me if I get fat again?
What?!
Well, you broke up with Julie Grath! How much weight could she have gained?
A hundred and forty-five pounds.","All right, I…I have to ask.
What?
Are you gonna break up with me if I get fat again?
What?!
Well, you broke up with Julie Grath! How much weight could she have gained?
A hundred and forty-five pounds.",disgust,1,4,neutral,False,0.026504133,0.010200078,0.0043320637,0.036259316,0.89847535,0.006826868,0.017402092
144,5,Frannie,Monica! What,surprise,"Yes, yes it is. It’s uh…  Every time on the lips! Why?! Why on lips?!
Here’s Frannie. Hmm, won’t she be happy to see me?
Now wait a minute, you be nice! All right? I didn’t bring you here so you can ambush her.
Frannie was the one who found your
That bitch!
Monica! What","Yes, yes it is. It’s uh…  Every time on the lips! Why?! Why on lips?!
Here’s Frannie. Hmm, won’t she be happy to see me?
Now wait a minute, you be nice! All right? I didn’t bring you here so you can ambush her.
Frannie was the one who found your
That bitch!
Monica! What",surprise,6,6,surprise,True,0.03993347,0.008182301,0.008329924,0.022413388,0.02862278,0.009703837,0.8828143
144,6,Monica,Am I doing here? Why? Surprised to see me? Ross brought me. How do you like that?!,anger,"Here’s Frannie. Hmm, won’t she be happy to see me?
Now wait a minute, you be nice! All right? I didn’t bring you here so you can ambush her.
Frannie was the one who found your
That bitch!
Monica! What
Am I doing here? Why? Surprised to see me? Ross brought me. How do you like that?!","Here’s Frannie. Hmm, won’t she be happy to see me?
Now wait a minute, you be nice! All right? I didn’t bring you here so you can ambush her.
Frannie was the one who found your
That bitch!
Monica! What
Am I doing here? Why? Surprised to see me? Ross brought me. How do you like that?!",anger,0,6,surprise,False,0.08166131,0.020912014,0.009704266,0.28723592,0.014445292,0.015165569,0.57087564
144,7,Ross,"Hi Frannie, congratulations.",neutral,"Now wait a minute, you be nice! All right? I didn’t bring you here so you can ambush her.
Frannie was the one who found your
That bitch!
Monica! What
Am I doing here? Why? Surprised to see me? Ross brought me. How do you like that?!
Hi Frannie, congratulations.","Now wait a minute, you be nice! All right? I didn’t bring you here so you can ambush her.
Frannie was the one who found your
That bitch!
Monica! What
Am I doing here? Why? Surprised to see me? Ross brought me. How do you like that?!
Hi Frannie, congratulations.",neutral,4,3,joy,False,0.009257288,0.001675098,0.0013830132,0.93953866,0.03576098,0.005900792,0.0064841234
144,8,Monica,"You invite my brother, you invite my whole family, and not me?!",anger,"Frannie was the one who found your
That bitch!
Monica! What
Am I doing here? Why? Surprised to see me? Ross brought me. How do you like that?!
Hi Frannie, congratulations.
You invite my brother, you invite my whole family, and not me?!","Frannie was the one who found your
That bitch!
Monica! What
Am I doing here? Why? Surprised to see me? Ross brought me. How do you like that?!
Hi Frannie, congratulations.
You invite my brother, you invite my whole family, and not me?!",anger,0,0,anger,True,0.5033575,0.023229523,0.030076634,0.04747831,0.014494891,0.027377475,0.3539856
144,9,Monica,Why?!,surprise,"That bitch!
Monica! What
Am I doing here? Why? Surprised to see me? Ross brought me. How do you like that?!
Hi Frannie, congratulations.
You invite my brother, you invite my whole family, and not me?!
Why?!","That bitch!
Monica! What
Am I doing here? Why? Surprised to see me? Ross brought me. How do you like that?!
Hi Frannie, congratulations.
You invite my brother, you invite my whole family, and not me?!
Why?!",surprise,6,6,surprise,True,0.048268683,0.007436065,0.016869705,0.059759613,0.22677062,0.012058101,0.62883717
144,10,Monica,What—Why wouldn’t you want me at your wedding?,anger,"Monica! What
Am I doing here? Why? Surprised to see me? Ross brought me. How do you like that?!
Hi Frannie, congratulations.
You invite my brother, you invite my whole family, and not me?!
Why?!
What—Why wouldn’t you want me at your wedding?","Monica! What
Am I doing here? Why? Surprised to see me? Ross brought me. How do you like that?!
Hi Frannie, congratulations.
You invite my brother, you invite my whole family, and not me?!
Why?!
What—Why wouldn’t you want me at your wedding?",anger,0,6,surprise,False,0.15790802,0.011191333,0.047432426,0.020360155,0.062607475,0.034581803,0.6659188
144,11,Monica,What could I have possibly done?!,anger,"Am I doing here? Why? Surprised to see me? Ross brought me. How do you like that?!
Hi Frannie, congratulations.
You invite my brother, you invite my whole family, and not me?!
Why?!
What—Why wouldn’t you want me at your wedding?
What could I have possibly done?!","Am I doing here? Why? Surprised to see me? Ross brought me. How do you like that?!
Hi Frannie, congratulations.
You invite my brother, you invite my whole family, and not me?!
Why?!
What—Why wouldn’t you want me at your wedding?
What could I have possibly done?!",anger,0,0,anger,True,0.5368273,0.015494915,0.058888193,0.04742135,0.021106988,0.070292644,0.24996866
144,12,Monica,Stuart!,anger,"Hi Frannie, congratulations.
You invite my brother, you invite my whole family, and not me?!
Why?!
What—Why wouldn’t you want me at your wedding?
What could I have possibly done?!
Stuart!","Hi Frannie, congratulations.
You invite my brother, you invite my whole family, and not me?!
Why?!
What—Why wouldn’t you want me at your wedding?
What could I have possibly done?!
Stuart!",anger,0,0,anger,True,0.5263829,0.017630802,0.03917098,0.10843566,0.019535976,0.03535478,0.25348893
144,13,Frannie,I believe you know my husband.,neutral,"You invite my brother, you invite my whole family, and not me?!
Why?!
What—Why wouldn’t you want me at your wedding?
What could I have possibly done?!
Stuart!
I believe you know my husband.","You invite my brother, you invite my whole family, and not me?!
Why?!
What—Why wouldn’t you want me at your wedding?
What could I have possibly done?!
Stuart!
I believe you know my husband.",neutral,4,0,anger,False,0.34244794,0.056369573,0.051454797,0.069005385,0.17788658,0.07557083,0.22726493
144,14,Ross,So it’s really a question of,neutral,"Why?!
What—Why wouldn’t you want me at your wedding?
What could I have possibly done?!
Stuart!
I believe you know my husband.
So it’s really a question of","Why?!
What—Why wouldn’t you want me at your wedding?
What could I have possibly done?!
Stuart!
I believe you know my husband.
So it’s really a question of",neutral,4,4,neutral,True,0.031030811,0.006897935,0.028643513,0.020127714,0.87260675,0.021685842,0.01900738
145,5,Gary,What's up?,neutral,"Hey ladies! What are you in here for?
Hey Chandler, what are you doing here?
Gary, I'm here to report a crime.
Yeah?
It is a crime that you and I don't spend more time together.
What's up?","Hey ladies! What are you in here for?
Hey Chandler, what are you doing here?
Gary, I'm here to report a crime.
Yeah?
It is a crime that you and I don't spend more time together.
What's up?",neutral,4,4,neutral,True,0.0142694665,0.0019673195,0.0048658247,0.034123614,0.92750525,0.0042690937,0.012999413
145,6,Chandler,"Well, I heard that you thinking about asking Phoebe to move in with you and I thought maybe, we should have a talk.",neutral,"Hey Chandler, what are you doing here?
Gary, I'm here to report a crime.
Yeah?
It is a crime that you and I don't spend more time together.
What's up?
Well, I heard that you thinking about asking Phoebe to move in with you and I thought maybe, we should have a talk.","Hey Chandler, what are you doing here?
Gary, I'm here to report a crime.
Yeah?
It is a crime that you and I don't spend more time together.
What's up?
Well, I heard that you thinking about asking Phoebe to move in with you and I thought maybe, we should have a talk.",neutral,4,4,neutral,True,0.01246484,0.004972732,0.008889846,0.033827495,0.9244744,0.009965179,0.0054054973
145,7,Chandler,"Man to uh, me.",neutral,"Gary, I'm here to report a crime.
Yeah?
It is a crime that you and I don't spend more time together.
What's up?
Well, I heard that you thinking about asking Phoebe to move in with you and I thought maybe, we should have a talk.
Man to uh, me.","Gary, I'm here to report a crime.
Yeah?
It is a crime that you and I don't spend more time together.
What's up?
Well, I heard that you thinking about asking Phoebe to move in with you and I thought maybe, we should have a talk.
Man to uh, me.",neutral,4,4,neutral,True,0.02794245,0.03486944,0.02831694,0.06511525,0.7574966,0.07450137,0.011758036
145,8,Gary,Sure. Okay.,neutral,"Yeah?
It is a crime that you and I don't spend more time together.
What's up?
Well, I heard that you thinking about asking Phoebe to move in with you and I thought maybe, we should have a talk.
Man to uh, me.
Sure. Okay.","Yeah?
It is a crime that you and I don't spend more time together.
What's up?
Well, I heard that you thinking about asking Phoebe to move in with you and I thought maybe, we should have a talk.
Man to uh, me.
Sure. Okay.",neutral,4,4,neutral,True,0.0074367733,0.0019039082,0.0043304903,0.034421626,0.9462446,0.003928656,0.0017339332
145,9,Chandler,"Uh, are you crazy? Are you insane? If you live with Phoebe, you two are gonna be y'know, live-living together!",surprise,"It is a crime that you and I don't spend more time together.
What's up?
Well, I heard that you thinking about asking Phoebe to move in with you and I thought maybe, we should have a talk.
Man to uh, me.
Sure. Okay.
Uh, are you crazy? Are you insane? If you live with Phoebe, you two are gonna be y'know, live-living together!","It is a crime that you and I don't spend more time together.
What's up?
Well, I heard that you thinking about asking Phoebe to move in with you and I thought maybe, we should have a talk.
Man to uh, me.
Sure. Okay.
Uh, are you crazy? Are you insane? If you live with Phoebe, you two are gonna be y'know, live-living together!",surprise,6,0,anger,False,0.5708241,0.017098734,0.056923714,0.14666338,0.16074196,0.031457912,0.016290167
145,10,Gary,"Yeah, I-I considered that. I just know it would make me happy.",neutral,"What's up?
Well, I heard that you thinking about asking Phoebe to move in with you and I thought maybe, we should have a talk.
Man to uh, me.
Sure. Okay.
Uh, are you crazy? Are you insane? If you live with Phoebe, you two are gonna be y'know, live-living together!
Yeah, I-I considered that. I just know it would make me happy.","What's up?
Well, I heard that you thinking about asking Phoebe to move in with you and I thought maybe, we should have a talk.
Man to uh, me.
Sure. Okay.
Uh, are you crazy? Are you insane? If you live with Phoebe, you two are gonna be y'know, live-living together!
Yeah, I-I considered that. I just know it would make me happy.",neutral,4,3,joy,False,0.054377347,0.0062822946,0.012578238,0.71574247,0.12066716,0.084054284,0.00629823
145,11,Chandler,You mean scared.,neutral,"Well, I heard that you thinking about asking Phoebe to move in with you and I thought maybe, we should have a talk.
Man to uh, me.
Sure. Okay.
Uh, are you crazy? Are you insane? If you live with Phoebe, you two are gonna be y'know, live-living together!
Yeah, I-I considered that. I just know it would make me happy.
You mean scared.","Well, I heard that you thinking about asking Phoebe to move in with you and I thought maybe, we should have a talk.
Man to uh, me.
Sure. Okay.
Uh, are you crazy? Are you insane? If you live with Phoebe, you two are gonna be y'know, live-living together!
Yeah, I-I considered that. I just know it would make me happy.
You mean scared.",neutral,4,4,neutral,True,0.12507461,0.1499313,0.22167479,0.039841633,0.36530766,0.07799144,0.020178532
145,12,Gary,"No, I mean happy.",neutral,"Man to uh, me.
Sure. Okay.
Uh, are you crazy? Are you insane? If you live with Phoebe, you two are gonna be y'know, live-living together!
Yeah, I-I considered that. I just know it would make me happy.
You mean scared.
No, I mean happy.","Man to uh, me.
Sure. Okay.
Uh, are you crazy? Are you insane? If you live with Phoebe, you two are gonna be y'know, live-living together!
Yeah, I-I considered that. I just know it would make me happy.
You mean scared.
No, I mean happy.",neutral,4,4,neutral,True,0.048079204,0.011162353,0.017266544,0.17427903,0.7018791,0.042323533,0.0050102323
146,5,Rachel,"Yeah, I feel kinda bad for them, but I’m also really psyched ‘cause I don’t have to move in here!",joy,"Hey! Oh listen, I was just clearing some space for your stuff.
Oh thanks, but listen, I was just at Monica’s and she and Chandler had a big fight and they’re not moving in.
What do you mean, they’re not moving in? They-they’re still moving in right?
No-no, they just had a big blowout over what to do with my room.
What?! Over a stupid room!
Yeah, I feel kinda bad for them, but I’m also really psyched ‘cause I don’t have to move in here!","Hey! Oh listen, I was just clearing some space for your stuff.
Oh thanks, but listen, I was just at Monica’s and she and Chandler had a big fight and they’re not moving in.
What do you mean, they’re not moving in? They-they’re still moving in right?
No-no, they just had a big blowout over what to do with my room.
What?! Over a stupid room!
Yeah, I feel kinda bad for them, but I’m also really psyched ‘cause I don’t have to move in here!",joy,3,3,joy,True,0.07259509,0.012544992,0.0061562927,0.82570964,0.021532733,0.041983712,0.019477522
146,6,Ross,"Oh no, yeah no, that part’s great!",joy,"Oh thanks, but listen, I was just at Monica’s and she and Chandler had a big fight and they’re not moving in.
What do you mean, they’re not moving in? They-they’re still moving in right?
No-no, they just had a big blowout over what to do with my room.
What?! Over a stupid room!
Yeah, I feel kinda bad for them, but I’m also really psyched ‘cause I don’t have to move in here!
Oh no, yeah no, that part’s great!","Oh thanks, but listen, I was just at Monica’s and she and Chandler had a big fight and they’re not moving in.
What do you mean, they’re not moving in? They-they’re still moving in right?
No-no, they just had a big blowout over what to do with my room.
What?! Over a stupid room!
Yeah, I feel kinda bad for them, but I’m also really psyched ‘cause I don’t have to move in here!
Oh no, yeah no, that part’s great!",joy,3,3,joy,True,0.014706333,0.00544526,0.004319294,0.9179129,0.026118506,0.009922743,0.021574894
147,5,Monica,"Come on, I'll only use my left hand, huh?",anger,"Shut-out!!
Where are you guys going? Come on, one more game!
Uh, it's 2:30 in the morning!
Yeah, get out!
You guys are always hanging out in my apartment!
Come on, I'll only use my left hand, huh?","Shut-out!!
Where are you guys going? Come on, one more game!
Uh, it's 2:30 in the morning!
Yeah, get out!
You guys are always hanging out in my apartment!
Come on, I'll only use my left hand, huh?",anger,0,4,neutral,False,0.12847227,0.034818962,0.07656293,0.06376094,0.5531426,0.045986105,0.09725622
147,6,Monica,"Come on, wussies!",anger,"Where are you guys going? Come on, one more game!
Uh, it's 2:30 in the morning!
Yeah, get out!
You guys are always hanging out in my apartment!
Come on, I'll only use my left hand, huh?
Come on, wussies!","Where are you guys going? Come on, one more game!
Uh, it's 2:30 in the morning!
Yeah, get out!
You guys are always hanging out in my apartment!
Come on, I'll only use my left hand, huh?
Come on, wussies!",anger,0,0,anger,True,0.54940933,0.17907156,0.07574167,0.069738194,0.031004438,0.057986658,0.03704811
147,7,Monica,"All right, ok, I gotta go.",neutral,"Uh, it's 2:30 in the morning!
Yeah, get out!
You guys are always hanging out in my apartment!
Come on, I'll only use my left hand, huh?
Come on, wussies!
All right, ok, I gotta go.","Uh, it's 2:30 in the morning!
Yeah, get out!
You guys are always hanging out in my apartment!
Come on, I'll only use my left hand, huh?
Come on, wussies!
All right, ok, I gotta go.",neutral,4,4,neutral,True,0.04238604,0.009493731,0.040914744,0.117408894,0.7565479,0.027143454,0.00610516
147,8,Monica,"I'm going,  and I'm gone.",neutral,"Yeah, get out!
You guys are always hanging out in my apartment!
Come on, I'll only use my left hand, huh?
Come on, wussies!
All right, ok, I gotta go.
I'm going,  and I'm gone.","Yeah, get out!
You guys are always hanging out in my apartment!
Come on, I'll only use my left hand, huh?
Come on, wussies!
All right, ok, I gotta go.
I'm going,  and I'm gone.",neutral,4,5,sadness,False,0.19382653,0.023890654,0.095592454,0.058330882,0.09609716,0.51719546,0.015066885
147,9,Chandler,One more game?,neutral,"You guys are always hanging out in my apartment!
Come on, I'll only use my left hand, huh?
Come on, wussies!
All right, ok, I gotta go.
I'm going,  and I'm gone.
One more game?","You guys are always hanging out in my apartment!
Come on, I'll only use my left hand, huh?
Come on, wussies!
All right, ok, I gotta go.
I'm going,  and I'm gone.
One more game?",neutral,4,4,neutral,True,0.051751003,0.005674174,0.02389803,0.054936927,0.6934973,0.026339708,0.14390282
147,10,Joey,Oh yeah!,joy,"Come on, I'll only use my left hand, huh?
Come on, wussies!
All right, ok, I gotta go.
I'm going,  and I'm gone.
One more game?
Oh yeah!","Come on, I'll only use my left hand, huh?
Come on, wussies!
All right, ok, I gotta go.
I'm going,  and I'm gone.
One more game?
Oh yeah!",joy,3,6,surprise,False,0.029691502,0.030404244,0.024158636,0.19300593,0.037383955,0.015944099,0.66941166
150,5,Gunther,Rachel has those in burgendy.,neutral,"Honey, honey, people are looking.
I don’t care!  I don’t care!!
Yeah, um, I’m, I’m leaving now.
You can’t leave! I have your shoe!
Good-bye Chandler Bing.
Rachel has those in burgendy.","Honey, honey, people are looking.
I don’t care!  I don’t care!!
Yeah, um, I’m, I’m leaving now.
You can’t leave! I have your shoe!
Good-bye Chandler Bing.
Rachel has those in burgendy.",neutral,4,4,neutral,True,0.010023219,0.0025998154,0.0024944649,0.05876973,0.91784936,0.0045293397,0.0037341868
153,5,Joey,If you're afraid of bugs.....get a bug.,neutral,"Where there is no fear of commitment.
Do we have any... Do we have any thoughts here?
Well, I've never been through the tunnel myself, 'cause as I understand it, you're not allowed to go through with more than one girl in the car, right.
But, it seems to me it's pretty much like anything else, you know, face your fear.
It have a fear of heights, you go to the top of the building!
If you're afraid of bugs.....get a bug.","Where there is no fear of commitment.
Do we have any... Do we have any thoughts here?
Well, I've never been through the tunnel myself, 'cause as I understand it, you're not allowed to go through with more than one girl in the car, right.
But, it seems to me it's pretty much like anything else, you know, face your fear.
It have a fear of heights, you go to the top of the building!
If you're afraid of bugs.....get a bug.",neutral,4,1,disgust,False,0.22054684,0.3652462,0.15663119,0.037167136,0.119591944,0.053648826,0.047167886
153,6,Joey,Right.,neutral,"Do we have any... Do we have any thoughts here?
Well, I've never been through the tunnel myself, 'cause as I understand it, you're not allowed to go through with more than one girl in the car, right.
But, it seems to me it's pretty much like anything else, you know, face your fear.
It have a fear of heights, you go to the top of the building!
If you're afraid of bugs.....get a bug.
Right.","Do we have any... Do we have any thoughts here?
Well, I've never been through the tunnel myself, 'cause as I understand it, you're not allowed to go through with more than one girl in the car, right.
But, it seems to me it's pretty much like anything else, you know, face your fear.
It have a fear of heights, you go to the top of the building!
If you're afraid of bugs.....get a bug.
Right.",neutral,4,4,neutral,True,0.02347935,0.0042163003,0.008756959,0.0613139,0.89170206,0.00797131,0.0025601017
153,7,Joey,"In this case, you have a fear of commitment, so I say you go in there and be the most committed guy there ever was.",neutral,"Well, I've never been through the tunnel myself, 'cause as I understand it, you're not allowed to go through with more than one girl in the car, right.
But, it seems to me it's pretty much like anything else, you know, face your fear.
It have a fear of heights, you go to the top of the building!
If you're afraid of bugs.....get a bug.
Right.
In this case, you have a fear of commitment, so I say you go in there and be the most committed guy there ever was.","Well, I've never been through the tunnel myself, 'cause as I understand it, you're not allowed to go through with more than one girl in the car, right.
But, it seems to me it's pretty much like anything else, you know, face your fear.
It have a fear of heights, you go to the top of the building!
If you're afraid of bugs.....get a bug.
Right.
In this case, you have a fear of commitment, so I say you go in there and be the most committed guy there ever was.",neutral,4,4,neutral,True,0.08221045,0.029321283,0.013159433,0.087419756,0.7684873,0.013918958,0.0054828026
153,8,Rachel,"Amazingly, that makes sense.",joy,"But, it seems to me it's pretty much like anything else, you know, face your fear.
It have a fear of heights, you go to the top of the building!
If you're afraid of bugs.....get a bug.
Right.
In this case, you have a fear of commitment, so I say you go in there and be the most committed guy there ever was.
Amazingly, that makes sense.","But, it seems to me it's pretty much like anything else, you know, face your fear.
It have a fear of heights, you go to the top of the building!
If you're afraid of bugs.....get a bug.
Right.
In this case, you have a fear of commitment, so I say you go in there and be the most committed guy there ever was.
Amazingly, that makes sense.",joy,3,3,joy,True,0.023734702,0.004282001,0.002555811,0.8891279,0.051291358,0.013422249,0.015585985
153,9,Chandler,You think?,neutral,"It have a fear of heights, you go to the top of the building!
If you're afraid of bugs.....get a bug.
Right.
In this case, you have a fear of commitment, so I say you go in there and be the most committed guy there ever was.
Amazingly, that makes sense.
You think?","It have a fear of heights, you go to the top of the building!
If you're afraid of bugs.....get a bug.
Right.
In this case, you have a fear of commitment, so I say you go in there and be the most committed guy there ever was.
Amazingly, that makes sense.
You think?",neutral,4,6,surprise,False,0.012186859,0.004301676,0.016238008,0.051828083,0.3207645,0.011828696,0.5828522
153,10,Joey,"Oh, yeah. Go for it man, jump off the high dive, stare down the barrel of the gun, pee into the wind!",joy,"If you're afraid of bugs.....get a bug.
Right.
In this case, you have a fear of commitment, so I say you go in there and be the most committed guy there ever was.
Amazingly, that makes sense.
You think?
Oh, yeah. Go for it man, jump off the high dive, stare down the barrel of the gun, pee into the wind!","If you're afraid of bugs.....get a bug.
Right.
In this case, you have a fear of commitment, so I say you go in there and be the most committed guy there ever was.
Amazingly, that makes sense.
You think?
Oh, yeah. Go for it man, jump off the high dive, stare down the barrel of the gun, pee into the wind!",joy,3,1,disgust,False,0.20989344,0.27177697,0.08459171,0.16059281,0.1666723,0.049258646,0.05721414
153,11,Chandler,"Yeah, Joe, I assure you if I'm staring down the barrel of a gun, I'm pretty much peeing every which way.",fear,"Right.
In this case, you have a fear of commitment, so I say you go in there and be the most committed guy there ever was.
Amazingly, that makes sense.
You think?
Oh, yeah. Go for it man, jump off the high dive, stare down the barrel of the gun, pee into the wind!
Yeah, Joe, I assure you if I'm staring down the barrel of a gun, I'm pretty much peeing every which way.","Right.
In this case, you have a fear of commitment, so I say you go in there and be the most committed guy there ever was.
Amazingly, that makes sense.
You think?
Oh, yeah. Go for it man, jump off the high dive, stare down the barrel of the gun, pee into the wind!
Yeah, Joe, I assure you if I'm staring down the barrel of a gun, I'm pretty much peeing every which way.",fear,2,4,neutral,False,0.045295037,0.19425647,0.055377383,0.08331622,0.5473492,0.056206457,0.0181993
154,5,Ross,Hey where-where are the pictures that creepy pretzel vendor took of us together?,neutral,"Hey!  Hey!
Hi!
Hi! Look! I got our pictures developed from Rockefeller Center.
Oh great! Hey-hey Joey, do you want to check out pictures of me and Mona ice skating?
Oh uh, ordinarily I would love too, but I am just swamped right now.
Hey where-where are the pictures that creepy pretzel vendor took of us together?","Hey!  Hey!
Hi!
Hi! Look! I got our pictures developed from Rockefeller Center.
Oh great! Hey-hey Joey, do you want to check out pictures of me and Mona ice skating?
Oh uh, ordinarily I would love too, but I am just swamped right now.
Hey where-where are the pictures that creepy pretzel vendor took of us together?",neutral,4,4,neutral,True,0.011565874,0.0036726648,0.0033410601,0.023823144,0.94599885,0.0031137117,0.008484603
154,6,Mona,"Oh yeah, probably at the end.  Oh my God! He only took pictures of my breasts!",surprise,"Hi!
Hi! Look! I got our pictures developed from Rockefeller Center.
Oh great! Hey-hey Joey, do you want to check out pictures of me and Mona ice skating?
Oh uh, ordinarily I would love too, but I am just swamped right now.
Hey where-where are the pictures that creepy pretzel vendor took of us together?
Oh yeah, probably at the end.  Oh my God! He only took pictures of my breasts!","Hi!
Hi! Look! I got our pictures developed from Rockefeller Center.
Oh great! Hey-hey Joey, do you want to check out pictures of me and Mona ice skating?
Oh uh, ordinarily I would love too, but I am just swamped right now.
Hey where-where are the pictures that creepy pretzel vendor took of us together?
Oh yeah, probably at the end.  Oh my God! He only took pictures of my breasts!",surprise,6,6,surprise,True,0.015189209,0.023033272,0.0049057393,0.028139956,0.0053375782,0.007904496,0.91548985
154,7,Joey,I’m missin’ picture time?!,joy,"Hi! Look! I got our pictures developed from Rockefeller Center.
Oh great! Hey-hey Joey, do you want to check out pictures of me and Mona ice skating?
Oh uh, ordinarily I would love too, but I am just swamped right now.
Hey where-where are the pictures that creepy pretzel vendor took of us together?
Oh yeah, probably at the end.  Oh my God! He only took pictures of my breasts!
I’m missin’ picture time?!","Hi! Look! I got our pictures developed from Rockefeller Center.
Oh great! Hey-hey Joey, do you want to check out pictures of me and Mona ice skating?
Oh uh, ordinarily I would love too, but I am just swamped right now.
Hey where-where are the pictures that creepy pretzel vendor took of us together?
Oh yeah, probably at the end.  Oh my God! He only took pictures of my breasts!
I’m missin’ picture time?!",joy,3,6,surprise,False,0.06839646,0.026656836,0.031133924,0.03306497,0.022618541,0.07159214,0.7465372
154,8,Phoebe,Y’know she has a face Ross!,anger,"Oh great! Hey-hey Joey, do you want to check out pictures of me and Mona ice skating?
Oh uh, ordinarily I would love too, but I am just swamped right now.
Hey where-where are the pictures that creepy pretzel vendor took of us together?
Oh yeah, probably at the end.  Oh my God! He only took pictures of my breasts!
I’m missin’ picture time?!
Y’know she has a face Ross!","Oh great! Hey-hey Joey, do you want to check out pictures of me and Mona ice skating?
Oh uh, ordinarily I would love too, but I am just swamped right now.
Hey where-where are the pictures that creepy pretzel vendor took of us together?
Oh yeah, probably at the end.  Oh my God! He only took pictures of my breasts!
I’m missin’ picture time?!
Y’know she has a face Ross!",anger,0,0,anger,True,0.32184035,0.021076487,0.026472995,0.27915093,0.0441629,0.041665997,0.26563036
154,9,Mona,"Okay. Okay, here’s a good one of us.",joy,"Oh uh, ordinarily I would love too, but I am just swamped right now.
Hey where-where are the pictures that creepy pretzel vendor took of us together?
Oh yeah, probably at the end.  Oh my God! He only took pictures of my breasts!
I’m missin’ picture time?!
Y’know she has a face Ross!
Okay. Okay, here’s a good one of us.","Oh uh, ordinarily I would love too, but I am just swamped right now.
Hey where-where are the pictures that creepy pretzel vendor took of us together?
Oh yeah, probably at the end.  Oh my God! He only took pictures of my breasts!
I’m missin’ picture time?!
Y’know she has a face Ross!
Okay. Okay, here’s a good one of us.",joy,3,4,neutral,False,0.0089954715,0.0030380872,0.0018924276,0.045172956,0.9359057,0.0024264976,0.0025689183
154,10,Ross,Wow!,joy,"Hey where-where are the pictures that creepy pretzel vendor took of us together?
Oh yeah, probably at the end.  Oh my God! He only took pictures of my breasts!
I’m missin’ picture time?!
Y’know she has a face Ross!
Okay. Okay, here’s a good one of us.
Wow!","Hey where-where are the pictures that creepy pretzel vendor took of us together?
Oh yeah, probably at the end.  Oh my God! He only took pictures of my breasts!
I’m missin’ picture time?!
Y’know she has a face Ross!
Okay. Okay, here’s a good one of us.
Wow!",joy,3,6,surprise,False,0.0057476,0.00652083,0.0027767243,0.036416996,0.007254659,0.0043615573,0.93692166
154,11,Ross,That is a good one!,joy,"Oh yeah, probably at the end.  Oh my God! He only took pictures of my breasts!
I’m missin’ picture time?!
Y’know she has a face Ross!
Okay. Okay, here’s a good one of us.
Wow!
That is a good one!","Oh yeah, probably at the end.  Oh my God! He only took pictures of my breasts!
I’m missin’ picture time?!
Y’know she has a face Ross!
Okay. Okay, here’s a good one of us.
Wow!
That is a good one!",joy,3,3,joy,True,0.018351914,0.010114351,0.0041835792,0.4736229,0.01446646,0.0072483616,0.47201246
154,12,Ross,"Wow, it looks like a, like a holiday card y’know, with the tree in the middle and the skaters and the snow.",joy,"I’m missin’ picture time?!
Y’know she has a face Ross!
Okay. Okay, here’s a good one of us.
Wow!
That is a good one!
Wow, it looks like a, like a holiday card y’know, with the tree in the middle and the skaters and the snow.","I’m missin’ picture time?!
Y’know she has a face Ross!
Okay. Okay, here’s a good one of us.
Wow!
That is a good one!
Wow, it looks like a, like a holiday card y’know, with the tree in the middle and the skaters and the snow.",joy,3,3,joy,True,0.013579715,0.01185186,0.0067068213,0.45129058,0.27536178,0.009205595,0.23200364
154,13,Mona,"Y’know, every year I say I’m gonna send out holiday cards and I never do it.",neutral,"Y’know she has a face Ross!
Okay. Okay, here’s a good one of us.
Wow!
That is a good one!
Wow, it looks like a, like a holiday card y’know, with the tree in the middle and the skaters and the snow.
Y’know, every year I say I’m gonna send out holiday cards and I never do it.","Y’know she has a face Ross!
Okay. Okay, here’s a good one of us.
Wow!
That is a good one!
Wow, it looks like a, like a holiday card y’know, with the tree in the middle and the skaters and the snow.
Y’know, every year I say I’m gonna send out holiday cards and I never do it.",neutral,4,0,anger,False,0.26450017,0.025611872,0.08827893,0.24927688,0.12433811,0.2304975,0.017496608
154,14,Mona,"Do you wanna, do you wanna send this one out together?",neutral,"Okay. Okay, here’s a good one of us.
Wow!
That is a good one!
Wow, it looks like a, like a holiday card y’know, with the tree in the middle and the skaters and the snow.
Y’know, every year I say I’m gonna send out holiday cards and I never do it.
Do you wanna, do you wanna send this one out together?","Okay. Okay, here’s a good one of us.
Wow!
That is a good one!
Wow, it looks like a, like a holiday card y’know, with the tree in the middle and the skaters and the snow.
Y’know, every year I say I’m gonna send out holiday cards and I never do it.
Do you wanna, do you wanna send this one out together?",neutral,4,4,neutral,True,0.03978549,0.010251669,0.041497752,0.20897329,0.635508,0.039626162,0.024357632
154,15,Ross,Together? Like-like to people?,surprise,"Wow!
That is a good one!
Wow, it looks like a, like a holiday card y’know, with the tree in the middle and the skaters and the snow.
Y’know, every year I say I’m gonna send out holiday cards and I never do it.
Do you wanna, do you wanna send this one out together?
Together? Like-like to people?","Wow!
That is a good one!
Wow, it looks like a, like a holiday card y’know, with the tree in the middle and the skaters and the snow.
Y’know, every year I say I’m gonna send out holiday cards and I never do it.
Do you wanna, do you wanna send this one out together?
Together? Like-like to people?",surprise,6,4,neutral,False,0.049888648,0.07840361,0.06583455,0.061872873,0.6715611,0.058477476,0.013961766
154,16,Mona,"Yeah, y’know. Happy holidays from Mona and Ross. It’ll be cute, okay?",joy,"That is a good one!
Wow, it looks like a, like a holiday card y’know, with the tree in the middle and the skaters and the snow.
Y’know, every year I say I’m gonna send out holiday cards and I never do it.
Do you wanna, do you wanna send this one out together?
Together? Like-like to people?
Yeah, y’know. Happy holidays from Mona and Ross. It’ll be cute, okay?","That is a good one!
Wow, it looks like a, like a holiday card y’know, with the tree in the middle and the skaters and the snow.
Y’know, every year I say I’m gonna send out holiday cards and I never do it.
Do you wanna, do you wanna send this one out together?
Together? Like-like to people?
Yeah, y’know. Happy holidays from Mona and Ross. It’ll be cute, okay?",joy,3,3,joy,True,0.011286073,0.004453122,0.0046979296,0.66103244,0.29471877,0.011784558,0.01202714
154,17,Ross,Okay.,joy,"Wow, it looks like a, like a holiday card y’know, with the tree in the middle and the skaters and the snow.
Y’know, every year I say I’m gonna send out holiday cards and I never do it.
Do you wanna, do you wanna send this one out together?
Together? Like-like to people?
Yeah, y’know. Happy holidays from Mona and Ross. It’ll be cute, okay?
Okay.","Wow, it looks like a, like a holiday card y’know, with the tree in the middle and the skaters and the snow.
Y’know, every year I say I’m gonna send out holiday cards and I never do it.
Do you wanna, do you wanna send this one out together?
Together? Like-like to people?
Yeah, y’know. Happy holidays from Mona and Ross. It’ll be cute, okay?
Okay.",joy,3,4,neutral,False,0.005756967,0.0019294927,0.003926706,0.07297684,0.90720433,0.005834724,0.002370923
154,18,Mona,"Oh, I gotta get to work. So call me later?",neutral,"Y’know, every year I say I’m gonna send out holiday cards and I never do it.
Do you wanna, do you wanna send this one out together?
Together? Like-like to people?
Yeah, y’know. Happy holidays from Mona and Ross. It’ll be cute, okay?
Okay.
Oh, I gotta get to work. So call me later?","Y’know, every year I say I’m gonna send out holiday cards and I never do it.
Do you wanna, do you wanna send this one out together?
Together? Like-like to people?
Yeah, y’know. Happy holidays from Mona and Ross. It’ll be cute, okay?
Okay.
Oh, I gotta get to work. So call me later?",neutral,4,4,neutral,True,0.010048443,0.0028342747,0.0054126056,0.105385095,0.8565261,0.008828252,0.010965263
154,19,Ross,"Uh sure, sure.",neutral,"Do you wanna, do you wanna send this one out together?
Together? Like-like to people?
Yeah, y’know. Happy holidays from Mona and Ross. It’ll be cute, okay?
Okay.
Oh, I gotta get to work. So call me later?
Uh sure, sure.","Do you wanna, do you wanna send this one out together?
Together? Like-like to people?
Yeah, y’know. Happy holidays from Mona and Ross. It’ll be cute, okay?
Okay.
Oh, I gotta get to work. So call me later?
Uh sure, sure.",neutral,4,4,neutral,True,0.0051050475,0.0027010683,0.007623972,0.06538101,0.9077674,0.0073503084,0.0040711937
154,20,Mona,Bye guys.,neutral,"Together? Like-like to people?
Yeah, y’know. Happy holidays from Mona and Ross. It’ll be cute, okay?
Okay.
Oh, I gotta get to work. So call me later?
Uh sure, sure.
Bye guys.","Together? Like-like to people?
Yeah, y’know. Happy holidays from Mona and Ross. It’ll be cute, okay?
Okay.
Oh, I gotta get to work. So call me later?
Uh sure, sure.
Bye guys.",neutral,4,4,neutral,True,0.013437601,0.0033186509,0.006427547,0.17312472,0.7782808,0.021227753,0.0041828733
155,5,Rachel,"Oh my God. I cannot keep having this same fight with you Ross! Look, urrgh, maybe we should take a break.",sadness,"I mean, I don’t feel like I even have a girlfriend anymore.
You want me to just quit my job so that you can feel like you’ve got a girlfriend?
Is this about Mark?
Oh my God.
Okay, it’s not, it’s not.
Oh my God. I cannot keep having this same fight with you Ross! Look, urrgh, maybe we should take a break.","I mean, I don’t feel like I even have a girlfriend anymore.
You want me to just quit my job so that you can feel like you’ve got a girlfriend?
Is this about Mark?
Oh my God.
Okay, it’s not, it’s not.
Oh my God. I cannot keep having this same fight with you Ross! Look, urrgh, maybe we should take a break.",sadness,5,4,neutral,False,0.013663188,0.0050107865,0.011802472,0.042612534,0.9097918,0.012931575,0.004187605
155,6,Ross,"Fine, you’re right.",neutral,"You want me to just quit my job so that you can feel like you’ve got a girlfriend?
Is this about Mark?
Oh my God.
Okay, it’s not, it’s not.
Oh my God. I cannot keep having this same fight with you Ross! Look, urrgh, maybe we should take a break.
Fine, you’re right.","You want me to just quit my job so that you can feel like you’ve got a girlfriend?
Is this about Mark?
Oh my God.
Okay, it’s not, it’s not.
Oh my God. I cannot keep having this same fight with you Ross! Look, urrgh, maybe we should take a break.
Fine, you’re right.",neutral,4,4,neutral,True,0.027125288,0.004170996,0.0074102045,0.07015687,0.8780916,0.0105130635,0.0025319585
155,7,Ross,"Let’s ah, let’s take a break,  let’s cool off, okay, let’s get some frozen yoghurt, or something..",neutral,"Is this about Mark?
Oh my God.
Okay, it’s not, it’s not.
Oh my God. I cannot keep having this same fight with you Ross! Look, urrgh, maybe we should take a break.
Fine, you’re right.
Let’s ah, let’s take a break,  let’s cool off, okay, let’s get some frozen yoghurt, or something..","Is this about Mark?
Oh my God.
Okay, it’s not, it’s not.
Oh my God. I cannot keep having this same fight with you Ross! Look, urrgh, maybe we should take a break.
Fine, you’re right.
Let’s ah, let’s take a break,  let’s cool off, okay, let’s get some frozen yoghurt, or something..",neutral,4,4,neutral,True,0.0074972566,0.007523511,0.0045015444,0.047977936,0.9201201,0.009115828,0.003263892
155,8,Rachel,No. A break from us.,sadness,"Oh my God.
Okay, it’s not, it’s not.
Oh my God. I cannot keep having this same fight with you Ross! Look, urrgh, maybe we should take a break.
Fine, you’re right.
Let’s ah, let’s take a break,  let’s cool off, okay, let’s get some frozen yoghurt, or something..
No. A break from us.","Oh my God.
Okay, it’s not, it’s not.
Oh my God. I cannot keep having this same fight with you Ross! Look, urrgh, maybe we should take a break.
Fine, you’re right.
Let’s ah, let’s take a break,  let’s cool off, okay, let’s get some frozen yoghurt, or something..
No. A break from us.",sadness,5,4,neutral,False,0.22079572,0.015366592,0.026392274,0.080042996,0.58006656,0.06733943,0.009996405
156,5,Chandler,It’s the semi-finals…of her…botchy ball tournament.,neutral,"Bing! We’re all set for tonight, 8 o’clock.
Oh uh, as it turns out, we can’t do it. Monica has to work.
Oh, my ex-wife didn’t work, unless you call turning into her mother work. Fine. Tomorrow night then.
Oh uh well tomorrow’s no good for her either.
Oh? Why not?
It’s the semi-finals…of her…botchy ball tournament.","Bing! We’re all set for tonight, 8 o’clock.
Oh uh, as it turns out, we can’t do it. Monica has to work.
Oh, my ex-wife didn’t work, unless you call turning into her mother work. Fine. Tomorrow night then.
Oh uh well tomorrow’s no good for her either.
Oh? Why not?
It’s the semi-finals…of her…botchy ball tournament.",neutral,4,4,neutral,True,0.006574745,0.0034823227,0.0026280025,0.029534481,0.9437299,0.0033983022,0.010652382
156,6,Doug,"What’s going on Bing? Does uh, your wife have a problem with me or something?",anger,"Oh uh, as it turns out, we can’t do it. Monica has to work.
Oh, my ex-wife didn’t work, unless you call turning into her mother work. Fine. Tomorrow night then.
Oh uh well tomorrow’s no good for her either.
Oh? Why not?
It’s the semi-finals…of her…botchy ball tournament.
What’s going on Bing? Does uh, your wife have a problem with me or something?","Oh uh, as it turns out, we can’t do it. Monica has to work.
Oh, my ex-wife didn’t work, unless you call turning into her mother work. Fine. Tomorrow night then.
Oh uh well tomorrow’s no good for her either.
Oh? Why not?
It’s the semi-finals…of her…botchy ball tournament.
What’s going on Bing? Does uh, your wife have a problem with me or something?",anger,0,6,surprise,False,0.09058506,0.023309521,0.105007365,0.013470779,0.08395178,0.06896392,0.6147115
156,7,Chandler,Well now-now you’re just talking crazy.,joy,"Oh, my ex-wife didn’t work, unless you call turning into her mother work. Fine. Tomorrow night then.
Oh uh well tomorrow’s no good for her either.
Oh? Why not?
It’s the semi-finals…of her…botchy ball tournament.
What’s going on Bing? Does uh, your wife have a problem with me or something?
Well now-now you’re just talking crazy.","Oh, my ex-wife didn’t work, unless you call turning into her mother work. Fine. Tomorrow night then.
Oh uh well tomorrow’s no good for her either.
Oh? Why not?
It’s the semi-finals…of her…botchy ball tournament.
What’s going on Bing? Does uh, your wife have a problem with me or something?
Well now-now you’re just talking crazy.",joy,3,1,disgust,False,0.28741828,0.44751588,0.065555535,0.029359505,0.04074935,0.075581565,0.053819824
156,8,Doug,So why can’t the three of us go out together?,neutral,"Oh uh well tomorrow’s no good for her either.
Oh? Why not?
It’s the semi-finals…of her…botchy ball tournament.
What’s going on Bing? Does uh, your wife have a problem with me or something?
Well now-now you’re just talking crazy.
So why can’t the three of us go out together?","Oh uh well tomorrow’s no good for her either.
Oh? Why not?
It’s the semi-finals…of her…botchy ball tournament.
What’s going on Bing? Does uh, your wife have a problem with me or something?
Well now-now you’re just talking crazy.
So why can’t the three of us go out together?",neutral,4,4,neutral,True,0.03285706,0.0045025055,0.009136283,0.051801544,0.8726387,0.015126408,0.013937567
156,9,Chandler,Because uh…we-we…we split up. Monica and I split up. Hold me.,sadness,"Oh? Why not?
It’s the semi-finals…of her…botchy ball tournament.
What’s going on Bing? Does uh, your wife have a problem with me or something?
Well now-now you’re just talking crazy.
So why can’t the three of us go out together?
Because uh…we-we…we split up. Monica and I split up. Hold me.","Oh? Why not?
It’s the semi-finals…of her…botchy ball tournament.
What’s going on Bing? Does uh, your wife have a problem with me or something?
Well now-now you’re just talking crazy.
So why can’t the three of us go out together?
Because uh…we-we…we split up. Monica and I split up. Hold me.",sadness,5,4,neutral,False,0.11890272,0.017615577,0.026667606,0.25822902,0.4663461,0.09806623,0.014172759
156,10,Doug,"Good God Bing I…well I can’t say I’m altogether surprised, I saw the way she looked at you, and there was no love there.",sadness,"It’s the semi-finals…of her…botchy ball tournament.
What’s going on Bing? Does uh, your wife have a problem with me or something?
Well now-now you’re just talking crazy.
So why can’t the three of us go out together?
Because uh…we-we…we split up. Monica and I split up. Hold me.
Good God Bing I…well I can’t say I’m altogether surprised, I saw the way she looked at you, and there was no love there.","It’s the semi-finals…of her…botchy ball tournament.
What’s going on Bing? Does uh, your wife have a problem with me or something?
Well now-now you’re just talking crazy.
So why can’t the three of us go out together?
Because uh…we-we…we split up. Monica and I split up. Hold me.
Good God Bing I…well I can’t say I’m altogether surprised, I saw the way she looked at you, and there was no love there.",sadness,5,5,sadness,True,0.15183187,0.04302559,0.08478186,0.14618802,0.03945698,0.5101924,0.024523217
156,11,Doug,"And the way she looked at me, pure lust.",joy,"What’s going on Bing? Does uh, your wife have a problem with me or something?
Well now-now you’re just talking crazy.
So why can’t the three of us go out together?
Because uh…we-we…we split up. Monica and I split up. Hold me.
Good God Bing I…well I can’t say I’m altogether surprised, I saw the way she looked at you, and there was no love there.
And the way she looked at me, pure lust.","What’s going on Bing? Does uh, your wife have a problem with me or something?
Well now-now you’re just talking crazy.
So why can’t the three of us go out together?
Because uh…we-we…we split up. Monica and I split up. Hold me.
Good God Bing I…well I can’t say I’m altogether surprised, I saw the way she looked at you, and there was no love there.
And the way she looked at me, pure lust.",joy,3,3,joy,True,0.04406441,0.012527405,0.009259842,0.8332216,0.061240796,0.029018015,0.010667875
156,12,Chandler,Y’know what would really help me through this tough time is choking something. Can I choke ya?,anger,"Well now-now you’re just talking crazy.
So why can’t the three of us go out together?
Because uh…we-we…we split up. Monica and I split up. Hold me.
Good God Bing I…well I can’t say I’m altogether surprised, I saw the way she looked at you, and there was no love there.
And the way she looked at me, pure lust.
Y’know what would really help me through this tough time is choking something. Can I choke ya?","Well now-now you’re just talking crazy.
So why can’t the three of us go out together?
Because uh…we-we…we split up. Monica and I split up. Hold me.
Good God Bing I…well I can’t say I’m altogether surprised, I saw the way she looked at you, and there was no love there.
And the way she looked at me, pure lust.
Y’know what would really help me through this tough time is choking something. Can I choke ya?",anger,0,3,joy,False,0.05763056,0.013482636,0.04857369,0.50610995,0.121661246,0.23441459,0.018127393
156,13,Doug,"Bing my boy, we’re gonna get you over this.",neutral,"So why can’t the three of us go out together?
Because uh…we-we…we split up. Monica and I split up. Hold me.
Good God Bing I…well I can’t say I’m altogether surprised, I saw the way she looked at you, and there was no love there.
And the way she looked at me, pure lust.
Y’know what would really help me through this tough time is choking something. Can I choke ya?
Bing my boy, we’re gonna get you over this.","So why can’t the three of us go out together?
Because uh…we-we…we split up. Monica and I split up. Hold me.
Good God Bing I…well I can’t say I’m altogether surprised, I saw the way she looked at you, and there was no love there.
And the way she looked at me, pure lust.
Y’know what would really help me through this tough time is choking something. Can I choke ya?
Bing my boy, we’re gonna get you over this.",neutral,4,3,joy,False,0.12374823,0.015915109,0.033862863,0.5452316,0.101570204,0.16873024,0.010941732
156,14,Doug,"Now here’s the plan, grab your coat, we’re going to a strip club.",joy,"Because uh…we-we…we split up. Monica and I split up. Hold me.
Good God Bing I…well I can’t say I’m altogether surprised, I saw the way she looked at you, and there was no love there.
And the way she looked at me, pure lust.
Y’know what would really help me through this tough time is choking something. Can I choke ya?
Bing my boy, we’re gonna get you over this.
Now here’s the plan, grab your coat, we’re going to a strip club.","Because uh…we-we…we split up. Monica and I split up. Hold me.
Good God Bing I…well I can’t say I’m altogether surprised, I saw the way she looked at you, and there was no love there.
And the way she looked at me, pure lust.
Y’know what would really help me through this tough time is choking something. Can I choke ya?
Bing my boy, we’re gonna get you over this.
Now here’s the plan, grab your coat, we’re going to a strip club.",joy,3,4,neutral,False,0.06319249,0.0492383,0.008499206,0.05198067,0.80946344,0.011575522,0.006050266
156,15,Chandler,"Oh no-no-no, Monica would freak.  But to hell with that bitch.",anger,"Good God Bing I…well I can’t say I’m altogether surprised, I saw the way she looked at you, and there was no love there.
And the way she looked at me, pure lust.
Y’know what would really help me through this tough time is choking something. Can I choke ya?
Bing my boy, we’re gonna get you over this.
Now here’s the plan, grab your coat, we’re going to a strip club.
Oh no-no-no, Monica would freak.  But to hell with that bitch.","Good God Bing I…well I can’t say I’m altogether surprised, I saw the way she looked at you, and there was no love there.
And the way she looked at me, pure lust.
Y’know what would really help me through this tough time is choking something. Can I choke ya?
Bing my boy, we’re gonna get you over this.
Now here’s the plan, grab your coat, we’re going to a strip club.
Oh no-no-no, Monica would freak.  But to hell with that bitch.",anger,0,4,neutral,False,0.12782508,0.14828727,0.02909772,0.056694094,0.56807053,0.06241877,0.00760655
157,5,Joey,"Well, I heard Emma stirring, so I came to make sure she could    reach Hugsy.",neutral,"Look at you, all sweet and innocent, sleeping like an angel...    with Emma's chubby little hands wrapped around ya.
It's    okay, Emma, you stay asleep.
: Step away from the crib,    I have a weapon!
It's okay, it's okay Rach, it's me. Put down the scrunchy.
What are you doing?
Well, I heard Emma stirring, so I came to make sure she could    reach Hugsy.","Look at you, all sweet and innocent, sleeping like an angel...    with Emma's chubby little hands wrapped around ya.
It's    okay, Emma, you stay asleep.
: Step away from the crib,    I have a weapon!
It's okay, it's okay Rach, it's me. Put down the scrunchy.
What are you doing?
Well, I heard Emma stirring, so I came to make sure she could    reach Hugsy.",neutral,4,4,neutral,True,0.023879027,0.0097820815,0.014489271,0.24394175,0.6785301,0.020226983,0.0091507835
157,6,Rachel,"Oh, oh thanks. Alright well, now that I'm up I'm going to go    to the bathroom.",neutral,"It's    okay, Emma, you stay asleep.
: Step away from the crib,    I have a weapon!
It's okay, it's okay Rach, it's me. Put down the scrunchy.
What are you doing?
Well, I heard Emma stirring, so I came to make sure she could    reach Hugsy.
Oh, oh thanks. Alright well, now that I'm up I'm going to go    to the bathroom.","It's    okay, Emma, you stay asleep.
: Step away from the crib,    I have a weapon!
It's okay, it's okay Rach, it's me. Put down the scrunchy.
What are you doing?
Well, I heard Emma stirring, so I came to make sure she could    reach Hugsy.
Oh, oh thanks. Alright well, now that I'm up I'm going to go    to the bathroom.",neutral,4,4,neutral,True,0.0071372273,0.003042027,0.003046793,0.015909355,0.9653755,0.0036019608,0.0018870559
157,7,Joey,There you go sweetie...     This isn't over.,neutral,": Step away from the crib,    I have a weapon!
It's okay, it's okay Rach, it's me. Put down the scrunchy.
What are you doing?
Well, I heard Emma stirring, so I came to make sure she could    reach Hugsy.
Oh, oh thanks. Alright well, now that I'm up I'm going to go    to the bathroom.
There you go sweetie...     This isn't over.",": Step away from the crib,    I have a weapon!
It's okay, it's okay Rach, it's me. Put down the scrunchy.
What are you doing?
Well, I heard Emma stirring, so I came to make sure she could    reach Hugsy.
Oh, oh thanks. Alright well, now that I'm up I'm going to go    to the bathroom.
There you go sweetie...     This isn't over.",neutral,4,5,sadness,False,0.084408,0.018302346,0.082503185,0.12996599,0.25459334,0.4151396,0.015087572
158,5,Rachel,"Okay, okay. Umm, well ah, maybe he, maybe he feels awkward because you are my boss.",neutral,"Did he call?
No. Sorry.
Why?! Why?! He said he’d call. Why hasn’t he called?
Maybe he’s intimated by really smart, strong, successful women.
Sophie, would you please climb out of my butt. Why hasn’t he called, Rachel? Why?
Okay, okay. Umm, well ah, maybe he, maybe he feels awkward because you are my boss.","Did he call?
No. Sorry.
Why?! Why?! He said he’d call. Why hasn’t he called?
Maybe he’s intimated by really smart, strong, successful women.
Sophie, would you please climb out of my butt. Why hasn’t he called, Rachel? Why?
Okay, okay. Umm, well ah, maybe he, maybe he feels awkward because you are my boss.",neutral,4,4,neutral,True,0.016724758,0.017047338,0.033487983,0.081332214,0.76728064,0.058235336,0.025891721
158,6,Joanna,Awkward? Why should he feel awkward?,surprise,"No. Sorry.
Why?! Why?! He said he’d call. Why hasn’t he called?
Maybe he’s intimated by really smart, strong, successful women.
Sophie, would you please climb out of my butt. Why hasn’t he called, Rachel? Why?
Okay, okay. Umm, well ah, maybe he, maybe he feels awkward because you are my boss.
Awkward? Why should he feel awkward?","No. Sorry.
Why?! Why?! He said he’d call. Why hasn’t he called?
Maybe he’s intimated by really smart, strong, successful women.
Sophie, would you please climb out of my butt. Why hasn’t he called, Rachel? Why?
Okay, okay. Umm, well ah, maybe he, maybe he feels awkward because you are my boss.
Awkward? Why should he feel awkward?",surprise,6,4,neutral,False,0.05482414,0.05741295,0.06902098,0.08191277,0.38130388,0.03978259,0.31574267
160,5,Monica,I mean do we not have as much fun?!,anger,"And you’re upset because you didn’t make your best friend cry?
I mean, all I’m asking for is just a little emotion!
Is that too much to ask after six years?!
I mean what?
Are-are-are Rachel and I not as close as you guys?!
I mean do we not have as much fun?!","And you’re upset because you didn’t make your best friend cry?
I mean, all I’m asking for is just a little emotion!
Is that too much to ask after six years?!
I mean what?
Are-are-are Rachel and I not as close as you guys?!
I mean do we not have as much fun?!",anger,0,3,joy,False,0.20134312,0.01260204,0.007584868,0.69765955,0.025123186,0.019338215,0.036349066
160,6,Monica,Don’t I deserve a few tears?!!,sadness,"I mean, all I’m asking for is just a little emotion!
Is that too much to ask after six years?!
I mean what?
Are-are-are Rachel and I not as close as you guys?!
I mean do we not have as much fun?!
Don’t I deserve a few tears?!!","I mean, all I’m asking for is just a little emotion!
Is that too much to ask after six years?!
I mean what?
Are-are-are Rachel and I not as close as you guys?!
I mean do we not have as much fun?!
Don’t I deserve a few tears?!!",sadness,5,0,anger,False,0.69920677,0.023959449,0.04774118,0.06615865,0.01366503,0.036082923,0.11318602
160,7,Monica,"I mean we-we told Joey, he cried his eyes out!",sadness,"Is that too much to ask after six years?!
I mean what?
Are-are-are Rachel and I not as close as you guys?!
I mean do we not have as much fun?!
Don’t I deserve a few tears?!!
I mean we-we told Joey, he cried his eyes out!","Is that too much to ask after six years?!
I mean what?
Are-are-are Rachel and I not as close as you guys?!
I mean do we not have as much fun?!
Don’t I deserve a few tears?!!
I mean we-we told Joey, he cried his eyes out!",sadness,5,0,anger,False,0.45355356,0.047703113,0.1189865,0.05044399,0.033572182,0.27147377,0.024266908
160,8,Joey,Hey!,anger,"I mean what?
Are-are-are Rachel and I not as close as you guys?!
I mean do we not have as much fun?!
Don’t I deserve a few tears?!!
I mean we-we told Joey, he cried his eyes out!
Hey!","I mean what?
Are-are-are Rachel and I not as close as you guys?!
I mean do we not have as much fun?!
Don’t I deserve a few tears?!!
I mean we-we told Joey, he cried his eyes out!
Hey!",anger,0,3,joy,False,0.38142034,0.009981806,0.008351912,0.45612875,0.024731008,0.018460786,0.100925446
160,9,Joey,I did not cry my eyes out!!,anger,"Are-are-are Rachel and I not as close as you guys?!
I mean do we not have as much fun?!
Don’t I deserve a few tears?!!
I mean we-we told Joey, he cried his eyes out!
Hey!
I did not cry my eyes out!!","Are-are-are Rachel and I not as close as you guys?!
I mean do we not have as much fun?!
Don’t I deserve a few tears?!!
I mean we-we told Joey, he cried his eyes out!
Hey!
I did not cry my eyes out!!",anger,0,0,anger,True,0.9082666,0.007626273,0.016786935,0.027396964,0.014881605,0.013135119,0.011906442
160,10,Joey,Come on!,sadness,"I mean do we not have as much fun?!
Don’t I deserve a few tears?!!
I mean we-we told Joey, he cried his eyes out!
Hey!
I did not cry my eyes out!!
Come on!","I mean do we not have as much fun?!
Don’t I deserve a few tears?!!
I mean we-we told Joey, he cried his eyes out!
Hey!
I did not cry my eyes out!!
Come on!",sadness,5,0,anger,False,0.4495558,0.011794322,0.033243816,0.27479023,0.19918568,0.019532517,0.011897619
160,11,Joey,It’s like the end of an era!,sadness,"Don’t I deserve a few tears?!!
I mean we-we told Joey, he cried his eyes out!
Hey!
I did not cry my eyes out!!
Come on!
It’s like the end of an era!","Don’t I deserve a few tears?!!
I mean we-we told Joey, he cried his eyes out!
Hey!
I did not cry my eyes out!!
Come on!
It’s like the end of an era!",sadness,5,0,anger,False,0.38298342,0.020857694,0.035566173,0.18860386,0.040599663,0.31521663,0.016172556
160,12,Joey,No more J-man and Channie’s!,sadness,"I mean we-we told Joey, he cried his eyes out!
Hey!
I did not cry my eyes out!!
Come on!
It’s like the end of an era!
No more J-man and Channie’s!","I mean we-we told Joey, he cried his eyes out!
Hey!
I did not cry my eyes out!!
Come on!
It’s like the end of an era!
No more J-man and Channie’s!",sadness,5,0,anger,False,0.437633,0.01995687,0.025813455,0.27049795,0.06439344,0.16820742,0.013497826
160,13,Chandler,"Okay, I gotta ask, who calls us that?!",anger,"Hey!
I did not cry my eyes out!!
Come on!
It’s like the end of an era!
No more J-man and Channie’s!
Okay, I gotta ask, who calls us that?!","Hey!
I did not cry my eyes out!!
Come on!
It’s like the end of an era!
No more J-man and Channie’s!
Okay, I gotta ask, who calls us that?!",anger,0,6,surprise,False,0.07789998,0.008286812,0.013133862,0.10089651,0.019627122,0.022447018,0.75770867
161,5,Chloe,"Good luck, with your girlfriend.",neutral,"Do I know why we’re rushing?
Yeah, y'know the ah, the girlfriend I told you about last night?
Well it turns out she ah, she wants to get back together with me.
Oh, I found it!
That’s so great for you guys!
Good luck, with your girlfriend.","Do I know why we’re rushing?
Yeah, y'know the ah, the girlfriend I told you about last night?
Well it turns out she ah, she wants to get back together with me.
Oh, I found it!
That’s so great for you guys!
Good luck, with your girlfriend.",neutral,4,3,joy,False,0.01910135,0.0050850175,0.0055443877,0.82562196,0.07759853,0.05996367,0.0070851743
161,6,Ross,"Oh, thank you.  Hey, hey.  Rachel!!!!",joy,"Yeah, y'know the ah, the girlfriend I told you about last night?
Well it turns out she ah, she wants to get back together with me.
Oh, I found it!
That’s so great for you guys!
Good luck, with your girlfriend.
Oh, thank you.  Hey, hey.  Rachel!!!!","Yeah, y'know the ah, the girlfriend I told you about last night?
Well it turns out she ah, she wants to get back together with me.
Oh, I found it!
That’s so great for you guys!
Good luck, with your girlfriend.
Oh, thank you.  Hey, hey.  Rachel!!!!",joy,3,3,joy,True,0.022921147,0.0042125746,0.00276934,0.8728075,0.011697295,0.005030867,0.080561265
161,7,Rachel,"Hi. Ohhh, you got my message.",neutral,"Well it turns out she ah, she wants to get back together with me.
Oh, I found it!
That’s so great for you guys!
Good luck, with your girlfriend.
Oh, thank you.  Hey, hey.  Rachel!!!!
Hi. Ohhh, you got my message.","Well it turns out she ah, she wants to get back together with me.
Oh, I found it!
That’s so great for you guys!
Good luck, with your girlfriend.
Oh, thank you.  Hey, hey.  Rachel!!!!
Hi. Ohhh, you got my message.",neutral,4,4,neutral,True,0.022664158,0.0036655446,0.00426414,0.08314242,0.8654663,0.0045864554,0.01621105
161,8,Ross,"Yeah, oh hey, you are right on time.",neutral,"Oh, I found it!
That’s so great for you guys!
Good luck, with your girlfriend.
Oh, thank you.  Hey, hey.  Rachel!!!!
Hi. Ohhh, you got my message.
Yeah, oh hey, you are right on time.","Oh, I found it!
That’s so great for you guys!
Good luck, with your girlfriend.
Oh, thank you.  Hey, hey.  Rachel!!!!
Hi. Ohhh, you got my message.
Yeah, oh hey, you are right on time.",neutral,4,4,neutral,True,0.018170292,0.002556983,0.003750567,0.13016325,0.83207756,0.004117046,0.009164373
161,9,Rachel,So what do you say? Can I be your girlfriend again?,neutral,"That’s so great for you guys!
Good luck, with your girlfriend.
Oh, thank you.  Hey, hey.  Rachel!!!!
Hi. Ohhh, you got my message.
Yeah, oh hey, you are right on time.
So what do you say? Can I be your girlfriend again?","That’s so great for you guys!
Good luck, with your girlfriend.
Oh, thank you.  Hey, hey.  Rachel!!!!
Hi. Ohhh, you got my message.
Yeah, oh hey, you are right on time.
So what do you say? Can I be your girlfriend again?",neutral,4,3,joy,False,0.06256167,0.007892649,0.035803184,0.5096913,0.1603329,0.16249786,0.061220407
161,10,Ross,"Yes, you can, very much.",joy,"Good luck, with your girlfriend.
Oh, thank you.  Hey, hey.  Rachel!!!!
Hi. Ohhh, you got my message.
Yeah, oh hey, you are right on time.
So what do you say? Can I be your girlfriend again?
Yes, you can, very much.","Good luck, with your girlfriend.
Oh, thank you.  Hey, hey.  Rachel!!!!
Hi. Ohhh, you got my message.
Yeah, oh hey, you are right on time.
So what do you say? Can I be your girlfriend again?
Yes, you can, very much.",joy,3,4,neutral,False,0.005644296,0.0030938745,0.006064701,0.047828406,0.92807007,0.0072941086,0.0020046188
161,11,Ross,Ahhhh!!,surprise,"Oh, thank you.  Hey, hey.  Rachel!!!!
Hi. Ohhh, you got my message.
Yeah, oh hey, you are right on time.
So what do you say? Can I be your girlfriend again?
Yes, you can, very much.
Ahhhh!!","Oh, thank you.  Hey, hey.  Rachel!!!!
Hi. Ohhh, you got my message.
Yeah, oh hey, you are right on time.
So what do you say? Can I be your girlfriend again?
Yes, you can, very much.
Ahhhh!!",surprise,6,6,surprise,True,0.050004493,0.022163037,0.018018646,0.32231188,0.02088316,0.015325059,0.55129373
162,5,Mike,DO YOU?,anger,"Ooh! I'm sorry! I think, I THINK, that may have missed the table!
Do
Ah,
Do
Ah,
DO YOU?","Ooh! I'm sorry! I think, I THINK, that may have missed the table!
Do
Ah,
Do
Ah,
DO YOU?",anger,0,6,surprise,False,0.03987422,0.0135074835,0.14478119,0.03477514,0.20404153,0.1250423,0.43797806
163,5,Ross,And what you said about Nana.,neutral,"Y’know I don’t understand why they didn’t cry. It was a beautiful speech.
Oh, come on.
Hey!
All that stuff you said about true love, you were right, I mean, we did learn a lot from Mom and Dad!
And that picture of Chi-Chi with her mischievous grin.
And what you said about Nana.","Y’know I don’t understand why they didn’t cry. It was a beautiful speech.
Oh, come on.
Hey!
All that stuff you said about true love, you were right, I mean, we did learn a lot from Mom and Dad!
And that picture of Chi-Chi with her mischievous grin.
And what you said about Nana.",neutral,4,4,neutral,True,0.024729196,0.005677231,0.006779719,0.09980577,0.80253977,0.010165071,0.05030323
163,6,Ross,"Ohh, yeah she really would’ve wanted to be there.",sadness,"Oh, come on.
Hey!
All that stuff you said about true love, you were right, I mean, we did learn a lot from Mom and Dad!
And that picture of Chi-Chi with her mischievous grin.
And what you said about Nana.
Ohh, yeah she really would’ve wanted to be there.","Oh, come on.
Hey!
All that stuff you said about true love, you were right, I mean, we did learn a lot from Mom and Dad!
And that picture of Chi-Chi with her mischievous grin.
And what you said about Nana.
Ohh, yeah she really would’ve wanted to be there.",sadness,5,3,joy,False,0.009846484,0.003803249,0.0073088426,0.7204405,0.21844845,0.016834235,0.023318289
163,7,Ross,And you know what?,neutral,"Hey!
All that stuff you said about true love, you were right, I mean, we did learn a lot from Mom and Dad!
And that picture of Chi-Chi with her mischievous grin.
And what you said about Nana.
Ohh, yeah she really would’ve wanted to be there.
And you know what?","Hey!
All that stuff you said about true love, you were right, I mean, we did learn a lot from Mom and Dad!
And that picture of Chi-Chi with her mischievous grin.
And what you said about Nana.
Ohh, yeah she really would’ve wanted to be there.
And you know what?",neutral,4,4,neutral,True,0.032495167,0.004712449,0.037387103,0.054278728,0.7850259,0.026294654,0.059805926
163,8,Ross,I think she was.,neutral,"All that stuff you said about true love, you were right, I mean, we did learn a lot from Mom and Dad!
And that picture of Chi-Chi with her mischievous grin.
And what you said about Nana.
Ohh, yeah she really would’ve wanted to be there.
And you know what?
I think she was.","All that stuff you said about true love, you were right, I mean, we did learn a lot from Mom and Dad!
And that picture of Chi-Chi with her mischievous grin.
And what you said about Nana.
Ohh, yeah she really would’ve wanted to be there.
And you know what?
I think she was.",neutral,4,4,neutral,True,0.0065604197,0.0024419809,0.008233818,0.065264076,0.90091485,0.0086247055,0.00796021
163,9,Monica,"Oh good God, Ross! How the hell do you do it?",surprise,"And that picture of Chi-Chi with her mischievous grin.
And what you said about Nana.
Ohh, yeah she really would’ve wanted to be there.
And you know what?
I think she was.
Oh good God, Ross! How the hell do you do it?","And that picture of Chi-Chi with her mischievous grin.
And what you said about Nana.
Ohh, yeah she really would’ve wanted to be there.
And you know what?
I think she was.
Oh good God, Ross! How the hell do you do it?",surprise,6,6,surprise,True,0.05762421,0.020354895,0.022012424,0.1839334,0.12766099,0.032084573,0.5563295
164,5,Ross,"What, you didn’t get it? The doctor is a monkey.",neutral,"You forget how many great songs Heart had.
Yeah.
You know, Barracuda was the first song I learned to play on the keyboard.
So, you heard it, you repeated it, so that must mean you wrote it.
Oh, you guys, with this joke. I gotta say, I know I cracked up, but I’m not even sure I got it.
What, you didn’t get it? The doctor is a monkey.","You forget how many great songs Heart had.
Yeah.
You know, Barracuda was the first song I learned to play on the keyboard.
So, you heard it, you repeated it, so that must mean you wrote it.
Oh, you guys, with this joke. I gotta say, I know I cracked up, but I’m not even sure I got it.
What, you didn’t get it? The doctor is a monkey.",neutral,4,1,disgust,False,0.12650329,0.28686854,0.058158297,0.08858444,0.18924314,0.077026404,0.17361587
164,6,Chandler,And monkeys can’t write out prescriptions.,neutral,"Yeah.
You know, Barracuda was the first song I learned to play on the keyboard.
So, you heard it, you repeated it, so that must mean you wrote it.
Oh, you guys, with this joke. I gotta say, I know I cracked up, but I’m not even sure I got it.
What, you didn’t get it? The doctor is a monkey.
And monkeys can’t write out prescriptions.","Yeah.
You know, Barracuda was the first song I learned to play on the keyboard.
So, you heard it, you repeated it, so that must mean you wrote it.
Oh, you guys, with this joke. I gotta say, I know I cracked up, but I’m not even sure I got it.
What, you didn’t get it? The doctor is a monkey.
And monkeys can’t write out prescriptions.",neutral,4,0,anger,False,0.32590494,0.24271785,0.08271656,0.047445286,0.16118655,0.08854248,0.051486425
164,7,Chandler,You are not allowed to laugh at my joke.,anger,"You know, Barracuda was the first song I learned to play on the keyboard.
So, you heard it, you repeated it, so that must mean you wrote it.
Oh, you guys, with this joke. I gotta say, I know I cracked up, but I’m not even sure I got it.
What, you didn’t get it? The doctor is a monkey.
And monkeys can’t write out prescriptions.
You are not allowed to laugh at my joke.","You know, Barracuda was the first song I learned to play on the keyboard.
So, you heard it, you repeated it, so that must mean you wrote it.
Oh, you guys, with this joke. I gotta say, I know I cracked up, but I’m not even sure I got it.
What, you didn’t get it? The doctor is a monkey.
And monkeys can’t write out prescriptions.
You are not allowed to laugh at my joke.",anger,0,0,anger,True,0.5895818,0.17220342,0.04462307,0.021540126,0.11385702,0.041980226,0.016214404
164,8,Ross,"Your joke? Well, I think ‘the Hef’ would disagree, which is why he sent me a check for one hundred ah-dollars.",neutral,"So, you heard it, you repeated it, so that must mean you wrote it.
Oh, you guys, with this joke. I gotta say, I know I cracked up, but I’m not even sure I got it.
What, you didn’t get it? The doctor is a monkey.
And monkeys can’t write out prescriptions.
You are not allowed to laugh at my joke.
Your joke? Well, I think ‘the Hef’ would disagree, which is why he sent me a check for one hundred ah-dollars.","So, you heard it, you repeated it, so that must mean you wrote it.
Oh, you guys, with this joke. I gotta say, I know I cracked up, but I’m not even sure I got it.
What, you didn’t get it? The doctor is a monkey.
And monkeys can’t write out prescriptions.
You are not allowed to laugh at my joke.
Your joke? Well, I think ‘the Hef’ would disagree, which is why he sent me a check for one hundred ah-dollars.",neutral,4,4,neutral,True,0.115343004,0.10742286,0.076671354,0.11170183,0.38387406,0.14631967,0.05866728
166,5,Joey,"Look, it’s not that easy. She said she wanted to marry me. I  don’t want to hurt her.",sadness,"You still haven’t told Rachel you weren’t really  proposing?
No! She had the ring on, she seemed so excited, and then she  took her breast out.
Joey, you have to tell her what’s going on! And what did it  look like?!
I didn’t look at it. Stupid baby’s head was blocking most of  it.
Go and tell Rachel right now before Ross finds out.
Look, it’s not that easy. She said she wanted to marry me. I  don’t want to hurt her.","You still haven’t told Rachel you weren’t really  proposing?
No! She had the ring on, she seemed so excited, and then she  took her breast out.
Joey, you have to tell her what’s going on! And what did it  look like?!
I didn’t look at it. Stupid baby’s head was blocking most of  it.
Go and tell Rachel right now before Ross finds out.
Look, it’s not that easy. She said she wanted to marry me. I  don’t want to hurt her.",sadness,5,0,anger,False,0.4085808,0.031701256,0.18215774,0.037272062,0.14106606,0.18644266,0.012779446
166,6,Chandler,"Okay, look, just do it gently.",neutral,"No! She had the ring on, she seemed so excited, and then she  took her breast out.
Joey, you have to tell her what’s going on! And what did it  look like?!
I didn’t look at it. Stupid baby’s head was blocking most of  it.
Go and tell Rachel right now before Ross finds out.
Look, it’s not that easy. She said she wanted to marry me. I  don’t want to hurt her.
Okay, look, just do it gently.","No! She had the ring on, she seemed so excited, and then she  took her breast out.
Joey, you have to tell her what’s going on! And what did it  look like?!
I didn’t look at it. Stupid baby’s head was blocking most of  it.
Go and tell Rachel right now before Ross finds out.
Look, it’s not that easy. She said she wanted to marry me. I  don’t want to hurt her.
Okay, look, just do it gently.",neutral,4,4,neutral,True,0.059319515,0.012718383,0.04563203,0.093849674,0.71137744,0.073476166,0.003626755
166,7,Joey,You’re right.,neutral,"Joey, you have to tell her what’s going on! And what did it  look like?!
I didn’t look at it. Stupid baby’s head was blocking most of  it.
Go and tell Rachel right now before Ross finds out.
Look, it’s not that easy. She said she wanted to marry me. I  don’t want to hurt her.
Okay, look, just do it gently.
You’re right.","Joey, you have to tell her what’s going on! And what did it  look like?!
I didn’t look at it. Stupid baby’s head was blocking most of  it.
Go and tell Rachel right now before Ross finds out.
Look, it’s not that easy. She said she wanted to marry me. I  don’t want to hurt her.
Okay, look, just do it gently.
You’re right.",neutral,4,4,neutral,True,0.082070254,0.0064793155,0.019892445,0.24676502,0.591108,0.04824322,0.005441721
166,8,Joey,You’re right.,neutral,"I didn’t look at it. Stupid baby’s head was blocking most of  it.
Go and tell Rachel right now before Ross finds out.
Look, it’s not that easy. She said she wanted to marry me. I  don’t want to hurt her.
Okay, look, just do it gently.
You’re right.
You’re right.","I didn’t look at it. Stupid baby’s head was blocking most of  it.
Go and tell Rachel right now before Ross finds out.
Look, it’s not that easy. She said she wanted to marry me. I  don’t want to hurt her.
Okay, look, just do it gently.
You’re right.
You’re right.",neutral,4,3,joy,False,0.08063082,0.005940596,0.01598941,0.5021033,0.338609,0.048767105,0.0079597235
166,9,Joey,I-I’ll go tell her now before Ross  finds out and I’ll be gentle.,neutral,"Go and tell Rachel right now before Ross finds out.
Look, it’s not that easy. She said she wanted to marry me. I  don’t want to hurt her.
Okay, look, just do it gently.
You’re right.
You’re right.
I-I’ll go tell her now before Ross  finds out and I’ll be gentle.","Go and tell Rachel right now before Ross finds out.
Look, it’s not that easy. She said she wanted to marry me. I  don’t want to hurt her.
Okay, look, just do it gently.
You’re right.
You’re right.
I-I’ll go tell her now before Ross  finds out and I’ll be gentle.",neutral,4,4,neutral,True,0.095467374,0.009438732,0.04603067,0.10058357,0.66907465,0.07455489,0.004850138
166,10,Joey,I can do that.,neutral,"Look, it’s not that easy. She said she wanted to marry me. I  don’t want to hurt her.
Okay, look, just do it gently.
You’re right.
You’re right.
I-I’ll go tell her now before Ross  finds out and I’ll be gentle.
I can do that.","Look, it’s not that easy. She said she wanted to marry me. I  don’t want to hurt her.
Okay, look, just do it gently.
You’re right.
You’re right.
I-I’ll go tell her now before Ross  finds out and I’ll be gentle.
I can do that.",neutral,4,3,joy,False,0.036328565,0.0055621443,0.018505674,0.4629121,0.41319054,0.058538087,0.004962922
166,11,Joey,I am a gentle person.,neutral,"Okay, look, just do it gently.
You’re right.
You’re right.
I-I’ll go tell her now before Ross  finds out and I’ll be gentle.
I can do that.
I am a gentle person.","Okay, look, just do it gently.
You’re right.
You’re right.
I-I’ll go tell her now before Ross  finds out and I’ll be gentle.
I can do that.
I am a gentle person.",neutral,4,4,neutral,True,0.15072577,0.026693773,0.0497014,0.16086511,0.52389205,0.08240568,0.005716188
166,12,Joey,"Oh, by the  way.",neutral,"You’re right.
You’re right.
I-I’ll go tell her now before Ross  finds out and I’ll be gentle.
I can do that.
I am a gentle person.
Oh, by the  way.","You’re right.
You’re right.
I-I’ll go tell her now before Ross  finds out and I’ll be gentle.
I can do that.
I am a gentle person.
Oh, by the  way.",neutral,4,6,surprise,False,0.009185918,0.0154993655,0.016952021,0.25718978,0.31004393,0.017762814,0.3733662
166,13,Joey,Two people screwing in there  if you want to check that out.,neutral,"You’re right.
I-I’ll go tell her now before Ross  finds out and I’ll be gentle.
I can do that.
I am a gentle person.
Oh, by the  way.
Two people screwing in there  if you want to check that out.","You’re right.
I-I’ll go tell her now before Ross  finds out and I’ll be gentle.
I can do that.
I am a gentle person.
Oh, by the  way.
Two people screwing in there  if you want to check that out.",neutral,4,0,anger,False,0.48561227,0.1487126,0.049392525,0.0277093,0.2039294,0.03732252,0.047321424
167,5,Rachel,"Oh-oh-oh, symbolism! And uh, the-the uh, wildness of the mores, which",joy,"Okay, umm, it's this tragic love story between Cathy and Heathcliff and umm, it takes place on like these really creepy mores in England.
Which
How would you characterize the theme of this book, uh let's see here , Rachel Green?
Umm, well I would have to say that it's a, it's tragic love story.
Well, that's sort of a given, but yes. Anyone else?
Oh-oh-oh, symbolism! And uh, the-the uh, wildness of the mores, which","Okay, umm, it's this tragic love story between Cathy and Heathcliff and umm, it takes place on like these really creepy mores in England.
Which
How would you characterize the theme of this book, uh let's see here , Rachel Green?
Umm, well I would have to say that it's a, it's tragic love story.
Well, that's sort of a given, but yes. Anyone else?
Oh-oh-oh, symbolism! And uh, the-the uh, wildness of the mores, which",joy,3,2,fear,False,0.07318743,0.15475173,0.25423738,0.09406128,0.11243888,0.16239531,0.14892793
167,6,The Teacher,Excellent! What Rachel has shrewdly observed here,joy,"Which
How would you characterize the theme of this book, uh let's see here , Rachel Green?
Umm, well I would have to say that it's a, it's tragic love story.
Well, that's sort of a given, but yes. Anyone else?
Oh-oh-oh, symbolism! And uh, the-the uh, wildness of the mores, which
Excellent! What Rachel has shrewdly observed here","Which
How would you characterize the theme of this book, uh let's see here , Rachel Green?
Umm, well I would have to say that it's a, it's tragic love story.
Well, that's sort of a given, but yes. Anyone else?
Oh-oh-oh, symbolism! And uh, the-the uh, wildness of the mores, which
Excellent! What Rachel has shrewdly observed here",joy,3,3,joy,True,0.07634538,0.10711848,0.03406989,0.37492982,0.22503002,0.04787862,0.1346278
167,7,Phoebe,You completely stole my answer!,anger,"How would you characterize the theme of this book, uh let's see here , Rachel Green?
Umm, well I would have to say that it's a, it's tragic love story.
Well, that's sort of a given, but yes. Anyone else?
Oh-oh-oh, symbolism! And uh, the-the uh, wildness of the mores, which
Excellent! What Rachel has shrewdly observed here
You completely stole my answer!","How would you characterize the theme of this book, uh let's see here , Rachel Green?
Umm, well I would have to say that it's a, it's tragic love story.
Well, that's sort of a given, but yes. Anyone else?
Oh-oh-oh, symbolism! And uh, the-the uh, wildness of the mores, which
Excellent! What Rachel has shrewdly observed here
You completely stole my answer!",anger,0,0,anger,True,0.52390873,0.06849613,0.0685255,0.09960636,0.052181005,0.089606375,0.097675905
167,8,Rachel,"Well, honey that was pretty obvious.",sadness,"Umm, well I would have to say that it's a, it's tragic love story.
Well, that's sort of a given, but yes. Anyone else?
Oh-oh-oh, symbolism! And uh, the-the uh, wildness of the mores, which
Excellent! What Rachel has shrewdly observed here
You completely stole my answer!
Well, honey that was pretty obvious.","Umm, well I would have to say that it's a, it's tragic love story.
Well, that's sort of a given, but yes. Anyone else?
Oh-oh-oh, symbolism! And uh, the-the uh, wildness of the mores, which
Excellent! What Rachel has shrewdly observed here
You completely stole my answer!
Well, honey that was pretty obvious.",sadness,5,3,joy,False,0.032854144,0.018478002,0.012935404,0.5866477,0.30790538,0.019458842,0.021720503
167,9,Phoebe,Well how would you know?! You didn't even read it!,anger,"Well, that's sort of a given, but yes. Anyone else?
Oh-oh-oh, symbolism! And uh, the-the uh, wildness of the mores, which
Excellent! What Rachel has shrewdly observed here
You completely stole my answer!
Well, honey that was pretty obvious.
Well how would you know?! You didn't even read it!","Well, that's sort of a given, but yes. Anyone else?
Oh-oh-oh, symbolism! And uh, the-the uh, wildness of the mores, which
Excellent! What Rachel has shrewdly observed here
You completely stole my answer!
Well, honey that was pretty obvious.
Well how would you know?! You didn't even read it!",anger,0,6,surprise,False,0.32302764,0.018393224,0.045444105,0.02397699,0.06255991,0.03285319,0.49374494
167,10,The Teacher,What do you think? You in the blue shirt.,neutral,"Oh-oh-oh, symbolism! And uh, the-the uh, wildness of the mores, which
Excellent! What Rachel has shrewdly observed here
You completely stole my answer!
Well, honey that was pretty obvious.
Well how would you know?! You didn't even read it!
What do you think? You in the blue shirt.","Oh-oh-oh, symbolism! And uh, the-the uh, wildness of the mores, which
Excellent! What Rachel has shrewdly observed here
You completely stole my answer!
Well, honey that was pretty obvious.
Well how would you know?! You didn't even read it!
What do you think? You in the blue shirt.",neutral,4,4,neutral,True,0.010270696,0.0033162262,0.0067454935,0.026305433,0.89867294,0.0033217478,0.051367518
167,11,Phoebe,"I think that uh, yours is a question with many answers.",neutral,"Excellent! What Rachel has shrewdly observed here
You completely stole my answer!
Well, honey that was pretty obvious.
Well how would you know?! You didn't even read it!
What do you think? You in the blue shirt.
I think that uh, yours is a question with many answers.","Excellent! What Rachel has shrewdly observed here
You completely stole my answer!
Well, honey that was pretty obvious.
Well how would you know?! You didn't even read it!
What do you think? You in the blue shirt.
I think that uh, yours is a question with many answers.",neutral,4,4,neutral,True,0.02070142,0.004925301,0.0046734097,0.022478664,0.9366852,0.003566469,0.0069695082
167,12,The Teacher,Would ya care to venture one?,neutral,"You completely stole my answer!
Well, honey that was pretty obvious.
Well how would you know?! You didn't even read it!
What do you think? You in the blue shirt.
I think that uh, yours is a question with many answers.
Would ya care to venture one?","You completely stole my answer!
Well, honey that was pretty obvious.
Well how would you know?! You didn't even read it!
What do you think? You in the blue shirt.
I think that uh, yours is a question with many answers.
Would ya care to venture one?",neutral,4,4,neutral,True,0.0117474925,0.004840993,0.009261617,0.050732486,0.9130095,0.005912872,0.0044951364
167,13,Phoebe,Would,neutral,"Well, honey that was pretty obvious.
Well how would you know?! You didn't even read it!
What do you think? You in the blue shirt.
I think that uh, yours is a question with many answers.
Would ya care to venture one?
Would","Well, honey that was pretty obvious.
Well how would you know?! You didn't even read it!
What do you think? You in the blue shirt.
I think that uh, yours is a question with many answers.
Would ya care to venture one?
Would",neutral,4,4,neutral,True,0.011217884,0.0042436197,0.0085526025,0.049045186,0.91745055,0.0053054322,0.0041847583
167,14,The Teacher,Are you just repeating what I'm saying?,anger,"Well how would you know?! You didn't even read it!
What do you think? You in the blue shirt.
I think that uh, yours is a question with many answers.
Would ya care to venture one?
Would
Are you just repeating what I'm saying?","Well how would you know?! You didn't even read it!
What do you think? You in the blue shirt.
I think that uh, yours is a question with many answers.
Would ya care to venture one?
Would
Are you just repeating what I'm saying?",anger,0,4,neutral,False,0.12082211,0.034798138,0.10523679,0.060219932,0.61010087,0.025113024,0.043709133
167,15,The Teacher,"All right, let's move on.",neutral,"What do you think? You in the blue shirt.
I think that uh, yours is a question with many answers.
Would ya care to venture one?
Would
Are you just repeating what I'm saying?
All right, let's move on.","What do you think? You in the blue shirt.
I think that uh, yours is a question with many answers.
Would ya care to venture one?
Would
Are you just repeating what I'm saying?
All right, let's move on.",neutral,4,4,neutral,True,0.02002755,0.005314704,0.009623567,0.06104862,0.89551413,0.005610818,0.0028606248
167,16,Phoebe,Okay then.,neutral,"I think that uh, yours is a question with many answers.
Would ya care to venture one?
Would
Are you just repeating what I'm saying?
All right, let's move on.
Okay then.","I think that uh, yours is a question with many answers.
Would ya care to venture one?
Would
Are you just repeating what I'm saying?
All right, let's move on.
Okay then.",neutral,4,4,neutral,True,0.0065286253,0.0017689801,0.002767083,0.0316888,0.95331407,0.0025060526,0.0014263883
168,5,The Stripper,Did anybody call for security?,neutral,"All right, okay, this is great, uh, Chandler, you get behind the desk.
And-and when she comes in hopefully, she won’t recognise you because, well, why would she?
Uh, okay, and then you buzz Ross and I.
You be Mr. Gonzalez, and I’ll be uh, Mr. Wong.
Diverse.
Did anybody call for security?","All right, okay, this is great, uh, Chandler, you get behind the desk.
And-and when she comes in hopefully, she won’t recognise you because, well, why would she?
Uh, okay, and then you buzz Ross and I.
You be Mr. Gonzalez, and I’ll be uh, Mr. Wong.
Diverse.
Did anybody call for security?",neutral,4,4,neutral,True,0.014264372,0.0026397444,0.0047435514,0.015453475,0.95445883,0.0032902488,0.0051497095
168,6,Chandler,You be cool.,neutral,"And-and when she comes in hopefully, she won’t recognise you because, well, why would she?
Uh, okay, and then you buzz Ross and I.
You be Mr. Gonzalez, and I’ll be uh, Mr. Wong.
Diverse.
Did anybody call for security?
You be cool.","And-and when she comes in hopefully, she won’t recognise you because, well, why would she?
Uh, okay, and then you buzz Ross and I.
You be Mr. Gonzalez, and I’ll be uh, Mr. Wong.
Diverse.
Did anybody call for security?
You be cool.",neutral,4,4,neutral,True,0.028900594,0.00527051,0.006219638,0.07447148,0.8760053,0.006670098,0.0024625163
168,7,The Stripper,"Okay, which one of you guys is Gunther Central-Perk?  Hey, Joey?",neutral,"Uh, okay, and then you buzz Ross and I.
You be Mr. Gonzalez, and I’ll be uh, Mr. Wong.
Diverse.
Did anybody call for security?
You be cool.
Okay, which one of you guys is Gunther Central-Perk?  Hey, Joey?","Uh, okay, and then you buzz Ross and I.
You be Mr. Gonzalez, and I’ll be uh, Mr. Wong.
Diverse.
Did anybody call for security?
You be cool.
Okay, which one of you guys is Gunther Central-Perk?  Hey, Joey?",neutral,4,4,neutral,True,0.026218716,0.0037492407,0.0043262294,0.25060165,0.67406315,0.006942826,0.03409821
168,8,Ross,Where’s my ring? My dead grandmother’s wedding ring? Where is it? Where is it?,fear,"You be Mr. Gonzalez, and I’ll be uh, Mr. Wong.
Diverse.
Did anybody call for security?
You be cool.
Okay, which one of you guys is Gunther Central-Perk?  Hey, Joey?
Where’s my ring? My dead grandmother’s wedding ring? Where is it? Where is it?","You be Mr. Gonzalez, and I’ll be uh, Mr. Wong.
Diverse.
Did anybody call for security?
You be cool.
Okay, which one of you guys is Gunther Central-Perk?  Hey, Joey?
Where’s my ring? My dead grandmother’s wedding ring? Where is it? Where is it?",fear,2,4,neutral,False,0.024890054,0.0043144575,0.012759346,0.026163373,0.8095281,0.0104840025,0.11186062
168,9,Chandler,"Way to be cool, man.",neutral,"Diverse.
Did anybody call for security?
You be cool.
Okay, which one of you guys is Gunther Central-Perk?  Hey, Joey?
Where’s my ring? My dead grandmother’s wedding ring? Where is it? Where is it?
Way to be cool, man.","Diverse.
Did anybody call for security?
You be cool.
Okay, which one of you guys is Gunther Central-Perk?  Hey, Joey?
Where’s my ring? My dead grandmother’s wedding ring? Where is it? Where is it?
Way to be cool, man.",neutral,4,4,neutral,True,0.08429597,0.014005598,0.010202243,0.34517685,0.5230612,0.016603291,0.006654846
168,10,The Stripper,What’s he talking about?,neutral,"Did anybody call for security?
You be cool.
Okay, which one of you guys is Gunther Central-Perk?  Hey, Joey?
Where’s my ring? My dead grandmother’s wedding ring? Where is it? Where is it?
Way to be cool, man.
What’s he talking about?","Did anybody call for security?
You be cool.
Okay, which one of you guys is Gunther Central-Perk?  Hey, Joey?
Where’s my ring? My dead grandmother’s wedding ring? Where is it? Where is it?
Way to be cool, man.
What’s he talking about?",neutral,4,6,surprise,False,0.02037828,0.0069130873,0.0058843903,0.008706373,0.019535864,0.0060063577,0.9325756
168,11,Joey,"There was a ring, in a box, on my nightstand, after you left, it was gone!",anger,"You be cool.
Okay, which one of you guys is Gunther Central-Perk?  Hey, Joey?
Where’s my ring? My dead grandmother’s wedding ring? Where is it? Where is it?
Way to be cool, man.
What’s he talking about?
There was a ring, in a box, on my nightstand, after you left, it was gone!","You be cool.
Okay, which one of you guys is Gunther Central-Perk?  Hey, Joey?
Where’s my ring? My dead grandmother’s wedding ring? Where is it? Where is it?
Way to be cool, man.
What’s he talking about?
There was a ring, in a box, on my nightstand, after you left, it was gone!",anger,0,0,anger,True,0.38363335,0.026794733,0.06845418,0.06427441,0.06949852,0.35582998,0.0315149
168,12,The Stripper,"Wait, you guys think I stole some ring?",surprise,"Okay, which one of you guys is Gunther Central-Perk?  Hey, Joey?
Where’s my ring? My dead grandmother’s wedding ring? Where is it? Where is it?
Way to be cool, man.
What’s he talking about?
There was a ring, in a box, on my nightstand, after you left, it was gone!
Wait, you guys think I stole some ring?","Okay, which one of you guys is Gunther Central-Perk?  Hey, Joey?
Where’s my ring? My dead grandmother’s wedding ring? Where is it? Where is it?
Way to be cool, man.
What’s he talking about?
There was a ring, in a box, on my nightstand, after you left, it was gone!
Wait, you guys think I stole some ring?",surprise,6,6,surprise,True,0.023377486,0.011761549,0.022550628,0.030011073,0.060128048,0.018943949,0.8332273
168,13,Ross,We know you took so just-just save yourself the time and confess!,anger,"Where’s my ring? My dead grandmother’s wedding ring? Where is it? Where is it?
Way to be cool, man.
What’s he talking about?
There was a ring, in a box, on my nightstand, after you left, it was gone!
Wait, you guys think I stole some ring?
We know you took so just-just save yourself the time and confess!","Where’s my ring? My dead grandmother’s wedding ring? Where is it? Where is it?
Way to be cool, man.
What’s he talking about?
There was a ring, in a box, on my nightstand, after you left, it was gone!
Wait, you guys think I stole some ring?
We know you took so just-just save yourself the time and confess!",anger,0,0,anger,True,0.7784374,0.013470711,0.04204062,0.038378026,0.08610932,0.03429896,0.007265043
168,14,The Stripper,"Okay, who are you?",surprise,"Way to be cool, man.
What’s he talking about?
There was a ring, in a box, on my nightstand, after you left, it was gone!
Wait, you guys think I stole some ring?
We know you took so just-just save yourself the time and confess!
Okay, who are you?","Way to be cool, man.
What’s he talking about?
There was a ring, in a box, on my nightstand, after you left, it was gone!
Wait, you guys think I stole some ring?
We know you took so just-just save yourself the time and confess!
Okay, who are you?",surprise,6,4,neutral,False,0.074018456,0.004032803,0.012233119,0.08203096,0.804849,0.013194808,0.009640814
168,15,The Stripper,The Hardy boys?,anger,"What’s he talking about?
There was a ring, in a box, on my nightstand, after you left, it was gone!
Wait, you guys think I stole some ring?
We know you took so just-just save yourself the time and confess!
Okay, who are you?
The Hardy boys?","What’s he talking about?
There was a ring, in a box, on my nightstand, after you left, it was gone!
Wait, you guys think I stole some ring?
We know you took so just-just save yourself the time and confess!
Okay, who are you?
The Hardy boys?",anger,0,3,joy,False,0.117674306,0.016675107,0.015408047,0.34749186,0.12637757,0.061149098,0.31522393
168,16,The Stripper,"Look, I don’t need to steal some stupid ring, all right?",anger,"There was a ring, in a box, on my nightstand, after you left, it was gone!
Wait, you guys think I stole some ring?
We know you took so just-just save yourself the time and confess!
Okay, who are you?
The Hardy boys?
Look, I don’t need to steal some stupid ring, all right?","There was a ring, in a box, on my nightstand, after you left, it was gone!
Wait, you guys think I stole some ring?
We know you took so just-just save yourself the time and confess!
Okay, who are you?
The Hardy boys?
Look, I don’t need to steal some stupid ring, all right?",anger,0,4,neutral,False,0.24381764,0.013795996,0.06438322,0.054081753,0.5806714,0.028884986,0.014364917
168,17,The Stripper,"I make $1,600 a week doing what I do; any of you guys make that?",anger,"Wait, you guys think I stole some ring?
We know you took so just-just save yourself the time and confess!
Okay, who are you?
The Hardy boys?
Look, I don’t need to steal some stupid ring, all right?
I make $1,600 a week doing what I do; any of you guys make that?","Wait, you guys think I stole some ring?
We know you took so just-just save yourself the time and confess!
Okay, who are you?
The Hardy boys?
Look, I don’t need to steal some stupid ring, all right?
I make $1,600 a week doing what I do; any of you guys make that?",anger,0,4,neutral,False,0.2607722,0.02029798,0.06108573,0.021552538,0.36239615,0.023949021,0.24994639
168,18,Chandler,Marry me.,neutral,"We know you took so just-just save yourself the time and confess!
Okay, who are you?
The Hardy boys?
Look, I don’t need to steal some stupid ring, all right?
I make $1,600 a week doing what I do; any of you guys make that?
Marry me.","We know you took so just-just save yourself the time and confess!
Okay, who are you?
The Hardy boys?
Look, I don’t need to steal some stupid ring, all right?
I make $1,600 a week doing what I do; any of you guys make that?
Marry me.",neutral,4,3,joy,False,0.28590903,0.028241923,0.033215664,0.43184045,0.08652047,0.111428976,0.022843465
169,5,Joey,Why?! Why can’t she marry me?!,surprise,"Oh my God! Joey!
Hell yeah! I’ll marry you!
You can’t marry him!
Hey lady, your day’s over! It’s my turn!
Phoebe!
Why?! Why can’t she marry me?!","Oh my God! Joey!
Hell yeah! I’ll marry you!
You can’t marry him!
Hey lady, your day’s over! It’s my turn!
Phoebe!
Why?! Why can’t she marry me?!",surprise,6,0,anger,False,0.54574144,0.017286994,0.07474805,0.080354445,0.021681745,0.08059427,0.17959309
169,6,Phoebe,I can and I will!,anger,"Hell yeah! I’ll marry you!
You can’t marry him!
Hey lady, your day’s over! It’s my turn!
Phoebe!
Why?! Why can’t she marry me?!
I can and I will!","Hell yeah! I’ll marry you!
You can’t marry him!
Hey lady, your day’s over! It’s my turn!
Phoebe!
Why?! Why can’t she marry me?!
I can and I will!",anger,0,3,joy,False,0.1116005,0.005989767,0.015004279,0.75914633,0.07340712,0.026370812,0.008481178
169,7,Monica,She’s not pregnant. It’s Rachel. Rachel’s the one who’s pregnant.,neutral,"You can’t marry him!
Hey lady, your day’s over! It’s my turn!
Phoebe!
Why?! Why can’t she marry me?!
I can and I will!
She’s not pregnant. It’s Rachel. Rachel’s the one who’s pregnant.","You can’t marry him!
Hey lady, your day’s over! It’s my turn!
Phoebe!
Why?! Why can’t she marry me?!
I can and I will!
She’s not pregnant. It’s Rachel. Rachel’s the one who’s pregnant.",neutral,4,4,neutral,True,0.13732523,0.020309377,0.013381193,0.09204638,0.6442451,0.044913463,0.04777932
169,8,Joey,Oh my God.,surprise,"Hey lady, your day’s over! It’s my turn!
Phoebe!
Why?! Why can’t she marry me?!
I can and I will!
She’s not pregnant. It’s Rachel. Rachel’s the one who’s pregnant.
Oh my God.","Hey lady, your day’s over! It’s my turn!
Phoebe!
Why?! Why can’t she marry me?!
I can and I will!
She’s not pregnant. It’s Rachel. Rachel’s the one who’s pregnant.
Oh my God.",surprise,6,6,surprise,True,0.008465991,0.018529043,0.012928185,0.031859934,0.018151866,0.018037146,0.8920278
169,9,Phoebe,Hey!,anger,"Phoebe!
Why?! Why can’t she marry me?!
I can and I will!
She’s not pregnant. It’s Rachel. Rachel’s the one who’s pregnant.
Oh my God.
Hey!","Phoebe!
Why?! Why can’t she marry me?!
I can and I will!
She’s not pregnant. It’s Rachel. Rachel’s the one who’s pregnant.
Oh my God.
Hey!",anger,0,3,joy,False,0.040113125,0.004572292,0.0029013047,0.73862016,0.03006027,0.006361264,0.1773716
169,10,Monica,Phoebe I think he would notice if you didn’t have a baby in nine months!,anger,"Why?! Why can’t she marry me?!
I can and I will!
She’s not pregnant. It’s Rachel. Rachel’s the one who’s pregnant.
Oh my God.
Hey!
Phoebe I think he would notice if you didn’t have a baby in nine months!","Why?! Why can’t she marry me?!
I can and I will!
She’s not pregnant. It’s Rachel. Rachel’s the one who’s pregnant.
Oh my God.
Hey!
Phoebe I think he would notice if you didn’t have a baby in nine months!",anger,0,3,joy,False,0.25068346,0.025554894,0.023098543,0.30345905,0.13784868,0.020346666,0.2390087
169,11,Phoebe,It’s Joey!,surprise,"I can and I will!
She’s not pregnant. It’s Rachel. Rachel’s the one who’s pregnant.
Oh my God.
Hey!
Phoebe I think he would notice if you didn’t have a baby in nine months!
It’s Joey!","I can and I will!
She’s not pregnant. It’s Rachel. Rachel’s the one who’s pregnant.
Oh my God.
Hey!
Phoebe I think he would notice if you didn’t have a baby in nine months!
It’s Joey!",surprise,6,6,surprise,True,0.14814088,0.006993816,0.0062101446,0.3432656,0.02571128,0.015327863,0.4543504
169,12,Joey,Now I can’t believe it! What? Rachel’s pregnant?  Who’s the father?,surprise,"She’s not pregnant. It’s Rachel. Rachel’s the one who’s pregnant.
Oh my God.
Hey!
Phoebe I think he would notice if you didn’t have a baby in nine months!
It’s Joey!
Now I can’t believe it! What? Rachel’s pregnant?  Who’s the father?","She’s not pregnant. It’s Rachel. Rachel’s the one who’s pregnant.
Oh my God.
Hey!
Phoebe I think he would notice if you didn’t have a baby in nine months!
It’s Joey!
Now I can’t believe it! What? Rachel’s pregnant?  Who’s the father?",surprise,6,4,neutral,False,0.02788342,0.0043727006,0.01135359,0.017939609,0.79980016,0.009388905,0.12926164
169,13,Phoebe,We don’t know.,neutral,"Oh my God.
Hey!
Phoebe I think he would notice if you didn’t have a baby in nine months!
It’s Joey!
Now I can’t believe it! What? Rachel’s pregnant?  Who’s the father?
We don’t know.","Oh my God.
Hey!
Phoebe I think he would notice if you didn’t have a baby in nine months!
It’s Joey!
Now I can’t believe it! What? Rachel’s pregnant?  Who’s the father?
We don’t know.",neutral,4,4,neutral,True,0.009507291,0.0028725676,0.015934765,0.022756325,0.932224,0.00963914,0.007065953
169,14,Joey,Ohh… I wonder if that dude.,neutral,"Hey!
Phoebe I think he would notice if you didn’t have a baby in nine months!
It’s Joey!
Now I can’t believe it! What? Rachel’s pregnant?  Who’s the father?
We don’t know.
Ohh… I wonder if that dude.","Hey!
Phoebe I think he would notice if you didn’t have a baby in nine months!
It’s Joey!
Now I can’t believe it! What? Rachel’s pregnant?  Who’s the father?
We don’t know.
Ohh… I wonder if that dude.",neutral,4,6,surprise,False,0.017896354,0.040503945,0.04345754,0.09548399,0.31907526,0.040592834,0.44299012
169,15,Monica,There’s a dude?,surprise,"Phoebe I think he would notice if you didn’t have a baby in nine months!
It’s Joey!
Now I can’t believe it! What? Rachel’s pregnant?  Who’s the father?
We don’t know.
Ohh… I wonder if that dude.
There’s a dude?","Phoebe I think he would notice if you didn’t have a baby in nine months!
It’s Joey!
Now I can’t believe it! What? Rachel’s pregnant?  Who’s the father?
We don’t know.
Ohh… I wonder if that dude.
There’s a dude?",surprise,6,6,surprise,True,0.012318385,0.008994531,0.008932628,0.06337033,0.30515853,0.0067225466,0.59450305
169,16,Joey,Yeah.,neutral,"It’s Joey!
Now I can’t believe it! What? Rachel’s pregnant?  Who’s the father?
We don’t know.
Ohh… I wonder if that dude.
There’s a dude?
Yeah.","It’s Joey!
Now I can’t believe it! What? Rachel’s pregnant?  Who’s the father?
We don’t know.
Ohh… I wonder if that dude.
There’s a dude?
Yeah.",neutral,4,4,neutral,True,0.0027344574,0.0018382805,0.0023933204,0.016537473,0.97144,0.0022978014,0.0027585858
169,17,Phoebe,Who? Who is it?,surprise,"Now I can’t believe it! What? Rachel’s pregnant?  Who’s the father?
We don’t know.
Ohh… I wonder if that dude.
There’s a dude?
Yeah.
Who? Who is it?","Now I can’t believe it! What? Rachel’s pregnant?  Who’s the father?
We don’t know.
Ohh… I wonder if that dude.
There’s a dude?
Yeah.
Who? Who is it?",surprise,6,4,neutral,False,0.016253568,0.0024313554,0.005091836,0.04654655,0.88876957,0.004654495,0.036252525
169,18,Joey,"About a month ago this guy spent the night with Rachel, I didn’t see who it was but",disgust,"We don’t know.
Ohh… I wonder if that dude.
There’s a dude?
Yeah.
Who? Who is it?
About a month ago this guy spent the night with Rachel, I didn’t see who it was but","We don’t know.
Ohh… I wonder if that dude.
There’s a dude?
Yeah.
Who? Who is it?
About a month ago this guy spent the night with Rachel, I didn’t see who it was but",disgust,1,4,neutral,False,0.041288875,0.0073496457,0.021403534,0.03703715,0.7948341,0.019824317,0.07826245
169,19,Phoebe,Was that story over?,neutral,"Ohh… I wonder if that dude.
There’s a dude?
Yeah.
Who? Who is it?
About a month ago this guy spent the night with Rachel, I didn’t see who it was but
Was that story over?","Ohh… I wonder if that dude.
There’s a dude?
Yeah.
Who? Who is it?
About a month ago this guy spent the night with Rachel, I didn’t see who it was but
Was that story over?",neutral,4,5,sadness,False,0.116668426,0.01466547,0.07261276,0.09202031,0.21457654,0.3976835,0.09177293
169,20,Joey,The guy left this.,neutral,"There’s a dude?
Yeah.
Who? Who is it?
About a month ago this guy spent the night with Rachel, I didn’t see who it was but
Was that story over?
The guy left this.","There’s a dude?
Yeah.
Who? Who is it?
About a month ago this guy spent the night with Rachel, I didn’t see who it was but
Was that story over?
The guy left this.",neutral,4,4,neutral,True,0.05045298,0.02002682,0.009283426,0.019386495,0.84992236,0.014812776,0.036115203
169,21,Phoebe,Oh my God! I know who the father is,surprise,"Yeah.
Who? Who is it?
About a month ago this guy spent the night with Rachel, I didn’t see who it was but
Was that story over?
The guy left this.
Oh my God! I know who the father is","Yeah.
Who? Who is it?
About a month ago this guy spent the night with Rachel, I didn’t see who it was but
Was that story over?
The guy left this.
Oh my God! I know who the father is",surprise,6,4,neutral,False,0.072462894,0.010345612,0.01977543,0.04098934,0.7779764,0.018781396,0.059669074
169,22,Monica,People have got to finish their stories!,anger,"Who? Who is it?
About a month ago this guy spent the night with Rachel, I didn’t see who it was but
Was that story over?
The guy left this.
Oh my God! I know who the father is
People have got to finish their stories!","Who? Who is it?
About a month ago this guy spent the night with Rachel, I didn’t see who it was but
Was that story over?
The guy left this.
Oh my God! I know who the father is
People have got to finish their stories!",anger,0,0,anger,True,0.42952695,0.017086366,0.051513135,0.20509684,0.051489558,0.065262035,0.18002504
171,5,All,"Three, Two, One!",neutral,"No!
Me too!
Hey, when the music starts up again, I was thinking of maybe goind into the robot, y’know?
Ross, I think we should stick to the routine, we don’t wanna look stupid!
Alright we’re back! Ten seconds left here we go! Ten! Nine! Eight! Seven!
Three, Two, One!","No!
Me too!
Hey, when the music starts up again, I was thinking of maybe goind into the robot, y’know?
Ross, I think we should stick to the routine, we don’t wanna look stupid!
Alright we’re back! Ten seconds left here we go! Ten! Nine! Eight! Seven!
Three, Two, One!",neutral,4,3,joy,False,0.060772657,0.0058064605,0.004872941,0.8484264,0.05237085,0.0062184716,0.021532154
171,6,Director,Cut!,neutral,"Me too!
Hey, when the music starts up again, I was thinking of maybe goind into the robot, y’know?
Ross, I think we should stick to the routine, we don’t wanna look stupid!
Alright we’re back! Ten seconds left here we go! Ten! Nine! Eight! Seven!
Three, Two, One!
Cut!","Me too!
Hey, when the music starts up again, I was thinking of maybe goind into the robot, y’know?
Ross, I think we should stick to the routine, we don’t wanna look stupid!
Alright we’re back! Ten seconds left here we go! Ten! Nine! Eight! Seven!
Three, Two, One!
Cut!",neutral,4,0,anger,False,0.4323768,0.026588324,0.032951575,0.23287068,0.21761245,0.039415006,0.018185133
171,7,Joey,No! Year! Happy No Year!,joy,"Hey, when the music starts up again, I was thinking of maybe goind into the robot, y’know?
Ross, I think we should stick to the routine, we don’t wanna look stupid!
Alright we’re back! Ten seconds left here we go! Ten! Nine! Eight! Seven!
Three, Two, One!
Cut!
No! Year! Happy No Year!","Hey, when the music starts up again, I was thinking of maybe goind into the robot, y’know?
Ross, I think we should stick to the routine, we don’t wanna look stupid!
Alright we’re back! Ten seconds left here we go! Ten! Nine! Eight! Seven!
Three, Two, One!
Cut!
No! Year! Happy No Year!",joy,3,3,joy,True,0.028593369,0.0063864635,0.0050208233,0.8982079,0.0315368,0.018469878,0.0117847165
171,8,Director,"Okay, here’s where we go to the live shot of Times Square, nice work everyone that’s a wrap!",joy,"Ross, I think we should stick to the routine, we don’t wanna look stupid!
Alright we’re back! Ten seconds left here we go! Ten! Nine! Eight! Seven!
Three, Two, One!
Cut!
No! Year! Happy No Year!
Okay, here’s where we go to the live shot of Times Square, nice work everyone that’s a wrap!","Ross, I think we should stick to the routine, we don’t wanna look stupid!
Alright we’re back! Ten seconds left here we go! Ten! Nine! Eight! Seven!
Three, Two, One!
Cut!
No! Year! Happy No Year!
Okay, here’s where we go to the live shot of Times Square, nice work everyone that’s a wrap!",joy,3,3,joy,True,0.022594644,0.002969517,0.0016294522,0.930058,0.028756848,0.0050418014,0.0089496635
173,5,Monica,Okay!,surprise,"I see. Y’know umm, Phoebe makes sock bunnies.
No!
No, she doesn’t.
Uh Phoebe, what she makes—that’s uh—they’re sock rabbits.
They are completely different—Okay!
Okay!","I see. Y’know umm, Phoebe makes sock bunnies.
No!
No, she doesn’t.
Uh Phoebe, what she makes—that’s uh—they’re sock rabbits.
They are completely different—Okay!
Okay!",surprise,6,3,joy,False,0.07636175,0.004489253,0.0070963334,0.75242674,0.13801202,0.008253642,0.01336029
173,6,Monica,Okay!,surprise,"No!
No, she doesn’t.
Uh Phoebe, what she makes—that’s uh—they’re sock rabbits.
They are completely different—Okay!
Okay!
Okay!","No!
No, she doesn’t.
Uh Phoebe, what she makes—that’s uh—they’re sock rabbits.
They are completely different—Okay!
Okay!
Okay!",surprise,6,3,joy,False,0.054552414,0.0043432787,0.0055997916,0.8560172,0.05095735,0.008155158,0.020374892
173,7,Monica,I didn’t make it!,sadness,"No, she doesn’t.
Uh Phoebe, what she makes—that’s uh—they’re sock rabbits.
They are completely different—Okay!
Okay!
Okay!
I didn’t make it!","No, she doesn’t.
Uh Phoebe, what she makes—that’s uh—they’re sock rabbits.
They are completely different—Okay!
Okay!
Okay!
I didn’t make it!",sadness,5,0,anger,False,0.44555542,0.011911547,0.03880682,0.07836775,0.030953094,0.07104593,0.32335943
173,8,Monica,I’m sorry!,sadness,"Uh Phoebe, what she makes—that’s uh—they’re sock rabbits.
They are completely different—Okay!
Okay!
Okay!
I didn’t make it!
I’m sorry!","Uh Phoebe, what she makes—that’s uh—they’re sock rabbits.
They are completely different—Okay!
Okay!
Okay!
I didn’t make it!
I’m sorry!",sadness,5,5,sadness,True,0.055814363,0.017951857,0.0981024,0.018537566,0.017197188,0.7591175,0.033279043
173,9,Monica,I totally forgot about tonight and the fact that we’re supposed to,neutral,"They are completely different—Okay!
Okay!
Okay!
I didn’t make it!
I’m sorry!
I totally forgot about tonight and the fact that we’re supposed to","They are completely different—Okay!
Okay!
Okay!
I didn’t make it!
I’m sorry!
I totally forgot about tonight and the fact that we’re supposed to",neutral,4,6,surprise,False,0.060603525,0.027537286,0.02486965,0.18826991,0.10987225,0.19825521,0.39059213
173,10,Chandler,"Oh, it’s okay. I don’t",neutral,"Okay!
Okay!
I didn’t make it!
I’m sorry!
I totally forgot about tonight and the fact that we’re supposed to
Oh, it’s okay. I don’t","Okay!
Okay!
I didn’t make it!
I’m sorry!
I totally forgot about tonight and the fact that we’re supposed to
Oh, it’s okay. I don’t",neutral,4,4,neutral,True,0.03151491,0.004540438,0.03014293,0.021508774,0.87673193,0.02760201,0.007959025
173,11,Monica,"No-no, it’s not okay!",sadness,"Okay!
I didn’t make it!
I’m sorry!
I totally forgot about tonight and the fact that we’re supposed to
Oh, it’s okay. I don’t
No-no, it’s not okay!","Okay!
I didn’t make it!
I’m sorry!
I totally forgot about tonight and the fact that we’re supposed to
Oh, it’s okay. I don’t
No-no, it’s not okay!",sadness,5,5,sadness,True,0.17354581,0.018447803,0.13380592,0.19488162,0.15788722,0.27439672,0.04703496
173,12,Monica,It’s not!,sadness,"I didn’t make it!
I’m sorry!
I totally forgot about tonight and the fact that we’re supposed to
Oh, it’s okay. I don’t
No-no, it’s not okay!
It’s not!","I didn’t make it!
I’m sorry!
I totally forgot about tonight and the fact that we’re supposed to
Oh, it’s okay. I don’t
No-no, it’s not okay!
It’s not!",sadness,5,0,anger,False,0.6226738,0.040641222,0.1288287,0.021045826,0.060743883,0.09581993,0.030246707
173,13,Monica,I mean you were just… You’re so incredible!,sadness,"I’m sorry!
I totally forgot about tonight and the fact that we’re supposed to
Oh, it’s okay. I don’t
No-no, it’s not okay!
It’s not!
I mean you were just… You’re so incredible!","I’m sorry!
I totally forgot about tonight and the fact that we’re supposed to
Oh, it’s okay. I don’t
No-no, it’s not okay!
It’s not!
I mean you were just… You’re so incredible!",sadness,5,3,joy,False,0.011900811,0.0027171124,0.0016665916,0.95247185,0.009276806,0.0068015642,0.01516523
173,14,Monica,You went through all this time and effort to make this tape for me!,sadness,"I totally forgot about tonight and the fact that we’re supposed to
Oh, it’s okay. I don’t
No-no, it’s not okay!
It’s not!
I mean you were just… You’re so incredible!
You went through all this time and effort to make this tape for me!","I totally forgot about tonight and the fact that we’re supposed to
Oh, it’s okay. I don’t
No-no, it’s not okay!
It’s not!
I mean you were just… You’re so incredible!
You went through all this time and effort to make this tape for me!",sadness,5,3,joy,False,0.020399626,0.0024311605,0.0020382567,0.9320049,0.017361784,0.0075117727,0.018252486
173,15,Monica,"Y’know I’m just gonna—I, I am gonna make this up to you!",joy,"Oh, it’s okay. I don’t
No-no, it’s not okay!
It’s not!
I mean you were just… You’re so incredible!
You went through all this time and effort to make this tape for me!
Y’know I’m just gonna—I, I am gonna make this up to you!","Oh, it’s okay. I don’t
No-no, it’s not okay!
It’s not!
I mean you were just… You’re so incredible!
You went through all this time and effort to make this tape for me!
Y’know I’m just gonna—I, I am gonna make this up to you!",joy,3,3,joy,True,0.03751978,0.0030448635,0.00566869,0.8819601,0.055932637,0.009710386,0.0061635883
173,16,Monica,I will!,sadness,"No-no, it’s not okay!
It’s not!
I mean you were just… You’re so incredible!
You went through all this time and effort to make this tape for me!
Y’know I’m just gonna—I, I am gonna make this up to you!
I will!","No-no, it’s not okay!
It’s not!
I mean you were just… You’re so incredible!
You went through all this time and effort to make this tape for me!
Y’know I’m just gonna—I, I am gonna make this up to you!
I will!",sadness,5,3,joy,False,0.046557654,0.0031020064,0.0058750743,0.88497406,0.044289306,0.008017817,0.007184075
173,17,Monica,I-I am going to,neutral,"It’s not!
I mean you were just… You’re so incredible!
You went through all this time and effort to make this tape for me!
Y’know I’m just gonna—I, I am gonna make this up to you!
I will!
I-I am going to","It’s not!
I mean you were just… You’re so incredible!
You went through all this time and effort to make this tape for me!
Y’know I’m just gonna—I, I am gonna make this up to you!
I will!
I-I am going to",neutral,4,3,joy,False,0.040524054,0.0049675903,0.023997655,0.7289845,0.16716,0.023382992,0.0109832715
173,18,Chandler,"Well, I did put a lot of thought in the tape.",neutral,"I mean you were just… You’re so incredible!
You went through all this time and effort to make this tape for me!
Y’know I’m just gonna—I, I am gonna make this up to you!
I will!
I-I am going to
Well, I did put a lot of thought in the tape.","I mean you were just… You’re so incredible!
You went through all this time and effort to make this tape for me!
Y’know I’m just gonna—I, I am gonna make this up to you!
I will!
I-I am going to
Well, I did put a lot of thought in the tape.",neutral,4,4,neutral,True,0.037105713,0.008384923,0.016774414,0.43094432,0.44466007,0.04321705,0.018913493
174,5,Rachel,"Hi! Oh, I’m so glad you called.",joy,"No.  And then I called him, and he wasn’t there.
Well, then he’s, he’s probably just, out.
Oh, thank you that’s very helpful, I’m glad you came over.
Hello.
Hi! It’s me.
Hi! Oh, I’m so glad you called.","No.  And then I called him, and he wasn’t there.
Well, then he’s, he’s probably just, out.
Oh, thank you that’s very helpful, I’m glad you came over.
Hello.
Hi! It’s me.
Hi! Oh, I’m so glad you called.",joy,3,3,joy,True,0.0065749474,0.002320419,0.0022444378,0.9356268,0.017030517,0.013681161,0.02252179
174,6,Ross,"Really? I’ve been thinking, this is crazy, I mean don’t, don’t you think we can work on this?",sadness,"Well, then he’s, he’s probably just, out.
Oh, thank you that’s very helpful, I’m glad you came over.
Hello.
Hi! It’s me.
Hi! Oh, I’m so glad you called.
Really? I’ve been thinking, this is crazy, I mean don’t, don’t you think we can work on this?","Well, then he’s, he’s probably just, out.
Oh, thank you that’s very helpful, I’m glad you came over.
Hello.
Hi! It’s me.
Hi! Oh, I’m so glad you called.
Really? I’ve been thinking, this is crazy, I mean don’t, don’t you think we can work on this?",sadness,5,4,neutral,False,0.05723047,0.008832501,0.03974996,0.23926252,0.58979446,0.04045471,0.02467541
174,7,Mark,"Hey, what do you want to drink?",neutral,"Oh, thank you that’s very helpful, I’m glad you came over.
Hello.
Hi! It’s me.
Hi! Oh, I’m so glad you called.
Really? I’ve been thinking, this is crazy, I mean don’t, don’t you think we can work on this?
Hey, what do you want to drink?","Oh, thank you that’s very helpful, I’m glad you came over.
Hello.
Hi! It’s me.
Hi! Oh, I’m so glad you called.
Really? I’ve been thinking, this is crazy, I mean don’t, don’t you think we can work on this?
Hey, what do you want to drink?",neutral,4,4,neutral,True,0.021676976,0.0057413466,0.0053280555,0.06651048,0.87925416,0.0068851262,0.014603837
174,8,Ross,Who’s that?,surprise,"Hello.
Hi! It’s me.
Hi! Oh, I’m so glad you called.
Really? I’ve been thinking, this is crazy, I mean don’t, don’t you think we can work on this?
Hey, what do you want to drink?
Who’s that?","Hello.
Hi! It’s me.
Hi! Oh, I’m so glad you called.
Really? I’ve been thinking, this is crazy, I mean don’t, don’t you think we can work on this?
Hey, what do you want to drink?
Who’s that?",surprise,6,4,neutral,False,0.011681757,0.0033834116,0.005402586,0.03956609,0.8950178,0.0056210645,0.03932722
174,9,Rachel,Nobody.,neutral,"Hi! It’s me.
Hi! Oh, I’m so glad you called.
Really? I’ve been thinking, this is crazy, I mean don’t, don’t you think we can work on this?
Hey, what do you want to drink?
Who’s that?
Nobody.","Hi! It’s me.
Hi! Oh, I’m so glad you called.
Really? I’ve been thinking, this is crazy, I mean don’t, don’t you think we can work on this?
Hey, what do you want to drink?
Who’s that?
Nobody.",neutral,4,4,neutral,True,0.0131177,0.002842452,0.0029077935,0.0094883265,0.9660208,0.0029283338,0.0026945386
174,10,Mark,Is it okay if I finish the apple juice?,neutral,"Hi! Oh, I’m so glad you called.
Really? I’ve been thinking, this is crazy, I mean don’t, don’t you think we can work on this?
Hey, what do you want to drink?
Who’s that?
Nobody.
Is it okay if I finish the apple juice?","Hi! Oh, I’m so glad you called.
Really? I’ve been thinking, this is crazy, I mean don’t, don’t you think we can work on this?
Hey, what do you want to drink?
Who’s that?
Nobody.
Is it okay if I finish the apple juice?",neutral,4,4,neutral,True,0.025112217,0.00912233,0.023598965,0.09245313,0.7990983,0.043952376,0.006662671
174,11,Ross,Is that Mark?,neutral,"Really? I’ve been thinking, this is crazy, I mean don’t, don’t you think we can work on this?
Hey, what do you want to drink?
Who’s that?
Nobody.
Is it okay if I finish the apple juice?
Is that Mark?","Really? I’ve been thinking, this is crazy, I mean don’t, don’t you think we can work on this?
Hey, what do you want to drink?
Who’s that?
Nobody.
Is it okay if I finish the apple juice?
Is that Mark?",neutral,4,4,neutral,True,0.015417095,0.0058458713,0.020202184,0.047024556,0.8649395,0.02022229,0.026348408
174,12,Rachel,"Umm, honey, look he just came over to....",neutral,"Hey, what do you want to drink?
Who’s that?
Nobody.
Is it okay if I finish the apple juice?
Is that Mark?
Umm, honey, look he just came over to....","Hey, what do you want to drink?
Who’s that?
Nobody.
Is it okay if I finish the apple juice?
Is that Mark?
Umm, honey, look he just came over to....",neutral,4,4,neutral,True,0.010903635,0.006102969,0.021635827,0.16793214,0.7166027,0.019078823,0.057743937
174,13,Ross,Yeah! Got it!,anger,"Who’s that?
Nobody.
Is it okay if I finish the apple juice?
Is that Mark?
Umm, honey, look he just came over to....
Yeah! Got it!","Who’s that?
Nobody.
Is it okay if I finish the apple juice?
Is that Mark?
Umm, honey, look he just came over to....
Yeah! Got it!",anger,0,3,joy,False,0.04996953,0.0030768043,0.004375883,0.8562352,0.06273108,0.0067175776,0.016893974
174,14,Chloe,"Hey, dinosaur guy, look at you, so sad. Come dance.",neutral,"Nobody.
Is it okay if I finish the apple juice?
Is that Mark?
Umm, honey, look he just came over to....
Yeah! Got it!
Hey, dinosaur guy, look at you, so sad. Come dance.","Nobody.
Is it okay if I finish the apple juice?
Is that Mark?
Umm, honey, look he just came over to....
Yeah! Got it!
Hey, dinosaur guy, look at you, so sad. Come dance.",neutral,4,4,neutral,True,0.024829803,0.0075496305,0.0072265426,0.24562277,0.7033333,0.006015963,0.0054219468
174,15,Ross,"Ah, that’s okay, thanks.",sadness,"Is it okay if I finish the apple juice?
Is that Mark?
Umm, honey, look he just came over to....
Yeah! Got it!
Hey, dinosaur guy, look at you, so sad. Come dance.
Ah, that’s okay, thanks.","Is it okay if I finish the apple juice?
Is that Mark?
Umm, honey, look he just came over to....
Yeah! Got it!
Hey, dinosaur guy, look at you, so sad. Come dance.
Ah, that’s okay, thanks.",sadness,5,3,joy,False,0.01070533,0.0034864768,0.0055179517,0.48629436,0.4637284,0.024574073,0.005693444
174,16,Chloe,"Hey, you don’t have to smile. You just have to dance.",neutral,"Is that Mark?
Umm, honey, look he just came over to....
Yeah! Got it!
Hey, dinosaur guy, look at you, so sad. Come dance.
Ah, that’s okay, thanks.
Hey, you don’t have to smile. You just have to dance.","Is that Mark?
Umm, honey, look he just came over to....
Yeah! Got it!
Hey, dinosaur guy, look at you, so sad. Come dance.
Ah, that’s okay, thanks.
Hey, you don’t have to smile. You just have to dance.",neutral,4,4,neutral,True,0.019135144,0.004960016,0.0039553447,0.05972489,0.9031168,0.004010596,0.005097148
174,17,Ross,"Look, I don’t feel like dancing, I feel like having a drink. Okay?",sadness,"Umm, honey, look he just came over to....
Yeah! Got it!
Hey, dinosaur guy, look at you, so sad. Come dance.
Ah, that’s okay, thanks.
Hey, you don’t have to smile. You just have to dance.
Look, I don’t feel like dancing, I feel like having a drink. Okay?","Umm, honey, look he just came over to....
Yeah! Got it!
Hey, dinosaur guy, look at you, so sad. Come dance.
Ah, that’s okay, thanks.
Hey, you don’t have to smile. You just have to dance.
Look, I don’t feel like dancing, I feel like having a drink. Okay?",sadness,5,4,neutral,False,0.023267865,0.0027435957,0.013109889,0.08063492,0.8555797,0.009702179,0.014961898
174,18,Chloe,"Oh, okay.  Hey, two beers.",neutral,"Yeah! Got it!
Hey, dinosaur guy, look at you, so sad. Come dance.
Ah, that’s okay, thanks.
Hey, you don’t have to smile. You just have to dance.
Look, I don’t feel like dancing, I feel like having a drink. Okay?
Oh, okay.  Hey, two beers.","Yeah! Got it!
Hey, dinosaur guy, look at you, so sad. Come dance.
Ah, that’s okay, thanks.
Hey, you don’t have to smile. You just have to dance.
Look, I don’t feel like dancing, I feel like having a drink. Okay?
Oh, okay.  Hey, two beers.",neutral,4,4,neutral,True,0.0053160344,0.003228561,0.001659147,0.026718186,0.957886,0.0021452496,0.003046814
175,5,Tag,What contracts?,neutral,"You wanna go in the bedroom? It’s a little more comfortable.
Sure.
Okay.  Oh wait! Umm, did you send those contracts to Milan?
If this is your idea of sexy talk?
No seriously, y’know the contracts I gave you, did you overnight them?
What contracts?","You wanna go in the bedroom? It’s a little more comfortable.
Sure.
Okay.  Oh wait! Umm, did you send those contracts to Milan?
If this is your idea of sexy talk?
No seriously, y’know the contracts I gave you, did you overnight them?
What contracts?",neutral,4,6,surprise,False,0.016079824,0.00516192,0.012489281,0.023306461,0.3802767,0.008705061,0.55398077
175,6,Rachel,Okay please tell me that this is just one of your jokes that you do that I don’t get.,joy,"Sure.
Okay.  Oh wait! Umm, did you send those contracts to Milan?
If this is your idea of sexy talk?
No seriously, y’know the contracts I gave you, did you overnight them?
What contracts?
Okay please tell me that this is just one of your jokes that you do that I don’t get.","Sure.
Okay.  Oh wait! Umm, did you send those contracts to Milan?
If this is your idea of sexy talk?
No seriously, y’know the contracts I gave you, did you overnight them?
What contracts?
Okay please tell me that this is just one of your jokes that you do that I don’t get.",joy,3,4,neutral,False,0.123967186,0.13271041,0.06268679,0.11630547,0.4585282,0.08269185,0.023110036
175,7,Tag,Like what?,neutral,"Okay.  Oh wait! Umm, did you send those contracts to Milan?
If this is your idea of sexy talk?
No seriously, y’know the contracts I gave you, did you overnight them?
What contracts?
Okay please tell me that this is just one of your jokes that you do that I don’t get.
Like what?","Okay.  Oh wait! Umm, did you send those contracts to Milan?
If this is your idea of sexy talk?
No seriously, y’know the contracts I gave you, did you overnight them?
What contracts?
Okay please tell me that this is just one of your jokes that you do that I don’t get.
Like what?",neutral,4,6,surprise,False,0.01431851,0.010044849,0.023396092,0.116000496,0.29355964,0.024855234,0.51782525
175,8,Rachel,"Y’know, like the thing when you put the phone in your pants?",disgust,"If this is your idea of sexy talk?
No seriously, y’know the contracts I gave you, did you overnight them?
What contracts?
Okay please tell me that this is just one of your jokes that you do that I don’t get.
Like what?
Y’know, like the thing when you put the phone in your pants?","If this is your idea of sexy talk?
No seriously, y’know the contracts I gave you, did you overnight them?
What contracts?
Okay please tell me that this is just one of your jokes that you do that I don’t get.
Like what?
Y’know, like the thing when you put the phone in your pants?",disgust,1,4,neutral,False,0.17738198,0.075831346,0.14424653,0.08094141,0.39962804,0.101369716,0.020601058
175,9,Rachel,Tag!,anger,"No seriously, y’know the contracts I gave you, did you overnight them?
What contracts?
Okay please tell me that this is just one of your jokes that you do that I don’t get.
Like what?
Y’know, like the thing when you put the phone in your pants?
Tag!","No seriously, y’know the contracts I gave you, did you overnight them?
What contracts?
Okay please tell me that this is just one of your jokes that you do that I don’t get.
Like what?
Y’know, like the thing when you put the phone in your pants?
Tag!",anger,0,0,anger,True,0.36852986,0.04927356,0.022169001,0.26984262,0.031956192,0.02301362,0.23521517
175,10,Rachel,I’m serious!,anger,"What contracts?
Okay please tell me that this is just one of your jokes that you do that I don’t get.
Like what?
Y’know, like the thing when you put the phone in your pants?
Tag!
I’m serious!","What contracts?
Okay please tell me that this is just one of your jokes that you do that I don’t get.
Like what?
Y’know, like the thing when you put the phone in your pants?
Tag!
I’m serious!",anger,0,3,joy,False,0.099845685,0.007698481,0.005109733,0.7182576,0.027474228,0.0069381213,0.13467625
175,11,Rachel,This isn’t funny!,anger,"Okay please tell me that this is just one of your jokes that you do that I don’t get.
Like what?
Y’know, like the thing when you put the phone in your pants?
Tag!
I’m serious!
This isn’t funny!","Okay please tell me that this is just one of your jokes that you do that I don’t get.
Like what?
Y’know, like the thing when you put the phone in your pants?
Tag!
I’m serious!
This isn’t funny!",anger,0,0,anger,True,0.84585816,0.042232238,0.031002058,0.016534695,0.015449947,0.024435362,0.024487598
175,12,Rachel,Those contracts absolutely had to go out today!,anger,"Like what?
Y’know, like the thing when you put the phone in your pants?
Tag!
I’m serious!
This isn’t funny!
Those contracts absolutely had to go out today!","Like what?
Y’know, like the thing when you put the phone in your pants?
Tag!
I’m serious!
This isn’t funny!
Those contracts absolutely had to go out today!",anger,0,0,anger,True,0.75819784,0.019321399,0.02016507,0.104613066,0.021015998,0.03352509,0.04316159
175,13,Tag,"Rach, I’m sorry, but you didn’t give me any contracts!",surprise,"Y’know, like the thing when you put the phone in your pants?
Tag!
I’m serious!
This isn’t funny!
Those contracts absolutely had to go out today!
Rach, I’m sorry, but you didn’t give me any contracts!","Y’know, like the thing when you put the phone in your pants?
Tag!
I’m serious!
This isn’t funny!
Those contracts absolutely had to go out today!
Rach, I’m sorry, but you didn’t give me any contracts!",surprise,6,0,anger,False,0.5224814,0.0151840495,0.05784784,0.03644488,0.059846763,0.21187074,0.09632436
175,14,Rachel,Yes I did! And I put a little,anger,"Tag!
I’m serious!
This isn’t funny!
Those contracts absolutely had to go out today!
Rach, I’m sorry, but you didn’t give me any contracts!
Yes I did! And I put a little","Tag!
I’m serious!
This isn’t funny!
Those contracts absolutely had to go out today!
Rach, I’m sorry, but you didn’t give me any contracts!
Yes I did! And I put a little",anger,0,3,joy,False,0.12585783,0.022785187,0.0344218,0.4147675,0.26520076,0.12110065,0.015866354
175,15,Tag,"I’m telling you, you never gave them to me.",neutral,"I’m serious!
This isn’t funny!
Those contracts absolutely had to go out today!
Rach, I’m sorry, but you didn’t give me any contracts!
Yes I did! And I put a little
I’m telling you, you never gave them to me.","I’m serious!
This isn’t funny!
Those contracts absolutely had to go out today!
Rach, I’m sorry, but you didn’t give me any contracts!
Yes I did! And I put a little
I’m telling you, you never gave them to me.",neutral,4,0,anger,False,0.4806851,0.027939245,0.06516923,0.041784674,0.16576979,0.16265564,0.055996373
175,16,Rachel,"Y’know what Tag, if we went down to the office you would see those contracts sitting on your desk.",anger,"This isn’t funny!
Those contracts absolutely had to go out today!
Rach, I’m sorry, but you didn’t give me any contracts!
Yes I did! And I put a little
I’m telling you, you never gave them to me.
Y’know what Tag, if we went down to the office you would see those contracts sitting on your desk.","This isn’t funny!
Those contracts absolutely had to go out today!
Rach, I’m sorry, but you didn’t give me any contracts!
Yes I did! And I put a little
I’m telling you, you never gave them to me.
Y’know what Tag, if we went down to the office you would see those contracts sitting on your desk.",anger,0,4,neutral,False,0.019303752,0.004213732,0.0032664782,0.022433223,0.9456008,0.0025455218,0.0026365505
175,17,Tag,"No, I would see you looking embarrassed because they are",anger,"Those contracts absolutely had to go out today!
Rach, I’m sorry, but you didn’t give me any contracts!
Yes I did! And I put a little
I’m telling you, you never gave them to me.
Y’know what Tag, if we went down to the office you would see those contracts sitting on your desk.
No, I would see you looking embarrassed because they are","Those contracts absolutely had to go out today!
Rach, I’m sorry, but you didn’t give me any contracts!
Yes I did! And I put a little
I’m telling you, you never gave them to me.
Y’know what Tag, if we went down to the office you would see those contracts sitting on your desk.
No, I would see you looking embarrassed because they are",anger,0,1,disgust,False,0.17561203,0.37742826,0.09232474,0.063895725,0.17517109,0.059572864,0.05599533
175,18,Rachel,Or maybe you would see me looking embarrassed because you are talking on the phone with your crotch!,disgust,"Rach, I’m sorry, but you didn’t give me any contracts!
Yes I did! And I put a little
I’m telling you, you never gave them to me.
Y’know what Tag, if we went down to the office you would see those contracts sitting on your desk.
No, I would see you looking embarrassed because they are
Or maybe you would see me looking embarrassed because you are talking on the phone with your crotch!","Rach, I’m sorry, but you didn’t give me any contracts!
Yes I did! And I put a little
I’m telling you, you never gave them to me.
Y’know what Tag, if we went down to the office you would see those contracts sitting on your desk.
No, I would see you looking embarrassed because they are
Or maybe you would see me looking embarrassed because you are talking on the phone with your crotch!",disgust,1,0,anger,False,0.47839278,0.32757154,0.031295553,0.034590688,0.03077592,0.031915735,0.06545776
175,19,Tag,You wanna go down to the office right now?,neutral,"Yes I did! And I put a little
I’m telling you, you never gave them to me.
Y’know what Tag, if we went down to the office you would see those contracts sitting on your desk.
No, I would see you looking embarrassed because they are
Or maybe you would see me looking embarrassed because you are talking on the phone with your crotch!
You wanna go down to the office right now?","Yes I did! And I put a little
I’m telling you, you never gave them to me.
Y’know what Tag, if we went down to the office you would see those contracts sitting on your desk.
No, I would see you looking embarrassed because they are
Or maybe you would see me looking embarrassed because you are talking on the phone with your crotch!
You wanna go down to the office right now?",neutral,4,4,neutral,True,0.04901861,0.054241594,0.026486272,0.13297492,0.38864508,0.013846332,0.3347872
175,20,Rachel,"No! Come on its late, we’re not gonna go down to the office.",anger,"I’m telling you, you never gave them to me.
Y’know what Tag, if we went down to the office you would see those contracts sitting on your desk.
No, I would see you looking embarrassed because they are
Or maybe you would see me looking embarrassed because you are talking on the phone with your crotch!
You wanna go down to the office right now?
No! Come on its late, we’re not gonna go down to the office.","I’m telling you, you never gave them to me.
Y’know what Tag, if we went down to the office you would see those contracts sitting on your desk.
No, I would see you looking embarrassed because they are
Or maybe you would see me looking embarrassed because you are talking on the phone with your crotch!
You wanna go down to the office right now?
No! Come on its late, we’re not gonna go down to the office.",anger,0,4,neutral,False,0.099709064,0.03409664,0.016591743,0.039238043,0.79355246,0.012859424,0.0039526494
175,21,Tag,Okay I understand.  I wouldn’t want to be proved wrong either.,neutral,"Y’know what Tag, if we went down to the office you would see those contracts sitting on your desk.
No, I would see you looking embarrassed because they are
Or maybe you would see me looking embarrassed because you are talking on the phone with your crotch!
You wanna go down to the office right now?
No! Come on its late, we’re not gonna go down to the office.
Okay I understand.  I wouldn’t want to be proved wrong either.","Y’know what Tag, if we went down to the office you would see those contracts sitting on your desk.
No, I would see you looking embarrassed because they are
Or maybe you would see me looking embarrassed because you are talking on the phone with your crotch!
You wanna go down to the office right now?
No! Come on its late, we’re not gonna go down to the office.
Okay I understand.  I wouldn’t want to be proved wrong either.",neutral,4,0,anger,False,0.5974941,0.02235044,0.12151642,0.04797051,0.088823564,0.110372536,0.011472435
175,22,Rachel,Okay get your coat!  Oh! When did you unhook this?  Nice work!,joy,"No, I would see you looking embarrassed because they are
Or maybe you would see me looking embarrassed because you are talking on the phone with your crotch!
You wanna go down to the office right now?
No! Come on its late, we’re not gonna go down to the office.
Okay I understand.  I wouldn’t want to be proved wrong either.
Okay get your coat!  Oh! When did you unhook this?  Nice work!","No, I would see you looking embarrassed because they are
Or maybe you would see me looking embarrassed because you are talking on the phone with your crotch!
You wanna go down to the office right now?
No! Come on its late, we’re not gonna go down to the office.
Okay I understand.  I wouldn’t want to be proved wrong either.
Okay get your coat!  Oh! When did you unhook this?  Nice work!",joy,3,3,joy,True,0.033500675,0.0070169265,0.003027627,0.88331133,0.013431684,0.008846964,0.05086477
178,5,Chandler,Do you know what Pheebs?,neutral,"Pheebs, how’s it going?
I’m doing okay. I think it’s going well. Do you think they’re having fun? Am I talking to fast?
Nope, sound like me. Pheebs, it’s going great. Look at Chandler with little baby girl Chandler.
Little baby girl Chandler, where I have heard that before?
Oh right, Coach Ruben.
Do you know what Pheebs?","Pheebs, how’s it going?
I’m doing okay. I think it’s going well. Do you think they’re having fun? Am I talking to fast?
Nope, sound like me. Pheebs, it’s going great. Look at Chandler with little baby girl Chandler.
Little baby girl Chandler, where I have heard that before?
Oh right, Coach Ruben.
Do you know what Pheebs?",neutral,4,4,neutral,True,0.05493633,0.0055506467,0.02546347,0.039950967,0.8328003,0.010024841,0.031273462
178,6,Chandler,"When you’re done over there, we kinda have a situation over here too.",fear,"I’m doing okay. I think it’s going well. Do you think they’re having fun? Am I talking to fast?
Nope, sound like me. Pheebs, it’s going great. Look at Chandler with little baby girl Chandler.
Little baby girl Chandler, where I have heard that before?
Oh right, Coach Ruben.
Do you know what Pheebs?
When you’re done over there, we kinda have a situation over here too.","I’m doing okay. I think it’s going well. Do you think they’re having fun? Am I talking to fast?
Nope, sound like me. Pheebs, it’s going great. Look at Chandler with little baby girl Chandler.
Little baby girl Chandler, where I have heard that before?
Oh right, Coach Ruben.
Do you know what Pheebs?
When you’re done over there, we kinda have a situation over here too.",fear,2,4,neutral,False,0.07867806,0.049973164,0.057555407,0.1085651,0.5876613,0.09406273,0.023504194
178,7,Phoebe,"Na-uh, no, we are all responsible for our own babies.",neutral,"Nope, sound like me. Pheebs, it’s going great. Look at Chandler with little baby girl Chandler.
Little baby girl Chandler, where I have heard that before?
Oh right, Coach Ruben.
Do you know what Pheebs?
When you’re done over there, we kinda have a situation over here too.
Na-uh, no, we are all responsible for our own babies.","Nope, sound like me. Pheebs, it’s going great. Look at Chandler with little baby girl Chandler.
Little baby girl Chandler, where I have heard that before?
Oh right, Coach Ruben.
Do you know what Pheebs?
When you’re done over there, we kinda have a situation over here too.
Na-uh, no, we are all responsible for our own babies.",neutral,4,4,neutral,True,0.077219285,0.013381257,0.012155043,0.08077241,0.78406703,0.025450537,0.006954376
178,8,Chandler,See that’s where I think that you’re wrong. We’ve been playing these babies man for man. we should really be playing a zone defense.,neutral,"Little baby girl Chandler, where I have heard that before?
Oh right, Coach Ruben.
Do you know what Pheebs?
When you’re done over there, we kinda have a situation over here too.
Na-uh, no, we are all responsible for our own babies.
See that’s where I think that you’re wrong. We’ve been playing these babies man for man. we should really be playing a zone defense.","Little baby girl Chandler, where I have heard that before?
Oh right, Coach Ruben.
Do you know what Pheebs?
When you’re done over there, we kinda have a situation over here too.
Na-uh, no, we are all responsible for our own babies.
See that’s where I think that you’re wrong. We’ve been playing these babies man for man. we should really be playing a zone defense.",neutral,4,4,neutral,True,0.013186978,0.0067124786,0.0049816514,0.120910235,0.84361815,0.0055902125,0.0050003314
178,9,Monica,What do you mean?,surprise,"Oh right, Coach Ruben.
Do you know what Pheebs?
When you’re done over there, we kinda have a situation over here too.
Na-uh, no, we are all responsible for our own babies.
See that’s where I think that you’re wrong. We’ve been playing these babies man for man. we should really be playing a zone defense.
What do you mean?","Oh right, Coach Ruben.
Do you know what Pheebs?
When you’re done over there, we kinda have a situation over here too.
Na-uh, no, we are all responsible for our own babies.
See that’s where I think that you’re wrong. We’ve been playing these babies man for man. we should really be playing a zone defense.
What do you mean?",surprise,6,4,neutral,False,0.015160059,0.0025451034,0.00819352,0.019613774,0.93325716,0.00602775,0.0152026685
180,5,Monica,"Yeah, there you go!",joy,"...I'm, I'm okay.
That sounds good. I'll call you- or you call me, whatever...
Okay.
Bye.
Whoo-hoo!
Yeah, there you go!","...I'm, I'm okay.
That sounds good. I'll call you- or you call me, whatever...
Okay.
Bye.
Whoo-hoo!
Yeah, there you go!",joy,3,3,joy,True,0.03991261,0.00506998,0.009035239,0.84239423,0.07189343,0.00946936,0.022225108
180,6,Ross,Second date!,joy,"That sounds good. I'll call you- or you call me, whatever...
Okay.
Bye.
Whoo-hoo!
Yeah, there you go!
Second date!","That sounds good. I'll call you- or you call me, whatever...
Okay.
Bye.
Whoo-hoo!
Yeah, there you go!
Second date!",joy,3,3,joy,True,0.024079723,0.0053403913,0.0033210928,0.8836936,0.020203553,0.0056041838,0.05775753
180,7,Chandler,...I dunno.,neutral,"Okay.
Bye.
Whoo-hoo!
Yeah, there you go!
Second date!
...I dunno.","Okay.
Bye.
Whoo-hoo!
Yeah, there you go!
Second date!
...I dunno.",neutral,4,4,neutral,True,0.008822312,0.002174945,0.005065401,0.024451967,0.9535337,0.004012959,0.0019387635
180,8,Chandler,"Well, she seems very nice and everything, but that whole thing about her coming all the way down here, just to see if I was okay?",anger,"Bye.
Whoo-hoo!
Yeah, there you go!
Second date!
...I dunno.
Well, she seems very nice and everything, but that whole thing about her coming all the way down here, just to see if I was okay?","Bye.
Whoo-hoo!
Yeah, there you go!
Second date!
...I dunno.
Well, she seems very nice and everything, but that whole thing about her coming all the way down here, just to see if I was okay?",anger,0,4,neutral,False,0.033757318,0.0042096116,0.019425862,0.2544987,0.6307848,0.03303736,0.024286386
180,9,Chandler,"I mean,... how needy is that?",disgust,"Whoo-hoo!
Yeah, there you go!
Second date!
...I dunno.
Well, she seems very nice and everything, but that whole thing about her coming all the way down here, just to see if I was okay?
I mean,... how needy is that?","Whoo-hoo!
Yeah, there you go!
Second date!
...I dunno.
Well, she seems very nice and everything, but that whole thing about her coming all the way down here, just to see if I was okay?
I mean,... how needy is that?",disgust,1,4,neutral,False,0.019560287,0.024425725,0.015506798,0.04524044,0.8423461,0.024429921,0.028490629
181,5,Joey,You talked to him. Are you crazy?,surprise,"Remember when you where a kid and your Mom would drop you off at the movies with a jar of jam and a little spoon?
You're so pretty.
Hi!
Hey, Phoebe.
Hey, oh, you know that guy who's been following me? I talked to him today.
You talked to him. Are you crazy?","Remember when you where a kid and your Mom would drop you off at the movies with a jar of jam and a little spoon?
You're so pretty.
Hi!
Hey, Phoebe.
Hey, oh, you know that guy who's been following me? I talked to him today.
You talked to him. Are you crazy?",surprise,6,6,surprise,True,0.08523065,0.040674336,0.03230603,0.013000427,0.026295848,0.019616134,0.7828765
182,5,Phoebe,Oh good!,joy,"Thank you, Happy Holidays.
Now, that's trash. Young lady, you can't…  Hey! Stop that young lady, she donated trash!
Hey!!
The charity's on fire!
Help!
Oh good!","Thank you, Happy Holidays.
Now, that's trash. Young lady, you can't…  Hey! Stop that young lady, she donated trash!
Hey!!
The charity's on fire!
Help!
Oh good!",joy,3,3,joy,True,0.009889514,0.0031275006,0.0022957416,0.9380776,0.017901367,0.005698987,0.023009285
182,6,Phoebe,"Thank you, I need that.",joy,"Now, that's trash. Young lady, you can't…  Hey! Stop that young lady, she donated trash!
Hey!!
The charity's on fire!
Help!
Oh good!
Thank you, I need that.","Now, that's trash. Young lady, you can't…  Hey! Stop that young lady, she donated trash!
Hey!!
The charity's on fire!
Help!
Oh good!
Thank you, I need that.",joy,3,3,joy,True,0.01844999,0.002995108,0.0046512163,0.6809145,0.26968092,0.016747141,0.0065611303
182,7,Phoebe,Whoa!,surprise,"Hey!!
The charity's on fire!
Help!
Oh good!
Thank you, I need that.
Whoa!","Hey!!
The charity's on fire!
Help!
Oh good!
Thank you, I need that.
Whoa!",surprise,6,6,surprise,True,0.0059138723,0.005409595,0.0027167038,0.020550217,0.00817168,0.0033927816,0.9538451
182,8,Phoebe,What is that?!,surprise,"The charity's on fire!
Help!
Oh good!
Thank you, I need that.
Whoa!
What is that?!","The charity's on fire!
Help!
Oh good!
Thank you, I need that.
Whoa!
What is that?!",surprise,6,6,surprise,True,0.009376504,0.0040271194,0.0029668969,0.011107369,0.0057802796,0.004343905,0.9623979
182,9,Phoebe,It's nine o'clock in the morning!,surprise,"Help!
Oh good!
Thank you, I need that.
Whoa!
What is that?!
It's nine o'clock in the morning!","Help!
Oh good!
Thank you, I need that.
Whoa!
What is that?!
It's nine o'clock in the morning!",surprise,6,3,joy,False,0.07200857,0.00808404,0.005475065,0.47229174,0.038066287,0.00935771,0.39471653
183,5,Joey,Okay?,neutral,"Can I help you?
Uh yeah, where-where’s the guy who decides who’s pictures go up on the wall?
He’s not here right now.
Oh, you’re kidding me!
All-all right, well make sure you tell him that Joey Tribbiani stopped by to drop off all of these clothes.
Okay?","Can I help you?
Uh yeah, where-where’s the guy who decides who’s pictures go up on the wall?
He’s not here right now.
Oh, you’re kidding me!
All-all right, well make sure you tell him that Joey Tribbiani stopped by to drop off all of these clothes.
Okay?",neutral,4,4,neutral,True,0.024389662,0.0023011146,0.012189764,0.043799695,0.89974606,0.007047762,0.010526015
183,6,Joey,I’m an actor. I’m kinda getting my picture up there on the wall.,neutral,"Uh yeah, where-where’s the guy who decides who’s pictures go up on the wall?
He’s not here right now.
Oh, you’re kidding me!
All-all right, well make sure you tell him that Joey Tribbiani stopped by to drop off all of these clothes.
Okay?
I’m an actor. I’m kinda getting my picture up there on the wall.","Uh yeah, where-where’s the guy who decides who’s pictures go up on the wall?
He’s not here right now.
Oh, you’re kidding me!
All-all right, well make sure you tell him that Joey Tribbiani stopped by to drop off all of these clothes.
Okay?
I’m an actor. I’m kinda getting my picture up there on the wall.",neutral,4,3,joy,False,0.010302918,0.0046804114,0.0021775411,0.89537376,0.07451729,0.0048165536,0.008131552
183,7,Female Clerk,"Y’know, there are two people who could put your picture up there.",neutral,"He’s not here right now.
Oh, you’re kidding me!
All-all right, well make sure you tell him that Joey Tribbiani stopped by to drop off all of these clothes.
Okay?
I’m an actor. I’m kinda getting my picture up there on the wall.
Y’know, there are two people who could put your picture up there.","He’s not here right now.
Oh, you’re kidding me!
All-all right, well make sure you tell him that Joey Tribbiani stopped by to drop off all of these clothes.
Okay?
I’m an actor. I’m kinda getting my picture up there on the wall.
Y’know, there are two people who could put your picture up there.",neutral,4,4,neutral,True,0.011657262,0.0041631437,0.003635133,0.027966226,0.94428194,0.0033053579,0.004990987
183,8,Joey,"Oh really? Well, maybe you and I go out for drinks?  You’re the other one right?",neutral,"Oh, you’re kidding me!
All-all right, well make sure you tell him that Joey Tribbiani stopped by to drop off all of these clothes.
Okay?
I’m an actor. I’m kinda getting my picture up there on the wall.
Y’know, there are two people who could put your picture up there.
Oh really? Well, maybe you and I go out for drinks?  You’re the other one right?","Oh, you’re kidding me!
All-all right, well make sure you tell him that Joey Tribbiani stopped by to drop off all of these clothes.
Okay?
I’m an actor. I’m kinda getting my picture up there on the wall.
Y’know, there are two people who could put your picture up there.
Oh really? Well, maybe you and I go out for drinks?  You’re the other one right?",neutral,4,4,neutral,True,0.011348993,0.0037121829,0.0077177007,0.0963074,0.81340986,0.006457417,0.061046418
184,5,Phoebe,I mean hi.,neutral,"Yeah, and it really freaked me out! And after a while I even tried to hurt you and it just spurred you on.
What?! You’re crazy! There’s nothing sexual about the noises I make!
There’s nothing sexual about this?
Oo God!
What are you looking at?!
I mean hi.","Yeah, and it really freaked me out! And after a while I even tried to hurt you and it just spurred you on.
What?! You’re crazy! There’s nothing sexual about the noises I make!
There’s nothing sexual about this?
Oo God!
What are you looking at?!
I mean hi.",neutral,4,4,neutral,True,0.0052867765,0.0016012347,0.0024775467,0.051343516,0.9339069,0.002471133,0.0029128299
184,6,Monica,"Oh my—This is so embarrassing. Oh my God, I’m never gonna get massaged again!",fear,"What?! You’re crazy! There’s nothing sexual about the noises I make!
There’s nothing sexual about this?
Oo God!
What are you looking at?!
I mean hi.
Oh my—This is so embarrassing. Oh my God, I’m never gonna get massaged again!","What?! You’re crazy! There’s nothing sexual about the noises I make!
There’s nothing sexual about this?
Oo God!
What are you looking at?!
I mean hi.
Oh my—This is so embarrassing. Oh my God, I’m never gonna get massaged again!",fear,2,5,sadness,False,0.12889619,0.06895603,0.14770402,0.07932778,0.033575524,0.45285696,0.08868351
184,7,Phoebe,"No, you can’t let this stop you from getting massages!",sadness,"There’s nothing sexual about this?
Oo God!
What are you looking at?!
I mean hi.
Oh my—This is so embarrassing. Oh my God, I’m never gonna get massaged again!
No, you can’t let this stop you from getting massages!","There’s nothing sexual about this?
Oo God!
What are you looking at?!
I mean hi.
Oh my—This is so embarrassing. Oh my God, I’m never gonna get massaged again!
No, you can’t let this stop you from getting massages!",sadness,5,0,anger,False,0.6557607,0.030204738,0.124070615,0.04127995,0.03208043,0.08758712,0.029016443
184,8,Phoebe,"No look, I have, I have lots of clients that make the same noises you do!",neutral,"Oo God!
What are you looking at?!
I mean hi.
Oh my—This is so embarrassing. Oh my God, I’m never gonna get massaged again!
No, you can’t let this stop you from getting massages!
No look, I have, I have lots of clients that make the same noises you do!","Oo God!
What are you looking at?!
I mean hi.
Oh my—This is so embarrassing. Oh my God, I’m never gonna get massaged again!
No, you can’t let this stop you from getting massages!
No look, I have, I have lots of clients that make the same noises you do!",neutral,4,0,anger,False,0.35924414,0.24622686,0.064366855,0.12620662,0.08144612,0.079496294,0.043013066
184,9,Monica,Really?!,surprise,"What are you looking at?!
I mean hi.
Oh my—This is so embarrassing. Oh my God, I’m never gonna get massaged again!
No, you can’t let this stop you from getting massages!
No look, I have, I have lots of clients that make the same noises you do!
Really?!","What are you looking at?!
I mean hi.
Oh my—This is so embarrassing. Oh my God, I’m never gonna get massaged again!
No, you can’t let this stop you from getting massages!
No look, I have, I have lots of clients that make the same noises you do!
Really?!",surprise,6,6,surprise,True,0.004584981,0.0049878876,0.0027228838,0.026591681,0.0074593863,0.0043013394,0.9493518
184,10,Phoebe,"Well not clients, lovers. But let’s just y’know, try it again. Come back and-and we’ll work through it.",neutral,"I mean hi.
Oh my—This is so embarrassing. Oh my God, I’m never gonna get massaged again!
No, you can’t let this stop you from getting massages!
No look, I have, I have lots of clients that make the same noises you do!
Really?!
Well not clients, lovers. But let’s just y’know, try it again. Come back and-and we’ll work through it.","I mean hi.
Oh my—This is so embarrassing. Oh my God, I’m never gonna get massaged again!
No, you can’t let this stop you from getting massages!
No look, I have, I have lots of clients that make the same noises you do!
Really?!
Well not clients, lovers. But let’s just y’know, try it again. Come back and-and we’ll work through it.",neutral,4,4,neutral,True,0.06766815,0.00637716,0.010047982,0.44264513,0.4540365,0.014173927,0.0050511374
184,11,Monica,Are you sure?,surprise,"Oh my—This is so embarrassing. Oh my God, I’m never gonna get massaged again!
No, you can’t let this stop you from getting massages!
No look, I have, I have lots of clients that make the same noises you do!
Really?!
Well not clients, lovers. But let’s just y’know, try it again. Come back and-and we’ll work through it.
Are you sure?","Oh my—This is so embarrassing. Oh my God, I’m never gonna get massaged again!
No, you can’t let this stop you from getting massages!
No look, I have, I have lots of clients that make the same noises you do!
Really?!
Well not clients, lovers. But let’s just y’know, try it again. Come back and-and we’ll work through it.
Are you sure?",surprise,6,4,neutral,False,0.030702403,0.0052311337,0.038786717,0.19324024,0.53276336,0.025987051,0.17328912
184,12,Phoebe,Yes.,neutral,"No, you can’t let this stop you from getting massages!
No look, I have, I have lots of clients that make the same noises you do!
Really?!
Well not clients, lovers. But let’s just y’know, try it again. Come back and-and we’ll work through it.
Are you sure?
Yes.","No, you can’t let this stop you from getting massages!
No look, I have, I have lots of clients that make the same noises you do!
Really?!
Well not clients, lovers. But let’s just y’know, try it again. Come back and-and we’ll work through it.
Are you sure?
Yes.",neutral,4,4,neutral,True,0.0059842896,0.0017581327,0.005550921,0.028453624,0.9515604,0.004228326,0.0024644232
184,13,Monica,I guess.,neutral,"No look, I have, I have lots of clients that make the same noises you do!
Really?!
Well not clients, lovers. But let’s just y’know, try it again. Come back and-and we’ll work through it.
Are you sure?
Yes.
I guess.","No look, I have, I have lots of clients that make the same noises you do!
Really?!
Well not clients, lovers. But let’s just y’know, try it again. Come back and-and we’ll work through it.
Are you sure?
Yes.
I guess.",neutral,4,4,neutral,True,0.008778457,0.010056549,0.046691786,0.078232385,0.7263123,0.116236374,0.013692205
184,14,Phoebe,"Great! Okay, if you’ll just excuse me.  So, did you hear something you liked?",joy,"Really?!
Well not clients, lovers. But let’s just y’know, try it again. Come back and-and we’ll work through it.
Are you sure?
Yes.
I guess.
Great! Okay, if you’ll just excuse me.  So, did you hear something you liked?","Really?!
Well not clients, lovers. But let’s just y’know, try it again. Come back and-and we’ll work through it.
Are you sure?
Yes.
I guess.
Great! Okay, if you’ll just excuse me.  So, did you hear something you liked?",joy,3,4,neutral,False,0.01727349,0.0060552317,0.013270936,0.32479468,0.6025847,0.020117307,0.015903642
185,5,Joey,"No. But I got Knicks tickets for you, me, and Chandler.",neutral,"Thanks for the coffee, or bedankt voor de koffie, Gunter.
Yeah, we’re done.
Ezel? Ezel? Ezel?
Hey Ross! Listen, do you want to go see that new Imax movie on tide pools?
Really?!
No. But I got Knicks tickets for you, me, and Chandler.","Thanks for the coffee, or bedankt voor de koffie, Gunter.
Yeah, we’re done.
Ezel? Ezel? Ezel?
Hey Ross! Listen, do you want to go see that new Imax movie on tide pools?
Really?!
No. But I got Knicks tickets for you, me, and Chandler.",neutral,4,4,neutral,True,0.011667596,0.0049167783,0.0035649664,0.051745176,0.9116501,0.005818657,0.010636712
185,6,Ross,Sweet!,joy,"Yeah, we’re done.
Ezel? Ezel? Ezel?
Hey Ross! Listen, do you want to go see that new Imax movie on tide pools?
Really?!
No. But I got Knicks tickets for you, me, and Chandler.
Sweet!","Yeah, we’re done.
Ezel? Ezel? Ezel?
Hey Ross! Listen, do you want to go see that new Imax movie on tide pools?
Really?!
No. But I got Knicks tickets for you, me, and Chandler.
Sweet!",joy,3,3,joy,True,0.011731161,0.0038541954,0.0023380602,0.937672,0.01428641,0.0058662626,0.024251945
185,7,Joey,"All right, well finish your coffee; let’s go.",neutral,"Ezel? Ezel? Ezel?
Hey Ross! Listen, do you want to go see that new Imax movie on tide pools?
Really?!
No. But I got Knicks tickets for you, me, and Chandler.
Sweet!
All right, well finish your coffee; let’s go.","Ezel? Ezel? Ezel?
Hey Ross! Listen, do you want to go see that new Imax movie on tide pools?
Really?!
No. But I got Knicks tickets for you, me, and Chandler.
Sweet!
All right, well finish your coffee; let’s go.",neutral,4,4,neutral,True,0.016602734,0.004592374,0.0030927598,0.3441777,0.62129664,0.0047023394,0.005535502
187,5,Kim,"I don't know which one, but I do know I need a cigarette.",neutral,"So it's down to these two, Nancy I know you like this one and I think I agree. Rachel, what do you think?
Well umm, that one is pretty but uh, I just, I just love this fabric  Sorry.
Oh don't be sorry, that's part of your job here to give your opinions and then I take credit for them--I'm kidding.
She is kidding, but don't ever disagree with her again. Okay, now I'm kidding!
Oh, what a fun office.
I don't know which one, but I do know I need a cigarette.","So it's down to these two, Nancy I know you like this one and I think I agree. Rachel, what do you think?
Well umm, that one is pretty but uh, I just, I just love this fabric  Sorry.
Oh don't be sorry, that's part of your job here to give your opinions and then I take credit for them--I'm kidding.
She is kidding, but don't ever disagree with her again. Okay, now I'm kidding!
Oh, what a fun office.
I don't know which one, but I do know I need a cigarette.",neutral,4,3,joy,False,0.010862864,0.007533755,0.0030913958,0.7588602,0.19242564,0.008807378,0.018418847
187,6,Kim,"So what do you say we take a break, we go outside, and we'll figure this out when we come back?",neutral,"Well umm, that one is pretty but uh, I just, I just love this fabric  Sorry.
Oh don't be sorry, that's part of your job here to give your opinions and then I take credit for them--I'm kidding.
She is kidding, but don't ever disagree with her again. Okay, now I'm kidding!
Oh, what a fun office.
I don't know which one, but I do know I need a cigarette.
So what do you say we take a break, we go outside, and we'll figure this out when we come back?","Well umm, that one is pretty but uh, I just, I just love this fabric  Sorry.
Oh don't be sorry, that's part of your job here to give your opinions and then I take credit for them--I'm kidding.
She is kidding, but don't ever disagree with her again. Okay, now I'm kidding!
Oh, what a fun office.
I don't know which one, but I do know I need a cigarette.
So what do you say we take a break, we go outside, and we'll figure this out when we come back?",neutral,4,4,neutral,True,0.07545624,0.00968064,0.04202875,0.08619554,0.7444487,0.02291639,0.019273777
187,7,Kim,Rachel? Do you smoke?,neutral,"Oh don't be sorry, that's part of your job here to give your opinions and then I take credit for them--I'm kidding.
She is kidding, but don't ever disagree with her again. Okay, now I'm kidding!
Oh, what a fun office.
I don't know which one, but I do know I need a cigarette.
So what do you say we take a break, we go outside, and we'll figure this out when we come back?
Rachel? Do you smoke?","Oh don't be sorry, that's part of your job here to give your opinions and then I take credit for them--I'm kidding.
She is kidding, but don't ever disagree with her again. Okay, now I'm kidding!
Oh, what a fun office.
I don't know which one, but I do know I need a cigarette.
So what do you say we take a break, we go outside, and we'll figure this out when we come back?
Rachel? Do you smoke?",neutral,4,4,neutral,True,0.023839423,0.016792675,0.016465144,0.02551656,0.8759085,0.008546684,0.032931075
187,8,Rachel,"Oh no, my dad's a doctor and he would always tell me just horror stories……about ghosts and goblins who totally supported the princess's right to smoke.",neutral,"She is kidding, but don't ever disagree with her again. Okay, now I'm kidding!
Oh, what a fun office.
I don't know which one, but I do know I need a cigarette.
So what do you say we take a break, we go outside, and we'll figure this out when we come back?
Rachel? Do you smoke?
Oh no, my dad's a doctor and he would always tell me just horror stories……about ghosts and goblins who totally supported the princess's right to smoke.","She is kidding, but don't ever disagree with her again. Okay, now I'm kidding!
Oh, what a fun office.
I don't know which one, but I do know I need a cigarette.
So what do you say we take a break, we go outside, and we'll figure this out when we come back?
Rachel? Do you smoke?
Oh no, my dad's a doctor and he would always tell me just horror stories……about ghosts and goblins who totally supported the princess's right to smoke.",neutral,4,4,neutral,True,0.07152849,0.16325921,0.06389437,0.17329572,0.35399008,0.12045667,0.053575505
188,5,Ross,"Actually, nectarines, but basically...",neutral,"What?
Peach pit.
Yes, Bunny?
Peach pit. That night we, uh- we had-
-Peaches?
Actually, nectarines, but basically...","What?
Peach pit.
Yes, Bunny?
Peach pit. That night we, uh- we had-
-Peaches?
Actually, nectarines, but basically...",neutral,4,4,neutral,True,0.0032657722,0.0027659358,0.0035565144,0.022255568,0.96094877,0.004393554,0.0028137967
188,6,Chandler,Could've been a peach.,neutral,"Peach pit.
Yes, Bunny?
Peach pit. That night we, uh- we had-
-Peaches?
Actually, nectarines, but basically...
Could've been a peach.","Peach pit.
Yes, Bunny?
Peach pit. That night we, uh- we had-
-Peaches?
Actually, nectarines, but basically...
Could've been a peach.",neutral,4,4,neutral,True,0.005892283,0.0069707436,0.005431573,0.030811708,0.9218589,0.0045496398,0.024485135
188,7,Ross,"Then, uh, then we got dressed, and I-I... I walked her to the-  -the bus stop... I'm fine.",neutral,"Yes, Bunny?
Peach pit. That night we, uh- we had-
-Peaches?
Actually, nectarines, but basically...
Could've been a peach.
Then, uh, then we got dressed, and I-I... I walked her to the-  -the bus stop... I'm fine.","Yes, Bunny?
Peach pit. That night we, uh- we had-
-Peaches?
Actually, nectarines, but basically...
Could've been a peach.
Then, uh, then we got dressed, and I-I... I walked her to the-  -the bus stop... I'm fine.",neutral,4,4,neutral,True,0.009432542,0.0028335026,0.004181749,0.022257462,0.95523214,0.0046380777,0.0014245871
188,8,Joey,"Hey, that woman's got an ass like Carol's!  What? Thought we were trying to find stuff.",joy,"Peach pit. That night we, uh- we had-
-Peaches?
Actually, nectarines, but basically...
Could've been a peach.
Then, uh, then we got dressed, and I-I... I walked her to the-  -the bus stop... I'm fine.
Hey, that woman's got an ass like Carol's!  What? Thought we were trying to find stuff.","Peach pit. That night we, uh- we had-
-Peaches?
Actually, nectarines, but basically...
Could've been a peach.
Then, uh, then we got dressed, and I-I... I walked her to the-  -the bus stop... I'm fine.
Hey, that woman's got an ass like Carol's!  What? Thought we were trying to find stuff.",joy,3,4,neutral,False,0.01271497,0.014627085,0.023558615,0.051238466,0.50619817,0.01366722,0.37799546
189,5,Joey,"What do you think of the Abbey, Chandler?",neutral,"All right!
Westminster Abbey!
Hands down, best Abbey I’ve ever seen.
Hey!
Okay.
What do you think of the Abbey, Chandler?","All right!
Westminster Abbey!
Hands down, best Abbey I’ve ever seen.
Hey!
Okay.
What do you think of the Abbey, Chandler?",neutral,4,4,neutral,True,0.05427983,0.0064748605,0.01637568,0.04218872,0.78172964,0.011263028,0.087688215
189,6,Chandler,"I think it’s great. It’s great. Y’know, they’re thinking of changing the name of this place.",neutral,"Westminster Abbey!
Hands down, best Abbey I’ve ever seen.
Hey!
Okay.
What do you think of the Abbey, Chandler?
I think it’s great. It’s great. Y’know, they’re thinking of changing the name of this place.","Westminster Abbey!
Hands down, best Abbey I’ve ever seen.
Hey!
Okay.
What do you think of the Abbey, Chandler?
I think it’s great. It’s great. Y’know, they’re thinking of changing the name of this place.",neutral,4,4,neutral,True,0.008887259,0.0040761875,0.006543493,0.026369935,0.94360924,0.004473438,0.0060404176
189,7,Joey,Really? To what?,surprise,"Hands down, best Abbey I’ve ever seen.
Hey!
Okay.
What do you think of the Abbey, Chandler?
I think it’s great. It’s great. Y’know, they’re thinking of changing the name of this place.
Really? To what?","Hands down, best Abbey I’ve ever seen.
Hey!
Okay.
What do you think of the Abbey, Chandler?
I think it’s great. It’s great. Y’know, they’re thinking of changing the name of this place.
Really? To what?",surprise,6,6,surprise,True,0.0065882145,0.00464165,0.0122262025,0.014891538,0.061803892,0.01072405,0.8891245
189,8,Chandler,To Put the Camera Away!!!,anger,"Hey!
Okay.
What do you think of the Abbey, Chandler?
I think it’s great. It’s great. Y’know, they’re thinking of changing the name of this place.
Really? To what?
To Put the Camera Away!!!","Hey!
Okay.
What do you think of the Abbey, Chandler?
I think it’s great. It’s great. Y’know, they’re thinking of changing the name of this place.
Really? To what?
To Put the Camera Away!!!",anger,0,0,anger,True,0.5520274,0.026092906,0.031452294,0.064501725,0.017833598,0.023841009,0.2842511
189,9,Joey,"Man,",neutral,"Okay.
What do you think of the Abbey, Chandler?
I think it’s great. It’s great. Y’know, they’re thinking of changing the name of this place.
Really? To what?
To Put the Camera Away!!!
Man,","Okay.
What do you think of the Abbey, Chandler?
I think it’s great. It’s great. Y’know, they’re thinking of changing the name of this place.
Really? To what?
To Put the Camera Away!!!
Man,",neutral,4,6,surprise,False,0.14996952,0.16676761,0.0876611,0.042547833,0.16394229,0.072199695,0.31691197
191,5,Gunther,"Do you remember when you first came here, how you spent two weeks getting trained by another waitress?",neutral,"Eh..., I don’t, I don’t know.
What?
Well, as old as he is in dog years, do you think Snoopy should still be allowed to fly this thing?
Rachel?
Yeah.
Do you remember when you first came here, how you spent two weeks getting trained by another waitress?","Eh..., I don’t, I don’t know.
What?
Well, as old as he is in dog years, do you think Snoopy should still be allowed to fly this thing?
Rachel?
Yeah.
Do you remember when you first came here, how you spent two weeks getting trained by another waitress?",neutral,4,4,neutral,True,0.048326474,0.011161544,0.022706809,0.032100502,0.763672,0.028482357,0.09355032
191,6,Rachel,"Oh, sure! Do you need me to train somebody new?",joy,"What?
Well, as old as he is in dog years, do you think Snoopy should still be allowed to fly this thing?
Rachel?
Yeah.
Do you remember when you first came here, how you spent two weeks getting trained by another waitress?
Oh, sure! Do you need me to train somebody new?","What?
Well, as old as he is in dog years, do you think Snoopy should still be allowed to fly this thing?
Rachel?
Yeah.
Do you remember when you first came here, how you spent two weeks getting trained by another waitress?
Oh, sure! Do you need me to train somebody new?",joy,3,4,neutral,False,0.022717133,0.003195919,0.01025907,0.060707495,0.8860359,0.007050646,0.010033736
191,7,Gunther,"Good one. Actually, ah, Terry wants you to take the training again, whenever.",neutral,"Well, as old as he is in dog years, do you think Snoopy should still be allowed to fly this thing?
Rachel?
Yeah.
Do you remember when you first came here, how you spent two weeks getting trained by another waitress?
Oh, sure! Do you need me to train somebody new?
Good one. Actually, ah, Terry wants you to take the training again, whenever.","Well, as old as he is in dog years, do you think Snoopy should still be allowed to fly this thing?
Rachel?
Yeah.
Do you remember when you first came here, how you spent two weeks getting trained by another waitress?
Oh, sure! Do you need me to train somebody new?
Good one. Actually, ah, Terry wants you to take the training again, whenever.",neutral,4,4,neutral,True,0.019164698,0.005918798,0.0066742664,0.022145491,0.9373875,0.0052798293,0.003429437
191,8,Rachel,"Eh, do you believe that?",surprise,"Rachel?
Yeah.
Do you remember when you first came here, how you spent two weeks getting trained by another waitress?
Oh, sure! Do you need me to train somebody new?
Good one. Actually, ah, Terry wants you to take the training again, whenever.
Eh, do you believe that?","Rachel?
Yeah.
Do you remember when you first came here, how you spent two weeks getting trained by another waitress?
Oh, sure! Do you need me to train somebody new?
Good one. Actually, ah, Terry wants you to take the training again, whenever.
Eh, do you believe that?",surprise,6,4,neutral,False,0.03615405,0.013291166,0.06512121,0.085118055,0.42731884,0.0258313,0.34716538
191,9,Chandler,Yeah?,neutral,"Yeah.
Do you remember when you first came here, how you spent two weeks getting trained by another waitress?
Oh, sure! Do you need me to train somebody new?
Good one. Actually, ah, Terry wants you to take the training again, whenever.
Eh, do you believe that?
Yeah?","Yeah.
Do you remember when you first came here, how you spent two weeks getting trained by another waitress?
Oh, sure! Do you need me to train somebody new?
Good one. Actually, ah, Terry wants you to take the training again, whenever.
Eh, do you believe that?
Yeah?",neutral,4,6,surprise,False,0.01099556,0.007586914,0.025304545,0.05845487,0.4086776,0.014502721,0.4744778
192,5,Monica,Why would the little girl creep you out?,anger,"Hey honey, you got the kind with the little girl, you said we were gonna to get the kind with the baby.
No, you said the baby creeps you out.
No, the little girl creeps me out.
You said the baby.
Why would the baby creep me out?
Why would the little girl creep you out?","Hey honey, you got the kind with the little girl, you said we were gonna to get the kind with the baby.
No, you said the baby creeps you out.
No, the little girl creeps me out.
You said the baby.
Why would the baby creep me out?
Why would the little girl creep you out?",anger,0,0,anger,True,0.5003673,0.05024209,0.10780962,0.017217457,0.05151972,0.07616987,0.19667397
192,6,Phoebe,"You guys, I’m sorry, could you please talk a little slower?",neutral,"No, you said the baby creeps you out.
No, the little girl creeps me out.
You said the baby.
Why would the baby creep me out?
Why would the little girl creep you out?
You guys, I’m sorry, could you please talk a little slower?","No, you said the baby creeps you out.
No, the little girl creeps me out.
You said the baby.
Why would the baby creep me out?
Why would the little girl creep you out?
You guys, I’m sorry, could you please talk a little slower?",neutral,4,5,sadness,False,0.15465938,0.04568771,0.20328635,0.029698687,0.19472301,0.3564473,0.015497523
192,7,Chandler,This is going in your book?,surprise,"No, the little girl creeps me out.
You said the baby.
Why would the baby creep me out?
Why would the little girl creep you out?
You guys, I’m sorry, could you please talk a little slower?
This is going in your book?","No, the little girl creeps me out.
You said the baby.
Why would the baby creep me out?
Why would the little girl creep you out?
You guys, I’m sorry, could you please talk a little slower?
This is going in your book?",surprise,6,4,neutral,False,0.10674182,0.014866153,0.01953525,0.035797056,0.68204886,0.01785393,0.12315699
192,8,Phoebe,"Yeah, it’s about relationships. Y’know? The traps, the pitfalls, what not to do, keep going. This stuff is great!",joy,"You said the baby.
Why would the baby creep me out?
Why would the little girl creep you out?
You guys, I’m sorry, could you please talk a little slower?
This is going in your book?
Yeah, it’s about relationships. Y’know? The traps, the pitfalls, what not to do, keep going. This stuff is great!","You said the baby.
Why would the baby creep me out?
Why would the little girl creep you out?
You guys, I’m sorry, could you please talk a little slower?
This is going in your book?
Yeah, it’s about relationships. Y’know? The traps, the pitfalls, what not to do, keep going. This stuff is great!",joy,3,3,joy,True,0.0152138,0.003279365,0.001735599,0.9434583,0.01062101,0.0045612263,0.021130702
192,9,Monica,What?! Excuse me!,surprise,"Why would the baby creep me out?
Why would the little girl creep you out?
You guys, I’m sorry, could you please talk a little slower?
This is going in your book?
Yeah, it’s about relationships. Y’know? The traps, the pitfalls, what not to do, keep going. This stuff is great!
What?! Excuse me!","Why would the baby creep me out?
Why would the little girl creep you out?
You guys, I’m sorry, could you please talk a little slower?
This is going in your book?
Yeah, it’s about relationships. Y’know? The traps, the pitfalls, what not to do, keep going. This stuff is great!
What?! Excuse me!",surprise,6,6,surprise,True,0.10490684,0.021347893,0.015523372,0.014738569,0.012072188,0.013573377,0.8178378
192,10,Phoebe,And how none of it matters when the people really love each other.,neutral,"Why would the little girl creep you out?
You guys, I’m sorry, could you please talk a little slower?
This is going in your book?
Yeah, it’s about relationships. Y’know? The traps, the pitfalls, what not to do, keep going. This stuff is great!
What?! Excuse me!
And how none of it matters when the people really love each other.","Why would the little girl creep you out?
You guys, I’m sorry, could you please talk a little slower?
This is going in your book?
Yeah, it’s about relationships. Y’know? The traps, the pitfalls, what not to do, keep going. This stuff is great!
What?! Excuse me!
And how none of it matters when the people really love each other.",neutral,4,4,neutral,True,0.24958214,0.10476989,0.055036087,0.07246289,0.3359279,0.16461396,0.017607145
192,11,Phoebe,And how people will believe anything you tell them as long as it’s a compliment.,neutral,"You guys, I’m sorry, could you please talk a little slower?
This is going in your book?
Yeah, it’s about relationships. Y’know? The traps, the pitfalls, what not to do, keep going. This stuff is great!
What?! Excuse me!
And how none of it matters when the people really love each other.
And how people will believe anything you tell them as long as it’s a compliment.","You guys, I’m sorry, could you please talk a little slower?
This is going in your book?
Yeah, it’s about relationships. Y’know? The traps, the pitfalls, what not to do, keep going. This stuff is great!
What?! Excuse me!
And how none of it matters when the people really love each other.
And how people will believe anything you tell them as long as it’s a compliment.",neutral,4,4,neutral,True,0.06796537,0.024711903,0.012757607,0.25761145,0.5949831,0.034446023,0.007524548
195,5,Monica,Of course not.,neutral,"Okay look, don't...don't be mad okay?
But after I unpacked the boxes I wanted to do something nice for you, so, I-I-I cleaned the apartment.
So I moved everything around and then I forgot where it, where it went back and I'm sorry, I'm very sorry, I'm sorry, I'm sorry.
It's okay. Chandler, are you afraid of me or something?
Do you want me to be afraid of you?
Of course not.","Okay look, don't...don't be mad okay?
But after I unpacked the boxes I wanted to do something nice for you, so, I-I-I cleaned the apartment.
So I moved everything around and then I forgot where it, where it went back and I'm sorry, I'm very sorry, I'm sorry, I'm sorry.
It's okay. Chandler, are you afraid of me or something?
Do you want me to be afraid of you?
Of course not.",neutral,4,4,neutral,True,0.06604777,0.0074629565,0.030044857,0.048929498,0.81976116,0.020234622,0.0075191115
195,6,Monica,"I mean gosh, Chandler what you did, it's, it's a wonderful thing and I really appreciate it.",joy,"But after I unpacked the boxes I wanted to do something nice for you, so, I-I-I cleaned the apartment.
So I moved everything around and then I forgot where it, where it went back and I'm sorry, I'm very sorry, I'm sorry, I'm sorry.
It's okay. Chandler, are you afraid of me or something?
Do you want me to be afraid of you?
Of course not.
I mean gosh, Chandler what you did, it's, it's a wonderful thing and I really appreciate it.","But after I unpacked the boxes I wanted to do something nice for you, so, I-I-I cleaned the apartment.
So I moved everything around and then I forgot where it, where it went back and I'm sorry, I'm very sorry, I'm sorry, I'm sorry.
It's okay. Chandler, are you afraid of me or something?
Do you want me to be afraid of you?
Of course not.
I mean gosh, Chandler what you did, it's, it's a wonderful thing and I really appreciate it.",joy,3,3,joy,True,0.013459041,0.0037521757,0.00401981,0.8833548,0.04912402,0.039878003,0.0064121247
195,7,Monica,"I know I have this weird thing where I want everything to be in the perfect place, but I'd never expect you to worry about that.",joy,"So I moved everything around and then I forgot where it, where it went back and I'm sorry, I'm very sorry, I'm sorry, I'm sorry.
It's okay. Chandler, are you afraid of me or something?
Do you want me to be afraid of you?
Of course not.
I mean gosh, Chandler what you did, it's, it's a wonderful thing and I really appreciate it.
I know I have this weird thing where I want everything to be in the perfect place, but I'd never expect you to worry about that.","So I moved everything around and then I forgot where it, where it went back and I'm sorry, I'm very sorry, I'm sorry, I'm sorry.
It's okay. Chandler, are you afraid of me or something?
Do you want me to be afraid of you?
Of course not.
I mean gosh, Chandler what you did, it's, it's a wonderful thing and I really appreciate it.
I know I have this weird thing where I want everything to be in the perfect place, but I'd never expect you to worry about that.",joy,3,3,joy,True,0.09231934,0.013176628,0.031051502,0.41987836,0.32399,0.104073346,0.015510828
195,8,Chandler,Really?,surprise,"It's okay. Chandler, are you afraid of me or something?
Do you want me to be afraid of you?
Of course not.
I mean gosh, Chandler what you did, it's, it's a wonderful thing and I really appreciate it.
I know I have this weird thing where I want everything to be in the perfect place, but I'd never expect you to worry about that.
Really?","It's okay. Chandler, are you afraid of me or something?
Do you want me to be afraid of you?
Of course not.
I mean gosh, Chandler what you did, it's, it's a wonderful thing and I really appreciate it.
I know I have this weird thing where I want everything to be in the perfect place, but I'd never expect you to worry about that.
Really?",surprise,6,6,surprise,True,0.0035920015,0.0035984162,0.0037662396,0.013641126,0.014398079,0.005823547,0.9551806
195,9,Monica,Of course!,neutral,"Do you want me to be afraid of you?
Of course not.
I mean gosh, Chandler what you did, it's, it's a wonderful thing and I really appreciate it.
I know I have this weird thing where I want everything to be in the perfect place, but I'd never expect you to worry about that.
Really?
Of course!","Do you want me to be afraid of you?
Of course not.
I mean gosh, Chandler what you did, it's, it's a wonderful thing and I really appreciate it.
I know I have this weird thing where I want everything to be in the perfect place, but I'd never expect you to worry about that.
Really?
Of course!",neutral,4,6,surprise,False,0.029056525,0.012798897,0.0080088135,0.18705761,0.013173172,0.013146071,0.7367589
195,10,Chandler,Oh well you're the best. You come here to me.,joy,"Of course not.
I mean gosh, Chandler what you did, it's, it's a wonderful thing and I really appreciate it.
I know I have this weird thing where I want everything to be in the perfect place, but I'd never expect you to worry about that.
Really?
Of course!
Oh well you're the best. You come here to me.","Of course not.
I mean gosh, Chandler what you did, it's, it's a wonderful thing and I really appreciate it.
I know I have this weird thing where I want everything to be in the perfect place, but I'd never expect you to worry about that.
Really?
Of course!
Oh well you're the best. You come here to me.",joy,3,3,joy,True,0.01862306,0.0037201238,0.0048666303,0.81705123,0.0794406,0.02089737,0.055401
195,11,Monica,"All right, hold on okay? First thing's first.  Okay, now did Ross sit",neutral,"I mean gosh, Chandler what you did, it's, it's a wonderful thing and I really appreciate it.
I know I have this weird thing where I want everything to be in the perfect place, but I'd never expect you to worry about that.
Really?
Of course!
Oh well you're the best. You come here to me.
All right, hold on okay? First thing's first.  Okay, now did Ross sit","I mean gosh, Chandler what you did, it's, it's a wonderful thing and I really appreciate it.
I know I have this weird thing where I want everything to be in the perfect place, but I'd never expect you to worry about that.
Really?
Of course!
Oh well you're the best. You come here to me.
All right, hold on okay? First thing's first.  Okay, now did Ross sit",neutral,4,4,neutral,True,0.01732506,0.0027140693,0.0043980023,0.04960181,0.915121,0.007493046,0.003347046
196,5,Ross,"So-so if anyone has-has a better suggestion, let's hear it!",anger,"Okay, that's it. I cannot make this decision! It is
A Magic Eight ball?! You can't be serious, you can't make this decision with a toy!
Ooh, it's not a toy.
Well, I don't know what else to do.
I mean, I either keep my wife and lose one of my-my-my best friends or I keep my friend and get divorced the second time before I'm 30!
So-so if anyone has-has a better suggestion, let's hear it!","Okay, that's it. I cannot make this decision! It is
A Magic Eight ball?! You can't be serious, you can't make this decision with a toy!
Ooh, it's not a toy.
Well, I don't know what else to do.
I mean, I either keep my wife and lose one of my-my-my best friends or I keep my friend and get divorced the second time before I'm 30!
So-so if anyone has-has a better suggestion, let's hear it!",anger,0,0,anger,True,0.52957374,0.014157423,0.028624859,0.25999752,0.12825824,0.020459102,0.01892916
196,6,Ross,'Cause I-I got nothing!,anger,"A Magic Eight ball?! You can't be serious, you can't make this decision with a toy!
Ooh, it's not a toy.
Well, I don't know what else to do.
I mean, I either keep my wife and lose one of my-my-my best friends or I keep my friend and get divorced the second time before I'm 30!
So-so if anyone has-has a better suggestion, let's hear it!
'Cause I-I got nothing!","A Magic Eight ball?! You can't be serious, you can't make this decision with a toy!
Ooh, it's not a toy.
Well, I don't know what else to do.
I mean, I either keep my wife and lose one of my-my-my best friends or I keep my friend and get divorced the second time before I'm 30!
So-so if anyone has-has a better suggestion, let's hear it!
'Cause I-I got nothing!",anger,0,3,joy,False,0.35749945,0.011445779,0.019019682,0.36763,0.1989361,0.03205344,0.01341552
196,7,Ross,"All right, don't be shy, any suggestion will do.",anger,"Ooh, it's not a toy.
Well, I don't know what else to do.
I mean, I either keep my wife and lose one of my-my-my best friends or I keep my friend and get divorced the second time before I'm 30!
So-so if anyone has-has a better suggestion, let's hear it!
'Cause I-I got nothing!
All right, don't be shy, any suggestion will do.","Ooh, it's not a toy.
Well, I don't know what else to do.
I mean, I either keep my wife and lose one of my-my-my best friends or I keep my friend and get divorced the second time before I'm 30!
So-so if anyone has-has a better suggestion, let's hear it!
'Cause I-I got nothing!
All right, don't be shy, any suggestion will do.",anger,0,4,neutral,False,0.051076673,0.008249077,0.016224777,0.0343146,0.87713045,0.010959443,0.0020449806
196,8,Ross,Okay then.,neutral,"Well, I don't know what else to do.
I mean, I either keep my wife and lose one of my-my-my best friends or I keep my friend and get divorced the second time before I'm 30!
So-so if anyone has-has a better suggestion, let's hear it!
'Cause I-I got nothing!
All right, don't be shy, any suggestion will do.
Okay then.","Well, I don't know what else to do.
I mean, I either keep my wife and lose one of my-my-my best friends or I keep my friend and get divorced the second time before I'm 30!
So-so if anyone has-has a better suggestion, let's hear it!
'Cause I-I got nothing!
All right, don't be shy, any suggestion will do.
Okay then.",neutral,4,4,neutral,True,0.011531375,0.0021463763,0.0033330792,0.041902255,0.9359979,0.0038953596,0.0011936266
196,9,Ross,Here we go.,neutral,"I mean, I either keep my wife and lose one of my-my-my best friends or I keep my friend and get divorced the second time before I'm 30!
So-so if anyone has-has a better suggestion, let's hear it!
'Cause I-I got nothing!
All right, don't be shy, any suggestion will do.
Okay then.
Here we go.","I mean, I either keep my wife and lose one of my-my-my best friends or I keep my friend and get divorced the second time before I'm 30!
So-so if anyone has-has a better suggestion, let's hear it!
'Cause I-I got nothing!
All right, don't be shy, any suggestion will do.
Okay then.
Here we go.",neutral,4,4,neutral,True,0.023730626,0.004757146,0.009965127,0.12015102,0.8283443,0.009572915,0.0034788975
196,10,Ross,"Magic 8 Ball, should I never see Rachel again?",neutral,"So-so if anyone has-has a better suggestion, let's hear it!
'Cause I-I got nothing!
All right, don't be shy, any suggestion will do.
Okay then.
Here we go.
Magic 8 Ball, should I never see Rachel again?","So-so if anyone has-has a better suggestion, let's hear it!
'Cause I-I got nothing!
All right, don't be shy, any suggestion will do.
Okay then.
Here we go.
Magic 8 Ball, should I never see Rachel again?",neutral,4,2,fear,False,0.20152383,0.020198755,0.26162487,0.065832235,0.17035367,0.25844598,0.022020645
196,11,Ross,Ask again later.,neutral,"'Cause I-I got nothing!
All right, don't be shy, any suggestion will do.
Okay then.
Here we go.
Magic 8 Ball, should I never see Rachel again?
Ask again later.","'Cause I-I got nothing!
All right, don't be shy, any suggestion will do.
Okay then.
Here we go.
Magic 8 Ball, should I never see Rachel again?
Ask again later.",neutral,4,4,neutral,True,0.014214114,0.00289479,0.0062916027,0.023360377,0.94249207,0.0041574226,0.0065896106
196,12,Ross,Later is not good enough.,anger,"All right, don't be shy, any suggestion will do.
Okay then.
Here we go.
Magic 8 Ball, should I never see Rachel again?
Ask again later.
Later is not good enough.","All right, don't be shy, any suggestion will do.
Okay then.
Here we go.
Magic 8 Ball, should I never see Rachel again?
Ask again later.
Later is not good enough.",anger,0,4,neutral,False,0.082225166,0.016679907,0.017121501,0.08473877,0.72164965,0.06985922,0.007725745
196,13,Ross,Ask again later.,neutral,"Okay then.
Here we go.
Magic 8 Ball, should I never see Rachel again?
Ask again later.
Later is not good enough.
Ask again later.","Okay then.
Here we go.
Magic 8 Ball, should I never see Rachel again?
Ask again later.
Later is not good enough.
Ask again later.",neutral,4,4,neutral,True,0.018806728,0.0031383184,0.0038132258,0.049393132,0.91614795,0.0040961457,0.004604555
196,14,Ross,What the hell!,anger,"Here we go.
Magic 8 Ball, should I never see Rachel again?
Ask again later.
Later is not good enough.
Ask again later.
What the hell!","Here we go.
Magic 8 Ball, should I never see Rachel again?
Ask again later.
Later is not good enough.
Ask again later.
What the hell!",anger,0,6,surprise,False,0.19884655,0.01752055,0.0084747365,0.030465774,0.010729373,0.017518988,0.716444
196,15,Ross,This is broken!,anger,"Magic 8 Ball, should I never see Rachel again?
Ask again later.
Later is not good enough.
Ask again later.
What the hell!
This is broken!","Magic 8 Ball, should I never see Rachel again?
Ask again later.
Later is not good enough.
Ask again later.
What the hell!
This is broken!",anger,0,0,anger,True,0.8273694,0.02355724,0.021452092,0.013026406,0.010728302,0.062257547,0.041609064
196,16,Ross,It-it is broken!,anger,"Ask again later.
Later is not good enough.
Ask again later.
What the hell!
This is broken!
It-it is broken!","Ask again later.
Later is not good enough.
Ask again later.
What the hell!
This is broken!
It-it is broken!",anger,0,0,anger,True,0.8218438,0.021095525,0.019046254,0.02066516,0.009855638,0.059672687,0.047821045
196,17,Monica,"All right, let me see.  Will Chandler have sex tonight?  Don't count on it. Seems like it works to me.",neutral,"Later is not good enough.
Ask again later.
What the hell!
This is broken!
It-it is broken!
All right, let me see.  Will Chandler have sex tonight?  Don't count on it. Seems like it works to me.","Later is not good enough.
Ask again later.
What the hell!
This is broken!
It-it is broken!
All right, let me see.  Will Chandler have sex tonight?  Don't count on it. Seems like it works to me.",neutral,4,3,joy,False,0.052252807,0.020039203,0.021707088,0.4442916,0.22757168,0.21749303,0.016644605
198,5,Ross,"What, now?",surprise,"I think she took it pretty well. You know Paolo's over there right now, so...
Ah...ooh! Well, looks like, uh, we kicked your butts.
No-no, she kicked our butts. You could be on the Olympic standing-there team.
Come on, two on one.
What are you still doing here? She just broke up with the guy, it's time for you to swoop in!
What, now?","I think she took it pretty well. You know Paolo's over there right now, so...
Ah...ooh! Well, looks like, uh, we kicked your butts.
No-no, she kicked our butts. You could be on the Olympic standing-there team.
Come on, two on one.
What are you still doing here? She just broke up with the guy, it's time for you to swoop in!
What, now?",surprise,6,6,surprise,True,0.046131324,0.013078216,0.03474864,0.018924579,0.14897995,0.03608235,0.702055
198,6,Joey,"Yes, now is when you swoop!",joy,"Ah...ooh! Well, looks like, uh, we kicked your butts.
No-no, she kicked our butts. You could be on the Olympic standing-there team.
Come on, two on one.
What are you still doing here? She just broke up with the guy, it's time for you to swoop in!
What, now?
Yes, now is when you swoop!","Ah...ooh! Well, looks like, uh, we kicked your butts.
No-no, she kicked our butts. You could be on the Olympic standing-there team.
Come on, two on one.
What are you still doing here? She just broke up with the guy, it's time for you to swoop in!
What, now?
Yes, now is when you swoop!",joy,3,4,neutral,False,0.27916178,0.0166899,0.039201017,0.10552259,0.48837924,0.05853041,0.01251504
198,7,Joey,"You gotta make sure that when Paolo walks out of there, the first guy Rachel sees is you, She's gotta know that you're everything he's not!",joy,"No-no, she kicked our butts. You could be on the Olympic standing-there team.
Come on, two on one.
What are you still doing here? She just broke up with the guy, it's time for you to swoop in!
What, now?
Yes, now is when you swoop!
You gotta make sure that when Paolo walks out of there, the first guy Rachel sees is you, She's gotta know that you're everything he's not!","No-no, she kicked our butts. You could be on the Olympic standing-there team.
Come on, two on one.
What are you still doing here? She just broke up with the guy, it's time for you to swoop in!
What, now?
Yes, now is when you swoop!
You gotta make sure that when Paolo walks out of there, the first guy Rachel sees is you, She's gotta know that you're everything he's not!",joy,3,0,anger,False,0.7393959,0.016893962,0.04491643,0.042966228,0.09100436,0.054891326,0.009931808
198,8,Joey,"You're like, like the anti-Paolo!",anger,"Come on, two on one.
What are you still doing here? She just broke up with the guy, it's time for you to swoop in!
What, now?
Yes, now is when you swoop!
You gotta make sure that when Paolo walks out of there, the first guy Rachel sees is you, She's gotta know that you're everything he's not!
You're like, like the anti-Paolo!","Come on, two on one.
What are you still doing here? She just broke up with the guy, it's time for you to swoop in!
What, now?
Yes, now is when you swoop!
You gotta make sure that when Paolo walks out of there, the first guy Rachel sees is you, She's gotta know that you're everything he's not!
You're like, like the anti-Paolo!",anger,0,0,anger,True,0.4202131,0.14051145,0.06644524,0.06396965,0.06822014,0.22448388,0.016156623
198,9,Chandler,My Catholic friend is right.,neutral,"What are you still doing here? She just broke up with the guy, it's time for you to swoop in!
What, now?
Yes, now is when you swoop!
You gotta make sure that when Paolo walks out of there, the first guy Rachel sees is you, She's gotta know that you're everything he's not!
You're like, like the anti-Paolo!
My Catholic friend is right.","What are you still doing here? She just broke up with the guy, it's time for you to swoop in!
What, now?
Yes, now is when you swoop!
You gotta make sure that when Paolo walks out of there, the first guy Rachel sees is you, She's gotta know that you're everything he's not!
You're like, like the anti-Paolo!
My Catholic friend is right.",neutral,4,3,joy,False,0.057309315,0.0053407457,0.0068377545,0.7120183,0.18650047,0.026147291,0.0058460766
198,10,Chandler,She's distraught.,neutral,"What, now?
Yes, now is when you swoop!
You gotta make sure that when Paolo walks out of there, the first guy Rachel sees is you, She's gotta know that you're everything he's not!
You're like, like the anti-Paolo!
My Catholic friend is right.
She's distraught.","What, now?
Yes, now is when you swoop!
You gotta make sure that when Paolo walks out of there, the first guy Rachel sees is you, She's gotta know that you're everything he's not!
You're like, like the anti-Paolo!
My Catholic friend is right.
She's distraught.",neutral,4,5,sadness,False,0.04565812,0.016826743,0.06250225,0.04562816,0.13607869,0.67025197,0.023054067
198,11,Chandler,You're there for her.,neutral,"Yes, now is when you swoop!
You gotta make sure that when Paolo walks out of there, the first guy Rachel sees is you, She's gotta know that you're everything he's not!
You're like, like the anti-Paolo!
My Catholic friend is right.
She's distraught.
You're there for her.","Yes, now is when you swoop!
You gotta make sure that when Paolo walks out of there, the first guy Rachel sees is you, She's gotta know that you're everything he's not!
You're like, like the anti-Paolo!
My Catholic friend is right.
She's distraught.
You're there for her.",neutral,4,4,neutral,True,0.01860157,0.0031931433,0.0045413007,0.2950596,0.6427931,0.019119836,0.016691418
198,12,Chandler,"You pick up the pieces, and then you usher in the age of Ross!",joy,"You gotta make sure that when Paolo walks out of there, the first guy Rachel sees is you, She's gotta know that you're everything he's not!
You're like, like the anti-Paolo!
My Catholic friend is right.
She's distraught.
You're there for her.
You pick up the pieces, and then you usher in the age of Ross!","You gotta make sure that when Paolo walks out of there, the first guy Rachel sees is you, She's gotta know that you're everything he's not!
You're like, like the anti-Paolo!
My Catholic friend is right.
She's distraught.
You're there for her.
You pick up the pieces, and then you usher in the age of Ross!",joy,3,3,joy,True,0.15898041,0.0064493334,0.0043493663,0.72195154,0.07590965,0.014220577,0.018139122
199,5,Monica,"Ohh, sweetie!  Hey, I bet you anything that he’s gonna call you again.",sadness,"Well, I just called Joshua
Oh, how did it go?
Well, I did my best to convince him that I’m not some crazy girl who is dying to get married—I’m just going through a hard time.
What did he say?
Well uh, his answering machine was
Ohh, sweetie!  Hey, I bet you anything that he’s gonna call you again.","Well, I just called Joshua
Oh, how did it go?
Well, I did my best to convince him that I’m not some crazy girl who is dying to get married—I’m just going through a hard time.
What did he say?
Well uh, his answering machine was
Ohh, sweetie!  Hey, I bet you anything that he’s gonna call you again.",sadness,5,4,neutral,False,0.012146256,0.0047996542,0.008424641,0.29802972,0.65252924,0.016903652,0.0071667605
199,6,Rachel,"Yeah, maybe, but I don’t think I even care.",sadness,"Oh, how did it go?
Well, I did my best to convince him that I’m not some crazy girl who is dying to get married—I’m just going through a hard time.
What did he say?
Well uh, his answering machine was
Ohh, sweetie!  Hey, I bet you anything that he’s gonna call you again.
Yeah, maybe, but I don’t think I even care.","Oh, how did it go?
Well, I did my best to convince him that I’m not some crazy girl who is dying to get married—I’m just going through a hard time.
What did he say?
Well uh, his answering machine was
Ohh, sweetie!  Hey, I bet you anything that he’s gonna call you again.
Yeah, maybe, but I don’t think I even care.",sadness,5,4,neutral,False,0.05331942,0.018162947,0.083108746,0.071463354,0.41651422,0.34214842,0.01528281
199,7,Rachel,I don’t think he’s the one I’m sad about.,sadness,"Well, I did my best to convince him that I’m not some crazy girl who is dying to get married—I’m just going through a hard time.
What did he say?
Well uh, his answering machine was
Ohh, sweetie!  Hey, I bet you anything that he’s gonna call you again.
Yeah, maybe, but I don’t think I even care.
I don’t think he’s the one I’m sad about.","Well, I did my best to convince him that I’m not some crazy girl who is dying to get married—I’m just going through a hard time.
What did he say?
Well uh, his answering machine was
Ohh, sweetie!  Hey, I bet you anything that he’s gonna call you again.
Yeah, maybe, but I don’t think I even care.
I don’t think he’s the one I’m sad about.",sadness,5,5,sadness,True,0.035084706,0.0115098925,0.07606064,0.03626289,0.030386854,0.78806984,0.02262518
199,8,Rachel,"Y’know, I know that I said that I am totally okay with Ross getting married, but as it turns out, I don’t think I’m handling it all that well.",sadness,"What did he say?
Well uh, his answering machine was
Ohh, sweetie!  Hey, I bet you anything that he’s gonna call you again.
Yeah, maybe, but I don’t think I even care.
I don’t think he’s the one I’m sad about.
Y’know, I know that I said that I am totally okay with Ross getting married, but as it turns out, I don’t think I’m handling it all that well.","What did he say?
Well uh, his answering machine was
Ohh, sweetie!  Hey, I bet you anything that he’s gonna call you again.
Yeah, maybe, but I don’t think I even care.
I don’t think he’s the one I’m sad about.
Y’know, I know that I said that I am totally okay with Ross getting married, but as it turns out, I don’t think I’m handling it all that well.",sadness,5,5,sadness,True,0.11677728,0.021189317,0.063123524,0.059764225,0.25182918,0.47408506,0.013231443
199,9,Phoebe,"Yeah, maybe.",sadness,"Well uh, his answering machine was
Ohh, sweetie!  Hey, I bet you anything that he’s gonna call you again.
Yeah, maybe, but I don’t think I even care.
I don’t think he’s the one I’m sad about.
Y’know, I know that I said that I am totally okay with Ross getting married, but as it turns out, I don’t think I’m handling it all that well.
Yeah, maybe.","Well uh, his answering machine was
Ohh, sweetie!  Hey, I bet you anything that he’s gonna call you again.
Yeah, maybe, but I don’t think I even care.
I don’t think he’s the one I’m sad about.
Y’know, I know that I said that I am totally okay with Ross getting married, but as it turns out, I don’t think I’m handling it all that well.
Yeah, maybe.",sadness,5,4,neutral,False,0.004006077,0.0029265792,0.0075081964,0.022393074,0.94941616,0.008694593,0.0050553787
199,10,Rachel,And I-I am just trying to figure out why.,sadness,"Ohh, sweetie!  Hey, I bet you anything that he’s gonna call you again.
Yeah, maybe, but I don’t think I even care.
I don’t think he’s the one I’m sad about.
Y’know, I know that I said that I am totally okay with Ross getting married, but as it turns out, I don’t think I’m handling it all that well.
Yeah, maybe.
And I-I am just trying to figure out why.","Ohh, sweetie!  Hey, I bet you anything that he’s gonna call you again.
Yeah, maybe, but I don’t think I even care.
I don’t think he’s the one I’m sad about.
Y’know, I know that I said that I am totally okay with Ross getting married, but as it turns out, I don’t think I’m handling it all that well.
Yeah, maybe.
And I-I am just trying to figure out why.",sadness,5,5,sadness,True,0.08231151,0.015758662,0.1312381,0.031491473,0.08562885,0.62055296,0.03301849
199,11,Phoebe,Any luck?,sadness,"Yeah, maybe, but I don’t think I even care.
I don’t think he’s the one I’m sad about.
Y’know, I know that I said that I am totally okay with Ross getting married, but as it turns out, I don’t think I’m handling it all that well.
Yeah, maybe.
And I-I am just trying to figure out why.
Any luck?","Yeah, maybe, but I don’t think I even care.
I don’t think he’s the one I’m sad about.
Y’know, I know that I said that I am totally okay with Ross getting married, but as it turns out, I don’t think I’m handling it all that well.
Yeah, maybe.
And I-I am just trying to figure out why.
Any luck?",sadness,5,4,neutral,False,0.04763736,0.011678552,0.045489125,0.25881988,0.40499225,0.1794074,0.051975496
199,12,Rachel,"Well, yeah, y’know how Ross and I were on again, off again, on again, off again?",sadness,"I don’t think he’s the one I’m sad about.
Y’know, I know that I said that I am totally okay with Ross getting married, but as it turns out, I don’t think I’m handling it all that well.
Yeah, maybe.
And I-I am just trying to figure out why.
Any luck?
Well, yeah, y’know how Ross and I were on again, off again, on again, off again?","I don’t think he’s the one I’m sad about.
Y’know, I know that I said that I am totally okay with Ross getting married, but as it turns out, I don’t think I’m handling it all that well.
Yeah, maybe.
And I-I am just trying to figure out why.
Any luck?
Well, yeah, y’know how Ross and I were on again, off again, on again, off again?",sadness,5,4,neutral,False,0.03585933,0.0047246693,0.016107116,0.10915155,0.80581474,0.019803073,0.008539507
199,13,Rachel,"I guess I just figured that somewhere down the road, we would be on again.",sadness,"Y’know, I know that I said that I am totally okay with Ross getting married, but as it turns out, I don’t think I’m handling it all that well.
Yeah, maybe.
And I-I am just trying to figure out why.
Any luck?
Well, yeah, y’know how Ross and I were on again, off again, on again, off again?
I guess I just figured that somewhere down the road, we would be on again.","Y’know, I know that I said that I am totally okay with Ross getting married, but as it turns out, I don’t think I’m handling it all that well.
Yeah, maybe.
And I-I am just trying to figure out why.
Any luck?
Well, yeah, y’know how Ross and I were on again, off again, on again, off again?
I guess I just figured that somewhere down the road, we would be on again.",sadness,5,4,neutral,False,0.031722356,0.008518868,0.033650115,0.22167599,0.6025977,0.07798876,0.02384617
199,14,Monica,Again. Y’know what? I think we all did.,sadness,"Yeah, maybe.
And I-I am just trying to figure out why.
Any luck?
Well, yeah, y’know how Ross and I were on again, off again, on again, off again?
I guess I just figured that somewhere down the road, we would be on again.
Again. Y’know what? I think we all did.","Yeah, maybe.
And I-I am just trying to figure out why.
Any luck?
Well, yeah, y’know how Ross and I were on again, off again, on again, off again?
I guess I just figured that somewhere down the road, we would be on again.
Again. Y’know what? I think we all did.",sadness,5,4,neutral,False,0.023463005,0.0034748204,0.01824212,0.08583417,0.83955926,0.013894246,0.015532393
199,15,Ross,Hey!,joy,"And I-I am just trying to figure out why.
Any luck?
Well, yeah, y’know how Ross and I were on again, off again, on again, off again?
I guess I just figured that somewhere down the road, we would be on again.
Again. Y’know what? I think we all did.
Hey!","And I-I am just trying to figure out why.
Any luck?
Well, yeah, y’know how Ross and I were on again, off again, on again, off again?
I guess I just figured that somewhere down the road, we would be on again.
Again. Y’know what? I think we all did.
Hey!",joy,3,3,joy,True,0.049452163,0.004875443,0.0031120128,0.6376417,0.030808128,0.0065196715,0.26759088
201,5,Joey,Yeah.,neutral,"This is the unit for you my friend. Sturdy construction, tons of storage compartments, some big enough to fit a grown man.
What?!
Oh yeah!
I got in there myself once.
My roommate bet me five bucks that I couldn’t, and then he stuck a board through the handles that locked me in.
Yeah.","This is the unit for you my friend. Sturdy construction, tons of storage compartments, some big enough to fit a grown man.
What?!
Oh yeah!
I got in there myself once.
My roommate bet me five bucks that I couldn’t, and then he stuck a board through the handles that locked me in.
Yeah.",neutral,4,4,neutral,True,0.002566648,0.0015093244,0.0023963398,0.015424471,0.97321385,0.0025505133,0.0023388336
201,6,Joey,It was funny ‘til I started feeling like I was in a coffin.,neutral,"What?!
Oh yeah!
I got in there myself once.
My roommate bet me five bucks that I couldn’t, and then he stuck a board through the handles that locked me in.
Yeah.
It was funny ‘til I started feeling like I was in a coffin.","What?!
Oh yeah!
I got in there myself once.
My roommate bet me five bucks that I couldn’t, and then he stuck a board through the handles that locked me in.
Yeah.
It was funny ‘til I started feeling like I was in a coffin.",neutral,4,3,joy,False,0.024847835,0.021259125,0.023492659,0.53216594,0.08812351,0.2888968,0.021214165
201,7,Guy,"No, you, you can’t fit in that thing. That’s not deep enough.",neutral,"Oh yeah!
I got in there myself once.
My roommate bet me five bucks that I couldn’t, and then he stuck a board through the handles that locked me in.
Yeah.
It was funny ‘til I started feeling like I was in a coffin.
No, you, you can’t fit in that thing. That’s not deep enough.","Oh yeah!
I got in there myself once.
My roommate bet me five bucks that I couldn’t, and then he stuck a board through the handles that locked me in.
Yeah.
It was funny ‘til I started feeling like I was in a coffin.
No, you, you can’t fit in that thing. That’s not deep enough.",neutral,4,4,neutral,True,0.049095638,0.020145068,0.02106829,0.022706958,0.8480345,0.031976633,0.0069729406
201,8,Joey,"Oh yeah?  If I can’t, I’ll knock five bucks off the price off the unit.",anger,"I got in there myself once.
My roommate bet me five bucks that I couldn’t, and then he stuck a board through the handles that locked me in.
Yeah.
It was funny ‘til I started feeling like I was in a coffin.
No, you, you can’t fit in that thing. That’s not deep enough.
Oh yeah?  If I can’t, I’ll knock five bucks off the price off the unit.","I got in there myself once.
My roommate bet me five bucks that I couldn’t, and then he stuck a board through the handles that locked me in.
Yeah.
It was funny ‘til I started feeling like I was in a coffin.
No, you, you can’t fit in that thing. That’s not deep enough.
Oh yeah?  If I can’t, I’ll knock five bucks off the price off the unit.",anger,0,4,neutral,False,0.05797937,0.013442662,0.0085431235,0.09522857,0.80466896,0.013599828,0.0065374463
201,9,Guy,"All right, you have yourself a deal.",neutral,"My roommate bet me five bucks that I couldn’t, and then he stuck a board through the handles that locked me in.
Yeah.
It was funny ‘til I started feeling like I was in a coffin.
No, you, you can’t fit in that thing. That’s not deep enough.
Oh yeah?  If I can’t, I’ll knock five bucks off the price off the unit.
All right, you have yourself a deal.","My roommate bet me five bucks that I couldn’t, and then he stuck a board through the handles that locked me in.
Yeah.
It was funny ‘til I started feeling like I was in a coffin.
No, you, you can’t fit in that thing. That’s not deep enough.
Oh yeah?  If I can’t, I’ll knock five bucks off the price off the unit.
All right, you have yourself a deal.",neutral,4,4,neutral,True,0.013548627,0.002830306,0.0026994683,0.054223884,0.9196255,0.0046427306,0.0024294558
201,10,Joey,Okay.  See?! I told ya!,surprise,"Yeah.
It was funny ‘til I started feeling like I was in a coffin.
No, you, you can’t fit in that thing. That’s not deep enough.
Oh yeah?  If I can’t, I’ll knock five bucks off the price off the unit.
All right, you have yourself a deal.
Okay.  See?! I told ya!","Yeah.
It was funny ‘til I started feeling like I was in a coffin.
No, you, you can’t fit in that thing. That’s not deep enough.
Oh yeah?  If I can’t, I’ll knock five bucks off the price off the unit.
All right, you have yourself a deal.
Okay.  See?! I told ya!",surprise,6,3,joy,False,0.03272994,0.0032104526,0.0032328332,0.90922755,0.016884081,0.005002588,0.029712515
201,11,Joey,"Sometimes I get in here just to get away from it! Hey, a nickel!!",anger,"It was funny ‘til I started feeling like I was in a coffin.
No, you, you can’t fit in that thing. That’s not deep enough.
Oh yeah?  If I can’t, I’ll knock five bucks off the price off the unit.
All right, you have yourself a deal.
Okay.  See?! I told ya!
Sometimes I get in here just to get away from it! Hey, a nickel!!","It was funny ‘til I started feeling like I was in a coffin.
No, you, you can’t fit in that thing. That’s not deep enough.
Oh yeah?  If I can’t, I’ll knock five bucks off the price off the unit.
All right, you have yourself a deal.
Okay.  See?! I told ya!
Sometimes I get in here just to get away from it! Hey, a nickel!!",anger,0,3,joy,False,0.03292859,0.0061455397,0.002935948,0.86507875,0.015939891,0.0069109076,0.07006042
202,5,Rachel,"Yeah, we ended up spending the day together and had such a great time!",joy,"Hey! What’s up?
Hey!
Hey-hey, who’s your friend?  Hey!!
Hey Joey!
Erin! Still here!
Yeah, we ended up spending the day together and had such a great time!","Hey! What’s up?
Hey!
Hey-hey, who’s your friend?  Hey!!
Hey Joey!
Erin! Still here!
Yeah, we ended up spending the day together and had such a great time!",joy,3,3,joy,True,0.010589434,0.0024309785,0.0014517094,0.9572985,0.008057138,0.0051601864,0.01501193
202,6,Joey,Why wouldn’t ya? Erin is great! Then-then there’s you guys.,joy,"Hey!
Hey-hey, who’s your friend?  Hey!!
Hey Joey!
Erin! Still here!
Yeah, we ended up spending the day together and had such a great time!
Why wouldn’t ya? Erin is great! Then-then there’s you guys.","Hey!
Hey-hey, who’s your friend?  Hey!!
Hey Joey!
Erin! Still here!
Yeah, we ended up spending the day together and had such a great time!
Why wouldn’t ya? Erin is great! Then-then there’s you guys.",joy,3,3,joy,True,0.016397463,0.0025041539,0.0022688496,0.78349847,0.18009698,0.005314433,0.009919582
202,7,Erin,"Ohh, listen. I’ve got to get going. Today was great, thanks!",joy,"Hey-hey, who’s your friend?  Hey!!
Hey Joey!
Erin! Still here!
Yeah, we ended up spending the day together and had such a great time!
Why wouldn’t ya? Erin is great! Then-then there’s you guys.
Ohh, listen. I’ve got to get going. Today was great, thanks!","Hey-hey, who’s your friend?  Hey!!
Hey Joey!
Erin! Still here!
Yeah, we ended up spending the day together and had such a great time!
Why wouldn’t ya? Erin is great! Then-then there’s you guys.
Ohh, listen. I’ve got to get going. Today was great, thanks!",joy,3,3,joy,True,0.009283858,0.0021035073,0.0015761673,0.96020377,0.009746598,0.006643808,0.010442333
203,5,Rachel,Really?!,surprise,"I think I brought back half of the beach in my hair. It was so much easier when I used to shave my head.
Y'know, I gotta tell ya, I just
Really?!
Ohh!
Because I think about shaving it all off again sometime.
Really?!","I think I brought back half of the beach in my hair. It was so much easier when I used to shave my head.
Y'know, I gotta tell ya, I just
Really?!
Ohh!
Because I think about shaving it all off again sometime.
Really?!",surprise,6,6,surprise,True,0.005962833,0.0039670663,0.003966754,0.0075691273,0.0069662533,0.00520622,0.9663618
203,6,Bonnie,Yeah!,joy,"Y'know, I gotta tell ya, I just
Really?!
Ohh!
Because I think about shaving it all off again sometime.
Really?!
Yeah!","Y'know, I gotta tell ya, I just
Really?!
Ohh!
Because I think about shaving it all off again sometime.
Really?!
Yeah!",joy,3,3,joy,True,0.074658394,0.016317545,0.0139408,0.70208204,0.03493864,0.015375465,0.14268711
203,7,Rachel,I mean you definitely should do that.,neutral,"Really?!
Ohh!
Because I think about shaving it all off again sometime.
Really?!
Yeah!
I mean you definitely should do that.","Really?!
Ohh!
Because I think about shaving it all off again sometime.
Really?!
Yeah!
I mean you definitely should do that.",neutral,4,4,neutral,True,0.007962217,0.0061207693,0.0051850057,0.16290914,0.80766165,0.005082779,0.005078462
203,8,Bonnie,"Y'know what, I should do it.",joy,"Ohh!
Because I think about shaving it all off again sometime.
Really?!
Yeah!
I mean you definitely should do that.
Y'know what, I should do it.","Ohh!
Because I think about shaving it all off again sometime.
Really?!
Yeah!
I mean you definitely should do that.
Y'know what, I should do it.",joy,3,4,neutral,False,0.056057423,0.0064819697,0.027685495,0.3990856,0.47175506,0.033395473,0.0055389684
203,9,Rachel,Yeah!,joy,"Because I think about shaving it all off again sometime.
Really?!
Yeah!
I mean you definitely should do that.
Y'know what, I should do it.
Yeah!","Because I think about shaving it all off again sometime.
Really?!
Yeah!
I mean you definitely should do that.
Y'know what, I should do it.
Yeah!",joy,3,3,joy,True,0.08504342,0.016175486,0.01554196,0.6899012,0.032248296,0.016920056,0.14416966
203,10,Bonnie,"Yeah, thank you Rachel, you are soo cool.",joy,"Really?!
Yeah!
I mean you definitely should do that.
Y'know what, I should do it.
Yeah!
Yeah, thank you Rachel, you are soo cool.","Really?!
Yeah!
I mean you definitely should do that.
Y'know what, I should do it.
Yeah!
Yeah, thank you Rachel, you are soo cool.",joy,3,3,joy,True,0.008338986,0.0018160527,0.0014828978,0.94713455,0.030892927,0.0049537,0.005380787
203,11,Rachel,"Awww, stop. Come on. Now go shave that head!",neutral,"Yeah!
I mean you definitely should do that.
Y'know what, I should do it.
Yeah!
Yeah, thank you Rachel, you are soo cool.
Awww, stop. Come on. Now go shave that head!","Yeah!
I mean you definitely should do that.
Y'know what, I should do it.
Yeah!
Yeah, thank you Rachel, you are soo cool.
Awww, stop. Come on. Now go shave that head!",neutral,4,4,neutral,True,0.19035716,0.027694432,0.016134392,0.2570233,0.48507535,0.011572102,0.01214321
203,12,Bonnie,All right.,neutral,"I mean you definitely should do that.
Y'know what, I should do it.
Yeah!
Yeah, thank you Rachel, you are soo cool.
Awww, stop. Come on. Now go shave that head!
All right.","I mean you definitely should do that.
Y'know what, I should do it.
Yeah!
Yeah, thank you Rachel, you are soo cool.
Awww, stop. Come on. Now go shave that head!
All right.",neutral,4,4,neutral,True,0.016391056,0.0035594301,0.004072371,0.05014172,0.91973644,0.0041268677,0.0019720946
204,5,Monica,She buys tickets for plays that I wanna see.,anger,"Oh, Monica. You are not still going over that thing.
This woman's living my life.
What?
She's living my life, and she's doing it better than me!
Look at this, look.
She buys tickets for plays that I wanna see.","Oh, Monica. You are not still going over that thing.
This woman's living my life.
What?
She's living my life, and she's doing it better than me!
Look at this, look.
She buys tickets for plays that I wanna see.",anger,0,4,neutral,False,0.029751949,0.026744872,0.007748343,0.09828021,0.8132676,0.011087517,0.01311951
204,6,Monica,"She, she buys clothes from stores that I'm intimidated by the sales people.",anger,"This woman's living my life.
What?
She's living my life, and she's doing it better than me!
Look at this, look.
She buys tickets for plays that I wanna see.
She, she buys clothes from stores that I'm intimidated by the sales people.","This woman's living my life.
What?
She's living my life, and she's doing it better than me!
Look at this, look.
She buys tickets for plays that I wanna see.
She, she buys clothes from stores that I'm intimidated by the sales people.",anger,0,4,neutral,False,0.16323575,0.20224488,0.032514397,0.06286464,0.47121653,0.035127565,0.032796167
204,7,Monica,She spent three hundred dollars on art supplies.,anger,"What?
She's living my life, and she's doing it better than me!
Look at this, look.
She buys tickets for plays that I wanna see.
She, she buys clothes from stores that I'm intimidated by the sales people.
She spent three hundred dollars on art supplies.","What?
She's living my life, and she's doing it better than me!
Look at this, look.
She buys tickets for plays that I wanna see.
She, she buys clothes from stores that I'm intimidated by the sales people.
She spent three hundred dollars on art supplies.",anger,0,4,neutral,False,0.077973686,0.053505525,0.018915331,0.13053006,0.5665091,0.036537785,0.11602844
204,8,Rachel,You're not an artist.,neutral,"She's living my life, and she's doing it better than me!
Look at this, look.
She buys tickets for plays that I wanna see.
She, she buys clothes from stores that I'm intimidated by the sales people.
She spent three hundred dollars on art supplies.
You're not an artist.","She's living my life, and she's doing it better than me!
Look at this, look.
She buys tickets for plays that I wanna see.
She, she buys clothes from stores that I'm intimidated by the sales people.
She spent three hundred dollars on art supplies.
You're not an artist.",neutral,4,4,neutral,True,0.25262094,0.13776776,0.029185208,0.028815595,0.49404678,0.026704425,0.030859267
204,9,Monica,"Yeah, well I might be if I had the supplies! I mean, I could do all this stuff. Only I don't.",anger,"Look at this, look.
She buys tickets for plays that I wanna see.
She, she buys clothes from stores that I'm intimidated by the sales people.
She spent three hundred dollars on art supplies.
You're not an artist.
Yeah, well I might be if I had the supplies! I mean, I could do all this stuff. Only I don't.","Look at this, look.
She buys tickets for plays that I wanna see.
She, she buys clothes from stores that I'm intimidated by the sales people.
She spent three hundred dollars on art supplies.
You're not an artist.
Yeah, well I might be if I had the supplies! I mean, I could do all this stuff. Only I don't.",anger,0,4,neutral,False,0.021559732,0.004141106,0.008301423,0.02094488,0.93038595,0.012179109,0.0024878846
205,5,Rachel,"Oh, that is so sick.",disgust,"I can't believe you would actually say that. I would much rather be Mr.Peanut than Mr.Salty.
No way! Mr.Salty is a sailor, all right, he's got to be, like, thetoughest snack there is.
I don't know, you don't wanna mess with corn nuts. They're craaazy.
Oh my God. You guys! You gotta come see this! There's some creep out there with a telescope!
I can't believe it! He's looking right at us!
Oh, that is so sick.","I can't believe you would actually say that. I would much rather be Mr.Peanut than Mr.Salty.
No way! Mr.Salty is a sailor, all right, he's got to be, like, thetoughest snack there is.
I don't know, you don't wanna mess with corn nuts. They're craaazy.
Oh my God. You guys! You gotta come see this! There's some creep out there with a telescope!
I can't believe it! He's looking right at us!
Oh, that is so sick.",disgust,1,1,disgust,True,0.05544679,0.41123167,0.1039919,0.0615546,0.07133755,0.22809972,0.06833772
205,6,Chandler,I feel violated. And not in a good way.,disgust,"No way! Mr.Salty is a sailor, all right, he's got to be, like, thetoughest snack there is.
I don't know, you don't wanna mess with corn nuts. They're craaazy.
Oh my God. You guys! You gotta come see this! There's some creep out there with a telescope!
I can't believe it! He's looking right at us!
Oh, that is so sick.
I feel violated. And not in a good way.","No way! Mr.Salty is a sailor, all right, he's got to be, like, thetoughest snack there is.
I don't know, you don't wanna mess with corn nuts. They're craaazy.
Oh my God. You guys! You gotta come see this! There's some creep out there with a telescope!
I can't believe it! He's looking right at us!
Oh, that is so sick.
I feel violated. And not in a good way.",disgust,1,1,disgust,True,0.24756545,0.25141925,0.110709526,0.03574117,0.14320278,0.19031379,0.021047972
205,7,Phoebe,"How can people do that?...  Oh, you guys, look! Ugly Naked Guy got gravity boots!",surprise,"I don't know, you don't wanna mess with corn nuts. They're craaazy.
Oh my God. You guys! You gotta come see this! There's some creep out there with a telescope!
I can't believe it! He's looking right at us!
Oh, that is so sick.
I feel violated. And not in a good way.
How can people do that?...  Oh, you guys, look! Ugly Naked Guy got gravity boots!","I don't know, you don't wanna mess with corn nuts. They're craaazy.
Oh my God. You guys! You gotta come see this! There's some creep out there with a telescope!
I can't believe it! He's looking right at us!
Oh, that is so sick.
I feel violated. And not in a good way.
How can people do that?...  Oh, you guys, look! Ugly Naked Guy got gravity boots!",surprise,6,6,surprise,True,0.16778332,0.20385776,0.01914889,0.1965836,0.031037018,0.034178115,0.34741122
208,5,Rachel,Really it’s nothing. I’m just,sadness,"Hey.
I just saw a woman breast feeding both of her twins at the same time. it is like a freak show up here.
What’s the matter?
Nothing.
What is it? Hey!
Really it’s nothing. I’m just","Hey.
I just saw a woman breast feeding both of her twins at the same time. it is like a freak show up here.
What’s the matter?
Nothing.
What is it? Hey!
Really it’s nothing. I’m just",sadness,5,4,neutral,False,0.010967438,0.003985089,0.0071503823,0.037726622,0.9178388,0.019381853,0.0029498464
208,6,Joey,"Rach come on, what?",neutral,"I just saw a woman breast feeding both of her twins at the same time. it is like a freak show up here.
What’s the matter?
Nothing.
What is it? Hey!
Really it’s nothing. I’m just
Rach come on, what?","I just saw a woman breast feeding both of her twins at the same time. it is like a freak show up here.
What’s the matter?
Nothing.
What is it? Hey!
Really it’s nothing. I’m just
Rach come on, what?",neutral,4,6,surprise,False,0.016081018,0.008909547,0.051934883,0.020658774,0.10414695,0.039127547,0.75914127
208,7,Rachel,I’ve just been thinking about how my baby and I are gonna be all alone.,sadness,"What’s the matter?
Nothing.
What is it? Hey!
Really it’s nothing. I’m just
Rach come on, what?
I’ve just been thinking about how my baby and I are gonna be all alone.","What’s the matter?
Nothing.
What is it? Hey!
Really it’s nothing. I’m just
Rach come on, what?
I’ve just been thinking about how my baby and I are gonna be all alone.",sadness,5,5,sadness,True,0.05467793,0.013841593,0.054913696,0.044537604,0.02738954,0.77737206,0.027267613
208,8,Joey,What are you talking about alone? What about Ross?,surprise,"Nothing.
What is it? Hey!
Really it’s nothing. I’m just
Rach come on, what?
I’ve just been thinking about how my baby and I are gonna be all alone.
What are you talking about alone? What about Ross?","Nothing.
What is it? Hey!
Really it’s nothing. I’m just
Rach come on, what?
I’ve just been thinking about how my baby and I are gonna be all alone.
What are you talking about alone? What about Ross?",surprise,6,6,surprise,True,0.023902321,0.004466446,0.025857594,0.017700808,0.16355118,0.024084257,0.7404375
208,9,Rachel,"Oh please, he’ll be with his real family, the twins and little miss new boobs.",sadness,"What is it? Hey!
Really it’s nothing. I’m just
Rach come on, what?
I’ve just been thinking about how my baby and I are gonna be all alone.
What are you talking about alone? What about Ross?
Oh please, he’ll be with his real family, the twins and little miss new boobs.","What is it? Hey!
Really it’s nothing. I’m just
Rach come on, what?
I’ve just been thinking about how my baby and I are gonna be all alone.
What are you talking about alone? What about Ross?
Oh please, he’ll be with his real family, the twins and little miss new boobs.",sadness,5,1,disgust,False,0.036058012,0.3339689,0.03681278,0.28946438,0.07673573,0.15160781,0.07535232
208,10,Joey,"Okay, how long was I watching that woman?",neutral,"Really it’s nothing. I’m just
Rach come on, what?
I’ve just been thinking about how my baby and I are gonna be all alone.
What are you talking about alone? What about Ross?
Oh please, he’ll be with his real family, the twins and little miss new boobs.
Okay, how long was I watching that woman?","Really it’s nothing. I’m just
Rach come on, what?
I’ve just been thinking about how my baby and I are gonna be all alone.
What are you talking about alone? What about Ross?
Oh please, he’ll be with his real family, the twins and little miss new boobs.
Okay, how long was I watching that woman?",neutral,4,4,neutral,True,0.10867608,0.031980615,0.066873245,0.09467182,0.3982588,0.270076,0.02946339
208,11,Rachel,"I’m just saying that y’know, someday Ross is gonna meet somebody and…he’s gonna have his own life. Right?",sadness,"Rach come on, what?
I’ve just been thinking about how my baby and I are gonna be all alone.
What are you talking about alone? What about Ross?
Oh please, he’ll be with his real family, the twins and little miss new boobs.
Okay, how long was I watching that woman?
I’m just saying that y’know, someday Ross is gonna meet somebody and…he’s gonna have his own life. Right?","Rach come on, what?
I’ve just been thinking about how my baby and I are gonna be all alone.
What are you talking about alone? What about Ross?
Oh please, he’ll be with his real family, the twins and little miss new boobs.
Okay, how long was I watching that woman?
I’m just saying that y’know, someday Ross is gonna meet somebody and…he’s gonna have his own life. Right?",sadness,5,4,neutral,False,0.022386916,0.0026505925,0.012174343,0.05680066,0.8828979,0.013181474,0.009908084
208,12,Joey,"Yeah, I guess so.",neutral,"I’ve just been thinking about how my baby and I are gonna be all alone.
What are you talking about alone? What about Ross?
Oh please, he’ll be with his real family, the twins and little miss new boobs.
Okay, how long was I watching that woman?
I’m just saying that y’know, someday Ross is gonna meet somebody and…he’s gonna have his own life. Right?
Yeah, I guess so.","I’ve just been thinking about how my baby and I are gonna be all alone.
What are you talking about alone? What about Ross?
Oh please, he’ll be with his real family, the twins and little miss new boobs.
Okay, how long was I watching that woman?
I’m just saying that y’know, someday Ross is gonna meet somebody and…he’s gonna have his own life. Right?
Yeah, I guess so.",neutral,4,4,neutral,True,0.010947113,0.0072782105,0.027427252,0.07449381,0.803772,0.067417584,0.0086640585
208,13,Rachel,I just never thought I would raise this baby all by myself. Pretty dumb huh?,sadness,"What are you talking about alone? What about Ross?
Oh please, he’ll be with his real family, the twins and little miss new boobs.
Okay, how long was I watching that woman?
I’m just saying that y’know, someday Ross is gonna meet somebody and…he’s gonna have his own life. Right?
Yeah, I guess so.
I just never thought I would raise this baby all by myself. Pretty dumb huh?","What are you talking about alone? What about Ross?
Oh please, he’ll be with his real family, the twins and little miss new boobs.
Okay, how long was I watching that woman?
I’m just saying that y’know, someday Ross is gonna meet somebody and…he’s gonna have his own life. Right?
Yeah, I guess so.
I just never thought I would raise this baby all by myself. Pretty dumb huh?",sadness,5,6,surprise,False,0.03667683,0.15234376,0.025333729,0.07385948,0.032491643,0.041282248,0.63801223
210,5,Phoebe,Hi!,joy,"Chandler, we said we would meet at the coffeehouse at six.
We said seven!
We said six!
The only way that I said six would be if the seven’s, let meet at seven, not at six.
Yeah and if I had seven, maybe I would’ve said something like this, ""Wow! My boyfriend’s such a wise ass—seven!""
Hi!","Chandler, we said we would meet at the coffeehouse at six.
We said seven!
We said six!
The only way that I said six would be if the seven’s, let meet at seven, not at six.
Yeah and if I had seven, maybe I would’ve said something like this, ""Wow! My boyfriend’s such a wise ass—seven!""
Hi!",joy,3,3,joy,True,0.011326118,0.0022892677,0.0013527409,0.9417254,0.01248185,0.0036130864,0.027211634
210,6,Chandler,Oh my good God.,disgust,"We said seven!
We said six!
The only way that I said six would be if the seven’s, let meet at seven, not at six.
Yeah and if I had seven, maybe I would’ve said something like this, ""Wow! My boyfriend’s such a wise ass—seven!""
Hi!
Oh my good God.","We said seven!
We said six!
The only way that I said six would be if the seven’s, let meet at seven, not at six.
Yeah and if I had seven, maybe I would’ve said something like this, ""Wow! My boyfriend’s such a wise ass—seven!""
Hi!
Oh my good God.",disgust,1,3,joy,False,0.010392106,0.0076104845,0.0040838527,0.7751742,0.029584479,0.0064822016,0.16667266
210,7,Phoebe,I know what time you said.,joy,"We said six!
The only way that I said six would be if the seven’s, let meet at seven, not at six.
Yeah and if I had seven, maybe I would’ve said something like this, ""Wow! My boyfriend’s such a wise ass—seven!""
Hi!
Oh my good God.
I know what time you said.","We said six!
The only way that I said six would be if the seven’s, let meet at seven, not at six.
Yeah and if I had seven, maybe I would’ve said something like this, ""Wow! My boyfriend’s such a wise ass—seven!""
Hi!
Oh my good God.
I know what time you said.",joy,3,4,neutral,False,0.0216097,0.007924961,0.009897386,0.05590674,0.8906127,0.006781455,0.007267052
210,8,Chandler,What?!,surprise,"The only way that I said six would be if the seven’s, let meet at seven, not at six.
Yeah and if I had seven, maybe I would’ve said something like this, ""Wow! My boyfriend’s such a wise ass—seven!""
Hi!
Oh my good God.
I know what time you said.
What?!","The only way that I said six would be if the seven’s, let meet at seven, not at six.
Yeah and if I had seven, maybe I would’ve said something like this, ""Wow! My boyfriend’s such a wise ass—seven!""
Hi!
Oh my good God.
I know what time you said.
What?!",surprise,6,6,surprise,True,0.0056236507,0.004287019,0.006332155,0.009352857,0.021589551,0.00622797,0.94658685
210,9,Phoebe,"Well actually, I know what time Chester and Marcia said.",neutral,"Yeah and if I had seven, maybe I would’ve said something like this, ""Wow! My boyfriend’s such a wise ass—seven!""
Hi!
Oh my good God.
I know what time you said.
What?!
Well actually, I know what time Chester and Marcia said.","Yeah and if I had seven, maybe I would’ve said something like this, ""Wow! My boyfriend’s such a wise ass—seven!""
Hi!
Oh my good God.
I know what time you said.
What?!
Well actually, I know what time Chester and Marcia said.",neutral,4,4,neutral,True,0.014632276,0.003664824,0.007812005,0.020078354,0.9443431,0.0053758575,0.004093533
211,5,The Dry Cleaner,That’s my wife!!! Get out!,anger,"You, get out of my shop!
Well, what did he do?
He went out with my wife!
Joey!
Whoa-whoa-whoa-whoa, I-I—Hey! I did
That’s my wife!!! Get out!","You, get out of my shop!
Well, what did he do?
He went out with my wife!
Joey!
Whoa-whoa-whoa-whoa, I-I—Hey! I did
That’s my wife!!! Get out!",anger,0,0,anger,True,0.81342167,0.011566435,0.01893471,0.084839046,0.042068567,0.012758765,0.01641078
211,6,Phoebe,"Well, we should go.",neutral,"Well, what did he do?
He went out with my wife!
Joey!
Whoa-whoa-whoa-whoa, I-I—Hey! I did
That’s my wife!!! Get out!
Well, we should go.","Well, what did he do?
He went out with my wife!
Joey!
Whoa-whoa-whoa-whoa, I-I—Hey! I did
That’s my wife!!! Get out!
Well, we should go.",neutral,4,4,neutral,True,0.022121146,0.005713686,0.01466563,0.11214997,0.83021265,0.010820494,0.0043164636
211,7,Joey,Yeah.,neutral,"He went out with my wife!
Joey!
Whoa-whoa-whoa-whoa, I-I—Hey! I did
That’s my wife!!! Get out!
Well, we should go.
Yeah.","He went out with my wife!
Joey!
Whoa-whoa-whoa-whoa, I-I—Hey! I did
That’s my wife!!! Get out!
Well, we should go.
Yeah.",neutral,4,4,neutral,True,0.004716685,0.0014826916,0.0026644175,0.013027241,0.97382677,0.0026203168,0.0016618525
212,5,Chandler,"Well, we’re really not that close.  Okay, so I guess this is uh, good-bye then.",neutral,"Y’know you, really didn’t have to take me to the airport.
Oh please.
Every moment is precious.
Y’know?
Besides, somebody had to ride in that other taxi with the rest of your luggage, and your friends don’t really seem to care too much that you’re leaving.
Well, we’re really not that close.  Okay, so I guess this is uh, good-bye then.","Y’know you, really didn’t have to take me to the airport.
Oh please.
Every moment is precious.
Y’know?
Besides, somebody had to ride in that other taxi with the rest of your luggage, and your friends don’t really seem to care too much that you’re leaving.
Well, we’re really not that close.  Okay, so I guess this is uh, good-bye then.",neutral,4,4,neutral,True,0.018953536,0.0059387265,0.016235296,0.3823757,0.45510483,0.110695176,0.010696729
212,6,Janice,"On no! No! It’s not good-bye, I’m not leaving until you get on that plane.",sadness,"Oh please.
Every moment is precious.
Y’know?
Besides, somebody had to ride in that other taxi with the rest of your luggage, and your friends don’t really seem to care too much that you’re leaving.
Well, we’re really not that close.  Okay, so I guess this is uh, good-bye then.
On no! No! It’s not good-bye, I’m not leaving until you get on that plane.","Oh please.
Every moment is precious.
Y’know?
Besides, somebody had to ride in that other taxi with the rest of your luggage, and your friends don’t really seem to care too much that you’re leaving.
Well, we’re really not that close.  Okay, so I guess this is uh, good-bye then.
On no! No! It’s not good-bye, I’m not leaving until you get on that plane.",sadness,5,4,neutral,False,0.1486102,0.016210495,0.04006129,0.045098376,0.70906764,0.031653486,0.009298504
213,5,Monica,"Sweetie, with you it’s gonna be different. The sex is gonna be great, ‘cause you-you guys are in love.",joy,"No, I’m afraid I won’t be able to make love as well as him.
Yeah, I was going for the metaphor.
Yes, and I was saying the actual words.
So big deal, so Joey’s had a lot of girlfriends, it doesn’t mean he’s great in bed.
We share a wall! So either he’s great in bed, or she just likes to agree with him a lot.
Sweetie, with you it’s gonna be different. The sex is gonna be great, ‘cause you-you guys are in love.","No, I’m afraid I won’t be able to make love as well as him.
Yeah, I was going for the metaphor.
Yes, and I was saying the actual words.
So big deal, so Joey’s had a lot of girlfriends, it doesn’t mean he’s great in bed.
We share a wall! So either he’s great in bed, or she just likes to agree with him a lot.
Sweetie, with you it’s gonna be different. The sex is gonna be great, ‘cause you-you guys are in love.",joy,3,3,joy,True,0.022436418,0.0067478074,0.006524112,0.727084,0.20913407,0.021364877,0.0067087533
213,6,Chandler,Yeah?,surprise,"Yeah, I was going for the metaphor.
Yes, and I was saying the actual words.
So big deal, so Joey’s had a lot of girlfriends, it doesn’t mean he’s great in bed.
We share a wall! So either he’s great in bed, or she just likes to agree with him a lot.
Sweetie, with you it’s gonna be different. The sex is gonna be great, ‘cause you-you guys are in love.
Yeah?","Yeah, I was going for the metaphor.
Yes, and I was saying the actual words.
So big deal, so Joey’s had a lot of girlfriends, it doesn’t mean he’s great in bed.
We share a wall! So either he’s great in bed, or she just likes to agree with him a lot.
Sweetie, with you it’s gonna be different. The sex is gonna be great, ‘cause you-you guys are in love.
Yeah?",surprise,6,6,surprise,True,0.006964003,0.0046118866,0.014696559,0.034768835,0.15223245,0.010516796,0.7762094
213,7,Rachel,Yeah!,joy,"Yes, and I was saying the actual words.
So big deal, so Joey’s had a lot of girlfriends, it doesn’t mean he’s great in bed.
We share a wall! So either he’s great in bed, or she just likes to agree with him a lot.
Sweetie, with you it’s gonna be different. The sex is gonna be great, ‘cause you-you guys are in love.
Yeah?
Yeah!","Yes, and I was saying the actual words.
So big deal, so Joey’s had a lot of girlfriends, it doesn’t mean he’s great in bed.
We share a wall! So either he’s great in bed, or she just likes to agree with him a lot.
Sweetie, with you it’s gonna be different. The sex is gonna be great, ‘cause you-you guys are in love.
Yeah?
Yeah!",joy,3,3,joy,True,0.048953295,0.016308079,0.019277878,0.6984414,0.07222596,0.019881526,0.12491188
213,8,Ross,Just go for it Chandler.,neutral,"So big deal, so Joey’s had a lot of girlfriends, it doesn’t mean he’s great in bed.
We share a wall! So either he’s great in bed, or she just likes to agree with him a lot.
Sweetie, with you it’s gonna be different. The sex is gonna be great, ‘cause you-you guys are in love.
Yeah?
Yeah!
Just go for it Chandler.","So big deal, so Joey’s had a lot of girlfriends, it doesn’t mean he’s great in bed.
We share a wall! So either he’s great in bed, or she just likes to agree with him a lot.
Sweetie, with you it’s gonna be different. The sex is gonna be great, ‘cause you-you guys are in love.
Yeah?
Yeah!
Just go for it Chandler.",neutral,4,4,neutral,True,0.017101781,0.0031993666,0.005017016,0.04000859,0.92624795,0.006266491,0.0021587398
213,9,Monica,"Yeah, you should.",neutral,"We share a wall! So either he’s great in bed, or she just likes to agree with him a lot.
Sweetie, with you it’s gonna be different. The sex is gonna be great, ‘cause you-you guys are in love.
Yeah?
Yeah!
Just go for it Chandler.
Yeah, you should.","We share a wall! So either he’s great in bed, or she just likes to agree with him a lot.
Sweetie, with you it’s gonna be different. The sex is gonna be great, ‘cause you-you guys are in love.
Yeah?
Yeah!
Just go for it Chandler.
Yeah, you should.",neutral,4,4,neutral,True,0.0035452214,0.0019404009,0.0031972681,0.01890865,0.9670949,0.003842672,0.0014709656
213,10,Rachel,"Yeah, you should, really.",neutral,"Sweetie, with you it’s gonna be different. The sex is gonna be great, ‘cause you-you guys are in love.
Yeah?
Yeah!
Just go for it Chandler.
Yeah, you should.
Yeah, you should, really.","Sweetie, with you it’s gonna be different. The sex is gonna be great, ‘cause you-you guys are in love.
Yeah?
Yeah!
Just go for it Chandler.
Yeah, you should.
Yeah, you should, really.",neutral,4,4,neutral,True,0.0065308614,0.0076011857,0.0120372595,0.31397215,0.629422,0.01519336,0.015243181
213,11,Chandler,"All right, all right, I’ll go sleep with my girlfriend. But I’m just doing it for you guys.",neutral,"Yeah?
Yeah!
Just go for it Chandler.
Yeah, you should.
Yeah, you should, really.
All right, all right, I’ll go sleep with my girlfriend. But I’m just doing it for you guys.","Yeah?
Yeah!
Just go for it Chandler.
Yeah, you should.
Yeah, you should, really.
All right, all right, I’ll go sleep with my girlfriend. But I’m just doing it for you guys.",neutral,4,4,neutral,True,0.07024613,0.0126814665,0.015170514,0.34688058,0.4882931,0.060910817,0.005817371
214,5,Joey,"I mean, y’know, I’m not really that comfortable dancing with a— We-he!!",joy,": I’m sure as hell a dancer, it’s no use Marge will never go for me.
Come on Treeger, don’t say that.
You just ahh, you just need more practice.
Here, come on, let’s ahh, let’s try it again.
Plus, it was, it was probably mostly my fault, anyway.
I mean, y’know, I’m not really that comfortable dancing with a— We-he!!",": I’m sure as hell a dancer, it’s no use Marge will never go for me.
Come on Treeger, don’t say that.
You just ahh, you just need more practice.
Here, come on, let’s ahh, let’s try it again.
Plus, it was, it was probably mostly my fault, anyway.
I mean, y’know, I’m not really that comfortable dancing with a— We-he!!",joy,3,6,surprise,False,0.18329565,0.025665868,0.04159973,0.30705085,0.02610146,0.042739645,0.37354678
214,6,Joey,Hey!,joy,"Come on Treeger, don’t say that.
You just ahh, you just need more practice.
Here, come on, let’s ahh, let’s try it again.
Plus, it was, it was probably mostly my fault, anyway.
I mean, y’know, I’m not really that comfortable dancing with a— We-he!!
Hey!","Come on Treeger, don’t say that.
You just ahh, you just need more practice.
Here, come on, let’s ahh, let’s try it again.
Plus, it was, it was probably mostly my fault, anyway.
I mean, y’know, I’m not really that comfortable dancing with a— We-he!!
Hey!",joy,3,3,joy,True,0.021966696,0.0033611958,0.0020968653,0.84319663,0.024005104,0.0042254846,0.10114804
214,7,Mr. Treeger,: Yeah!,joy,"You just ahh, you just need more practice.
Here, come on, let’s ahh, let’s try it again.
Plus, it was, it was probably mostly my fault, anyway.
I mean, y’know, I’m not really that comfortable dancing with a— We-he!!
Hey!
: Yeah!","You just ahh, you just need more practice.
Here, come on, let’s ahh, let’s try it again.
Plus, it was, it was probably mostly my fault, anyway.
I mean, y’know, I’m not really that comfortable dancing with a— We-he!!
Hey!
: Yeah!",joy,3,3,joy,True,0.050587934,0.0063919164,0.0062788785,0.80572057,0.03599132,0.008051867,0.086977474
215,5,David,"Yeah, I… Well I really actually wanted to say umm, that, but um, I figured I probably shouldn’t because y’know, I…have to leave.",neutral,"Are you sure? I’ll bet there’s another flight to Minsk in like
July. Umm,
That’s really beautiful. What does it mean?
Please, clean my beakers. I don’t get out of the lab much.
That’s good. I got to admit, I thought it was something else.
Yeah, I… Well I really actually wanted to say umm, that, but um, I figured I probably shouldn’t because y’know, I…have to leave.","Are you sure? I’ll bet there’s another flight to Minsk in like
July. Umm,
That’s really beautiful. What does it mean?
Please, clean my beakers. I don’t get out of the lab much.
That’s good. I got to admit, I thought it was something else.
Yeah, I… Well I really actually wanted to say umm, that, but um, I figured I probably shouldn’t because y’know, I…have to leave.",neutral,4,4,neutral,True,0.046161853,0.015478941,0.13853242,0.062524654,0.4625327,0.24801227,0.026757114
215,6,Phoebe,You’re right! You’re right. Don’t say it.,sadness,"July. Umm,
That’s really beautiful. What does it mean?
Please, clean my beakers. I don’t get out of the lab much.
That’s good. I got to admit, I thought it was something else.
Yeah, I… Well I really actually wanted to say umm, that, but um, I figured I probably shouldn’t because y’know, I…have to leave.
You’re right! You’re right. Don’t say it.","July. Umm,
That’s really beautiful. What does it mean?
Please, clean my beakers. I don’t get out of the lab much.
That’s good. I got to admit, I thought it was something else.
Yeah, I… Well I really actually wanted to say umm, that, but um, I figured I probably shouldn’t because y’know, I…have to leave.
You’re right! You’re right. Don’t say it.",sadness,5,4,neutral,False,0.1699002,0.020047259,0.22819726,0.056293875,0.35939345,0.14907506,0.017092917
215,7,David,I-I do though.,sadness,"That’s really beautiful. What does it mean?
Please, clean my beakers. I don’t get out of the lab much.
That’s good. I got to admit, I thought it was something else.
Yeah, I… Well I really actually wanted to say umm, that, but um, I figured I probably shouldn’t because y’know, I…have to leave.
You’re right! You’re right. Don’t say it.
I-I do though.","That’s really beautiful. What does it mean?
Please, clean my beakers. I don’t get out of the lab much.
That’s good. I got to admit, I thought it was something else.
Yeah, I… Well I really actually wanted to say umm, that, but um, I figured I probably shouldn’t because y’know, I…have to leave.
You’re right! You’re right. Don’t say it.
I-I do though.",sadness,5,5,sadness,True,0.038458694,0.01448247,0.18756352,0.08130764,0.22977705,0.43002135,0.018389245
215,8,Phoebe,I do too.,sadness,"Please, clean my beakers. I don’t get out of the lab much.
That’s good. I got to admit, I thought it was something else.
Yeah, I… Well I really actually wanted to say umm, that, but um, I figured I probably shouldn’t because y’know, I…have to leave.
You’re right! You’re right. Don’t say it.
I-I do though.
I do too.","Please, clean my beakers. I don’t get out of the lab much.
That’s good. I got to admit, I thought it was something else.
Yeah, I… Well I really actually wanted to say umm, that, but um, I figured I probably shouldn’t because y’know, I…have to leave.
You’re right! You’re right. Don’t say it.
I-I do though.
I do too.",sadness,5,4,neutral,False,0.044044044,0.015246314,0.1402573,0.18213302,0.33476925,0.26221898,0.021331029
215,9,David,Bye Phoebe.,neutral,"That’s good. I got to admit, I thought it was something else.
Yeah, I… Well I really actually wanted to say umm, that, but um, I figured I probably shouldn’t because y’know, I…have to leave.
You’re right! You’re right. Don’t say it.
I-I do though.
I do too.
Bye Phoebe.","That’s good. I got to admit, I thought it was something else.
Yeah, I… Well I really actually wanted to say umm, that, but um, I figured I probably shouldn’t because y’know, I…have to leave.
You’re right! You’re right. Don’t say it.
I-I do though.
I do too.
Bye Phoebe.",neutral,4,3,joy,False,0.033057164,0.007082158,0.032013204,0.4463949,0.22493178,0.24307193,0.013448889
215,10,Phoebe,"Okay, now’s not the time Joey. All right? You can yell at me tomorrow.",sadness,"Yeah, I… Well I really actually wanted to say umm, that, but um, I figured I probably shouldn’t because y’know, I…have to leave.
You’re right! You’re right. Don’t say it.
I-I do though.
I do too.
Bye Phoebe.
Okay, now’s not the time Joey. All right? You can yell at me tomorrow.","Yeah, I… Well I really actually wanted to say umm, that, but um, I figured I probably shouldn’t because y’know, I…have to leave.
You’re right! You’re right. Don’t say it.
I-I do though.
I do too.
Bye Phoebe.
Okay, now’s not the time Joey. All right? You can yell at me tomorrow.",sadness,5,4,neutral,False,0.048188783,0.014295111,0.022200262,0.15842962,0.72949505,0.019105922,0.008285219
217,5,Ross,No!,neutral,"Ohhh!
Why are we in bed together?
I don’t know. Do-do you have any clothes on?
Yeah.
Really?!
No!","Ohhh!
Why are we in bed together?
I don’t know. Do-do you have any clothes on?
Yeah.
Really?!
No!",neutral,4,6,surprise,False,0.20501824,0.0787111,0.06021231,0.21903339,0.048296433,0.03809555,0.350633
217,6,Ross,"But we-we didn’t have…sex-uh, did we?",fear,"Why are we in bed together?
I don’t know. Do-do you have any clothes on?
Yeah.
Really?!
No!
But we-we didn’t have…sex-uh, did we?","Why are we in bed together?
I don’t know. Do-do you have any clothes on?
Yeah.
Really?!
No!
But we-we didn’t have…sex-uh, did we?",fear,2,4,neutral,False,0.02209971,0.007862141,0.042913783,0.12217479,0.57289195,0.028925253,0.20313239
217,7,Ross,"I mean, I don’t remember much about last night, it was such a blur.",neutral,"I don’t know. Do-do you have any clothes on?
Yeah.
Really?!
No!
But we-we didn’t have…sex-uh, did we?
I mean, I don’t remember much about last night, it was such a blur.","I don’t know. Do-do you have any clothes on?
Yeah.
Really?!
No!
But we-we didn’t have…sex-uh, did we?
I mean, I don’t remember much about last night, it was such a blur.",neutral,4,5,sadness,False,0.1018105,0.02294396,0.13066384,0.035673898,0.29075125,0.30568787,0.11246873
217,8,Rachel,Oh! I remember laughing! I laughed a lot.,joy,"Yeah.
Really?!
No!
But we-we didn’t have…sex-uh, did we?
I mean, I don’t remember much about last night, it was such a blur.
Oh! I remember laughing! I laughed a lot.","Yeah.
Really?!
No!
But we-we didn’t have…sex-uh, did we?
I mean, I don’t remember much about last night, it was such a blur.
Oh! I remember laughing! I laughed a lot.",joy,3,3,joy,True,0.016429989,0.01620025,0.0063946536,0.83097106,0.047436297,0.009549753,0.07301796
217,9,Ross,And we didn’t have sex.,neutral,"Really?!
No!
But we-we didn’t have…sex-uh, did we?
I mean, I don’t remember much about last night, it was such a blur.
Oh! I remember laughing! I laughed a lot.
And we didn’t have sex.","Really?!
No!
But we-we didn’t have…sex-uh, did we?
I mean, I don’t remember much about last night, it was such a blur.
Oh! I remember laughing! I laughed a lot.
And we didn’t have sex.",neutral,4,4,neutral,True,0.19884974,0.067722574,0.039204374,0.11348328,0.25667706,0.13835806,0.18570498
217,10,Rachel,"Ohh, I mean, we were really drunk. I’m just glad we didn’t do anything stupid.",neutral,"No!
But we-we didn’t have…sex-uh, did we?
I mean, I don’t remember much about last night, it was such a blur.
Oh! I remember laughing! I laughed a lot.
And we didn’t have sex.
Ohh, I mean, we were really drunk. I’m just glad we didn’t do anything stupid.","No!
But we-we didn’t have…sex-uh, did we?
I mean, I don’t remember much about last night, it was such a blur.
Oh! I remember laughing! I laughed a lot.
And we didn’t have sex.
Ohh, I mean, we were really drunk. I’m just glad we didn’t do anything stupid.",neutral,4,3,joy,False,0.015571046,0.0051646284,0.0064768423,0.827286,0.02481475,0.10657478,0.014111906
217,11,Ross,Tell me about it.,neutral,"But we-we didn’t have…sex-uh, did we?
I mean, I don’t remember much about last night, it was such a blur.
Oh! I remember laughing! I laughed a lot.
And we didn’t have sex.
Ohh, I mean, we were really drunk. I’m just glad we didn’t do anything stupid.
Tell me about it.","But we-we didn’t have…sex-uh, did we?
I mean, I don’t remember much about last night, it was such a blur.
Oh! I remember laughing! I laughed a lot.
And we didn’t have sex.
Ohh, I mean, we were really drunk. I’m just glad we didn’t do anything stupid.
Tell me about it.",neutral,4,4,neutral,True,0.036575463,0.005081595,0.0116843805,0.021449903,0.90956277,0.0060627246,0.009583207
222,5,Rachel,I got my hair coloured!,joy,"Hey, Mon, if you were hoping to sleep with Joshua the first time tonight, which one of these would you want to be wearing.
Y’know what? It
Sorry.
I’m so exited!
I’ve been waiting for this for months!
I got my hair coloured!","Hey, Mon, if you were hoping to sleep with Joshua the first time tonight, which one of these would you want to be wearing.
Y’know what? It
Sorry.
I’m so exited!
I’ve been waiting for this for months!
I got my hair coloured!",joy,3,3,joy,True,0.0636526,0.0041696304,0.003410309,0.8609527,0.040360313,0.008346223,0.019108199
222,6,Rachel,I got new sheets!,joy,"Y’know what? It
Sorry.
I’m so exited!
I’ve been waiting for this for months!
I got my hair coloured!
I got new sheets!","Y’know what? It
Sorry.
I’m so exited!
I’ve been waiting for this for months!
I got my hair coloured!
I got new sheets!",joy,3,3,joy,True,0.038219288,0.0037943404,0.0029440492,0.89650124,0.016052272,0.006663788,0.035825014
222,7,Rachel,I’m making him a,joy,"Sorry.
I’m so exited!
I’ve been waiting for this for months!
I got my hair coloured!
I got new sheets!
I’m making him a","Sorry.
I’m so exited!
I’ve been waiting for this for months!
I got my hair coloured!
I got new sheets!
I’m making him a",joy,3,3,joy,True,0.020256652,0.0062472546,0.0037797322,0.7699906,0.17179258,0.011558123,0.016375115
222,8,Rachel,What am I making him by the way?,neutral,"I’m so exited!
I’ve been waiting for this for months!
I got my hair coloured!
I got new sheets!
I’m making him a
What am I making him by the way?","I’m so exited!
I’ve been waiting for this for months!
I got my hair coloured!
I got new sheets!
I’m making him a
What am I making him by the way?",neutral,4,3,joy,False,0.06438012,0.0071846894,0.018521363,0.7776271,0.047150005,0.06063576,0.024500985
222,9,Monica,"Well, you’re making him a frieze salad with goat cheese and pine nuts, wild nuts, wild rice, roast asparagus, and salmon au croup.",neutral,"I’ve been waiting for this for months!
I got my hair coloured!
I got new sheets!
I’m making him a
What am I making him by the way?
Well, you’re making him a frieze salad with goat cheese and pine nuts, wild nuts, wild rice, roast asparagus, and salmon au croup.","I’ve been waiting for this for months!
I got my hair coloured!
I got new sheets!
I’m making him a
What am I making him by the way?
Well, you’re making him a frieze salad with goat cheese and pine nuts, wild nuts, wild rice, roast asparagus, and salmon au croup.",neutral,4,4,neutral,True,0.024053555,0.04105468,0.014219575,0.16755964,0.69028884,0.04821875,0.01460494
222,10,Rachel,I thought I was making him filet mignon?,surprise,"I got my hair coloured!
I got new sheets!
I’m making him a
What am I making him by the way?
Well, you’re making him a frieze salad with goat cheese and pine nuts, wild nuts, wild rice, roast asparagus, and salmon au croup.
I thought I was making him filet mignon?","I got my hair coloured!
I got new sheets!
I’m making him a
What am I making him by the way?
Well, you’re making him a frieze salad with goat cheese and pine nuts, wild nuts, wild rice, roast asparagus, and salmon au croup.
I thought I was making him filet mignon?",surprise,6,6,surprise,True,0.0116317365,0.009434089,0.013102824,0.06353339,0.40270746,0.016736414,0.48285416
222,11,Monica,"Yeah, you were, but you decided to make salmon because you had some left over at the restaurant.",neutral,"I got new sheets!
I’m making him a
What am I making him by the way?
Well, you’re making him a frieze salad with goat cheese and pine nuts, wild nuts, wild rice, roast asparagus, and salmon au croup.
I thought I was making him filet mignon?
Yeah, you were, but you decided to make salmon because you had some left over at the restaurant.","I got new sheets!
I’m making him a
What am I making him by the way?
Well, you’re making him a frieze salad with goat cheese and pine nuts, wild nuts, wild rice, roast asparagus, and salmon au croup.
I thought I was making him filet mignon?
Yeah, you were, but you decided to make salmon because you had some left over at the restaurant.",neutral,4,4,neutral,True,0.010168066,0.0060844724,0.0041558137,0.018540965,0.9479661,0.0061428198,0.006941701
222,12,Monica,"And then you realised if you  bitched about it, then you  would stop cooking, and you  would have to make your famous baked potato and Diet Coke.",anger,"I’m making him a
What am I making him by the way?
Well, you’re making him a frieze salad with goat cheese and pine nuts, wild nuts, wild rice, roast asparagus, and salmon au croup.
I thought I was making him filet mignon?
Yeah, you were, but you decided to make salmon because you had some left over at the restaurant.
And then you realised if you  bitched about it, then you  would stop cooking, and you  would have to make your famous baked potato and Diet Coke.","I’m making him a
What am I making him by the way?
Well, you’re making him a frieze salad with goat cheese and pine nuts, wild nuts, wild rice, roast asparagus, and salmon au croup.
I thought I was making him filet mignon?
Yeah, you were, but you decided to make salmon because you had some left over at the restaurant.
And then you realised if you  bitched about it, then you  would stop cooking, and you  would have to make your famous baked potato and Diet Coke.",anger,0,4,neutral,False,0.22439785,0.05357698,0.022496065,0.047633074,0.57320863,0.06671681,0.011970591
222,13,Rachel,"Wow, I really get crabby when I cook.",surprise,"What am I making him by the way?
Well, you’re making him a frieze salad with goat cheese and pine nuts, wild nuts, wild rice, roast asparagus, and salmon au croup.
I thought I was making him filet mignon?
Yeah, you were, but you decided to make salmon because you had some left over at the restaurant.
And then you realised if you  bitched about it, then you  would stop cooking, and you  would have to make your famous baked potato and Diet Coke.
Wow, I really get crabby when I cook.","What am I making him by the way?
Well, you’re making him a frieze salad with goat cheese and pine nuts, wild nuts, wild rice, roast asparagus, and salmon au croup.
I thought I was making him filet mignon?
Yeah, you were, but you decided to make salmon because you had some left over at the restaurant.
And then you realised if you  bitched about it, then you  would stop cooking, and you  would have to make your famous baked potato and Diet Coke.
Wow, I really get crabby when I cook.",surprise,6,1,disgust,False,0.026353026,0.4265909,0.043579523,0.15138361,0.11480439,0.085927665,0.15136096
223,5,Monica,Phoebe!,joy,"Chandler! It happens to lots of guys! You-you-you were probably tired, you had a lot of champagne, don’t worry about it!
I’m not worried, I’m uh, I’m fascinated.
Y’know it’s like uh, Biology!
Which is funny because in high school I uh, I-I failed Biology and tonight Biology failed me.
Check it out. Okay, I can play this when the guests are coming in. Okay.
Phoebe!","Chandler! It happens to lots of guys! You-you-you were probably tired, you had a lot of champagne, don’t worry about it!
I’m not worried, I’m uh, I’m fascinated.
Y’know it’s like uh, Biology!
Which is funny because in high school I uh, I-I failed Biology and tonight Biology failed me.
Check it out. Okay, I can play this when the guests are coming in. Okay.
Phoebe!",joy,3,3,joy,True,0.023404613,0.0026933765,0.0026685938,0.92174506,0.02319315,0.0051551345,0.021140097
223,6,Phoebe,"If you would’ve let me finish, it goes on to say that he’s probably not gay.",neutral,"I’m not worried, I’m uh, I’m fascinated.
Y’know it’s like uh, Biology!
Which is funny because in high school I uh, I-I failed Biology and tonight Biology failed me.
Check it out. Okay, I can play this when the guests are coming in. Okay.
Phoebe!
If you would’ve let me finish, it goes on to say that he’s probably not gay.","I’m not worried, I’m uh, I’m fascinated.
Y’know it’s like uh, Biology!
Which is funny because in high school I uh, I-I failed Biology and tonight Biology failed me.
Check it out. Okay, I can play this when the guests are coming in. Okay.
Phoebe!
If you would’ve let me finish, it goes on to say that he’s probably not gay.",neutral,4,4,neutral,True,0.025976516,0.0052882787,0.006655568,0.041259784,0.9023402,0.008031333,0.010448284
224,5,Hypnosis Tape,You don’t need to smoke.,neutral,"You are falling fast asleep.
Deeper.
Deeper.
Deeper.
You are now completely asleep.
You don’t need to smoke.","You are falling fast asleep.
Deeper.
Deeper.
Deeper.
You are now completely asleep.
You don’t need to smoke.",neutral,4,4,neutral,True,0.02911498,0.014489954,0.0070678033,0.023179214,0.9147242,0.007157185,0.00426674
224,6,Hypnosis Tape,Cigarettes don’t control you.,neutral,"Deeper.
Deeper.
Deeper.
You are now completely asleep.
You don’t need to smoke.
Cigarettes don’t control you.","Deeper.
Deeper.
Deeper.
You are now completely asleep.
You don’t need to smoke.
Cigarettes don’t control you.",neutral,4,0,anger,False,0.31054667,0.15812898,0.12254748,0.029964088,0.16411187,0.18949583,0.02520507
224,7,Hypnosis Tape,"You are a strong, confident woman, who does not need to smoke.",neutral,"Deeper.
Deeper.
You are now completely asleep.
You don’t need to smoke.
Cigarettes don’t control you.
You are a strong, confident woman, who does not need to smoke.","Deeper.
Deeper.
You are now completely asleep.
You don’t need to smoke.
Cigarettes don’t control you.
You are a strong, confident woman, who does not need to smoke.",neutral,4,4,neutral,True,0.14527112,0.017466072,0.01591909,0.08453209,0.7195031,0.011265268,0.0060432823
224,8,Hypnosis Tape,"A strong, confident woman.",neutral,"Deeper.
You are now completely asleep.
You don’t need to smoke.
Cigarettes don’t control you.
You are a strong, confident woman, who does not need to smoke.
A strong, confident woman.","Deeper.
You are now completely asleep.
You don’t need to smoke.
Cigarettes don’t control you.
You are a strong, confident woman, who does not need to smoke.
A strong, confident woman.",neutral,4,4,neutral,True,0.10166441,0.014574051,0.013219799,0.08875247,0.76432407,0.010352933,0.0071122237
225,5,Chandler,Okay. I just wanted them to hear it from somebody else.,neutral,"Thank you for your patience, you’re the next caller.
Yes!! Yes!! I’m the next caller! You were gonna have me hang up.
Hey! Can you take a duck and a chick to the theatre?
Of course not.
No.
Okay. I just wanted them to hear it from somebody else.","Thank you for your patience, you’re the next caller.
Yes!! Yes!! I’m the next caller! You were gonna have me hang up.
Hey! Can you take a duck and a chick to the theatre?
Of course not.
No.
Okay. I just wanted them to hear it from somebody else.",neutral,4,4,neutral,True,0.043203525,0.0060131266,0.0095217815,0.12128259,0.7976951,0.015897622,0.006386276
226,5,Rachel,So what are you saying.  I should run him under hot water and bang his head against a table?,surprise,"So how are things going with Paul?
Good.
Although y’know, he-he’s a private guy.
Y’know, I wish I could get him to open up a little bit, share some feelings.
That’s easy! You just have to think of him as a-as a jar of pickles that won’t open.
So what are you saying.  I should run him under hot water and bang his head against a table?","So how are things going with Paul?
Good.
Although y’know, he-he’s a private guy.
Y’know, I wish I could get him to open up a little bit, share some feelings.
That’s easy! You just have to think of him as a-as a jar of pickles that won’t open.
So what are you saying.  I should run him under hot water and bang his head against a table?",surprise,6,4,neutral,False,0.1667936,0.09022718,0.10354814,0.070782736,0.49297294,0.046836264,0.028839154
226,6,Phoebe,No that’s what you do when you want to get the truth out of someone.,neutral,"Good.
Although y’know, he-he’s a private guy.
Y’know, I wish I could get him to open up a little bit, share some feelings.
That’s easy! You just have to think of him as a-as a jar of pickles that won’t open.
So what are you saying.  I should run him under hot water and bang his head against a table?
No that’s what you do when you want to get the truth out of someone.","Good.
Although y’know, he-he’s a private guy.
Y’know, I wish I could get him to open up a little bit, share some feelings.
That’s easy! You just have to think of him as a-as a jar of pickles that won’t open.
So what are you saying.  I should run him under hot water and bang his head against a table?
No that’s what you do when you want to get the truth out of someone.",neutral,4,4,neutral,True,0.05177615,0.017081201,0.030016594,0.016578618,0.8487403,0.031068264,0.0047388594
226,7,Paul,Hi honey.,neutral,"Although y’know, he-he’s a private guy.
Y’know, I wish I could get him to open up a little bit, share some feelings.
That’s easy! You just have to think of him as a-as a jar of pickles that won’t open.
So what are you saying.  I should run him under hot water and bang his head against a table?
No that’s what you do when you want to get the truth out of someone.
Hi honey.","Although y’know, he-he’s a private guy.
Y’know, I wish I could get him to open up a little bit, share some feelings.
That’s easy! You just have to think of him as a-as a jar of pickles that won’t open.
So what are you saying.  I should run him under hot water and bang his head against a table?
No that’s what you do when you want to get the truth out of someone.
Hi honey.",neutral,4,3,joy,False,0.00881373,0.0028479125,0.0036115397,0.5771472,0.3838304,0.0115835015,0.012165784
226,8,Rachel,Hi!,joy,"Y’know, I wish I could get him to open up a little bit, share some feelings.
That’s easy! You just have to think of him as a-as a jar of pickles that won’t open.
So what are you saying.  I should run him under hot water and bang his head against a table?
No that’s what you do when you want to get the truth out of someone.
Hi honey.
Hi!","Y’know, I wish I could get him to open up a little bit, share some feelings.
That’s easy! You just have to think of him as a-as a jar of pickles that won’t open.
So what are you saying.  I should run him under hot water and bang his head against a table?
No that’s what you do when you want to get the truth out of someone.
Hi honey.
Hi!",joy,3,3,joy,True,0.009328069,0.0017246876,0.001499155,0.93945175,0.024995873,0.0041158586,0.01888457
228,5,Rachel,"Because, I don’t care.",neutral,"Remind me to review with you which pot is decaf and which is regular.
Can’t I just look at the handles on them?
You would think.
Okay, fine.
Gunther, y'know what, I am a terrible waitress, do you know why I’m a terrible waitress?
Because, I don’t care.","Remind me to review with you which pot is decaf and which is regular.
Can’t I just look at the handles on them?
You would think.
Okay, fine.
Gunther, y'know what, I am a terrible waitress, do you know why I’m a terrible waitress?
Because, I don’t care.",neutral,4,4,neutral,True,0.15204619,0.03795769,0.07056079,0.052412722,0.4831257,0.1952915,0.008605383
228,6,Rachel,I don’t care.,neutral,"Can’t I just look at the handles on them?
You would think.
Okay, fine.
Gunther, y'know what, I am a terrible waitress, do you know why I’m a terrible waitress?
Because, I don’t care.
I don’t care.","Can’t I just look at the handles on them?
You would think.
Okay, fine.
Gunther, y'know what, I am a terrible waitress, do you know why I’m a terrible waitress?
Because, I don’t care.
I don’t care.",neutral,4,0,anger,False,0.572774,0.051374424,0.09625534,0.023149392,0.098176904,0.1466209,0.011648995
228,7,Rachel,"I don’t care which pot is regular and which pot is decaf, I don’t care where the tray spot is, I just don’t care, this is not what I want to do.",anger,"You would think.
Okay, fine.
Gunther, y'know what, I am a terrible waitress, do you know why I’m a terrible waitress?
Because, I don’t care.
I don’t care.
I don’t care which pot is regular and which pot is decaf, I don’t care where the tray spot is, I just don’t care, this is not what I want to do.","You would think.
Okay, fine.
Gunther, y'know what, I am a terrible waitress, do you know why I’m a terrible waitress?
Because, I don’t care.
I don’t care.
I don’t care which pot is regular and which pot is decaf, I don’t care where the tray spot is, I just don’t care, this is not what I want to do.",anger,0,5,sadness,False,0.28951338,0.031611502,0.15291452,0.014805606,0.032776903,0.45811835,0.020259771
228,8,Rachel,So I don’t think I should do it anymore.,sadness,"Okay, fine.
Gunther, y'know what, I am a terrible waitress, do you know why I’m a terrible waitress?
Because, I don’t care.
I don’t care.
I don’t care which pot is regular and which pot is decaf, I don’t care where the tray spot is, I just don’t care, this is not what I want to do.
So I don’t think I should do it anymore.","Okay, fine.
Gunther, y'know what, I am a terrible waitress, do you know why I’m a terrible waitress?
Because, I don’t care.
I don’t care.
I don’t care which pot is regular and which pot is decaf, I don’t care where the tray spot is, I just don’t care, this is not what I want to do.
So I don’t think I should do it anymore.",sadness,5,5,sadness,True,0.08075926,0.014163205,0.08898415,0.03211921,0.03388044,0.73632824,0.013765464
228,9,Rachel,I’m gonna give you my weeks notice.,sadness,"Gunther, y'know what, I am a terrible waitress, do you know why I’m a terrible waitress?
Because, I don’t care.
I don’t care.
I don’t care which pot is regular and which pot is decaf, I don’t care where the tray spot is, I just don’t care, this is not what I want to do.
So I don’t think I should do it anymore.
I’m gonna give you my weeks notice.","Gunther, y'know what, I am a terrible waitress, do you know why I’m a terrible waitress?
Because, I don’t care.
I don’t care.
I don’t care which pot is regular and which pot is decaf, I don’t care where the tray spot is, I just don’t care, this is not what I want to do.
So I don’t think I should do it anymore.
I’m gonna give you my weeks notice.",sadness,5,4,neutral,False,0.032980166,0.0061208094,0.0074726217,0.092880026,0.8456958,0.011418745,0.003431818
228,10,Gunther,What?!,surprise,"Because, I don’t care.
I don’t care.
I don’t care which pot is regular and which pot is decaf, I don’t care where the tray spot is, I just don’t care, this is not what I want to do.
So I don’t think I should do it anymore.
I’m gonna give you my weeks notice.
What?!","Because, I don’t care.
I don’t care.
I don’t care which pot is regular and which pot is decaf, I don’t care where the tray spot is, I just don’t care, this is not what I want to do.
So I don’t think I should do it anymore.
I’m gonna give you my weeks notice.
What?!",surprise,6,6,surprise,True,0.006955022,0.004815628,0.0072419993,0.0075546857,0.015167693,0.008497863,0.9497671
228,11,Rachel,"Gunther, I quit.",sadness,"I don’t care.
I don’t care which pot is regular and which pot is decaf, I don’t care where the tray spot is, I just don’t care, this is not what I want to do.
So I don’t think I should do it anymore.
I’m gonna give you my weeks notice.
What?!
Gunther, I quit.","I don’t care.
I don’t care which pot is regular and which pot is decaf, I don’t care where the tray spot is, I just don’t care, this is not what I want to do.
So I don’t think I should do it anymore.
I’m gonna give you my weeks notice.
What?!
Gunther, I quit.",sadness,5,4,neutral,False,0.081772044,0.012263066,0.024918493,0.32931364,0.50124866,0.02802347,0.022460662
228,12,Chandler,Does this mean we’re gonna have to start paying for coffee?,surprise,"I don’t care which pot is regular and which pot is decaf, I don’t care where the tray spot is, I just don’t care, this is not what I want to do.
So I don’t think I should do it anymore.
I’m gonna give you my weeks notice.
What?!
Gunther, I quit.
Does this mean we’re gonna have to start paying for coffee?","I don’t care which pot is regular and which pot is decaf, I don’t care where the tray spot is, I just don’t care, this is not what I want to do.
So I don’t think I should do it anymore.
I’m gonna give you my weeks notice.
What?!
Gunther, I quit.
Does this mean we’re gonna have to start paying for coffee?",surprise,6,4,neutral,False,0.090768464,0.011222509,0.040859126,0.22798693,0.51910436,0.0755617,0.03449688
229,5,Joey,"Pretty cool, huh?",joy,"Ohh, I mean it’s just so realistic!
I know.  Yeah, his name is Pat.
Pat the dog. Oh! Oh! I get it!!
Do you uh, do you—ready for a refill?
Oh, I probably shouldn’t—so I will!  Oh! Wow! It’s like it’s raining!
Pretty cool, huh?","Ohh, I mean it’s just so realistic!
I know.  Yeah, his name is Pat.
Pat the dog. Oh! Oh! I get it!!
Do you uh, do you—ready for a refill?
Oh, I probably shouldn’t—so I will!  Oh! Wow! It’s like it’s raining!
Pretty cool, huh?",joy,3,3,joy,True,0.010707373,0.0025514765,0.001529304,0.9184873,0.03368842,0.004108495,0.02892764
229,6,Joey,"But if you’re thinking you can put a fish in there and it wouldn’t get sucked up into the mechanism, well you’d be wrong.",neutral,"I know.  Yeah, his name is Pat.
Pat the dog. Oh! Oh! I get it!!
Do you uh, do you—ready for a refill?
Oh, I probably shouldn’t—so I will!  Oh! Wow! It’s like it’s raining!
Pretty cool, huh?
But if you’re thinking you can put a fish in there and it wouldn’t get sucked up into the mechanism, well you’d be wrong.","I know.  Yeah, his name is Pat.
Pat the dog. Oh! Oh! I get it!!
Do you uh, do you—ready for a refill?
Oh, I probably shouldn’t—so I will!  Oh! Wow! It’s like it’s raining!
Pretty cool, huh?
But if you’re thinking you can put a fish in there and it wouldn’t get sucked up into the mechanism, well you’d be wrong.",neutral,4,4,neutral,True,0.0494135,0.0068831714,0.016074538,0.29431593,0.59976315,0.026511617,0.0070380634
229,7,Rachel,"Umm, can I use your bathroom?",neutral,"Pat the dog. Oh! Oh! I get it!!
Do you uh, do you—ready for a refill?
Oh, I probably shouldn’t—so I will!  Oh! Wow! It’s like it’s raining!
Pretty cool, huh?
But if you’re thinking you can put a fish in there and it wouldn’t get sucked up into the mechanism, well you’d be wrong.
Umm, can I use your bathroom?","Pat the dog. Oh! Oh! I get it!!
Do you uh, do you—ready for a refill?
Oh, I probably shouldn’t—so I will!  Oh! Wow! It’s like it’s raining!
Pretty cool, huh?
But if you’re thinking you can put a fish in there and it wouldn’t get sucked up into the mechanism, well you’d be wrong.
Umm, can I use your bathroom?",neutral,4,4,neutral,True,0.005387046,0.0028126317,0.00497575,0.021566153,0.9548781,0.006085687,0.0042945547
229,8,Joey,"It’s uh, right through there.",neutral,"Do you uh, do you—ready for a refill?
Oh, I probably shouldn’t—so I will!  Oh! Wow! It’s like it’s raining!
Pretty cool, huh?
But if you’re thinking you can put a fish in there and it wouldn’t get sucked up into the mechanism, well you’d be wrong.
Umm, can I use your bathroom?
It’s uh, right through there.","Do you uh, do you—ready for a refill?
Oh, I probably shouldn’t—so I will!  Oh! Wow! It’s like it’s raining!
Pretty cool, huh?
But if you’re thinking you can put a fish in there and it wouldn’t get sucked up into the mechanism, well you’d be wrong.
Umm, can I use your bathroom?
It’s uh, right through there.",neutral,4,4,neutral,True,0.0073593333,0.0031189711,0.0044171014,0.029185861,0.94992757,0.0032967038,0.0026943542
229,9,Rachel,"Okay.  God y’know, if someone told me a week ago that I would be peeing in Joey Tribbiani’s apartment",joy,"Oh, I probably shouldn’t—so I will!  Oh! Wow! It’s like it’s raining!
Pretty cool, huh?
But if you’re thinking you can put a fish in there and it wouldn’t get sucked up into the mechanism, well you’d be wrong.
Umm, can I use your bathroom?
It’s uh, right through there.
Okay.  God y’know, if someone told me a week ago that I would be peeing in Joey Tribbiani’s apartment","Oh, I probably shouldn’t—so I will!  Oh! Wow! It’s like it’s raining!
Pretty cool, huh?
But if you’re thinking you can put a fish in there and it wouldn’t get sucked up into the mechanism, well you’d be wrong.
Umm, can I use your bathroom?
It’s uh, right through there.
Okay.  God y’know, if someone told me a week ago that I would be peeing in Joey Tribbiani’s apartment",joy,3,4,neutral,False,0.08777153,0.050529685,0.122157395,0.0646682,0.57634443,0.077316105,0.021212598
229,10,Joey,"Yeah, life’s pretty great isn’t it?",joy,"Pretty cool, huh?
But if you’re thinking you can put a fish in there and it wouldn’t get sucked up into the mechanism, well you’d be wrong.
Umm, can I use your bathroom?
It’s uh, right through there.
Okay.  God y’know, if someone told me a week ago that I would be peeing in Joey Tribbiani’s apartment
Yeah, life’s pretty great isn’t it?","Pretty cool, huh?
But if you’re thinking you can put a fish in there and it wouldn’t get sucked up into the mechanism, well you’d be wrong.
Umm, can I use your bathroom?
It’s uh, right through there.
Okay.  God y’know, if someone told me a week ago that I would be peeing in Joey Tribbiani’s apartment
Yeah, life’s pretty great isn’t it?",joy,3,3,joy,True,0.04833812,0.016787298,0.010774647,0.70790356,0.10855712,0.08416761,0.023471683
230,5,Phoebe,What's goin' on?,neutral,"You know, I think I was sixteen.
Please, just a little bit off the back.
I'm still on ""no.""
Uh, morning. Do you guys think you could close your eyes for just a sec?
No-no-no-no-no,  I'm not fallin' for that again.
What's goin' on?","You know, I think I was sixteen.
Please, just a little bit off the back.
I'm still on ""no.""
Uh, morning. Do you guys think you could close your eyes for just a sec?
No-no-no-no-no,  I'm not fallin' for that again.
What's goin' on?",neutral,4,4,neutral,True,0.07339589,0.011601421,0.08743799,0.11510666,0.57322943,0.08972167,0.049506918
230,6,Rachel,"Well, I sorta did a stupid thing last night.",neutral,"Please, just a little bit off the back.
I'm still on ""no.""
Uh, morning. Do you guys think you could close your eyes for just a sec?
No-no-no-no-no,  I'm not fallin' for that again.
What's goin' on?
Well, I sorta did a stupid thing last night.","Please, just a little bit off the back.
I'm still on ""no.""
Uh, morning. Do you guys think you could close your eyes for just a sec?
No-no-no-no-no,  I'm not fallin' for that again.
What's goin' on?
Well, I sorta did a stupid thing last night.",neutral,4,1,disgust,False,0.15413666,0.283822,0.085652106,0.05633336,0.15653454,0.23714386,0.026377488
230,7,Chandler,What stupid thing did you do?,neutral,"I'm still on ""no.""
Uh, morning. Do you guys think you could close your eyes for just a sec?
No-no-no-no-no,  I'm not fallin' for that again.
What's goin' on?
Well, I sorta did a stupid thing last night.
What stupid thing did you do?","I'm still on ""no.""
Uh, morning. Do you guys think you could close your eyes for just a sec?
No-no-no-no-no,  I'm not fallin' for that again.
What's goin' on?
Well, I sorta did a stupid thing last night.
What stupid thing did you do?",neutral,4,6,surprise,False,0.26346916,0.05097769,0.03738549,0.03650834,0.04311096,0.034249295,0.534299
230,8,Phoebe,Ewww!,disgust,"Uh, morning. Do you guys think you could close your eyes for just a sec?
No-no-no-no-no,  I'm not fallin' for that again.
What's goin' on?
Well, I sorta did a stupid thing last night.
What stupid thing did you do?
Ewww!","Uh, morning. Do you guys think you could close your eyes for just a sec?
No-no-no-no-no,  I'm not fallin' for that again.
What's goin' on?
Well, I sorta did a stupid thing last night.
What stupid thing did you do?
Ewww!",disgust,1,1,disgust,True,0.073931195,0.43465114,0.09832795,0.081307486,0.050775982,0.12666124,0.13434498
231,5,Joey,Hey!,surprise,"I know.
See, yes.
That’s Yasmine Bleeth, she’s a completely different kind of chick.
I love you both.
But in very different ways.
Hey!","I know.
See, yes.
That’s Yasmine Bleeth, she’s a completely different kind of chick.
I love you both.
But in very different ways.
Hey!",surprise,6,3,joy,False,0.032869905,0.0041248435,0.0023087852,0.72895324,0.03021778,0.005347773,0.19617768
231,6,Chandler,Hey!,surprise,"See, yes.
That’s Yasmine Bleeth, she’s a completely different kind of chick.
I love you both.
But in very different ways.
Hey!
Hey!","See, yes.
That’s Yasmine Bleeth, she’s a completely different kind of chick.
I love you both.
But in very different ways.
Hey!
Hey!",surprise,6,3,joy,False,0.0327846,0.0042278445,0.002367335,0.7547183,0.031043565,0.0050989096,0.16975947
231,7,Chandler,"I did! But the store wouldn’t take her back! So then I took her to the shelter, and you know what I found out?",anger,"That’s Yasmine Bleeth, she’s a completely different kind of chick.
I love you both.
But in very different ways.
Hey!
Hey!
I did! But the store wouldn’t take her back! So then I took her to the shelter, and you know what I found out?","That’s Yasmine Bleeth, she’s a completely different kind of chick.
I love you both.
But in very different ways.
Hey!
Hey!
I did! But the store wouldn’t take her back! So then I took her to the shelter, and you know what I found out?",anger,0,4,neutral,False,0.23544355,0.015135154,0.085330084,0.044371273,0.41164854,0.052749205,0.15532218
231,8,Chandler,"If they can’t find a home for her, they kill her! And I’m not gonna let that happen to little Yasmine!",anger,"I love you both.
But in very different ways.
Hey!
Hey!
I did! But the store wouldn’t take her back! So then I took her to the shelter, and you know what I found out?
If they can’t find a home for her, they kill her! And I’m not gonna let that happen to little Yasmine!","I love you both.
But in very different ways.
Hey!
Hey!
I did! But the store wouldn’t take her back! So then I took her to the shelter, and you know what I found out?
If they can’t find a home for her, they kill her! And I’m not gonna let that happen to little Yasmine!",anger,0,0,anger,True,0.78150135,0.012399692,0.05793618,0.022992443,0.0288618,0.08916602,0.0071424744
231,9,Joey,"Okay, good, good, good, ‘cause, good, ‘cause I was kinda having second thoughts too.",fear,"But in very different ways.
Hey!
Hey!
I did! But the store wouldn’t take her back! So then I took her to the shelter, and you know what I found out?
If they can’t find a home for her, they kill her! And I’m not gonna let that happen to little Yasmine!
Okay, good, good, good, ‘cause, good, ‘cause I was kinda having second thoughts too.","But in very different ways.
Hey!
Hey!
I did! But the store wouldn’t take her back! So then I took her to the shelter, and you know what I found out?
If they can’t find a home for her, they kill her! And I’m not gonna let that happen to little Yasmine!
Okay, good, good, good, ‘cause, good, ‘cause I was kinda having second thoughts too.",fear,2,3,joy,False,0.061879776,0.041636627,0.038983084,0.4150743,0.24725342,0.18316299,0.012009845
231,10,Chandler,Okay. And it’s not just chicks y'know? It’s all kinds of other animals!,disgust,"Hey!
Hey!
I did! But the store wouldn’t take her back! So then I took her to the shelter, and you know what I found out?
If they can’t find a home for her, they kill her! And I’m not gonna let that happen to little Yasmine!
Okay, good, good, good, ‘cause, good, ‘cause I was kinda having second thoughts too.
Okay. And it’s not just chicks y'know? It’s all kinds of other animals!","Hey!
Hey!
I did! But the store wouldn’t take her back! So then I took her to the shelter, and you know what I found out?
If they can’t find a home for her, they kill her! And I’m not gonna let that happen to little Yasmine!
Okay, good, good, good, ‘cause, good, ‘cause I was kinda having second thoughts too.
Okay. And it’s not just chicks y'know? It’s all kinds of other animals!",disgust,1,0,anger,False,0.7385739,0.056278903,0.05986227,0.024545891,0.0206495,0.044963427,0.055126067
231,11,Joey,"That’s horrible! Well, you did the right thing man.",disgust,"Hey!
I did! But the store wouldn’t take her back! So then I took her to the shelter, and you know what I found out?
If they can’t find a home for her, they kill her! And I’m not gonna let that happen to little Yasmine!
Okay, good, good, good, ‘cause, good, ‘cause I was kinda having second thoughts too.
Okay. And it’s not just chicks y'know? It’s all kinds of other animals!
That’s horrible! Well, you did the right thing man.","Hey!
I did! But the store wouldn’t take her back! So then I took her to the shelter, and you know what I found out?
If they can’t find a home for her, they kill her! And I’m not gonna let that happen to little Yasmine!
Okay, good, good, good, ‘cause, good, ‘cause I was kinda having second thoughts too.
Okay. And it’s not just chicks y'know? It’s all kinds of other animals!
That’s horrible! Well, you did the right thing man.",disgust,1,0,anger,False,0.3797804,0.04529469,0.049497735,0.08320232,0.09943363,0.33261788,0.010173298
231,12,Chandler,"Thanks, I’m glad you see it that way.",joy,"I did! But the store wouldn’t take her back! So then I took her to the shelter, and you know what I found out?
If they can’t find a home for her, they kill her! And I’m not gonna let that happen to little Yasmine!
Okay, good, good, good, ‘cause, good, ‘cause I was kinda having second thoughts too.
Okay. And it’s not just chicks y'know? It’s all kinds of other animals!
That’s horrible! Well, you did the right thing man.
Thanks, I’m glad you see it that way.","I did! But the store wouldn’t take her back! So then I took her to the shelter, and you know what I found out?
If they can’t find a home for her, they kill her! And I’m not gonna let that happen to little Yasmine!
Okay, good, good, good, ‘cause, good, ‘cause I was kinda having second thoughts too.
Okay. And it’s not just chicks y'know? It’s all kinds of other animals!
That’s horrible! Well, you did the right thing man.
Thanks, I’m glad you see it that way.",joy,3,3,joy,True,0.018941134,0.008335029,0.013489371,0.6461742,0.047640897,0.24967958,0.015739769
231,13,Chandler,"Ohhh-hoo, funny story!",joy,"If they can’t find a home for her, they kill her! And I’m not gonna let that happen to little Yasmine!
Okay, good, good, good, ‘cause, good, ‘cause I was kinda having second thoughts too.
Okay. And it’s not just chicks y'know? It’s all kinds of other animals!
That’s horrible! Well, you did the right thing man.
Thanks, I’m glad you see it that way.
Ohhh-hoo, funny story!","If they can’t find a home for her, they kill her! And I’m not gonna let that happen to little Yasmine!
Okay, good, good, good, ‘cause, good, ‘cause I was kinda having second thoughts too.
Okay. And it’s not just chicks y'know? It’s all kinds of other animals!
That’s horrible! Well, you did the right thing man.
Thanks, I’m glad you see it that way.
Ohhh-hoo, funny story!",joy,3,3,joy,True,0.009692448,0.005382981,0.0032297533,0.92304873,0.021671103,0.008074018,0.028901035
232,5,Rachel,I don’t care! I wanna meet this guy who's the best sex she ever had!,joy,"So Chandler, have you heard about Monica's secret boyfriend?
Uhh, yeah. She uh, she uh, she uh might've mentioned him.
So Mon, when are we gonna meet this new secret waiter man?
Ohh, he's really shy. I-I don’t think he's up to meeting everyone yet.
Yeah, I don't think he's up to meeting everyone yet.
I don’t care! I wanna meet this guy who's the best sex she ever had!","So Chandler, have you heard about Monica's secret boyfriend?
Uhh, yeah. She uh, she uh, she uh might've mentioned him.
So Mon, when are we gonna meet this new secret waiter man?
Ohh, he's really shy. I-I don’t think he's up to meeting everyone yet.
Yeah, I don't think he's up to meeting everyone yet.
I don’t care! I wanna meet this guy who's the best sex she ever had!",joy,3,3,joy,True,0.06583168,0.0088028,0.0062500597,0.8390636,0.024000328,0.008930431,0.04712114
232,6,Chandler,Really?! That's what you heard?  You said that?,surprise,"Uhh, yeah. She uh, she uh, she uh might've mentioned him.
So Mon, when are we gonna meet this new secret waiter man?
Ohh, he's really shy. I-I don’t think he's up to meeting everyone yet.
Yeah, I don't think he's up to meeting everyone yet.
I don’t care! I wanna meet this guy who's the best sex she ever had!
Really?! That's what you heard?  You said that?","Uhh, yeah. She uh, she uh, she uh might've mentioned him.
So Mon, when are we gonna meet this new secret waiter man?
Ohh, he's really shy. I-I don’t think he's up to meeting everyone yet.
Yeah, I don't think he's up to meeting everyone yet.
I don’t care! I wanna meet this guy who's the best sex she ever had!
Really?! That's what you heard?  You said that?",surprise,6,6,surprise,True,0.0041634864,0.003777145,0.003823995,0.011651581,0.01679975,0.004532503,0.9552515
232,7,Monica,I might've said that.  Why is that funny?,neutral,"So Mon, when are we gonna meet this new secret waiter man?
Ohh, he's really shy. I-I don’t think he's up to meeting everyone yet.
Yeah, I don't think he's up to meeting everyone yet.
I don’t care! I wanna meet this guy who's the best sex she ever had!
Really?! That's what you heard?  You said that?
I might've said that.  Why is that funny?","So Mon, when are we gonna meet this new secret waiter man?
Ohh, he's really shy. I-I don’t think he's up to meeting everyone yet.
Yeah, I don't think he's up to meeting everyone yet.
I don’t care! I wanna meet this guy who's the best sex she ever had!
Really?! That's what you heard?  You said that?
I might've said that.  Why is that funny?",neutral,4,6,surprise,False,0.017684724,0.018523404,0.015624744,0.14210346,0.15246847,0.022162233,0.631433
232,8,Chandler,Because I'm very happy for him!  And,joy,"Ohh, he's really shy. I-I don’t think he's up to meeting everyone yet.
Yeah, I don't think he's up to meeting everyone yet.
I don’t care! I wanna meet this guy who's the best sex she ever had!
Really?! That's what you heard?  You said that?
I might've said that.  Why is that funny?
Because I'm very happy for him!  And","Ohh, he's really shy. I-I don’t think he's up to meeting everyone yet.
Yeah, I don't think he's up to meeting everyone yet.
I don’t care! I wanna meet this guy who's the best sex she ever had!
Really?! That's what you heard?  You said that?
I might've said that.  Why is that funny?
Because I'm very happy for him!  And",joy,3,3,joy,True,0.059004992,0.0068914285,0.0064325323,0.8101983,0.060159463,0.047469314,0.009843873
232,9,Ross,Hi!,sadness,"Yeah, I don't think he's up to meeting everyone yet.
I don’t care! I wanna meet this guy who's the best sex she ever had!
Really?! That's what you heard?  You said that?
I might've said that.  Why is that funny?
Because I'm very happy for him!  And
Hi!","Yeah, I don't think he's up to meeting everyone yet.
I don’t care! I wanna meet this guy who's the best sex she ever had!
Really?! That's what you heard?  You said that?
I might've said that.  Why is that funny?
Because I'm very happy for him!  And
Hi!",sadness,5,3,joy,False,0.011332612,0.0016106572,0.0012374945,0.9558756,0.016823962,0.004106536,0.009013179
233,5,Rachel,"Oh, it's so much more fun with you.",joy,"Did you get all this stuff for Joey to try and drive me out of the apartment?
Honey, if you wanted to do that, you might as well just gotten him a fish, you know how fish freaked me out!
Fish!
It wouldn't have mattered anyway, Phoebe, you and I are, are gonna live together, we're roommates; that's the deal.
Yes, but I wanted you to want to live with me, but okay, if you're having so much fun over here
Oh, it's so much more fun with you.","Did you get all this stuff for Joey to try and drive me out of the apartment?
Honey, if you wanted to do that, you might as well just gotten him a fish, you know how fish freaked me out!
Fish!
It wouldn't have mattered anyway, Phoebe, you and I are, are gonna live together, we're roommates; that's the deal.
Yes, but I wanted you to want to live with me, but okay, if you're having so much fun over here
Oh, it's so much more fun with you.",joy,3,3,joy,True,0.0102511,0.0050156633,0.0022200947,0.94266784,0.016134867,0.011647896,0.012062495
233,6,Phoebe,"We did have fun, didn't we?",joy,"Honey, if you wanted to do that, you might as well just gotten him a fish, you know how fish freaked me out!
Fish!
It wouldn't have mattered anyway, Phoebe, you and I are, are gonna live together, we're roommates; that's the deal.
Yes, but I wanted you to want to live with me, but okay, if you're having so much fun over here
Oh, it's so much more fun with you.
We did have fun, didn't we?","Honey, if you wanted to do that, you might as well just gotten him a fish, you know how fish freaked me out!
Fish!
It wouldn't have mattered anyway, Phoebe, you and I are, are gonna live together, we're roommates; that's the deal.
Yes, but I wanted you to want to live with me, but okay, if you're having so much fun over here
Oh, it's so much more fun with you.
We did have fun, didn't we?",joy,3,3,joy,True,0.015025952,0.0045955763,0.0037192286,0.86207956,0.078356445,0.016399123,0.019824224
233,7,Rachel,We did!,joy,"Fish!
It wouldn't have mattered anyway, Phoebe, you and I are, are gonna live together, we're roommates; that's the deal.
Yes, but I wanted you to want to live with me, but okay, if you're having so much fun over here
Oh, it's so much more fun with you.
We did have fun, didn't we?
We did!","Fish!
It wouldn't have mattered anyway, Phoebe, you and I are, are gonna live together, we're roommates; that's the deal.
Yes, but I wanted you to want to live with me, but okay, if you're having so much fun over here
Oh, it's so much more fun with you.
We did have fun, didn't we?
We did!",joy,3,3,joy,True,0.012178705,0.0018069481,0.0013352773,0.9561072,0.012342015,0.004406852,0.011823063
233,8,Phoebe,"Oh, anyway, they say, if we want, we can see it tonight.",neutral,"It wouldn't have mattered anyway, Phoebe, you and I are, are gonna live together, we're roommates; that's the deal.
Yes, but I wanted you to want to live with me, but okay, if you're having so much fun over here
Oh, it's so much more fun with you.
We did have fun, didn't we?
We did!
Oh, anyway, they say, if we want, we can see it tonight.","It wouldn't have mattered anyway, Phoebe, you and I are, are gonna live together, we're roommates; that's the deal.
Yes, but I wanted you to want to live with me, but okay, if you're having so much fun over here
Oh, it's so much more fun with you.
We did have fun, didn't we?
We did!
Oh, anyway, they say, if we want, we can see it tonight.",neutral,4,4,neutral,True,0.011109924,0.00434639,0.0044520544,0.21668544,0.7473615,0.009768565,0.006276138
233,9,Rachel,"Oh, I would love to!",joy,"Yes, but I wanted you to want to live with me, but okay, if you're having so much fun over here
Oh, it's so much more fun with you.
We did have fun, didn't we?
We did!
Oh, anyway, they say, if we want, we can see it tonight.
Oh, I would love to!","Yes, but I wanted you to want to live with me, but okay, if you're having so much fun over here
Oh, it's so much more fun with you.
We did have fun, didn't we?
We did!
Oh, anyway, they say, if we want, we can see it tonight.
Oh, I would love to!",joy,3,3,joy,True,0.008910367,0.0045032483,0.0030591425,0.90307903,0.02596599,0.0061654095,0.04831686
233,10,Phoebe,"Yay, okay!",joy,"Oh, it's so much more fun with you.
We did have fun, didn't we?
We did!
Oh, anyway, they say, if we want, we can see it tonight.
Oh, I would love to!
Yay, okay!","Oh, it's so much more fun with you.
We did have fun, didn't we?
We did!
Oh, anyway, they say, if we want, we can see it tonight.
Oh, I would love to!
Yay, okay!",joy,3,3,joy,True,0.00919569,0.002053389,0.0019164485,0.95283514,0.019393884,0.0050387215,0.009566674
233,11,Rachel,"Good, good, good, good, good.",joy,"We did have fun, didn't we?
We did!
Oh, anyway, they say, if we want, we can see it tonight.
Oh, I would love to!
Yay, okay!
Good, good, good, good, good.","We did have fun, didn't we?
We did!
Oh, anyway, they say, if we want, we can see it tonight.
Oh, I would love to!
Yay, okay!
Good, good, good, good, good.",joy,3,3,joy,True,0.017294118,0.003687774,0.0037053567,0.9104595,0.049962897,0.009303773,0.00558651
233,12,Phoebe,"Great, all right, okay, and Monica ask me to make the drumming stop.",neutral,"We did!
Oh, anyway, they say, if we want, we can see it tonight.
Oh, I would love to!
Yay, okay!
Good, good, good, good, good.
Great, all right, okay, and Monica ask me to make the drumming stop.","We did!
Oh, anyway, they say, if we want, we can see it tonight.
Oh, I would love to!
Yay, okay!
Good, good, good, good, good.
Great, all right, okay, and Monica ask me to make the drumming stop.",neutral,4,4,neutral,True,0.011694249,0.0032594623,0.0069971876,0.17316076,0.7852533,0.00945936,0.01017567
233,13,Rachel,Um...  Done!,neutral,"Oh, anyway, they say, if we want, we can see it tonight.
Oh, I would love to!
Yay, okay!
Good, good, good, good, good.
Great, all right, okay, and Monica ask me to make the drumming stop.
Um...  Done!","Oh, anyway, they say, if we want, we can see it tonight.
Oh, I would love to!
Yay, okay!
Good, good, good, good, good.
Great, all right, okay, and Monica ask me to make the drumming stop.
Um...  Done!",neutral,4,3,joy,False,0.029962612,0.003188537,0.004329945,0.83207834,0.1125816,0.005958321,0.011900668
234,5,Tommy,"You were gonna spill hot coffee all over me, huh?!!",anger,"Okay, it’s coffee.
Ice coffee? Tell me it’s ice coffee!
It’s-it’s hot
Hot coffee!!!
You idiot!!
You were gonna spill hot coffee all over me, huh?!!","Okay, it’s coffee.
Ice coffee? Tell me it’s ice coffee!
It’s-it’s hot
Hot coffee!!!
You idiot!!
You were gonna spill hot coffee all over me, huh?!!",anger,0,6,surprise,False,0.31123206,0.06589761,0.028868174,0.063918516,0.013912502,0.029607324,0.4865638
234,6,Tommy,"What are you just some big, dumb, stupid, doofy idiot, with a doofy idiot hairdo, huh?!",anger,"Ice coffee? Tell me it’s ice coffee!
It’s-it’s hot
Hot coffee!!!
You idiot!!
You were gonna spill hot coffee all over me, huh?!!
What are you just some big, dumb, stupid, doofy idiot, with a doofy idiot hairdo, huh?!","Ice coffee? Tell me it’s ice coffee!
It’s-it’s hot
Hot coffee!!!
You idiot!!
You were gonna spill hot coffee all over me, huh?!!
What are you just some big, dumb, stupid, doofy idiot, with a doofy idiot hairdo, huh?!",anger,0,6,surprise,False,0.11238519,0.037796553,0.016232818,0.043459672,0.017733935,0.022282928,0.75010884
234,7,Tommy,Huh?,anger,"It’s-it’s hot
Hot coffee!!!
You idiot!!
You were gonna spill hot coffee all over me, huh?!!
What are you just some big, dumb, stupid, doofy idiot, with a doofy idiot hairdo, huh?!
Huh?","It’s-it’s hot
Hot coffee!!!
You idiot!!
You were gonna spill hot coffee all over me, huh?!!
What are you just some big, dumb, stupid, doofy idiot, with a doofy idiot hairdo, huh?!
Huh?",anger,0,6,surprise,False,0.008804579,0.007570132,0.008547431,0.021380084,0.034846596,0.0068143266,0.9120369
234,8,Rachel,What’s your favourite thing about summertime?,neutral,"Hot coffee!!!
You idiot!!
You were gonna spill hot coffee all over me, huh?!!
What are you just some big, dumb, stupid, doofy idiot, with a doofy idiot hairdo, huh?!
Huh?
What’s your favourite thing about summertime?","Hot coffee!!!
You idiot!!
You were gonna spill hot coffee all over me, huh?!!
What are you just some big, dumb, stupid, doofy idiot, with a doofy idiot hairdo, huh?!
Huh?
What’s your favourite thing about summertime?",neutral,4,4,neutral,True,0.030814413,0.01899335,0.0140145235,0.21033001,0.64479786,0.04779725,0.03325259
234,9,Monica,"Umm, going to the beach. When it stays light real late.",neutral,"You idiot!!
You were gonna spill hot coffee all over me, huh?!!
What are you just some big, dumb, stupid, doofy idiot, with a doofy idiot hairdo, huh?!
Huh?
What’s your favourite thing about summertime?
Umm, going to the beach. When it stays light real late.","You idiot!!
You were gonna spill hot coffee all over me, huh?!!
What are you just some big, dumb, stupid, doofy idiot, with a doofy idiot hairdo, huh?!
Huh?
What’s your favourite thing about summertime?
Umm, going to the beach. When it stays light real late.",neutral,4,4,neutral,True,0.009308586,0.0031473665,0.002974569,0.014587425,0.965511,0.0027318497,0.0017392627
234,10,Rachel,Yeah,neutral,"You were gonna spill hot coffee all over me, huh?!!
What are you just some big, dumb, stupid, doofy idiot, with a doofy idiot hairdo, huh?!
Huh?
What’s your favourite thing about summertime?
Umm, going to the beach. When it stays light real late.
Yeah","You were gonna spill hot coffee all over me, huh?!!
What are you just some big, dumb, stupid, doofy idiot, with a doofy idiot hairdo, huh?!
Huh?
What’s your favourite thing about summertime?
Umm, going to the beach. When it stays light real late.
Yeah",neutral,4,4,neutral,True,0.004044026,0.002022693,0.0035439527,0.032689743,0.95164275,0.0028783788,0.003178403
234,11,Tommy,Hey!,surprise,"What are you just some big, dumb, stupid, doofy idiot, with a doofy idiot hairdo, huh?!
Huh?
What’s your favourite thing about summertime?
Umm, going to the beach. When it stays light real late.
Yeah
Hey!","What are you just some big, dumb, stupid, doofy idiot, with a doofy idiot hairdo, huh?!
Huh?
What’s your favourite thing about summertime?
Umm, going to the beach. When it stays light real late.
Yeah
Hey!",surprise,6,3,joy,False,0.046497777,0.004359095,0.0032840269,0.78704166,0.026186291,0.0051597706,0.1274714
234,12,Rachel,"Tommyyyy! Say, what’s your favourite thing about summer?",joy,"Huh?
What’s your favourite thing about summertime?
Umm, going to the beach. When it stays light real late.
Yeah
Hey!
Tommyyyy! Say, what’s your favourite thing about summer?","Huh?
What’s your favourite thing about summertime?
Umm, going to the beach. When it stays light real late.
Yeah
Hey!
Tommyyyy! Say, what’s your favourite thing about summer?",joy,3,3,joy,True,0.013773938,0.008412729,0.008461971,0.40076497,0.36862066,0.009465313,0.19050041
234,13,Tommy,"Ooh, I don’t know. Probably the smell of freshly cut grass.",neutral,"What’s your favourite thing about summertime?
Umm, going to the beach. When it stays light real late.
Yeah
Hey!
Tommyyyy! Say, what’s your favourite thing about summer?
Ooh, I don’t know. Probably the smell of freshly cut grass.","What’s your favourite thing about summertime?
Umm, going to the beach. When it stays light real late.
Yeah
Hey!
Tommyyyy! Say, what’s your favourite thing about summer?
Ooh, I don’t know. Probably the smell of freshly cut grass.",neutral,4,4,neutral,True,0.0064350124,0.011585775,0.011102684,0.024535472,0.92813474,0.008712835,0.009493359
234,14,Chandler,"Ohh, that’s a good one.",joy,"Umm, going to the beach. When it stays light real late.
Yeah
Hey!
Tommyyyy! Say, what’s your favourite thing about summer?
Ooh, I don’t know. Probably the smell of freshly cut grass.
Ohh, that’s a good one.","Umm, going to the beach. When it stays light real late.
Yeah
Hey!
Tommyyyy! Say, what’s your favourite thing about summer?
Ooh, I don’t know. Probably the smell of freshly cut grass.
Ohh, that’s a good one.",joy,3,4,neutral,False,0.005088552,0.00985554,0.008141098,0.13016596,0.8189072,0.006892504,0.020949187
237,5,Chandler,"Eight and a half hours of aptitude tests, intelligence tests, personality tests... and what do I learn?",disgust,"Is it better than the other salmon mousse?
It's creamier.
Yeah, well, is that
I don't know. We're talking about whipped fish, Monica. I'm just happy I'm keeping it down, y'know?
My God! What happened to you?
Eight and a half hours of aptitude tests, intelligence tests, personality tests... and what do I learn?","Is it better than the other salmon mousse?
It's creamier.
Yeah, well, is that
I don't know. We're talking about whipped fish, Monica. I'm just happy I'm keeping it down, y'know?
My God! What happened to you?
Eight and a half hours of aptitude tests, intelligence tests, personality tests... and what do I learn?",disgust,1,4,neutral,False,0.042756595,0.0072213607,0.04869323,0.093745396,0.6401195,0.040549304,0.12691458
237,6,Chandler,"""You are ideally suited for a career in data processing for a large multinational corporation.""",anger,"It's creamier.
Yeah, well, is that
I don't know. We're talking about whipped fish, Monica. I'm just happy I'm keeping it down, y'know?
My God! What happened to you?
Eight and a half hours of aptitude tests, intelligence tests, personality tests... and what do I learn?
""You are ideally suited for a career in data processing for a large multinational corporation.""","It's creamier.
Yeah, well, is that
I don't know. We're talking about whipped fish, Monica. I'm just happy I'm keeping it down, y'know?
My God! What happened to you?
Eight and a half hours of aptitude tests, intelligence tests, personality tests... and what do I learn?
""You are ideally suited for a career in data processing for a large multinational corporation.""",anger,0,4,neutral,False,0.05675467,0.014022184,0.0068740332,0.21450722,0.681268,0.011790511,0.014783376
237,7,Phoebe,That's so great! 'Cause you already know how to do that!,joy,"Yeah, well, is that
I don't know. We're talking about whipped fish, Monica. I'm just happy I'm keeping it down, y'know?
My God! What happened to you?
Eight and a half hours of aptitude tests, intelligence tests, personality tests... and what do I learn?
""You are ideally suited for a career in data processing for a large multinational corporation.""
That's so great! 'Cause you already know how to do that!","Yeah, well, is that
I don't know. We're talking about whipped fish, Monica. I'm just happy I'm keeping it down, y'know?
My God! What happened to you?
Eight and a half hours of aptitude tests, intelligence tests, personality tests... and what do I learn?
""You are ideally suited for a career in data processing for a large multinational corporation.""
That's so great! 'Cause you already know how to do that!",joy,3,3,joy,True,0.009770713,0.002671112,0.001353644,0.9515709,0.010069756,0.0049031232,0.019660668
237,8,Chandler,"Can you believe it? I mean, don't I seem like somebody who should be doing something really",anger,"I don't know. We're talking about whipped fish, Monica. I'm just happy I'm keeping it down, y'know?
My God! What happened to you?
Eight and a half hours of aptitude tests, intelligence tests, personality tests... and what do I learn?
""You are ideally suited for a career in data processing for a large multinational corporation.""
That's so great! 'Cause you already know how to do that!
Can you believe it? I mean, don't I seem like somebody who should be doing something really","I don't know. We're talking about whipped fish, Monica. I'm just happy I'm keeping it down, y'know?
My God! What happened to you?
Eight and a half hours of aptitude tests, intelligence tests, personality tests... and what do I learn?
""You are ideally suited for a career in data processing for a large multinational corporation.""
That's so great! 'Cause you already know how to do that!
Can you believe it? I mean, don't I seem like somebody who should be doing something really",anger,0,4,neutral,False,0.20275417,0.072719514,0.15887368,0.11615858,0.24762823,0.1493606,0.05250524
237,9,Rachel,"Oh Chandler, I know, I know... oh, hey! You can see your nipples through this shirt!",sadness,"My God! What happened to you?
Eight and a half hours of aptitude tests, intelligence tests, personality tests... and what do I learn?
""You are ideally suited for a career in data processing for a large multinational corporation.""
That's so great! 'Cause you already know how to do that!
Can you believe it? I mean, don't I seem like somebody who should be doing something really
Oh Chandler, I know, I know... oh, hey! You can see your nipples through this shirt!","My God! What happened to you?
Eight and a half hours of aptitude tests, intelligence tests, personality tests... and what do I learn?
""You are ideally suited for a career in data processing for a large multinational corporation.""
That's so great! 'Cause you already know how to do that!
Can you believe it? I mean, don't I seem like somebody who should be doing something really
Oh Chandler, I know, I know... oh, hey! You can see your nipples through this shirt!",sadness,5,3,joy,False,0.025906403,0.009950198,0.0032948847,0.472542,0.012032061,0.006525608,0.46974882
237,10,Monica,"Here you go, maybe this'll cheer you up.",joy,"Eight and a half hours of aptitude tests, intelligence tests, personality tests... and what do I learn?
""You are ideally suited for a career in data processing for a large multinational corporation.""
That's so great! 'Cause you already know how to do that!
Can you believe it? I mean, don't I seem like somebody who should be doing something really
Oh Chandler, I know, I know... oh, hey! You can see your nipples through this shirt!
Here you go, maybe this'll cheer you up.","Eight and a half hours of aptitude tests, intelligence tests, personality tests... and what do I learn?
""You are ideally suited for a career in data processing for a large multinational corporation.""
That's so great! 'Cause you already know how to do that!
Can you believe it? I mean, don't I seem like somebody who should be doing something really
Oh Chandler, I know, I know... oh, hey! You can see your nipples through this shirt!
Here you go, maybe this'll cheer you up.",joy,3,3,joy,True,0.014368093,0.00763078,0.0052723284,0.63505596,0.29173535,0.0076978495,0.038239613
237,11,Chandler,"Ooh, you know, I had a grape about five hours ago, so I'd better split this with you.",neutral,"""You are ideally suited for a career in data processing for a large multinational corporation.""
That's so great! 'Cause you already know how to do that!
Can you believe it? I mean, don't I seem like somebody who should be doing something really
Oh Chandler, I know, I know... oh, hey! You can see your nipples through this shirt!
Here you go, maybe this'll cheer you up.
Ooh, you know, I had a grape about five hours ago, so I'd better split this with you.","""You are ideally suited for a career in data processing for a large multinational corporation.""
That's so great! 'Cause you already know how to do that!
Can you believe it? I mean, don't I seem like somebody who should be doing something really
Oh Chandler, I know, I know... oh, hey! You can see your nipples through this shirt!
Here you go, maybe this'll cheer you up.
Ooh, you know, I had a grape about five hours ago, so I'd better split this with you.",neutral,4,4,neutral,True,0.015607395,0.010538574,0.011306784,0.21506467,0.7244597,0.013026583,0.009996332
239,5,Woman,Ginger.,neutral,"Someone in there?
No. This is just part of a dare devil game that I play called ‘wait until the last moment before I burst and die.’
Jeez, man did you fall.. Hi! So ah, did ya, did-did-did ya fall high?
Someone was in the lady's room, I couldn’t wait. I left the lid up for ya though.
Y'know what Gunther, go ah, go ahead, I’m-I’m talking to ah, .  This is the part where you say your name.
Ginger.","Someone in there?
No. This is just part of a dare devil game that I play called ‘wait until the last moment before I burst and die.’
Jeez, man did you fall.. Hi! So ah, did ya, did-did-did ya fall high?
Someone was in the lady's room, I couldn’t wait. I left the lid up for ya though.
Y'know what Gunther, go ah, go ahead, I’m-I’m talking to ah, .  This is the part where you say your name.
Ginger.",neutral,4,4,neutral,True,0.00506976,0.0040228623,0.0039072903,0.021573057,0.95828694,0.004797614,0.0023425594
239,6,Chandler,"Ginger. I’m talking to Ginger, so....",neutral,"No. This is just part of a dare devil game that I play called ‘wait until the last moment before I burst and die.’
Jeez, man did you fall.. Hi! So ah, did ya, did-did-did ya fall high?
Someone was in the lady's room, I couldn’t wait. I left the lid up for ya though.
Y'know what Gunther, go ah, go ahead, I’m-I’m talking to ah, .  This is the part where you say your name.
Ginger.
Ginger. I’m talking to Ginger, so....","No. This is just part of a dare devil game that I play called ‘wait until the last moment before I burst and die.’
Jeez, man did you fall.. Hi! So ah, did ya, did-did-did ya fall high?
Someone was in the lady's room, I couldn’t wait. I left the lid up for ya though.
Y'know what Gunther, go ah, go ahead, I’m-I’m talking to ah, .  This is the part where you say your name.
Ginger.
Ginger. I’m talking to Ginger, so....",neutral,4,4,neutral,True,0.031695593,0.0073694205,0.013996337,0.13690741,0.76437604,0.038319208,0.0073359064
239,7,Ginger,Don’t you have to use the bathroom?,neutral,"Jeez, man did you fall.. Hi! So ah, did ya, did-did-did ya fall high?
Someone was in the lady's room, I couldn’t wait. I left the lid up for ya though.
Y'know what Gunther, go ah, go ahead, I’m-I’m talking to ah, .  This is the part where you say your name.
Ginger.
Ginger. I’m talking to Ginger, so....
Don’t you have to use the bathroom?","Jeez, man did you fall.. Hi! So ah, did ya, did-did-did ya fall high?
Someone was in the lady's room, I couldn’t wait. I left the lid up for ya though.
Y'know what Gunther, go ah, go ahead, I’m-I’m talking to ah, .  This is the part where you say your name.
Ginger.
Ginger. I’m talking to Ginger, so....
Don’t you have to use the bathroom?",neutral,4,4,neutral,True,0.026814047,0.0049543334,0.010477353,0.03417403,0.9002405,0.012098259,0.011241551
239,8,Chandler,"Nope, nope, I’d just ah, I’d rather talk to you.",neutral,"Someone was in the lady's room, I couldn’t wait. I left the lid up for ya though.
Y'know what Gunther, go ah, go ahead, I’m-I’m talking to ah, .  This is the part where you say your name.
Ginger.
Ginger. I’m talking to Ginger, so....
Don’t you have to use the bathroom?
Nope, nope, I’d just ah, I’d rather talk to you.","Someone was in the lady's room, I couldn’t wait. I left the lid up for ya though.
Y'know what Gunther, go ah, go ahead, I’m-I’m talking to ah, .  This is the part where you say your name.
Ginger.
Ginger. I’m talking to Ginger, so....
Don’t you have to use the bathroom?
Nope, nope, I’d just ah, I’d rather talk to you.",neutral,4,4,neutral,True,0.011754185,0.009825687,0.0145727685,0.024623517,0.920623,0.012433301,0.006167513
239,9,Chandler,"Yes, I do.",neutral,"Y'know what Gunther, go ah, go ahead, I’m-I’m talking to ah, .  This is the part where you say your name.
Ginger.
Ginger. I’m talking to Ginger, so....
Don’t you have to use the bathroom?
Nope, nope, I’d just ah, I’d rather talk to you.
Yes, I do.","Y'know what Gunther, go ah, go ahead, I’m-I’m talking to ah, .  This is the part where you say your name.
Ginger.
Ginger. I’m talking to Ginger, so....
Don’t you have to use the bathroom?
Nope, nope, I’d just ah, I’d rather talk to you.
Yes, I do.",neutral,4,4,neutral,True,0.0067617116,0.0030996664,0.010547503,0.07326947,0.89147466,0.010373423,0.0044735856
239,10,Chandler,"Yes, I do have to go to the bathroom.",neutral,"Ginger.
Ginger. I’m talking to Ginger, so....
Don’t you have to use the bathroom?
Nope, nope, I’d just ah, I’d rather talk to you.
Yes, I do.
Yes, I do have to go to the bathroom.","Ginger.
Ginger. I’m talking to Ginger, so....
Don’t you have to use the bathroom?
Nope, nope, I’d just ah, I’d rather talk to you.
Yes, I do.
Yes, I do have to go to the bathroom.",neutral,4,4,neutral,True,0.009654342,0.0026773394,0.0044051385,0.011808498,0.96526486,0.0036969064,0.0024929144
239,11,Gunther,Someone in here.,neutral,"Ginger. I’m talking to Ginger, so....
Don’t you have to use the bathroom?
Nope, nope, I’d just ah, I’d rather talk to you.
Yes, I do.
Yes, I do have to go to the bathroom.
Someone in here.","Ginger. I’m talking to Ginger, so....
Don’t you have to use the bathroom?
Nope, nope, I’d just ah, I’d rather talk to you.
Yes, I do.
Yes, I do have to go to the bathroom.
Someone in here.",neutral,4,4,neutral,True,0.116382316,0.03206653,0.02597051,0.018782035,0.4862227,0.01844771,0.3021281
240,5,Cecilia,"Oh, just years of experience.",neutral,"I’m going to keep dating him Mother, and there’s nothing you can do about it!
Oh yes there is!
What are you going to do? Kill him? Like you did with Charles?!
Oh, my baby!
That was a great scene! And-and-and that slap looks so real! How do you do that?
Oh, just years of experience.","I’m going to keep dating him Mother, and there’s nothing you can do about it!
Oh yes there is!
What are you going to do? Kill him? Like you did with Charles?!
Oh, my baby!
That was a great scene! And-and-and that slap looks so real! How do you do that?
Oh, just years of experience.",neutral,4,4,neutral,True,0.034826986,0.05756257,0.04348381,0.19371276,0.44687134,0.11497918,0.10856335
240,6,Dina,Can I get some ice here?!,sadness,"Oh yes there is!
What are you going to do? Kill him? Like you did with Charles?!
Oh, my baby!
That was a great scene! And-and-and that slap looks so real! How do you do that?
Oh, just years of experience.
Can I get some ice here?!","Oh yes there is!
What are you going to do? Kill him? Like you did with Charles?!
Oh, my baby!
That was a great scene! And-and-and that slap looks so real! How do you do that?
Oh, just years of experience.
Can I get some ice here?!",sadness,5,3,joy,False,0.2039769,0.036733583,0.02251636,0.35302433,0.043303393,0.028850138,0.3115953
240,7,Joey,"Oh anyway, I just wanted to say how wonderful I think you are.",joy,"What are you going to do? Kill him? Like you did with Charles?!
Oh, my baby!
That was a great scene! And-and-and that slap looks so real! How do you do that?
Oh, just years of experience.
Can I get some ice here?!
Oh anyway, I just wanted to say how wonderful I think you are.","What are you going to do? Kill him? Like you did with Charles?!
Oh, my baby!
That was a great scene! And-and-and that slap looks so real! How do you do that?
Oh, just years of experience.
Can I get some ice here?!
Oh anyway, I just wanted to say how wonderful I think you are.",joy,3,3,joy,True,0.007853775,0.0021043806,0.0018849042,0.948706,0.019873079,0.0089276815,0.010650212
240,8,Cecilia,You’re not the fan who’s dying are you?,neutral,"Oh, my baby!
That was a great scene! And-and-and that slap looks so real! How do you do that?
Oh, just years of experience.
Can I get some ice here?!
Oh anyway, I just wanted to say how wonderful I think you are.
You’re not the fan who’s dying are you?","Oh, my baby!
That was a great scene! And-and-and that slap looks so real! How do you do that?
Oh, just years of experience.
Can I get some ice here?!
Oh anyway, I just wanted to say how wonderful I think you are.
You’re not the fan who’s dying are you?",neutral,4,6,surprise,False,0.15568538,0.039612263,0.045649365,0.0886992,0.056133658,0.2350867,0.37913343
240,9,Joey,"No. No, I’m Joey Tribbiani; we did a scene together yesterday. I-I’m the guy in the coma!",joy,"That was a great scene! And-and-and that slap looks so real! How do you do that?
Oh, just years of experience.
Can I get some ice here?!
Oh anyway, I just wanted to say how wonderful I think you are.
You’re not the fan who’s dying are you?
No. No, I’m Joey Tribbiani; we did a scene together yesterday. I-I’m the guy in the coma!","That was a great scene! And-and-and that slap looks so real! How do you do that?
Oh, just years of experience.
Can I get some ice here?!
Oh anyway, I just wanted to say how wonderful I think you are.
You’re not the fan who’s dying are you?
No. No, I’m Joey Tribbiani; we did a scene together yesterday. I-I’m the guy in the coma!",joy,3,3,joy,True,0.17359912,0.013883794,0.0147969,0.38368547,0.023034764,0.04852362,0.34247637
240,10,Cecilia,Oh that was a real person?!,surprise,"Oh, just years of experience.
Can I get some ice here?!
Oh anyway, I just wanted to say how wonderful I think you are.
You’re not the fan who’s dying are you?
No. No, I’m Joey Tribbiani; we did a scene together yesterday. I-I’m the guy in the coma!
Oh that was a real person?!","Oh, just years of experience.
Can I get some ice here?!
Oh anyway, I just wanted to say how wonderful I think you are.
You’re not the fan who’s dying are you?
No. No, I’m Joey Tribbiani; we did a scene together yesterday. I-I’m the guy in the coma!
Oh that was a real person?!",surprise,6,6,surprise,True,0.010387881,0.003409404,0.0034897965,0.01145026,0.008341569,0.005104466,0.95781654
240,11,Joey,"An-an-anyway I-I just wanted to say that since I’m getting your brain when you leave the show, I was wondering if there was any tips you can give me",neutral,"Can I get some ice here?!
Oh anyway, I just wanted to say how wonderful I think you are.
You’re not the fan who’s dying are you?
No. No, I’m Joey Tribbiani; we did a scene together yesterday. I-I’m the guy in the coma!
Oh that was a real person?!
An-an-anyway I-I just wanted to say that since I’m getting your brain when you leave the show, I was wondering if there was any tips you can give me","Can I get some ice here?!
Oh anyway, I just wanted to say how wonderful I think you are.
You’re not the fan who’s dying are you?
No. No, I’m Joey Tribbiani; we did a scene together yesterday. I-I’m the guy in the coma!
Oh that was a real person?!
An-an-anyway I-I just wanted to say that since I’m getting your brain when you leave the show, I was wondering if there was any tips you can give me",neutral,4,4,neutral,True,0.07801013,0.04760762,0.030473273,0.26479697,0.41393742,0.10442016,0.060754433
240,12,Cecilia,I-I-I’m leaving the show?,surprise,"Oh anyway, I just wanted to say how wonderful I think you are.
You’re not the fan who’s dying are you?
No. No, I’m Joey Tribbiani; we did a scene together yesterday. I-I’m the guy in the coma!
Oh that was a real person?!
An-an-anyway I-I just wanted to say that since I’m getting your brain when you leave the show, I was wondering if there was any tips you can give me
I-I-I’m leaving the show?","Oh anyway, I just wanted to say how wonderful I think you are.
You’re not the fan who’s dying are you?
No. No, I’m Joey Tribbiani; we did a scene together yesterday. I-I’m the guy in the coma!
Oh that was a real person?!
An-an-anyway I-I just wanted to say that since I’m getting your brain when you leave the show, I was wondering if there was any tips you can give me
I-I-I’m leaving the show?",surprise,6,5,sadness,False,0.31797016,0.021753745,0.12024029,0.021668667,0.044474002,0.41125926,0.06263398
240,13,Joey,I don’t know. Why? Did you hear something?,neutral,"You’re not the fan who’s dying are you?
No. No, I’m Joey Tribbiani; we did a scene together yesterday. I-I’m the guy in the coma!
Oh that was a real person?!
An-an-anyway I-I just wanted to say that since I’m getting your brain when you leave the show, I was wondering if there was any tips you can give me
I-I-I’m leaving the show?
I don’t know. Why? Did you hear something?","You’re not the fan who’s dying are you?
No. No, I’m Joey Tribbiani; we did a scene together yesterday. I-I’m the guy in the coma!
Oh that was a real person?!
An-an-anyway I-I just wanted to say that since I’m getting your brain when you leave the show, I was wondering if there was any tips you can give me
I-I-I’m leaving the show?
I don’t know. Why? Did you hear something?",neutral,4,4,neutral,True,0.03271803,0.005612752,0.031240327,0.10322352,0.732432,0.015987452,0.07878601
240,14,Cecilia,Who told you that?,surprise,"No. No, I’m Joey Tribbiani; we did a scene together yesterday. I-I’m the guy in the coma!
Oh that was a real person?!
An-an-anyway I-I just wanted to say that since I’m getting your brain when you leave the show, I was wondering if there was any tips you can give me
I-I-I’m leaving the show?
I don’t know. Why? Did you hear something?
Who told you that?","No. No, I’m Joey Tribbiani; we did a scene together yesterday. I-I’m the guy in the coma!
Oh that was a real person?!
An-an-anyway I-I just wanted to say that since I’m getting your brain when you leave the show, I was wondering if there was any tips you can give me
I-I-I’m leaving the show?
I don’t know. Why? Did you hear something?
Who told you that?",surprise,6,4,neutral,False,0.037202433,0.008559883,0.047581624,0.048607484,0.57929784,0.02055242,0.25819835
240,15,Joey,"Oh uh, one of the writers.",sadness,"Oh that was a real person?!
An-an-anyway I-I just wanted to say that since I’m getting your brain when you leave the show, I was wondering if there was any tips you can give me
I-I-I’m leaving the show?
I don’t know. Why? Did you hear something?
Who told you that?
Oh uh, one of the writers.","Oh that was a real person?!
An-an-anyway I-I just wanted to say that since I’m getting your brain when you leave the show, I was wondering if there was any tips you can give me
I-I-I’m leaving the show?
I don’t know. Why? Did you hear something?
Who told you that?
Oh uh, one of the writers.",sadness,5,4,neutral,False,0.004751525,0.0019686504,0.002684617,0.008518714,0.9750845,0.0022416324,0.00475043
240,16,Cecilia,Which one? Was it bald or was it tall?,surprise,"An-an-anyway I-I just wanted to say that since I’m getting your brain when you leave the show, I was wondering if there was any tips you can give me
I-I-I’m leaving the show?
I don’t know. Why? Did you hear something?
Who told you that?
Oh uh, one of the writers.
Which one? Was it bald or was it tall?","An-an-anyway I-I just wanted to say that since I’m getting your brain when you leave the show, I was wondering if there was any tips you can give me
I-I-I’m leaving the show?
I don’t know. Why? Did you hear something?
Who told you that?
Oh uh, one of the writers.
Which one? Was it bald or was it tall?",surprise,6,4,neutral,False,0.03587281,0.0115827,0.008654609,0.037874475,0.8814599,0.0087544685,0.015800962
241,5,Joey,Yeah! Okay!  Hey! Hi!,joy,"Feel better?
Yeah!
Much!
Listen uh, not that I’m y’know insecure about my manhood or anything y’know, but I think I need to hook up with a woman like right now.
Yeah, I understand.
Yeah! Okay!  Hey! Hi!","Feel better?
Yeah!
Much!
Listen uh, not that I’m y’know insecure about my manhood or anything y’know, but I think I need to hook up with a woman like right now.
Yeah, I understand.
Yeah! Okay!  Hey! Hi!",joy,3,3,joy,True,0.018163089,0.0020758703,0.0014978844,0.92430574,0.018247671,0.0035526473,0.0321571
241,6,Woman,Hi!,joy,"Yeah!
Much!
Listen uh, not that I’m y’know insecure about my manhood or anything y’know, but I think I need to hook up with a woman like right now.
Yeah, I understand.
Yeah! Okay!  Hey! Hi!
Hi!","Yeah!
Much!
Listen uh, not that I’m y’know insecure about my manhood or anything y’know, but I think I need to hook up with a woman like right now.
Yeah, I understand.
Yeah! Okay!  Hey! Hi!
Hi!",joy,3,3,joy,True,0.014428059,0.0017778397,0.0013859087,0.9340929,0.020153353,0.0034728502,0.024689144
241,7,Joey,"Y’know, you look familiar. Do I know you from somewhere?",surprise,"Much!
Listen uh, not that I’m y’know insecure about my manhood or anything y’know, but I think I need to hook up with a woman like right now.
Yeah, I understand.
Yeah! Okay!  Hey! Hi!
Hi!
Y’know, you look familiar. Do I know you from somewhere?","Much!
Listen uh, not that I’m y’know insecure about my manhood or anything y’know, but I think I need to hook up with a woman like right now.
Yeah, I understand.
Yeah! Okay!  Hey! Hi!
Hi!
Y’know, you look familiar. Do I know you from somewhere?",surprise,6,4,neutral,False,0.03096035,0.0042855,0.018575555,0.028113052,0.8730547,0.008577815,0.036432967
241,8,Woman,I don’t think so.,neutral,"Listen uh, not that I’m y’know insecure about my manhood or anything y’know, but I think I need to hook up with a woman like right now.
Yeah, I understand.
Yeah! Okay!  Hey! Hi!
Hi!
Y’know, you look familiar. Do I know you from somewhere?
I don’t think so.","Listen uh, not that I’m y’know insecure about my manhood or anything y’know, but I think I need to hook up with a woman like right now.
Yeah, I understand.
Yeah! Okay!  Hey! Hi!
Hi!
Y’know, you look familiar. Do I know you from somewhere?
I don’t think so.",neutral,4,4,neutral,True,0.006573355,0.0024602632,0.009792856,0.032780882,0.9356536,0.008926583,0.0038125184
241,9,Joey,Oh! Maybe it’s because I’m on television. I’m an actor on,joy,"Yeah, I understand.
Yeah! Okay!  Hey! Hi!
Hi!
Y’know, you look familiar. Do I know you from somewhere?
I don’t think so.
Oh! Maybe it’s because I’m on television. I’m an actor on","Yeah, I understand.
Yeah! Okay!  Hey! Hi!
Hi!
Y’know, you look familiar. Do I know you from somewhere?
I don’t think so.
Oh! Maybe it’s because I’m on television. I’m an actor on",joy,3,4,neutral,False,0.011582312,0.0031890764,0.0035851542,0.03859065,0.9346804,0.0035712162,0.0048011695
241,10,Woman,Wow!,surprise,"Yeah! Okay!  Hey! Hi!
Hi!
Y’know, you look familiar. Do I know you from somewhere?
I don’t think so.
Oh! Maybe it’s because I’m on television. I’m an actor on
Wow!","Yeah! Okay!  Hey! Hi!
Hi!
Y’know, you look familiar. Do I know you from somewhere?
I don’t think so.
Oh! Maybe it’s because I’m on television. I’m an actor on
Wow!",surprise,6,6,surprise,True,0.010096638,0.007997727,0.003454397,0.12413732,0.011071917,0.0055659395,0.837676
241,11,Joey,Yeah.,neutral,"Hi!
Y’know, you look familiar. Do I know you from somewhere?
I don’t think so.
Oh! Maybe it’s because I’m on television. I’m an actor on
Wow!
Yeah.","Hi!
Y’know, you look familiar. Do I know you from somewhere?
I don’t think so.
Oh! Maybe it’s because I’m on television. I’m an actor on
Wow!
Yeah.",neutral,4,4,neutral,True,0.008503504,0.010084748,0.009231539,0.23930947,0.58800185,0.008151262,0.13671765
241,12,Woman,Really?!,surprise,"Y’know, you look familiar. Do I know you from somewhere?
I don’t think so.
Oh! Maybe it’s because I’m on television. I’m an actor on
Wow!
Yeah.
Really?!","Y’know, you look familiar. Do I know you from somewhere?
I don’t think so.
Oh! Maybe it’s because I’m on television. I’m an actor on
Wow!
Yeah.
Really?!",surprise,6,6,surprise,True,0.004808793,0.0039444775,0.0024722524,0.03695098,0.008227421,0.0040131276,0.93958306
241,13,Waitress,$4.50 please.,neutral,"I don’t think so.
Oh! Maybe it’s because I’m on television. I’m an actor on
Wow!
Yeah.
Really?!
$4.50 please.","I don’t think so.
Oh! Maybe it’s because I’m on television. I’m an actor on
Wow!
Yeah.
Really?!
$4.50 please.",neutral,4,4,neutral,True,0.015861893,0.016984189,0.009550618,0.12930241,0.8000357,0.012206431,0.016058672
241,14,Joey,"Oh, let me get this.    These are for you.",neutral,"Oh! Maybe it’s because I’m on television. I’m an actor on
Wow!
Yeah.
Really?!
$4.50 please.
Oh, let me get this.    These are for you.","Oh! Maybe it’s because I’m on television. I’m an actor on
Wow!
Yeah.
Really?!
$4.50 please.
Oh, let me get this.    These are for you.",neutral,4,4,neutral,True,0.008002423,0.001903532,0.0016106716,0.030055007,0.9530104,0.0023014732,0.0031164973
242,5,Chandler,You're definitely scaring here.,neutral,"Alright, alright, alright.
It's been fourteen and a half minutes and you still have not said one word.
Oh God, do something.
Just make contact, smile!
There you go!
You're definitely scaring here.","Alright, alright, alright.
It's been fourteen and a half minutes and you still have not said one word.
Oh God, do something.
Just make contact, smile!
There you go!
You're definitely scaring here.",neutral,4,1,disgust,False,0.19694644,0.3618823,0.1295102,0.037764113,0.05538011,0.1769366,0.041580223
242,6,Jill,Would you like to call somebody?,neutral,"It's been fourteen and a half minutes and you still have not said one word.
Oh God, do something.
Just make contact, smile!
There you go!
You're definitely scaring here.
Would you like to call somebody?","It's been fourteen and a half minutes and you still have not said one word.
Oh God, do something.
Just make contact, smile!
There you go!
You're definitely scaring here.
Would you like to call somebody?",neutral,4,4,neutral,True,0.0077774907,0.00212365,0.0047123316,0.013495921,0.9660238,0.0031734488,0.002693351
242,7,Chandler,"Yeah, about 300 guys I went to high school with.",neutral,"Oh God, do something.
Just make contact, smile!
There you go!
You're definitely scaring here.
Would you like to call somebody?
Yeah, about 300 guys I went to high school with.","Oh God, do something.
Just make contact, smile!
There you go!
You're definitely scaring here.
Would you like to call somebody?
Yeah, about 300 guys I went to high school with.",neutral,4,4,neutral,True,0.005863801,0.0036669227,0.0026170127,0.012263833,0.96849525,0.003471723,0.0036215605
243,5,Rachel,"In the afternoon. Mr. Zelner came into my office after lunch. He put them on my desk, and then I put a",neutral,"Okay! Feel free to look, but I’m telling you those contracts are not on this desk.
Oh
It’s my sister.
Okay, very cute braces. Anyway y’know what, the
So when do you imagine you gave them to me? In the morning or in the afternoon?
In the afternoon. Mr. Zelner came into my office after lunch. He put them on my desk, and then I put a","Okay! Feel free to look, but I’m telling you those contracts are not on this desk.
Oh
It’s my sister.
Okay, very cute braces. Anyway y’know what, the
So when do you imagine you gave them to me? In the morning or in the afternoon?
In the afternoon. Mr. Zelner came into my office after lunch. He put them on my desk, and then I put a",neutral,4,4,neutral,True,0.14796838,0.02302087,0.01560108,0.10939516,0.60406923,0.08524294,0.014702363
244,5,Phoebe,"Why, nobody good?",neutral,"Phoebe, she doesn’t know that you sneak out every night, she doesn’t know that you sneak back every morning, and she doesn’t know that you’ve been living with your Grandmother’s for a week now.
Okay, well maybe not on those levels.
Hey.
Hey.
I’m never gonna find a roommate, ever.
Why, nobody good?","Phoebe, she doesn’t know that you sneak out every night, she doesn’t know that you sneak back every morning, and she doesn’t know that you’ve been living with your Grandmother’s for a week now.
Okay, well maybe not on those levels.
Hey.
Hey.
I’m never gonna find a roommate, ever.
Why, nobody good?",neutral,4,4,neutral,True,0.013486127,0.0033724515,0.0029726464,0.03912447,0.9285487,0.0042627184,0.008232901
244,6,Chandler,"Well let’s see, there was the guy with the ferrets, that’s plural.",disgust,"Okay, well maybe not on those levels.
Hey.
Hey.
I’m never gonna find a roommate, ever.
Why, nobody good?
Well let’s see, there was the guy with the ferrets, that’s plural.","Okay, well maybe not on those levels.
Hey.
Hey.
I’m never gonna find a roommate, ever.
Why, nobody good?
Well let’s see, there was the guy with the ferrets, that’s plural.",disgust,1,4,neutral,False,0.010216891,0.0029020926,0.001931039,0.039327882,0.939213,0.0026854114,0.0037237443
244,7,Chandler,The spitter.,disgust,"Hey.
Hey.
I’m never gonna find a roommate, ever.
Why, nobody good?
Well let’s see, there was the guy with the ferrets, that’s plural.
The spitter.","Hey.
Hey.
I’m never gonna find a roommate, ever.
Why, nobody good?
Well let’s see, there was the guy with the ferrets, that’s plural.
The spitter.",disgust,1,4,neutral,False,0.027351959,0.019890603,0.009997954,0.016760292,0.89616805,0.024842963,0.0049881972
244,8,Chandler,"Oh-ho, and yes, the guy that enjoyed my name so much he felt the need to make a little noise every time he said it.",anger,"Hey.
I’m never gonna find a roommate, ever.
Why, nobody good?
Well let’s see, there was the guy with the ferrets, that’s plural.
The spitter.
Oh-ho, and yes, the guy that enjoyed my name so much he felt the need to make a little noise every time he said it.","Hey.
I’m never gonna find a roommate, ever.
Why, nobody good?
Well let’s see, there was the guy with the ferrets, that’s plural.
The spitter.
Oh-ho, and yes, the guy that enjoyed my name so much he felt the need to make a little noise every time he said it.",anger,0,4,neutral,False,0.032741655,0.100190915,0.037348323,0.1761731,0.58175945,0.040701874,0.031084657
244,9,Chandler,"Nice to meet you, Chandler Bing",neutral,"I’m never gonna find a roommate, ever.
Why, nobody good?
Well let’s see, there was the guy with the ferrets, that’s plural.
The spitter.
Oh-ho, and yes, the guy that enjoyed my name so much he felt the need to make a little noise every time he said it.
Nice to meet you, Chandler Bing","I’m never gonna find a roommate, ever.
Why, nobody good?
Well let’s see, there was the guy with the ferrets, that’s plural.
The spitter.
Oh-ho, and yes, the guy that enjoyed my name so much he felt the need to make a little noise every time he said it.
Nice to meet you, Chandler Bing",neutral,4,4,neutral,True,0.00821866,0.0027358718,0.0019359464,0.12216709,0.8394161,0.004111513,0.021414898
244,10,Ross,So how many more do you have tomorrow?,neutral,"Why, nobody good?
Well let’s see, there was the guy with the ferrets, that’s plural.
The spitter.
Oh-ho, and yes, the guy that enjoyed my name so much he felt the need to make a little noise every time he said it.
Nice to meet you, Chandler Bing
So how many more do you have tomorrow?","Why, nobody good?
Well let’s see, there was the guy with the ferrets, that’s plural.
The spitter.
Oh-ho, and yes, the guy that enjoyed my name so much he felt the need to make a little noise every time he said it.
Nice to meet you, Chandler Bing
So how many more do you have tomorrow?",neutral,4,4,neutral,True,0.01076008,0.0027314527,0.0027327437,0.08031165,0.88849515,0.0042853225,0.01068358
244,11,Chandler,Two.,neutral,"Well let’s see, there was the guy with the ferrets, that’s plural.
The spitter.
Oh-ho, and yes, the guy that enjoyed my name so much he felt the need to make a little noise every time he said it.
Nice to meet you, Chandler Bing
So how many more do you have tomorrow?
Two.","Well let’s see, there was the guy with the ferrets, that’s plural.
The spitter.
Oh-ho, and yes, the guy that enjoyed my name so much he felt the need to make a little noise every time he said it.
Nice to meet you, Chandler Bing
So how many more do you have tomorrow?
Two.",neutral,4,4,neutral,True,0.0032023324,0.0014073248,0.0014360086,0.011943439,0.9786058,0.0015461585,0.0018589908
244,12,Chandler,"This photographer, who seemed really dull.",neutral,"The spitter.
Oh-ho, and yes, the guy that enjoyed my name so much he felt the need to make a little noise every time he said it.
Nice to meet you, Chandler Bing
So how many more do you have tomorrow?
Two.
This photographer, who seemed really dull.","The spitter.
Oh-ho, and yes, the guy that enjoyed my name so much he felt the need to make a little noise every time he said it.
Nice to meet you, Chandler Bing
So how many more do you have tomorrow?
Two.
This photographer, who seemed really dull.",neutral,4,4,neutral,True,0.007875711,0.0039567053,0.0018156073,0.021220861,0.95557654,0.0028915107,0.0066629723
244,13,Chandler,"And this actor guy, who I’m not sure about, because when he called and I answered the phone ‘Chandler Bing,’ he said ‘Whoa-whoa, short message.’",neutral,"Oh-ho, and yes, the guy that enjoyed my name so much he felt the need to make a little noise every time he said it.
Nice to meet you, Chandler Bing
So how many more do you have tomorrow?
Two.
This photographer, who seemed really dull.
And this actor guy, who I’m not sure about, because when he called and I answered the phone ‘Chandler Bing,’ he said ‘Whoa-whoa, short message.’","Oh-ho, and yes, the guy that enjoyed my name so much he felt the need to make a little noise every time he said it.
Nice to meet you, Chandler Bing
So how many more do you have tomorrow?
Two.
This photographer, who seemed really dull.
And this actor guy, who I’m not sure about, because when he called and I answered the phone ‘Chandler Bing,’ he said ‘Whoa-whoa, short message.’",neutral,4,3,joy,False,0.03552001,0.07188455,0.02296522,0.41869867,0.10324215,0.016838552,0.33085087
244,14,Monica,"Ross , foot on the floor or come over no more!",neutral,"Nice to meet you, Chandler Bing
So how many more do you have tomorrow?
Two.
This photographer, who seemed really dull.
And this actor guy, who I’m not sure about, because when he called and I answered the phone ‘Chandler Bing,’ he said ‘Whoa-whoa, short message.’
Ross , foot on the floor or come over no more!","Nice to meet you, Chandler Bing
So how many more do you have tomorrow?
Two.
This photographer, who seemed really dull.
And this actor guy, who I’m not sure about, because when he called and I answered the phone ‘Chandler Bing,’ he said ‘Whoa-whoa, short message.’
Ross , foot on the floor or come over no more!",neutral,4,0,anger,False,0.4100796,0.048365854,0.031808887,0.2619444,0.08239795,0.026588872,0.13881451
244,15,Ross,"Sure, your dresser is missing but this she notices.",anger,"So how many more do you have tomorrow?
Two.
This photographer, who seemed really dull.
And this actor guy, who I’m not sure about, because when he called and I answered the phone ‘Chandler Bing,’ he said ‘Whoa-whoa, short message.’
Ross , foot on the floor or come over no more!
Sure, your dresser is missing but this she notices.","So how many more do you have tomorrow?
Two.
This photographer, who seemed really dull.
And this actor guy, who I’m not sure about, because when he called and I answered the phone ‘Chandler Bing,’ he said ‘Whoa-whoa, short message.’
Ross , foot on the floor or come over no more!
Sure, your dresser is missing but this she notices.",anger,0,4,neutral,False,0.014215245,0.0047301115,0.005473231,0.018778453,0.9276039,0.0043094084,0.024889588
244,16,Monica,What?,neutral,"Two.
This photographer, who seemed really dull.
And this actor guy, who I’m not sure about, because when he called and I answered the phone ‘Chandler Bing,’ he said ‘Whoa-whoa, short message.’
Ross , foot on the floor or come over no more!
Sure, your dresser is missing but this she notices.
What?","Two.
This photographer, who seemed really dull.
And this actor guy, who I’m not sure about, because when he called and I answered the phone ‘Chandler Bing,’ he said ‘Whoa-whoa, short message.’
Ross , foot on the floor or come over no more!
Sure, your dresser is missing but this she notices.
What?",neutral,4,6,surprise,False,0.009641433,0.0051283482,0.016138518,0.01682072,0.26655185,0.010461855,0.6752572
244,17,Ross,"I have to go. Yeah, Carol should be home by now, soo...",neutral,"This photographer, who seemed really dull.
And this actor guy, who I’m not sure about, because when he called and I answered the phone ‘Chandler Bing,’ he said ‘Whoa-whoa, short message.’
Ross , foot on the floor or come over no more!
Sure, your dresser is missing but this she notices.
What?
I have to go. Yeah, Carol should be home by now, soo...","This photographer, who seemed really dull.
And this actor guy, who I’m not sure about, because when he called and I answered the phone ‘Chandler Bing,’ he said ‘Whoa-whoa, short message.’
Ross , foot on the floor or come over no more!
Sure, your dresser is missing but this she notices.
What?
I have to go. Yeah, Carol should be home by now, soo...",neutral,4,4,neutral,True,0.010087852,0.005411882,0.008958364,0.30334175,0.63885885,0.015357663,0.017983554
244,18,Chandler,"Umm, how’s it going with you guys?",neutral,"And this actor guy, who I’m not sure about, because when he called and I answered the phone ‘Chandler Bing,’ he said ‘Whoa-whoa, short message.’
Ross , foot on the floor or come over no more!
Sure, your dresser is missing but this she notices.
What?
I have to go. Yeah, Carol should be home by now, soo...
Umm, how’s it going with you guys?","And this actor guy, who I’m not sure about, because when he called and I answered the phone ‘Chandler Bing,’ he said ‘Whoa-whoa, short message.’
Ross , foot on the floor or come over no more!
Sure, your dresser is missing but this she notices.
What?
I have to go. Yeah, Carol should be home by now, soo...
Umm, how’s it going with you guys?",neutral,4,4,neutral,True,0.025231294,0.009053607,0.04449254,0.19918993,0.5163386,0.13325039,0.07244364
244,19,Ross,"Oh, better, actually. Y'know I-I-I think I finally figured out why we were having so much trouble lately.",neutral,"Ross , foot on the floor or come over no more!
Sure, your dresser is missing but this she notices.
What?
I have to go. Yeah, Carol should be home by now, soo...
Umm, how’s it going with you guys?
Oh, better, actually. Y'know I-I-I think I finally figured out why we were having so much trouble lately.","Ross , foot on the floor or come over no more!
Sure, your dresser is missing but this she notices.
What?
I have to go. Yeah, Carol should be home by now, soo...
Umm, how’s it going with you guys?
Oh, better, actually. Y'know I-I-I think I finally figured out why we were having so much trouble lately.",neutral,4,5,sadness,False,0.05751503,0.017181776,0.08376588,0.10889092,0.24577703,0.43965045,0.047218926
244,20,Phoebe,"Oh, really?",surprise,"Sure, your dresser is missing but this she notices.
What?
I have to go. Yeah, Carol should be home by now, soo...
Umm, how’s it going with you guys?
Oh, better, actually. Y'know I-I-I think I finally figured out why we were having so much trouble lately.
Oh, really?","Sure, your dresser is missing but this she notices.
What?
I have to go. Yeah, Carol should be home by now, soo...
Umm, how’s it going with you guys?
Oh, better, actually. Y'know I-I-I think I finally figured out why we were having so much trouble lately.
Oh, really?",surprise,6,6,surprise,True,0.0036054,0.005708444,0.005262248,0.01563694,0.01432564,0.006583949,0.94887745
244,21,Ross,"Yeah, y'know how I have you guys, well she doesn’t really have any close friends that are just hers, but last week she meet this woman at the gym, Susan something, and they really hit it off, and I-I-I think it’s gonna make a difference",joy,"What?
I have to go. Yeah, Carol should be home by now, soo...
Umm, how’s it going with you guys?
Oh, better, actually. Y'know I-I-I think I finally figured out why we were having so much trouble lately.
Oh, really?
Yeah, y'know how I have you guys, well she doesn’t really have any close friends that are just hers, but last week she meet this woman at the gym, Susan something, and they really hit it off, and I-I-I think it’s gonna make a difference","What?
I have to go. Yeah, Carol should be home by now, soo...
Umm, how’s it going with you guys?
Oh, better, actually. Y'know I-I-I think I finally figured out why we were having so much trouble lately.
Oh, really?
Yeah, y'know how I have you guys, well she doesn’t really have any close friends that are just hers, but last week she meet this woman at the gym, Susan something, and they really hit it off, and I-I-I think it’s gonna make a difference",joy,3,5,sadness,False,0.07383378,0.014975606,0.03900935,0.3058402,0.06744398,0.48264346,0.01625367
246,5,Tour Guide,"Hey, Peter!",neutral,"Well, how-how come?
That’s just the way it is.
That’s crazy.
Maybe it’s crazy in a perfect world, a world without lab coats and blazers, but you not in a perfect world, you in a museum now.
See that scientist in the classes, he and I used to play together all the time in grade school, but now… Peter!
Hey, Peter!","Well, how-how come?
That’s just the way it is.
That’s crazy.
Maybe it’s crazy in a perfect world, a world without lab coats and blazers, but you not in a perfect world, you in a museum now.
See that scientist in the classes, he and I used to play together all the time in grade school, but now… Peter!
Hey, Peter!",neutral,4,3,joy,False,0.027528403,0.0026773997,0.0017564031,0.87128145,0.014907943,0.0046986802,0.07714975
246,6,Tour Guide,It’s me Rhonda!,neutral,"That’s just the way it is.
That’s crazy.
Maybe it’s crazy in a perfect world, a world without lab coats and blazers, but you not in a perfect world, you in a museum now.
See that scientist in the classes, he and I used to play together all the time in grade school, but now… Peter!
Hey, Peter!
It’s me Rhonda!","That’s just the way it is.
That’s crazy.
Maybe it’s crazy in a perfect world, a world without lab coats and blazers, but you not in a perfect world, you in a museum now.
See that scientist in the classes, he and I used to play together all the time in grade school, but now… Peter!
Hey, Peter!
It’s me Rhonda!",neutral,4,3,joy,False,0.0124142915,0.001937924,0.0016394017,0.9360555,0.014301372,0.003927889,0.029723661
246,7,Tour Guide,From PS-129!,neutral,"That’s crazy.
Maybe it’s crazy in a perfect world, a world without lab coats and blazers, but you not in a perfect world, you in a museum now.
See that scientist in the classes, he and I used to play together all the time in grade school, but now… Peter!
Hey, Peter!
It’s me Rhonda!
From PS-129!","That’s crazy.
Maybe it’s crazy in a perfect world, a world without lab coats and blazers, but you not in a perfect world, you in a museum now.
See that scientist in the classes, he and I used to play together all the time in grade school, but now… Peter!
Hey, Peter!
It’s me Rhonda!
From PS-129!",neutral,4,3,joy,False,0.026605302,0.0028773528,0.002212406,0.9014172,0.025703497,0.0039534424,0.037230786
246,8,Tour Guide,I shared my puddin’ which you man!,anger,"Maybe it’s crazy in a perfect world, a world without lab coats and blazers, but you not in a perfect world, you in a museum now.
See that scientist in the classes, he and I used to play together all the time in grade school, but now… Peter!
Hey, Peter!
It’s me Rhonda!
From PS-129!
I shared my puddin’ which you man!","Maybe it’s crazy in a perfect world, a world without lab coats and blazers, but you not in a perfect world, you in a museum now.
See that scientist in the classes, he and I used to play together all the time in grade school, but now… Peter!
Hey, Peter!
It’s me Rhonda!
From PS-129!
I shared my puddin’ which you man!",anger,0,3,joy,False,0.012677371,0.0017703011,0.0017597018,0.9542976,0.0112366285,0.006202606,0.012055786
246,9,Tour Guide,I gave you my,neutral,"See that scientist in the classes, he and I used to play together all the time in grade school, but now… Peter!
Hey, Peter!
It’s me Rhonda!
From PS-129!
I shared my puddin’ which you man!
I gave you my","See that scientist in the classes, he and I used to play together all the time in grade school, but now… Peter!
Hey, Peter!
It’s me Rhonda!
From PS-129!
I shared my puddin’ which you man!
I gave you my",neutral,4,3,joy,False,0.022385368,0.0031508873,0.004062073,0.8485086,0.08970241,0.016735293,0.01545532
246,10,Joey,I-I think everybody’s pretending they don’t hear you.,neutral,"Hey, Peter!
It’s me Rhonda!
From PS-129!
I shared my puddin’ which you man!
I gave you my
I-I think everybody’s pretending they don’t hear you.","Hey, Peter!
It’s me Rhonda!
From PS-129!
I shared my puddin’ which you man!
I gave you my
I-I think everybody’s pretending they don’t hear you.",neutral,4,4,neutral,True,0.04709084,0.011741388,0.035568655,0.22358999,0.61810714,0.032265965,0.031636007
246,11,Joey,"Anyway, look, I don’t know about you and your jackets and your separate tables, but Ross is one of my best friends, and if I save him a seat, I’m telling you, he",neutral,"It’s me Rhonda!
From PS-129!
I shared my puddin’ which you man!
I gave you my
I-I think everybody’s pretending they don’t hear you.
Anyway, look, I don’t know about you and your jackets and your separate tables, but Ross is one of my best friends, and if I save him a seat, I’m telling you, he","It’s me Rhonda!
From PS-129!
I shared my puddin’ which you man!
I gave you my
I-I think everybody’s pretending they don’t hear you.
Anyway, look, I don’t know about you and your jackets and your separate tables, but Ross is one of my best friends, and if I save him a seat, I’m telling you, he",neutral,4,4,neutral,True,0.021977212,0.0029366238,0.007328248,0.04491699,0.9131933,0.0066685714,0.0029790578
246,12,Ross,"That’s okay, I’m cool over here. I’ll catch up with you later, Joey.",neutral,"From PS-129!
I shared my puddin’ which you man!
I gave you my
I-I think everybody’s pretending they don’t hear you.
Anyway, look, I don’t know about you and your jackets and your separate tables, but Ross is one of my best friends, and if I save him a seat, I’m telling you, he
That’s okay, I’m cool over here. I’ll catch up with you later, Joey.","From PS-129!
I shared my puddin’ which you man!
I gave you my
I-I think everybody’s pretending they don’t hear you.
Anyway, look, I don’t know about you and your jackets and your separate tables, but Ross is one of my best friends, and if I save him a seat, I’m telling you, he
That’s okay, I’m cool over here. I’ll catch up with you later, Joey.",neutral,4,4,neutral,True,0.012887011,0.0030351356,0.005483839,0.07323475,0.894063,0.008540957,0.0027552934
246,13,Tour Guide,"Op, this is saved.  Gift shop.",neutral,"I shared my puddin’ which you man!
I gave you my
I-I think everybody’s pretending they don’t hear you.
Anyway, look, I don’t know about you and your jackets and your separate tables, but Ross is one of my best friends, and if I save him a seat, I’m telling you, he
That’s okay, I’m cool over here. I’ll catch up with you later, Joey.
Op, this is saved.  Gift shop.","I shared my puddin’ which you man!
I gave you my
I-I think everybody’s pretending they don’t hear you.
Anyway, look, I don’t know about you and your jackets and your separate tables, but Ross is one of my best friends, and if I save him a seat, I’m telling you, he
That’s okay, I’m cool over here. I’ll catch up with you later, Joey.
Op, this is saved.  Gift shop.",neutral,4,4,neutral,True,0.024213735,0.0073162536,0.0056703687,0.30940282,0.62073237,0.021934671,0.010729758
249,5,Rachel,"Oh, that sounds great.",joy,"Eh.
Oh, you got me.
Well, don’t think I haven’t noticed your potential.
Well, I’ve got a project for you that’s a lot more related to fashion.
How does that sound?
Oh, that sounds great.","Eh.
Oh, you got me.
Well, don’t think I haven’t noticed your potential.
Well, I’ve got a project for you that’s a lot more related to fashion.
How does that sound?
Oh, that sounds great.",joy,3,3,joy,True,0.0076052444,0.004088307,0.0022514665,0.9207784,0.035397734,0.00449287,0.02538597
249,6,Mr. Kaplan,"Come on over here, sweetheart.",neutral,"Oh, you got me.
Well, don’t think I haven’t noticed your potential.
Well, I’ve got a project for you that’s a lot more related to fashion.
How does that sound?
Oh, that sounds great.
Come on over here, sweetheart.","Oh, you got me.
Well, don’t think I haven’t noticed your potential.
Well, I’ve got a project for you that’s a lot more related to fashion.
How does that sound?
Oh, that sounds great.
Come on over here, sweetheart.",neutral,4,4,neutral,True,0.018945934,0.0072904658,0.009354366,0.33500266,0.6157506,0.008386915,0.005269012
249,7,Rachel,"Oh thank you so much Mr. Kaplan, thank you so much.",joy,"Well, don’t think I haven’t noticed your potential.
Well, I’ve got a project for you that’s a lot more related to fashion.
How does that sound?
Oh, that sounds great.
Come on over here, sweetheart.
Oh thank you so much Mr. Kaplan, thank you so much.","Well, don’t think I haven’t noticed your potential.
Well, I’ve got a project for you that’s a lot more related to fashion.
How does that sound?
Oh, that sounds great.
Come on over here, sweetheart.
Oh thank you so much Mr. Kaplan, thank you so much.",joy,3,3,joy,True,0.008386388,0.0025127588,0.0025530374,0.94366777,0.014721717,0.017513447,0.010644892
250,5,Joey,"Wow, that was kinda brutal.",surprise,"Well, I y'know, I was just, umm, I was just thinking and hoping, that umm, maybe you’d want to get back together?
No. But thanks.
Aw come on Phoebe would you just think about it?
Okay. No. But thanks.
Okay, ah, see ya Pheebs.
Wow, that was kinda brutal.","Well, I y'know, I was just, umm, I was just thinking and hoping, that umm, maybe you’d want to get back together?
No. But thanks.
Aw come on Phoebe would you just think about it?
Okay. No. But thanks.
Okay, ah, see ya Pheebs.
Wow, that was kinda brutal.",surprise,6,6,surprise,True,0.04406942,0.046619236,0.008506162,0.21469964,0.05468782,0.031673584,0.5997442
250,6,Phoebe,"Well okay, let this be a lesson to all of you, all right.",neutral,"No. But thanks.
Aw come on Phoebe would you just think about it?
Okay. No. But thanks.
Okay, ah, see ya Pheebs.
Wow, that was kinda brutal.
Well okay, let this be a lesson to all of you, all right.","No. But thanks.
Aw come on Phoebe would you just think about it?
Okay. No. But thanks.
Okay, ah, see ya Pheebs.
Wow, that was kinda brutal.
Well okay, let this be a lesson to all of you, all right.",neutral,4,4,neutral,True,0.039815318,0.006062853,0.008449367,0.2997755,0.6259779,0.01567975,0.0042393785
250,7,Phoebe,"Once you, once you betray me, I become like the ice woman, y’know.",neutral,"Aw come on Phoebe would you just think about it?
Okay. No. But thanks.
Okay, ah, see ya Pheebs.
Wow, that was kinda brutal.
Well okay, let this be a lesson to all of you, all right.
Once you, once you betray me, I become like the ice woman, y’know.","Aw come on Phoebe would you just think about it?
Okay. No. But thanks.
Okay, ah, see ya Pheebs.
Wow, that was kinda brutal.
Well okay, let this be a lesson to all of you, all right.
Once you, once you betray me, I become like the ice woman, y’know.",neutral,4,4,neutral,True,0.16427311,0.03336125,0.07283792,0.08280538,0.55104184,0.08999231,0.005688217
250,8,Phoebe,"Very cold, hard, unyielding, y'know nothing,",neutral,"Okay. No. But thanks.
Okay, ah, see ya Pheebs.
Wow, that was kinda brutal.
Well okay, let this be a lesson to all of you, all right.
Once you, once you betray me, I become like the ice woman, y’know.
Very cold, hard, unyielding, y'know nothing,","Okay. No. But thanks.
Okay, ah, see ya Pheebs.
Wow, that was kinda brutal.
Well okay, let this be a lesson to all of you, all right.
Once you, once you betray me, I become like the ice woman, y’know.
Very cold, hard, unyielding, y'know nothing,",neutral,4,4,neutral,True,0.076095454,0.014526734,0.02154865,0.031587433,0.8346411,0.01638915,0.0052114744
252,5,Ross,Does that seem like something you can do.,anger,"Oh my God! If you say that one more time,
Fine!
Fine!
But this break-up was not all my fault, and she, she says here,  “If you accept full responsibility...”  Full responsibility!
“...I can begin to trust you again.
Does that seem like something you can do.","Oh my God! If you say that one more time,
Fine!
Fine!
But this break-up was not all my fault, and she, she says here,  “If you accept full responsibility...”  Full responsibility!
“...I can begin to trust you again.
Does that seem like something you can do.",anger,0,5,sadness,False,0.17769527,0.016251642,0.112763986,0.06598991,0.23927508,0.37203783,0.015986282
252,6,Ross,Does it?!,anger,"Fine!
Fine!
But this break-up was not all my fault, and she, she says here,  “If you accept full responsibility...”  Full responsibility!
“...I can begin to trust you again.
Does that seem like something you can do.
Does it?!","Fine!
Fine!
But this break-up was not all my fault, and she, she says here,  “If you accept full responsibility...”  Full responsibility!
“...I can begin to trust you again.
Does that seem like something you can do.
Does it?!",anger,0,6,surprise,False,0.3656573,0.011349723,0.058259867,0.09963579,0.030689731,0.06498109,0.36942652
252,7,Joey,No?,surprise,"Fine!
But this break-up was not all my fault, and she, she says here,  “If you accept full responsibility...”  Full responsibility!
“...I can begin to trust you again.
Does that seem like something you can do.
Does it?!
No?","Fine!
But this break-up was not all my fault, and she, she says here,  “If you accept full responsibility...”  Full responsibility!
“...I can begin to trust you again.
Does that seem like something you can do.
Does it?!
No?",surprise,6,4,neutral,False,0.02033355,0.0069730203,0.037573118,0.03946998,0.6973706,0.013245007,0.18503474
252,8,Chandler,"Look, Ross, you have what you want, you’re back with Rachel.",neutral,"But this break-up was not all my fault, and she, she says here,  “If you accept full responsibility...”  Full responsibility!
“...I can begin to trust you again.
Does that seem like something you can do.
Does it?!
No?
Look, Ross, you have what you want, you’re back with Rachel.","But this break-up was not all my fault, and she, she says here,  “If you accept full responsibility...”  Full responsibility!
“...I can begin to trust you again.
Does that seem like something you can do.
Does it?!
No?
Look, Ross, you have what you want, you’re back with Rachel.",neutral,4,4,neutral,True,0.048312355,0.0037899606,0.006637951,0.14141262,0.7747699,0.016360018,0.0087171225
252,9,Chandler,If you bring this up now you’re gonna wreck the best thing that even happened to you.,neutral,"“...I can begin to trust you again.
Does that seem like something you can do.
Does it?!
No?
Look, Ross, you have what you want, you’re back with Rachel.
If you bring this up now you’re gonna wreck the best thing that even happened to you.","“...I can begin to trust you again.
Does that seem like something you can do.
Does it?!
No?
Look, Ross, you have what you want, you’re back with Rachel.
If you bring this up now you’re gonna wreck the best thing that even happened to you.",neutral,4,0,anger,False,0.55928963,0.036417946,0.098587364,0.027389621,0.056838766,0.21112452,0.010352139
252,10,Ross,"Yeah, I know.",sadness,"Does that seem like something you can do.
Does it?!
No?
Look, Ross, you have what you want, you’re back with Rachel.
If you bring this up now you’re gonna wreck the best thing that even happened to you.
Yeah, I know.","Does that seem like something you can do.
Does it?!
No?
Look, Ross, you have what you want, you’re back with Rachel.
If you bring this up now you’re gonna wreck the best thing that even happened to you.
Yeah, I know.",sadness,5,4,neutral,False,0.008259326,0.0047180476,0.019894727,0.051688097,0.88831836,0.022459343,0.0046620453
252,11,Ross,"I mean, no, you’re right.",sadness,"Does it?!
No?
Look, Ross, you have what you want, you’re back with Rachel.
If you bring this up now you’re gonna wreck the best thing that even happened to you.
Yeah, I know.
I mean, no, you’re right.","Does it?!
No?
Look, Ross, you have what you want, you’re back with Rachel.
If you bring this up now you’re gonna wreck the best thing that even happened to you.
Yeah, I know.
I mean, no, you’re right.",sadness,5,4,neutral,False,0.045552887,0.0047542765,0.012337188,0.26028576,0.6382526,0.033804543,0.005012732
252,12,Ross,Yeah I guess I’ll let it go.,neutral,"No?
Look, Ross, you have what you want, you’re back with Rachel.
If you bring this up now you’re gonna wreck the best thing that even happened to you.
Yeah, I know.
I mean, no, you’re right.
Yeah I guess I’ll let it go.","No?
Look, Ross, you have what you want, you’re back with Rachel.
If you bring this up now you’re gonna wreck the best thing that even happened to you.
Yeah, I know.
I mean, no, you’re right.
Yeah I guess I’ll let it go.",neutral,4,5,sadness,False,0.0383396,0.0127720395,0.07136532,0.13250543,0.23101737,0.4994493,0.01455092
252,13,Ross,But you-you understand how-how hard it is to forget about this.,sadness,"Look, Ross, you have what you want, you’re back with Rachel.
If you bring this up now you’re gonna wreck the best thing that even happened to you.
Yeah, I know.
I mean, no, you’re right.
Yeah I guess I’ll let it go.
But you-you understand how-how hard it is to forget about this.","Look, Ross, you have what you want, you’re back with Rachel.
If you bring this up now you’re gonna wreck the best thing that even happened to you.
Yeah, I know.
I mean, no, you’re right.
Yeah I guess I’ll let it go.
But you-you understand how-how hard it is to forget about this.",sadness,5,5,sadness,True,0.1126941,0.016217407,0.074908726,0.03406189,0.04772405,0.6950982,0.019295618
252,14,Joey,"Sure, it’s hard to forget!",neutral,"If you bring this up now you’re gonna wreck the best thing that even happened to you.
Yeah, I know.
I mean, no, you’re right.
Yeah I guess I’ll let it go.
But you-you understand how-how hard it is to forget about this.
Sure, it’s hard to forget!","If you bring this up now you’re gonna wreck the best thing that even happened to you.
Yeah, I know.
I mean, no, you’re right.
Yeah I guess I’ll let it go.
But you-you understand how-how hard it is to forget about this.
Sure, it’s hard to forget!",neutral,4,5,sadness,False,0.18845728,0.01663216,0.05950871,0.1391882,0.041718088,0.5290427,0.025452834
252,15,Joey,But that doesn’t mean you have to talk about it!,neutral,"Yeah, I know.
I mean, no, you’re right.
Yeah I guess I’ll let it go.
But you-you understand how-how hard it is to forget about this.
Sure, it’s hard to forget!
But that doesn’t mean you have to talk about it!","Yeah, I know.
I mean, no, you’re right.
Yeah I guess I’ll let it go.
But you-you understand how-how hard it is to forget about this.
Sure, it’s hard to forget!
But that doesn’t mean you have to talk about it!",neutral,4,0,anger,False,0.6202716,0.025922665,0.11607527,0.026429122,0.08152335,0.10395738,0.025820607
252,16,Joey,"A lot of things happened on that trip that we should never,  ever talk about.",neutral,"I mean, no, you’re right.
Yeah I guess I’ll let it go.
But you-you understand how-how hard it is to forget about this.
Sure, it’s hard to forget!
But that doesn’t mean you have to talk about it!
A lot of things happened on that trip that we should never,  ever talk about.","I mean, no, you’re right.
Yeah I guess I’ll let it go.
But you-you understand how-how hard it is to forget about this.
Sure, it’s hard to forget!
But that doesn’t mean you have to talk about it!
A lot of things happened on that trip that we should never,  ever talk about.",neutral,4,4,neutral,True,0.20455459,0.028970895,0.11129457,0.0876326,0.38152918,0.16134915,0.02466909
252,17,Ross,What the hell happened on that beach?!,surprise,"Yeah I guess I’ll let it go.
But you-you understand how-how hard it is to forget about this.
Sure, it’s hard to forget!
But that doesn’t mean you have to talk about it!
A lot of things happened on that trip that we should never,  ever talk about.
What the hell happened on that beach?!","Yeah I guess I’ll let it go.
But you-you understand how-how hard it is to forget about this.
Sure, it’s hard to forget!
But that doesn’t mean you have to talk about it!
A lot of things happened on that trip that we should never,  ever talk about.
What the hell happened on that beach?!",surprise,6,6,surprise,True,0.047446374,0.0057598944,0.005184661,0.011196579,0.0102635445,0.010323558,0.9098254
252,18,Joey,"It’s between us and the sea, Ross!",neutral,"But you-you understand how-how hard it is to forget about this.
Sure, it’s hard to forget!
But that doesn’t mean you have to talk about it!
A lot of things happened on that trip that we should never,  ever talk about.
What the hell happened on that beach?!
It’s between us and the sea, Ross!","But you-you understand how-how hard it is to forget about this.
Sure, it’s hard to forget!
But that doesn’t mean you have to talk about it!
A lot of things happened on that trip that we should never,  ever talk about.
What the hell happened on that beach?!
It’s between us and the sea, Ross!",neutral,4,0,anger,False,0.576792,0.009859305,0.010657617,0.16307646,0.026118264,0.022848414,0.190648
253,5,Chandler,"Oh, by the way, that is her full name.",neutral,"I didn’t think you were gay. I do now.
See my friend-my friend, Rachel, she wants to be set up.
Ahh, I just got out of a big relationship, I’m not looking for any thing serious.
Oh, y’know what, that might be okay even if it was just kind of a fling, that might be all right with Rachel.
Whoa-whoa-whoa-whoa! Is this, hot Rachel, that you took to the Christmas party, Rachel?
Oh, by the way, that is her full name.","I didn’t think you were gay. I do now.
See my friend-my friend, Rachel, she wants to be set up.
Ahh, I just got out of a big relationship, I’m not looking for any thing serious.
Oh, y’know what, that might be okay even if it was just kind of a fling, that might be all right with Rachel.
Whoa-whoa-whoa-whoa! Is this, hot Rachel, that you took to the Christmas party, Rachel?
Oh, by the way, that is her full name.",neutral,4,4,neutral,True,0.0074072485,0.01656657,0.00908039,0.16605672,0.63085157,0.0107882805,0.15924929
253,6,Mike,Oh wow! I’m free for her!,joy,"See my friend-my friend, Rachel, she wants to be set up.
Ahh, I just got out of a big relationship, I’m not looking for any thing serious.
Oh, y’know what, that might be okay even if it was just kind of a fling, that might be all right with Rachel.
Whoa-whoa-whoa-whoa! Is this, hot Rachel, that you took to the Christmas party, Rachel?
Oh, by the way, that is her full name.
Oh wow! I’m free for her!","See my friend-my friend, Rachel, she wants to be set up.
Ahh, I just got out of a big relationship, I’m not looking for any thing serious.
Oh, y’know what, that might be okay even if it was just kind of a fling, that might be all right with Rachel.
Whoa-whoa-whoa-whoa! Is this, hot Rachel, that you took to the Christmas party, Rachel?
Oh, by the way, that is her full name.
Oh wow! I’m free for her!",joy,3,3,joy,True,0.03786281,0.0035840126,0.0028208503,0.90373594,0.021397483,0.0061881975,0.024410767
253,7,Drew,"Oh, wait a second! I didn’t say I wasn’t free!",surprise,"Ahh, I just got out of a big relationship, I’m not looking for any thing serious.
Oh, y’know what, that might be okay even if it was just kind of a fling, that might be all right with Rachel.
Whoa-whoa-whoa-whoa! Is this, hot Rachel, that you took to the Christmas party, Rachel?
Oh, by the way, that is her full name.
Oh wow! I’m free for her!
Oh, wait a second! I didn’t say I wasn’t free!","Ahh, I just got out of a big relationship, I’m not looking for any thing serious.
Oh, y’know what, that might be okay even if it was just kind of a fling, that might be all right with Rachel.
Whoa-whoa-whoa-whoa! Is this, hot Rachel, that you took to the Christmas party, Rachel?
Oh, by the way, that is her full name.
Oh wow! I’m free for her!
Oh, wait a second! I didn’t say I wasn’t free!",surprise,6,6,surprise,True,0.046822794,0.0134688085,0.0143018095,0.05017992,0.010670349,0.018457806,0.8460985
253,8,Mike,"Hey, Chandler, why don’t we talk this over at the Ranger game tomorrow?",neutral,"Oh, y’know what, that might be okay even if it was just kind of a fling, that might be all right with Rachel.
Whoa-whoa-whoa-whoa! Is this, hot Rachel, that you took to the Christmas party, Rachel?
Oh, by the way, that is her full name.
Oh wow! I’m free for her!
Oh, wait a second! I didn’t say I wasn’t free!
Hey, Chandler, why don’t we talk this over at the Ranger game tomorrow?","Oh, y’know what, that might be okay even if it was just kind of a fling, that might be all right with Rachel.
Whoa-whoa-whoa-whoa! Is this, hot Rachel, that you took to the Christmas party, Rachel?
Oh, by the way, that is her full name.
Oh wow! I’m free for her!
Oh, wait a second! I didn’t say I wasn’t free!
Hey, Chandler, why don’t we talk this over at the Ranger game tomorrow?",neutral,4,4,neutral,True,0.014895251,0.002764988,0.0025436433,0.08279103,0.8863578,0.0030272857,0.007619964
253,9,Drew,"Hold on, y’know I",neutral,"Whoa-whoa-whoa-whoa! Is this, hot Rachel, that you took to the Christmas party, Rachel?
Oh, by the way, that is her full name.
Oh wow! I’m free for her!
Oh, wait a second! I didn’t say I wasn’t free!
Hey, Chandler, why don’t we talk this over at the Ranger game tomorrow?
Hold on, y’know I","Whoa-whoa-whoa-whoa! Is this, hot Rachel, that you took to the Christmas party, Rachel?
Oh, by the way, that is her full name.
Oh wow! I’m free for her!
Oh, wait a second! I didn’t say I wasn’t free!
Hey, Chandler, why don’t we talk this over at the Ranger game tomorrow?
Hold on, y’know I",neutral,4,4,neutral,True,0.03463568,0.004282436,0.010183491,0.041762598,0.899272,0.0063846856,0.0034791448
253,10,Chandler,"Oh well, that’s uh, a little later than I uh, generally care to stay, but sure!",joy,"Oh, by the way, that is her full name.
Oh wow! I’m free for her!
Oh, wait a second! I didn’t say I wasn’t free!
Hey, Chandler, why don’t we talk this over at the Ranger game tomorrow?
Hold on, y’know I
Oh well, that’s uh, a little later than I uh, generally care to stay, but sure!","Oh, by the way, that is her full name.
Oh wow! I’m free for her!
Oh, wait a second! I didn’t say I wasn’t free!
Hey, Chandler, why don’t we talk this over at the Ranger game tomorrow?
Hold on, y’know I
Oh well, that’s uh, a little later than I uh, generally care to stay, but sure!",joy,3,3,joy,True,0.09099759,0.00534788,0.00845019,0.71370286,0.15375103,0.009448483,0.018301956
253,11,Mike,"Maybe, before the game we could enjoy some eight year old some small batch Basel Hadens.",neutral,"Oh wow! I’m free for her!
Oh, wait a second! I didn’t say I wasn’t free!
Hey, Chandler, why don’t we talk this over at the Ranger game tomorrow?
Hold on, y’know I
Oh well, that’s uh, a little later than I uh, generally care to stay, but sure!
Maybe, before the game we could enjoy some eight year old some small batch Basel Hadens.","Oh wow! I’m free for her!
Oh, wait a second! I didn’t say I wasn’t free!
Hey, Chandler, why don’t we talk this over at the Ranger game tomorrow?
Hold on, y’know I
Oh well, that’s uh, a little later than I uh, generally care to stay, but sure!
Maybe, before the game we could enjoy some eight year old some small batch Basel Hadens.",neutral,4,4,neutral,True,0.0062637646,0.0037978813,0.0035778137,0.02961533,0.94928527,0.00346194,0.0039980183
253,12,Chandler,"Well, I don’t really know what that is, but",neutral,"Oh, wait a second! I didn’t say I wasn’t free!
Hey, Chandler, why don’t we talk this over at the Ranger game tomorrow?
Hold on, y’know I
Oh well, that’s uh, a little later than I uh, generally care to stay, but sure!
Maybe, before the game we could enjoy some eight year old some small batch Basel Hadens.
Well, I don’t really know what that is, but","Oh, wait a second! I didn’t say I wasn’t free!
Hey, Chandler, why don’t we talk this over at the Ranger game tomorrow?
Hold on, y’know I
Oh well, that’s uh, a little later than I uh, generally care to stay, but sure!
Maybe, before the game we could enjoy some eight year old some small batch Basel Hadens.
Well, I don’t really know what that is, but",neutral,4,4,neutral,True,0.012410215,0.0052962694,0.025236793,0.06734499,0.84628576,0.025174169,0.018251814
254,5,Ross,"Joey, get out of the fridge.",anger,"Monica, let's go. Come on now people, woman in labor.
Hey Ross, look what I've got going here.
Yeah, save it for the cab, okay.
What are you doing? We're going to a hospital.
What, so I can't lokk nice? There might be doctors there.
Joey, get out of the fridge.","Monica, let's go. Come on now people, woman in labor.
Hey Ross, look what I've got going here.
Yeah, save it for the cab, okay.
What are you doing? We're going to a hospital.
What, so I can't lokk nice? There might be doctors there.
Joey, get out of the fridge.",anger,0,4,neutral,False,0.03345488,0.013572891,0.0057501467,0.038965456,0.8984644,0.0057415515,0.004050679
254,6,Joey,"All right, all right.",anger,"Hey Ross, look what I've got going here.
Yeah, save it for the cab, okay.
What are you doing? We're going to a hospital.
What, so I can't lokk nice? There might be doctors there.
Joey, get out of the fridge.
All right, all right.","Hey Ross, look what I've got going here.
Yeah, save it for the cab, okay.
What are you doing? We're going to a hospital.
What, so I can't lokk nice? There might be doctors there.
Joey, get out of the fridge.
All right, all right.",anger,0,4,neutral,False,0.008984963,0.001914878,0.0041637947,0.024511654,0.9551555,0.0039479733,0.0013211909
254,7,Ross,What is that?,surprise,"Yeah, save it for the cab, okay.
What are you doing? We're going to a hospital.
What, so I can't lokk nice? There might be doctors there.
Joey, get out of the fridge.
All right, all right.
What is that?","Yeah, save it for the cab, okay.
What are you doing? We're going to a hospital.
What, so I can't lokk nice? There might be doctors there.
Joey, get out of the fridge.
All right, all right.
What is that?",surprise,6,6,surprise,True,0.009444125,0.006488881,0.021726575,0.015076571,0.12582901,0.014885657,0.80654913
254,8,Joey,For the ride.,neutral,"What are you doing? We're going to a hospital.
What, so I can't lokk nice? There might be doctors there.
Joey, get out of the fridge.
All right, all right.
What is that?
For the ride.","What are you doing? We're going to a hospital.
What, so I can't lokk nice? There might be doctors there.
Joey, get out of the fridge.
All right, all right.
What is that?
For the ride.",neutral,4,4,neutral,True,0.0049712206,0.0035089243,0.002077748,0.029748745,0.95243615,0.0045303833,0.0027268578
254,9,Chandler,"Yeah, like in a cab...",neutral,"What, so I can't lokk nice? There might be doctors there.
Joey, get out of the fridge.
All right, all right.
What is that?
For the ride.
Yeah, like in a cab...","What, so I can't lokk nice? There might be doctors there.
Joey, get out of the fridge.
All right, all right.
What is that?
For the ride.
Yeah, like in a cab...",neutral,4,4,neutral,True,0.0037935374,0.0023375666,0.0026905725,0.012183223,0.97434425,0.0031132586,0.0015376946
254,10,Ross,Save it.,neutral,"Joey, get out of the fridge.
All right, all right.
What is that?
For the ride.
Yeah, like in a cab...
Save it.","Joey, get out of the fridge.
All right, all right.
What is that?
For the ride.
Yeah, like in a cab...
Save it.",neutral,4,4,neutral,True,0.017292283,0.0055260784,0.0048247646,0.042710062,0.92102015,0.006214636,0.0024120994
254,11,Chandler,"Okay, hating this.",disgust,"All right, all right.
What is that?
For the ride.
Yeah, like in a cab...
Save it.
Okay, hating this.","All right, all right.
What is that?
For the ride.
Yeah, like in a cab...
Save it.
Okay, hating this.",disgust,1,5,sadness,False,0.2910532,0.17009689,0.12323398,0.029914076,0.05413295,0.31437838,0.01719052
254,12,Ross,"Monica, come on now. Let's go, baby coming.",neutral,"What is that?
For the ride.
Yeah, like in a cab...
Save it.
Okay, hating this.
Monica, come on now. Let's go, baby coming.","What is that?
For the ride.
Yeah, like in a cab...
Save it.
Okay, hating this.
Monica, come on now. Let's go, baby coming.",neutral,4,3,joy,False,0.01989899,0.013169155,0.016431369,0.7559583,0.1399826,0.03604156,0.018518047
254,13,Monica,"I can't belive it, I'm gonna be an aunt. I'm gonna have like a nephew.",joy,"For the ride.
Yeah, like in a cab...
Save it.
Okay, hating this.
Monica, come on now. Let's go, baby coming.
I can't belive it, I'm gonna be an aunt. I'm gonna have like a nephew.","For the ride.
Yeah, like in a cab...
Save it.
Okay, hating this.
Monica, come on now. Let's go, baby coming.
I can't belive it, I'm gonna be an aunt. I'm gonna have like a nephew.",joy,3,3,joy,True,0.043767314,0.01090795,0.02589163,0.65395826,0.16820388,0.08964509,0.0076258704
254,14,Ross,"That's nice. Get out Let's go, come on.",disgust,"Yeah, like in a cab...
Save it.
Okay, hating this.
Monica, come on now. Let's go, baby coming.
I can't belive it, I'm gonna be an aunt. I'm gonna have like a nephew.
That's nice. Get out Let's go, come on.","Yeah, like in a cab...
Save it.
Okay, hating this.
Monica, come on now. Let's go, baby coming.
I can't belive it, I'm gonna be an aunt. I'm gonna have like a nephew.
That's nice. Get out Let's go, come on.",disgust,1,4,neutral,False,0.059537493,0.009885074,0.020401092,0.11859764,0.772551,0.015159966,0.0038677678
254,15,Joey,"All right, I'm going. I'm going.",anger,"Save it.
Okay, hating this.
Monica, come on now. Let's go, baby coming.
I can't belive it, I'm gonna be an aunt. I'm gonna have like a nephew.
That's nice. Get out Let's go, come on.
All right, I'm going. I'm going.","Save it.
Okay, hating this.
Monica, come on now. Let's go, baby coming.
I can't belive it, I'm gonna be an aunt. I'm gonna have like a nephew.
That's nice. Get out Let's go, come on.
All right, I'm going. I'm going.",anger,0,4,neutral,False,0.056073338,0.0057840934,0.013977928,0.34718558,0.5557201,0.016273666,0.004985274
254,16,Chandler,"Here we go, here we go.",neutral,"Okay, hating this.
Monica, come on now. Let's go, baby coming.
I can't belive it, I'm gonna be an aunt. I'm gonna have like a nephew.
That's nice. Get out Let's go, come on.
All right, I'm going. I'm going.
Here we go, here we go.","Okay, hating this.
Monica, come on now. Let's go, baby coming.
I can't belive it, I'm gonna be an aunt. I'm gonna have like a nephew.
That's nice. Get out Let's go, come on.
All right, I'm going. I'm going.
Here we go, here we go.",neutral,4,3,joy,False,0.04840841,0.009467323,0.0251766,0.44623122,0.43181673,0.03101556,0.007884185
254,17,Rachel,"Rossy, Rossy.",neutral,"Monica, come on now. Let's go, baby coming.
I can't belive it, I'm gonna be an aunt. I'm gonna have like a nephew.
That's nice. Get out Let's go, come on.
All right, I'm going. I'm going.
Here we go, here we go.
Rossy, Rossy.","Monica, come on now. Let's go, baby coming.
I can't belive it, I'm gonna be an aunt. I'm gonna have like a nephew.
That's nice. Get out Let's go, come on.
All right, I'm going. I'm going.
Here we go, here we go.
Rossy, Rossy.",neutral,4,3,joy,False,0.021584136,0.0057334583,0.00953857,0.5823759,0.34955746,0.023521958,0.0076885493
255,5,Rachel,Oh my God! Calling from Rome!,surprise,"WHAT IS IT?!
Okay, I-I d'know, you-you just- you have a quality.
Yes. Absolutely. A quality.
Oh, oh, a quality, good, because I was worried you guys were gonna be vague about this.
Hello? Hello? Oh! Rachel, it's Paolo calling from Rome.
Oh my God! Calling from Rome!","WHAT IS IT?!
Okay, I-I d'know, you-you just- you have a quality.
Yes. Absolutely. A quality.
Oh, oh, a quality, good, because I was worried you guys were gonna be vague about this.
Hello? Hello? Oh! Rachel, it's Paolo calling from Rome.
Oh my God! Calling from Rome!",surprise,6,6,surprise,True,0.011174365,0.005396352,0.0033261946,0.12969926,0.010408261,0.006166537,0.833829
255,6,Ross,So he's calling from Rome. I could do that. Just gotta go to Rome.,neutral,"Okay, I-I d'know, you-you just- you have a quality.
Yes. Absolutely. A quality.
Oh, oh, a quality, good, because I was worried you guys were gonna be vague about this.
Hello? Hello? Oh! Rachel, it's Paolo calling from Rome.
Oh my God! Calling from Rome!
So he's calling from Rome. I could do that. Just gotta go to Rome.","Okay, I-I d'know, you-you just- you have a quality.
Yes. Absolutely. A quality.
Oh, oh, a quality, good, because I was worried you guys were gonna be vague about this.
Hello? Hello? Oh! Rachel, it's Paolo calling from Rome.
Oh my God! Calling from Rome!
So he's calling from Rome. I could do that. Just gotta go to Rome.",neutral,4,4,neutral,True,0.0064079785,0.0024961787,0.004300676,0.021369832,0.95779836,0.004523758,0.0031032178
255,7,Rachel,"Monica, your dad just beeped in, but can you make it quick? Talking to Rome.  I'm talking to Rome.",joy,"Yes. Absolutely. A quality.
Oh, oh, a quality, good, because I was worried you guys were gonna be vague about this.
Hello? Hello? Oh! Rachel, it's Paolo calling from Rome.
Oh my God! Calling from Rome!
So he's calling from Rome. I could do that. Just gotta go to Rome.
Monica, your dad just beeped in, but can you make it quick? Talking to Rome.  I'm talking to Rome.","Yes. Absolutely. A quality.
Oh, oh, a quality, good, because I was worried you guys were gonna be vague about this.
Hello? Hello? Oh! Rachel, it's Paolo calling from Rome.
Oh my God! Calling from Rome!
So he's calling from Rome. I could do that. Just gotta go to Rome.
Monica, your dad just beeped in, but can you make it quick? Talking to Rome.  I'm talking to Rome.",joy,3,4,neutral,False,0.023575628,0.004979505,0.0031080917,0.023870064,0.93514323,0.0034155312,0.005907841
255,8,Monica,"Hey dad, what's up?  Oh God. Ross, it's Nana.",sadness,"Oh, oh, a quality, good, because I was worried you guys were gonna be vague about this.
Hello? Hello? Oh! Rachel, it's Paolo calling from Rome.
Oh my God! Calling from Rome!
So he's calling from Rome. I could do that. Just gotta go to Rome.
Monica, your dad just beeped in, but can you make it quick? Talking to Rome.  I'm talking to Rome.
Hey dad, what's up?  Oh God. Ross, it's Nana.","Oh, oh, a quality, good, because I was worried you guys were gonna be vague about this.
Hello? Hello? Oh! Rachel, it's Paolo calling from Rome.
Oh my God! Calling from Rome!
So he's calling from Rome. I could do that. Just gotta go to Rome.
Monica, your dad just beeped in, but can you make it quick? Talking to Rome.  I'm talking to Rome.
Hey dad, what's up?  Oh God. Ross, it's Nana.",sadness,5,4,neutral,False,0.0125592295,0.003226443,0.0030374806,0.19814655,0.770719,0.0050005354,0.0073107597
258,5,Joey,Which I'm not.,neutral,"How about Joey... Pepponi?
No, still too ethnic. My agent thinks I should have a name that's more neutral.
Joey... Switzerland?
Plus, y'know, I think it should be Joe.
Y'know, Joey makes me sound like I'm, I dunno, this big.
Which I'm not.","How about Joey... Pepponi?
No, still too ethnic. My agent thinks I should have a name that's more neutral.
Joey... Switzerland?
Plus, y'know, I think it should be Joe.
Y'know, Joey makes me sound like I'm, I dunno, this big.
Which I'm not.",neutral,4,4,neutral,True,0.022202479,0.0073343003,0.013786691,0.05635926,0.8708519,0.024466528,0.0049988125
258,6,Chandler,Joe...Joe...Joe...Stalin?,neutral,"No, still too ethnic. My agent thinks I should have a name that's more neutral.
Joey... Switzerland?
Plus, y'know, I think it should be Joe.
Y'know, Joey makes me sound like I'm, I dunno, this big.
Which I'm not.
Joe...Joe...Joe...Stalin?","No, still too ethnic. My agent thinks I should have a name that's more neutral.
Joey... Switzerland?
Plus, y'know, I think it should be Joe.
Y'know, Joey makes me sound like I'm, I dunno, this big.
Which I'm not.
Joe...Joe...Joe...Stalin?",neutral,4,6,surprise,False,0.047277078,0.0131533295,0.038750816,0.066219114,0.28820297,0.05803109,0.4883656
258,7,Joey,Stalin...Stalin...do I know that name? It sounds familiar.,neutral,"Joey... Switzerland?
Plus, y'know, I think it should be Joe.
Y'know, Joey makes me sound like I'm, I dunno, this big.
Which I'm not.
Joe...Joe...Joe...Stalin?
Stalin...Stalin...do I know that name? It sounds familiar.","Joey... Switzerland?
Plus, y'know, I think it should be Joe.
Y'know, Joey makes me sound like I'm, I dunno, this big.
Which I'm not.
Joe...Joe...Joe...Stalin?
Stalin...Stalin...do I know that name? It sounds familiar.",neutral,4,4,neutral,True,0.005783304,0.0022912917,0.0030628054,0.014542505,0.96948695,0.0020471853,0.0027859062
258,8,Chandler,"Well, it does not ring a bell with me...",neutral,"Plus, y'know, I think it should be Joe.
Y'know, Joey makes me sound like I'm, I dunno, this big.
Which I'm not.
Joe...Joe...Joe...Stalin?
Stalin...Stalin...do I know that name? It sounds familiar.
Well, it does not ring a bell with me...","Plus, y'know, I think it should be Joe.
Y'know, Joey makes me sound like I'm, I dunno, this big.
Which I'm not.
Joe...Joe...Joe...Stalin?
Stalin...Stalin...do I know that name? It sounds familiar.
Well, it does not ring a bell with me...",neutral,4,4,neutral,True,0.08617163,0.019343188,0.05078757,0.098805204,0.56207067,0.16524918,0.01757254
258,9,Joey,"Joe Stalin. Y'know, that's pretty good.",joy,"Y'know, Joey makes me sound like I'm, I dunno, this big.
Which I'm not.
Joe...Joe...Joe...Stalin?
Stalin...Stalin...do I know that name? It sounds familiar.
Well, it does not ring a bell with me...
Joe Stalin. Y'know, that's pretty good.","Y'know, Joey makes me sound like I'm, I dunno, this big.
Which I'm not.
Joe...Joe...Joe...Stalin?
Stalin...Stalin...do I know that name? It sounds familiar.
Well, it does not ring a bell with me...
Joe Stalin. Y'know, that's pretty good.",joy,3,4,neutral,False,0.012029066,0.005839353,0.0055590356,0.22446643,0.732141,0.014795015,0.0051700086
258,10,Chandler,Might wanna try Joseph.,neutral,"Which I'm not.
Joe...Joe...Joe...Stalin?
Stalin...Stalin...do I know that name? It sounds familiar.
Well, it does not ring a bell with me...
Joe Stalin. Y'know, that's pretty good.
Might wanna try Joseph.","Which I'm not.
Joe...Joe...Joe...Stalin?
Stalin...Stalin...do I know that name? It sounds familiar.
Well, it does not ring a bell with me...
Joe Stalin. Y'know, that's pretty good.
Might wanna try Joseph.",neutral,4,4,neutral,True,0.0054362067,0.0034723142,0.0048676315,0.046582475,0.9316771,0.004740233,0.0032240667
258,11,Joey,Joseph Stalin. I think you'd remember that!,joy,"Joe...Joe...Joe...Stalin?
Stalin...Stalin...do I know that name? It sounds familiar.
Well, it does not ring a bell with me...
Joe Stalin. Y'know, that's pretty good.
Might wanna try Joseph.
Joseph Stalin. I think you'd remember that!","Joe...Joe...Joe...Stalin?
Stalin...Stalin...do I know that name? It sounds familiar.
Well, it does not ring a bell with me...
Joe Stalin. Y'know, that's pretty good.
Might wanna try Joseph.
Joseph Stalin. I think you'd remember that!",joy,3,3,joy,True,0.10783429,0.0052712755,0.0084348135,0.69443226,0.12437096,0.011826492,0.04782991
258,12,Chandler,"Oh yes! Bye Bye Birdie, starring Joseph Stalin. Joseph Stalin is the Fiddler on the Roof.",joy,"Stalin...Stalin...do I know that name? It sounds familiar.
Well, it does not ring a bell with me...
Joe Stalin. Y'know, that's pretty good.
Might wanna try Joseph.
Joseph Stalin. I think you'd remember that!
Oh yes! Bye Bye Birdie, starring Joseph Stalin. Joseph Stalin is the Fiddler on the Roof.","Stalin...Stalin...do I know that name? It sounds familiar.
Well, it does not ring a bell with me...
Joe Stalin. Y'know, that's pretty good.
Might wanna try Joseph.
Joseph Stalin. I think you'd remember that!
Oh yes! Bye Bye Birdie, starring Joseph Stalin. Joseph Stalin is the Fiddler on the Roof.",joy,3,3,joy,True,0.023073975,0.007161066,0.006778671,0.7745337,0.14235045,0.033592694,0.012509408
259,5,Ross,"Plus, I’m a doctor, and I had a monkey.",neutral,"Are you kidding?
Okay, look.
I-I studied evolution.
Remember, evolution?
Monkey into man?
Plus, I’m a doctor, and I had a monkey.","Are you kidding?
Okay, look.
I-I studied evolution.
Remember, evolution?
Monkey into man?
Plus, I’m a doctor, and I had a monkey.",neutral,4,4,neutral,True,0.09380777,0.028875401,0.01655775,0.29548392,0.41304424,0.03770882,0.114522114
259,6,Ross,I’m Doctor Monkey!,anger,"Okay, look.
I-I studied evolution.
Remember, evolution?
Monkey into man?
Plus, I’m a doctor, and I had a monkey.
I’m Doctor Monkey!","Okay, look.
I-I studied evolution.
Remember, evolution?
Monkey into man?
Plus, I’m a doctor, and I had a monkey.
I’m Doctor Monkey!",anger,0,3,joy,False,0.09678126,0.015402544,0.007540674,0.5744361,0.015097828,0.016536273,0.27420533
259,7,Chandler,I’m not arguing with that.,neutral,"I-I studied evolution.
Remember, evolution?
Monkey into man?
Plus, I’m a doctor, and I had a monkey.
I’m Doctor Monkey!
I’m not arguing with that.","I-I studied evolution.
Remember, evolution?
Monkey into man?
Plus, I’m a doctor, and I had a monkey.
I’m Doctor Monkey!
I’m not arguing with that.",neutral,4,4,neutral,True,0.3386772,0.03363393,0.02608508,0.07190201,0.5009362,0.019286918,0.009478633
259,8,Monica,"All right, I’ve heard enough. I’ve made my decision.",neutral,"Remember, evolution?
Monkey into man?
Plus, I’m a doctor, and I had a monkey.
I’m Doctor Monkey!
I’m not arguing with that.
All right, I’ve heard enough. I’ve made my decision.","Remember, evolution?
Monkey into man?
Plus, I’m a doctor, and I had a monkey.
I’m Doctor Monkey!
I’m not arguing with that.
All right, I’ve heard enough. I’ve made my decision.",neutral,4,4,neutral,True,0.24678198,0.008426026,0.032944802,0.17408915,0.40725365,0.12002558,0.010478811
259,9,Monica,You are both idiots.,disgust,"Monkey into man?
Plus, I’m a doctor, and I had a monkey.
I’m Doctor Monkey!
I’m not arguing with that.
All right, I’ve heard enough. I’ve made my decision.
You are both idiots.","Monkey into man?
Plus, I’m a doctor, and I had a monkey.
I’m Doctor Monkey!
I’m not arguing with that.
All right, I’ve heard enough. I’ve made my decision.
You are both idiots.",disgust,1,0,anger,False,0.55318624,0.264249,0.031005021,0.029754654,0.046386056,0.050853662,0.024565404
259,10,Monica,"The joke is not funny, and it’s offensive to women, and doctors, and monkeys!",disgust,"Plus, I’m a doctor, and I had a monkey.
I’m Doctor Monkey!
I’m not arguing with that.
All right, I’ve heard enough. I’ve made my decision.
You are both idiots.
The joke is not funny, and it’s offensive to women, and doctors, and monkeys!","Plus, I’m a doctor, and I had a monkey.
I’m Doctor Monkey!
I’m not arguing with that.
All right, I’ve heard enough. I’ve made my decision.
You are both idiots.
The joke is not funny, and it’s offensive to women, and doctors, and monkeys!",disgust,1,0,anger,False,0.7535812,0.12826966,0.024954068,0.01787547,0.016541507,0.033620566,0.025157545
259,11,Monica,"You shouldn’t be arguing over who gets credit, you should be arguing over who gets blamed for inflicting this horrible joke upon the world!",anger,"I’m Doctor Monkey!
I’m not arguing with that.
All right, I’ve heard enough. I’ve made my decision.
You are both idiots.
The joke is not funny, and it’s offensive to women, and doctors, and monkeys!
You shouldn’t be arguing over who gets credit, you should be arguing over who gets blamed for inflicting this horrible joke upon the world!","I’m Doctor Monkey!
I’m not arguing with that.
All right, I’ve heard enough. I’ve made my decision.
You are both idiots.
The joke is not funny, and it’s offensive to women, and doctors, and monkeys!
You shouldn’t be arguing over who gets credit, you should be arguing over who gets blamed for inflicting this horrible joke upon the world!",anger,0,0,anger,True,0.8866647,0.028970288,0.015295083,0.012426041,0.010238217,0.031344555,0.015061178
259,12,Monica,Now let it go!,anger,"I’m not arguing with that.
All right, I’ve heard enough. I’ve made my decision.
You are both idiots.
The joke is not funny, and it’s offensive to women, and doctors, and monkeys!
You shouldn’t be arguing over who gets credit, you should be arguing over who gets blamed for inflicting this horrible joke upon the world!
Now let it go!","I’m not arguing with that.
All right, I’ve heard enough. I’ve made my decision.
You are both idiots.
The joke is not funny, and it’s offensive to women, and doctors, and monkeys!
You shouldn’t be arguing over who gets credit, you should be arguing over who gets blamed for inflicting this horrible joke upon the world!
Now let it go!",anger,0,0,anger,True,0.8084362,0.014787219,0.023971602,0.061452314,0.06384813,0.019086456,0.008418011
259,13,Monica,The joke sucks!,anger,"All right, I’ve heard enough. I’ve made my decision.
You are both idiots.
The joke is not funny, and it’s offensive to women, and doctors, and monkeys!
You shouldn’t be arguing over who gets credit, you should be arguing over who gets blamed for inflicting this horrible joke upon the world!
Now let it go!
The joke sucks!","All right, I’ve heard enough. I’ve made my decision.
You are both idiots.
The joke is not funny, and it’s offensive to women, and doctors, and monkeys!
You shouldn’t be arguing over who gets credit, you should be arguing over who gets blamed for inflicting this horrible joke upon the world!
Now let it go!
The joke sucks!",anger,0,0,anger,True,0.515548,0.18250102,0.025404032,0.14314425,0.031531304,0.06813215,0.033739198
259,14,Ross,It’s your joke.,neutral,"You are both idiots.
The joke is not funny, and it’s offensive to women, and doctors, and monkeys!
You shouldn’t be arguing over who gets credit, you should be arguing over who gets blamed for inflicting this horrible joke upon the world!
Now let it go!
The joke sucks!
It’s your joke.","You are both idiots.
The joke is not funny, and it’s offensive to women, and doctors, and monkeys!
You shouldn’t be arguing over who gets credit, you should be arguing over who gets blamed for inflicting this horrible joke upon the world!
Now let it go!
The joke sucks!
It’s your joke.",neutral,4,4,neutral,True,0.22301702,0.1485389,0.011081491,0.24409686,0.3116311,0.029559867,0.032074735
259,15,Chandler,Is not.,anger,"The joke is not funny, and it’s offensive to women, and doctors, and monkeys!
You shouldn’t be arguing over who gets credit, you should be arguing over who gets blamed for inflicting this horrible joke upon the world!
Now let it go!
The joke sucks!
It’s your joke.
Is not.","The joke is not funny, and it’s offensive to women, and doctors, and monkeys!
You shouldn’t be arguing over who gets credit, you should be arguing over who gets blamed for inflicting this horrible joke upon the world!
Now let it go!
The joke sucks!
It’s your joke.
Is not.",anger,0,4,neutral,False,0.05433512,0.0077447756,0.008454084,0.013116915,0.9049519,0.009149061,0.0022480974
260,5,Joey,"Yeah listen so, I thought I was getting better, so on my way home today I stopped by this guitar store and",neutral,"Hey everybody, Rachel was so good today. She didn't gossip at all.
I didn’t!
Even when I found out…umm, all right, well let's just say I found something out something about someone and let's just say she's gonna keep it.
Hey, Pheebs! Check-check this out.
Ooh, you nailed the Old Lady!
Yeah listen so, I thought I was getting better, so on my way home today I stopped by this guitar store and","Hey everybody, Rachel was so good today. She didn't gossip at all.
I didn’t!
Even when I found out…umm, all right, well let's just say I found something out something about someone and let's just say she's gonna keep it.
Hey, Pheebs! Check-check this out.
Ooh, you nailed the Old Lady!
Yeah listen so, I thought I was getting better, so on my way home today I stopped by this guitar store and",neutral,4,4,neutral,True,0.036050193,0.0208498,0.020489544,0.11943134,0.7542049,0.029291771,0.019682437
260,6,Phoebe,"Did you, did you",anger,"I didn’t!
Even when I found out…umm, all right, well let's just say I found something out something about someone and let's just say she's gonna keep it.
Hey, Pheebs! Check-check this out.
Ooh, you nailed the Old Lady!
Yeah listen so, I thought I was getting better, so on my way home today I stopped by this guitar store and
Did you, did you","I didn’t!
Even when I found out…umm, all right, well let's just say I found something out something about someone and let's just say she's gonna keep it.
Hey, Pheebs! Check-check this out.
Ooh, you nailed the Old Lady!
Yeah listen so, I thought I was getting better, so on my way home today I stopped by this guitar store and
Did you, did you",anger,0,4,neutral,False,0.11559757,0.04157956,0.17317371,0.07078769,0.3738014,0.07233288,0.15272717
260,7,Joey,No.,neutral,"Even when I found out…umm, all right, well let's just say I found something out something about someone and let's just say she's gonna keep it.
Hey, Pheebs! Check-check this out.
Ooh, you nailed the Old Lady!
Yeah listen so, I thought I was getting better, so on my way home today I stopped by this guitar store and
Did you, did you
No.","Even when I found out…umm, all right, well let's just say I found something out something about someone and let's just say she's gonna keep it.
Hey, Pheebs! Check-check this out.
Ooh, you nailed the Old Lady!
Yeah listen so, I thought I was getting better, so on my way home today I stopped by this guitar store and
Did you, did you
No.",neutral,4,4,neutral,True,0.041122694,0.005231297,0.018645326,0.035449047,0.8794066,0.011539418,0.008605754
260,8,Phoebe,Give me your hands.  Strings. Gimme it!  Pick. Do you want to learn to play guitar?,anger,"Hey, Pheebs! Check-check this out.
Ooh, you nailed the Old Lady!
Yeah listen so, I thought I was getting better, so on my way home today I stopped by this guitar store and
Did you, did you
No.
Give me your hands.  Strings. Gimme it!  Pick. Do you want to learn to play guitar?","Hey, Pheebs! Check-check this out.
Ooh, you nailed the Old Lady!
Yeah listen so, I thought I was getting better, so on my way home today I stopped by this guitar store and
Did you, did you
No.
Give me your hands.  Strings. Gimme it!  Pick. Do you want to learn to play guitar?",anger,0,4,neutral,False,0.013153489,0.0038218396,0.009780703,0.046888273,0.91385245,0.006352431,0.006150901
260,9,Joey,Yes!,joy,"Ooh, you nailed the Old Lady!
Yeah listen so, I thought I was getting better, so on my way home today I stopped by this guitar store and
Did you, did you
No.
Give me your hands.  Strings. Gimme it!  Pick. Do you want to learn to play guitar?
Yes!","Ooh, you nailed the Old Lady!
Yeah listen so, I thought I was getting better, so on my way home today I stopped by this guitar store and
Did you, did you
No.
Give me your hands.  Strings. Gimme it!  Pick. Do you want to learn to play guitar?
Yes!",joy,3,3,joy,True,0.10260429,0.023111714,0.035043433,0.656762,0.08819518,0.02124115,0.073042184
260,10,Phoebe,Then don't touch one!!,anger,"Yeah listen so, I thought I was getting better, so on my way home today I stopped by this guitar store and
Did you, did you
No.
Give me your hands.  Strings. Gimme it!  Pick. Do you want to learn to play guitar?
Yes!
Then don't touch one!!","Yeah listen so, I thought I was getting better, so on my way home today I stopped by this guitar store and
Did you, did you
No.
Give me your hands.  Strings. Gimme it!  Pick. Do you want to learn to play guitar?
Yes!
Then don't touch one!!",anger,0,0,anger,True,0.82049966,0.020211801,0.052243836,0.03307544,0.044011228,0.014945593,0.015012363
261,5,Ross,And it can't be Joey.,neutral,"Really? You'd-you'd do that for me?!
Yeah!
Thanks!
All right, we'll start off slow. The only thing you have to do tonight is come up with the name of your main character.
Done!
And it can't be Joey.","Really? You'd-you'd do that for me?!
Yeah!
Thanks!
All right, we'll start off slow. The only thing you have to do tonight is come up with the name of your main character.
Done!
And it can't be Joey.",neutral,4,4,neutral,True,0.06744107,0.0047891517,0.007997131,0.025588294,0.87602097,0.010899451,0.00726384
261,6,Joey,It's not.,neutral,"Yeah!
Thanks!
All right, we'll start off slow. The only thing you have to do tonight is come up with the name of your main character.
Done!
And it can't be Joey.
It's not.","Yeah!
Thanks!
All right, we'll start off slow. The only thing you have to do tonight is come up with the name of your main character.
Done!
And it can't be Joey.
It's not.",neutral,4,4,neutral,True,0.041555855,0.0038304685,0.0061704824,0.014190925,0.9229999,0.007877433,0.003375
261,7,Ross,Or Joseph.,neutral,"Thanks!
All right, we'll start off slow. The only thing you have to do tonight is come up with the name of your main character.
Done!
And it can't be Joey.
It's not.
Or Joseph.","Thanks!
All right, we'll start off slow. The only thing you have to do tonight is come up with the name of your main character.
Done!
And it can't be Joey.
It's not.
Or Joseph.",neutral,4,4,neutral,True,0.019280065,0.0028385094,0.003679815,0.017148828,0.9498495,0.0049196817,0.002283629
261,8,Joey,Oh.,neutral,"All right, we'll start off slow. The only thing you have to do tonight is come up with the name of your main character.
Done!
And it can't be Joey.
It's not.
Or Joseph.
Oh.","All right, we'll start off slow. The only thing you have to do tonight is come up with the name of your main character.
Done!
And it can't be Joey.
It's not.
Or Joseph.
Oh.",neutral,4,4,neutral,True,0.011172736,0.02175679,0.056803524,0.10937849,0.49164867,0.04646286,0.26277694
262,5,Monica,"Oh, what’d ya bring me?!",joy,"Hi!
Hi! Hey, Pete you’re back! Hey, check this out.
Wow! Skates!
Wow! You’re a lot sturdier that Chandler. He crumpled like a piece of paper. So how was you’re trip?
Well...
Oh, what’d ya bring me?!","Hi!
Hi! Hey, Pete you’re back! Hey, check this out.
Wow! Skates!
Wow! You’re a lot sturdier that Chandler. He crumpled like a piece of paper. So how was you’re trip?
Well...
Oh, what’d ya bring me?!",joy,3,3,joy,True,0.018408839,0.00552356,0.0057067205,0.56264794,0.026630688,0.009091686,0.37199062
262,6,Monica,"Awww, hotel toiletries from Japan.",joy,"Hi! Hey, Pete you’re back! Hey, check this out.
Wow! Skates!
Wow! You’re a lot sturdier that Chandler. He crumpled like a piece of paper. So how was you’re trip?
Well...
Oh, what’d ya bring me?!
Awww, hotel toiletries from Japan.","Hi! Hey, Pete you’re back! Hey, check this out.
Wow! Skates!
Wow! You’re a lot sturdier that Chandler. He crumpled like a piece of paper. So how was you’re trip?
Well...
Oh, what’d ya bring me?!
Awww, hotel toiletries from Japan.",joy,3,3,joy,True,0.021136962,0.08744783,0.039096955,0.43207762,0.15777609,0.05264827,0.20981628
262,7,Monica,"Oh, these are gonna go in my permanent collection.",joy,"Wow! Skates!
Wow! You’re a lot sturdier that Chandler. He crumpled like a piece of paper. So how was you’re trip?
Well...
Oh, what’d ya bring me?!
Awww, hotel toiletries from Japan.
Oh, these are gonna go in my permanent collection.","Wow! Skates!
Wow! You’re a lot sturdier that Chandler. He crumpled like a piece of paper. So how was you’re trip?
Well...
Oh, what’d ya bring me?!
Awww, hotel toiletries from Japan.
Oh, these are gonna go in my permanent collection.",joy,3,4,neutral,False,0.009347762,0.0036141777,0.0029482846,0.14685173,0.82638204,0.0039974526,0.006858609
262,8,Monica,You want some coffee?,neutral,"Wow! You’re a lot sturdier that Chandler. He crumpled like a piece of paper. So how was you’re trip?
Well...
Oh, what’d ya bring me?!
Awww, hotel toiletries from Japan.
Oh, these are gonna go in my permanent collection.
You want some coffee?","Wow! You’re a lot sturdier that Chandler. He crumpled like a piece of paper. So how was you’re trip?
Well...
Oh, what’d ya bring me?!
Awww, hotel toiletries from Japan.
Oh, these are gonna go in my permanent collection.
You want some coffee?",neutral,4,4,neutral,True,0.0060525485,0.0029694703,0.0034443338,0.02347966,0.93708575,0.003025123,0.023943113
262,9,Pete,"Yeah, sure, that’d be great.",neutral,"Well...
Oh, what’d ya bring me?!
Awww, hotel toiletries from Japan.
Oh, these are gonna go in my permanent collection.
You want some coffee?
Yeah, sure, that’d be great.","Well...
Oh, what’d ya bring me?!
Awww, hotel toiletries from Japan.
Oh, these are gonna go in my permanent collection.
You want some coffee?
Yeah, sure, that’d be great.",neutral,4,4,neutral,True,0.0028561505,0.0023770325,0.0029824453,0.035300974,0.9503942,0.0031296676,0.0029594274
262,10,Monica,Regular or decaf?,neutral,"Oh, what’d ya bring me?!
Awww, hotel toiletries from Japan.
Oh, these are gonna go in my permanent collection.
You want some coffee?
Yeah, sure, that’d be great.
Regular or decaf?","Oh, what’d ya bring me?!
Awww, hotel toiletries from Japan.
Oh, these are gonna go in my permanent collection.
You want some coffee?
Yeah, sure, that’d be great.
Regular or decaf?",neutral,4,4,neutral,True,0.009487917,0.0020032977,0.0037238828,0.016217956,0.9533104,0.0031388965,0.012117623
262,11,Pete,"Ah, which ever is closest.",neutral,"Awww, hotel toiletries from Japan.
Oh, these are gonna go in my permanent collection.
You want some coffee?
Yeah, sure, that’d be great.
Regular or decaf?
Ah, which ever is closest.","Awww, hotel toiletries from Japan.
Oh, these are gonna go in my permanent collection.
You want some coffee?
Yeah, sure, that’d be great.
Regular or decaf?
Ah, which ever is closest.",neutral,4,4,neutral,True,0.004431206,0.0017372235,0.002412595,0.015075177,0.9708935,0.0023427568,0.0031075669
262,12,Monica,Okay.,neutral,"Oh, these are gonna go in my permanent collection.
You want some coffee?
Yeah, sure, that’d be great.
Regular or decaf?
Ah, which ever is closest.
Okay.","Oh, these are gonna go in my permanent collection.
You want some coffee?
Yeah, sure, that’d be great.
Regular or decaf?
Ah, which ever is closest.
Okay.",neutral,4,4,neutral,True,0.005239056,0.0014920669,0.002854929,0.0238472,0.96242845,0.0024941205,0.0016441797
262,13,Pete,So ask me what I did today.,neutral,"You want some coffee?
Yeah, sure, that’d be great.
Regular or decaf?
Ah, which ever is closest.
Okay.
So ask me what I did today.","You want some coffee?
Yeah, sure, that’d be great.
Regular or decaf?
Ah, which ever is closest.
Okay.
So ask me what I did today.",neutral,4,4,neutral,True,0.027785802,0.003267332,0.0072857006,0.0506093,0.8884452,0.0078037092,0.0148029225
262,14,Monica,So what did you do today Pete?,neutral,"Yeah, sure, that’d be great.
Regular or decaf?
Ah, which ever is closest.
Okay.
So ask me what I did today.
So what did you do today Pete?","Yeah, sure, that’d be great.
Regular or decaf?
Ah, which ever is closest.
Okay.
So ask me what I did today.
So what did you do today Pete?",neutral,4,6,surprise,False,0.019671796,0.0040490627,0.016833132,0.046981867,0.38109335,0.016337022,0.5150337
262,15,Pete,I bought a restaurant and I would like you to be the head chef.,joy,"Regular or decaf?
Ah, which ever is closest.
Okay.
So ask me what I did today.
So what did you do today Pete?
I bought a restaurant and I would like you to be the head chef.","Regular or decaf?
Ah, which ever is closest.
Okay.
So ask me what I did today.
So what did you do today Pete?
I bought a restaurant and I would like you to be the head chef.",joy,3,4,neutral,False,0.007912739,0.0035762065,0.00321672,0.049420647,0.9286857,0.003545068,0.0036429432
262,16,Monica,What?! Oh.,surprise,"Ah, which ever is closest.
Okay.
So ask me what I did today.
So what did you do today Pete?
I bought a restaurant and I would like you to be the head chef.
What?! Oh.","Ah, which ever is closest.
Okay.
So ask me what I did today.
So what did you do today Pete?
I bought a restaurant and I would like you to be the head chef.
What?! Oh.",surprise,6,6,surprise,True,0.009072178,0.030664612,0.042353317,0.0527945,0.11552444,0.037840832,0.7117501
263,5,Ross,She says Marcel's humping thing's not a phase. Apparently he's reached sexual maturity.,sadness,"Hi.
Hey.
Where've you been?
At the vet.
She's not gonna make you wear one of those big plastic cones, is she?
She says Marcel's humping thing's not a phase. Apparently he's reached sexual maturity.","Hi.
Hey.
Where've you been?
At the vet.
She's not gonna make you wear one of those big plastic cones, is she?
She says Marcel's humping thing's not a phase. Apparently he's reached sexual maturity.",sadness,5,4,neutral,False,0.016679503,0.007996074,0.006514055,0.05860812,0.8760823,0.007411532,0.02670832
263,6,Joey,Hey! He beat ya.,joy,"Hey.
Where've you been?
At the vet.
She's not gonna make you wear one of those big plastic cones, is she?
She says Marcel's humping thing's not a phase. Apparently he's reached sexual maturity.
Hey! He beat ya.","Hey.
Where've you been?
At the vet.
She's not gonna make you wear one of those big plastic cones, is she?
She says Marcel's humping thing's not a phase. Apparently he's reached sexual maturity.
Hey! He beat ya.",joy,3,3,joy,True,0.035921324,0.0067237667,0.0024788794,0.8507123,0.044729736,0.005470175,0.053963784
263,7,Ross,"She says as time goes on, he's gonna start getting agressive and violent.",sadness,"Where've you been?
At the vet.
She's not gonna make you wear one of those big plastic cones, is she?
She says Marcel's humping thing's not a phase. Apparently he's reached sexual maturity.
Hey! He beat ya.
She says as time goes on, he's gonna start getting agressive and violent.","Where've you been?
At the vet.
She's not gonna make you wear one of those big plastic cones, is she?
She says Marcel's humping thing's not a phase. Apparently he's reached sexual maturity.
Hey! He beat ya.
She says as time goes on, he's gonna start getting agressive and violent.",sadness,5,4,neutral,False,0.038375318,0.017006898,0.008057741,0.0676435,0.8554535,0.0093562985,0.0041066837
263,8,Chandler,So what does this mean?,neutral,"At the vet.
She's not gonna make you wear one of those big plastic cones, is she?
She says Marcel's humping thing's not a phase. Apparently he's reached sexual maturity.
Hey! He beat ya.
She says as time goes on, he's gonna start getting agressive and violent.
So what does this mean?","At the vet.
She's not gonna make you wear one of those big plastic cones, is she?
She says Marcel's humping thing's not a phase. Apparently he's reached sexual maturity.
Hey! He beat ya.
She says as time goes on, he's gonna start getting agressive and violent.
So what does this mean?",neutral,4,4,neutral,True,0.016662331,0.0030401554,0.005984566,0.040629935,0.91701144,0.008804426,0.007867078
263,9,Ross,I'm gonna have to give him up.,sadness,"She's not gonna make you wear one of those big plastic cones, is she?
She says Marcel's humping thing's not a phase. Apparently he's reached sexual maturity.
Hey! He beat ya.
She says as time goes on, he's gonna start getting agressive and violent.
So what does this mean?
I'm gonna have to give him up.","She's not gonna make you wear one of those big plastic cones, is she?
She says Marcel's humping thing's not a phase. Apparently he's reached sexual maturity.
Hey! He beat ya.
She says as time goes on, he's gonna start getting agressive and violent.
So what does this mean?
I'm gonna have to give him up.",sadness,5,3,joy,False,0.10695762,0.009554905,0.03604737,0.38799024,0.38032457,0.0706076,0.00851779
266,5,Ross,"Okay Rach, before anything happens  I just want to lay down a couple of ground rules.",neutral,"May I come in?
Uh, yeah, if you want too.
Do
Yeah, sure?
So do I.
Okay Rach, before anything happens  I just want to lay down a couple of ground rules.","May I come in?
Uh, yeah, if you want too.
Do
Yeah, sure?
So do I.
Okay Rach, before anything happens  I just want to lay down a couple of ground rules.",neutral,4,4,neutral,True,0.014025359,0.0029868223,0.005822399,0.027788812,0.9384478,0.009058421,0.0018704394
266,6,Ross,This is just about tonight.,neutral,"Uh, yeah, if you want too.
Do
Yeah, sure?
So do I.
Okay Rach, before anything happens  I just want to lay down a couple of ground rules.
This is just about tonight.","Uh, yeah, if you want too.
Do
Yeah, sure?
So do I.
Okay Rach, before anything happens  I just want to lay down a couple of ground rules.
This is just about tonight.",neutral,4,4,neutral,True,0.028626714,0.0039190026,0.006405175,0.059045535,0.88401115,0.012979396,0.0050131497
266,7,Ross,"I don't to go through with this if it's going to raise the question of ""Us.""",neutral,"Do
Yeah, sure?
So do I.
Okay Rach, before anything happens  I just want to lay down a couple of ground rules.
This is just about tonight.
I don't to go through with this if it's going to raise the question of ""Us.""","Do
Yeah, sure?
So do I.
Okay Rach, before anything happens  I just want to lay down a couple of ground rules.
This is just about tonight.
I don't to go through with this if it's going to raise the question of ""Us.""",neutral,4,4,neutral,True,0.15018924,0.016508441,0.06716123,0.16372429,0.43773082,0.14262842,0.022057537
266,8,Ross,I just want this to be  about what it is!,joy,"Yeah, sure?
So do I.
Okay Rach, before anything happens  I just want to lay down a couple of ground rules.
This is just about tonight.
I don't to go through with this if it's going to raise the question of ""Us.""
I just want this to be  about what it is!","Yeah, sure?
So do I.
Okay Rach, before anything happens  I just want to lay down a couple of ground rules.
This is just about tonight.
I don't to go through with this if it's going to raise the question of ""Us.""
I just want this to be  about what it is!",joy,3,0,anger,False,0.54332674,0.010775812,0.021403056,0.24461478,0.01686492,0.037526473,0.12548828
266,9,Rachel,"And um, what-what is that Ross?",neutral,"So do I.
Okay Rach, before anything happens  I just want to lay down a couple of ground rules.
This is just about tonight.
I don't to go through with this if it's going to raise the question of ""Us.""
I just want this to be  about what it is!
And um, what-what is that Ross?","So do I.
Okay Rach, before anything happens  I just want to lay down a couple of ground rules.
This is just about tonight.
I don't to go through with this if it's going to raise the question of ""Us.""
I just want this to be  about what it is!
And um, what-what is that Ross?",neutral,4,4,neutral,True,0.012100815,0.0034507732,0.014073429,0.052000403,0.86324435,0.011400673,0.043729637
266,10,Ross,The physical act of love.,joy,"Okay Rach, before anything happens  I just want to lay down a couple of ground rules.
This is just about tonight.
I don't to go through with this if it's going to raise the question of ""Us.""
I just want this to be  about what it is!
And um, what-what is that Ross?
The physical act of love.","Okay Rach, before anything happens  I just want to lay down a couple of ground rules.
This is just about tonight.
I don't to go through with this if it's going to raise the question of ""Us.""
I just want this to be  about what it is!
And um, what-what is that Ross?
The physical act of love.",joy,3,4,neutral,False,0.033462618,0.019714605,0.01121597,0.28550082,0.6087884,0.027320271,0.013997344
266,11,Rachel,What?! Are you crazy?,surprise,"This is just about tonight.
I don't to go through with this if it's going to raise the question of ""Us.""
I just want this to be  about what it is!
And um, what-what is that Ross?
The physical act of love.
What?! Are you crazy?","This is just about tonight.
I don't to go through with this if it's going to raise the question of ""Us.""
I just want this to be  about what it is!
And um, what-what is that Ross?
The physical act of love.
What?! Are you crazy?",surprise,6,6,surprise,True,0.0330048,0.017513186,0.01658317,0.009251558,0.014146326,0.012935353,0.8965657
266,12,Ross,Oh so-so you weren't trying to entice me just now with your-your nakedness?,surprise,"I don't to go through with this if it's going to raise the question of ""Us.""
I just want this to be  about what it is!
And um, what-what is that Ross?
The physical act of love.
What?! Are you crazy?
Oh so-so you weren't trying to entice me just now with your-your nakedness?","I don't to go through with this if it's going to raise the question of ""Us.""
I just want this to be  about what it is!
And um, what-what is that Ross?
The physical act of love.
What?! Are you crazy?
Oh so-so you weren't trying to entice me just now with your-your nakedness?",surprise,6,6,surprise,True,0.00653471,0.005138921,0.0063354317,0.008854555,0.021678105,0.007008986,0.94444937
266,13,Rachel,"Oh God, you saw me?! Oh!",surprise,"I just want this to be  about what it is!
And um, what-what is that Ross?
The physical act of love.
What?! Are you crazy?
Oh so-so you weren't trying to entice me just now with your-your nakedness?
Oh God, you saw me?! Oh!","I just want this to be  about what it is!
And um, what-what is that Ross?
The physical act of love.
What?! Are you crazy?
Oh so-so you weren't trying to entice me just now with your-your nakedness?
Oh God, you saw me?! Oh!",surprise,6,6,surprise,True,0.0067864847,0.0133240465,0.009175859,0.013304905,0.010953959,0.009130224,0.9373244
266,14,Ross,You weren't trying to entice me with your nakedness.,joy,"And um, what-what is that Ross?
The physical act of love.
What?! Are you crazy?
Oh so-so you weren't trying to entice me just now with your-your nakedness?
Oh God, you saw me?! Oh!
You weren't trying to entice me with your nakedness.","And um, what-what is that Ross?
The physical act of love.
What?! Are you crazy?
Oh so-so you weren't trying to entice me just now with your-your nakedness?
Oh God, you saw me?! Oh!
You weren't trying to entice me with your nakedness.",joy,3,6,surprise,False,0.16523096,0.05552082,0.0150502585,0.021239199,0.038380463,0.015037278,0.689541
266,15,Rachel,"Noo!! No! You thought, you actually thought I wanted to have sex with you?!",anger,"The physical act of love.
What?! Are you crazy?
Oh so-so you weren't trying to entice me just now with your-your nakedness?
Oh God, you saw me?! Oh!
You weren't trying to entice me with your nakedness.
Noo!! No! You thought, you actually thought I wanted to have sex with you?!","The physical act of love.
What?! Are you crazy?
Oh so-so you weren't trying to entice me just now with your-your nakedness?
Oh God, you saw me?! Oh!
You weren't trying to entice me with your nakedness.
Noo!! No! You thought, you actually thought I wanted to have sex with you?!",anger,0,6,surprise,False,0.026764678,0.010731372,0.0065709106,0.012995956,0.0057117105,0.008320355,0.92890495
266,16,Ross,No! No!  No!  No-no-no-no.,joy,"What?! Are you crazy?
Oh so-so you weren't trying to entice me just now with your-your nakedness?
Oh God, you saw me?! Oh!
You weren't trying to entice me with your nakedness.
Noo!! No! You thought, you actually thought I wanted to have sex with you?!
No! No!  No!  No-no-no-no.","What?! Are you crazy?
Oh so-so you weren't trying to entice me just now with your-your nakedness?
Oh God, you saw me?! Oh!
You weren't trying to entice me with your nakedness.
Noo!! No! You thought, you actually thought I wanted to have sex with you?!
No! No!  No!  No-no-no-no.",joy,3,4,neutral,False,0.07352555,0.056489266,0.23980999,0.11834133,0.3792435,0.07262183,0.05996862
267,5,Joey,What?!,surprise,"Ah Joey.
Joey Tribbiani.
Listen Joey, I got a problem, I just got a call from my dance captain, he's having a relationship crisis and can't get out of Long Island.
So, does that mean the audition is off?
Listen Joey, seeing as you've got the most experience, I want you to take these dancers and show them the combination.
What?!","Ah Joey.
Joey Tribbiani.
Listen Joey, I got a problem, I just got a call from my dance captain, he's having a relationship crisis and can't get out of Long Island.
So, does that mean the audition is off?
Listen Joey, seeing as you've got the most experience, I want you to take these dancers and show them the combination.
What?!",surprise,6,6,surprise,True,0.0066444464,0.0039043017,0.005877639,0.0073078563,0.014382128,0.0070325504,0.95485103
267,6,Director,"Aw come on Joey, it's easy.",neutral,"Joey Tribbiani.
Listen Joey, I got a problem, I just got a call from my dance captain, he's having a relationship crisis and can't get out of Long Island.
So, does that mean the audition is off?
Listen Joey, seeing as you've got the most experience, I want you to take these dancers and show them the combination.
What?!
Aw come on Joey, it's easy.","Joey Tribbiani.
Listen Joey, I got a problem, I just got a call from my dance captain, he's having a relationship crisis and can't get out of Long Island.
So, does that mean the audition is off?
Listen Joey, seeing as you've got the most experience, I want you to take these dancers and show them the combination.
What?!
Aw come on Joey, it's easy.",neutral,4,4,neutral,True,0.028691335,0.0062150625,0.009899231,0.048182774,0.8851705,0.018118266,0.0037227585
267,7,Director,"Y'know, it's hand, hand, head, head,  up, pas de bouree, pas de bouree, big turn here, grand sissone, sissone, sissone, slide back, step, step, step, and jazz hands!",neutral,"Listen Joey, I got a problem, I just got a call from my dance captain, he's having a relationship crisis and can't get out of Long Island.
So, does that mean the audition is off?
Listen Joey, seeing as you've got the most experience, I want you to take these dancers and show them the combination.
What?!
Aw come on Joey, it's easy.
Y'know, it's hand, hand, head, head,  up, pas de bouree, pas de bouree, big turn here, grand sissone, sissone, sissone, slide back, step, step, step, and jazz hands!","Listen Joey, I got a problem, I just got a call from my dance captain, he's having a relationship crisis and can't get out of Long Island.
So, does that mean the audition is off?
Listen Joey, seeing as you've got the most experience, I want you to take these dancers and show them the combination.
What?!
Aw come on Joey, it's easy.
Y'know, it's hand, hand, head, head,  up, pas de bouree, pas de bouree, big turn here, grand sissone, sissone, sissone, slide back, step, step, step, and jazz hands!",neutral,4,4,neutral,True,0.027940078,0.017659986,0.012322092,0.4188343,0.4916633,0.01890211,0.012678179
267,8,Joey,"It's ah, step-ity, step and jazz hands.",sadness,"So, does that mean the audition is off?
Listen Joey, seeing as you've got the most experience, I want you to take these dancers and show them the combination.
What?!
Aw come on Joey, it's easy.
Y'know, it's hand, hand, head, head,  up, pas de bouree, pas de bouree, big turn here, grand sissone, sissone, sissone, slide back, step, step, step, and jazz hands!
It's ah, step-ity, step and jazz hands.","So, does that mean the audition is off?
Listen Joey, seeing as you've got the most experience, I want you to take these dancers and show them the combination.
What?!
Aw come on Joey, it's easy.
Y'know, it's hand, hand, head, head,  up, pas de bouree, pas de bouree, big turn here, grand sissone, sissone, sissone, slide back, step, step, step, and jazz hands!
It's ah, step-ity, step and jazz hands.",sadness,5,3,joy,False,0.01933892,0.01073488,0.0056602866,0.79595476,0.14015065,0.009747183,0.018413274
267,9,Director,Have fun.,neutral,"Listen Joey, seeing as you've got the most experience, I want you to take these dancers and show them the combination.
What?!
Aw come on Joey, it's easy.
Y'know, it's hand, hand, head, head,  up, pas de bouree, pas de bouree, big turn here, grand sissone, sissone, sissone, slide back, step, step, step, and jazz hands!
It's ah, step-ity, step and jazz hands.
Have fun.","Listen Joey, seeing as you've got the most experience, I want you to take these dancers and show them the combination.
What?!
Aw come on Joey, it's easy.
Y'know, it's hand, hand, head, head,  up, pas de bouree, pas de bouree, big turn here, grand sissone, sissone, sissone, slide back, step, step, step, and jazz hands!
It's ah, step-ity, step and jazz hands.
Have fun.",neutral,4,3,joy,False,0.018476877,0.0105394,0.003797817,0.6909094,0.2616146,0.0072695618,0.0073923054
267,10,Joey,Bye.,neutral,"What?!
Aw come on Joey, it's easy.
Y'know, it's hand, hand, head, head,  up, pas de bouree, pas de bouree, big turn here, grand sissone, sissone, sissone, slide back, step, step, step, and jazz hands!
It's ah, step-ity, step and jazz hands.
Have fun.
Bye.","What?!
Aw come on Joey, it's easy.
Y'know, it's hand, hand, head, head,  up, pas de bouree, pas de bouree, big turn here, grand sissone, sissone, sissone, slide back, step, step, step, and jazz hands!
It's ah, step-ity, step and jazz hands.
Have fun.
Bye.",neutral,4,3,joy,False,0.013962732,0.004318493,0.0038627007,0.71017426,0.24898013,0.013904752,0.004796884
268,5,Monica,Hi.,neutral,"Wow! Fortunately she has a
Oh, I so can't believe this! My uterus is an inhospitable environment? I was trying so hard to be a good hostess!
Oh, I can't believe my sperm have low motility because, let me tell you, when I was growing up they sure seem to be in a hurry to get places!
Hi there.
Hi.
Hi.","Wow! Fortunately she has a
Oh, I so can't believe this! My uterus is an inhospitable environment? I was trying so hard to be a good hostess!
Oh, I can't believe my sperm have low motility because, let me tell you, when I was growing up they sure seem to be in a hurry to get places!
Hi there.
Hi.
Hi.",neutral,4,4,neutral,True,0.0076798145,0.0021672274,0.0027065193,0.27145016,0.70264536,0.0044859876,0.0088649085
268,6,Doctor Connelly,I'm sorry there wasn't better news from your test last week but I wanted to talk to you about your options.,neutral,"Oh, I so can't believe this! My uterus is an inhospitable environment? I was trying so hard to be a good hostess!
Oh, I can't believe my sperm have low motility because, let me tell you, when I was growing up they sure seem to be in a hurry to get places!
Hi there.
Hi.
Hi.
I'm sorry there wasn't better news from your test last week but I wanted to talk to you about your options.","Oh, I so can't believe this! My uterus is an inhospitable environment? I was trying so hard to be a good hostess!
Oh, I can't believe my sperm have low motility because, let me tell you, when I was growing up they sure seem to be in a hurry to get places!
Hi there.
Hi.
Hi.
I'm sorry there wasn't better news from your test last week but I wanted to talk to you about your options.",neutral,4,4,neutral,True,0.16337153,0.060779978,0.16975507,0.037608977,0.30880722,0.12050218,0.13917503
268,7,Monica,Ok.,neutral,"Oh, I can't believe my sperm have low motility because, let me tell you, when I was growing up they sure seem to be in a hurry to get places!
Hi there.
Hi.
Hi.
I'm sorry there wasn't better news from your test last week but I wanted to talk to you about your options.
Ok.","Oh, I can't believe my sperm have low motility because, let me tell you, when I was growing up they sure seem to be in a hurry to get places!
Hi there.
Hi.
Hi.
I'm sorry there wasn't better news from your test last week but I wanted to talk to you about your options.
Ok.",neutral,4,4,neutral,True,0.007531863,0.0020942423,0.0025950675,0.028160734,0.9556313,0.002363643,0.0016231746
268,8,Doctor Connelly,"Above all, even though your chances of conceiving through natural means aren't great, you never know!",neutral,"Hi there.
Hi.
Hi.
I'm sorry there wasn't better news from your test last week but I wanted to talk to you about your options.
Ok.
Above all, even though your chances of conceiving through natural means aren't great, you never know!","Hi there.
Hi.
Hi.
I'm sorry there wasn't better news from your test last week but I wanted to talk to you about your options.
Ok.
Above all, even though your chances of conceiving through natural means aren't great, you never know!",neutral,4,0,anger,False,0.32508546,0.015459607,0.06826818,0.32164735,0.16823336,0.04289878,0.05840729
268,9,Doctor Connelly,"So, keep having sex on a regular basis.",neutral,"Hi.
Hi.
I'm sorry there wasn't better news from your test last week but I wanted to talk to you about your options.
Ok.
Above all, even though your chances of conceiving through natural means aren't great, you never know!
So, keep having sex on a regular basis.","Hi.
Hi.
I'm sorry there wasn't better news from your test last week but I wanted to talk to you about your options.
Ok.
Above all, even though your chances of conceiving through natural means aren't great, you never know!
So, keep having sex on a regular basis.",neutral,4,4,neutral,True,0.007530392,0.005149361,0.0025034011,0.017785389,0.96271616,0.002885467,0.001429808
268,10,Chandler,"Oh, DAMN IT!",anger,"Hi.
I'm sorry there wasn't better news from your test last week but I wanted to talk to you about your options.
Ok.
Above all, even though your chances of conceiving through natural means aren't great, you never know!
So, keep having sex on a regular basis.
Oh, DAMN IT!","Hi.
I'm sorry there wasn't better news from your test last week but I wanted to talk to you about your options.
Ok.
Above all, even though your chances of conceiving through natural means aren't great, you never know!
So, keep having sex on a regular basis.
Oh, DAMN IT!",anger,0,6,surprise,False,0.2265445,0.08329915,0.028656505,0.072250426,0.0150303645,0.038831484,0.5353876
268,11,Monica,"Don't worry, after a while he'll tune it out.",neutral,"I'm sorry there wasn't better news from your test last week but I wanted to talk to you about your options.
Ok.
Above all, even though your chances of conceiving through natural means aren't great, you never know!
So, keep having sex on a regular basis.
Oh, DAMN IT!
Don't worry, after a while he'll tune it out.","I'm sorry there wasn't better news from your test last week but I wanted to talk to you about your options.
Ok.
Above all, even though your chances of conceiving through natural means aren't great, you never know!
So, keep having sex on a regular basis.
Oh, DAMN IT!
Don't worry, after a while he'll tune it out.",neutral,4,4,neutral,True,0.022079652,0.00514783,0.005209893,0.046866324,0.9137109,0.004212,0.0027733531
268,12,Doctor Connelly,"Ok, given your situation, the options with the greatest chances for success would be surrogacy, or insemination using a sperm donor.",neutral,"Ok.
Above all, even though your chances of conceiving through natural means aren't great, you never know!
So, keep having sex on a regular basis.
Oh, DAMN IT!
Don't worry, after a while he'll tune it out.
Ok, given your situation, the options with the greatest chances for success would be surrogacy, or insemination using a sperm donor.","Ok.
Above all, even though your chances of conceiving through natural means aren't great, you never know!
So, keep having sex on a regular basis.
Oh, DAMN IT!
Don't worry, after a while he'll tune it out.
Ok, given your situation, the options with the greatest chances for success would be surrogacy, or insemination using a sperm donor.",neutral,4,4,neutral,True,0.01270534,0.0035159579,0.0037084843,0.0347758,0.9390456,0.003781024,0.0024678062
268,13,Monica,Ok.,neutral,"Above all, even though your chances of conceiving through natural means aren't great, you never know!
So, keep having sex on a regular basis.
Oh, DAMN IT!
Don't worry, after a while he'll tune it out.
Ok, given your situation, the options with the greatest chances for success would be surrogacy, or insemination using a sperm donor.
Ok.","Above all, even though your chances of conceiving through natural means aren't great, you never know!
So, keep having sex on a regular basis.
Oh, DAMN IT!
Don't worry, after a while he'll tune it out.
Ok, given your situation, the options with the greatest chances for success would be surrogacy, or insemination using a sperm donor.
Ok.",neutral,4,4,neutral,True,0.010272237,0.0028980447,0.003056307,0.06439543,0.9140229,0.0027843297,0.0025708429
270,5,Susan,What's it look like?,neutral,"Hi, is uh, is Carol here?
No, she's at a faculty meeting.
Oh, I uh, just came by to pick up my skull. Well, not mine, but...
Come in.
Thanks. Yeah, Carol borrowed it for a class, and I have to get it back to the museum.
What's it look like?","Hi, is uh, is Carol here?
No, she's at a faculty meeting.
Oh, I uh, just came by to pick up my skull. Well, not mine, but...
Come in.
Thanks. Yeah, Carol borrowed it for a class, and I have to get it back to the museum.
What's it look like?",neutral,4,4,neutral,True,0.019805986,0.0051888973,0.012595609,0.07865091,0.682546,0.012416746,0.18879585
270,6,Ross,Kinda like a big face without skin.,neutral,"No, she's at a faculty meeting.
Oh, I uh, just came by to pick up my skull. Well, not mine, but...
Come in.
Thanks. Yeah, Carol borrowed it for a class, and I have to get it back to the museum.
What's it look like?
Kinda like a big face without skin.","No, she's at a faculty meeting.
Oh, I uh, just came by to pick up my skull. Well, not mine, but...
Come in.
Thanks. Yeah, Carol borrowed it for a class, and I have to get it back to the museum.
What's it look like?
Kinda like a big face without skin.",neutral,4,4,neutral,True,0.01313386,0.027322447,0.011907448,0.09165689,0.8051541,0.015435688,0.035389572
270,7,Susan,"Yes, I'm familiar with the concept. We can just look for it.",neutral,"Oh, I uh, just came by to pick up my skull. Well, not mine, but...
Come in.
Thanks. Yeah, Carol borrowed it for a class, and I have to get it back to the museum.
What's it look like?
Kinda like a big face without skin.
Yes, I'm familiar with the concept. We can just look for it.","Oh, I uh, just came by to pick up my skull. Well, not mine, but...
Come in.
Thanks. Yeah, Carol borrowed it for a class, and I have to get it back to the museum.
What's it look like?
Kinda like a big face without skin.
Yes, I'm familiar with the concept. We can just look for it.",neutral,4,4,neutral,True,0.0119790835,0.0038722372,0.0025512408,0.039183423,0.93620473,0.0027639172,0.003445402
270,8,Ross,"Ok.  Wow, you guys sure have a lot of books about bein' a lesbian.",surprise,"Come in.
Thanks. Yeah, Carol borrowed it for a class, and I have to get it back to the museum.
What's it look like?
Kinda like a big face without skin.
Yes, I'm familiar with the concept. We can just look for it.
Ok.  Wow, you guys sure have a lot of books about bein' a lesbian.","Come in.
Thanks. Yeah, Carol borrowed it for a class, and I have to get it back to the museum.
What's it look like?
Kinda like a big face without skin.
Yes, I'm familiar with the concept. We can just look for it.
Ok.  Wow, you guys sure have a lot of books about bein' a lesbian.",surprise,6,3,joy,False,0.016817478,0.026430333,0.006459673,0.5066191,0.12999637,0.010421662,0.3032554
270,9,Susan,"Well, you know, you have to take a course. Otherwise, they don't let you do it.",neutral,"Thanks. Yeah, Carol borrowed it for a class, and I have to get it back to the museum.
What's it look like?
Kinda like a big face without skin.
Yes, I'm familiar with the concept. We can just look for it.
Ok.  Wow, you guys sure have a lot of books about bein' a lesbian.
Well, you know, you have to take a course. Otherwise, they don't let you do it.","Thanks. Yeah, Carol borrowed it for a class, and I have to get it back to the museum.
What's it look like?
Kinda like a big face without skin.
Yes, I'm familiar with the concept. We can just look for it.
Ok.  Wow, you guys sure have a lot of books about bein' a lesbian.
Well, you know, you have to take a course. Otherwise, they don't let you do it.",neutral,4,4,neutral,True,0.037763957,0.012864379,0.007877144,0.022700815,0.9068995,0.00878702,0.0031071499
270,10,Ross,"Hey, hey, Yertle the Turtle. A classic.",joy,"What's it look like?
Kinda like a big face without skin.
Yes, I'm familiar with the concept. We can just look for it.
Ok.  Wow, you guys sure have a lot of books about bein' a lesbian.
Well, you know, you have to take a course. Otherwise, they don't let you do it.
Hey, hey, Yertle the Turtle. A classic.","What's it look like?
Kinda like a big face without skin.
Yes, I'm familiar with the concept. We can just look for it.
Ok.  Wow, you guys sure have a lot of books about bein' a lesbian.
Well, you know, you have to take a course. Otherwise, they don't let you do it.
Hey, hey, Yertle the Turtle. A classic.",joy,3,4,neutral,False,0.017141335,0.005420994,0.0030116965,0.24412364,0.7181565,0.004586986,0.007558742
270,11,Susan,"Actually, I'm reading it to the baby.",neutral,"Kinda like a big face without skin.
Yes, I'm familiar with the concept. We can just look for it.
Ok.  Wow, you guys sure have a lot of books about bein' a lesbian.
Well, you know, you have to take a course. Otherwise, they don't let you do it.
Hey, hey, Yertle the Turtle. A classic.
Actually, I'm reading it to the baby.","Kinda like a big face without skin.
Yes, I'm familiar with the concept. We can just look for it.
Ok.  Wow, you guys sure have a lot of books about bein' a lesbian.
Well, you know, you have to take a course. Otherwise, they don't let you do it.
Hey, hey, Yertle the Turtle. A classic.
Actually, I'm reading it to the baby.",neutral,4,4,neutral,True,0.005001228,0.006138482,0.0029895671,0.086908504,0.88548046,0.0038493623,0.009632495
270,12,Ross,"The uh, the baby that hasn't been born yet? Wouldn't that mean you're... crazy?",surprise,"Yes, I'm familiar with the concept. We can just look for it.
Ok.  Wow, you guys sure have a lot of books about bein' a lesbian.
Well, you know, you have to take a course. Otherwise, they don't let you do it.
Hey, hey, Yertle the Turtle. A classic.
Actually, I'm reading it to the baby.
The uh, the baby that hasn't been born yet? Wouldn't that mean you're... crazy?","Yes, I'm familiar with the concept. We can just look for it.
Ok.  Wow, you guys sure have a lot of books about bein' a lesbian.
Well, you know, you have to take a course. Otherwise, they don't let you do it.
Hey, hey, Yertle the Turtle. A classic.
Actually, I'm reading it to the baby.
The uh, the baby that hasn't been born yet? Wouldn't that mean you're... crazy?",surprise,6,6,surprise,True,0.068265125,0.036900375,0.06042425,0.023888802,0.074466035,0.02664864,0.70940685
270,13,Susan,"What, you don't think they can hear sounds in there?",joy,"Ok.  Wow, you guys sure have a lot of books about bein' a lesbian.
Well, you know, you have to take a course. Otherwise, they don't let you do it.
Hey, hey, Yertle the Turtle. A classic.
Actually, I'm reading it to the baby.
The uh, the baby that hasn't been born yet? Wouldn't that mean you're... crazy?
What, you don't think they can hear sounds in there?","Ok.  Wow, you guys sure have a lot of books about bein' a lesbian.
Well, you know, you have to take a course. Otherwise, they don't let you do it.
Hey, hey, Yertle the Turtle. A classic.
Actually, I'm reading it to the baby.
The uh, the baby that hasn't been born yet? Wouldn't that mean you're... crazy?
What, you don't think they can hear sounds in there?",joy,3,6,surprise,False,0.020705596,0.020032715,0.054019008,0.025350522,0.13544755,0.016540023,0.72790456
270,14,Ross,"You're not serious, I mean, you really... you really talk to it?",surprise,"Well, you know, you have to take a course. Otherwise, they don't let you do it.
Hey, hey, Yertle the Turtle. A classic.
Actually, I'm reading it to the baby.
The uh, the baby that hasn't been born yet? Wouldn't that mean you're... crazy?
What, you don't think they can hear sounds in there?
You're not serious, I mean, you really... you really talk to it?","Well, you know, you have to take a course. Otherwise, they don't let you do it.
Hey, hey, Yertle the Turtle. A classic.
Actually, I'm reading it to the baby.
The uh, the baby that hasn't been born yet? Wouldn't that mean you're... crazy?
What, you don't think they can hear sounds in there?
You're not serious, I mean, you really... you really talk to it?",surprise,6,6,surprise,True,0.0052918596,0.0049589784,0.007350124,0.026387753,0.034656927,0.007651461,0.91370296
271,5,Chandler,"Yeah, like that thought never entered my mind.",neutral,"I have no idea what you just said.
Put Joey on the phone.
What's up man?
I'm trppd... in an ATM vstbl... wth
Oh my God! He's trapped in an ATM vestibule with Jill Goodacre!  Chandler, listen.
Yeah, like that thought never entered my mind.","I have no idea what you just said.
Put Joey on the phone.
What's up man?
I'm trppd... in an ATM vstbl... wth
Oh my God! He's trapped in an ATM vestibule with Jill Goodacre!  Chandler, listen.
Yeah, like that thought never entered my mind.",neutral,4,4,neutral,True,0.023075845,0.025843399,0.036516946,0.10487708,0.68396187,0.11405609,0.01166873
272,5,Emily,"Well, up yours too!",anger,"and that was all before 10 o’clock.
The caterer rang and said it was going to be Chicken Kiev instead of Chicken Tarragon.
And then the florist phoned to say there aren’t any tulips.
Oh, and the chilliest has carpel-tunel syndrome.
Whoa-whoa-whoa! Emily,  honey, okay?
Well, up yours too!","and that was all before 10 o’clock.
The caterer rang and said it was going to be Chicken Kiev instead of Chicken Tarragon.
And then the florist phoned to say there aren’t any tulips.
Oh, and the chilliest has carpel-tunel syndrome.
Whoa-whoa-whoa! Emily,  honey, okay?
Well, up yours too!",anger,0,3,joy,False,0.014554218,0.002930099,0.0022026373,0.9229414,0.01591582,0.0036358645,0.037819967
278,5,Monica,"That’s not true, there are great pictures of us!",surprise,"Someone on the subway licked my neck! Licked my neck!!
Oh Willie’s still alive!
What are you guys doing?
Oh, my mom called, they’re gonna run our engagement announcement in the local paper, so we’re looking for a good picture of us.
Oooh, I’m afraid that does not exist.
That’s not true, there are great pictures of us!","Someone on the subway licked my neck! Licked my neck!!
Oh Willie’s still alive!
What are you guys doing?
Oh, my mom called, they’re gonna run our engagement announcement in the local paper, so we’re looking for a good picture of us.
Oooh, I’m afraid that does not exist.
That’s not true, there are great pictures of us!",surprise,6,3,joy,False,0.026968066,0.0039773965,0.0022601956,0.8824088,0.02184129,0.0064590885,0.056085136
278,6,Chandler,"No, there are great pictures of you standing next to a guy who’s going like this",neutral,"Oh Willie’s still alive!
What are you guys doing?
Oh, my mom called, they’re gonna run our engagement announcement in the local paper, so we’re looking for a good picture of us.
Oooh, I’m afraid that does not exist.
That’s not true, there are great pictures of us!
No, there are great pictures of you standing next to a guy who’s going like this","Oh Willie’s still alive!
What are you guys doing?
Oh, my mom called, they’re gonna run our engagement announcement in the local paper, so we’re looking for a good picture of us.
Oooh, I’m afraid that does not exist.
That’s not true, there are great pictures of us!
No, there are great pictures of you standing next to a guy who’s going like this",neutral,4,4,neutral,True,0.017887661,0.01489137,0.0058265994,0.0662532,0.878327,0.005021722,0.0117923515
278,7,Phoebe,Oh my God! That’s the creep that you’re with at the,surprise,"What are you guys doing?
Oh, my mom called, they’re gonna run our engagement announcement in the local paper, so we’re looking for a good picture of us.
Oooh, I’m afraid that does not exist.
That’s not true, there are great pictures of us!
No, there are great pictures of you standing next to a guy who’s going like this
Oh my God! That’s the creep that you’re with at the","What are you guys doing?
Oh, my mom called, they’re gonna run our engagement announcement in the local paper, so we’re looking for a good picture of us.
Oooh, I’m afraid that does not exist.
That’s not true, there are great pictures of us!
No, there are great pictures of you standing next to a guy who’s going like this
Oh my God! That’s the creep that you’re with at the",surprise,6,1,disgust,False,0.07364955,0.36870793,0.07495285,0.042774823,0.043090772,0.2949223,0.101901814
278,8,Chandler,"I don’t know what it is, I just can’t take a good picture.",sadness,"Oh, my mom called, they’re gonna run our engagement announcement in the local paper, so we’re looking for a good picture of us.
Oooh, I’m afraid that does not exist.
That’s not true, there are great pictures of us!
No, there are great pictures of you standing next to a guy who’s going like this
Oh my God! That’s the creep that you’re with at the
I don’t know what it is, I just can’t take a good picture.","Oh, my mom called, they’re gonna run our engagement announcement in the local paper, so we’re looking for a good picture of us.
Oooh, I’m afraid that does not exist.
That’s not true, there are great pictures of us!
No, there are great pictures of you standing next to a guy who’s going like this
Oh my God! That’s the creep that you’re with at the
I don’t know what it is, I just can’t take a good picture.",sadness,5,5,sadness,True,0.044713497,0.025527874,0.091899276,0.022350619,0.028555244,0.7588083,0.028145142
278,9,Monica,"Oh, here’s a great one.",joy,"Oooh, I’m afraid that does not exist.
That’s not true, there are great pictures of us!
No, there are great pictures of you standing next to a guy who’s going like this
Oh my God! That’s the creep that you’re with at the
I don’t know what it is, I just can’t take a good picture.
Oh, here’s a great one.","Oooh, I’m afraid that does not exist.
That’s not true, there are great pictures of us!
No, there are great pictures of you standing next to a guy who’s going like this
Oh my God! That’s the creep that you’re with at the
I don’t know what it is, I just can’t take a good picture.
Oh, here’s a great one.",joy,3,3,joy,True,0.00975347,0.0051990934,0.0028909978,0.7976175,0.11925651,0.007753078,0.05752935
278,10,Chandler,"Yeah, I’m not in that.",neutral,"That’s not true, there are great pictures of us!
No, there are great pictures of you standing next to a guy who’s going like this
Oh my God! That’s the creep that you’re with at the
I don’t know what it is, I just can’t take a good picture.
Oh, here’s a great one.
Yeah, I’m not in that.","That’s not true, there are great pictures of us!
No, there are great pictures of you standing next to a guy who’s going like this
Oh my God! That’s the creep that you’re with at the
I don’t know what it is, I just can’t take a good picture.
Oh, here’s a great one.
Yeah, I’m not in that.",neutral,4,4,neutral,True,0.015787682,0.008785682,0.015372887,0.037003897,0.89324826,0.025551569,0.0042500035
278,11,Monica,"I know, but look at me: all tan.",joy,"No, there are great pictures of you standing next to a guy who’s going like this
Oh my God! That’s the creep that you’re with at the
I don’t know what it is, I just can’t take a good picture.
Oh, here’s a great one.
Yeah, I’m not in that.
I know, but look at me: all tan.","No, there are great pictures of you standing next to a guy who’s going like this
Oh my God! That’s the creep that you’re with at the
I don’t know what it is, I just can’t take a good picture.
Oh, here’s a great one.
Yeah, I’m not in that.
I know, but look at me: all tan.",joy,3,4,neutral,False,0.029318802,0.02631274,0.04165433,0.10323692,0.75418085,0.03416052,0.011135806
278,12,Phoebe,"Hey, why don’t you guys go get portraits done by a professional photographer.",neutral,"Oh my God! That’s the creep that you’re with at the
I don’t know what it is, I just can’t take a good picture.
Oh, here’s a great one.
Yeah, I’m not in that.
I know, but look at me: all tan.
Hey, why don’t you guys go get portraits done by a professional photographer.","Oh my God! That’s the creep that you’re with at the
I don’t know what it is, I just can’t take a good picture.
Oh, here’s a great one.
Yeah, I’m not in that.
I know, but look at me: all tan.
Hey, why don’t you guys go get portraits done by a professional photographer.",neutral,4,4,neutral,True,0.009112319,0.0032287927,0.0019438565,0.021874107,0.9572862,0.002322778,0.0042319796
278,13,Monica,That’s a good idea! I bet they have one of those wind machines! Y’know,joy,"I don’t know what it is, I just can’t take a good picture.
Oh, here’s a great one.
Yeah, I’m not in that.
I know, but look at me: all tan.
Hey, why don’t you guys go get portraits done by a professional photographer.
That’s a good idea! I bet they have one of those wind machines! Y’know","I don’t know what it is, I just can’t take a good picture.
Oh, here’s a great one.
Yeah, I’m not in that.
I know, but look at me: all tan.
Hey, why don’t you guys go get portraits done by a professional photographer.
That’s a good idea! I bet they have one of those wind machines! Y’know",joy,3,4,neutral,False,0.021444835,0.0055152522,0.0075769625,0.34436765,0.606266,0.008584288,0.0062450417
278,14,Phoebe,"Yeah that’s great! Next to that, Chandler won’t look so stupid.",neutral,"Oh, here’s a great one.
Yeah, I’m not in that.
I know, but look at me: all tan.
Hey, why don’t you guys go get portraits done by a professional photographer.
That’s a good idea! I bet they have one of those wind machines! Y’know
Yeah that’s great! Next to that, Chandler won’t look so stupid.","Oh, here’s a great one.
Yeah, I’m not in that.
I know, but look at me: all tan.
Hey, why don’t you guys go get portraits done by a professional photographer.
That’s a good idea! I bet they have one of those wind machines! Y’know
Yeah that’s great! Next to that, Chandler won’t look so stupid.",neutral,4,4,neutral,True,0.33431995,0.039833963,0.02231238,0.08453117,0.4913494,0.01911745,0.008535721
278,15,Monica,Chandler what do you say?,neutral,"Yeah, I’m not in that.
I know, but look at me: all tan.
Hey, why don’t you guys go get portraits done by a professional photographer.
That’s a good idea! I bet they have one of those wind machines! Y’know
Yeah that’s great! Next to that, Chandler won’t look so stupid.
Chandler what do you say?","Yeah, I’m not in that.
I know, but look at me: all tan.
Hey, why don’t you guys go get portraits done by a professional photographer.
That’s a good idea! I bet they have one of those wind machines! Y’know
Yeah that’s great! Next to that, Chandler won’t look so stupid.
Chandler what do you say?",neutral,4,4,neutral,True,0.014561709,0.0031890513,0.014246911,0.037274003,0.80498314,0.009523178,0.11622203
278,16,Chandler,"All right, but I should warn you, I’m not going. I’m going.",neutral,"I know, but look at me: all tan.
Hey, why don’t you guys go get portraits done by a professional photographer.
That’s a good idea! I bet they have one of those wind machines! Y’know
Yeah that’s great! Next to that, Chandler won’t look so stupid.
Chandler what do you say?
All right, but I should warn you, I’m not going. I’m going.","I know, but look at me: all tan.
Hey, why don’t you guys go get portraits done by a professional photographer.
That’s a good idea! I bet they have one of those wind machines! Y’know
Yeah that’s great! Next to that, Chandler won’t look so stupid.
Chandler what do you say?
All right, but I should warn you, I’m not going. I’m going.",neutral,4,4,neutral,True,0.041930106,0.0049104393,0.013474642,0.20987988,0.71224695,0.013116404,0.0044415817
279,5,Monica,You just wanna each take one?,neutral,"Gimme them!
No! They are mine!
You stole them from me!
You stole them from me!!
Gimme them!
You just wanna each take one?","Gimme them!
No! They are mine!
You stole them from me!
You stole them from me!!
Gimme them!
You just wanna each take one?",neutral,4,4,neutral,True,0.14191805,0.017619682,0.03198431,0.109750435,0.6403068,0.023467416,0.03495328
279,6,Rachel,Yeah that seems fair. We never use them.,neutral,"No! They are mine!
You stole them from me!
You stole them from me!!
Gimme them!
You just wanna each take one?
Yeah that seems fair. We never use them.","No! They are mine!
You stole them from me!
You stole them from me!!
Gimme them!
You just wanna each take one?
Yeah that seems fair. We never use them.",neutral,4,4,neutral,True,0.0385318,0.005403332,0.007054431,0.02552726,0.9130863,0.008343594,0.0020532035
279,7,Ross,"Look, I really need some help, okay? Why? Why did I have to speak in a British accent?! What do I do?",anger,"You stole them from me!
You stole them from me!!
Gimme them!
You just wanna each take one?
Yeah that seems fair. We never use them.
Look, I really need some help, okay? Why? Why did I have to speak in a British accent?! What do I do?","You stole them from me!
You stole them from me!!
Gimme them!
You just wanna each take one?
Yeah that seems fair. We never use them.
Look, I really need some help, okay? Why? Why did I have to speak in a British accent?! What do I do?",anger,0,6,surprise,False,0.02791931,0.009911659,0.08964649,0.051798318,0.26907253,0.07171962,0.47993207
279,8,Rachel,Well,neutral,"You stole them from me!!
Gimme them!
You just wanna each take one?
Yeah that seems fair. We never use them.
Look, I really need some help, okay? Why? Why did I have to speak in a British accent?! What do I do?
Well","You stole them from me!!
Gimme them!
You just wanna each take one?
Yeah that seems fair. We never use them.
Look, I really need some help, okay? Why? Why did I have to speak in a British accent?! What do I do?
Well",neutral,4,4,neutral,True,0.009459508,0.0023654283,0.0036244828,0.029989095,0.94892114,0.0029866532,0.0026538395
279,9,Monica,Why don’t you phase it out?,neutral,"Gimme them!
You just wanna each take one?
Yeah that seems fair. We never use them.
Look, I really need some help, okay? Why? Why did I have to speak in a British accent?! What do I do?
Well
Why don’t you phase it out?","Gimme them!
You just wanna each take one?
Yeah that seems fair. We never use them.
Look, I really need some help, okay? Why? Why did I have to speak in a British accent?! What do I do?
Well
Why don’t you phase it out?",neutral,4,4,neutral,True,0.04448333,0.005118631,0.00915896,0.043704968,0.8818837,0.0053316248,0.0103187235
279,10,Monica,"Yeah, fade the accent out and people will think you’re, y’know, that you’re adjusting to life in America.",anger,"You just wanna each take one?
Yeah that seems fair. We never use them.
Look, I really need some help, okay? Why? Why did I have to speak in a British accent?! What do I do?
Well
Why don’t you phase it out?
Yeah, fade the accent out and people will think you’re, y’know, that you’re adjusting to life in America.","You just wanna each take one?
Yeah that seems fair. We never use them.
Look, I really need some help, okay? Why? Why did I have to speak in a British accent?! What do I do?
Well
Why don’t you phase it out?
Yeah, fade the accent out and people will think you’re, y’know, that you’re adjusting to life in America.",anger,0,4,neutral,False,0.02150089,0.006849579,0.0065059024,0.045163214,0.90905976,0.006946253,0.0039744074
279,11,Rachel,"Yeah, I mean, come on Ross, no one will even notice. I mean they’re probably not even listening!",neutral,"Yeah that seems fair. We never use them.
Look, I really need some help, okay? Why? Why did I have to speak in a British accent?! What do I do?
Well
Why don’t you phase it out?
Yeah, fade the accent out and people will think you’re, y’know, that you’re adjusting to life in America.
Yeah, I mean, come on Ross, no one will even notice. I mean they’re probably not even listening!","Yeah that seems fair. We never use them.
Look, I really need some help, okay? Why? Why did I have to speak in a British accent?! What do I do?
Well
Why don’t you phase it out?
Yeah, fade the accent out and people will think you’re, y’know, that you’re adjusting to life in America.
Yeah, I mean, come on Ross, no one will even notice. I mean they’re probably not even listening!",neutral,4,0,anger,False,0.38279194,0.084881224,0.06392945,0.060651034,0.32086244,0.04465628,0.042227652
279,12,Ross,They’re not listening too me?,surprise,"Look, I really need some help, okay? Why? Why did I have to speak in a British accent?! What do I do?
Well
Why don’t you phase it out?
Yeah, fade the accent out and people will think you’re, y’know, that you’re adjusting to life in America.
Yeah, I mean, come on Ross, no one will even notice. I mean they’re probably not even listening!
They’re not listening too me?","Look, I really need some help, okay? Why? Why did I have to speak in a British accent?! What do I do?
Well
Why don’t you phase it out?
Yeah, fade the accent out and people will think you’re, y’know, that you’re adjusting to life in America.
Yeah, I mean, come on Ross, no one will even notice. I mean they’re probably not even listening!
They’re not listening too me?",surprise,6,6,surprise,True,0.16939704,0.032480758,0.07711377,0.02131402,0.10195799,0.036835045,0.56090134
279,13,Rachel,Of course they’re listening to you! Everybody listens to you.,neutral,"Well
Why don’t you phase it out?
Yeah, fade the accent out and people will think you’re, y’know, that you’re adjusting to life in America.
Yeah, I mean, come on Ross, no one will even notice. I mean they’re probably not even listening!
They’re not listening too me?
Of course they’re listening to you! Everybody listens to you.","Well
Why don’t you phase it out?
Yeah, fade the accent out and people will think you’re, y’know, that you’re adjusting to life in America.
Yeah, I mean, come on Ross, no one will even notice. I mean they’re probably not even listening!
They’re not listening too me?
Of course they’re listening to you! Everybody listens to you.",neutral,4,4,neutral,True,0.09221927,0.0136627965,0.00903352,0.30110952,0.5598753,0.013957698,0.010141899
279,14,Ross,Monica you really think I should try this phasing out thing?,neutral,"Why don’t you phase it out?
Yeah, fade the accent out and people will think you’re, y’know, that you’re adjusting to life in America.
Yeah, I mean, come on Ross, no one will even notice. I mean they’re probably not even listening!
They’re not listening too me?
Of course they’re listening to you! Everybody listens to you.
Monica you really think I should try this phasing out thing?","Why don’t you phase it out?
Yeah, fade the accent out and people will think you’re, y’know, that you’re adjusting to life in America.
Yeah, I mean, come on Ross, no one will even notice. I mean they’re probably not even listening!
They’re not listening too me?
Of course they’re listening to you! Everybody listens to you.
Monica you really think I should try this phasing out thing?",neutral,4,4,neutral,True,0.02285428,0.006159887,0.037859507,0.10666709,0.4106574,0.025734002,0.3900678
279,15,Monica,I think you look fine.,neutral,"Yeah, fade the accent out and people will think you’re, y’know, that you’re adjusting to life in America.
Yeah, I mean, come on Ross, no one will even notice. I mean they’re probably not even listening!
They’re not listening too me?
Of course they’re listening to you! Everybody listens to you.
Monica you really think I should try this phasing out thing?
I think you look fine.","Yeah, fade the accent out and people will think you’re, y’know, that you’re adjusting to life in America.
Yeah, I mean, come on Ross, no one will even notice. I mean they’re probably not even listening!
They’re not listening too me?
Of course they’re listening to you! Everybody listens to you.
Monica you really think I should try this phasing out thing?
I think you look fine.",neutral,4,4,neutral,True,0.021881286,0.004130245,0.0057258755,0.10513119,0.8484571,0.011574526,0.0030996948
