dialogue_id,utterance_id,speaker,text,emotion,context,model_text,true_emotion,label_id,predicted_id,predicted_emotion,correct,prob_anger,prob_disgust,prob_fear,prob_joy,prob_neutral,prob_sadness,prob_surprise
0,1,Rachel,"Oh. That’s so Monica can keep track. That way if one on them is missing, she can be like, ‘Where’s number 27?!’",anger,"[SPEAKER_Mark] Why do all you’re coffee mugs have numbers on the bottom?
[SPEAKER_Rachel] Oh. That’s so Monica can keep track. That way if one on them is missing, she can be like, ‘Where’s number 27?!’","[SPEAKER_Mark] Why do all you’re coffee mugs have numbers on the bottom?
[SPEAKER_Rachel] Oh. That’s so Monica can keep track. That way if one on them is missing, she can be like, ‘Where’s number 27?!’",anger,0,4,neutral,False,0.28345653,0.010166014,0.011752874,0.14148434,0.36417007,0.02312399,0.16584617
0,2,Rachel,Y'know what?,neutral,"[SPEAKER_Rachel] Oh. That’s so Monica can keep track. That way if one on them is missing, she can be like, ‘Where’s number 27?!’
[SPEAKER_Rachel] Y'know what?","[SPEAKER_Rachel] Oh. That’s so Monica can keep track. That way if one on them is missing, she can be like, ‘Where’s number 27?!’
[SPEAKER_Rachel] Y'know what?",neutral,4,4,neutral,True,0.07571303,0.0036986526,0.007646265,0.037213553,0.8651928,0.0054190313,0.005116641
1,1,Joey,Push!,joy,"[SPEAKER_Joey] Come on, Lydia, you can do it.
[SPEAKER_Joey] Push!","[SPEAKER_Joey] Come on, Lydia, you can do it.
[SPEAKER_Joey] Push!",joy,3,3,joy,True,0.28475899,0.01018287,0.012209153,0.35674775,0.27125773,0.014963318,0.049880177
1,2,Joey,"Push 'em out, push 'em out, harder, harder.",joy,"[SPEAKER_Joey] Push!
[SPEAKER_Joey] Push 'em out, push 'em out, harder, harder.","[SPEAKER_Joey] Push!
[SPEAKER_Joey] Push 'em out, push 'em out, harder, harder.",joy,3,3,joy,True,0.14104778,0.01694507,0.007480295,0.5405678,0.26676702,0.009989733,0.017202258
1,3,Joey,"Push 'em out, push 'em out, way out!",joy,"[SPEAKER_Joey] Push 'em out, push 'em out, harder, harder.
[SPEAKER_Joey] Push 'em out, push 'em out, way out!","[SPEAKER_Joey] Push 'em out, push 'em out, harder, harder.
[SPEAKER_Joey] Push 'em out, push 'em out, way out!",joy,3,0,anger,False,0.47300395,0.00666914,0.008962078,0.39350173,0.07554238,0.009875747,0.03244495
1,4,Joey,"Let's get that ball and really move, hey, hey, ho, ho.",joy,"[SPEAKER_Joey] Push 'em out, push 'em out, way out!
[SPEAKER_Joey] Let's get that ball and really move, hey, hey, ho, ho.","[SPEAKER_Joey] Push 'em out, push 'em out, way out!
[SPEAKER_Joey] Let's get that ball and really move, hey, hey, ho, ho.",joy,3,3,joy,True,0.029898576,0.0024689839,0.0019392864,0.77479196,0.17804894,0.0033957334,0.009456502
1,5,Joey,"Let's—  I was just—yeah, right.",joy,"[SPEAKER_Joey] Let's get that ball and really move, hey, hey, ho, ho.
[SPEAKER_Joey] Let's—  I was just—yeah, right.","[SPEAKER_Joey] Let's get that ball and really move, hey, hey, ho, ho.
[SPEAKER_Joey] Let's—  I was just—yeah, right.",joy,3,4,neutral,False,0.0397948,0.0033890542,0.013551053,0.26955956,0.6408556,0.028996872,0.0038530182
1,6,Joey,Push!,joy,"[SPEAKER_Joey] Let's—  I was just—yeah, right.
[SPEAKER_Joey] Push!","[SPEAKER_Joey] Let's—  I was just—yeah, right.
[SPEAKER_Joey] Push!",joy,3,0,anger,False,0.52830935,0.013098023,0.022338133,0.19041847,0.14523482,0.021483682,0.07911755
1,7,Joey,Push!,joy,"[SPEAKER_Joey] Push!
[SPEAKER_Joey] Push!","[SPEAKER_Joey] Push!
[SPEAKER_Joey] Push!",joy,3,0,anger,False,0.5956787,0.011340871,0.011020829,0.12752911,0.096416466,0.014673279,0.14334077
2,1,Rachel,"Ross, didn't you say that there was an elevator in here?",neutral,"[SPEAKER_Ross] Okay.
[SPEAKER_Rachel] Ross, didn't you say that there was an elevator in here?","[SPEAKER_Ross] Okay.
[SPEAKER_Rachel] Ross, didn't you say that there was an elevator in here?",neutral,4,4,neutral,True,0.009952358,0.0012318599,0.0027745648,0.012651501,0.9394229,0.0036077534,0.03035908
2,2,Ross,"Uhh, yes I did but there isn't. Okay, here we go.",sadness,"[SPEAKER_Rachel] Ross, didn't you say that there was an elevator in here?
[SPEAKER_Ross] Uhh, yes I did but there isn't. Okay, here we go.","[SPEAKER_Rachel] Ross, didn't you say that there was an elevator in here?
[SPEAKER_Ross] Uhh, yes I did but there isn't. Okay, here we go.",sadness,5,4,neutral,False,0.0038216466,0.0014899095,0.0031735997,0.010355058,0.976536,0.003946655,0.00067705626
2,3,Ross,"Okay, go left. Left! Left!",surprise,"[SPEAKER_Ross] Uhh, yes I did but there isn't. Okay, here we go.
[SPEAKER_Ross] Okay, go left. Left! Left!","[SPEAKER_Ross] Uhh, yes I did but there isn't. Okay, here we go.
[SPEAKER_Ross] Okay, go left. Left! Left!",surprise,6,3,joy,False,0.21879159,0.005191,0.0073477407,0.5193595,0.19857153,0.009337103,0.041401524
2,4,Rachel,"Okay, y'know what? There is no more left, left!",anger,"[SPEAKER_Ross] Okay, go left. Left! Left!
[SPEAKER_Rachel] Okay, y'know what? There is no more left, left!","[SPEAKER_Ross] Okay, go left. Left! Left!
[SPEAKER_Rachel] Okay, y'know what? There is no more left, left!",anger,0,0,anger,True,0.817391,0.007094839,0.01658345,0.048162065,0.05846696,0.01569282,0.036608927
2,5,Ross,"Oh okay, lift it straight up over your head!",anger,"[SPEAKER_Rachel] Okay, y'know what? There is no more left, left!
[SPEAKER_Ross] Oh okay, lift it straight up over your head!","[SPEAKER_Rachel] Okay, y'know what? There is no more left, left!
[SPEAKER_Ross] Oh okay, lift it straight up over your head!",anger,0,3,joy,False,0.09190875,0.004970334,0.0041950257,0.6673108,0.20178996,0.006148504,0.023676682
2,6,Ross,Straight up over your head!,anger,"[SPEAKER_Ross] Oh okay, lift it straight up over your head!
[SPEAKER_Ross] Straight up over your head!","[SPEAKER_Ross] Oh okay, lift it straight up over your head!
[SPEAKER_Ross] Straight up over your head!",anger,0,3,joy,False,0.13823791,0.005717218,0.0042675077,0.687535,0.09185499,0.008356036,0.06403132
2,7,Ross,You can do it!,joy,"[SPEAKER_Ross] Straight up over your head!
[SPEAKER_Ross] You can do it!","[SPEAKER_Ross] Straight up over your head!
[SPEAKER_Ross] You can do it!",joy,3,3,joy,True,0.009449024,0.0007861638,0.00086216803,0.9677023,0.011400645,0.0020944502,0.007705162
2,8,Ross,You can do it!,joy,"[SPEAKER_Ross] You can do it!
[SPEAKER_Ross] You can do it!","[SPEAKER_Ross] You can do it!
[SPEAKER_Ross] You can do it!",joy,3,3,joy,True,0.012458605,0.0007746746,0.0010651802,0.9648832,0.009595612,0.0025156012,0.008707176
2,9,Ross,Okay.,neutral,"[SPEAKER_Ross] You can do it!
[SPEAKER_Ross] Okay.","[SPEAKER_Ross] You can do it!
[SPEAKER_Ross] Okay.",neutral,4,4,neutral,True,0.014757792,0.0029308368,0.0024777672,0.15391608,0.8170054,0.0065914625,0.0023206794
2,10,Ross,You got it?,neutral,"[SPEAKER_Ross] Okay.
[SPEAKER_Ross] You got it?","[SPEAKER_Ross] Okay.
[SPEAKER_Ross] You got it?",neutral,4,4,neutral,True,0.006134998,0.000701444,0.0010876124,0.006885128,0.9773882,0.0015332559,0.0062692673
3,1,Ross,"No wait, look. Look! I'm sorry, it's just I've never even",fear,"[SPEAKER_Steve] Oh, okay, I get it.
[SPEAKER_Ross] No wait, look. Look! I'm sorry, it's just I've never even","[SPEAKER_Steve] Oh, okay, I get it.
[SPEAKER_Ross] No wait, look. Look! I'm sorry, it's just I've never even",fear,2,5,sadness,False,0.07836723,0.01083175,0.089729585,0.15291443,0.16089799,0.3789545,0.12830448
3,2,Steve,Howard's the,neutral,"[SPEAKER_Ross] No wait, look. Look! I'm sorry, it's just I've never even
[SPEAKER_Steve] Howard's the","[SPEAKER_Ross] No wait, look. Look! I'm sorry, it's just I've never even
[SPEAKER_Steve] Howard's the",neutral,4,4,neutral,True,0.008822972,0.00091537053,0.0011417954,0.010448348,0.9736763,0.002295389,0.0026998152
3,3,Ross,"Yes but too me he's just, man.",neutral,"[SPEAKER_Steve] Howard's the
[SPEAKER_Ross] Yes but too me he's just, man.","[SPEAKER_Steve] Howard's the
[SPEAKER_Ross] Yes but too me he's just, man.",neutral,4,4,neutral,True,0.035409942,0.005712998,0.0048194374,0.0998841,0.83925164,0.013218437,0.0017035428
3,4,Steve,"Okay, fine, whatever. Welcome to the building.",anger,"[SPEAKER_Ross] Yes but too me he's just, man.
[SPEAKER_Steve] Okay, fine, whatever. Welcome to the building.","[SPEAKER_Ross] Yes but too me he's just, man.
[SPEAKER_Steve] Okay, fine, whatever. Welcome to the building.",anger,0,4,neutral,False,0.008460397,0.0062360833,0.001561324,0.014570472,0.9648614,0.0035405774,0.0007696291
3,5,Ross,"Ugh, can you believe that guy!",disgust,"[SPEAKER_Steve] Okay, fine, whatever. Welcome to the building.
[SPEAKER_Ross] Ugh, can you believe that guy!","[SPEAKER_Steve] Okay, fine, whatever. Welcome to the building.
[SPEAKER_Ross] Ugh, can you believe that guy!",disgust,1,6,surprise,False,0.03269697,0.06462772,0.007378402,0.019192211,0.012221443,0.020237613,0.8436455
3,6,Phoebe,Yeah. I really like his glasses.,neutral,"[SPEAKER_Ross] Ugh, can you believe that guy!
[SPEAKER_Phoebe] Yeah. I really like his glasses.","[SPEAKER_Ross] Ugh, can you believe that guy!
[SPEAKER_Phoebe] Yeah. I really like his glasses.",neutral,4,4,neutral,True,0.006895711,0.010357427,0.0032740962,0.04765225,0.920953,0.00896237,0.0019052301
4,1,Monica,What?,neutral,"[SPEAKER_Phoebe] Ohh!
[SPEAKER_Monica] What?","[SPEAKER_Phoebe] Ohh!
[SPEAKER_Monica] What?",neutral,4,4,neutral,True,0.026738556,0.0024057007,0.011622776,0.010965031,0.50178,0.010186908,0.43630102
4,2,Phoebe,It kicked! I think the baby kicked!,surprise,"[SPEAKER_Monica] What?
[SPEAKER_Phoebe] It kicked! I think the baby kicked!","[SPEAKER_Monica] What?
[SPEAKER_Phoebe] It kicked! I think the baby kicked!",surprise,6,6,surprise,True,0.075657405,0.0239515,0.0097502535,0.06280891,0.04521588,0.02170988,0.76090616
4,3,Monica,Oh my God!,surprise,"[SPEAKER_Phoebe] It kicked! I think the baby kicked!
[SPEAKER_Monica] Oh my God!","[SPEAKER_Phoebe] It kicked! I think the baby kicked!
[SPEAKER_Monica] Oh my God!",surprise,6,6,surprise,True,0.0059602247,0.0040090634,0.0036029476,0.010731383,0.005276744,0.006163796,0.9642558
4,4,Phoebe,"Oh no wait, oh no, the elastic on my underwear busted.",neutral,"[SPEAKER_Monica] Oh my God!
[SPEAKER_Phoebe] Oh no wait, oh no, the elastic on my underwear busted.","[SPEAKER_Monica] Oh my God!
[SPEAKER_Phoebe] Oh no wait, oh no, the elastic on my underwear busted.",neutral,4,6,surprise,False,0.008991997,0.008095244,0.025952177,0.035457693,0.059489343,0.018019566,0.8439941
4,5,Joey,Oh my God! I overslept! I was supposed to be on the set a half an hour ago! I gotta get out of here!,fear,"[SPEAKER_Phoebe] Oh no wait, oh no, the elastic on my underwear busted.
[SPEAKER_Joey] Oh my God! I overslept! I was supposed to be on the set a half an hour ago! I gotta get out of here!","[SPEAKER_Phoebe] Oh no wait, oh no, the elastic on my underwear busted.
[SPEAKER_Joey] Oh my God! I overslept! I was supposed to be on the set a half an hour ago! I gotta get out of here!",fear,2,6,surprise,False,0.030379068,0.006300559,0.0072489395,0.020058855,0.01380249,0.012819382,0.9093907
4,6,Monica,"Oh wait, Joey, you can’t go like that! You stink!",disgust,"[SPEAKER_Joey] Oh my God! I overslept! I was supposed to be on the set a half an hour ago! I gotta get out of here!
[SPEAKER_Monica] Oh wait, Joey, you can’t go like that! You stink!","[SPEAKER_Joey] Oh my God! I overslept! I was supposed to be on the set a half an hour ago! I gotta get out of here!
[SPEAKER_Monica] Oh wait, Joey, you can’t go like that! You stink!",disgust,1,1,disgust,True,0.14031938,0.5482302,0.07762159,0.02986812,0.03350377,0.09102617,0.07943079
4,7,Joey,"Look, I know I feel asleep before I could shower and now I don’t have time!",anger,"[SPEAKER_Monica] Oh wait, Joey, you can’t go like that! You stink!
[SPEAKER_Joey] Look, I know I feel asleep before I could shower and now I don’t have time!","[SPEAKER_Monica] Oh wait, Joey, you can’t go like that! You stink!
[SPEAKER_Joey] Look, I know I feel asleep before I could shower and now I don’t have time!",anger,0,0,anger,True,0.663594,0.01729411,0.07677537,0.02255473,0.07130005,0.10985805,0.03862373
4,8,Joey,"They’re just ten blocks away, if I run, I can make it.",neutral,"[SPEAKER_Joey] Look, I know I feel asleep before I could shower and now I don’t have time!
[SPEAKER_Joey] They’re just ten blocks away, if I run, I can make it.","[SPEAKER_Joey] Look, I know I feel asleep before I could shower and now I don’t have time!
[SPEAKER_Joey] They’re just ten blocks away, if I run, I can make it.",neutral,4,4,neutral,True,0.02966117,0.0051111802,0.02117997,0.03258169,0.8963064,0.012305,0.0028546492
5,1,Chandler,Hi.,neutral,"[SPEAKER_Chandler] You’re coming on to the entire room!  I’m Chandler.
[SPEAKER_Chandler] Hi.","[SPEAKER_Chandler] You’re coming on to the entire room!  I’m Chandler.
[SPEAKER_Chandler] Hi.",neutral,4,4,neutral,True,0.0018169604,0.0005999116,0.00077634474,0.01131295,0.98262376,0.0015327726,0.0013372445
5,2,Marjorie,Hi.,neutral,"[SPEAKER_Chandler] Hi.
[SPEAKER_Marjorie] Hi.","[SPEAKER_Chandler] Hi.
[SPEAKER_Marjorie] Hi.",neutral,4,4,neutral,True,0.0024193705,0.00079122814,0.00096741645,0.008753304,0.983933,0.0018453626,0.0012902337
5,3,Chandler,You mind if I,neutral,"[SPEAKER_Marjorie] Hi.
[SPEAKER_Chandler] You mind if I","[SPEAKER_Marjorie] Hi.
[SPEAKER_Chandler] You mind if I",neutral,4,4,neutral,True,0.002775915,0.0012286294,0.0014361154,0.012276405,0.97938824,0.0022892912,0.00060541043
5,4,Marjorie,"No, please.",neutral,"[SPEAKER_Chandler] You mind if I
[SPEAKER_Marjorie] No, please.","[SPEAKER_Chandler] You mind if I
[SPEAKER_Marjorie] No, please.",neutral,4,4,neutral,True,0.013261692,0.006769389,0.0122652175,0.019566618,0.9315557,0.015577429,0.0010039259
5,5,Chandler,"So uh, what are you in for?",neutral,"[SPEAKER_Marjorie] No, please.
[SPEAKER_Chandler] So uh, what are you in for?","[SPEAKER_Marjorie] No, please.
[SPEAKER_Chandler] So uh, what are you in for?",neutral,4,4,neutral,True,0.0037403228,0.0006793745,0.0013589672,0.0056835935,0.98366976,0.0015083727,0.0033596132
5,6,Marjorie,I talk in my sleep.,neutral,"[SPEAKER_Chandler] So uh, what are you in for?
[SPEAKER_Marjorie] I talk in my sleep.","[SPEAKER_Chandler] So uh, what are you in for?
[SPEAKER_Marjorie] I talk in my sleep.",neutral,4,4,neutral,True,0.010188773,0.005322809,0.004609979,0.009269034,0.9609845,0.006209851,0.0034149394
5,7,Chandler,"What a coincidence, I listen in my sleep.",neutral,"[SPEAKER_Marjorie] I talk in my sleep.
[SPEAKER_Chandler] What a coincidence, I listen in my sleep.","[SPEAKER_Marjorie] I talk in my sleep.
[SPEAKER_Chandler] What a coincidence, I listen in my sleep.",neutral,4,4,neutral,True,0.00561157,0.0037896456,0.0044844467,0.010279882,0.95947695,0.0055289296,0.010828681
5,8,Joey,So why don’t you give me your number?,neutral,"[SPEAKER_Chandler] What a coincidence, I listen in my sleep.
[SPEAKER_Joey] So why don’t you give me your number?","[SPEAKER_Chandler] What a coincidence, I listen in my sleep.
[SPEAKER_Joey] So why don’t you give me your number?",neutral,4,4,neutral,True,0.0060712877,0.0009813922,0.0012113174,0.005243387,0.9835759,0.0014151664,0.0015015679
6,1,Monica,I don’t know exactly. It’s-it’s sorta like wrestling.,neutral,"[SPEAKER_Joey] Previously on Friends.
[SPEAKER_Monica] I don’t know exactly. It’s-it’s sorta like wrestling.","[SPEAKER_Joey] Previously on Friends.
[SPEAKER_Monica] I don’t know exactly. It’s-it’s sorta like wrestling.",neutral,4,4,neutral,True,0.019031538,0.009550712,0.011250967,0.074936435,0.8634993,0.012252439,0.009478611
6,2,Phoebe,Oh?!,surprise,"[SPEAKER_Monica] I don’t know exactly. It’s-it’s sorta like wrestling.
[SPEAKER_Phoebe] Oh?!","[SPEAKER_Monica] I don’t know exactly. It’s-it’s sorta like wrestling.
[SPEAKER_Phoebe] Oh?!",surprise,6,6,surprise,True,0.008308542,0.0019000891,0.0047049937,0.005910525,0.012810958,0.0066542155,0.95971066
7,1,Phoebe,Oh.,neutral,"[SPEAKER_Monica] Yeah, but without the costumes.
[SPEAKER_Phoebe] Oh.","[SPEAKER_Monica] Yeah, but without the costumes.
[SPEAKER_Phoebe] Oh.",neutral,4,4,neutral,True,0.006748846,0.006700507,0.011248072,0.039760396,0.9082566,0.018800622,0.008484917
7,2,Joey,"And it’s not fake, it’s totally brutal.",neutral,"[SPEAKER_Phoebe] Oh.
[SPEAKER_Joey] And it’s not fake, it’s totally brutal.","[SPEAKER_Phoebe] Oh.
[SPEAKER_Joey] And it’s not fake, it’s totally brutal.",neutral,4,4,neutral,True,0.102865465,0.06262135,0.01297298,0.055349346,0.72674483,0.01850769,0.020938296
7,3,Chandler,"Yeah, it’s two guys in a ring, and the rules are: “They’re",neutral,"[SPEAKER_Joey] And it’s not fake, it’s totally brutal.
[SPEAKER_Chandler] Yeah, it’s two guys in a ring, and the rules are: “They’re","[SPEAKER_Joey] And it’s not fake, it’s totally brutal.
[SPEAKER_Chandler] Yeah, it’s two guys in a ring, and the rules are: “They’re",neutral,4,4,neutral,True,0.0132106,0.005654219,0.0029810818,0.032941863,0.9380727,0.005214468,0.0019251514
7,4,Monica,"So you can like, bite, and pull people’s hair and stuff?",surprise,"[SPEAKER_Chandler] Yeah, it’s two guys in a ring, and the rules are: “They’re
[SPEAKER_Monica] So you can like, bite, and pull people’s hair and stuff?","[SPEAKER_Chandler] Yeah, it’s two guys in a ring, and the rules are: “They’re
[SPEAKER_Monica] So you can like, bite, and pull people’s hair and stuff?",surprise,6,4,neutral,False,0.01999864,0.0089915935,0.0020190512,0.05860363,0.90453017,0.003951658,0.0019053275
7,5,Ross,"Yeah, anything goes, except ah, eye gouging and fish hooking.",neutral,"[SPEAKER_Monica] So you can like, bite, and pull people’s hair and stuff?
[SPEAKER_Ross] Yeah, anything goes, except ah, eye gouging and fish hooking.","[SPEAKER_Monica] So you can like, bite, and pull people’s hair and stuff?
[SPEAKER_Ross] Yeah, anything goes, except ah, eye gouging and fish hooking.",neutral,4,4,neutral,True,0.0050500287,0.0029493843,0.0011166671,0.01819513,0.9701323,0.0020265544,0.00052992755
7,6,Monica,What’s fish hooking?,surprise,"[SPEAKER_Ross] Yeah, anything goes, except ah, eye gouging and fish hooking.
[SPEAKER_Monica] What’s fish hooking?","[SPEAKER_Ross] Yeah, anything goes, except ah, eye gouging and fish hooking.
[SPEAKER_Monica] What’s fish hooking?",surprise,6,4,neutral,False,0.04237999,0.0028729914,0.008404396,0.024168357,0.6048127,0.008869186,0.3084924
7,7,Ross,"Huh, what’s fish hooking...   Thanks man, that would have been really hard to describe. What is that taste?",neutral,"[SPEAKER_Monica] What’s fish hooking?
[SPEAKER_Ross] Huh, what’s fish hooking...   Thanks man, that would have been really hard to describe. What is that taste?","[SPEAKER_Monica] What’s fish hooking?
[SPEAKER_Ross] Huh, what’s fish hooking...   Thanks man, that would have been really hard to describe. What is that taste?",neutral,4,4,neutral,True,0.06876592,0.032843467,0.04840893,0.17605223,0.3535288,0.15191956,0.16848107
7,8,Joey,"What? My hands are totally clean, I just gave the duck a bath.",neutral,"[SPEAKER_Ross] Huh, what’s fish hooking...   Thanks man, that would have been really hard to describe. What is that taste?
[SPEAKER_Joey] What? My hands are totally clean, I just gave the duck a bath.","[SPEAKER_Ross] Huh, what’s fish hooking...   Thanks man, that would have been really hard to describe. What is that taste?
[SPEAKER_Joey] What? My hands are totally clean, I just gave the duck a bath.",neutral,4,6,surprise,False,0.006580603,0.0028712042,0.0069159474,0.008628984,0.030589363,0.00844654,0.9359673
8,1,Chandler,"Well, that makes me feel so good.",joy,"[SPEAKER_Jade] Oh, Bob, he was nothing compared to you. I had to bite my lip to keep from screaming your name.
[SPEAKER_Chandler] Well, that makes me feel so good.","[SPEAKER_Jade] Oh, Bob, he was nothing compared to you. I had to bite my lip to keep from screaming your name.
[SPEAKER_Chandler] Well, that makes me feel so good.",joy,3,3,joy,True,0.038993075,0.022242136,0.01357551,0.7082274,0.113411024,0.0905881,0.012962727
8,2,Jade,It was just so awkward and bumpy.,neutral,"[SPEAKER_Chandler] Well, that makes me feel so good.
[SPEAKER_Jade] It was just so awkward and bumpy.","[SPEAKER_Chandler] Well, that makes me feel so good.
[SPEAKER_Jade] It was just so awkward and bumpy.",neutral,4,5,sadness,False,0.06815239,0.14586036,0.03473939,0.11611484,0.29134881,0.31446546,0.029318701
8,3,Ross,Bumpy?,surprise,"[SPEAKER_Jade] It was just so awkward and bumpy.
[SPEAKER_Ross] Bumpy?","[SPEAKER_Jade] It was just so awkward and bumpy.
[SPEAKER_Ross] Bumpy?",surprise,6,4,neutral,False,0.02574504,0.0025086713,0.009610371,0.016742453,0.5250626,0.011387771,0.4089431
8,4,Chandler,"Well, maybe he had some kind of uh, new, cool style, that you're not familiar with.",neutral,"[SPEAKER_Ross] Bumpy?
[SPEAKER_Chandler] Well, maybe he had some kind of uh, new, cool style, that you're not familiar with.","[SPEAKER_Ross] Bumpy?
[SPEAKER_Chandler] Well, maybe he had some kind of uh, new, cool style, that you're not familiar with.",neutral,4,4,neutral,True,0.0062697465,0.0039014127,0.0025864025,0.020454722,0.9609395,0.0037780304,0.0020701936
8,5,Chandler,And uh maybe you have to get used to it.,neutral,"[SPEAKER_Chandler] Well, maybe he had some kind of uh, new, cool style, that you're not familiar with.
[SPEAKER_Chandler] And uh maybe you have to get used to it.","[SPEAKER_Chandler] Well, maybe he had some kind of uh, new, cool style, that you're not familiar with.
[SPEAKER_Chandler] And uh maybe you have to get used to it.",neutral,4,4,neutral,True,0.012281104,0.010575727,0.008226175,0.02524279,0.93506235,0.007527875,0.0010839916
8,6,Jade,"Well there really wasn't much time to get used to it, you know what I mean?",joy,"[SPEAKER_Chandler] And uh maybe you have to get used to it.
[SPEAKER_Jade] Well there really wasn't much time to get used to it, you know what I mean?","[SPEAKER_Chandler] And uh maybe you have to get used to it.
[SPEAKER_Jade] Well there really wasn't much time to get used to it, you know what I mean?",joy,3,0,anger,False,0.36357483,0.013209115,0.031198429,0.21402924,0.23097059,0.12054607,0.026471741
9,1,Monica,"Oh well, it’s not so bad.",neutral,"[SPEAKER_Phoebe] Coming through!  Oh! Coming through!  Oh! Hello! Hi!  No! Right! Coming through!
[SPEAKER_Monica] Oh well, it’s not so bad.","[SPEAKER_Phoebe] Coming through!  Oh! Coming through!  Oh! Hello! Hi!  No! Right! Coming through!
[SPEAKER_Monica] Oh well, it’s not so bad.",neutral,4,4,neutral,True,0.007373158,0.0016142824,0.001988233,0.1227728,0.86091983,0.0043128952,0.0010188605
9,2,Fireman #1,"Yeah, most of the damage is pretty mostly contained in the bedrooms.",sadness,"[SPEAKER_Monica] Oh well, it’s not so bad.
[SPEAKER_Fireman #1] Yeah, most of the damage is pretty mostly contained in the bedrooms.","[SPEAKER_Monica] Oh well, it’s not so bad.
[SPEAKER_Fireman #1] Yeah, most of the damage is pretty mostly contained in the bedrooms.",sadness,5,4,neutral,False,0.006078186,0.003465757,0.0021203647,0.024923984,0.955311,0.0058837575,0.0022169542
9,3,Phoebe,Oh!,surprise,"[SPEAKER_Fireman #1] Yeah, most of the damage is pretty mostly contained in the bedrooms.
[SPEAKER_Phoebe] Oh!","[SPEAKER_Fireman #1] Yeah, most of the damage is pretty mostly contained in the bedrooms.
[SPEAKER_Phoebe] Oh!",surprise,6,6,surprise,True,0.025008101,0.007682494,0.012182157,0.05786997,0.048431225,0.021874074,0.82695204
9,4,Rachel,My God!,surprise,"[SPEAKER_Phoebe] Oh!
[SPEAKER_Rachel] My God!","[SPEAKER_Phoebe] Oh!
[SPEAKER_Rachel] My God!",surprise,6,6,surprise,True,0.006488927,0.0036119297,0.0031881295,0.01356502,0.0053664274,0.006014059,0.96176547
9,5,Joey,"Hey buddy, do you think I can borrow your uniform this Thursday?",neutral,"[SPEAKER_Rachel] My God!
[SPEAKER_Joey] Hey buddy, do you think I can borrow your uniform this Thursday?","[SPEAKER_Rachel] My God!
[SPEAKER_Joey] Hey buddy, do you think I can borrow your uniform this Thursday?",neutral,4,4,neutral,True,0.005889064,0.0016466565,0.00097366585,0.03132363,0.95691925,0.0023496998,0.0008981108
9,6,Fireman #1,Excuse me?,surprise,"[SPEAKER_Joey] Hey buddy, do you think I can borrow your uniform this Thursday?
[SPEAKER_Fireman #1] Excuse me?","[SPEAKER_Joey] Hey buddy, do you think I can borrow your uniform this Thursday?
[SPEAKER_Fireman #1] Excuse me?",surprise,6,6,surprise,True,0.022987893,0.0021056186,0.008314376,0.0139725385,0.20802656,0.01059992,0.7339932
9,7,Monica,Joey! He’s working!  You would look,anger,"[SPEAKER_Fireman #1] Excuse me?
[SPEAKER_Monica] Joey! He’s working!  You would look","[SPEAKER_Fireman #1] Excuse me?
[SPEAKER_Monica] Joey! He’s working!  You would look",anger,0,6,surprise,False,0.038422648,0.0040982855,0.0058339145,0.32214975,0.13897657,0.008985111,0.4815337
9,8,Joey,"Oh, how bad is it?",sadness,"[SPEAKER_Monica] Joey! He’s working!  You would look
[SPEAKER_Joey] Oh, how bad is it?","[SPEAKER_Monica] Joey! He’s working!  You would look
[SPEAKER_Joey] Oh, how bad is it?",sadness,5,4,neutral,False,0.04134369,0.06729353,0.06790386,0.10765637,0.3941286,0.29535502,0.026318964
9,9,Phoebe,"Oh, it’s bad. It’s really bad. The only thing in there that isn’t burned is an ass. Which I do",sadness,"[SPEAKER_Joey] Oh, how bad is it?
[SPEAKER_Phoebe] Oh, it’s bad. It’s really bad. The only thing in there that isn’t burned is an ass. Which I do","[SPEAKER_Joey] Oh, how bad is it?
[SPEAKER_Phoebe] Oh, it’s bad. It’s really bad. The only thing in there that isn’t burned is an ass. Which I do",sadness,5,3,joy,False,0.065326326,0.06800655,0.017167415,0.4073293,0.39234284,0.043586705,0.006240973
9,10,Chandler,How’s your room Rach?,neutral,"[SPEAKER_Phoebe] Oh, it’s bad. It’s really bad. The only thing in there that isn’t burned is an ass. Which I do
[SPEAKER_Chandler] How’s your room Rach?","[SPEAKER_Phoebe] Oh, it’s bad. It’s really bad. The only thing in there that isn’t burned is an ass. Which I do
[SPEAKER_Chandler] How’s your room Rach?",neutral,4,4,neutral,True,0.008623498,0.0033303713,0.0017613488,0.02502227,0.9499015,0.0029212143,0.008439833
9,11,Rachel,Everything’s ruined. My bed. My clothes. Look at my favorite blue sweater.,sadness,"[SPEAKER_Chandler] How’s your room Rach?
[SPEAKER_Rachel] Everything’s ruined. My bed. My clothes. Look at my favorite blue sweater.","[SPEAKER_Chandler] How’s your room Rach?
[SPEAKER_Rachel] Everything’s ruined. My bed. My clothes. Look at my favorite blue sweater.",sadness,5,5,sadness,True,0.07457011,0.050317984,0.062041406,0.038779035,0.068127364,0.5121306,0.19403349
9,12,Monica,Isn’t that mine?,neutral,"[SPEAKER_Rachel] Everything’s ruined. My bed. My clothes. Look at my favorite blue sweater.
[SPEAKER_Monica] Isn’t that mine?","[SPEAKER_Rachel] Everything’s ruined. My bed. My clothes. Look at my favorite blue sweater.
[SPEAKER_Monica] Isn’t that mine?",neutral,4,4,neutral,True,0.02331516,0.0032126906,0.0138245495,0.027714603,0.5980447,0.0297784,0.30410996
9,13,Rachel,Fine! I’m sorry for your loss!,anger,"[SPEAKER_Monica] Isn’t that mine?
[SPEAKER_Rachel] Fine! I’m sorry for your loss!","[SPEAKER_Monica] Isn’t that mine?
[SPEAKER_Rachel] Fine! I’m sorry for your loss!",anger,0,0,anger,True,0.4980113,0.012034284,0.16695248,0.07782171,0.05866253,0.17440617,0.012111576
9,14,Fireman #1,"So uh, you’re not gonna be able to live here for a while, you ladies have a place to stay?",neutral,"[SPEAKER_Rachel] Fine! I’m sorry for your loss!
[SPEAKER_Fireman #1] So uh, you’re not gonna be able to live here for a while, you ladies have a place to stay?","[SPEAKER_Rachel] Fine! I’m sorry for your loss!
[SPEAKER_Fireman #1] So uh, you’re not gonna be able to live here for a while, you ladies have a place to stay?",neutral,4,4,neutral,True,0.018207984,0.0023997626,0.00948772,0.0067836754,0.9487237,0.007477984,0.0069192396
9,15,Rachel,"Wow! Oh-okay, look pal, I am",joy,"[SPEAKER_Fireman #1] So uh, you’re not gonna be able to live here for a while, you ladies have a place to stay?
[SPEAKER_Rachel] Wow! Oh-okay, look pal, I am","[SPEAKER_Fireman #1] So uh, you’re not gonna be able to live here for a while, you ladies have a place to stay?
[SPEAKER_Rachel] Wow! Oh-okay, look pal, I am",joy,3,6,surprise,False,0.012208662,0.0018284208,0.00445924,0.044585686,0.05216936,0.0060898783,0.87865865
9,16,Monica,"Yes, they can stay with us.",neutral,"[SPEAKER_Rachel] Wow! Oh-okay, look pal, I am
[SPEAKER_Monica] Yes, they can stay with us.","[SPEAKER_Rachel] Wow! Oh-okay, look pal, I am
[SPEAKER_Monica] Yes, they can stay with us.",neutral,4,4,neutral,True,0.0025126897,0.0012431678,0.0009986886,0.014523498,0.9779368,0.0022933285,0.00049173913
9,17,Chandler,Have you figured out what started the fire Mr. Fireman?,neutral,"[SPEAKER_Monica] Yes, they can stay with us.
[SPEAKER_Chandler] Have you figured out what started the fire Mr. Fireman?","[SPEAKER_Monica] Yes, they can stay with us.
[SPEAKER_Chandler] Have you figured out what started the fire Mr. Fireman?",neutral,4,4,neutral,True,0.051822897,0.003500573,0.013800644,0.02503399,0.770646,0.014391838,0.120804034
10,1,Joey,"I mean no offense, but what you guys do is very different.",neutral,"[SPEAKER_Joey] There’s just so much pressure.
[SPEAKER_Joey] I mean no offense, but what you guys do is very different.","[SPEAKER_Joey] There’s just so much pressure.
[SPEAKER_Joey] I mean no offense, but what you guys do is very different.",neutral,4,4,neutral,True,0.07345049,0.037631046,0.022070976,0.1143836,0.6927695,0.048530836,0.011163532
10,2,Joey,I don’t know if you’d understand.,neutral,"[SPEAKER_Joey] I mean no offense, but what you guys do is very different.
[SPEAKER_Joey] I don’t know if you’d understand.","[SPEAKER_Joey] I mean no offense, but what you guys do is very different.
[SPEAKER_Joey] I don’t know if you’d understand.",neutral,4,4,neutral,True,0.052891947,0.0067348364,0.052375156,0.09126452,0.7220534,0.026780184,0.04789997
10,3,Ross,"Yeah, none of us have to deal with pressure at our jobs.",neutral,"[SPEAKER_Joey] I don’t know if you’d understand.
[SPEAKER_Ross] Yeah, none of us have to deal with pressure at our jobs.","[SPEAKER_Joey] I don’t know if you’d understand.
[SPEAKER_Ross] Yeah, none of us have to deal with pressure at our jobs.",neutral,4,4,neutral,True,0.045528855,0.009405651,0.0058896174,0.05129462,0.87522864,0.010007719,0.0026449268
11,1,Rachel,I mean there’s no way Joey’s gonna make it in time.,fear,"[SPEAKER_Rachel] Well Phoebe, we gotta do something!
[SPEAKER_Rachel] I mean there’s no way Joey’s gonna make it in time.","[SPEAKER_Rachel] Well Phoebe, we gotta do something!
[SPEAKER_Rachel] I mean there’s no way Joey’s gonna make it in time.",fear,2,4,neutral,False,0.10482741,0.010558655,0.05408421,0.25570044,0.40911117,0.07895566,0.08676248
11,2,Rachel,So I’m gonna go through the hotel and see if there’s any other weddings going on.,neutral,"[SPEAKER_Rachel] I mean there’s no way Joey’s gonna make it in time.
[SPEAKER_Rachel] So I’m gonna go through the hotel and see if there’s any other weddings going on.","[SPEAKER_Rachel] I mean there’s no way Joey’s gonna make it in time.
[SPEAKER_Rachel] So I’m gonna go through the hotel and see if there’s any other weddings going on.",neutral,4,4,neutral,True,0.004691897,0.0020669997,0.0015029549,0.011859959,0.9762684,0.0027683685,0.000841435
11,3,Phoebe,Okay. Oh but don’t tell them Monica’s pregnant because they frown on that.,neutral,"[SPEAKER_Rachel] So I’m gonna go through the hotel and see if there’s any other weddings going on.
[SPEAKER_Phoebe] Okay. Oh but don’t tell them Monica’s pregnant because they frown on that.","[SPEAKER_Rachel] So I’m gonna go through the hotel and see if there’s any other weddings going on.
[SPEAKER_Phoebe] Okay. Oh but don’t tell them Monica’s pregnant because they frown on that.",neutral,4,4,neutral,True,0.04751212,0.08833482,0.046908103,0.05365754,0.6478035,0.095729776,0.020054154
11,4,Rachel,Okay.,neutral,"[SPEAKER_Phoebe] Okay. Oh but don’t tell them Monica’s pregnant because they frown on that.
[SPEAKER_Rachel] Okay.","[SPEAKER_Phoebe] Okay. Oh but don’t tell them Monica’s pregnant because they frown on that.
[SPEAKER_Rachel] Okay.",neutral,4,4,neutral,True,0.0033971386,0.0011675721,0.0017208811,0.0113957785,0.9793748,0.0020117124,0.0009321027
12,1,Monica,"Ross, we can handle this.",neutral,"[SPEAKER_Ross] What’s all this about you guys fighting?! Is this really over a room?! I mean, that is so silly!
[SPEAKER_Monica] Ross, we can handle this.","[SPEAKER_Ross] What’s all this about you guys fighting?! Is this really over a room?! I mean, that is so silly!
[SPEAKER_Monica] Ross, we can handle this.",neutral,4,4,neutral,True,0.004162794,0.0011796256,0.0013573417,0.022529522,0.9680254,0.001832232,0.00091315206
12,2,Ross,"Well, apparently not, and I can’t just stand by and watch two people I care about very much be hurt over something that is so silly.",sadness,"[SPEAKER_Monica] Ross, we can handle this.
[SPEAKER_Ross] Well, apparently not, and I can’t just stand by and watch two people I care about very much be hurt over something that is so silly.","[SPEAKER_Monica] Ross, we can handle this.
[SPEAKER_Ross] Well, apparently not, and I can’t just stand by and watch two people I care about very much be hurt over something that is so silly.",sadness,5,0,anger,False,0.48637614,0.06754342,0.18001863,0.04207483,0.13125207,0.088027604,0.0047072615
12,3,Ross,"I mean, enough of the silliness!",anger,"[SPEAKER_Ross] Well, apparently not, and I can’t just stand by and watch two people I care about very much be hurt over something that is so silly.
[SPEAKER_Ross] I mean, enough of the silliness!","[SPEAKER_Ross] Well, apparently not, and I can’t just stand by and watch two people I care about very much be hurt over something that is so silly.
[SPEAKER_Ross] I mean, enough of the silliness!",anger,0,0,anger,True,0.5709157,0.09945961,0.06340015,0.036108073,0.045299076,0.17693417,0.007883175
12,4,Chandler,"Well, why don’t you tell her to stop being silly!",anger,"[SPEAKER_Ross] I mean, enough of the silliness!
[SPEAKER_Chandler] Well, why don’t you tell her to stop being silly!","[SPEAKER_Ross] I mean, enough of the silliness!
[SPEAKER_Chandler] Well, why don’t you tell her to stop being silly!",anger,0,0,anger,True,0.6172348,0.025980422,0.087338574,0.11286991,0.12972875,0.020226216,0.0066213435
12,5,Ross,Okay-okay!,anger,"[SPEAKER_Chandler] Well, why don’t you tell her to stop being silly!
[SPEAKER_Ross] Okay-okay!","[SPEAKER_Chandler] Well, why don’t you tell her to stop being silly!
[SPEAKER_Ross] Okay-okay!",anger,0,3,joy,False,0.1620963,0.0059495154,0.021388365,0.506747,0.20172493,0.022394277,0.07969959
12,6,Ross,"Two very good points, look I’ve known you both a long time, and I’ve never seen either of you one/millionth as happy as you’ve been since you’ve got together.",sadness,"[SPEAKER_Ross] Okay-okay!
[SPEAKER_Ross] Two very good points, look I’ve known you both a long time, and I’ve never seen either of you one/millionth as happy as you’ve been since you’ve got together.","[SPEAKER_Ross] Okay-okay!
[SPEAKER_Ross] Two very good points, look I’ve known you both a long time, and I’ve never seen either of you one/millionth as happy as you’ve been since you’ve got together.",sadness,5,3,joy,False,0.13938227,0.017915027,0.015542425,0.38348866,0.30365652,0.060765184,0.079249926
12,7,Ross,Do you really want to throw that all away over a room?,sadness,"[SPEAKER_Ross] Two very good points, look I’ve known you both a long time, and I’ve never seen either of you one/millionth as happy as you’ve been since you’ve got together.
[SPEAKER_Ross] Do you really want to throw that all away over a room?","[SPEAKER_Ross] Two very good points, look I’ve known you both a long time, and I’ve never seen either of you one/millionth as happy as you’ve been since you’ve got together.
[SPEAKER_Ross] Do you really want to throw that all away over a room?",sadness,5,6,surprise,False,0.21214405,0.037711058,0.01788605,0.03200544,0.0716719,0.058669414,0.5699121
12,8,Ross,That is so silly.,joy,"[SPEAKER_Ross] Do you really want to throw that all away over a room?
[SPEAKER_Ross] That is so silly.","[SPEAKER_Ross] Do you really want to throw that all away over a room?
[SPEAKER_Ross] That is so silly.",joy,3,0,anger,False,0.43251947,0.23302038,0.025193527,0.08125044,0.11607005,0.08803587,0.023910219
12,9,Ross,"Now wh-what is more important, love or silliness?",neutral,"[SPEAKER_Ross] That is so silly.
[SPEAKER_Ross] Now wh-what is more important, love or silliness?","[SPEAKER_Ross] That is so silly.
[SPEAKER_Ross] Now wh-what is more important, love or silliness?",neutral,4,4,neutral,True,0.24680917,0.021466166,0.10481076,0.10793671,0.4236134,0.03469354,0.0606703
12,10,Chandler,"Well, we are fond of the silliness, but we also have a soft spot for the love.",neutral,"[SPEAKER_Ross] Now wh-what is more important, love or silliness?
[SPEAKER_Chandler] Well, we are fond of the silliness, but we also have a soft spot for the love.","[SPEAKER_Ross] Now wh-what is more important, love or silliness?
[SPEAKER_Chandler] Well, we are fond of the silliness, but we also have a soft spot for the love.",neutral,4,3,joy,False,0.025661154,0.0047275927,0.0026025146,0.49726853,0.45052895,0.017895957,0.0013153215
12,11,Monica,Love is the best medicine.,joy,"[SPEAKER_Chandler] Well, we are fond of the silliness, but we also have a soft spot for the love.
[SPEAKER_Monica] Love is the best medicine.","[SPEAKER_Chandler] Well, we are fond of the silliness, but we also have a soft spot for the love.
[SPEAKER_Monica] Love is the best medicine.",joy,3,4,neutral,False,0.009592246,0.00493484,0.0016981012,0.11519216,0.86187696,0.0054250644,0.0012806491
12,12,Chandler,That’s laughter.,joy,"[SPEAKER_Monica] Love is the best medicine.
[SPEAKER_Chandler] That’s laughter.","[SPEAKER_Monica] Love is the best medicine.
[SPEAKER_Chandler] That’s laughter.",joy,3,4,neutral,False,0.021659037,0.010430217,0.0038086853,0.37378985,0.5719115,0.008065991,0.010334687
12,13,Monica,Why do you do it?,neutral,"[SPEAKER_Chandler] That’s laughter.
[SPEAKER_Monica] Why do you do it?","[SPEAKER_Chandler] That’s laughter.
[SPEAKER_Monica] Why do you do it?",neutral,4,6,surprise,False,0.039076805,0.004218864,0.0120665515,0.04519077,0.24056931,0.01434035,0.6445374
12,14,Chandler,I don’t know.,neutral,"[SPEAKER_Monica] Why do you do it?
[SPEAKER_Chandler] I don’t know.","[SPEAKER_Monica] Why do you do it?
[SPEAKER_Chandler] I don’t know.",neutral,4,4,neutral,True,0.009301763,0.0025241044,0.010002472,0.026424794,0.9296619,0.00881568,0.013269341
12,15,Ross,"Okay! All right! Now, Chandler you-you wanna live with Monica, right?",neutral,"[SPEAKER_Chandler] I don’t know.
[SPEAKER_Ross] Okay! All right! Now, Chandler you-you wanna live with Monica, right?","[SPEAKER_Chandler] I don’t know.
[SPEAKER_Ross] Okay! All right! Now, Chandler you-you wanna live with Monica, right?",neutral,4,3,joy,False,0.048973665,0.0030766707,0.004350813,0.5284903,0.3854803,0.0066293315,0.022998927
12,16,Chandler,"Yeah, I do.",neutral,"[SPEAKER_Ross] Okay! All right! Now, Chandler you-you wanna live with Monica, right?
[SPEAKER_Chandler] Yeah, I do.","[SPEAKER_Ross] Okay! All right! Now, Chandler you-you wanna live with Monica, right?
[SPEAKER_Chandler] Yeah, I do.",neutral,4,4,neutral,True,0.0067617036,0.0023746795,0.0019950385,0.05828354,0.9226782,0.007229331,0.0006774713
12,17,Ross,"And Mon, you wanna live with Chandler, don’t ya?",neutral,"[SPEAKER_Chandler] Yeah, I do.
[SPEAKER_Ross] And Mon, you wanna live with Chandler, don’t ya?","[SPEAKER_Chandler] Yeah, I do.
[SPEAKER_Ross] And Mon, you wanna live with Chandler, don’t ya?",neutral,4,4,neutral,True,0.0042608064,0.0015985059,0.0011891504,0.012375638,0.97755444,0.0016678654,0.0013536407
12,18,Monica,Yes.,neutral,"[SPEAKER_Ross] And Mon, you wanna live with Chandler, don’t ya?
[SPEAKER_Monica] Yes.","[SPEAKER_Ross] And Mon, you wanna live with Chandler, don’t ya?
[SPEAKER_Monica] Yes.",neutral,4,4,neutral,True,0.011148357,0.0031088192,0.0034593584,0.111512646,0.8554429,0.0129984515,0.0023294284
12,19,Ross,Good! A verbal contract is binding in the state of New York!,joy,"[SPEAKER_Monica] Yes.
[SPEAKER_Ross] Good! A verbal contract is binding in the state of New York!","[SPEAKER_Monica] Yes.
[SPEAKER_Ross] Good! A verbal contract is binding in the state of New York!",joy,3,3,joy,True,0.027266666,0.0021091723,0.002164517,0.8663653,0.05316936,0.0043898765,0.04453512
13,1,Phoebe,"But I don't. Me, Phoebe.",neutral,"[SPEAKER_Roger] Oh.
[SPEAKER_Phoebe] But I don't. Me, Phoebe.","[SPEAKER_Roger] Oh.
[SPEAKER_Phoebe] But I don't. Me, Phoebe.",neutral,4,4,neutral,True,0.014344074,0.0031332413,0.009599768,0.1367038,0.7979698,0.03332813,0.004921218
13,2,Roger,"Well, I'm not I'm not at all surprised they feel that way.",neutral,"[SPEAKER_Phoebe] But I don't. Me, Phoebe.
[SPEAKER_Roger] Well, I'm not I'm not at all surprised they feel that way.","[SPEAKER_Phoebe] But I don't. Me, Phoebe.
[SPEAKER_Roger] Well, I'm not I'm not at all surprised they feel that way.",neutral,4,4,neutral,True,0.024771035,0.00800844,0.009963932,0.12337919,0.80523497,0.015366925,0.013275503
13,3,Phoebe,"You're not? See, that's why you're so great!",surprise,"[SPEAKER_Roger] Well, I'm not I'm not at all surprised they feel that way.
[SPEAKER_Phoebe] You're not? See, that's why you're so great!","[SPEAKER_Roger] Well, I'm not I'm not at all surprised they feel that way.
[SPEAKER_Phoebe] You're not? See, that's why you're so great!",surprise,6,6,surprise,True,0.068837054,0.0064565525,0.008500509,0.008521279,0.028933663,0.021469846,0.8572811
13,4,Roger,"Actually it's, it's quite, y'know, typical behaviour when you have this kind of dysfunctional group dynamic.",neutral,"[SPEAKER_Phoebe] You're not? See, that's why you're so great!
[SPEAKER_Roger] Actually it's, it's quite, y'know, typical behaviour when you have this kind of dysfunctional group dynamic.","[SPEAKER_Phoebe] You're not? See, that's why you're so great!
[SPEAKER_Roger] Actually it's, it's quite, y'know, typical behaviour when you have this kind of dysfunctional group dynamic.",neutral,4,4,neutral,True,0.028847558,0.011861671,0.005196225,0.0071426565,0.93506235,0.009762413,0.0021271945
13,5,Roger,"Y'know, this kind of co-dependant, emotionally stunted, sitting in your stupid coffee house with your stupid big cups which, I'm sorry, might as well have nipples on them, and you're like all 'Oh, define me!",anger,"[SPEAKER_Roger] Actually it's, it's quite, y'know, typical behaviour when you have this kind of dysfunctional group dynamic.
[SPEAKER_Roger] Y'know, this kind of co-dependant, emotionally stunted, sitting in your stupid coffee house with your stupid big cups which, I'm sorry, might as well have nipples on them, and you're like all 'Oh, define me!","[SPEAKER_Roger] Actually it's, it's quite, y'know, typical behaviour when you have this kind of dysfunctional group dynamic.
[SPEAKER_Roger] Y'know, this kind of co-dependant, emotionally stunted, sitting in your stupid coffee house with your stupid big cups which, I'm sorry, might as well have nipples on them, and you're like all 'Oh, define me!",anger,0,0,anger,True,0.89561534,0.031173218,0.018656975,0.008545418,0.010914241,0.026804743,0.008290136
13,6,Roger,Define me!,anger,"[SPEAKER_Roger] Y'know, this kind of co-dependant, emotionally stunted, sitting in your stupid coffee house with your stupid big cups which, I'm sorry, might as well have nipples on them, and you're like all 'Oh, define me!
[SPEAKER_Roger] Define me!","[SPEAKER_Roger] Y'know, this kind of co-dependant, emotionally stunted, sitting in your stupid coffee house with your stupid big cups which, I'm sorry, might as well have nipples on them, and you're like all 'Oh, define me!
[SPEAKER_Roger] Define me!",anger,0,0,anger,True,0.7873312,0.015008412,0.021487398,0.07931258,0.050927438,0.014386532,0.03154647
13,7,Roger,"Love me, I need love!",anger,"[SPEAKER_Roger] Define me!
[SPEAKER_Roger] Love me, I need love!","[SPEAKER_Roger] Define me!
[SPEAKER_Roger] Love me, I need love!",anger,0,3,joy,False,0.030273715,0.0016896932,0.007650327,0.9154567,0.023546634,0.008073262,0.013309644
14,1,Joey,Yeah!,joy,"[SPEAKER_Phoebe] Have you really done this before?
[SPEAKER_Joey] Yeah!","[SPEAKER_Phoebe] Have you really done this before?
[SPEAKER_Joey] Yeah!",joy,3,3,joy,True,0.032191686,0.0021279117,0.0033883257,0.83900905,0.07033933,0.006953195,0.04599048
14,2,Joey,Yeah!,joy,"[SPEAKER_Joey] Yeah!
[SPEAKER_Joey] Yeah!","[SPEAKER_Joey] Yeah!
[SPEAKER_Joey] Yeah!",joy,3,3,joy,True,0.035837,0.002075683,0.0029919099,0.84038645,0.08018546,0.00610781,0.03241569
14,3,Joey,Yeah!,joy,"[SPEAKER_Joey] Yeah!
[SPEAKER_Joey] Yeah!","[SPEAKER_Joey] Yeah!
[SPEAKER_Joey] Yeah!",joy,3,3,joy,True,0.035837,0.002075683,0.0029919099,0.84038645,0.08018546,0.00610781,0.03241569
14,4,Joey,"You just take a big, big swing.",neutral,"[SPEAKER_Joey] Yeah!
[SPEAKER_Joey] You just take a big, big swing.","[SPEAKER_Joey] Yeah!
[SPEAKER_Joey] You just take a big, big swing.",neutral,4,4,neutral,True,0.046229303,0.008881915,0.004834658,0.28811443,0.6390221,0.009636747,0.0032808695
14,5,Joey,"Now, don’t hold back.",neutral,"[SPEAKER_Joey] You just take a big, big swing.
[SPEAKER_Joey] Now, don’t hold back.","[SPEAKER_Joey] You just take a big, big swing.
[SPEAKER_Joey] Now, don’t hold back.",neutral,4,4,neutral,True,0.027460793,0.0074326284,0.0113491155,0.03865404,0.906921,0.005959421,0.0022229494
14,6,Phoebe,Hey!,joy,"[SPEAKER_Joey] Now, don’t hold back.
[SPEAKER_Phoebe] Hey!","[SPEAKER_Joey] Now, don’t hold back.
[SPEAKER_Phoebe] Hey!",joy,3,3,joy,True,0.06751225,0.004976424,0.007599231,0.51080513,0.24209781,0.012666832,0.15434232
14,7,Joey,Hey-hey-hey!,joy,"[SPEAKER_Phoebe] Hey!
[SPEAKER_Joey] Hey-hey-hey!","[SPEAKER_Phoebe] Hey!
[SPEAKER_Joey] Hey-hey-hey!",joy,3,3,joy,True,0.031695377,0.003674948,0.009993798,0.5474262,0.09622434,0.010568785,0.30041656
14,8,Chandler,What are you doing?,neutral,"[SPEAKER_Joey] Hey-hey-hey!
[SPEAKER_Chandler] What are you doing?","[SPEAKER_Joey] Hey-hey-hey!
[SPEAKER_Chandler] What are you doing?",neutral,4,4,neutral,True,0.0125936335,0.0015417958,0.0043102438,0.011068852,0.8954854,0.0032827575,0.0717173
14,9,Phoebe,We’re just celebrating that Joey got his health insurance back.,joy,"[SPEAKER_Chandler] What are you doing?
[SPEAKER_Phoebe] We’re just celebrating that Joey got his health insurance back.","[SPEAKER_Chandler] What are you doing?
[SPEAKER_Phoebe] We’re just celebrating that Joey got his health insurance back.",joy,3,3,joy,True,0.020484649,0.003370319,0.001439363,0.7646339,0.19835731,0.0048529766,0.0068614585
14,10,Chandler,"Oh, all right.",neutral,"[SPEAKER_Phoebe] We’re just celebrating that Joey got his health insurance back.
[SPEAKER_Chandler] Oh, all right.","[SPEAKER_Phoebe] We’re just celebrating that Joey got his health insurance back.
[SPEAKER_Chandler] Oh, all right.",neutral,4,4,neutral,True,0.004017144,0.0041560256,0.0085371835,0.0332563,0.9317969,0.016423712,0.0018126738
15,1,Gary,Oh yeah? Well maybe you and I should take a walk through a bad neighborhood.,joy,"[SPEAKER_Phoebe] Yeah! Sure! Yep!  Oh, y'know what? If I heard a shot right now, I'd throw my body on you.
[SPEAKER_Gary] Oh yeah? Well maybe you and I should take a walk through a bad neighborhood.","[SPEAKER_Phoebe] Yeah! Sure! Yep!  Oh, y'know what? If I heard a shot right now, I'd throw my body on you.
[SPEAKER_Gary] Oh yeah? Well maybe you and I should take a walk through a bad neighborhood.",joy,3,4,neutral,False,0.012037981,0.009631038,0.025601842,0.037322365,0.8949867,0.015487811,0.0049322452
15,2,Phoebe,Okay!,joy,"[SPEAKER_Gary] Oh yeah? Well maybe you and I should take a walk through a bad neighborhood.
[SPEAKER_Phoebe] Okay!","[SPEAKER_Gary] Oh yeah? Well maybe you and I should take a walk through a bad neighborhood.
[SPEAKER_Phoebe] Okay!",joy,3,3,joy,True,0.05963277,0.005306511,0.008012371,0.6247449,0.24099836,0.014739855,0.046565253
15,3,Phoebe,Bye!,neutral,"[SPEAKER_Phoebe] Okay!
[SPEAKER_Phoebe] Bye!","[SPEAKER_Phoebe] Okay!
[SPEAKER_Phoebe] Bye!",neutral,4,4,neutral,True,0.01498528,0.0012060838,0.0019169403,0.3596053,0.6117043,0.0059679863,0.0046141725
15,4,Joey,Bye!,neutral,"[SPEAKER_Phoebe] Bye!
[SPEAKER_Joey] Bye!","[SPEAKER_Phoebe] Bye!
[SPEAKER_Joey] Bye!",neutral,4,4,neutral,True,0.01640228,0.0017430009,0.0025494494,0.29383123,0.672,0.008655204,0.0048189596
15,5,Joey,Cut it out Ross! I hate to have to save your life and kick your ass in the same day!,anger,"[SPEAKER_Joey] Bye!
[SPEAKER_Joey] Cut it out Ross! I hate to have to save your life and kick your ass in the same day!","[SPEAKER_Joey] Bye!
[SPEAKER_Joey] Cut it out Ross! I hate to have to save your life and kick your ass in the same day!",anger,0,0,anger,True,0.4041256,0.028153928,0.03262087,0.4027966,0.08965237,0.036778875,0.0058717327
16,1,Joey,"Listen uh, I’d prefer it if you didn’t call me Joey.",neutral,"[SPEAKER_Monica] Hey, Joey, could you pass the cheese?
[SPEAKER_Joey] Listen uh, I’d prefer it if you didn’t call me Joey.","[SPEAKER_Monica] Hey, Joey, could you pass the cheese?
[SPEAKER_Joey] Listen uh, I’d prefer it if you didn’t call me Joey.",neutral,4,4,neutral,True,0.007245637,0.004818334,0.007071349,0.020615654,0.9457766,0.013612326,0.00086005306
16,2,Joey,"Since I don’t know anyone here, I thought it’d be cool to try out a cool work nickname.",neutral,"[SPEAKER_Joey] Listen uh, I’d prefer it if you didn’t call me Joey.
[SPEAKER_Joey] Since I don’t know anyone here, I thought it’d be cool to try out a cool work nickname.","[SPEAKER_Joey] Listen uh, I’d prefer it if you didn’t call me Joey.
[SPEAKER_Joey] Since I don’t know anyone here, I thought it’d be cool to try out a cool work nickname.",neutral,4,4,neutral,True,0.008396976,0.0039469106,0.0025385357,0.058509786,0.918668,0.0060013486,0.001938527
16,3,A Waiter,"Hey, dragon! Here’s your tips from Monday and Tuesday.",neutral,"[SPEAKER_Joey] Since I don’t know anyone here, I thought it’d be cool to try out a cool work nickname.
[SPEAKER_A Waiter] Hey, dragon! Here’s your tips from Monday and Tuesday.","[SPEAKER_Joey] Since I don’t know anyone here, I thought it’d be cool to try out a cool work nickname.
[SPEAKER_A Waiter] Hey, dragon! Here’s your tips from Monday and Tuesday.",neutral,4,4,neutral,True,0.028142083,0.0041848496,0.0016289232,0.35325837,0.5957817,0.003268898,0.013735157
16,4,Joey,There’s like-there’s like 300 bucks in this one!,surprise,"[SPEAKER_A Waiter] Hey, dragon! Here’s your tips from Monday and Tuesday.
[SPEAKER_Joey] There’s like-there’s like 300 bucks in this one!","[SPEAKER_A Waiter] Hey, dragon! Here’s your tips from Monday and Tuesday.
[SPEAKER_Joey] There’s like-there’s like 300 bucks in this one!",surprise,6,3,joy,False,0.033097025,0.0057213446,0.002627372,0.797035,0.04901874,0.0074559622,0.105044596
16,5,The Waiter,"Yeah, people get pretty generous around the holidays. And it never hurts to wear tight trousers.",neutral,"[SPEAKER_Joey] There’s like-there’s like 300 bucks in this one!
[SPEAKER_The Waiter] Yeah, people get pretty generous around the holidays. And it never hurts to wear tight trousers.","[SPEAKER_Joey] There’s like-there’s like 300 bucks in this one!
[SPEAKER_The Waiter] Yeah, people get pretty generous around the holidays. And it never hurts to wear tight trousers.",neutral,4,4,neutral,True,0.02146347,0.0071281097,0.0030956746,0.4393998,0.517011,0.010283368,0.0016186172
16,6,Monica,Could the waiters gather around to hear tonight’s specials?,neutral,"[SPEAKER_The Waiter] Yeah, people get pretty generous around the holidays. And it never hurts to wear tight trousers.
[SPEAKER_Monica] Could the waiters gather around to hear tonight’s specials?","[SPEAKER_The Waiter] Yeah, people get pretty generous around the holidays. And it never hurts to wear tight trousers.
[SPEAKER_Monica] Could the waiters gather around to hear tonight’s specials?",neutral,4,4,neutral,True,0.009393322,0.0017184241,0.001781087,0.14602895,0.83118933,0.0047162483,0.0051726326
16,7,Monica,"Okay, first there is a Chilean Sea Bass prepared with a Mango relish on a bag—Why is nobody writing these down?",neutral,"[SPEAKER_Monica] Could the waiters gather around to hear tonight’s specials?
[SPEAKER_Monica] Okay, first there is a Chilean Sea Bass prepared with a Mango relish on a bag—Why is nobody writing these down?","[SPEAKER_Monica] Could the waiters gather around to hear tonight’s specials?
[SPEAKER_Monica] Okay, first there is a Chilean Sea Bass prepared with a Mango relish on a bag—Why is nobody writing these down?",neutral,4,4,neutral,True,0.05202018,0.0033632154,0.004188468,0.052083038,0.83998924,0.0076149134,0.040740896
16,8,The Waiter,Because we can remember them.,neutral,"[SPEAKER_Monica] Okay, first there is a Chilean Sea Bass prepared with a Mango relish on a bag—Why is nobody writing these down?
[SPEAKER_The Waiter] Because we can remember them.","[SPEAKER_Monica] Okay, first there is a Chilean Sea Bass prepared with a Mango relish on a bag—Why is nobody writing these down?
[SPEAKER_The Waiter] Because we can remember them.",neutral,4,4,neutral,True,0.006424383,0.001854728,0.0015314843,0.014992411,0.96995115,0.0026392683,0.0026065588
16,9,Monica,Because your all gonna make up fake specials and make me cook them like you did the other night?,anger,"[SPEAKER_The Waiter] Because we can remember them.
[SPEAKER_Monica] Because your all gonna make up fake specials and make me cook them like you did the other night?","[SPEAKER_The Waiter] Because we can remember them.
[SPEAKER_Monica] Because your all gonna make up fake specials and make me cook them like you did the other night?",anger,0,4,neutral,False,0.15110366,0.006287401,0.00636965,0.38649207,0.41742757,0.014475713,0.017843861
17,1,Monica,I was always Joanne.,neutral,"[SPEAKER_Ross] Hey. When you guys were kids and you played
[SPEAKER_Monica] I was always Joanne.","[SPEAKER_Ross] Hey. When you guys were kids and you played
[SPEAKER_Monica] I was always Joanne.",neutral,4,4,neutral,True,0.008479754,0.0013684031,0.0008192176,0.011485451,0.97368175,0.002567369,0.0015980565
17,2,Joey,"Question. Was ah, ‘Egg the Gellers!’ the war cry of your neighbourhood?",neutral,"[SPEAKER_Monica] I was always Joanne.
[SPEAKER_Joey] Question. Was ah, ‘Egg the Gellers!’ the war cry of your neighbourhood?","[SPEAKER_Monica] I was always Joanne.
[SPEAKER_Joey] Question. Was ah, ‘Egg the Gellers!’ the war cry of your neighbourhood?",neutral,4,0,anger,False,0.37395823,0.012620049,0.0388577,0.15576263,0.3384531,0.025433123,0.05491518
17,3,Phoebe,Ewww! Oh! It’s the Mattress King!,disgust,"[SPEAKER_Joey] Question. Was ah, ‘Egg the Gellers!’ the war cry of your neighbourhood?
[SPEAKER_Phoebe] Ewww! Oh! It’s the Mattress King!","[SPEAKER_Joey] Question. Was ah, ‘Egg the Gellers!’ the war cry of your neighbourhood?
[SPEAKER_Phoebe] Ewww! Oh! It’s the Mattress King!",disgust,1,6,surprise,False,0.057167083,0.19319153,0.014347611,0.10568403,0.028661171,0.027218983,0.57372963
17,4,Chandler,Don’t look honey. Change the channel! Change the channel!,disgust,"[SPEAKER_Phoebe] Ewww! Oh! It’s the Mattress King!
[SPEAKER_Chandler] Don’t look honey. Change the channel! Change the channel!","[SPEAKER_Phoebe] Ewww! Oh! It’s the Mattress King!
[SPEAKER_Chandler] Don’t look honey. Change the channel! Change the channel!",disgust,1,0,anger,False,0.46784016,0.06963543,0.08212894,0.148799,0.17264007,0.033396803,0.025559593
17,5,Janice,"Wait! Wait! I wanna see this. After I divorce him, half of that kingdom is gonna be mine.",joy,"[SPEAKER_Chandler] Don’t look honey. Change the channel! Change the channel!
[SPEAKER_Janice] Wait! Wait! I wanna see this. After I divorce him, half of that kingdom is gonna be mine.","[SPEAKER_Chandler] Don’t look honey. Change the channel! Change the channel!
[SPEAKER_Janice] Wait! Wait! I wanna see this. After I divorce him, half of that kingdom is gonna be mine.",joy,3,3,joy,True,0.1214236,0.014910151,0.055612486,0.346958,0.14780721,0.0649882,0.24830028
17,6,Chandler,What a wank!,anger,"[SPEAKER_Janice] Wait! Wait! I wanna see this. After I divorce him, half of that kingdom is gonna be mine.
[SPEAKER_Chandler] What a wank!","[SPEAKER_Janice] Wait! Wait! I wanna see this. After I divorce him, half of that kingdom is gonna be mine.
[SPEAKER_Chandler] What a wank!",anger,0,0,anger,True,0.5157286,0.21258579,0.018435584,0.06944272,0.04714473,0.08446651,0.05219601
17,7,Janice,"Oh, I cannot believe he’s using our divorce to sell mattresses.",anger,"[SPEAKER_Chandler] What a wank!
[SPEAKER_Janice] Oh, I cannot believe he’s using our divorce to sell mattresses.","[SPEAKER_Chandler] What a wank!
[SPEAKER_Janice] Oh, I cannot believe he’s using our divorce to sell mattresses.",anger,0,6,surprise,False,0.019209893,0.005429268,0.005580752,0.039468136,0.0939823,0.020052534,0.816277
17,8,Monica,I know!,anger,"[SPEAKER_Janice] Oh, I cannot believe he’s using our divorce to sell mattresses.
[SPEAKER_Monica] I know!","[SPEAKER_Janice] Oh, I cannot believe he’s using our divorce to sell mattresses.
[SPEAKER_Monica] I know!",anger,0,6,surprise,False,0.103716046,0.010395266,0.015819823,0.29474872,0.10245128,0.03227619,0.4405926
17,9,Monica,"And four ninety-nine for a pillow top queen set, who cares about the divorce, those babies will sell themselves.",anger,"[SPEAKER_Monica] I know!
[SPEAKER_Monica] And four ninety-nine for a pillow top queen set, who cares about the divorce, those babies will sell themselves.","[SPEAKER_Monica] I know!
[SPEAKER_Monica] And four ninety-nine for a pillow top queen set, who cares about the divorce, those babies will sell themselves.",anger,0,4,neutral,False,0.07339822,0.08023076,0.009866887,0.06712977,0.71081334,0.05246312,0.0060979323
17,10,Monica,And I’m appalled for you by the way.,anger,"[SPEAKER_Monica] And four ninety-nine for a pillow top queen set, who cares about the divorce, those babies will sell themselves.
[SPEAKER_Monica] And I’m appalled for you by the way.","[SPEAKER_Monica] And four ninety-nine for a pillow top queen set, who cares about the divorce, those babies will sell themselves.
[SPEAKER_Monica] And I’m appalled for you by the way.",anger,0,1,disgust,False,0.10358329,0.3550079,0.048646867,0.0773165,0.078008786,0.20349377,0.13394286
17,11,Rachel,"You had to do it, didn’t you? You couldn’t just leave it alone.",sadness,"[SPEAKER_Monica] And I’m appalled for you by the way.
[SPEAKER_Rachel] You had to do it, didn’t you? You couldn’t just leave it alone.","[SPEAKER_Monica] And I’m appalled for you by the way.
[SPEAKER_Rachel] You had to do it, didn’t you? You couldn’t just leave it alone.",sadness,5,4,neutral,False,0.10716691,0.012156542,0.08538428,0.1362007,0.61546904,0.035114586,0.0085079195
17,12,Ross,Four percent. Okay. I tip more than that when there’s a bug in my food.,disgust,"[SPEAKER_Rachel] You had to do it, didn’t you? You couldn’t just leave it alone.
[SPEAKER_Ross] Four percent. Okay. I tip more than that when there’s a bug in my food.","[SPEAKER_Rachel] You had to do it, didn’t you? You couldn’t just leave it alone.
[SPEAKER_Ross] Four percent. Okay. I tip more than that when there’s a bug in my food.",disgust,1,4,neutral,False,0.023135757,0.028625336,0.009095878,0.05464783,0.86463183,0.017938975,0.0019243755
17,13,Rachel,"Ross, tonight was about the two of you getting along.  Oh, would you just see my chiropractor, already.",anger,"[SPEAKER_Ross] Four percent. Okay. I tip more than that when there’s a bug in my food.
[SPEAKER_Rachel] Ross, tonight was about the two of you getting along.  Oh, would you just see my chiropractor, already.","[SPEAKER_Ross] Four percent. Okay. I tip more than that when there’s a bug in my food.
[SPEAKER_Rachel] Ross, tonight was about the two of you getting along.  Oh, would you just see my chiropractor, already.",anger,0,3,joy,False,0.024079343,0.004006914,0.0029399046,0.63818854,0.3131547,0.012973923,0.0046566487
17,14,Ross,"Yeah, I’m gonna go to a doctor who went to school in a mini-mall.",disgust,"[SPEAKER_Rachel] Ross, tonight was about the two of you getting along.  Oh, would you just see my chiropractor, already.
[SPEAKER_Ross] Yeah, I’m gonna go to a doctor who went to school in a mini-mall.","[SPEAKER_Rachel] Ross, tonight was about the two of you getting along.  Oh, would you just see my chiropractor, already.
[SPEAKER_Ross] Yeah, I’m gonna go to a doctor who went to school in a mini-mall.",disgust,1,4,neutral,False,0.008483422,0.010009362,0.009943663,0.02331875,0.92239124,0.024397455,0.0014561155
17,15,Ross,"Hey Pheebs, what are you doing?",neutral,"[SPEAKER_Ross] Yeah, I’m gonna go to a doctor who went to school in a mini-mall.
[SPEAKER_Ross] Hey Pheebs, what are you doing?","[SPEAKER_Ross] Yeah, I’m gonna go to a doctor who went to school in a mini-mall.
[SPEAKER_Ross] Hey Pheebs, what are you doing?",neutral,4,4,neutral,True,0.0087958,0.0010929734,0.0038804042,0.015498873,0.90258676,0.0031166647,0.065028496
17,16,Phoebe,"I’m, I’m freaking out!",fear,"[SPEAKER_Ross] Hey Pheebs, what are you doing?
[SPEAKER_Phoebe] I’m, I’m freaking out!","[SPEAKER_Ross] Hey Pheebs, what are you doing?
[SPEAKER_Phoebe] I’m, I’m freaking out!",fear,2,3,joy,False,0.029403321,0.0032329196,0.003718484,0.75583094,0.035308536,0.0063069034,0.16619882
17,17,Phoebe,Monica kinda trusted me with something and she shouldn’t have!,fear,"[SPEAKER_Phoebe] I’m, I’m freaking out!
[SPEAKER_Phoebe] Monica kinda trusted me with something and she shouldn’t have!","[SPEAKER_Phoebe] I’m, I’m freaking out!
[SPEAKER_Phoebe] Monica kinda trusted me with something and she shouldn’t have!",fear,2,5,sadness,False,0.1771625,0.016671458,0.13136521,0.17188914,0.1718966,0.22358222,0.10743286
17,18,Phoebe,"All right, I haven’t lived here in a while, so I have to ask you something.",neutral,"[SPEAKER_Phoebe] Monica kinda trusted me with something and she shouldn’t have!
[SPEAKER_Phoebe] All right, I haven’t lived here in a while, so I have to ask you something.","[SPEAKER_Phoebe] Monica kinda trusted me with something and she shouldn’t have!
[SPEAKER_Phoebe] All right, I haven’t lived here in a while, so I have to ask you something.",neutral,4,4,neutral,True,0.023169903,0.006719584,0.039948102,0.06153798,0.8267056,0.028972391,0.012946455
17,19,Phoebe,Does Monica still turn on the lights in her bedroom?,neutral,"[SPEAKER_Phoebe] All right, I haven’t lived here in a while, so I have to ask you something.
[SPEAKER_Phoebe] Does Monica still turn on the lights in her bedroom?","[SPEAKER_Phoebe] All right, I haven’t lived here in a while, so I have to ask you something.
[SPEAKER_Phoebe] Does Monica still turn on the lights in her bedroom?",neutral,4,4,neutral,True,0.018112864,0.002344189,0.004531186,0.011080946,0.9112156,0.006502086,0.04621314
17,20,Rachel,Um. yeah.,neutral,"[SPEAKER_Phoebe] Does Monica still turn on the lights in her bedroom?
[SPEAKER_Rachel] Um. yeah.","[SPEAKER_Phoebe] Does Monica still turn on the lights in her bedroom?
[SPEAKER_Rachel] Um. yeah.",neutral,4,4,neutral,True,0.0029652675,0.0026003283,0.013246765,0.025182705,0.93637854,0.017748142,0.0018782534
17,21,Phoebe,I am,neutral,"[SPEAKER_Rachel] Um. yeah.
[SPEAKER_Phoebe] I am","[SPEAKER_Rachel] Um. yeah.
[SPEAKER_Phoebe] I am",neutral,4,4,neutral,True,0.0047697695,0.0006021692,0.0012128337,0.006238737,0.9828334,0.0014544269,0.0028885715
17,22,Rachel,"All right, look, here’s the bottom line Ross, this is fixable, if we act fast, okay.",neutral,"[SPEAKER_Phoebe] I am
[SPEAKER_Rachel] All right, look, here’s the bottom line Ross, this is fixable, if we act fast, okay.","[SPEAKER_Phoebe] I am
[SPEAKER_Rachel] All right, look, here’s the bottom line Ross, this is fixable, if we act fast, okay.",neutral,4,4,neutral,True,0.010643482,0.0014906124,0.0020129592,0.010863902,0.97209406,0.0019197132,0.00097525906
17,23,Rachel,"So, I’ll invite him to brunch tomorrow and you can make nice.",neutral,"[SPEAKER_Rachel] All right, look, here’s the bottom line Ross, this is fixable, if we act fast, okay.
[SPEAKER_Rachel] So, I’ll invite him to brunch tomorrow and you can make nice.","[SPEAKER_Rachel] All right, look, here’s the bottom line Ross, this is fixable, if we act fast, okay.
[SPEAKER_Rachel] So, I’ll invite him to brunch tomorrow and you can make nice.",neutral,4,4,neutral,True,0.005570958,0.0028482184,0.0015475191,0.069557816,0.9162066,0.003591751,0.0006770586
17,24,Ross,"Look, honey, I have tried to make nice, it doesn’t work.",anger,"[SPEAKER_Rachel] So, I’ll invite him to brunch tomorrow and you can make nice.
[SPEAKER_Ross] Look, honey, I have tried to make nice, it doesn’t work.","[SPEAKER_Rachel] So, I’ll invite him to brunch tomorrow and you can make nice.
[SPEAKER_Ross] Look, honey, I have tried to make nice, it doesn’t work.",anger,0,5,sadness,False,0.19065998,0.015707394,0.087843545,0.13287893,0.114838436,0.4387049,0.019366745
17,25,Rachel,"Okay, look, Ross, I realise that my Father is difficult, but that’s why you have got to be the bigger man here.",neutral,"[SPEAKER_Ross] Look, honey, I have tried to make nice, it doesn’t work.
[SPEAKER_Rachel] Okay, look, Ross, I realise that my Father is difficult, but that’s why you have got to be the bigger man here.","[SPEAKER_Ross] Look, honey, I have tried to make nice, it doesn’t work.
[SPEAKER_Rachel] Okay, look, Ross, I realise that my Father is difficult, but that’s why you have got to be the bigger man here.",neutral,4,4,neutral,True,0.23185073,0.02590187,0.057184793,0.15254559,0.30060008,0.1873426,0.04457439
17,26,Ross,"Look sweetie, I could be the bigger man, I could be the biggest man, I could be a big, huge, giant man, and it still wouldn’t make any difference, except that I could pick your Father up and say ‘Like me!",anger,"[SPEAKER_Rachel] Okay, look, Ross, I realise that my Father is difficult, but that’s why you have got to be the bigger man here.
[SPEAKER_Ross] Look sweetie, I could be the bigger man, I could be the biggest man, I could be a big, huge, giant man, and it still wouldn’t make any difference, except that I could pick your Father up and say ‘Like me!","[SPEAKER_Rachel] Okay, look, Ross, I realise that my Father is difficult, but that’s why you have got to be the bigger man here.
[SPEAKER_Ross] Look sweetie, I could be the bigger man, I could be the biggest man, I could be a big, huge, giant man, and it still wouldn’t make any difference, except that I could pick your Father up and say ‘Like me!",anger,0,3,joy,False,0.33143118,0.007189373,0.03607396,0.45344347,0.09998132,0.028594503,0.04328612
17,27,Ross,Like me tiny doctor!’,anger,"[SPEAKER_Ross] Look sweetie, I could be the bigger man, I could be the biggest man, I could be a big, huge, giant man, and it still wouldn’t make any difference, except that I could pick your Father up and say ‘Like me!
[SPEAKER_Ross] Like me tiny doctor!’","[SPEAKER_Ross] Look sweetie, I could be the bigger man, I could be the biggest man, I could be a big, huge, giant man, and it still wouldn’t make any difference, except that I could pick your Father up and say ‘Like me!
[SPEAKER_Ross] Like me tiny doctor!’",anger,0,3,joy,False,0.075641304,0.007550552,0.010312923,0.7751792,0.05253539,0.013817916,0.064962715
17,28,Rachel,"Okay, well can’t you just try it one more time Ross? For me? For me?",sadness,"[SPEAKER_Ross] Like me tiny doctor!’
[SPEAKER_Rachel] Okay, well can’t you just try it one more time Ross? For me? For me?","[SPEAKER_Ross] Like me tiny doctor!’
[SPEAKER_Rachel] Okay, well can’t you just try it one more time Ross? For me? For me?",sadness,5,0,anger,False,0.40638012,0.0064387005,0.05359402,0.16644871,0.22653696,0.04391032,0.096691154
17,29,Ross,"Rachel one brunch is not gonna solve anything. You gotta face it, okay we’re never gonna get along.",anger,"[SPEAKER_Rachel] Okay, well can’t you just try it one more time Ross? For me? For me?
[SPEAKER_Ross] Rachel one brunch is not gonna solve anything. You gotta face it, okay we’re never gonna get along.","[SPEAKER_Rachel] Okay, well can’t you just try it one more time Ross? For me? For me?
[SPEAKER_Ross] Rachel one brunch is not gonna solve anything. You gotta face it, okay we’re never gonna get along.",anger,0,5,sadness,False,0.106629685,0.018281432,0.14086428,0.041265506,0.031654734,0.65057176,0.010732519
17,30,Rachel,"Okay, well you are just gonna have too, okay.",anger,"[SPEAKER_Ross] Rachel one brunch is not gonna solve anything. You gotta face it, okay we’re never gonna get along.
[SPEAKER_Rachel] Okay, well you are just gonna have too, okay.","[SPEAKER_Ross] Rachel one brunch is not gonna solve anything. You gotta face it, okay we’re never gonna get along.
[SPEAKER_Rachel] Okay, well you are just gonna have too, okay.",anger,0,4,neutral,False,0.08465518,0.009718598,0.025477214,0.17202199,0.6431441,0.06167523,0.0033077688
17,31,Rachel,"Because I already got a Mother and a Father who cannot stay in the same room together, okay, I don’t wanna have to have a separate room for you too!",anger,"[SPEAKER_Rachel] Okay, well you are just gonna have too, okay.
[SPEAKER_Rachel] Because I already got a Mother and a Father who cannot stay in the same room together, okay, I don’t wanna have to have a separate room for you too!","[SPEAKER_Rachel] Okay, well you are just gonna have too, okay.
[SPEAKER_Rachel] Because I already got a Mother and a Father who cannot stay in the same room together, okay, I don’t wanna have to have a separate room for you too!",anger,0,0,anger,True,0.8317295,0.015154303,0.019469513,0.025103627,0.046376787,0.036070026,0.026096273
17,32,Ross,"Okay, okay, okay.  I’ll get the bagels.",neutral,"[SPEAKER_Rachel] Because I already got a Mother and a Father who cannot stay in the same room together, okay, I don’t wanna have to have a separate room for you too!
[SPEAKER_Ross] Okay, okay, okay.  I’ll get the bagels.","[SPEAKER_Rachel] Because I already got a Mother and a Father who cannot stay in the same room together, okay, I don’t wanna have to have a separate room for you too!
[SPEAKER_Ross] Okay, okay, okay.  I’ll get the bagels.",neutral,4,4,neutral,True,0.0029224036,0.0009447968,0.00095149624,0.005689077,0.9871955,0.0016547232,0.000641898
18,1,Joey,"All right, then you'd better show me some of that too then.",neutral,"[SPEAKER_Rachel] Okay now Joey, y'know that since you're returning all of this stuff right after the audition you're gonna have to wear underwear?
[SPEAKER_Joey] All right, then you'd better show me some of that too then.","[SPEAKER_Rachel] Okay now Joey, y'know that since you're returning all of this stuff right after the audition you're gonna have to wear underwear?
[SPEAKER_Joey] All right, then you'd better show me some of that too then.",neutral,4,4,neutral,True,0.0037772425,0.0034802651,0.0021910241,0.012697749,0.974759,0.0024635755,0.0006311918
18,2,Rachel,"Okay, it's missing something. Ooh, I know! Umm, okay.",neutral,"[SPEAKER_Joey] All right, then you'd better show me some of that too then.
[SPEAKER_Rachel] Okay, it's missing something. Ooh, I know! Umm, okay.","[SPEAKER_Joey] All right, then you'd better show me some of that too then.
[SPEAKER_Rachel] Okay, it's missing something. Ooh, I know! Umm, okay.",neutral,4,3,joy,False,0.026982967,0.004658403,0.017873313,0.6739213,0.1542582,0.046808973,0.07549685
20,1,Joey,It looks like a women's purse.,neutral,"[SPEAKER_Rachel] It's not a purse! It's a shoulder bag.
[SPEAKER_Joey] It looks like a women's purse.","[SPEAKER_Rachel] It's not a purse! It's a shoulder bag.
[SPEAKER_Joey] It looks like a women's purse.",neutral,4,4,neutral,True,0.008777747,0.0037034776,0.00281877,0.003703649,0.9521515,0.0031394865,0.025705487
20,2,Rachel,"No Joey, look. Trust me, all the men are wearing them in the spring catalog. Look.  See look,",neutral,"[SPEAKER_Joey] It looks like a women's purse.
[SPEAKER_Rachel] No Joey, look. Trust me, all the men are wearing them in the spring catalog. Look.  See look,","[SPEAKER_Joey] It looks like a women's purse.
[SPEAKER_Rachel] No Joey, look. Trust me, all the men are wearing them in the spring catalog. Look.  See look,",neutral,4,4,neutral,True,0.01201953,0.0035559253,0.0033215529,0.0079526985,0.95945466,0.0028456354,0.010849972
20,3,Joey,"See look,",neutral,"[SPEAKER_Rachel] No Joey, look. Trust me, all the men are wearing them in the spring catalog. Look.  See look,
[SPEAKER_Joey] See look,","[SPEAKER_Rachel] No Joey, look. Trust me, all the men are wearing them in the spring catalog. Look.  See look,
[SPEAKER_Joey] See look,",neutral,4,4,neutral,True,0.014059388,0.0018329293,0.0023899488,0.010498635,0.9669694,0.0018346938,0.0024151604
20,4,Rachel,Exactly! Unisex!,neutral,"[SPEAKER_Joey] See look,
[SPEAKER_Rachel] Exactly! Unisex!","[SPEAKER_Joey] See look,
[SPEAKER_Rachel] Exactly! Unisex!",neutral,4,3,joy,False,0.014573122,0.001027946,0.0011818539,0.9360516,0.023810582,0.0024790964,0.020875754
20,5,Joey,Maybe you need sex.,neutral,"[SPEAKER_Rachel] Exactly! Unisex!
[SPEAKER_Joey] Maybe you need sex.","[SPEAKER_Rachel] Exactly! Unisex!
[SPEAKER_Joey] Maybe you need sex.",neutral,4,4,neutral,True,0.0023993596,0.002791255,0.002662384,0.012465562,0.9763025,0.0024162624,0.00096267404
20,6,Rachel,No! No Joey! U-N-I-sex.,joy,"[SPEAKER_Joey] Maybe you need sex.
[SPEAKER_Rachel] No! No Joey! U-N-I-sex.","[SPEAKER_Joey] Maybe you need sex.
[SPEAKER_Rachel] No! No Joey! U-N-I-sex.",joy,3,3,joy,True,0.062756725,0.055527925,0.06798794,0.57012695,0.09191179,0.03808878,0.11359988
20,7,Joey,"Well, I ain't gonna say no to that.",neutral,"[SPEAKER_Rachel] No! No Joey! U-N-I-sex.
[SPEAKER_Joey] Well, I ain't gonna say no to that.","[SPEAKER_Rachel] No! No Joey! U-N-I-sex.
[SPEAKER_Joey] Well, I ain't gonna say no to that.",neutral,4,5,sadness,False,0.21318749,0.08809849,0.1782658,0.095056795,0.13241595,0.28007722,0.012898259
21,1,Duncan,"No, but it'll be OK, they're pretty cool, my brother's straight so. . .",neutral,"[SPEAKER_Phoebe] So, um, have you told your parents?
[SPEAKER_Duncan] No, but it'll be OK, they're pretty cool, my brother's straight so. . .","[SPEAKER_Phoebe] So, um, have you told your parents?
[SPEAKER_Duncan] No, but it'll be OK, they're pretty cool, my brother's straight so. . .",neutral,4,4,neutral,True,0.018843828,0.0035320602,0.002297411,0.091923356,0.87403,0.008436995,0.00093632244
21,2,Phoebe,Here you go.,neutral,"[SPEAKER_Duncan] No, but it'll be OK, they're pretty cool, my brother's straight so. . .
[SPEAKER_Phoebe] Here you go.","[SPEAKER_Duncan] No, but it'll be OK, they're pretty cool, my brother's straight so. . .
[SPEAKER_Phoebe] Here you go.",neutral,4,4,neutral,True,0.008033401,0.0040333085,0.001984289,0.020338492,0.9612927,0.0036545752,0.00066324126
21,3,Phoebe,"You know what, I just have one more question, um, if you had figured this out sooner and um, I had been around, do you think that I would have been the one who.",neutral,"[SPEAKER_Phoebe] Here you go.
[SPEAKER_Phoebe] You know what, I just have one more question, um, if you had figured this out sooner and um, I had been around, do you think that I would have been the one who.","[SPEAKER_Phoebe] Here you go.
[SPEAKER_Phoebe] You know what, I just have one more question, um, if you had figured this out sooner and um, I had been around, do you think that I would have been the one who.",neutral,4,4,neutral,True,0.049151357,0.0031940318,0.06262046,0.030525465,0.7882175,0.029543644,0.03674756
21,4,Phoebe,"no, um, I'm sorry, don't tell me, I don't think either answer would make me feel better.",sadness,"[SPEAKER_Phoebe] You know what, I just have one more question, um, if you had figured this out sooner and um, I had been around, do you think that I would have been the one who.
[SPEAKER_Phoebe] no, um, I'm sorry, don't tell me, I don't think either answer would make me feel better.","[SPEAKER_Phoebe] You know what, I just have one more question, um, if you had figured this out sooner and um, I had been around, do you think that I would have been the one who.
[SPEAKER_Phoebe] no, um, I'm sorry, don't tell me, I don't think either answer would make me feel better.",sadness,5,5,sadness,True,0.032535877,0.0074194716,0.070815496,0.049541004,0.12255274,0.7076112,0.009524156
21,5,Duncan,I love you Phoebe.,joy,"[SPEAKER_Phoebe] no, um, I'm sorry, don't tell me, I don't think either answer would make me feel better.
[SPEAKER_Duncan] I love you Phoebe.","[SPEAKER_Phoebe] no, um, I'm sorry, don't tell me, I don't think either answer would make me feel better.
[SPEAKER_Duncan] I love you Phoebe.",joy,3,3,joy,True,0.006066049,0.00079392036,0.001025944,0.9638565,0.0167562,0.0072240476,0.0042773113
21,6,Phoebe,So your brother's straigh huh? Seriously.,surprise,"[SPEAKER_Duncan] I love you Phoebe.
[SPEAKER_Phoebe] So your brother's straigh huh? Seriously.","[SPEAKER_Duncan] I love you Phoebe.
[SPEAKER_Phoebe] So your brother's straigh huh? Seriously.",surprise,6,6,surprise,True,0.012467752,0.0058771903,0.0058554388,0.019393116,0.025212424,0.011698198,0.9194959
22,1,Monica,Hi.,neutral,"[SPEAKER_Chandler] Hey!
[SPEAKER_Monica] Hi.","[SPEAKER_Chandler] Hey!
[SPEAKER_Monica] Hi.",neutral,4,4,neutral,True,0.0017388208,0.0007938612,0.0007953597,0.0050000274,0.98932505,0.0013731599,0.0009736605
22,2,Chandler,"I just came over to drop off…nothing. So that weekend kinda sucked, huh?",neutral,"[SPEAKER_Monica] Hi.
[SPEAKER_Chandler] I just came over to drop off…nothing. So that weekend kinda sucked, huh?","[SPEAKER_Monica] Hi.
[SPEAKER_Chandler] I just came over to drop off…nothing. So that weekend kinda sucked, huh?",neutral,4,4,neutral,True,0.17786603,0.051635932,0.02698586,0.22223675,0.2402299,0.18761228,0.093433246
22,3,Monica,"Yeah, it did.",joy,"[SPEAKER_Chandler] I just came over to drop off…nothing. So that weekend kinda sucked, huh?
[SPEAKER_Monica] Yeah, it did.","[SPEAKER_Chandler] I just came over to drop off…nothing. So that weekend kinda sucked, huh?
[SPEAKER_Monica] Yeah, it did.",joy,3,4,neutral,False,0.020461231,0.0052758376,0.004422355,0.33355427,0.6000939,0.030137215,0.00605521
22,4,Chandler,"So, I guess this is over.",sadness,"[SPEAKER_Monica] Yeah, it did.
[SPEAKER_Chandler] So, I guess this is over.","[SPEAKER_Monica] Yeah, it did.
[SPEAKER_Chandler] So, I guess this is over.",sadness,5,4,neutral,False,0.0075079966,0.0018851568,0.0015836313,0.025910469,0.9531365,0.008057616,0.0019186569
22,5,Monica,What?,neutral,"[SPEAKER_Chandler] So, I guess this is over.
[SPEAKER_Monica] What?","[SPEAKER_Chandler] So, I guess this is over.
[SPEAKER_Monica] What?",neutral,4,4,neutral,True,0.034171954,0.002922021,0.012411143,0.011071209,0.5510051,0.011630132,0.37678844
22,6,Chandler,"Well, y'know, you and me, it had to end sometime.",sadness,"[SPEAKER_Monica] What?
[SPEAKER_Chandler] Well, y'know, you and me, it had to end sometime.","[SPEAKER_Monica] What?
[SPEAKER_Chandler] Well, y'know, you and me, it had to end sometime.",sadness,5,4,neutral,False,0.033446305,0.0036892563,0.018258765,0.07228122,0.8344816,0.032873504,0.0049693445
22,7,Monica,"Why, exactly?",surprise,"[SPEAKER_Chandler] Well, y'know, you and me, it had to end sometime.
[SPEAKER_Monica] Why, exactly?","[SPEAKER_Chandler] Well, y'know, you and me, it had to end sometime.
[SPEAKER_Monica] Why, exactly?",surprise,6,6,surprise,True,0.058158677,0.0033260856,0.018531771,0.028052919,0.41126984,0.02024899,0.46041173
22,8,Chandler,"Because of the weekend, we had a fight.",sadness,"[SPEAKER_Monica] Why, exactly?
[SPEAKER_Chandler] Because of the weekend, we had a fight.","[SPEAKER_Monica] Why, exactly?
[SPEAKER_Chandler] Because of the weekend, we had a fight.",sadness,5,5,sadness,True,0.069458954,0.05140186,0.101579435,0.055663772,0.18255806,0.5008105,0.038527485
22,9,Monica,Chandler that's crazy!,surprise,"[SPEAKER_Chandler] Because of the weekend, we had a fight.
[SPEAKER_Monica] Chandler that's crazy!","[SPEAKER_Chandler] Because of the weekend, we had a fight.
[SPEAKER_Monica] Chandler that's crazy!",surprise,6,6,surprise,True,0.031538423,0.011448863,0.005045837,0.012977184,0.012501882,0.01156524,0.91492254
22,10,Monica,If you give up every time you'd have a fight with someone you'd never be with anyone longer than—Ohhh!,anger,"[SPEAKER_Monica] Chandler that's crazy!
[SPEAKER_Monica] If you give up every time you'd have a fight with someone you'd never be with anyone longer than—Ohhh!","[SPEAKER_Monica] Chandler that's crazy!
[SPEAKER_Monica] If you give up every time you'd have a fight with someone you'd never be with anyone longer than—Ohhh!",anger,0,0,anger,True,0.6715903,0.02314991,0.04551967,0.12985772,0.076279566,0.028311664,0.025291106
22,11,Chandler,"So, this isn't over?",neutral,"[SPEAKER_Monica] If you give up every time you'd have a fight with someone you'd never be with anyone longer than—Ohhh!
[SPEAKER_Chandler] So, this isn't over?","[SPEAKER_Monica] If you give up every time you'd have a fight with someone you'd never be with anyone longer than—Ohhh!
[SPEAKER_Chandler] So, this isn't over?",neutral,4,4,neutral,True,0.018778156,0.0014051447,0.003931646,0.019139113,0.9419146,0.0071435263,0.007687752
22,12,Monica,You are so cute!,joy,"[SPEAKER_Chandler] So, this isn't over?
[SPEAKER_Monica] You are so cute!","[SPEAKER_Chandler] So, this isn't over?
[SPEAKER_Monica] You are so cute!",joy,3,3,joy,True,0.011881237,0.0019984862,0.0011697013,0.91640025,0.008407492,0.0037336715,0.05640922
22,13,Monica,No.,joy,"[SPEAKER_Monica] You are so cute!
[SPEAKER_Monica] No.","[SPEAKER_Monica] You are so cute!
[SPEAKER_Monica] No.",joy,3,3,joy,True,0.071753666,0.028220674,0.014228275,0.4501549,0.30055282,0.12028256,0.0148071665
22,14,Monica,"No, it was a fight.",neutral,"[SPEAKER_Monica] No.
[SPEAKER_Monica] No, it was a fight.","[SPEAKER_Monica] No.
[SPEAKER_Monica] No, it was a fight.",neutral,4,4,neutral,True,0.12900771,0.013597723,0.047321875,0.08571745,0.62586164,0.06491217,0.033581425
22,15,Monica,You deal with it and move on!,joy,"[SPEAKER_Monica] No, it was a fight.
[SPEAKER_Monica] You deal with it and move on!","[SPEAKER_Monica] No, it was a fight.
[SPEAKER_Monica] You deal with it and move on!",joy,3,0,anger,False,0.8005239,0.010208192,0.027579501,0.06294185,0.07588148,0.011564022,0.01130111
22,16,Monica,It's nothing to freak out about.,neutral,"[SPEAKER_Monica] You deal with it and move on!
[SPEAKER_Monica] It's nothing to freak out about.","[SPEAKER_Monica] You deal with it and move on!
[SPEAKER_Monica] It's nothing to freak out about.",neutral,4,4,neutral,True,0.019420637,0.008919374,0.0040155007,0.08147984,0.8771894,0.005897801,0.0030773778
22,17,Chandler,Really? Okay. Great!,joy,"[SPEAKER_Monica] It's nothing to freak out about.
[SPEAKER_Chandler] Really? Okay. Great!","[SPEAKER_Monica] It's nothing to freak out about.
[SPEAKER_Chandler] Really? Okay. Great!",joy,3,6,surprise,False,0.017089473,0.0026057966,0.0048057255,0.053938422,0.036103044,0.00751909,0.87793845
22,18,Monica,"Ohh, welcome to an adult relationship!",joy,"[SPEAKER_Chandler] Really? Okay. Great!
[SPEAKER_Monica] Ohh, welcome to an adult relationship!","[SPEAKER_Chandler] Really? Okay. Great!
[SPEAKER_Monica] Ohh, welcome to an adult relationship!",joy,3,3,joy,True,0.0075451178,0.0011016151,0.0009808822,0.9279831,0.05432542,0.0026306733,0.005433296
22,19,Chandler,We're in a relationship?,surprise,"[SPEAKER_Monica] Ohh, welcome to an adult relationship!
[SPEAKER_Chandler] We're in a relationship?","[SPEAKER_Monica] Ohh, welcome to an adult relationship!
[SPEAKER_Chandler] We're in a relationship?",surprise,6,6,surprise,True,0.023245418,0.0020424058,0.007290267,0.009407965,0.18212552,0.009936132,0.7659522
22,20,Monica,I'm afraid so.,neutral,"[SPEAKER_Chandler] We're in a relationship?
[SPEAKER_Monica] I'm afraid so.","[SPEAKER_Chandler] We're in a relationship?
[SPEAKER_Monica] I'm afraid so.",neutral,4,4,neutral,True,0.0038751757,0.0013338943,0.0028057345,0.016645597,0.96885264,0.0056815045,0.0008054856
22,21,Chandler,Okay.,neutral,"[SPEAKER_Monica] I'm afraid so.
[SPEAKER_Chandler] Okay.","[SPEAKER_Monica] I'm afraid so.
[SPEAKER_Chandler] Okay.",neutral,4,4,neutral,True,0.0037919392,0.0009242924,0.0011853689,0.009213178,0.9819671,0.0017702085,0.0011479701
23,1,Danny,So you like the short hair better.,neutral,"[SPEAKER_Rachel] Hi!
[SPEAKER_Danny] So you like the short hair better.","[SPEAKER_Rachel] Hi!
[SPEAKER_Danny] So you like the short hair better.",neutral,4,4,neutral,True,0.0058708196,0.004856655,0.001941981,0.06935636,0.9092652,0.007505373,0.0012036395
23,2,Rachel,What? Yeti—I mean Danny?,neutral,"[SPEAKER_Danny] So you like the short hair better.
[SPEAKER_Rachel] What? Yeti—I mean Danny?","[SPEAKER_Danny] So you like the short hair better.
[SPEAKER_Rachel] What? Yeti—I mean Danny?",neutral,4,6,surprise,False,0.025639653,0.002347088,0.013722622,0.016294118,0.22942372,0.012852795,0.6997201
24,1,Rachel,Yeah!,joy,"[SPEAKER_Phoebe] Can I tell you a little secret?
[SPEAKER_Rachel] Yeah!","[SPEAKER_Phoebe] Can I tell you a little secret?
[SPEAKER_Rachel] Yeah!",joy,3,3,joy,True,0.02871423,0.0020017915,0.0031092118,0.81471103,0.10296125,0.0064846044,0.042017825
24,2,Phoebe,I want to keep one.,neutral,"[SPEAKER_Rachel] Yeah!
[SPEAKER_Phoebe] I want to keep one.","[SPEAKER_Rachel] Yeah!
[SPEAKER_Phoebe] I want to keep one.",neutral,4,4,neutral,True,0.012197598,0.0022925078,0.005230433,0.022132974,0.95070034,0.0064302115,0.0010158826
24,3,Rachel,"Ohh, I'm gonna be on the news!",joy,"[SPEAKER_Phoebe] I want to keep one.
[SPEAKER_Rachel] Ohh, I'm gonna be on the news!","[SPEAKER_Phoebe] I want to keep one.
[SPEAKER_Rachel] Ohh, I'm gonna be on the news!",joy,3,3,joy,True,0.08878106,0.0051436154,0.0074822214,0.6873063,0.14034954,0.016309323,0.05462802
25,1,Rachel,"Oh, I am, my side still hurts from when you crashed into me yesterday.",neutral,"[SPEAKER_Monica] What? Honey.
[SPEAKER_Rachel] Oh, I am, my side still hurts from when you crashed into me yesterday.","[SPEAKER_Monica] What? Honey.
[SPEAKER_Rachel] Oh, I am, my side still hurts from when you crashed into me yesterday.",neutral,4,5,sadness,False,0.023218488,0.013602414,0.0509663,0.25224364,0.13279015,0.5107235,0.01645554
25,2,Monica,"Oh God, I’m so sorry.",sadness,"[SPEAKER_Rachel] Oh, I am, my side still hurts from when you crashed into me yesterday.
[SPEAKER_Monica] Oh God, I’m so sorry.","[SPEAKER_Rachel] Oh, I am, my side still hurts from when you crashed into me yesterday.
[SPEAKER_Monica] Oh God, I’m so sorry.",sadness,5,5,sadness,True,0.01168142,0.00675017,0.033404805,0.06559923,0.032468695,0.8317465,0.01834921
25,3,Rachel,I know.,neutral,"[SPEAKER_Monica] Oh God, I’m so sorry.
[SPEAKER_Rachel] I know.","[SPEAKER_Monica] Oh God, I’m so sorry.
[SPEAKER_Rachel] I know.",neutral,4,4,neutral,True,0.0060913633,0.002830832,0.0101584215,0.027550751,0.92841023,0.022230761,0.002727689
25,4,Rachel,Ow!!,anger,"[SPEAKER_Rachel] I know.
[SPEAKER_Rachel] Ow!!","[SPEAKER_Rachel] I know.
[SPEAKER_Rachel] Ow!!",anger,0,6,surprise,False,0.015295745,0.0066822823,0.004021246,0.009366228,0.006612735,0.0073885825,0.95063335
25,5,Monica,Oh God!,surprise,"[SPEAKER_Rachel] Ow!!
[SPEAKER_Monica] Oh God!","[SPEAKER_Rachel] Ow!!
[SPEAKER_Monica] Oh God!",surprise,6,6,surprise,True,0.023653895,0.021762356,0.018690204,0.103457876,0.024442302,0.026885113,0.78110826
25,6,Ross,"Hey, you guys! Guess what?",joy,"[SPEAKER_Monica] Oh God!
[SPEAKER_Ross] Hey, you guys! Guess what?","[SPEAKER_Monica] Oh God!
[SPEAKER_Ross] Hey, you guys! Guess what?",joy,3,3,joy,True,0.023089902,0.0012436194,0.0018239107,0.84889084,0.08471395,0.0039977967,0.036239967
25,7,Rachel,Got a job on a river boat?,neutral,"[SPEAKER_Ross] Hey, you guys! Guess what?
[SPEAKER_Rachel] Got a job on a river boat?","[SPEAKER_Ross] Hey, you guys! Guess what?
[SPEAKER_Rachel] Got a job on a river boat?",neutral,4,4,neutral,True,0.038004845,0.0071194465,0.008857203,0.031093841,0.83112615,0.025371835,0.058426674
25,8,Ross,"Y'know what I didn’t wear this suit for a year because you hated it. Well, guess what? You’re not my girlfriend anymore so...",anger,"[SPEAKER_Rachel] Got a job on a river boat?
[SPEAKER_Ross] Y'know what I didn’t wear this suit for a year because you hated it. Well, guess what? You’re not my girlfriend anymore so...","[SPEAKER_Rachel] Got a job on a river boat?
[SPEAKER_Ross] Y'know what I didn’t wear this suit for a year because you hated it. Well, guess what? You’re not my girlfriend anymore so...",anger,0,0,anger,True,0.6126463,0.0751153,0.016460476,0.043561,0.12465913,0.11892206,0.008635784
25,9,Rachel,"Oh I see, so this suit is making a point.",neutral,"[SPEAKER_Ross] Y'know what I didn’t wear this suit for a year because you hated it. Well, guess what? You’re not my girlfriend anymore so...
[SPEAKER_Rachel] Oh I see, so this suit is making a point.","[SPEAKER_Ross] Y'know what I didn’t wear this suit for a year because you hated it. Well, guess what? You’re not my girlfriend anymore so...
[SPEAKER_Rachel] Oh I see, so this suit is making a point.",neutral,4,4,neutral,True,0.048264995,0.011972329,0.010671095,0.022849208,0.86837584,0.019230776,0.018635847
25,10,Rachel,"Now that you’re on you’re own, you’re free to look as stupid as you like.",anger,"[SPEAKER_Rachel] Oh I see, so this suit is making a point.
[SPEAKER_Rachel] Now that you’re on you’re own, you’re free to look as stupid as you like.","[SPEAKER_Rachel] Oh I see, so this suit is making a point.
[SPEAKER_Rachel] Now that you’re on you’re own, you’re free to look as stupid as you like.",anger,0,4,neutral,False,0.106043726,0.034475163,0.006936312,0.019898925,0.8204007,0.009566407,0.0026788206
25,11,Ross,You like it right?,neutral,"[SPEAKER_Rachel] Now that you’re on you’re own, you’re free to look as stupid as you like.
[SPEAKER_Ross] You like it right?","[SPEAKER_Rachel] Now that you’re on you’re own, you’re free to look as stupid as you like.
[SPEAKER_Ross] You like it right?",neutral,4,4,neutral,True,0.13783634,0.0075509124,0.018786276,0.17390208,0.35307246,0.037340924,0.27151096
25,12,Monica,Oh absolutely. I like it even more on you than I did on Colonel Sanders.  Ross! Ross! I’m kidding!,neutral,"[SPEAKER_Ross] You like it right?
[SPEAKER_Monica] Oh absolutely. I like it even more on you than I did on Colonel Sanders.  Ross! Ross! I’m kidding!","[SPEAKER_Ross] You like it right?
[SPEAKER_Monica] Oh absolutely. I like it even more on you than I did on Colonel Sanders.  Ross! Ross! I’m kidding!",neutral,4,3,joy,False,0.042385392,0.0050875386,0.003504792,0.49810955,0.03261763,0.009769038,0.40852603
25,13,Rachel,"Yeah, come here!",neutral,"[SPEAKER_Monica] Oh absolutely. I like it even more on you than I did on Colonel Sanders.  Ross! Ross! I’m kidding!
[SPEAKER_Rachel] Yeah, come here!","[SPEAKER_Monica] Oh absolutely. I like it even more on you than I did on Colonel Sanders.  Ross! Ross! I’m kidding!
[SPEAKER_Rachel] Yeah, come here!",neutral,4,3,joy,False,0.03929744,0.0024970064,0.003172561,0.8859346,0.046273693,0.005729119,0.017095655
25,14,Monica,What-what was it you were gonna tell us?,neutral,"[SPEAKER_Rachel] Yeah, come here!
[SPEAKER_Monica] What-what was it you were gonna tell us?","[SPEAKER_Rachel] Yeah, come here!
[SPEAKER_Monica] What-what was it you were gonna tell us?",neutral,4,4,neutral,True,0.07143941,0.004921155,0.13530865,0.0990819,0.50569934,0.028051771,0.15549779
25,15,Rachel,Yeah. Oh! Was how you invented the cotton gin?!,neutral,"[SPEAKER_Monica] What-what was it you were gonna tell us?
[SPEAKER_Rachel] Yeah. Oh! Was how you invented the cotton gin?!","[SPEAKER_Monica] What-what was it you were gonna tell us?
[SPEAKER_Rachel] Yeah. Oh! Was how you invented the cotton gin?!",neutral,4,6,surprise,False,0.04285407,0.003823079,0.0052018175,0.065567926,0.039343785,0.012282186,0.83092713
25,16,Ross,"Okay, good bye!",anger,"[SPEAKER_Rachel] Yeah. Oh! Was how you invented the cotton gin?!
[SPEAKER_Ross] Okay, good bye!","[SPEAKER_Rachel] Yeah. Oh! Was how you invented the cotton gin?!
[SPEAKER_Ross] Okay, good bye!",anger,0,3,joy,False,0.017197762,0.0012940348,0.0020083452,0.73489517,0.23455884,0.0069378796,0.0031079797
27,1,Phoebe,Hi.,neutral,"[SPEAKER_Man] Hi!
[SPEAKER_Phoebe] Hi.","[SPEAKER_Man] Hi!
[SPEAKER_Phoebe] Hi.",neutral,4,4,neutral,True,0.0021928712,0.0006267833,0.0008735637,0.017210681,0.9759948,0.0017463936,0.0013548388
28,1,Phoebe,Oh down please.  I-I hate to be a ball buster can I just do it?,joy,"[SPEAKER_Man] Oh uh, up or down?
[SPEAKER_Phoebe] Oh down please.  I-I hate to be a ball buster can I just do it?","[SPEAKER_Man] Oh uh, up or down?
[SPEAKER_Phoebe] Oh down please.  I-I hate to be a ball buster can I just do it?",joy,3,2,fear,False,0.08922267,0.04041507,0.31718513,0.099088036,0.20691648,0.23851795,0.008654634
28,2,Man,Could you press up too please?,neutral,"[SPEAKER_Phoebe] Oh down please.  I-I hate to be a ball buster can I just do it?
[SPEAKER_Man] Could you press up too please?","[SPEAKER_Phoebe] Oh down please.  I-I hate to be a ball buster can I just do it?
[SPEAKER_Man] Could you press up too please?",neutral,4,4,neutral,True,0.26892108,0.026590629,0.090268806,0.09890771,0.41401044,0.091815345,0.009486016
28,3,Phoebe,Sure! I feel so bad for you. I broke my leg once too.,sadness,"[SPEAKER_Man] Could you press up too please?
[SPEAKER_Phoebe] Sure! I feel so bad for you. I broke my leg once too.","[SPEAKER_Man] Could you press up too please?
[SPEAKER_Phoebe] Sure! I feel so bad for you. I broke my leg once too.",sadness,5,5,sadness,True,0.039875083,0.026467334,0.031716373,0.13889982,0.042300083,0.71465385,0.006087509
28,4,Man,Oh yeah? How’d yours happen?,neutral,"[SPEAKER_Phoebe] Sure! I feel so bad for you. I broke my leg once too.
[SPEAKER_Man] Oh yeah? How’d yours happen?","[SPEAKER_Phoebe] Sure! I feel so bad for you. I broke my leg once too.
[SPEAKER_Man] Oh yeah? How’d yours happen?",neutral,4,3,joy,False,0.08391282,0.015660653,0.06157092,0.2643252,0.25417396,0.088973776,0.23138264
28,5,Phoebe,"Well, it’s a long story.",neutral,"[SPEAKER_Man] Oh yeah? How’d yours happen?
[SPEAKER_Phoebe] Well, it’s a long story.","[SPEAKER_Man] Oh yeah? How’d yours happen?
[SPEAKER_Phoebe] Well, it’s a long story.",neutral,4,4,neutral,True,0.01707357,0.004177192,0.011178858,0.04228728,0.8522073,0.049600802,0.02347498
28,6,Phoebe,It’s kind of embarrassing.,neutral,"[SPEAKER_Phoebe] Well, it’s a long story.
[SPEAKER_Phoebe] It’s kind of embarrassing.","[SPEAKER_Phoebe] Well, it’s a long story.
[SPEAKER_Phoebe] It’s kind of embarrassing.",neutral,4,6,surprise,False,0.06335601,0.25438735,0.039696105,0.1116787,0.1457862,0.09833585,0.2867598
28,7,Phoebe,Let’s just say there was a typographical error with a sex manual.,joy,"[SPEAKER_Phoebe] It’s kind of embarrassing.
[SPEAKER_Phoebe] Let’s just say there was a typographical error with a sex manual.","[SPEAKER_Phoebe] It’s kind of embarrassing.
[SPEAKER_Phoebe] Let’s just say there was a typographical error with a sex manual.",joy,3,4,neutral,False,0.0037031916,0.0018560864,0.0010770593,0.00547902,0.9847867,0.0017339071,0.0013640038
28,8,Phoebe,How about you?,neutral,"[SPEAKER_Phoebe] Let’s just say there was a typographical error with a sex manual.
[SPEAKER_Phoebe] How about you?","[SPEAKER_Phoebe] Let’s just say there was a typographical error with a sex manual.
[SPEAKER_Phoebe] How about you?",neutral,4,4,neutral,True,0.0072811083,0.0014571559,0.0018465351,0.02996919,0.95176584,0.0029796564,0.0047004903
28,9,Man,Car accident.,sadness,"[SPEAKER_Phoebe] How about you?
[SPEAKER_Man] Car accident.","[SPEAKER_Phoebe] How about you?
[SPEAKER_Man] Car accident.",sadness,5,5,sadness,True,0.05558954,0.026986182,0.07405301,0.059610195,0.29987952,0.46127582,0.022605695
28,10,Man,"Oh, let me guess some idiot on a cell phone wasn’t paying attention?",neutral,"[SPEAKER_Man] Car accident.
[SPEAKER_Man] Oh, let me guess some idiot on a cell phone wasn’t paying attention?","[SPEAKER_Man] Car accident.
[SPEAKER_Man] Oh, let me guess some idiot on a cell phone wasn’t paying attention?",neutral,4,4,neutral,True,0.10556929,0.012508324,0.02142596,0.057064395,0.41251284,0.034889556,0.3560297
28,11,Man,"Yeah. Me.  Oh hey, that’s me.  Hey uh, I take it you’re just visiting someone.",neutral,"[SPEAKER_Man] Oh, let me guess some idiot on a cell phone wasn’t paying attention?
[SPEAKER_Man] Yeah. Me.  Oh hey, that’s me.  Hey uh, I take it you’re just visiting someone.","[SPEAKER_Man] Oh, let me guess some idiot on a cell phone wasn’t paying attention?
[SPEAKER_Man] Yeah. Me.  Oh hey, that’s me.  Hey uh, I take it you’re just visiting someone.",neutral,4,4,neutral,True,0.004033008,0.0018481174,0.0017089783,0.012332122,0.9760276,0.0033424944,0.0007076165
28,12,Phoebe,"Uh-huh, yeah.",neutral,"[SPEAKER_Man] Yeah. Me.  Oh hey, that’s me.  Hey uh, I take it you’re just visiting someone.
[SPEAKER_Phoebe] Uh-huh, yeah.","[SPEAKER_Man] Yeah. Me.  Oh hey, that’s me.  Hey uh, I take it you’re just visiting someone.
[SPEAKER_Phoebe] Uh-huh, yeah.",neutral,4,4,neutral,True,0.010200731,0.004411526,0.013615517,0.11126881,0.8318936,0.025086556,0.003523282
28,13,Man,"Well umm, if you have sometime y’know and maybe you might want to visit someone else",neutral,"[SPEAKER_Phoebe] Uh-huh, yeah.
[SPEAKER_Man] Well umm, if you have sometime y’know and maybe you might want to visit someone else","[SPEAKER_Phoebe] Uh-huh, yeah.
[SPEAKER_Man] Well umm, if you have sometime y’know and maybe you might want to visit someone else",neutral,4,4,neutral,True,0.0042920145,0.0013666634,0.0019874182,0.010827134,0.9784622,0.0026048801,0.00045962207
28,14,Phoebe,Oh yeah! I-I would like that.,joy,"[SPEAKER_Man] Well umm, if you have sometime y’know and maybe you might want to visit someone else
[SPEAKER_Phoebe] Oh yeah! I-I would like that.","[SPEAKER_Man] Well umm, if you have sometime y’know and maybe you might want to visit someone else
[SPEAKER_Phoebe] Oh yeah! I-I would like that.",joy,3,3,joy,True,0.039637856,0.0049870447,0.04050347,0.7485457,0.12066645,0.02282618,0.022833327
28,15,Phoebe,Wait! What?! No!! Elevator!! No!,anger,"[SPEAKER_Phoebe] Oh yeah! I-I would like that.
[SPEAKER_Phoebe] Wait! What?! No!! Elevator!! No!","[SPEAKER_Phoebe] Oh yeah! I-I would like that.
[SPEAKER_Phoebe] Wait! What?! No!! Elevator!! No!",anger,0,6,surprise,False,0.025916658,0.003483953,0.004811559,0.006418331,0.010637202,0.006447853,0.9422844
28,16,Joey,"Uh, you gotta press the button.",neutral,"[SPEAKER_Phoebe] Wait! What?! No!! Elevator!! No!
[SPEAKER_Joey] Uh, you gotta press the button.","[SPEAKER_Phoebe] Wait! What?! No!! Elevator!! No!
[SPEAKER_Joey] Uh, you gotta press the button.",neutral,4,4,neutral,True,0.012406585,0.0026393663,0.008677069,0.0139991,0.9558273,0.0045618126,0.0018886875
29,1,Chandler,"Oh, I didn't factor in the room tax.",surprise,"[SPEAKER_Chandler] Oh we did, and you still have all your lamps.
[SPEAKER_Chandler] Oh, I didn't factor in the room tax.","[SPEAKER_Chandler] Oh we did, and you still have all your lamps.
[SPEAKER_Chandler] Oh, I didn't factor in the room tax.",surprise,6,4,neutral,False,0.01640716,0.0046533216,0.002213021,0.025382344,0.94189423,0.0066973674,0.0027525695
29,2,Ross,"Oh dude, don't worry about it, I found an unattended maid's car.    We're way ahead of the game.",neutral,"[SPEAKER_Chandler] Oh, I didn't factor in the room tax.
[SPEAKER_Ross] Oh dude, don't worry about it, I found an unattended maid's car.    We're way ahead of the game.","[SPEAKER_Chandler] Oh, I didn't factor in the room tax.
[SPEAKER_Ross] Oh dude, don't worry about it, I found an unattended maid's car.    We're way ahead of the game.",neutral,4,4,neutral,True,0.009083272,0.002195538,0.0014127591,0.025143204,0.9567702,0.002710431,0.0026846414
29,3,Ross,Oh my god.,surprise,"[SPEAKER_Ross] Oh dude, don't worry about it, I found an unattended maid's car.    We're way ahead of the game.
[SPEAKER_Ross] Oh my god.","[SPEAKER_Ross] Oh dude, don't worry about it, I found an unattended maid's car.    We're way ahead of the game.
[SPEAKER_Ross] Oh my god.",surprise,6,6,surprise,True,0.007479732,0.008535188,0.009614282,0.020393096,0.008619946,0.016148195,0.92920953
29,4,Chandler,What?,surprise,"[SPEAKER_Ross] Oh my god.
[SPEAKER_Chandler] What?","[SPEAKER_Ross] Oh my god.
[SPEAKER_Chandler] What?",surprise,6,4,neutral,False,0.017771762,0.0023156928,0.011776237,0.010167447,0.47571656,0.009210127,0.4730422
29,5,Ross,There's something new in the bowl.,surprise,"[SPEAKER_Chandler] What?
[SPEAKER_Ross] There's something new in the bowl.","[SPEAKER_Chandler] What?
[SPEAKER_Ross] There's something new in the bowl.",surprise,6,4,neutral,False,0.02390868,0.008795302,0.0048681134,0.078751005,0.8140262,0.010134512,0.059516206
29,6,Chandler,"Look, we have enough, just walk away.",fear,"[SPEAKER_Ross] There's something new in the bowl.
[SPEAKER_Chandler] Look, we have enough, just walk away.","[SPEAKER_Ross] There's something new in the bowl.
[SPEAKER_Chandler] Look, we have enough, just walk away.",fear,2,4,neutral,False,0.04828532,0.004848181,0.0055574896,0.026734238,0.90384656,0.008966484,0.001761759
29,7,Ross,"No, but I want...I want the pinecones!",joy,"[SPEAKER_Chandler] Look, we have enough, just walk away.
[SPEAKER_Ross] No, but I want...I want the pinecones!","[SPEAKER_Chandler] Look, we have enough, just walk away.
[SPEAKER_Ross] No, but I want...I want the pinecones!",joy,3,0,anger,False,0.5752799,0.007310189,0.050521284,0.22826487,0.08932971,0.024083061,0.025210928
29,8,Chandler,There's a forest right outside.,neutral,"[SPEAKER_Ross] No, but I want...I want the pinecones!
[SPEAKER_Chandler] There's a forest right outside.","[SPEAKER_Ross] No, but I want...I want the pinecones!
[SPEAKER_Chandler] There's a forest right outside.",neutral,4,4,neutral,True,0.036093384,0.024094686,0.013152157,0.05718708,0.83468866,0.023525223,0.011258871
29,9,Ross,It's not the same.,neutral,"[SPEAKER_Chandler] There's a forest right outside.
[SPEAKER_Ross] It's not the same.","[SPEAKER_Chandler] There's a forest right outside.
[SPEAKER_Ross] It's not the same.",neutral,4,4,neutral,True,0.020763587,0.009596242,0.009400291,0.033870738,0.8998142,0.011608065,0.014946781
29,10,Chandler,"Ok, go quick!",fear,"[SPEAKER_Ross] It's not the same.
[SPEAKER_Chandler] Ok, go quick!","[SPEAKER_Ross] It's not the same.
[SPEAKER_Chandler] Ok, go quick!",fear,2,0,anger,False,0.7284133,0.012039182,0.031177277,0.05082982,0.103116326,0.02141672,0.053007327
29,11,Ross,Thank you for a delightful stay.,joy,"[SPEAKER_Chandler] Ok, go quick!
[SPEAKER_Ross] Thank you for a delightful stay.","[SPEAKER_Chandler] Ok, go quick!
[SPEAKER_Ross] Thank you for a delightful stay.",joy,3,3,joy,True,0.01018939,0.0023200521,0.0020325517,0.69324034,0.27869937,0.0104398765,0.0030784698
29,12,Ross,"Oh, my maple candy!",joy,"[SPEAKER_Ross] Thank you for a delightful stay.
[SPEAKER_Ross] Oh, my maple candy!","[SPEAKER_Ross] Thank you for a delightful stay.
[SPEAKER_Ross] Oh, my maple candy!",joy,3,3,joy,True,0.009434163,0.00092497934,0.0010644111,0.93932754,0.02286209,0.0028898546,0.02349696
30,1,Janice,"Oh. God, crazy Chandler. He spun me...off...the...bed!",joy,"[SPEAKER_Rachel] Oh my God, what happened?
[SPEAKER_Janice] Oh. God, crazy Chandler. He spun me...off...the...bed!","[SPEAKER_Rachel] Oh my God, what happened?
[SPEAKER_Janice] Oh. God, crazy Chandler. He spun me...off...the...bed!",joy,3,6,surprise,False,0.03812557,0.0062764646,0.009383381,0.039164815,0.023831805,0.013147782,0.8700701
30,2,Rachel,Wow! Spinning that sounds like fun.,joy,"[SPEAKER_Janice] Oh. God, crazy Chandler. He spun me...off...the...bed!
[SPEAKER_Rachel] Wow! Spinning that sounds like fun.","[SPEAKER_Janice] Oh. God, crazy Chandler. He spun me...off...the...bed!
[SPEAKER_Rachel] Wow! Spinning that sounds like fun.",joy,3,6,surprise,False,0.012518565,0.0062443325,0.0029525307,0.070181645,0.019224172,0.004581643,0.8842971
30,3,Janice,"Oh,  I wish. No, you know he was just trying Ross's Hug and Roll thing.",joy,"[SPEAKER_Rachel] Wow! Spinning that sounds like fun.
[SPEAKER_Janice] Oh,  I wish. No, you know he was just trying Ross's Hug and Roll thing.","[SPEAKER_Rachel] Wow! Spinning that sounds like fun.
[SPEAKER_Janice] Oh,  I wish. No, you know he was just trying Ross's Hug and Roll thing.",joy,3,4,neutral,False,0.013584524,0.0023518302,0.0025299017,0.33260468,0.6259203,0.018414855,0.0045939577
30,4,Rachel,Ross's what?,surprise,"[SPEAKER_Janice] Oh,  I wish. No, you know he was just trying Ross's Hug and Roll thing.
[SPEAKER_Rachel] Ross's what?","[SPEAKER_Janice] Oh,  I wish. No, you know he was just trying Ross's Hug and Roll thing.
[SPEAKER_Rachel] Ross's what?",surprise,6,6,surprise,True,0.023190513,0.0019469263,0.010383499,0.010242,0.22823307,0.010890409,0.7151136
30,5,Janice,"You know what, where he hugs you and kinda rolls you away and... Oh... my....God.",disgust,"[SPEAKER_Rachel] Ross's what?
[SPEAKER_Janice] You know what, where he hugs you and kinda rolls you away and... Oh... my....God.","[SPEAKER_Rachel] Ross's what?
[SPEAKER_Janice] You know what, where he hugs you and kinda rolls you away and... Oh... my....God.",disgust,1,6,surprise,False,0.03193755,0.033252664,0.10484926,0.20378369,0.059995808,0.23603316,0.3301479
32,1,Phoebe Sr,"Take it easy--if you want, there’s cookies on the counter, or, or--sangria!  I can make sangria!",joy,"[SPEAKER_Phoebe] Yes!! Yes! Yes! Yes!! That’s my Dad, that’s Frank! Yeah! I’m sorry I’m getting all flingy.
[SPEAKER_Phoebe Sr] Take it easy--if you want, there’s cookies on the counter, or, or--sangria!  I can make sangria!","[SPEAKER_Phoebe] Yes!! Yes! Yes! Yes!! That’s my Dad, that’s Frank! Yeah! I’m sorry I’m getting all flingy.
[SPEAKER_Phoebe Sr] Take it easy--if you want, there’s cookies on the counter, or, or--sangria!  I can make sangria!",joy,3,3,joy,True,0.04616412,0.0019415284,0.0039428053,0.8729374,0.06347327,0.0053556594,0.0061852196
32,2,Phoebe,"No-no, sorry. Cookies are good, thanks.",neutral,"[SPEAKER_Phoebe Sr] Take it easy--if you want, there’s cookies on the counter, or, or--sangria!  I can make sangria!
[SPEAKER_Phoebe] No-no, sorry. Cookies are good, thanks.","[SPEAKER_Phoebe Sr] Take it easy--if you want, there’s cookies on the counter, or, or--sangria!  I can make sangria!
[SPEAKER_Phoebe] No-no, sorry. Cookies are good, thanks.",neutral,4,3,joy,False,0.008611331,0.0023378462,0.004926833,0.57215685,0.36369333,0.0453357,0.0029380769
32,3,Phoebe Sr,Oh.,neutral,"[SPEAKER_Phoebe] No-no, sorry. Cookies are good, thanks.
[SPEAKER_Phoebe Sr] Oh.","[SPEAKER_Phoebe] No-no, sorry. Cookies are good, thanks.
[SPEAKER_Phoebe Sr] Oh.",neutral,4,4,neutral,True,0.009408504,0.00998017,0.04107388,0.04707324,0.82049835,0.062201113,0.009764627
32,4,Phoebe,"Well, so, umm, anyway umm, I’ve been, I’ve been looking for my Father, and umm, have you heard from him, or seen him?",neutral,"[SPEAKER_Phoebe Sr] Oh.
[SPEAKER_Phoebe] Well, so, umm, anyway umm, I’ve been, I’ve been looking for my Father, and umm, have you heard from him, or seen him?","[SPEAKER_Phoebe Sr] Oh.
[SPEAKER_Phoebe] Well, so, umm, anyway umm, I’ve been, I’ve been looking for my Father, and umm, have you heard from him, or seen him?",neutral,4,4,neutral,True,0.031357888,0.00511036,0.14264356,0.032327656,0.7077996,0.059135474,0.021625472
32,5,Phoebe Sr,"Oh no, I-I’m sorry, I guess we lost track of everybody after high school.",sadness,"[SPEAKER_Phoebe] Well, so, umm, anyway umm, I’ve been, I’ve been looking for my Father, and umm, have you heard from him, or seen him?
[SPEAKER_Phoebe Sr] Oh no, I-I’m sorry, I guess we lost track of everybody after high school.","[SPEAKER_Phoebe] Well, so, umm, anyway umm, I’ve been, I’ve been looking for my Father, and umm, have you heard from him, or seen him?
[SPEAKER_Phoebe Sr] Oh no, I-I’m sorry, I guess we lost track of everybody after high school.",sadness,5,5,sadness,True,0.016375018,0.005274208,0.053967603,0.06333912,0.09061813,0.75250703,0.017918922
32,6,Phoebe,"Oh, okay. Well, so tell me everything about my parents. Everything.",neutral,"[SPEAKER_Phoebe Sr] Oh no, I-I’m sorry, I guess we lost track of everybody after high school.
[SPEAKER_Phoebe] Oh, okay. Well, so tell me everything about my parents. Everything.","[SPEAKER_Phoebe Sr] Oh no, I-I’m sorry, I guess we lost track of everybody after high school.
[SPEAKER_Phoebe] Oh, okay. Well, so tell me everything about my parents. Everything.",neutral,4,4,neutral,True,0.17425117,0.014595061,0.07088358,0.17773224,0.46097302,0.09246872,0.009096243
32,7,Phoebe Sr,"Ohh, well. Y'know we were always together, in fact the had a nickname for the three of us.",neutral,"[SPEAKER_Phoebe] Oh, okay. Well, so tell me everything about my parents. Everything.
[SPEAKER_Phoebe Sr] Ohh, well. Y'know we were always together, in fact the had a nickname for the three of us.","[SPEAKER_Phoebe] Oh, okay. Well, so tell me everything about my parents. Everything.
[SPEAKER_Phoebe Sr] Ohh, well. Y'know we were always together, in fact the had a nickname for the three of us.",neutral,4,4,neutral,True,0.005036965,0.0027461415,0.0014792037,0.037756957,0.94501853,0.005058003,0.002904279
32,8,Phoebe,"Oh, what? What was it?",surprise,"[SPEAKER_Phoebe Sr] Ohh, well. Y'know we were always together, in fact the had a nickname for the three of us.
[SPEAKER_Phoebe] Oh, what? What was it?","[SPEAKER_Phoebe Sr] Ohh, well. Y'know we were always together, in fact the had a nickname for the three of us.
[SPEAKER_Phoebe] Oh, what? What was it?",surprise,6,6,surprise,True,0.011183528,0.0018522872,0.011241137,0.014857033,0.19086738,0.008184483,0.7618141
32,9,Phoebe Sr,The three losers.,sadness,"[SPEAKER_Phoebe] Oh, what? What was it?
[SPEAKER_Phoebe Sr] The three losers.","[SPEAKER_Phoebe] Oh, what? What was it?
[SPEAKER_Phoebe Sr] The three losers.",sadness,5,4,neutral,False,0.024918275,0.0029977534,0.0020325175,0.020973232,0.93920213,0.0045459615,0.0053300993
32,10,Phoebe Sr,"Oh, poor Lily.",sadness,"[SPEAKER_Phoebe Sr] The three losers.
[SPEAKER_Phoebe Sr] Oh, poor Lily.","[SPEAKER_Phoebe Sr] The three losers.
[SPEAKER_Phoebe Sr] Oh, poor Lily.",sadness,5,5,sadness,True,0.022433579,0.020599479,0.020201566,0.15693422,0.17567107,0.59740394,0.0067561646
32,11,Phoebe Sr,"Ohh, y'know I-I heard about what happened, that must have been just terrible for you, losing your mother that way.",sadness,"[SPEAKER_Phoebe Sr] Oh, poor Lily.
[SPEAKER_Phoebe Sr] Ohh, y'know I-I heard about what happened, that must have been just terrible for you, losing your mother that way.","[SPEAKER_Phoebe Sr] Oh, poor Lily.
[SPEAKER_Phoebe Sr] Ohh, y'know I-I heard about what happened, that must have been just terrible for you, losing your mother that way.",sadness,5,5,sadness,True,0.058146305,0.04435647,0.19242808,0.11018576,0.101932645,0.46941417,0.02353656
32,12,Phoebe,"Yeah, no, it was great.",joy,"[SPEAKER_Phoebe Sr] Ohh, y'know I-I heard about what happened, that must have been just terrible for you, losing your mother that way.
[SPEAKER_Phoebe] Yeah, no, it was great.","[SPEAKER_Phoebe Sr] Ohh, y'know I-I heard about what happened, that must have been just terrible for you, losing your mother that way.
[SPEAKER_Phoebe] Yeah, no, it was great.",joy,3,3,joy,True,0.0095798,0.0019815713,0.0018567713,0.9518785,0.024459843,0.006662998,0.0035805241
33,1,Phoebe,Go back in time and listen to Phoebe!,anger,"[SPEAKER_Phoebe] Well, alright, we already tried feeding her, changing her,  burping her, oh try this one!
[SPEAKER_Phoebe] Go back in time and listen to Phoebe!","[SPEAKER_Phoebe] Well, alright, we already tried feeding her, changing her,  burping her, oh try this one!
[SPEAKER_Phoebe] Go back in time and listen to Phoebe!",anger,0,0,anger,True,0.60347885,0.017136844,0.025552051,0.15310642,0.14148583,0.024725586,0.034514427
33,2,Monica,"Alright here’s something, it says to try holding the baby  close to your body and then swing her rapidly from side to side.",neutral,"[SPEAKER_Phoebe] Go back in time and listen to Phoebe!
[SPEAKER_Monica] Alright here’s something, it says to try holding the baby  close to your body and then swing her rapidly from side to side.","[SPEAKER_Phoebe] Go back in time and listen to Phoebe!
[SPEAKER_Monica] Alright here’s something, it says to try holding the baby  close to your body and then swing her rapidly from side to side.",neutral,4,4,neutral,True,0.0063757533,0.0030584899,0.0026589755,0.018413454,0.9665748,0.0023410304,0.00057740044
33,3,Rachel,Ok.,neutral,"[SPEAKER_Monica] Alright here’s something, it says to try holding the baby  close to your body and then swing her rapidly from side to side.
[SPEAKER_Rachel] Ok.","[SPEAKER_Monica] Alright here’s something, it says to try holding the baby  close to your body and then swing her rapidly from side to side.
[SPEAKER_Rachel] Ok.",neutral,4,4,neutral,True,0.0043024933,0.0018842956,0.0021990049,0.01619963,0.9719487,0.0022904782,0.0011753622
33,4,Monica,It worked!,surprise,"[SPEAKER_Rachel] Ok.
[SPEAKER_Monica] It worked!","[SPEAKER_Rachel] Ok.
[SPEAKER_Monica] It worked!",surprise,6,6,surprise,True,0.046975553,0.0049749534,0.0057392567,0.23276311,0.04505655,0.013755396,0.65073514
33,5,Rachel,Oh  oh no just stopped to throw up a little bit.,sadness,"[SPEAKER_Monica] It worked!
[SPEAKER_Rachel] Oh  oh no just stopped to throw up a little bit.","[SPEAKER_Monica] It worked!
[SPEAKER_Rachel] Oh  oh no just stopped to throw up a little bit.",sadness,5,2,fear,False,0.07334338,0.05170864,0.38284683,0.05645122,0.13227434,0.28411588,0.019259695
33,6,Rachel,"Oh come on, what am I gonna do, its been hours and it  won’t stop crying.",sadness,"[SPEAKER_Rachel] Oh  oh no just stopped to throw up a little bit.
[SPEAKER_Rachel] Oh come on, what am I gonna do, its been hours and it  won’t stop crying.","[SPEAKER_Rachel] Oh  oh no just stopped to throw up a little bit.
[SPEAKER_Rachel] Oh come on, what am I gonna do, its been hours and it  won’t stop crying.",sadness,5,2,fear,False,0.06510845,0.014109086,0.5225306,0.066544764,0.10309357,0.21665819,0.011955335
33,7,Monica,"Umm, she Rach, not it, she.",neutral,"[SPEAKER_Rachel] Oh come on, what am I gonna do, its been hours and it  won’t stop crying.
[SPEAKER_Monica] Umm, she Rach, not it, she.","[SPEAKER_Rachel] Oh come on, what am I gonna do, its been hours and it  won’t stop crying.
[SPEAKER_Monica] Umm, she Rach, not it, she.",neutral,4,4,neutral,True,0.055795655,0.022049665,0.011519685,0.091583714,0.7895483,0.027993502,0.0015094235
33,8,Rachel,"Yeah, I’m not so sure.",neutral,"[SPEAKER_Monica] Umm, she Rach, not it, she.
[SPEAKER_Rachel] Yeah, I’m not so sure.","[SPEAKER_Monica] Umm, she Rach, not it, she.
[SPEAKER_Rachel] Yeah, I’m not so sure.",neutral,4,4,neutral,True,0.012881223,0.0039778627,0.019448366,0.08060162,0.85415304,0.01548912,0.01344879
33,9,Monica,"Oh my god, I am losing my mind.",anger,"[SPEAKER_Rachel] Yeah, I’m not so sure.
[SPEAKER_Monica] Oh my god, I am losing my mind.","[SPEAKER_Rachel] Yeah, I’m not so sure.
[SPEAKER_Monica] Oh my god, I am losing my mind.",anger,0,5,sadness,False,0.25317374,0.033775944,0.2725996,0.020116461,0.016586773,0.3821619,0.021585621
33,10,Phoebe,"Yeah, no kidding, this just proves no good can come from  having sex with Ross!",anger,"[SPEAKER_Monica] Oh my god, I am losing my mind.
[SPEAKER_Phoebe] Yeah, no kidding, this just proves no good can come from  having sex with Ross!","[SPEAKER_Monica] Oh my god, I am losing my mind.
[SPEAKER_Phoebe] Yeah, no kidding, this just proves no good can come from  having sex with Ross!",anger,0,0,anger,True,0.37592888,0.022695452,0.0110035185,0.3597899,0.11023034,0.057267763,0.06308411
34,1,Rachel,"Oh, it’s so easy for you I mean, you’re not married, you get to have sex with who ever you want!",disgust,"[SPEAKER_Monica] Well, you’re not.
[SPEAKER_Rachel] Oh, it’s so easy for you I mean, you’re not married, you get to have sex with who ever you want!","[SPEAKER_Monica] Well, you’re not.
[SPEAKER_Rachel] Oh, it’s so easy for you I mean, you’re not married, you get to have sex with who ever you want!",disgust,1,3,joy,False,0.33516946,0.0243531,0.009883788,0.4279737,0.1325616,0.045311593,0.024746787
34,2,Monica,"Yeah I can!  And don’t think I don’t, because I do! I mean all the time, you betcha!",joy,"[SPEAKER_Rachel] Oh, it’s so easy for you I mean, you’re not married, you get to have sex with who ever you want!
[SPEAKER_Monica] Yeah I can!  And don’t think I don’t, because I do! I mean all the time, you betcha!","[SPEAKER_Rachel] Oh, it’s so easy for you I mean, you’re not married, you get to have sex with who ever you want!
[SPEAKER_Monica] Yeah I can!  And don’t think I don’t, because I do! I mean all the time, you betcha!",joy,3,3,joy,True,0.018186355,0.0015576002,0.0023842067,0.93088293,0.0308969,0.0056438884,0.010448118
34,3,Rachel,"Monica. You’ve, you’ve done it right?",surprise,"[SPEAKER_Monica] Yeah I can!  And don’t think I don’t, because I do! I mean all the time, you betcha!
[SPEAKER_Rachel] Monica. You’ve, you’ve done it right?","[SPEAKER_Monica] Yeah I can!  And don’t think I don’t, because I do! I mean all the time, you betcha!
[SPEAKER_Rachel] Monica. You’ve, you’ve done it right?",surprise,6,6,surprise,True,0.079808034,0.0028968237,0.016932318,0.12245267,0.17811818,0.029984085,0.5698079
34,4,Monica,"Of course I have! What do you think, I’m some 30 year old virgin?",anger,"[SPEAKER_Rachel] Monica. You’ve, you’ve done it right?
[SPEAKER_Monica] Of course I have! What do you think, I’m some 30 year old virgin?","[SPEAKER_Rachel] Monica. You’ve, you’ve done it right?
[SPEAKER_Monica] Of course I have! What do you think, I’m some 30 year old virgin?",anger,0,6,surprise,False,0.033702448,0.003608511,0.0057519693,0.36116388,0.14766423,0.010640753,0.43746826
34,5,Rachel,Oh my God! You’re a 30 year old virgin!,surprise,"[SPEAKER_Monica] Of course I have! What do you think, I’m some 30 year old virgin?
[SPEAKER_Rachel] Oh my God! You’re a 30 year old virgin!","[SPEAKER_Monica] Of course I have! What do you think, I’m some 30 year old virgin?
[SPEAKER_Rachel] Oh my God! You’re a 30 year old virgin!",surprise,6,6,surprise,True,0.0064502256,0.0042297156,0.0028509363,0.010233317,0.004948714,0.0050583645,0.9662288
34,6,Monica,"Say it louder, I don’t think the guy all the way in the back heard you!",disgust,"[SPEAKER_Rachel] Oh my God! You’re a 30 year old virgin!
[SPEAKER_Monica] Say it louder, I don’t think the guy all the way in the back heard you!","[SPEAKER_Rachel] Oh my God! You’re a 30 year old virgin!
[SPEAKER_Monica] Say it louder, I don’t think the guy all the way in the back heard you!",disgust,1,6,surprise,False,0.21647084,0.022487564,0.030996874,0.19777559,0.22480586,0.035237007,0.27222633
34,7,Monica,"It’s not like, I haven’t any opportunities.",anger,"[SPEAKER_Monica] Say it louder, I don’t think the guy all the way in the back heard you!
[SPEAKER_Monica] It’s not like, I haven’t any opportunities.","[SPEAKER_Monica] Say it louder, I don’t think the guy all the way in the back heard you!
[SPEAKER_Monica] It’s not like, I haven’t any opportunities.",anger,0,5,sadness,False,0.13269307,0.021991942,0.1054801,0.08495361,0.23830986,0.3935547,0.023016717
34,8,Monica,"I mean, y’know, I’m just waiting for the perfect guy.",neutral,"[SPEAKER_Monica] It’s not like, I haven’t any opportunities.
[SPEAKER_Monica] I mean, y’know, I’m just waiting for the perfect guy.","[SPEAKER_Monica] It’s not like, I haven’t any opportunities.
[SPEAKER_Monica] I mean, y’know, I’m just waiting for the perfect guy.",neutral,4,4,neutral,True,0.058826774,0.008072044,0.008654257,0.26133654,0.6213052,0.0353534,0.0064517776
34,9,Monica,"I’m seeing this guy Roger, all right?",neutral,"[SPEAKER_Monica] I mean, y’know, I’m just waiting for the perfect guy.
[SPEAKER_Monica] I’m seeing this guy Roger, all right?","[SPEAKER_Monica] I mean, y’know, I’m just waiting for the perfect guy.
[SPEAKER_Monica] I’m seeing this guy Roger, all right?",neutral,4,6,surprise,False,0.048864678,0.0120136235,0.033211067,0.22100493,0.1455397,0.052336976,0.48702902
34,10,Monica,"He’s not perfect, but umm, I think maybe I should just get it over with.",neutral,"[SPEAKER_Monica] I’m seeing this guy Roger, all right?
[SPEAKER_Monica] He’s not perfect, but umm, I think maybe I should just get it over with.","[SPEAKER_Monica] I’m seeing this guy Roger, all right?
[SPEAKER_Monica] He’s not perfect, but umm, I think maybe I should just get it over with.",neutral,4,4,neutral,True,0.008865551,0.0047866832,0.007884936,0.068367146,0.8848143,0.024187384,0.0010940413
34,11,Monica,"Y’know, give him my flower.",neutral,"[SPEAKER_Monica] He’s not perfect, but umm, I think maybe I should just get it over with.
[SPEAKER_Monica] Y’know, give him my flower.","[SPEAKER_Monica] He’s not perfect, but umm, I think maybe I should just get it over with.
[SPEAKER_Monica] Y’know, give him my flower.",neutral,4,4,neutral,True,0.042068385,0.0057995715,0.005196072,0.44592863,0.4797129,0.018679326,0.00261511
34,12,Rachel,"Oh my God!! Do it!! Honey, you’ve waited",surprise,"[SPEAKER_Monica] Y’know, give him my flower.
[SPEAKER_Rachel] Oh my God!! Do it!! Honey, you’ve waited","[SPEAKER_Monica] Y’know, give him my flower.
[SPEAKER_Rachel] Oh my God!! Do it!! Honey, you’ve waited",surprise,6,3,joy,False,0.041357066,0.0036897226,0.0064984686,0.74512774,0.03849951,0.008285386,0.15654215
34,13,Monica,Y’know what? You are right?!,surprise,"[SPEAKER_Rachel] Oh my God!! Do it!! Honey, you’ve waited
[SPEAKER_Monica] Y’know what? You are right?!","[SPEAKER_Rachel] Oh my God!! Do it!! Honey, you’ve waited
[SPEAKER_Monica] Y’know what? You are right?!",surprise,6,0,anger,False,0.4254252,0.00897368,0.022447856,0.15482698,0.11301934,0.025768116,0.2495388
34,14,Rachel,I mean sex does not have to be a big deal!,anger,"[SPEAKER_Monica] Y’know what? You are right?!
[SPEAKER_Rachel] I mean sex does not have to be a big deal!","[SPEAKER_Monica] Y’know what? You are right?!
[SPEAKER_Rachel] I mean sex does not have to be a big deal!",anger,0,3,joy,False,0.067641474,0.0025701988,0.005965059,0.79809093,0.113174476,0.005813953,0.0067438795
34,15,Rachel,There shouldn’t be all this rules and restrictions!,anger,"[SPEAKER_Rachel] I mean sex does not have to be a big deal!
[SPEAKER_Rachel] There shouldn’t be all this rules and restrictions!","[SPEAKER_Rachel] I mean sex does not have to be a big deal!
[SPEAKER_Rachel] There shouldn’t be all this rules and restrictions!",anger,0,0,anger,True,0.74459785,0.018613076,0.055284414,0.06471131,0.08277383,0.019094588,0.014924958
34,16,Rachel,"Y’know, people should be able to sleep with who ever they want, whenever",neutral,"[SPEAKER_Rachel] There shouldn’t be all this rules and restrictions!
[SPEAKER_Rachel] Y’know, people should be able to sleep with who ever they want, whenever","[SPEAKER_Rachel] There shouldn’t be all this rules and restrictions!
[SPEAKER_Rachel] Y’know, people should be able to sleep with who ever they want, whenever",neutral,4,4,neutral,True,0.029836092,0.007950539,0.004869306,0.0130427005,0.9387355,0.004567755,0.0009981047
34,17,Monica,Rachel! I’m never gonna think it’s okay for you to cheat on your husband!,anger,"[SPEAKER_Rachel] Y’know, people should be able to sleep with who ever they want, whenever
[SPEAKER_Monica] Rachel! I’m never gonna think it’s okay for you to cheat on your husband!","[SPEAKER_Rachel] Y’know, people should be able to sleep with who ever they want, whenever
[SPEAKER_Monica] Rachel! I’m never gonna think it’s okay for you to cheat on your husband!",anger,0,5,sadness,False,0.3344431,0.08354333,0.047057785,0.055009156,0.023277646,0.33449358,0.12217543
34,18,Rachel,Oh what do you know? Virgin!,anger,"[SPEAKER_Monica] Rachel! I’m never gonna think it’s okay for you to cheat on your husband!
[SPEAKER_Rachel] Oh what do you know? Virgin!","[SPEAKER_Monica] Rachel! I’m never gonna think it’s okay for you to cheat on your husband!
[SPEAKER_Rachel] Oh what do you know? Virgin!",anger,0,6,surprise,False,0.056926418,0.022308115,0.004701731,0.01520593,0.01983292,0.009844745,0.8711802
35,1,Ross,We're here!,joy,"[SPEAKER_All] Push, push!
[SPEAKER_Ross] We're here!","[SPEAKER_All] Push, push!
[SPEAKER_Ross] We're here!",joy,3,3,joy,True,0.23121485,0.004292618,0.0071593975,0.4979888,0.15071464,0.01118661,0.09744313
35,2,Carol,Where have you been?,neutral,"[SPEAKER_Ross] We're here!
[SPEAKER_Carol] Where have you been?","[SPEAKER_Ross] We're here!
[SPEAKER_Carol] Where have you been?",neutral,4,4,neutral,True,0.010734354,0.0008604809,0.0023546235,0.0072017475,0.962286,0.0027172982,0.013845504
35,3,Ross,"Long story, honey.",neutral,"[SPEAKER_Carol] Where have you been?
[SPEAKER_Ross] Long story, honey.","[SPEAKER_Carol] Where have you been?
[SPEAKER_Ross] Long story, honey.",neutral,4,4,neutral,True,0.0031576352,0.00093418773,0.0013467502,0.012533983,0.97665226,0.003921882,0.001453286
35,4,Dr. Franzblau,"All right, Carol, I need you to keep pushing. I need— Excuse me, could I have this?",neutral,"[SPEAKER_Ross] Long story, honey.
[SPEAKER_Dr. Franzblau] All right, Carol, I need you to keep pushing. I need— Excuse me, could I have this?","[SPEAKER_Ross] Long story, honey.
[SPEAKER_Dr. Franzblau] All right, Carol, I need you to keep pushing. I need— Excuse me, could I have this?",neutral,4,4,neutral,True,0.13582169,0.007278371,0.21600294,0.14151238,0.36693585,0.08296232,0.049486417
36,1,Monica,Behind my brother's back?  ... is exactly the kind of crazy thing you won't be hearing from me.,anger,"[SPEAKER_Rachel] C'mon up.
[SPEAKER_Monica] Behind my brother's back?  ... is exactly the kind of crazy thing you won't be hearing from me.","[SPEAKER_Rachel] C'mon up.
[SPEAKER_Monica] Behind my brother's back?  ... is exactly the kind of crazy thing you won't be hearing from me.",anger,0,6,surprise,False,0.25964665,0.08128522,0.082075916,0.0605885,0.07146537,0.10620243,0.33873582
37,1,Joey,"I, ah, I never said hate, I was very careful about that.",neutral,"[SPEAKER_Janice] So, I hear, you hate me!
[SPEAKER_Joey] I, ah, I never said hate, I was very careful about that.","[SPEAKER_Janice] So, I hear, you hate me!
[SPEAKER_Joey] I, ah, I never said hate, I was very careful about that.",neutral,4,0,anger,False,0.47690195,0.023938904,0.08826902,0.072878934,0.2709827,0.05697303,0.010055546
37,2,Janice,A little birdie told me something about you wanting to rip your arm off and throw it at me.,anger,"[SPEAKER_Joey] I, ah, I never said hate, I was very careful about that.
[SPEAKER_Janice] A little birdie told me something about you wanting to rip your arm off and throw it at me.","[SPEAKER_Joey] I, ah, I never said hate, I was very careful about that.
[SPEAKER_Janice] A little birdie told me something about you wanting to rip your arm off and throw it at me.",anger,0,3,joy,False,0.18885699,0.04175089,0.030413458,0.31876102,0.2865914,0.1238982,0.00972807
37,3,Joey,And you got a 'hate' from that?! Your taking a big leap there...,fear,"[SPEAKER_Janice] A little birdie told me something about you wanting to rip your arm off and throw it at me.
[SPEAKER_Joey] And you got a 'hate' from that?! Your taking a big leap there...","[SPEAKER_Janice] A little birdie told me something about you wanting to rip your arm off and throw it at me.
[SPEAKER_Joey] And you got a 'hate' from that?! Your taking a big leap there...",fear,2,0,anger,False,0.7640311,0.124222875,0.009676379,0.011053074,0.011243979,0.031493675,0.048278846
37,4,Janice,"All right, fine, fine, fine, fine, fine, we've got to do something about our little situation here Joey.",anger,"[SPEAKER_Joey] And you got a 'hate' from that?! Your taking a big leap there...
[SPEAKER_Janice] All right, fine, fine, fine, fine, fine, we've got to do something about our little situation here Joey.","[SPEAKER_Joey] And you got a 'hate' from that?! Your taking a big leap there...
[SPEAKER_Janice] All right, fine, fine, fine, fine, fine, we've got to do something about our little situation here Joey.",anger,0,4,neutral,False,0.18520449,0.03748925,0.14797455,0.103137225,0.4681097,0.054023694,0.004061046
37,5,Janice,"So, this is my idea: you and me spending some quality time together.",neutral,"[SPEAKER_Janice] All right, fine, fine, fine, fine, fine, we've got to do something about our little situation here Joey.
[SPEAKER_Janice] So, this is my idea: you and me spending some quality time together.","[SPEAKER_Janice] All right, fine, fine, fine, fine, fine, we've got to do something about our little situation here Joey.
[SPEAKER_Janice] So, this is my idea: you and me spending some quality time together.",neutral,4,4,neutral,True,0.041575752,0.004481492,0.0037309225,0.13168313,0.8107149,0.006624552,0.0011893001
37,6,Joey,But what does that gonna do...,anger,"[SPEAKER_Janice] So, this is my idea: you and me spending some quality time together.
[SPEAKER_Joey] But what does that gonna do...","[SPEAKER_Janice] So, this is my idea: you and me spending some quality time together.
[SPEAKER_Joey] But what does that gonna do...",anger,0,4,neutral,False,0.054668892,0.016672263,0.046960544,0.1947322,0.6005023,0.058490913,0.027972909
37,7,Janice,For Chandler!,anger,"[SPEAKER_Joey] But what does that gonna do...
[SPEAKER_Janice] For Chandler!","[SPEAKER_Joey] But what does that gonna do...
[SPEAKER_Janice] For Chandler!",anger,0,4,neutral,False,0.0611855,0.008514635,0.0049169003,0.3255822,0.562721,0.015372417,0.02170729
38,1,Joey,"Awww, one of my students got an audition. I’m so proud.",joy,"[SPEAKER_Student] Guess what, I got an audition!
[SPEAKER_Joey] Awww, one of my students got an audition. I’m so proud.","[SPEAKER_Student] Guess what, I got an audition!
[SPEAKER_Joey] Awww, one of my students got an audition. I’m so proud.",joy,3,3,joy,True,0.007133061,0.0010861149,0.00096508244,0.9596168,0.008391609,0.0034152665,0.019392088
38,2,Student,I was wondering if you would consider coaching me for it?,neutral,"[SPEAKER_Joey] Awww, one of my students got an audition. I’m so proud.
[SPEAKER_Student] I was wondering if you would consider coaching me for it?","[SPEAKER_Joey] Awww, one of my students got an audition. I’m so proud.
[SPEAKER_Student] I was wondering if you would consider coaching me for it?",neutral,4,4,neutral,True,0.048914418,0.0043774284,0.03160806,0.09933557,0.44141242,0.04167176,0.3326803
38,3,Joey,You bet! What’s the part?,joy,"[SPEAKER_Student] I was wondering if you would consider coaching me for it?
[SPEAKER_Joey] You bet! What’s the part?","[SPEAKER_Student] I was wondering if you would consider coaching me for it?
[SPEAKER_Joey] You bet! What’s the part?",joy,3,4,neutral,False,0.021698767,0.0016661951,0.005048522,0.07279902,0.83451694,0.0065559917,0.057714548
38,4,Student,"Oh it’s great, it’s a role on",joy,"[SPEAKER_Joey] You bet! What’s the part?
[SPEAKER_Student] Oh it’s great, it’s a role on","[SPEAKER_Joey] You bet! What’s the part?
[SPEAKER_Student] Oh it’s great, it’s a role on",joy,3,4,neutral,False,0.0040525184,0.0010228183,0.0015304885,0.049078234,0.938945,0.0022673896,0.0031034455
39,1,Mr. Geller,I thought he was with you.,neutral,"[SPEAKER_Ross] Hi!  Hi!  Hi. Has umm, anyone seen Chandler?
[SPEAKER_Mr. Geller] I thought he was with you.","[SPEAKER_Ross] Hi!  Hi!  Hi. Has umm, anyone seen Chandler?
[SPEAKER_Mr. Geller] I thought he was with you.",neutral,4,4,neutral,True,0.0049332953,0.0012902132,0.0063050287,0.014256339,0.9198701,0.0064978027,0.046847243
39,2,Ross,"He-he was with me umm, we’re playing a little game, y’know? Hide and seek.",neutral,"[SPEAKER_Mr. Geller] I thought he was with you.
[SPEAKER_Ross] He-he was with me umm, we’re playing a little game, y’know? Hide and seek.","[SPEAKER_Mr. Geller] I thought he was with you.
[SPEAKER_Ross] He-he was with me umm, we’re playing a little game, y’know? Hide and seek.",neutral,4,4,neutral,True,0.046812017,0.00865936,0.1403153,0.046017703,0.7063919,0.034918427,0.016885417
39,3,Mr. Geller,"You can’t ask us son, that’s cheating.",neutral,"[SPEAKER_Ross] He-he was with me umm, we’re playing a little game, y’know? Hide and seek.
[SPEAKER_Mr. Geller] You can’t ask us son, that’s cheating.","[SPEAKER_Ross] He-he was with me umm, we’re playing a little game, y’know? Hide and seek.
[SPEAKER_Mr. Geller] You can’t ask us son, that’s cheating.",neutral,4,0,anger,False,0.31384155,0.110700406,0.10538052,0.043299053,0.18316385,0.18834467,0.055269916
39,4,Ross,"You’re right, thanks for keeping me honest dad.",neutral,"[SPEAKER_Mr. Geller] You can’t ask us son, that’s cheating.
[SPEAKER_Ross] You’re right, thanks for keeping me honest dad.","[SPEAKER_Mr. Geller] You can’t ask us son, that’s cheating.
[SPEAKER_Ross] You’re right, thanks for keeping me honest dad.",neutral,4,4,neutral,True,0.023555636,0.004341652,0.0062746746,0.3944431,0.48903042,0.080403514,0.0019509769
39,5,Mrs. Geller,"Well, he better not come by here. He can’t see the bride in the wedding dress.",neutral,"[SPEAKER_Ross] You’re right, thanks for keeping me honest dad.
[SPEAKER_Mrs. Geller] Well, he better not come by here. He can’t see the bride in the wedding dress.","[SPEAKER_Ross] You’re right, thanks for keeping me honest dad.
[SPEAKER_Mrs. Geller] Well, he better not come by here. He can’t see the bride in the wedding dress.",neutral,4,4,neutral,True,0.12424487,0.13373233,0.04478132,0.0697518,0.5463487,0.07550122,0.0056398064
39,6,Mrs. Bing,"As I recall when we got married, I saw the groom in the wedding dress.",joy,"[SPEAKER_Mrs. Geller] Well, he better not come by here. He can’t see the bride in the wedding dress.
[SPEAKER_Mrs. Bing] As I recall when we got married, I saw the groom in the wedding dress.","[SPEAKER_Mrs. Geller] Well, he better not come by here. He can’t see the bride in the wedding dress.
[SPEAKER_Mrs. Bing] As I recall when we got married, I saw the groom in the wedding dress.",joy,3,4,neutral,False,0.028672257,0.010114401,0.014802475,0.1780808,0.6860328,0.04113033,0.041166984
39,7,Mr. Bing,"But that was after the wedding, it’s not bad luck then.",neutral,"[SPEAKER_Mrs. Bing] As I recall when we got married, I saw the groom in the wedding dress.
[SPEAKER_Mr. Bing] But that was after the wedding, it’s not bad luck then.","[SPEAKER_Mrs. Bing] As I recall when we got married, I saw the groom in the wedding dress.
[SPEAKER_Mr. Bing] But that was after the wedding, it’s not bad luck then.",neutral,4,3,joy,False,0.037037212,0.0047458303,0.007343655,0.72540575,0.12090268,0.09612352,0.008441434
39,8,Mrs. Bing,"Honey, it isn’t good luck.",neutral,"[SPEAKER_Mr. Bing] But that was after the wedding, it’s not bad luck then.
[SPEAKER_Mrs. Bing] Honey, it isn’t good luck.","[SPEAKER_Mr. Bing] But that was after the wedding, it’s not bad luck then.
[SPEAKER_Mrs. Bing] Honey, it isn’t good luck.",neutral,4,5,sadness,False,0.06281047,0.011203223,0.08467848,0.05582498,0.026915008,0.7500372,0.008530623
39,9,Ross,Oh my God! Monica!,surprise,"[SPEAKER_Mrs. Bing] Honey, it isn’t good luck.
[SPEAKER_Ross] Oh my God! Monica!","[SPEAKER_Mrs. Bing] Honey, it isn’t good luck.
[SPEAKER_Ross] Oh my God! Monica!",surprise,6,6,surprise,True,0.009304716,0.007009559,0.005255791,0.018151991,0.006061656,0.009396435,0.9448198
39,10,Monica,"I know! Hey, how’s Chandler doin’?",neutral,"[SPEAKER_Ross] Oh my God! Monica!
[SPEAKER_Monica] I know! Hey, how’s Chandler doin’?","[SPEAKER_Ross] Oh my God! Monica!
[SPEAKER_Monica] I know! Hey, how’s Chandler doin’?",neutral,4,3,joy,False,0.029784638,0.0023555234,0.0038761715,0.54118353,0.35127896,0.006971446,0.06454967
39,11,Ross,Great. He’s doing great. Don’t you worry about Chandler.,neutral,"[SPEAKER_Monica] I know! Hey, how’s Chandler doin’?
[SPEAKER_Ross] Great. He’s doing great. Don’t you worry about Chandler.","[SPEAKER_Monica] I know! Hey, how’s Chandler doin’?
[SPEAKER_Ross] Great. He’s doing great. Don’t you worry about Chandler.",neutral,4,3,joy,False,0.017480306,0.003736386,0.0025077781,0.8040771,0.16435543,0.0040753963,0.0037676864
40,1,Phoebe,"I’m really glad you guys are okay but, I just keep thinking what would happen if-if you two  actually had hooked up.",neutral,"[SPEAKER_Monica] Yeah baby!
[SPEAKER_Phoebe] I’m really glad you guys are okay but, I just keep thinking what would happen if-if you two  actually had hooked up.","[SPEAKER_Monica] Yeah baby!
[SPEAKER_Phoebe] I’m really glad you guys are okay but, I just keep thinking what would happen if-if you two  actually had hooked up.",neutral,4,4,neutral,True,0.015879275,0.0020607694,0.007078412,0.22028863,0.7418342,0.011214483,0.0016441154
41,1,Chandler,"Oh yeah, that was great. Thanks to you, the hottest cocktail waitress there is quitting to teach the third grade!",anger,"[SPEAKER_Monica] So, we did okay at the strip club, right?
[SPEAKER_Chandler] Oh yeah, that was great. Thanks to you, the hottest cocktail waitress there is quitting to teach the third grade!","[SPEAKER_Monica] So, we did okay at the strip club, right?
[SPEAKER_Chandler] Oh yeah, that was great. Thanks to you, the hottest cocktail waitress there is quitting to teach the third grade!",anger,0,3,joy,False,0.015624429,0.0024637848,0.0008476088,0.94288677,0.024585566,0.0037424227,0.009849417
41,2,Rachel,I can’t believe it! He still hasn’t called.,anger,"[SPEAKER_Chandler] Oh yeah, that was great. Thanks to you, the hottest cocktail waitress there is quitting to teach the third grade!
[SPEAKER_Rachel] I can’t believe it! He still hasn’t called.","[SPEAKER_Chandler] Oh yeah, that was great. Thanks to you, the hottest cocktail waitress there is quitting to teach the third grade!
[SPEAKER_Rachel] I can’t believe it! He still hasn’t called.",anger,0,6,surprise,False,0.0064106095,0.0022184465,0.003678866,0.022897208,0.012268554,0.008035581,0.94449073
41,3,Phoebe,"Who, Josh?",surprise,"[SPEAKER_Rachel] I can’t believe it! He still hasn’t called.
[SPEAKER_Phoebe] Who, Josh?","[SPEAKER_Rachel] I can’t believe it! He still hasn’t called.
[SPEAKER_Phoebe] Who, Josh?",surprise,6,4,neutral,False,0.015303899,0.001549875,0.0053262967,0.008827929,0.8645054,0.0052635586,0.099223085
41,4,Rachel,It’s Joshua.,anger,"[SPEAKER_Phoebe] Who, Josh?
[SPEAKER_Rachel] It’s Joshua.","[SPEAKER_Phoebe] Who, Josh?
[SPEAKER_Rachel] It’s Joshua.",anger,0,4,neutral,False,0.0033400643,0.00091911096,0.0008382571,0.00465134,0.9854168,0.0014758518,0.0033586577
41,5,Monica,"What, he doesn’t like Josh?",surprise,"[SPEAKER_Rachel] It’s Joshua.
[SPEAKER_Monica] What, he doesn’t like Josh?","[SPEAKER_Rachel] It’s Joshua.
[SPEAKER_Monica] What, he doesn’t like Josh?",surprise,6,6,surprise,True,0.016299615,0.0024426233,0.011781801,0.01364006,0.28961006,0.012320249,0.65390563
41,6,Rachel,"No, I don’t.",disgust,"[SPEAKER_Monica] What, he doesn’t like Josh?
[SPEAKER_Rachel] No, I don’t.","[SPEAKER_Monica] What, he doesn’t like Josh?
[SPEAKER_Rachel] No, I don’t.",disgust,1,4,neutral,False,0.006374594,0.0023550799,0.004141296,0.028985735,0.94803756,0.0073543633,0.0027514184
41,7,Chandler,"All right, well I’m gonna put my sweats back on.",neutral,"[SPEAKER_Rachel] No, I don’t.
[SPEAKER_Chandler] All right, well I’m gonna put my sweats back on.","[SPEAKER_Rachel] No, I don’t.
[SPEAKER_Chandler] All right, well I’m gonna put my sweats back on.",neutral,4,4,neutral,True,0.015103986,0.020828497,0.0073262,0.027723849,0.9161516,0.011046281,0.0018196811
41,8,Phoebe,Oh no!,surprise,"[SPEAKER_Chandler] All right, well I’m gonna put my sweats back on.
[SPEAKER_Phoebe] Oh no!","[SPEAKER_Chandler] All right, well I’m gonna put my sweats back on.
[SPEAKER_Phoebe] Oh no!",surprise,6,6,surprise,True,0.01182762,0.009186497,0.013477352,0.029164989,0.01970136,0.013923701,0.9027185
41,9,Phoebe,Wait!,surprise,"[SPEAKER_Phoebe] Oh no!
[SPEAKER_Phoebe] Wait!","[SPEAKER_Phoebe] Oh no!
[SPEAKER_Phoebe] Wait!",surprise,6,6,surprise,True,0.008138413,0.002791032,0.0050965687,0.019176012,0.015586416,0.0072481176,0.9419635
41,10,Phoebe,"Okay, y’know what, you were right, you were right.",sadness,"[SPEAKER_Phoebe] Wait!
[SPEAKER_Phoebe] Okay, y’know what, you were right, you were right.","[SPEAKER_Phoebe] Wait!
[SPEAKER_Phoebe] Okay, y’know what, you were right, you were right.",sadness,5,0,anger,False,0.4678898,0.009777228,0.019476233,0.25685695,0.20094645,0.037120167,0.007933202
41,11,Phoebe,"We really weren’t great at being guys, but you know why?",sadness,"[SPEAKER_Phoebe] Okay, y’know what, you were right, you were right.
[SPEAKER_Phoebe] We really weren’t great at being guys, but you know why?","[SPEAKER_Phoebe] Okay, y’know what, you were right, you were right.
[SPEAKER_Phoebe] We really weren’t great at being guys, but you know why?",sadness,5,0,anger,False,0.27436823,0.030686444,0.028641319,0.19074045,0.22326024,0.111681074,0.14062224
41,12,Phoebe,Because we’re girls.,neutral,"[SPEAKER_Phoebe] We really weren’t great at being guys, but you know why?
[SPEAKER_Phoebe] Because we’re girls.","[SPEAKER_Phoebe] We really weren’t great at being guys, but you know why?
[SPEAKER_Phoebe] Because we’re girls.",neutral,4,4,neutral,True,0.010137096,0.0069144415,0.002076391,0.048921987,0.9244934,0.0051901187,0.002266545
42,1,Ross,"Yeah, I lost it.",sadness,"[SPEAKER_Ross] Thank you, thanks.
[SPEAKER_Ross] Yeah, I lost it.","[SPEAKER_Ross] Thank you, thanks.
[SPEAKER_Ross] Yeah, I lost it.",sadness,5,5,sadness,True,0.10608707,0.013955347,0.034815542,0.33828452,0.1345836,0.36368644,0.0085874535
42,2,Ross,"Y’know, I’m not gonna play anymore,  would you, can you finish my set?",neutral,"[SPEAKER_Ross] Yeah, I lost it.
[SPEAKER_Ross] Y’know, I’m not gonna play anymore,  would you, can you finish my set?","[SPEAKER_Ross] Yeah, I lost it.
[SPEAKER_Ross] Y’know, I’m not gonna play anymore,  would you, can you finish my set?",neutral,4,4,neutral,True,0.20027106,0.0056782803,0.015035597,0.11240281,0.63925606,0.01640366,0.010952564
42,3,Phoebe,"After that? Yeah! No, I mean if I can help.",surprise,"[SPEAKER_Ross] Y’know, I’m not gonna play anymore,  would you, can you finish my set?
[SPEAKER_Phoebe] After that? Yeah! No, I mean if I can help.","[SPEAKER_Ross] Y’know, I’m not gonna play anymore,  would you, can you finish my set?
[SPEAKER_Phoebe] After that? Yeah! No, I mean if I can help.",surprise,6,4,neutral,False,0.07791298,0.003669289,0.011508681,0.20181873,0.6746835,0.013039441,0.017367365
42,4,Ross,"Yeah, like I could",neutral,"[SPEAKER_Phoebe] After that? Yeah! No, I mean if I can help.
[SPEAKER_Ross] Yeah, like I could","[SPEAKER_Phoebe] After that? Yeah! No, I mean if I can help.
[SPEAKER_Ross] Yeah, like I could",neutral,4,4,neutral,True,0.0026057654,0.0011710103,0.001843772,0.009030177,0.9817152,0.0029380338,0.0006959952
42,5,Rachel,What?,surprise,"[SPEAKER_Ross] Yeah, like I could
[SPEAKER_Rachel] What?","[SPEAKER_Ross] Yeah, like I could
[SPEAKER_Rachel] What?",surprise,6,4,neutral,False,0.03993537,0.0030118441,0.01535772,0.014009756,0.5569867,0.013710779,0.35698783
42,6,Ross,I played bad on purpose guys.,joy,"[SPEAKER_Rachel] What?
[SPEAKER_Ross] I played bad on purpose guys.","[SPEAKER_Rachel] What?
[SPEAKER_Ross] I played bad on purpose guys.",joy,3,4,neutral,False,0.17353609,0.25018382,0.019650856,0.12076012,0.2794717,0.14695624,0.00944121
42,7,Monica,"Okay, so you were trying to play bad this whole time.",surprise,"[SPEAKER_Ross] I played bad on purpose guys.
[SPEAKER_Monica] Okay, so you were trying to play bad this whole time.","[SPEAKER_Ross] I played bad on purpose guys.
[SPEAKER_Monica] Okay, so you were trying to play bad this whole time.",surprise,6,4,neutral,False,0.050321043,0.0118475035,0.0022532,0.03455898,0.89125484,0.006965508,0.002799004
42,8,Ross,"Yeah—no, just that last song.",neutral,"[SPEAKER_Monica] Okay, so you were trying to play bad this whole time.
[SPEAKER_Ross] Yeah—no, just that last song.","[SPEAKER_Monica] Okay, so you were trying to play bad this whole time.
[SPEAKER_Ross] Yeah—no, just that last song.",neutral,4,4,neutral,True,0.034794983,0.009205236,0.0058654477,0.10735999,0.80757254,0.032889463,0.0023123266
43,1,Joey,"Oh yeah, who’s playing?",neutral,"[SPEAKER_Monica] Oh, I was thinking about having people over for the game.
[SPEAKER_Joey] Oh yeah, who’s playing?","[SPEAKER_Monica] Oh, I was thinking about having people over for the game.
[SPEAKER_Joey] Oh yeah, who’s playing?",neutral,4,4,neutral,True,0.016246649,0.002191583,0.0110584665,0.020861916,0.66528565,0.007270112,0.2770856
43,2,Monica,The players.,neutral,"[SPEAKER_Joey] Oh yeah, who’s playing?
[SPEAKER_Monica] The players.","[SPEAKER_Joey] Oh yeah, who’s playing?
[SPEAKER_Monica] The players.",neutral,4,4,neutral,True,0.0071033426,0.0014824064,0.000860698,0.005670161,0.9818233,0.0013869815,0.0016731994
43,3,Ross,Somebody seems to be missing being the hostess.,neutral,"[SPEAKER_Monica] The players.
[SPEAKER_Ross] Somebody seems to be missing being the hostess.","[SPEAKER_Monica] The players.
[SPEAKER_Ross] Somebody seems to be missing being the hostess.",neutral,4,4,neutral,True,0.033893716,0.0056680683,0.0050371103,0.27804092,0.61607504,0.050020106,0.011265044
43,4,Monica,"Please, it’s a relief is what it is, is what it is.",neutral,"[SPEAKER_Ross] Somebody seems to be missing being the hostess.
[SPEAKER_Monica] Please, it’s a relief is what it is, is what it is.","[SPEAKER_Ross] Somebody seems to be missing being the hostess.
[SPEAKER_Monica] Please, it’s a relief is what it is, is what it is.",neutral,4,5,sadness,False,0.027054194,0.010409507,0.04700856,0.09033819,0.2984296,0.5228725,0.0038874005
43,5,Joey,"All right Pheebs, stick out your plate!",neutral,"[SPEAKER_Monica] Please, it’s a relief is what it is, is what it is.
[SPEAKER_Joey] All right Pheebs, stick out your plate!","[SPEAKER_Monica] Please, it’s a relief is what it is, is what it is.
[SPEAKER_Joey] All right Pheebs, stick out your plate!",neutral,4,3,joy,False,0.07248247,0.009910438,0.003903591,0.5012298,0.40167144,0.0054823984,0.0053198636
43,6,Phoebe,Oh.,neutral,"[SPEAKER_Joey] All right Pheebs, stick out your plate!
[SPEAKER_Phoebe] Oh.","[SPEAKER_Joey] All right Pheebs, stick out your plate!
[SPEAKER_Phoebe] Oh.",neutral,4,4,neutral,True,0.006254449,0.0054008476,0.008211873,0.03900032,0.9250179,0.012295931,0.0038186111
44,1,Rachel,I don’t want to say.,neutral,"[SPEAKER_Chandler] Whose is it?
[SPEAKER_Rachel] I don’t want to say.","[SPEAKER_Chandler] Whose is it?
[SPEAKER_Rachel] I don’t want to say.",neutral,4,4,neutral,True,0.030547082,0.009737639,0.20742264,0.07704755,0.51534295,0.12738161,0.032520473
44,2,Chandler,"Oh, come on! I don’t care! Come on! Whose is it?",joy,"[SPEAKER_Rachel] I don’t want to say.
[SPEAKER_Chandler] Oh, come on! I don’t care! Come on! Whose is it?","[SPEAKER_Rachel] I don’t want to say.
[SPEAKER_Chandler] Oh, come on! I don’t care! Come on! Whose is it?",joy,3,0,anger,False,0.843594,0.021247912,0.046928257,0.020091984,0.025558645,0.02651223,0.016067043
44,3,Rachel,Diane Keaton.,neutral,"[SPEAKER_Chandler] Oh, come on! I don’t care! Come on! Whose is it?
[SPEAKER_Rachel] Diane Keaton.","[SPEAKER_Chandler] Oh, come on! I don’t care! Come on! Whose is it?
[SPEAKER_Rachel] Diane Keaton.",neutral,4,4,neutral,True,0.0098592155,0.0048781713,0.0026754553,0.029300418,0.9429601,0.007328074,0.0029985246
45,1,Phoebe,"I’m sorry, but I just wrote the best dance song for your wedding. Check this out.",neutral,"[SPEAKER_Monica] Phoebe! Come on! Let’s go!  Come on!  Why aren’t you dressed yet?!
[SPEAKER_Phoebe] I’m sorry, but I just wrote the best dance song for your wedding. Check this out.","[SPEAKER_Monica] Phoebe! Come on! Let’s go!  Come on!  Why aren’t you dressed yet?!
[SPEAKER_Phoebe] I’m sorry, but I just wrote the best dance song for your wedding. Check this out.",neutral,4,4,neutral,True,0.033888154,0.0038676597,0.007966121,0.2960427,0.5414511,0.10040039,0.016383866
45,2,Monica,"No, Phoebe, I’ll tell you what, if you get ready now I’ll let you play it at the wedding.",neutral,"[SPEAKER_Phoebe] I’m sorry, but I just wrote the best dance song for your wedding. Check this out.
[SPEAKER_Monica] No, Phoebe, I’ll tell you what, if you get ready now I’ll let you play it at the wedding.","[SPEAKER_Phoebe] I’m sorry, but I just wrote the best dance song for your wedding. Check this out.
[SPEAKER_Monica] No, Phoebe, I’ll tell you what, if you get ready now I’ll let you play it at the wedding.",neutral,4,4,neutral,True,0.018253965,0.004180368,0.0041817976,0.12177446,0.843781,0.006900802,0.00092764845
45,3,Phoebe,Really?!,surprise,"[SPEAKER_Monica] No, Phoebe, I’ll tell you what, if you get ready now I’ll let you play it at the wedding.
[SPEAKER_Phoebe] Really?!","[SPEAKER_Monica] No, Phoebe, I’ll tell you what, if you get ready now I’ll let you play it at the wedding.
[SPEAKER_Phoebe] Really?!",surprise,6,6,surprise,True,0.0060696024,0.0012500673,0.0018017208,0.0037523734,0.007470101,0.0035417236,0.9761143
45,4,Phoebe,Oh that’s so exciting!,joy,"[SPEAKER_Phoebe] Really?!
[SPEAKER_Phoebe] Oh that’s so exciting!","[SPEAKER_Phoebe] Really?!
[SPEAKER_Phoebe] Oh that’s so exciting!",joy,3,3,joy,True,0.016778719,0.0029353024,0.0031808424,0.5263704,0.017228892,0.0057423534,0.4277635
45,5,Phoebe,Thanks Mon!,joy,"[SPEAKER_Phoebe] Oh that’s so exciting!
[SPEAKER_Phoebe] Thanks Mon!","[SPEAKER_Phoebe] Oh that’s so exciting!
[SPEAKER_Phoebe] Thanks Mon!",joy,3,3,joy,True,0.0063558156,0.00090696686,0.001270253,0.89276737,0.08833615,0.005426798,0.0049367133
45,6,Phoebe,"Oh but Mon, if you touch my guitar again I’ll have to pound on you for a little bit.",anger,"[SPEAKER_Phoebe] Thanks Mon!
[SPEAKER_Phoebe] Oh but Mon, if you touch my guitar again I’ll have to pound on you for a little bit.","[SPEAKER_Phoebe] Thanks Mon!
[SPEAKER_Phoebe] Oh but Mon, if you touch my guitar again I’ll have to pound on you for a little bit.",anger,0,4,neutral,False,0.020456422,0.010747344,0.0057884534,0.11566661,0.8371322,0.007925774,0.0022831834
45,7,Monica,"Fair enough, now go get ready!",neutral,"[SPEAKER_Phoebe] Oh but Mon, if you touch my guitar again I’ll have to pound on you for a little bit.
[SPEAKER_Monica] Fair enough, now go get ready!","[SPEAKER_Phoebe] Oh but Mon, if you touch my guitar again I’ll have to pound on you for a little bit.
[SPEAKER_Monica] Fair enough, now go get ready!",neutral,4,3,joy,False,0.14437,0.004806309,0.008054263,0.57636505,0.24860197,0.007758984,0.010043442
45,8,Monica,"I’ll get everybody else , finally we can start celebrating my— I’m sorry, uh apparently I’ve opened the door to the past.",neutral,"[SPEAKER_Monica] Fair enough, now go get ready!
[SPEAKER_Monica] I’ll get everybody else , finally we can start celebrating my— I’m sorry, uh apparently I’ve opened the door to the past.","[SPEAKER_Monica] Fair enough, now go get ready!
[SPEAKER_Monica] I’ll get everybody else , finally we can start celebrating my— I’m sorry, uh apparently I’ve opened the door to the past.",neutral,4,3,joy,False,0.07149565,0.004176925,0.0151159875,0.5650571,0.2265586,0.10816401,0.009431703
46,1,Leslie,I wear them everyday.,joy,"[SPEAKER_Leslie] My best shoes, so good to me.
[SPEAKER_Leslie] I wear them everyday.","[SPEAKER_Leslie] My best shoes, so good to me.
[SPEAKER_Leslie] I wear them everyday.",joy,3,3,joy,True,0.0112981405,0.0019726641,0.0019950327,0.94277453,0.024008378,0.012581372,0.005369792
46,2,Leslie,"Down at the heel, holes in the toes.",joy,"[SPEAKER_Leslie] I wear them everyday.
[SPEAKER_Leslie] Down at the heel, holes in the toes.","[SPEAKER_Leslie] I wear them everyday.
[SPEAKER_Leslie] Down at the heel, holes in the toes.",joy,3,4,neutral,False,0.06364601,0.079292856,0.027096193,0.09366178,0.6399525,0.048119195,0.048231494
46,3,Leslie,Don’t care what people say.,joy,"[SPEAKER_Leslie] Down at the heel, holes in the toes.
[SPEAKER_Leslie] Don’t care what people say.","[SPEAKER_Leslie] Down at the heel, holes in the toes.
[SPEAKER_Leslie] Don’t care what people say.",joy,3,4,neutral,False,0.063101,0.026259422,0.008037396,0.06378914,0.81817263,0.0155784935,0.0050618905
46,4,Leslie,"My feet’s best friends, pals to the end.",joy,"[SPEAKER_Leslie] Don’t care what people say.
[SPEAKER_Leslie] My feet’s best friends, pals to the end.","[SPEAKER_Leslie] Don’t care what people say.
[SPEAKER_Leslie] My feet’s best friends, pals to the end.",joy,3,4,neutral,False,0.015614908,0.00250017,0.0011305931,0.13955057,0.83418834,0.005220523,0.0017949598
46,5,Leslie,With them I’m one hot chicky.,joy,"[SPEAKER_Leslie] My feet’s best friends, pals to the end.
[SPEAKER_Leslie] With them I’m one hot chicky.","[SPEAKER_Leslie] My feet’s best friends, pals to the end.
[SPEAKER_Leslie] With them I’m one hot chicky.",joy,3,3,joy,True,0.0123134535,0.002736949,0.0009808704,0.9575864,0.012229811,0.0040776846,0.010074849
46,6,Leslie,"Though late one night, not much light, I....",neutral,"[SPEAKER_Leslie] With them I’m one hot chicky.
[SPEAKER_Leslie] Though late one night, not much light, I....","[SPEAKER_Leslie] With them I’m one hot chicky.
[SPEAKER_Leslie] Though late one night, not much light, I....",neutral,4,4,neutral,True,0.034361046,0.018124852,0.017243767,0.1929628,0.6930768,0.03908773,0.005143007
46,7,Phoebe,I stepped in something icky.,joy,"[SPEAKER_Leslie] Though late one night, not much light, I....
[SPEAKER_Phoebe] I stepped in something icky.","[SPEAKER_Leslie] Though late one night, not much light, I....
[SPEAKER_Phoebe] I stepped in something icky.",joy,3,4,neutral,False,0.03923496,0.0865073,0.064745754,0.08607341,0.37689728,0.09896297,0.24757831
46,8,Phoebe and Leslie,"Sticky shoes, sticky shoes, always make me smile. Sticky shoes, sticky shoes, next time I’ll.... avoid the..... pillleeeee.",joy,"[SPEAKER_Phoebe] I stepped in something icky.
[SPEAKER_Phoebe and Leslie] Sticky shoes, sticky shoes, always make me smile. Sticky shoes, sticky shoes, next time I’ll.... avoid the..... pillleeeee.","[SPEAKER_Phoebe] I stepped in something icky.
[SPEAKER_Phoebe and Leslie] Sticky shoes, sticky shoes, always make me smile. Sticky shoes, sticky shoes, next time I’ll.... avoid the..... pillleeeee.",joy,3,4,neutral,False,0.040627833,0.025708282,0.030719059,0.08881271,0.7816443,0.029816434,0.0026714595
47,1,Joey,No more Joey and Chan’s.,sadness,"[SPEAKER_Joey] God, it’s gonna so weird like when I come home and you’re not here.
[SPEAKER_Joey] No more Joey and Chan’s.","[SPEAKER_Joey] God, it’s gonna so weird like when I come home and you’re not here.
[SPEAKER_Joey] No more Joey and Chan’s.",sadness,5,4,neutral,False,0.030754393,0.011297227,0.0032311212,0.05540827,0.8775329,0.018217377,0.0035586695
47,2,Joey,No more J and C’s.,sadness,"[SPEAKER_Joey] No more Joey and Chan’s.
[SPEAKER_Joey] No more J and C’s.","[SPEAKER_Joey] No more Joey and Chan’s.
[SPEAKER_Joey] No more J and C’s.",sadness,5,4,neutral,False,0.11457227,0.015384449,0.0041550514,0.0853838,0.75335187,0.02257051,0.0045819515
47,3,Joey,"""You wanna go over to Joey and Chandler’s?""",neutral,"[SPEAKER_Joey] No more J and C’s.
[SPEAKER_Joey] ""You wanna go over to Joey and Chandler’s?""","[SPEAKER_Joey] No more J and C’s.
[SPEAKER_Joey] ""You wanna go over to Joey and Chandler’s?""",neutral,4,4,neutral,True,0.1455998,0.007952832,0.0105606215,0.18177299,0.61202323,0.016241407,0.025849123
47,4,Joey,"""Can’t, its not there.""",neutral,"[SPEAKER_Joey] ""You wanna go over to Joey and Chandler’s?""
[SPEAKER_Joey] ""Can’t, its not there.""","[SPEAKER_Joey] ""You wanna go over to Joey and Chandler’s?""
[SPEAKER_Joey] ""Can’t, its not there.""",neutral,4,4,neutral,True,0.08752027,0.03133892,0.09751018,0.23336384,0.43618006,0.09929831,0.014788461
47,5,Chandler,"Look, I’m just gonna be across the hall, we can still do all the same stuff.",neutral,"[SPEAKER_Joey] ""Can’t, its not there.""
[SPEAKER_Chandler] Look, I’m just gonna be across the hall, we can still do all the same stuff.","[SPEAKER_Joey] ""Can’t, its not there.""
[SPEAKER_Chandler] Look, I’m just gonna be across the hall, we can still do all the same stuff.",neutral,4,4,neutral,True,0.009910835,0.002469589,0.0019650878,0.024446946,0.9553463,0.004625148,0.0012361306
47,6,Joey,Yeah but we won’t be able to like get up in the middle of the night and have those long talks about our feelings and the future.,sadness,"[SPEAKER_Chandler] Look, I’m just gonna be across the hall, we can still do all the same stuff.
[SPEAKER_Joey] Yeah but we won’t be able to like get up in the middle of the night and have those long talks about our feelings and the future.","[SPEAKER_Chandler] Look, I’m just gonna be across the hall, we can still do all the same stuff.
[SPEAKER_Joey] Yeah but we won’t be able to like get up in the middle of the night and have those long talks about our feelings and the future.",sadness,5,3,joy,False,0.13480638,0.041401643,0.031850662,0.36354175,0.29107103,0.1073072,0.030021386
47,7,Chandler,Not once did we do that.,neutral,"[SPEAKER_Joey] Yeah but we won’t be able to like get up in the middle of the night and have those long talks about our feelings and the future.
[SPEAKER_Chandler] Not once did we do that.","[SPEAKER_Joey] Yeah but we won’t be able to like get up in the middle of the night and have those long talks about our feelings and the future.
[SPEAKER_Chandler] Not once did we do that.",neutral,4,4,neutral,True,0.04848561,0.009357336,0.007810261,0.32308635,0.49179193,0.029033335,0.09043522
47,8,Monica,Hi.,neutral,"[SPEAKER_Chandler] Not once did we do that.
[SPEAKER_Monica] Hi.","[SPEAKER_Chandler] Not once did we do that.
[SPEAKER_Monica] Hi.",neutral,4,4,neutral,True,0.0021898882,0.0010084726,0.00091698964,0.009074199,0.9834177,0.002184389,0.0012083508
47,9,Chandler,Hey!,neutral,"[SPEAKER_Monica] Hi.
[SPEAKER_Chandler] Hey!","[SPEAKER_Monica] Hi.
[SPEAKER_Chandler] Hey!",neutral,4,3,joy,False,0.048785806,0.0035201777,0.0047460212,0.5966158,0.20251653,0.009184329,0.13463138
47,10,Joey,Hi.,neutral,"[SPEAKER_Chandler] Hey!
[SPEAKER_Joey] Hi.","[SPEAKER_Chandler] Hey!
[SPEAKER_Joey] Hi.",neutral,4,4,neutral,True,0.0016986595,0.00064761634,0.0008608047,0.0077392636,0.9865035,0.0015008592,0.0010493955
47,11,Monica,"So I, I told Rachel it was just gonna be the two of us.",neutral,"[SPEAKER_Joey] Hi.
[SPEAKER_Monica] So I, I told Rachel it was just gonna be the two of us.","[SPEAKER_Joey] Hi.
[SPEAKER_Monica] So I, I told Rachel it was just gonna be the two of us.",neutral,4,4,neutral,True,0.006362719,0.0013319481,0.002859961,0.06209878,0.91767794,0.008528131,0.0011405443
47,12,Chandler,"Oh yeah? Well, how’d she take it?",neutral,"[SPEAKER_Monica] So I, I told Rachel it was just gonna be the two of us.
[SPEAKER_Chandler] Oh yeah? Well, how’d she take it?","[SPEAKER_Monica] So I, I told Rachel it was just gonna be the two of us.
[SPEAKER_Chandler] Oh yeah? Well, how’d she take it?",neutral,4,3,joy,False,0.08980566,0.014058828,0.03961056,0.34413022,0.31863236,0.069905676,0.123856634
47,13,Monica,"Really well. Yeah. Surprisingly well. Yeah, she didn’t cry. She wasn’t angry or sad.",neutral,"[SPEAKER_Chandler] Oh yeah? Well, how’d she take it?
[SPEAKER_Monica] Really well. Yeah. Surprisingly well. Yeah, she didn’t cry. She wasn’t angry or sad.","[SPEAKER_Chandler] Oh yeah? Well, how’d she take it?
[SPEAKER_Monica] Really well. Yeah. Surprisingly well. Yeah, she didn’t cry. She wasn’t angry or sad.",neutral,4,4,neutral,True,0.048144225,0.005039756,0.009237694,0.07015955,0.8544388,0.010398038,0.0025820066
48,1,Phoebe,"Okay, okay, but Rachel’s gonna be here too, can’t I just ask her this stuff?",neutral,"[SPEAKER_Monica] Okay, if you need the vacuum, it’s in my closet on the left-hand side. Ah, the garbage bags are next to the refrigerator
[SPEAKER_Phoebe] Okay, okay, but Rachel’s gonna be here too, can’t I just ask her this stuff?","[SPEAKER_Monica] Okay, if you need the vacuum, it’s in my closet on the left-hand side. Ah, the garbage bags are next to the refrigerator
[SPEAKER_Phoebe] Okay, okay, but Rachel’s gonna be here too, can’t I just ask her this stuff?",neutral,4,4,neutral,True,0.07256841,0.044069074,0.06440522,0.04903854,0.67257506,0.09131307,0.006030654
48,2,Monica,"Yeah, okay, give that a try!",neutral,"[SPEAKER_Phoebe] Okay, okay, but Rachel’s gonna be here too, can’t I just ask her this stuff?
[SPEAKER_Monica] Yeah, okay, give that a try!","[SPEAKER_Phoebe] Okay, okay, but Rachel’s gonna be here too, can’t I just ask her this stuff?
[SPEAKER_Monica] Yeah, okay, give that a try!",neutral,4,3,joy,False,0.1997682,0.009718485,0.014323329,0.5499914,0.20076463,0.015720662,0.009713273
48,3,Chandler,All right! Let’s do it!,joy,"[SPEAKER_Monica] Yeah, okay, give that a try!
[SPEAKER_Chandler] All right! Let’s do it!","[SPEAKER_Monica] Yeah, okay, give that a try!
[SPEAKER_Chandler] All right! Let’s do it!",joy,3,3,joy,True,0.013701203,0.0009501816,0.0012879228,0.9492841,0.027783355,0.002236807,0.0047563845
48,4,Joey,Woo-hoo!!,joy,"[SPEAKER_Chandler] All right! Let’s do it!
[SPEAKER_Joey] Woo-hoo!!","[SPEAKER_Chandler] All right! Let’s do it!
[SPEAKER_Joey] Woo-hoo!!",joy,3,3,joy,True,0.020184513,0.0018056022,0.0019185537,0.9190959,0.025340186,0.003125149,0.028530126
48,5,Ross,"Yeah, cheerie-o!",joy,"[SPEAKER_Joey] Woo-hoo!!
[SPEAKER_Ross] Yeah, cheerie-o!","[SPEAKER_Joey] Woo-hoo!!
[SPEAKER_Ross] Yeah, cheerie-o!",joy,3,3,joy,True,0.012907972,0.0011030873,0.0012759328,0.9459741,0.02189448,0.0025918589,0.014252501
48,6,Joey,London baby!,joy,"[SPEAKER_Ross] Yeah, cheerie-o!
[SPEAKER_Joey] London baby!","[SPEAKER_Ross] Yeah, cheerie-o!
[SPEAKER_Joey] London baby!",joy,3,3,joy,True,0.012373981,0.0009900903,0.0011075622,0.9364172,0.032978017,0.0022672743,0.0138658695
49,1,Chandler,Hi!,joy,"[SPEAKER_Monica] Hi!
[SPEAKER_Chandler] Hi!","[SPEAKER_Monica] Hi!
[SPEAKER_Chandler] Hi!",joy,3,3,joy,True,0.020043911,0.001484187,0.0020637815,0.8556951,0.07685347,0.0040691146,0.039790437
49,2,Joey,Monica? What time is it?,neutral,"[SPEAKER_Chandler] Hi!
[SPEAKER_Joey] Monica? What time is it?","[SPEAKER_Chandler] Hi!
[SPEAKER_Joey] Monica? What time is it?",neutral,4,4,neutral,True,0.025954517,0.0019501258,0.0037185363,0.022719337,0.8548389,0.005393458,0.08542513
49,3,Chandler,"Uhh, 9.",neutral,"[SPEAKER_Joey] Monica? What time is it?
[SPEAKER_Chandler] Uhh, 9.","[SPEAKER_Joey] Monica? What time is it?
[SPEAKER_Chandler] Uhh, 9.",neutral,4,4,neutral,True,0.0028618483,0.0012917471,0.0011962793,0.0054960907,0.9861633,0.0017020524,0.0012886241
49,4,Joey,But it's dark out.,neutral,"[SPEAKER_Chandler] Uhh, 9.
[SPEAKER_Joey] But it's dark out.","[SPEAKER_Chandler] Uhh, 9.
[SPEAKER_Joey] But it's dark out.",neutral,4,4,neutral,True,0.011155057,0.01117241,0.007650149,0.03358601,0.9159288,0.009164452,0.011343199
49,5,Monica,"Well that's because you always sleep to noon, silly! This is what 9 looks like.",neutral,"[SPEAKER_Joey] But it's dark out.
[SPEAKER_Monica] Well that's because you always sleep to noon, silly! This is what 9 looks like.","[SPEAKER_Joey] But it's dark out.
[SPEAKER_Monica] Well that's because you always sleep to noon, silly! This is what 9 looks like.",neutral,4,4,neutral,True,0.30720586,0.077748515,0.0110501945,0.085185386,0.44003162,0.038767632,0.04001075
49,6,Joey,I guess I'll get washed up then. Watch that sunrise.,neutral,"[SPEAKER_Monica] Well that's because you always sleep to noon, silly! This is what 9 looks like.
[SPEAKER_Joey] I guess I'll get washed up then. Watch that sunrise.","[SPEAKER_Monica] Well that's because you always sleep to noon, silly! This is what 9 looks like.
[SPEAKER_Joey] I guess I'll get washed up then. Watch that sunrise.",neutral,4,4,neutral,True,0.013690586,0.0097262105,0.0052821715,0.070793234,0.893787,0.005442242,0.0012783972
49,7,Monica,I'm,neutral,"[SPEAKER_Joey] I guess I'll get washed up then. Watch that sunrise.
[SPEAKER_Monica] I'm","[SPEAKER_Joey] I guess I'll get washed up then. Watch that sunrise.
[SPEAKER_Monica] I'm",neutral,4,4,neutral,True,0.006894755,0.0030512891,0.0037300203,0.022727588,0.9495922,0.0051577766,0.008846298
49,8,Chandler,"I know, me too.",neutral,"[SPEAKER_Monica] I'm
[SPEAKER_Chandler] I know, me too.","[SPEAKER_Monica] I'm
[SPEAKER_Chandler] I know, me too.",neutral,4,4,neutral,True,0.04357592,0.003670128,0.009833394,0.23737639,0.6668484,0.034574334,0.00412151
49,9,Chandler,Hey!,joy,"[SPEAKER_Chandler] I know, me too.
[SPEAKER_Chandler] Hey!","[SPEAKER_Chandler] I know, me too.
[SPEAKER_Chandler] Hey!",joy,3,3,joy,True,0.045561627,0.0033682405,0.0045070406,0.62521154,0.1460812,0.009453418,0.16581695
49,10,Chandler,Y'know what if we went away for a whole weekend?,neutral,"[SPEAKER_Chandler] Hey!
[SPEAKER_Chandler] Y'know what if we went away for a whole weekend?","[SPEAKER_Chandler] Hey!
[SPEAKER_Chandler] Y'know what if we went away for a whole weekend?",neutral,4,4,neutral,True,0.024176689,0.0027816072,0.0041024154,0.032921154,0.93144155,0.0028215877,0.001755059
49,11,Chandler,Y'know we'd have no interruptions and we could be naked the entire time.,joy,"[SPEAKER_Chandler] Y'know what if we went away for a whole weekend?
[SPEAKER_Chandler] Y'know we'd have no interruptions and we could be naked the entire time.","[SPEAKER_Chandler] Y'know what if we went away for a whole weekend?
[SPEAKER_Chandler] Y'know we'd have no interruptions and we could be naked the entire time.",joy,3,4,neutral,False,0.011856939,0.00396753,0.0023033354,0.07884752,0.8982646,0.002685336,0.0020747692
49,12,Monica,All weekend? That's a whole lotta naked.,surprise,"[SPEAKER_Chandler] Y'know we'd have no interruptions and we could be naked the entire time.
[SPEAKER_Monica] All weekend? That's a whole lotta naked.","[SPEAKER_Chandler] Y'know we'd have no interruptions and we could be naked the entire time.
[SPEAKER_Monica] All weekend? That's a whole lotta naked.",surprise,6,6,surprise,True,0.007925344,0.008927153,0.0037466693,0.016326882,0.020918988,0.0060796146,0.9360753
49,13,Chandler,"Yeah, I can say that I have a conference and you can say you have a chef thing.",neutral,"[SPEAKER_Monica] All weekend? That's a whole lotta naked.
[SPEAKER_Chandler] Yeah, I can say that I have a conference and you can say you have a chef thing.","[SPEAKER_Monica] All weekend? That's a whole lotta naked.
[SPEAKER_Chandler] Yeah, I can say that I have a conference and you can say you have a chef thing.",neutral,4,4,neutral,True,0.0050974954,0.0024437848,0.00090723694,0.089101754,0.8989621,0.002589518,0.0008981911
49,14,Monica,"Ohh, I've always wanted to go to this culinary fair that they have in Jersey!",joy,"[SPEAKER_Chandler] Yeah, I can say that I have a conference and you can say you have a chef thing.
[SPEAKER_Monica] Ohh, I've always wanted to go to this culinary fair that they have in Jersey!","[SPEAKER_Chandler] Yeah, I can say that I have a conference and you can say you have a chef thing.
[SPEAKER_Monica] Ohh, I've always wanted to go to this culinary fair that they have in Jersey!",joy,3,3,joy,True,0.03205744,0.0030809862,0.002543112,0.8674485,0.06594643,0.0084235575,0.020499976
49,15,Chandler,"Okay, y'know your not though. Let's go.",neutral,"[SPEAKER_Monica] Ohh, I've always wanted to go to this culinary fair that they have in Jersey!
[SPEAKER_Chandler] Okay, y'know your not though. Let's go.","[SPEAKER_Monica] Ohh, I've always wanted to go to this culinary fair that they have in Jersey!
[SPEAKER_Chandler] Okay, y'know your not though. Let's go.",neutral,4,4,neutral,True,0.0132733695,0.004894833,0.0023729617,0.034678712,0.9388687,0.0053770584,0.00053435744
49,16,Monica,Wait! What about Joey?,neutral,"[SPEAKER_Chandler] Okay, y'know your not though. Let's go.
[SPEAKER_Monica] Wait! What about Joey?","[SPEAKER_Chandler] Okay, y'know your not though. Let's go.
[SPEAKER_Monica] Wait! What about Joey?",neutral,4,6,surprise,False,0.025864866,0.0027245746,0.013338956,0.01783739,0.1920815,0.014465244,0.7336875
50,1,Chandler,Sounds like two people are really enjoying the Dewey decimal system.,neutral,"[SPEAKER_Ross] Oh umm, there’s also a book here by a woman named Wendy Bagina.  What is that?
[SPEAKER_Chandler] Sounds like two people are really enjoying the Dewey decimal system.","[SPEAKER_Ross] Oh umm, there’s also a book here by a woman named Wendy Bagina.  What is that?
[SPEAKER_Chandler] Sounds like two people are really enjoying the Dewey decimal system.",neutral,4,4,neutral,True,0.048903197,0.0092894,0.005971501,0.17465268,0.5575349,0.012840861,0.1908075
50,2,Female Student,I’m so sorry!,fear,"[SPEAKER_Chandler] Sounds like two people are really enjoying the Dewey decimal system.
[SPEAKER_Female Student] I’m so sorry!","[SPEAKER_Chandler] Sounds like two people are really enjoying the Dewey decimal system.
[SPEAKER_Female Student] I’m so sorry!",fear,2,3,joy,False,0.025267838,0.009442487,0.02820833,0.35990587,0.05054586,0.28237092,0.24425876
50,3,Chandler,You didn’t bring,neutral,"[SPEAKER_Female Student] I’m so sorry!
[SPEAKER_Chandler] You didn’t bring","[SPEAKER_Female Student] I’m so sorry!
[SPEAKER_Chandler] You didn’t bring",neutral,4,4,neutral,True,0.012028218,0.0012641194,0.0019367783,0.03177018,0.9313449,0.005102093,0.016553674
51,1,Rachel,Hi!,joy,"[SPEAKER_Joey] Hey!
[SPEAKER_Rachel] Hi!","[SPEAKER_Joey] Hey!
[SPEAKER_Rachel] Hi!",joy,3,3,joy,True,0.016124116,0.001382988,0.0017912417,0.8500162,0.08870089,0.0040024207,0.037982184
51,2,Joey,"Oh you know uh Kash, really liked you the other day. He said he thought you were charming.",neutral,"[SPEAKER_Rachel] Hi!
[SPEAKER_Joey] Oh you know uh Kash, really liked you the other day. He said he thought you were charming.","[SPEAKER_Rachel] Hi!
[SPEAKER_Joey] Oh you know uh Kash, really liked you the other day. He said he thought you were charming.",neutral,4,4,neutral,True,0.027054863,0.01072129,0.023649454,0.29388824,0.47917992,0.07673217,0.088774025
52,1,Joey,"To tape the game? You do this every time Ross, you’re",disgust,"[SPEAKER_Ross] Okay I-I just have to stop by my place first.
[SPEAKER_Joey] To tape the game? You do this every time Ross, you’re","[SPEAKER_Ross] Okay I-I just have to stop by my place first.
[SPEAKER_Joey] To tape the game? You do this every time Ross, you’re",disgust,1,4,neutral,False,0.040743332,0.003620298,0.0039210534,0.04827398,0.87749195,0.0050830785,0.02086632
52,2,Ross,"No-no, I-I have to see if this apartment became available.",neutral,"[SPEAKER_Joey] To tape the game? You do this every time Ross, you’re
[SPEAKER_Ross] No-no, I-I have to see if this apartment became available.","[SPEAKER_Joey] To tape the game? You do this every time Ross, you’re
[SPEAKER_Ross] No-no, I-I have to see if this apartment became available.",neutral,4,4,neutral,True,0.009502512,0.0014450423,0.0071571977,0.018093098,0.95830125,0.0039010004,0.0015999905
52,3,Joey,"Oh, you’re switching apartments?",surprise,"[SPEAKER_Ross] No-no, I-I have to see if this apartment became available.
[SPEAKER_Joey] Oh, you’re switching apartments?","[SPEAKER_Ross] No-no, I-I have to see if this apartment became available.
[SPEAKER_Joey] Oh, you’re switching apartments?",surprise,6,6,surprise,True,0.016333167,0.0016536978,0.0063488255,0.007093097,0.09814733,0.008875534,0.86154836
52,4,Ross,"It’s not for me, it’s for Rachel.",neutral,"[SPEAKER_Joey] Oh, you’re switching apartments?
[SPEAKER_Ross] It’s not for me, it’s for Rachel.","[SPEAKER_Joey] Oh, you’re switching apartments?
[SPEAKER_Ross] It’s not for me, it’s for Rachel.",neutral,4,4,neutral,True,0.0087800715,0.0010242881,0.0012209897,0.0077661704,0.9736145,0.0051605334,0.002433419
52,5,Joey,But Rachel has an apartment.,neutral,"[SPEAKER_Ross] It’s not for me, it’s for Rachel.
[SPEAKER_Joey] But Rachel has an apartment.","[SPEAKER_Ross] It’s not for me, it’s for Rachel.
[SPEAKER_Joey] But Rachel has an apartment.",neutral,4,4,neutral,True,0.011961675,0.0044356035,0.0027628762,0.006666261,0.9325277,0.0076089245,0.034036938
52,6,Ross,"Yeah, but when the baby comes she’s gonna want to move.",neutral,"[SPEAKER_Joey] But Rachel has an apartment.
[SPEAKER_Ross] Yeah, but when the baby comes she’s gonna want to move.","[SPEAKER_Joey] But Rachel has an apartment.
[SPEAKER_Ross] Yeah, but when the baby comes she’s gonna want to move.",neutral,4,4,neutral,True,0.027900659,0.027419902,0.08674374,0.078106806,0.56957334,0.20053792,0.0097176125
52,7,Joey,She is?,surprise,"[SPEAKER_Ross] Yeah, but when the baby comes she’s gonna want to move.
[SPEAKER_Joey] She is?","[SPEAKER_Ross] Yeah, but when the baby comes she’s gonna want to move.
[SPEAKER_Joey] She is?",surprise,6,6,surprise,True,0.012761202,0.0012992211,0.005775378,0.006532009,0.08934722,0.0078833755,0.87640154
52,8,Ross,"Yeah, you didn’t expect her to live there with a baby did you?",surprise,"[SPEAKER_Joey] She is?
[SPEAKER_Ross] Yeah, you didn’t expect her to live there with a baby did you?","[SPEAKER_Joey] She is?
[SPEAKER_Ross] Yeah, you didn’t expect her to live there with a baby did you?",surprise,6,6,surprise,True,0.058416504,0.0045794277,0.021357883,0.06258107,0.27483636,0.032586925,0.54564184
52,9,Joey,I guess I didn’t really think about it.,neutral,"[SPEAKER_Ross] Yeah, you didn’t expect her to live there with a baby did you?
[SPEAKER_Joey] I guess I didn’t really think about it.","[SPEAKER_Ross] Yeah, you didn’t expect her to live there with a baby did you?
[SPEAKER_Joey] I guess I didn’t really think about it.",neutral,4,4,neutral,True,0.05519759,0.014715809,0.05587239,0.18386853,0.47898346,0.16327526,0.04808697
52,10,Ross,Ezel!  Hey Gunther! You’re an ezel!,anger,"[SPEAKER_Joey] I guess I didn’t really think about it.
[SPEAKER_Ross] Ezel!  Hey Gunther! You’re an ezel!","[SPEAKER_Joey] I guess I didn’t really think about it.
[SPEAKER_Ross] Ezel!  Hey Gunther! You’re an ezel!",anger,0,3,joy,False,0.04879972,0.003595853,0.0029904805,0.5776233,0.06875806,0.007545002,0.29068768
52,11,Ross,Damnit!,anger,"[SPEAKER_Ross] Ezel!  Hey Gunther! You’re an ezel!
[SPEAKER_Ross] Damnit!","[SPEAKER_Ross] Ezel!  Hey Gunther! You’re an ezel!
[SPEAKER_Ross] Damnit!",anger,0,0,anger,True,0.9231106,0.015556706,0.017082723,0.012672718,0.011808814,0.014553325,0.005215008
53,1,Rachel,Little village people.,neutral,"[SPEAKER_Monica] Look what I got! Look what I got! Look what I got!  Can you believe they make these for little people?
[SPEAKER_Rachel] Little village people.","[SPEAKER_Monica] Look what I got! Look what I got! Look what I got!  Can you believe they make these for little people?
[SPEAKER_Rachel] Little village people.",neutral,4,4,neutral,True,0.010550081,0.0077332403,0.0033994408,0.012448983,0.956823,0.008088372,0.0009569
53,2,Monica,"Okay, look at this one. This is my favourite.",joy,"[SPEAKER_Rachel] Little village people.
[SPEAKER_Monica] Okay, look at this one. This is my favourite.","[SPEAKER_Rachel] Little village people.
[SPEAKER_Monica] Okay, look at this one. This is my favourite.",joy,3,4,neutral,False,0.017997049,0.0070209517,0.0025434508,0.06307267,0.8920004,0.010833619,0.0065318635
53,3,Rachel,"Oh, that is so sweet!",joy,"[SPEAKER_Monica] Okay, look at this one. This is my favourite.
[SPEAKER_Rachel] Oh, that is so sweet!","[SPEAKER_Monica] Okay, look at this one. This is my favourite.
[SPEAKER_Rachel] Oh, that is so sweet!",joy,3,3,joy,True,0.0107320575,0.0028291536,0.0021636894,0.89490294,0.0119588785,0.0067578554,0.070655435
53,4,Monica,I know! Phoebe is gonna love dressing them in these!,joy,"[SPEAKER_Rachel] Oh, that is so sweet!
[SPEAKER_Monica] I know! Phoebe is gonna love dressing them in these!","[SPEAKER_Rachel] Oh, that is so sweet!
[SPEAKER_Monica] I know! Phoebe is gonna love dressing them in these!",joy,3,3,joy,True,0.008408959,0.0013085336,0.00090029626,0.96525586,0.009471183,0.0027212596,0.011933956
53,5,Rachel,"Huh. Except, Phoebe’s not gonna be the one that gets to dress them.",neutral,"[SPEAKER_Monica] I know! Phoebe is gonna love dressing them in these!
[SPEAKER_Rachel] Huh. Except, Phoebe’s not gonna be the one that gets to dress them.","[SPEAKER_Monica] I know! Phoebe is gonna love dressing them in these!
[SPEAKER_Rachel] Huh. Except, Phoebe’s not gonna be the one that gets to dress them.",neutral,4,4,neutral,True,0.051721636,0.014374053,0.0039009878,0.16478394,0.7214846,0.028287802,0.015446962
53,6,Monica,Because she’s not gonna get to keep the babies.,sadness,"[SPEAKER_Rachel] Huh. Except, Phoebe’s not gonna be the one that gets to dress them.
[SPEAKER_Monica] Because she’s not gonna get to keep the babies.","[SPEAKER_Rachel] Huh. Except, Phoebe’s not gonna be the one that gets to dress them.
[SPEAKER_Monica] Because she’s not gonna get to keep the babies.",sadness,5,5,sadness,True,0.1660528,0.049414326,0.06101912,0.06317409,0.23315744,0.40793598,0.019246308
53,7,Rachel,Oh my God! We are throwing the most depressing baby shower ever!,sadness,"[SPEAKER_Monica] Because she’s not gonna get to keep the babies.
[SPEAKER_Rachel] Oh my God! We are throwing the most depressing baby shower ever!","[SPEAKER_Monica] Because she’s not gonna get to keep the babies.
[SPEAKER_Rachel] Oh my God! We are throwing the most depressing baby shower ever!",sadness,5,6,surprise,False,0.021103416,0.019027557,0.00756555,0.06581863,0.007704051,0.026382552,0.85239816
53,8,Monica,Wait a minute!,surprise,"[SPEAKER_Rachel] Oh my God! We are throwing the most depressing baby shower ever!
[SPEAKER_Monica] Wait a minute!","[SPEAKER_Rachel] Oh my God! We are throwing the most depressing baby shower ever!
[SPEAKER_Monica] Wait a minute!",surprise,6,6,surprise,True,0.070607714,0.009479616,0.022127947,0.060468905,0.10507051,0.03911433,0.69313097
53,9,Monica,"Unless, we give her all gifts she can use after she’s done being pregnant.",joy,"[SPEAKER_Monica] Wait a minute!
[SPEAKER_Monica] Unless, we give her all gifts she can use after she’s done being pregnant.","[SPEAKER_Monica] Wait a minute!
[SPEAKER_Monica] Unless, we give her all gifts she can use after she’s done being pregnant.",joy,3,4,neutral,False,0.0048494167,0.0018530505,0.0016132435,0.021887043,0.96544224,0.003799471,0.0005554832
53,10,Monica,"Like-like umm, regular coffee, Tequila.",neutral,"[SPEAKER_Monica] Unless, we give her all gifts she can use after she’s done being pregnant.
[SPEAKER_Monica] Like-like umm, regular coffee, Tequila.","[SPEAKER_Monica] Unless, we give her all gifts she can use after she’s done being pregnant.
[SPEAKER_Monica] Like-like umm, regular coffee, Tequila.",neutral,4,4,neutral,True,0.0148787405,0.019998167,0.0051394035,0.32801285,0.61691254,0.012108325,0.0029498844
53,11,Rachel,"Oh, and somebody can get those leather pants she’s always wanted!",joy,"[SPEAKER_Monica] Like-like umm, regular coffee, Tequila.
[SPEAKER_Rachel] Oh, and somebody can get those leather pants she’s always wanted!","[SPEAKER_Monica] Like-like umm, regular coffee, Tequila.
[SPEAKER_Rachel] Oh, and somebody can get those leather pants she’s always wanted!",joy,3,3,joy,True,0.014860499,0.0028827712,0.0014497025,0.8128478,0.15965198,0.0029306628,0.005376568
53,12,Monica,"Oh, she’s gonna love that!",joy,"[SPEAKER_Rachel] Oh, and somebody can get those leather pants she’s always wanted!
[SPEAKER_Monica] Oh, she’s gonna love that!","[SPEAKER_Rachel] Oh, and somebody can get those leather pants she’s always wanted!
[SPEAKER_Monica] Oh, she’s gonna love that!",joy,3,3,joy,True,0.0061172815,0.00085381774,0.00078009657,0.9734701,0.008685927,0.0025822497,0.0075105946
54,1,Rachel,"Yes your honor, and here are, are forms, all filled out.",neutral,"[SPEAKER_Judge] Okay you two are asking the court for an annulment?
[SPEAKER_Rachel] Yes your honor, and here are, are forms, all filled out.","[SPEAKER_Judge] Okay you two are asking the court for an annulment?
[SPEAKER_Rachel] Yes your honor, and here are, are forms, all filled out.",neutral,4,4,neutral,True,0.021318877,0.0023006918,0.0015699647,0.03196446,0.9385288,0.0032558248,0.0010613349
54,2,Judge,So based on your petition you are seeking an annulment on the grounds that Mr. Geller is mentally unstable.,neutral,"[SPEAKER_Rachel] Yes your honor, and here are, are forms, all filled out.
[SPEAKER_Judge] So based on your petition you are seeking an annulment on the grounds that Mr. Geller is mentally unstable.","[SPEAKER_Rachel] Yes your honor, and here are, are forms, all filled out.
[SPEAKER_Judge] So based on your petition you are seeking an annulment on the grounds that Mr. Geller is mentally unstable.",neutral,4,4,neutral,True,0.032951437,0.0071636075,0.002880945,0.0155178,0.93273216,0.0070575313,0.0016963762
54,3,Ross,"Fine, I’m mentally unstable.",anger,"[SPEAKER_Judge] So based on your petition you are seeking an annulment on the grounds that Mr. Geller is mentally unstable.
[SPEAKER_Ross] Fine, I’m mentally unstable.","[SPEAKER_Judge] So based on your petition you are seeking an annulment on the grounds that Mr. Geller is mentally unstable.
[SPEAKER_Ross] Fine, I’m mentally unstable.",anger,0,4,neutral,False,0.12939425,0.044889327,0.06564806,0.023656616,0.6709362,0.05904989,0.0064256242
54,4,Judge,And based on the fact that Mr. Geller is intravenous drug user.,neutral,"[SPEAKER_Ross] Fine, I’m mentally unstable.
[SPEAKER_Judge] And based on the fact that Mr. Geller is intravenous drug user.","[SPEAKER_Ross] Fine, I’m mentally unstable.
[SPEAKER_Judge] And based on the fact that Mr. Geller is intravenous drug user.",neutral,4,4,neutral,True,0.009961672,0.005798773,0.002675337,0.0069107227,0.96895075,0.0032575806,0.0024450957
54,5,Ross,What?!,surprise,"[SPEAKER_Judge] And based on the fact that Mr. Geller is intravenous drug user.
[SPEAKER_Ross] What?!","[SPEAKER_Judge] And based on the fact that Mr. Geller is intravenous drug user.
[SPEAKER_Ross] What?!",surprise,6,6,surprise,True,0.014761094,0.0017153732,0.0037884542,0.0043945853,0.03518716,0.00640902,0.9337444
54,6,Rachel,"Uh yes, heroin and crack.",neutral,"[SPEAKER_Ross] What?!
[SPEAKER_Rachel] Uh yes, heroin and crack.","[SPEAKER_Ross] What?!
[SPEAKER_Rachel] Uh yes, heroin and crack.",neutral,4,1,disgust,False,0.07627745,0.40842912,0.052528214,0.023095785,0.33789098,0.08475363,0.017024778
54,7,Ross,Crack isn’t even an intravenous drug!,anger,"[SPEAKER_Rachel] Uh yes, heroin and crack.
[SPEAKER_Ross] Crack isn’t even an intravenous drug!","[SPEAKER_Rachel] Uh yes, heroin and crack.
[SPEAKER_Ross] Crack isn’t even an intravenous drug!",anger,0,0,anger,True,0.7652008,0.061086435,0.028660938,0.018140186,0.059095312,0.029872432,0.03794384
54,8,Rachel,"Well, you would know.",neutral,"[SPEAKER_Ross] Crack isn’t even an intravenous drug!
[SPEAKER_Rachel] Well, you would know.","[SPEAKER_Ross] Crack isn’t even an intravenous drug!
[SPEAKER_Rachel] Well, you would know.",neutral,4,4,neutral,True,0.012275537,0.0036422305,0.0044813026,0.015358388,0.9567034,0.005482177,0.0020569912
54,9,Judge,Now it also says here that you lied about your sexual preference before marriage?,neutral,"[SPEAKER_Rachel] Well, you would know.
[SPEAKER_Judge] Now it also says here that you lied about your sexual preference before marriage?","[SPEAKER_Rachel] Well, you would know.
[SPEAKER_Judge] Now it also says here that you lied about your sexual preference before marriage?",neutral,4,0,anger,False,0.4417717,0.026134722,0.012290027,0.011024558,0.16639914,0.033074107,0.3093058
54,10,Ross,"Oh, come on!",sadness,"[SPEAKER_Judge] Now it also says here that you lied about your sexual preference before marriage?
[SPEAKER_Ross] Oh, come on!","[SPEAKER_Judge] Now it also says here that you lied about your sexual preference before marriage?
[SPEAKER_Ross] Oh, come on!",sadness,5,6,surprise,False,0.24708247,0.021503894,0.024906298,0.16046831,0.13091077,0.058120172,0.3570081
54,11,Rachel,"Ross, please, I found the magazines!",sadness,"[SPEAKER_Ross] Oh, come on!
[SPEAKER_Rachel] Ross, please, I found the magazines!","[SPEAKER_Ross] Oh, come on!
[SPEAKER_Rachel] Ross, please, I found the magazines!",sadness,5,3,joy,False,0.19705565,0.0054644607,0.0077371257,0.4369349,0.23713209,0.01722831,0.09844745
55,1,Rachel,"I mean, you live alone, you don't walk around naked.",neutral,"[SPEAKER_Rachel] Phoebe just because I'm alone doesn’t mean I wanna walk around naked.
[SPEAKER_Rachel] I mean, you live alone, you don't walk around naked.","[SPEAKER_Rachel] Phoebe just because I'm alone doesn’t mean I wanna walk around naked.
[SPEAKER_Rachel] I mean, you live alone, you don't walk around naked.",neutral,4,4,neutral,True,0.07477567,0.03571378,0.01791516,0.03534049,0.78784543,0.019825803,0.028583739
55,2,Phoebe,Uh-huh! Why do you think it takes me so long to answer the door?,joy,"[SPEAKER_Rachel] I mean, you live alone, you don't walk around naked.
[SPEAKER_Phoebe] Uh-huh! Why do you think it takes me so long to answer the door?","[SPEAKER_Rachel] I mean, you live alone, you don't walk around naked.
[SPEAKER_Phoebe] Uh-huh! Why do you think it takes me so long to answer the door?",joy,3,6,surprise,False,0.053176705,0.0082721785,0.011153142,0.02337442,0.04249426,0.024121583,0.83740765
56,1,Ross,"Oh sure, come here!  Sure you can! Uh, look come here look,  it’s-it’s-it’s, it’s right there .",neutral,"[SPEAKER_Rachel] I know, I lied! I didn’t want her to think I was a terrible mother! I can’t even see my own baby!
[SPEAKER_Ross] Oh sure, come here!  Sure you can! Uh, look come here look,  it’s-it’s-it’s, it’s right there .","[SPEAKER_Rachel] I know, I lied! I didn’t want her to think I was a terrible mother! I can’t even see my own baby!
[SPEAKER_Ross] Oh sure, come here!  Sure you can! Uh, look come here look,  it’s-it’s-it’s, it’s right there .",neutral,4,3,joy,False,0.24562074,0.011583626,0.13818257,0.36959332,0.17619345,0.04137383,0.017452393
56,2,Rachel,"Oh. Oh, it’s beautiful. I see it now.",joy,"[SPEAKER_Ross] Oh sure, come here!  Sure you can! Uh, look come here look,  it’s-it’s-it’s, it’s right there .
[SPEAKER_Rachel] Oh. Oh, it’s beautiful. I see it now.","[SPEAKER_Ross] Oh sure, come here!  Sure you can! Uh, look come here look,  it’s-it’s-it’s, it’s right there .
[SPEAKER_Rachel] Oh. Oh, it’s beautiful. I see it now.",joy,3,4,neutral,False,0.036542002,0.01340023,0.056672644,0.3199567,0.38525993,0.055377886,0.13279055
56,3,Ross,Do you really?,neutral,"[SPEAKER_Rachel] Oh. Oh, it’s beautiful. I see it now.
[SPEAKER_Ross] Do you really?","[SPEAKER_Rachel] Oh. Oh, it’s beautiful. I see it now.
[SPEAKER_Ross] Do you really?",neutral,4,6,surprise,False,0.007934231,0.0014046383,0.0061747762,0.018480448,0.043366533,0.0069334023,0.91570604
56,4,Rachel,"No, I don’t see it!",anger,"[SPEAKER_Ross] Do you really?
[SPEAKER_Rachel] No, I don’t see it!","[SPEAKER_Ross] Do you really?
[SPEAKER_Rachel] No, I don’t see it!",anger,0,6,surprise,False,0.06358655,0.016006438,0.23697838,0.102510095,0.14281075,0.08802242,0.35008535
56,5,Ross,"Come on! Come on! Here, okay-okay, you see this?  This tiny thing that looks like a peanut?",joy,"[SPEAKER_Rachel] No, I don’t see it!
[SPEAKER_Ross] Come on! Come on! Here, okay-okay, you see this?  This tiny thing that looks like a peanut?","[SPEAKER_Rachel] No, I don’t see it!
[SPEAKER_Ross] Come on! Come on! Here, okay-okay, you see this?  This tiny thing that looks like a peanut?",joy,3,6,surprise,False,0.07718814,0.0053591332,0.016884513,0.099415705,0.11910865,0.016586056,0.6654578
56,6,Rachel,Yeah.,neutral,"[SPEAKER_Ross] Come on! Come on! Here, okay-okay, you see this?  This tiny thing that looks like a peanut?
[SPEAKER_Rachel] Yeah.","[SPEAKER_Ross] Come on! Come on! Here, okay-okay, you see this?  This tiny thing that looks like a peanut?
[SPEAKER_Rachel] Yeah.",neutral,4,4,neutral,True,0.0044939634,0.0012536813,0.0020436165,0.026828745,0.9594728,0.0043592476,0.0015481235
56,7,Ross,Sweetie that’s it.,joy,"[SPEAKER_Rachel] Yeah.
[SPEAKER_Ross] Sweetie that’s it.","[SPEAKER_Rachel] Yeah.
[SPEAKER_Ross] Sweetie that’s it.",joy,3,4,neutral,False,0.0038839404,0.0019264598,0.0017851569,0.044414554,0.9424322,0.0046749376,0.0008826989
56,8,Rachel,"That’s it? Well I saw that! Ohh-ohh-oh, thank you.",joy,"[SPEAKER_Ross] Sweetie that’s it.
[SPEAKER_Rachel] That’s it? Well I saw that! Ohh-ohh-oh, thank you.","[SPEAKER_Ross] Sweetie that’s it.
[SPEAKER_Rachel] That’s it? Well I saw that! Ohh-ohh-oh, thank you.",joy,3,6,surprise,False,0.037597492,0.0053467983,0.035564017,0.3293116,0.11610974,0.025655475,0.4504148
56,9,Ross,You’re welcome.,neutral,"[SPEAKER_Rachel] That’s it? Well I saw that! Ohh-ohh-oh, thank you.
[SPEAKER_Ross] You’re welcome.","[SPEAKER_Rachel] That’s it? Well I saw that! Ohh-ohh-oh, thank you.
[SPEAKER_Ross] You’re welcome.",neutral,4,4,neutral,True,0.0032815933,0.00092959503,0.0011046412,0.038905162,0.9515835,0.003299852,0.00089555926
56,10,Rachel,Wow! I can’t believe that’s our baby.,surprise,"[SPEAKER_Ross] You’re welcome.
[SPEAKER_Rachel] Wow! I can’t believe that’s our baby.","[SPEAKER_Ross] You’re welcome.
[SPEAKER_Rachel] Wow! I can’t believe that’s our baby.",surprise,6,6,surprise,True,0.005055929,0.002534249,0.003194056,0.015519278,0.006532412,0.0063511822,0.9608129
56,11,Ross,"Yeah, that’s our baby.",joy,"[SPEAKER_Rachel] Wow! I can’t believe that’s our baby.
[SPEAKER_Ross] Yeah, that’s our baby.","[SPEAKER_Rachel] Wow! I can’t believe that’s our baby.
[SPEAKER_Ross] Yeah, that’s our baby.",joy,3,3,joy,True,0.014617353,0.003990484,0.003502325,0.8053876,0.14812021,0.020283695,0.0040983357
57,1,Chandler,"We were playing Gin? Y'know if we were a couple, we could play this game naked.",joy,"[SPEAKER_Monica] Gin.
[SPEAKER_Chandler] We were playing Gin? Y'know if we were a couple, we could play this game naked.","[SPEAKER_Monica] Gin.
[SPEAKER_Chandler] We were playing Gin? Y'know if we were a couple, we could play this game naked.",joy,3,4,neutral,False,0.008070333,0.004449198,0.0016403744,0.040374763,0.9419299,0.0017990045,0.0017364231
57,2,Monica,Will you stop!,joy,"[SPEAKER_Chandler] We were playing Gin? Y'know if we were a couple, we could play this game naked.
[SPEAKER_Monica] Will you stop!","[SPEAKER_Chandler] We were playing Gin? Y'know if we were a couple, we could play this game naked.
[SPEAKER_Monica] Will you stop!",joy,3,0,anger,False,0.7366006,0.014994905,0.07209115,0.061910972,0.06673956,0.022246,0.025416888
57,3,Chandler,Okay. All right.,neutral,"[SPEAKER_Monica] Will you stop!
[SPEAKER_Chandler] Okay. All right.","[SPEAKER_Monica] Will you stop!
[SPEAKER_Chandler] Okay. All right.",neutral,4,4,neutral,True,0.0074933157,0.0012093114,0.0017338279,0.010725441,0.9752797,0.002800802,0.0007575891
57,4,Monica,"Okay, all right, I think you’re great, I think you’re sweet, and you’re smart, and I love you.",joy,"[SPEAKER_Chandler] Okay. All right.
[SPEAKER_Monica] Okay, all right, I think you’re great, I think you’re sweet, and you’re smart, and I love you.","[SPEAKER_Chandler] Okay. All right.
[SPEAKER_Monica] Okay, all right, I think you’re great, I think you’re sweet, and you’re smart, and I love you.",joy,3,3,joy,True,0.006749126,0.0007875646,0.0010433501,0.9649407,0.017176257,0.0056440104,0.0036589405
57,5,Monica,But you will always be the guy who peed on me.,disgust,"[SPEAKER_Monica] Okay, all right, I think you’re great, I think you’re sweet, and you’re smart, and I love you.
[SPEAKER_Monica] But you will always be the guy who peed on me.","[SPEAKER_Monica] Okay, all right, I think you’re great, I think you’re sweet, and you’re smart, and I love you.
[SPEAKER_Monica] But you will always be the guy who peed on me.",disgust,1,5,sadness,False,0.18034486,0.09314802,0.03923809,0.12511325,0.03751861,0.51894563,0.0056915344
58,1,Monica,Hey!,joy,"[SPEAKER_Chandler] Hey!
[SPEAKER_Monica] Hey!","[SPEAKER_Chandler] Hey!
[SPEAKER_Monica] Hey!",joy,3,3,joy,True,0.05271214,0.0037550575,0.005267415,0.6444817,0.15840079,0.009847456,0.12553544
58,2,Chandler,Let me tell you about this chick I scored with last night! Oh no wait a minute that was you!,joy,"[SPEAKER_Monica] Hey!
[SPEAKER_Chandler] Let me tell you about this chick I scored with last night! Oh no wait a minute that was you!","[SPEAKER_Monica] Hey!
[SPEAKER_Chandler] Let me tell you about this chick I scored with last night! Oh no wait a minute that was you!",joy,3,3,joy,True,0.066361755,0.0039715013,0.0035924648,0.76147413,0.065962784,0.0068102605,0.09182701
58,3,Monica,"Hey, check me out, I’m a slut!",joy,"[SPEAKER_Chandler] Let me tell you about this chick I scored with last night! Oh no wait a minute that was you!
[SPEAKER_Monica] Hey, check me out, I’m a slut!","[SPEAKER_Chandler] Let me tell you about this chick I scored with last night! Oh no wait a minute that was you!
[SPEAKER_Monica] Hey, check me out, I’m a slut!",joy,3,0,anger,False,0.6724872,0.19700207,0.017819043,0.013200732,0.010374045,0.07053165,0.018585283
58,4,Chandler,"So you uh, want to do something tonight?",neutral,"[SPEAKER_Monica] Hey, check me out, I’m a slut!
[SPEAKER_Chandler] So you uh, want to do something tonight?","[SPEAKER_Monica] Hey, check me out, I’m a slut!
[SPEAKER_Chandler] So you uh, want to do something tonight?",neutral,4,4,neutral,True,0.0044565224,0.0022249103,0.004641394,0.0126017,0.9697706,0.005134934,0.0011700004
58,5,Monica,Oh I can’t. Dr. Roger is coming over again.,neutral,"[SPEAKER_Chandler] So you uh, want to do something tonight?
[SPEAKER_Monica] Oh I can’t. Dr. Roger is coming over again.","[SPEAKER_Chandler] So you uh, want to do something tonight?
[SPEAKER_Monica] Oh I can’t. Dr. Roger is coming over again.",neutral,4,4,neutral,True,0.0057623177,0.0014644071,0.0048486684,0.08052412,0.8923048,0.0061229523,0.00897278
58,6,Chandler,Oh.,neutral,"[SPEAKER_Monica] Oh I can’t. Dr. Roger is coming over again.
[SPEAKER_Chandler] Oh.","[SPEAKER_Monica] Oh I can’t. Dr. Roger is coming over again.
[SPEAKER_Chandler] Oh.",neutral,4,4,neutral,True,0.013135242,0.013047512,0.08127503,0.05102125,0.7346277,0.08857919,0.018314114
58,7,Chandler,Oh right!,surprise,"[SPEAKER_Chandler] Oh.
[SPEAKER_Chandler] Oh right!","[SPEAKER_Chandler] Oh.
[SPEAKER_Chandler] Oh right!",surprise,6,3,joy,False,0.010972127,0.00093631574,0.0014974583,0.92367536,0.043402053,0.0032808383,0.016235886
58,8,Chandler,Right!,surprise,"[SPEAKER_Chandler] Oh right!
[SPEAKER_Chandler] Right!","[SPEAKER_Chandler] Oh right!
[SPEAKER_Chandler] Right!",surprise,6,3,joy,False,0.0150294,0.0008684673,0.001309043,0.94088775,0.025445685,0.0028658342,0.013593791
58,9,Chandler,"Because you’re still seeing him and uh, he’s a good guy.",sadness,"[SPEAKER_Chandler] Right!
[SPEAKER_Chandler] Because you’re still seeing him and uh, he’s a good guy.","[SPEAKER_Chandler] Right!
[SPEAKER_Chandler] Because you’re still seeing him and uh, he’s a good guy.",sadness,5,4,neutral,False,0.020674778,0.00829141,0.017042173,0.037427917,0.88751084,0.02297718,0.0060756383
58,10,Chandler,"I mean, I remember a time when",sadness,"[SPEAKER_Chandler] Because you’re still seeing him and uh, he’s a good guy.
[SPEAKER_Chandler] I mean, I remember a time when","[SPEAKER_Chandler] Because you’re still seeing him and uh, he’s a good guy.
[SPEAKER_Chandler] I mean, I remember a time when",sadness,5,4,neutral,False,0.032037694,0.004877778,0.007658845,0.19409408,0.71064484,0.021646142,0.029040653
58,11,Monica,Are you okay?,neutral,"[SPEAKER_Chandler] I mean, I remember a time when
[SPEAKER_Monica] Are you okay?","[SPEAKER_Chandler] I mean, I remember a time when
[SPEAKER_Monica] Are you okay?",neutral,4,4,neutral,True,0.03486519,0.0013567882,0.007540031,0.022505034,0.8188858,0.0068960646,0.10795102
58,12,Chandler,"Yeah! Totally! Totally, and you?",joy,"[SPEAKER_Monica] Are you okay?
[SPEAKER_Chandler] Yeah! Totally! Totally, and you?","[SPEAKER_Monica] Are you okay?
[SPEAKER_Chandler] Yeah! Totally! Totally, and you?",joy,3,3,joy,True,0.022880502,0.0023323658,0.002869468,0.8040162,0.06036122,0.0054736272,0.10206664
58,13,Monica,"Great! It’s so amazing! I mean, last time Dr. Roger came over, I was",joy,"[SPEAKER_Chandler] Yeah! Totally! Totally, and you?
[SPEAKER_Monica] Great! It’s so amazing! I mean, last time Dr. Roger came over, I was","[SPEAKER_Chandler] Yeah! Totally! Totally, and you?
[SPEAKER_Monica] Great! It’s so amazing! I mean, last time Dr. Roger came over, I was",joy,3,3,joy,True,0.021864684,0.002180993,0.0017907949,0.8938055,0.015769858,0.004937701,0.059650443
58,14,Chandler,I bet he can.,neutral,"[SPEAKER_Monica] Great! It’s so amazing! I mean, last time Dr. Roger came over, I was
[SPEAKER_Chandler] I bet he can.","[SPEAKER_Monica] Great! It’s so amazing! I mean, last time Dr. Roger came over, I was
[SPEAKER_Chandler] I bet he can.",neutral,4,4,neutral,True,0.0035795572,0.0018137651,0.0014451945,0.024318578,0.9640807,0.004185697,0.00057654607
58,15,Monica,"Y’know, I don’t have an appointment, but I sure could use a physical.  Are you sure you’re okay?",neutral,"[SPEAKER_Chandler] I bet he can.
[SPEAKER_Monica] Y’know, I don’t have an appointment, but I sure could use a physical.  Are you sure you’re okay?","[SPEAKER_Chandler] I bet he can.
[SPEAKER_Monica] Y’know, I don’t have an appointment, but I sure could use a physical.  Are you sure you’re okay?",neutral,4,4,neutral,True,0.00924203,0.002402006,0.003787886,0.04272874,0.9351427,0.003988795,0.0027078518
58,16,Chandler,"Oh yeah! Yeah! Don’t worry about me, I’ll be fine!",sadness,"[SPEAKER_Monica] Y’know, I don’t have an appointment, but I sure could use a physical.  Are you sure you’re okay?
[SPEAKER_Chandler] Oh yeah! Yeah! Don’t worry about me, I’ll be fine!","[SPEAKER_Monica] Y’know, I don’t have an appointment, but I sure could use a physical.  Are you sure you’re okay?
[SPEAKER_Chandler] Oh yeah! Yeah! Don’t worry about me, I’ll be fine!",sadness,5,3,joy,False,0.035737943,0.0033744243,0.01058662,0.5743643,0.36478147,0.007696567,0.0034586461
59,1,Rachel,"Oh, I guess. Except everything looks like jammies now.",neutral,"[SPEAKER_Ross] You got the clothes clean. Now that's the important part.
[SPEAKER_Rachel] Oh, I guess. Except everything looks like jammies now.","[SPEAKER_Ross] You got the clothes clean. Now that's the important part.
[SPEAKER_Rachel] Oh, I guess. Except everything looks like jammies now.",neutral,4,4,neutral,True,0.0043034526,0.005085273,0.005328152,0.015435143,0.94893044,0.007148081,0.013769459
59,2,Rachel,"Whoa, I'm sorry. Excuse me. We had this cart.",anger,"[SPEAKER_Rachel] Oh, I guess. Except everything looks like jammies now.
[SPEAKER_Rachel] Whoa, I'm sorry. Excuse me. We had this cart.","[SPEAKER_Rachel] Oh, I guess. Except everything looks like jammies now.
[SPEAKER_Rachel] Whoa, I'm sorry. Excuse me. We had this cart.",anger,0,6,surprise,False,0.009241578,0.0018011088,0.00397275,0.017793313,0.08299253,0.0072472016,0.8769515
60,1,Janice,"Oh, Chandler, look. You and Monica are meant to have children.    I am sure it's gonna be just fine.",neutral,"[SPEAKER_Chandler] Yeah, but what if it's not? What if there    is a reason why we can't have a baby?
[SPEAKER_Janice] Oh, Chandler, look. You and Monica are meant to have children.    I am sure it's gonna be just fine.","[SPEAKER_Chandler] Yeah, but what if it's not? What if there    is a reason why we can't have a baby?
[SPEAKER_Janice] Oh, Chandler, look. You and Monica are meant to have children.    I am sure it's gonna be just fine.",neutral,4,4,neutral,True,0.024038076,0.0065944283,0.017060734,0.10566442,0.7659808,0.07906088,0.0016006904
60,2,Chandler,"oh, oh, yeah, ok, thanks.",joy,"[SPEAKER_Janice] Oh, Chandler, look. You and Monica are meant to have children.    I am sure it's gonna be just fine.
[SPEAKER_Chandler] oh, oh, yeah, ok, thanks.","[SPEAKER_Janice] Oh, Chandler, look. You and Monica are meant to have children.    I am sure it's gonna be just fine.
[SPEAKER_Chandler] oh, oh, yeah, ok, thanks.",joy,3,4,neutral,False,0.007726732,0.005263713,0.012912559,0.24665259,0.6438833,0.08075377,0.002807311
60,3,Chandler,I can't believe    I didn't even think of that.,surprise,"[SPEAKER_Chandler] oh, oh, yeah, ok, thanks.
[SPEAKER_Chandler] I can't believe    I didn't even think of that.","[SPEAKER_Chandler] oh, oh, yeah, ok, thanks.
[SPEAKER_Chandler] I can't believe    I didn't even think of that.",surprise,6,6,surprise,True,0.017768795,0.003966335,0.005841539,0.034177504,0.020749385,0.013963416,0.903533
60,4,Chandler,I guess I was just so worried about having to...    come here and do... 'that'...,sadness,"[SPEAKER_Chandler] I can't believe    I didn't even think of that.
[SPEAKER_Chandler] I guess I was just so worried about having to...    come here and do... 'that'...","[SPEAKER_Chandler] I can't believe    I didn't even think of that.
[SPEAKER_Chandler] I guess I was just so worried about having to...    come here and do... 'that'...",sadness,5,2,fear,False,0.07377542,0.018592577,0.38153276,0.061338436,0.079465866,0.37329504,0.011999823
60,5,Janice,"What, you can do it in the parking lot of a Taco Bell, but you    can't do it at a doctor's office?",anger,"[SPEAKER_Chandler] I guess I was just so worried about having to...    come here and do... 'that'...
[SPEAKER_Janice] What, you can do it in the parking lot of a Taco Bell, but you    can't do it at a doctor's office?","[SPEAKER_Chandler] I guess I was just so worried about having to...    come here and do... 'that'...
[SPEAKER_Janice] What, you can do it in the parking lot of a Taco Bell, but you    can't do it at a doctor's office?",anger,0,6,surprise,False,0.09637925,0.01063076,0.029051278,0.041390073,0.13434644,0.03638122,0.651821
60,6,Chandler,"It was a ""Wendy's!!    """,anger,"[SPEAKER_Janice] What, you can do it in the parking lot of a Taco Bell, but you    can't do it at a doctor's office?
[SPEAKER_Chandler] It was a ""Wendy's!!    ""","[SPEAKER_Janice] What, you can do it in the parking lot of a Taco Bell, but you    can't do it at a doctor's office?
[SPEAKER_Chandler] It was a ""Wendy's!!    """,anger,0,3,joy,False,0.10408666,0.016068663,0.0051616663,0.62405115,0.0600381,0.017635548,0.17295825
61,1,Monica,"Look, not that I enjoy talking about people who I went to high school with, ‘cause I do, but umm, maybe we could talk about something else?",disgust,"[SPEAKER_Chip] ...and then Zana, just let one rip!!
[SPEAKER_Monica] Look, not that I enjoy talking about people who I went to high school with, ‘cause I do, but umm, maybe we could talk about something else?","[SPEAKER_Chip] ...and then Zana, just let one rip!!
[SPEAKER_Monica] Look, not that I enjoy talking about people who I went to high school with, ‘cause I do, but umm, maybe we could talk about something else?",disgust,1,4,neutral,False,0.23144636,0.081858754,0.027418861,0.030375117,0.5421254,0.082714245,0.0040612067
61,2,Monica,"Like you, I don’t even know where you work?",surprise,"[SPEAKER_Monica] Look, not that I enjoy talking about people who I went to high school with, ‘cause I do, but umm, maybe we could talk about something else?
[SPEAKER_Monica] Like you, I don’t even know where you work?","[SPEAKER_Monica] Look, not that I enjoy talking about people who I went to high school with, ‘cause I do, but umm, maybe we could talk about something else?
[SPEAKER_Monica] Like you, I don’t even know where you work?",surprise,6,0,anger,False,0.45849887,0.029781815,0.032043654,0.025309894,0.063268945,0.07666459,0.3144322
62,1,Chandler,"Yeah. Well, I think our second fight is going to be a",anger,"[SPEAKER_Kathy] Yeah.
[SPEAKER_Chandler] Yeah. Well, I think our second fight is going to be a","[SPEAKER_Kathy] Yeah.
[SPEAKER_Chandler] Yeah. Well, I think our second fight is going to be a",anger,0,4,neutral,False,0.025912758,0.0024680544,0.004345512,0.2250884,0.7267567,0.00906694,0.0063616214
63,1,Ross,Hey!,neutral,"[SPEAKER_Phoebe] Hey.
[SPEAKER_Ross] Hey!","[SPEAKER_Phoebe] Hey.
[SPEAKER_Ross] Hey!",neutral,4,3,joy,False,0.05050269,0.0038725503,0.0049159518,0.56828237,0.17122377,0.009857177,0.1913455
64,1,Ross,"Well, I was going to stick it in the ATM, but now I think I’ll show the sexy teller that I am a published writer.",neutral,"[SPEAKER_Chandler] So, you stole my joke, and you stole my money.
[SPEAKER_Ross] Well, I was going to stick it in the ATM, but now I think I’ll show the sexy teller that I am a published writer.","[SPEAKER_Chandler] So, you stole my joke, and you stole my money.
[SPEAKER_Ross] Well, I was going to stick it in the ATM, but now I think I’ll show the sexy teller that I am a published writer.",neutral,4,4,neutral,True,0.018971782,0.014987636,0.004143977,0.07183065,0.8776168,0.011158476,0.0012905933
64,2,Chandler,"Well, she is going to know that you stole the joke.",anger,"[SPEAKER_Ross] Well, I was going to stick it in the ATM, but now I think I’ll show the sexy teller that I am a published writer.
[SPEAKER_Chandler] Well, she is going to know that you stole the joke.","[SPEAKER_Ross] Well, I was going to stick it in the ATM, but now I think I’ll show the sexy teller that I am a published writer.
[SPEAKER_Chandler] Well, she is going to know that you stole the joke.",anger,0,0,anger,True,0.40326038,0.029119117,0.00798355,0.27238244,0.15832739,0.07994967,0.04897745
64,3,Ross,"Oh, what are you going to do, follow me down there?",anger,"[SPEAKER_Chandler] Well, she is going to know that you stole the joke.
[SPEAKER_Ross] Oh, what are you going to do, follow me down there?","[SPEAKER_Chandler] Well, she is going to know that you stole the joke.
[SPEAKER_Ross] Oh, what are you going to do, follow me down there?",anger,0,4,neutral,False,0.1361964,0.009428096,0.062726885,0.049730927,0.5050856,0.027054707,0.2097774
64,4,Chandler,Yeah!,anger,"[SPEAKER_Ross] Oh, what are you going to do, follow me down there?
[SPEAKER_Chandler] Yeah!","[SPEAKER_Ross] Oh, what are you going to do, follow me down there?
[SPEAKER_Chandler] Yeah!",anger,0,3,joy,False,0.037291136,0.0019623807,0.00366202,0.824298,0.10180343,0.0067823334,0.024200706
64,5,Ross,"Well, I’m not going to go now anyway .",neutral,"[SPEAKER_Chandler] Yeah!
[SPEAKER_Ross] Well, I’m not going to go now anyway .","[SPEAKER_Chandler] Yeah!
[SPEAKER_Ross] Well, I’m not going to go now anyway .",neutral,4,4,neutral,True,0.07298904,0.009591068,0.015721478,0.058257658,0.81119514,0.02915898,0.003086689
64,6,Chandler,Okay .,neutral,"[SPEAKER_Ross] Well, I’m not going to go now anyway .
[SPEAKER_Chandler] Okay .","[SPEAKER_Ross] Well, I’m not going to go now anyway .
[SPEAKER_Chandler] Okay .",neutral,4,4,neutral,True,0.010721543,0.0017855049,0.0026554528,0.02014305,0.9596364,0.003949691,0.0011083877
64,7,Gunther,Here you go.,neutral,"[SPEAKER_Chandler] Okay .
[SPEAKER_Gunther] Here you go.","[SPEAKER_Chandler] Okay .
[SPEAKER_Gunther] Here you go.",neutral,4,4,neutral,True,0.0055836183,0.002334067,0.0015228848,0.011171034,0.97645915,0.0023212864,0.0006080346
64,8,Joey,"Ah, Gunther, I can’t pay for this right now because I’m not working, so I’ve had to cut down on some luxuries like uh, payin’ for stuff.",neutral,"[SPEAKER_Gunther] Here you go.
[SPEAKER_Joey] Ah, Gunther, I can’t pay for this right now because I’m not working, so I’ve had to cut down on some luxuries like uh, payin’ for stuff.","[SPEAKER_Gunther] Here you go.
[SPEAKER_Joey] Ah, Gunther, I can’t pay for this right now because I’m not working, so I’ve had to cut down on some luxuries like uh, payin’ for stuff.",neutral,4,4,neutral,True,0.018800855,0.018725073,0.021886986,0.029001541,0.8620117,0.047107484,0.0024663717
64,9,Gunther,"Well, if you want, you can work here.",neutral,"[SPEAKER_Joey] Ah, Gunther, I can’t pay for this right now because I’m not working, so I’ve had to cut down on some luxuries like uh, payin’ for stuff.
[SPEAKER_Gunther] Well, if you want, you can work here.","[SPEAKER_Joey] Ah, Gunther, I can’t pay for this right now because I’m not working, so I’ve had to cut down on some luxuries like uh, payin’ for stuff.
[SPEAKER_Gunther] Well, if you want, you can work here.",neutral,4,4,neutral,True,0.007949578,0.0050899503,0.002314537,0.015970353,0.9646923,0.003308239,0.0006749795
64,10,Joey,"Uh, I don’t know.",neutral,"[SPEAKER_Gunther] Well, if you want, you can work here.
[SPEAKER_Joey] Uh, I don’t know.","[SPEAKER_Gunther] Well, if you want, you can work here.
[SPEAKER_Joey] Uh, I don’t know.",neutral,4,4,neutral,True,0.0067975502,0.003069703,0.04415948,0.030233378,0.8866899,0.023129491,0.005920501
64,11,Joey,"Ya see, it’s just, see I was a regular on a soap opera y’know?",neutral,"[SPEAKER_Joey] Uh, I don’t know.
[SPEAKER_Joey] Ya see, it’s just, see I was a regular on a soap opera y’know?","[SPEAKER_Joey] Uh, I don’t know.
[SPEAKER_Joey] Ya see, it’s just, see I was a regular on a soap opera y’know?",neutral,4,4,neutral,True,0.026895706,0.003335465,0.008572472,0.077443086,0.85985994,0.013362215,0.010531055
64,12,Joey,"And to go from that to this, I just… Plus, I’d have to wait on all my friends.",sadness,"[SPEAKER_Joey] Ya see, it’s just, see I was a regular on a soap opera y’know?
[SPEAKER_Joey] And to go from that to this, I just… Plus, I’d have to wait on all my friends.","[SPEAKER_Joey] Ya see, it’s just, see I was a regular on a soap opera y’know?
[SPEAKER_Joey] And to go from that to this, I just… Plus, I’d have to wait on all my friends.",sadness,5,4,neutral,False,0.023989685,0.004768289,0.018348223,0.061746147,0.847708,0.041513883,0.0019257234
64,13,Gunther,"Okay, but the money’s good, plus you get to stare at Rachel as much as you want.",neutral,"[SPEAKER_Joey] And to go from that to this, I just… Plus, I’d have to wait on all my friends.
[SPEAKER_Gunther] Okay, but the money’s good, plus you get to stare at Rachel as much as you want.","[SPEAKER_Joey] And to go from that to this, I just… Plus, I’d have to wait on all my friends.
[SPEAKER_Gunther] Okay, but the money’s good, plus you get to stare at Rachel as much as you want.",neutral,4,4,neutral,True,0.010078833,0.0051384037,0.0019940103,0.008984773,0.9688645,0.0032067972,0.0017326955
64,14,Joey,What?!,surprise,"[SPEAKER_Gunther] Okay, but the money’s good, plus you get to stare at Rachel as much as you want.
[SPEAKER_Joey] What?!","[SPEAKER_Gunther] Okay, but the money’s good, plus you get to stare at Rachel as much as you want.
[SPEAKER_Joey] What?!",surprise,6,6,surprise,True,0.008911092,0.0014786421,0.0031647522,0.003122961,0.021293707,0.0047892276,0.95723957
64,15,Gunther,Flexible hours.,neutral,"[SPEAKER_Joey] What?!
[SPEAKER_Gunther] Flexible hours.","[SPEAKER_Joey] What?!
[SPEAKER_Gunther] Flexible hours.",neutral,4,4,neutral,True,0.0076123034,0.0024628735,0.0011490529,0.0105525525,0.97454166,0.0021414608,0.0015399934
64,16,Joey,Maybe I could be a waiter. Could I use the phone?,neutral,"[SPEAKER_Gunther] Flexible hours.
[SPEAKER_Joey] Maybe I could be a waiter. Could I use the phone?","[SPEAKER_Gunther] Flexible hours.
[SPEAKER_Joey] Maybe I could be a waiter. Could I use the phone?",neutral,4,4,neutral,True,0.0030284896,0.0008503246,0.001212102,0.008282278,0.9833183,0.0020434947,0.0012650446
65,1,Phoebe,"All right, so, what are we supposed to call you?",neutral,"[SPEAKER_Chandler] I have no name.
[SPEAKER_Phoebe] All right, so, what are we supposed to call you?","[SPEAKER_Chandler] I have no name.
[SPEAKER_Phoebe] All right, so, what are we supposed to call you?",neutral,4,4,neutral,True,0.038055263,0.002119175,0.007108451,0.011909264,0.87798506,0.007093363,0.055729404
65,2,Chandler,"Okay uh, for now, temporarily, you can call me, Clint.",neutral,"[SPEAKER_Phoebe] All right, so, what are we supposed to call you?
[SPEAKER_Chandler] Okay uh, for now, temporarily, you can call me, Clint.","[SPEAKER_Phoebe] All right, so, what are we supposed to call you?
[SPEAKER_Chandler] Okay uh, for now, temporarily, you can call me, Clint.",neutral,4,4,neutral,True,0.008665884,0.002741804,0.0042615267,0.012093779,0.9648685,0.0066644014,0.0007040622
65,3,Joey,No way are you cool enough to pull of Clint.,disgust,"[SPEAKER_Chandler] Okay uh, for now, temporarily, you can call me, Clint.
[SPEAKER_Joey] No way are you cool enough to pull of Clint.","[SPEAKER_Chandler] Okay uh, for now, temporarily, you can call me, Clint.
[SPEAKER_Joey] No way are you cool enough to pull of Clint.",disgust,1,4,neutral,False,0.09014989,0.015039561,0.007049889,0.14196,0.701564,0.013094778,0.031141827
65,4,Chandler,"Okay, so what name am I cool enough to pull off?",surprise,"[SPEAKER_Joey] No way are you cool enough to pull of Clint.
[SPEAKER_Chandler] Okay, so what name am I cool enough to pull off?","[SPEAKER_Joey] No way are you cool enough to pull of Clint.
[SPEAKER_Chandler] Okay, so what name am I cool enough to pull off?",surprise,6,4,neutral,False,0.064046524,0.002178905,0.0034625784,0.030546915,0.88693255,0.0045623165,0.0082702665
65,5,Phoebe,"Umm, Gene.",neutral,"[SPEAKER_Chandler] Okay, so what name am I cool enough to pull off?
[SPEAKER_Phoebe] Umm, Gene.","[SPEAKER_Chandler] Okay, so what name am I cool enough to pull off?
[SPEAKER_Phoebe] Umm, Gene.",neutral,4,4,neutral,True,0.002310967,0.0007685279,0.001115486,0.005187972,0.9884978,0.0014128701,0.0007064259
65,6,Chandler,It’s Clint. It’s Clint!,anger,"[SPEAKER_Phoebe] Umm, Gene.
[SPEAKER_Chandler] It’s Clint. It’s Clint!","[SPEAKER_Phoebe] Umm, Gene.
[SPEAKER_Chandler] It’s Clint. It’s Clint!",anger,0,3,joy,False,0.05654162,0.0036963928,0.007965059,0.5841065,0.24021064,0.0140254,0.09345435
65,7,Joey,"See you later, Gene.",neutral,"[SPEAKER_Chandler] It’s Clint. It’s Clint!
[SPEAKER_Joey] See you later, Gene.","[SPEAKER_Chandler] It’s Clint. It’s Clint!
[SPEAKER_Joey] See you later, Gene.",neutral,4,4,neutral,True,0.004605337,0.0014800396,0.0007144459,0.015869642,0.97488946,0.001725356,0.0007157481
65,8,Phoebe,"Bye, Gene.",neutral,"[SPEAKER_Joey] See you later, Gene.
[SPEAKER_Phoebe] Bye, Gene.","[SPEAKER_Joey] See you later, Gene.
[SPEAKER_Phoebe] Bye, Gene.",neutral,4,4,neutral,True,0.0053933747,0.0015379005,0.0014218943,0.06521872,0.91937006,0.0058957236,0.0011623361
65,9,Chandler,It’s Clint!,anger,"[SPEAKER_Phoebe] Bye, Gene.
[SPEAKER_Chandler] It’s Clint!","[SPEAKER_Phoebe] Bye, Gene.
[SPEAKER_Chandler] It’s Clint!",anger,0,3,joy,False,0.033780463,0.002069018,0.0037957523,0.59443974,0.31257942,0.006771741,0.046563894
65,10,Joey,What’s up with Gene?,surprise,"[SPEAKER_Chandler] It’s Clint!
[SPEAKER_Joey] What’s up with Gene?","[SPEAKER_Chandler] It’s Clint!
[SPEAKER_Joey] What’s up with Gene?",surprise,6,4,neutral,False,0.007973687,0.0008014448,0.0011948212,0.011554803,0.9708601,0.001680397,0.0059347707
66,1,Flight Attendant,Thank you!  Enjoy your flight?,joy,"[SPEAKER_Flight Attendant] Welcome to Las Vegas.
[SPEAKER_Flight Attendant] Thank you!  Enjoy your flight?","[SPEAKER_Flight Attendant] Welcome to Las Vegas.
[SPEAKER_Flight Attendant] Thank you!  Enjoy your flight?",joy,3,3,joy,True,0.04683804,0.0022432597,0.002778121,0.73009694,0.20378013,0.004275467,0.009988054
66,2,Rachel,"Yes, I did. Thank you very much, it was excellent.",joy,"[SPEAKER_Flight Attendant] Thank you!  Enjoy your flight?
[SPEAKER_Rachel] Yes, I did. Thank you very much, it was excellent.","[SPEAKER_Flight Attendant] Thank you!  Enjoy your flight?
[SPEAKER_Rachel] Yes, I did. Thank you very much, it was excellent.",joy,3,3,joy,True,0.006833143,0.0010227344,0.0011697462,0.9095882,0.07320846,0.0040579485,0.0041197515
66,3,Flight Attendant,Hope you had a nice flight.,neutral,"[SPEAKER_Rachel] Yes, I did. Thank you very much, it was excellent.
[SPEAKER_Flight Attendant] Hope you had a nice flight.","[SPEAKER_Rachel] Yes, I did. Thank you very much, it was excellent.
[SPEAKER_Flight Attendant] Hope you had a nice flight.",neutral,4,4,neutral,True,0.0033269245,0.0012122588,0.002037732,0.032186836,0.9565949,0.0037862968,0.0008549751
66,4,Ross,"Ohh, it was the best!",joy,"[SPEAKER_Flight Attendant] Hope you had a nice flight.
[SPEAKER_Ross] Ohh, it was the best!","[SPEAKER_Flight Attendant] Hope you had a nice flight.
[SPEAKER_Ross] Ohh, it was the best!",joy,3,3,joy,True,0.03633411,0.0036904213,0.0042214785,0.7902115,0.050487276,0.021411803,0.093643434
67,1,Phoebe,"Umm, do health inspectors work on commission?",neutral,"[SPEAKER_Monica] Oh, Larry.
[SPEAKER_Phoebe] Umm, do health inspectors work on commission?","[SPEAKER_Monica] Oh, Larry.
[SPEAKER_Phoebe] Umm, do health inspectors work on commission?",neutral,4,4,neutral,True,0.007229856,0.0020108547,0.0055724517,0.008324716,0.9720763,0.0035944928,0.0011912484
67,2,Larry,"No, bribes.",neutral,"[SPEAKER_Phoebe] Umm, do health inspectors work on commission?
[SPEAKER_Larry] No, bribes.","[SPEAKER_Phoebe] Umm, do health inspectors work on commission?
[SPEAKER_Larry] No, bribes.",neutral,4,4,neutral,True,0.01991392,0.011605937,0.0055530984,0.024059344,0.91566736,0.01874531,0.004455094
67,3,Phoebe,It's okay to laugh right?,joy,"[SPEAKER_Larry] No, bribes.
[SPEAKER_Phoebe] It's okay to laugh right?","[SPEAKER_Larry] No, bribes.
[SPEAKER_Phoebe] It's okay to laugh right?",joy,3,4,neutral,False,0.045902703,0.003610261,0.010571755,0.090239055,0.8177068,0.011503482,0.020465882
68,1,Joey,"Rach, I told you everything I knew last night!",anger,"[SPEAKER_Rachel] Come on Joey!!!
[SPEAKER_Joey] Rach, I told you everything I knew last night!","[SPEAKER_Rachel] Come on Joey!!!
[SPEAKER_Joey] Rach, I told you everything I knew last night!",anger,0,0,anger,True,0.3178268,0.019119468,0.02588163,0.21996726,0.08702394,0.041042347,0.28913856
68,2,Joey,"Look, it's not that big of a deal, so Monica and Chandler are doing it.",neutral,"[SPEAKER_Joey] Rach, I told you everything I knew last night!
[SPEAKER_Joey] Look, it's not that big of a deal, so Monica and Chandler are doing it.","[SPEAKER_Joey] Rach, I told you everything I knew last night!
[SPEAKER_Joey] Look, it's not that big of a deal, so Monica and Chandler are doing it.",neutral,4,4,neutral,True,0.020559939,0.0073290016,0.0029940961,0.06120235,0.89265895,0.010011159,0.0052445116
68,3,Rachel,I can't believe you would say that!,sadness,"[SPEAKER_Joey] Look, it's not that big of a deal, so Monica and Chandler are doing it.
[SPEAKER_Rachel] I can't believe you would say that!","[SPEAKER_Joey] Look, it's not that big of a deal, so Monica and Chandler are doing it.
[SPEAKER_Rachel] I can't believe you would say that!",sadness,5,6,surprise,False,0.018370317,0.003291594,0.00507257,0.025033465,0.017151536,0.012604392,0.91847605
68,4,Joey,Sorry. Monica and Chandler are making love.,neutral,"[SPEAKER_Rachel] I can't believe you would say that!
[SPEAKER_Joey] Sorry. Monica and Chandler are making love.","[SPEAKER_Rachel] I can't believe you would say that!
[SPEAKER_Joey] Sorry. Monica and Chandler are making love.",neutral,4,4,neutral,True,0.018091664,0.010160873,0.016518705,0.2296742,0.4217969,0.277397,0.026360596
68,5,Rachel,No! I mean come on! This is a,anger,"[SPEAKER_Joey] Sorry. Monica and Chandler are making love.
[SPEAKER_Rachel] No! I mean come on! This is a","[SPEAKER_Joey] Sorry. Monica and Chandler are making love.
[SPEAKER_Rachel] No! I mean come on! This is a",anger,0,6,surprise,False,0.10974994,0.019628195,0.027820421,0.23282045,0.16499643,0.044271782,0.40071276
68,6,Joey,I don't know.,neutral,"[SPEAKER_Rachel] No! I mean come on! This is a
[SPEAKER_Joey] I don't know.","[SPEAKER_Rachel] No! I mean come on! This is a
[SPEAKER_Joey] I don't know.",neutral,4,4,neutral,True,0.008342787,0.0018568626,0.009824241,0.022965364,0.9408605,0.007164101,0.008986093
68,7,Rachel,Is he romantic with her?,joy,"[SPEAKER_Joey] I don't know.
[SPEAKER_Rachel] Is he romantic with her?","[SPEAKER_Joey] I don't know.
[SPEAKER_Rachel] Is he romantic with her?",joy,3,6,surprise,False,0.046961714,0.014109046,0.019364515,0.027850006,0.2633956,0.036190927,0.5921282
68,8,Joey,I don't know.,neutral,"[SPEAKER_Rachel] Is he romantic with her?
[SPEAKER_Joey] I don't know.","[SPEAKER_Rachel] Is he romantic with her?
[SPEAKER_Joey] I don't know.",neutral,4,4,neutral,True,0.0106759425,0.005499158,0.01459778,0.047127157,0.8903885,0.019393183,0.012318294
68,9,Rachel,Are they in love?,joy,"[SPEAKER_Joey] I don't know.
[SPEAKER_Rachel] Are they in love?","[SPEAKER_Joey] I don't know.
[SPEAKER_Rachel] Are they in love?",joy,3,6,surprise,False,0.048986193,0.0061258455,0.025251107,0.09977585,0.36159724,0.046954613,0.41130906
68,10,Joey,I don't know.,neutral,"[SPEAKER_Rachel] Are they in love?
[SPEAKER_Joey] I don't know.","[SPEAKER_Rachel] Are they in love?
[SPEAKER_Joey] I don't know.",neutral,4,4,neutral,True,0.011986256,0.0038605947,0.018050037,0.101427324,0.81645364,0.024098538,0.024123624
68,11,Rachel,You don't know anything.,anger,"[SPEAKER_Joey] I don't know.
[SPEAKER_Rachel] You don't know anything.","[SPEAKER_Joey] I don't know.
[SPEAKER_Rachel] You don't know anything.",anger,0,4,neutral,False,0.075810924,0.012740264,0.05069529,0.07662768,0.40261245,0.03558164,0.34593177
68,12,Joey,"Ohh, I know one thing!",joy,"[SPEAKER_Rachel] You don't know anything.
[SPEAKER_Joey] Ohh, I know one thing!","[SPEAKER_Rachel] You don't know anything.
[SPEAKER_Joey] Ohh, I know one thing!",joy,3,4,neutral,False,0.2418587,0.008066734,0.025798086,0.19897896,0.31064433,0.033225257,0.18142794
68,13,Rachel,What?,joy,"[SPEAKER_Joey] Ohh, I know one thing!
[SPEAKER_Rachel] What?","[SPEAKER_Joey] Ohh, I know one thing!
[SPEAKER_Rachel] What?",joy,3,4,neutral,False,0.032228604,0.002567506,0.015680924,0.013003102,0.5368404,0.012627558,0.38705194
68,14,Joey,They did it right there on the couch.,neutral,"[SPEAKER_Rachel] What?
[SPEAKER_Joey] They did it right there on the couch.","[SPEAKER_Rachel] What?
[SPEAKER_Joey] They did it right there on the couch.",neutral,4,4,neutral,True,0.013702664,0.0049489206,0.0016064366,0.053062435,0.90994734,0.00794558,0.008786539
69,1,Chandler,"I mean, that guy with the toe thing?",anger,"[SPEAKER_Chandler] Excuse me, look, we've been here for over an hour, and a lot of people less sick than my friend have gone in.
[SPEAKER_Chandler] I mean, that guy with the toe thing?","[SPEAKER_Chandler] Excuse me, look, we've been here for over an hour, and a lot of people less sick than my friend have gone in.
[SPEAKER_Chandler] I mean, that guy with the toe thing?",anger,0,6,surprise,False,0.023373147,0.0053392956,0.0049597374,0.009403199,0.1376427,0.0092867995,0.8099952
69,2,Chandler,Who's he sleeping with?,neutral,"[SPEAKER_Chandler] I mean, that guy with the toe thing?
[SPEAKER_Chandler] Who's he sleeping with?","[SPEAKER_Chandler] I mean, that guy with the toe thing?
[SPEAKER_Chandler] Who's he sleeping with?",neutral,4,4,neutral,True,0.025492514,0.005450976,0.010872245,0.009510651,0.54439366,0.011001941,0.39327797
69,3,Chandler,"Oh, c'mon Dora, don't be mad...",neutral,"[SPEAKER_Chandler] Who's he sleeping with?
[SPEAKER_Chandler] Oh, c'mon Dora, don't be mad...","[SPEAKER_Chandler] Who's he sleeping with?
[SPEAKER_Chandler] Oh, c'mon Dora, don't be mad...",neutral,4,4,neutral,True,0.10069656,0.033515126,0.10895322,0.04757671,0.6809556,0.023310559,0.004992236
69,4,Chandler,"I know we both said some things we didn't mean, but that doesn't mean we still don't love each other.",neutral,"[SPEAKER_Chandler] Oh, c'mon Dora, don't be mad...
[SPEAKER_Chandler] I know we both said some things we didn't mean, but that doesn't mean we still don't love each other.","[SPEAKER_Chandler] Oh, c'mon Dora, don't be mad...
[SPEAKER_Chandler] I know we both said some things we didn't mean, but that doesn't mean we still don't love each other.",neutral,4,5,sadness,False,0.10563104,0.030483928,0.058894612,0.19732422,0.22943723,0.32468143,0.05354759
69,5,Chandler,"Y'know, I feel like I've lost her..  Ba-!",joy,"[SPEAKER_Chandler] I know we both said some things we didn't mean, but that doesn't mean we still don't love each other.
[SPEAKER_Chandler] Y'know, I feel like I've lost her..  Ba-!","[SPEAKER_Chandler] I know we both said some things we didn't mean, but that doesn't mean we still don't love each other.
[SPEAKER_Chandler] Y'know, I feel like I've lost her..  Ba-!",joy,3,5,sadness,False,0.05281388,0.010074992,0.32143202,0.06428473,0.040628176,0.46716848,0.04359773
70,1,Molly,So where did you study?,neutral,"[SPEAKER_Joey] So you see, Molly, what people don't understand is that acting    is a discipline. It takes a lot of hard work.
[SPEAKER_Molly] So where did you study?","[SPEAKER_Joey] So you see, Molly, what people don't understand is that acting    is a discipline. It takes a lot of hard work.
[SPEAKER_Molly] So where did you study?",neutral,4,4,neutral,True,0.07128795,0.006154883,0.011465918,0.065828115,0.7540294,0.038763575,0.05247022
70,2,Joey,"Oh, I didn't go to college.",neutral,"[SPEAKER_Molly] So where did you study?
[SPEAKER_Joey] Oh, I didn't go to college.","[SPEAKER_Molly] So where did you study?
[SPEAKER_Joey] Oh, I didn't go to college.",neutral,4,4,neutral,True,0.038899433,0.011517986,0.032638203,0.14613847,0.56165093,0.13770436,0.07145074
70,3,Molly,"No, where did you study acting?",neutral,"[SPEAKER_Joey] Oh, I didn't go to college.
[SPEAKER_Molly] No, where did you study acting?","[SPEAKER_Joey] Oh, I didn't go to college.
[SPEAKER_Molly] No, where did you study acting?",neutral,4,4,neutral,True,0.009329581,0.0017236442,0.0037191075,0.025729336,0.9285927,0.003932115,0.02697359
70,4,Joey,Molly ... people don't study acting ...,neutral,"[SPEAKER_Molly] No, where did you study acting?
[SPEAKER_Joey] Molly ... people don't study acting ...","[SPEAKER_Molly] No, where did you study acting?
[SPEAKER_Joey] Molly ... people don't study acting ...",neutral,4,4,neutral,True,0.06553274,0.010964267,0.018613735,0.035450064,0.71445394,0.024820112,0.1301651
70,5,Ross,"Molly, ah, do you mind giving us just a minute?",neutral,"[SPEAKER_Joey] Molly ... people don't study acting ...
[SPEAKER_Ross] Molly, ah, do you mind giving us just a minute?","[SPEAKER_Joey] Molly ... people don't study acting ...
[SPEAKER_Ross] Molly, ah, do you mind giving us just a minute?",neutral,4,4,neutral,True,0.0044509144,0.0015171684,0.0020339387,0.008067796,0.9808929,0.0022628,0.00077452284
70,6,Molly,"Sure, I'll go check on Emma.",neutral,"[SPEAKER_Ross] Molly, ah, do you mind giving us just a minute?
[SPEAKER_Molly] Sure, I'll go check on Emma.","[SPEAKER_Ross] Molly, ah, do you mind giving us just a minute?
[SPEAKER_Molly] Sure, I'll go check on Emma.",neutral,4,4,neutral,True,0.0037012724,0.0011554998,0.001471009,0.011744377,0.9791728,0.0022490344,0.0005059317
70,7,Ross,Thanx.,neutral,"[SPEAKER_Molly] Sure, I'll go check on Emma.
[SPEAKER_Ross] Thanx.","[SPEAKER_Molly] Sure, I'll go check on Emma.
[SPEAKER_Ross] Thanx.",neutral,4,4,neutral,True,0.0022842214,0.0017948252,0.00084837514,0.0056945863,0.9865959,0.0020817379,0.0007003375
70,8,Joey,Will the stable boy never get the princess??,sadness,"[SPEAKER_Ross] Thanx.
[SPEAKER_Joey] Will the stable boy never get the princess??","[SPEAKER_Ross] Thanx.
[SPEAKER_Joey] Will the stable boy never get the princess??",sadness,5,0,anger,False,0.37196553,0.009849408,0.05073002,0.2124203,0.16769584,0.10888345,0.07845543
70,9,Ross,"What do you think you're gonna do, have sex with her right here    on my couch?",disgust,"[SPEAKER_Joey] Will the stable boy never get the princess??
[SPEAKER_Ross] What do you think you're gonna do, have sex with her right here    on my couch?","[SPEAKER_Joey] Will the stable boy never get the princess??
[SPEAKER_Ross] What do you think you're gonna do, have sex with her right here    on my couch?",disgust,1,4,neutral,False,0.069931805,0.050443828,0.013639819,0.06783727,0.7229343,0.023072463,0.05214045
70,10,Joey,No ... the leather sticks to my ass.,disgust,"[SPEAKER_Ross] What do you think you're gonna do, have sex with her right here    on my couch?
[SPEAKER_Joey] No ... the leather sticks to my ass.","[SPEAKER_Ross] What do you think you're gonna do, have sex with her right here    on my couch?
[SPEAKER_Joey] No ... the leather sticks to my ass.",disgust,1,4,neutral,False,0.06182006,0.098427735,0.00868742,0.16439885,0.60603505,0.037872963,0.022757936
70,11,Joey,"You know, this isn't fair.",anger,"[SPEAKER_Joey] No ... the leather sticks to my ass.
[SPEAKER_Joey] You know, this isn't fair.","[SPEAKER_Joey] No ... the leather sticks to my ass.
[SPEAKER_Joey] You know, this isn't fair.",anger,0,4,neutral,False,0.3632617,0.054183252,0.039107915,0.058954854,0.39935395,0.07200565,0.013132667
70,12,Joey,What makes you think that I'm just gonna sleep with her and then blow her off?,anger,"[SPEAKER_Joey] You know, this isn't fair.
[SPEAKER_Joey] What makes you think that I'm just gonna sleep with her and then blow her off?","[SPEAKER_Joey] You know, this isn't fair.
[SPEAKER_Joey] What makes you think that I'm just gonna sleep with her and then blow her off?",anger,0,0,anger,True,0.42647383,0.034849886,0.024199218,0.025373273,0.33326617,0.054276753,0.101560876
70,13,Joey,Huh?,anger,"[SPEAKER_Joey] What makes you think that I'm just gonna sleep with her and then blow her off?
[SPEAKER_Joey] Huh?","[SPEAKER_Joey] What makes you think that I'm just gonna sleep with her and then blow her off?
[SPEAKER_Joey] Huh?",anger,0,6,surprise,False,0.052061293,0.0031349307,0.014719408,0.015315144,0.28988692,0.017540632,0.6073416
70,14,Joey,"Can't you guys open your minds to the possibility that I actally like her,    and might want something real?",anger,"[SPEAKER_Joey] Huh?
[SPEAKER_Joey] Can't you guys open your minds to the possibility that I actally like her,    and might want something real?","[SPEAKER_Joey] Huh?
[SPEAKER_Joey] Can't you guys open your minds to the possibility that I actally like her,    and might want something real?",anger,0,0,anger,True,0.44795385,0.01662465,0.077460095,0.05468015,0.3318321,0.037736285,0.033712905
70,15,Joey,"Look, the truth is, I haven't felt this    way about anyone since Rachel, ok?",sadness,"[SPEAKER_Joey] Can't you guys open your minds to the possibility that I actally like her,    and might want something real?
[SPEAKER_Joey] Look, the truth is, I haven't felt this    way about anyone since Rachel, ok?","[SPEAKER_Joey] Can't you guys open your minds to the possibility that I actally like her,    and might want something real?
[SPEAKER_Joey] Look, the truth is, I haven't felt this    way about anyone since Rachel, ok?",sadness,5,4,neutral,False,0.11198916,0.009158869,0.03186005,0.052712496,0.54989123,0.04269132,0.20169686
70,16,Joey,I didn't think I could ever love again.,sadness,"[SPEAKER_Joey] Look, the truth is, I haven't felt this    way about anyone since Rachel, ok?
[SPEAKER_Joey] I didn't think I could ever love again.","[SPEAKER_Joey] Look, the truth is, I haven't felt this    way about anyone since Rachel, ok?
[SPEAKER_Joey] I didn't think I could ever love again.",sadness,5,3,joy,False,0.046161454,0.0076676295,0.021470085,0.55231553,0.105415106,0.14808731,0.118882865
70,17,Ross and Chandler,Come on! Joe!,joy,"[SPEAKER_Joey] I didn't think I could ever love again.
[SPEAKER_Ross and Chandler] Come on! Joe!","[SPEAKER_Joey] I didn't think I could ever love again.
[SPEAKER_Ross and Chandler] Come on! Joe!",joy,3,3,joy,True,0.14253995,0.0064121885,0.00917762,0.64104587,0.111095615,0.015520376,0.074208304
70,18,Woman,"Hi, is Molly here?",neutral,"[SPEAKER_Ross and Chandler] Come on! Joe!
[SPEAKER_Woman] Hi, is Molly here?","[SPEAKER_Ross and Chandler] Come on! Joe!
[SPEAKER_Woman] Hi, is Molly here?",neutral,4,4,neutral,True,0.021457683,0.00127169,0.0075675813,0.027543416,0.85480374,0.00682685,0.080528975
70,19,Ross,"Yeah, come on in. Molly?",neutral,"[SPEAKER_Woman] Hi, is Molly here?
[SPEAKER_Ross] Yeah, come on in. Molly?","[SPEAKER_Woman] Hi, is Molly here?
[SPEAKER_Ross] Yeah, come on in. Molly?",neutral,4,4,neutral,True,0.039419968,0.0023486093,0.011480722,0.02535577,0.75533783,0.010505946,0.1555512
70,20,Molly,"Hey! Guys, this is Tabatha .  I'll see you tomorrow.",neutral,"[SPEAKER_Ross] Yeah, come on in. Molly?
[SPEAKER_Molly] Hey! Guys, this is Tabatha .  I'll see you tomorrow.","[SPEAKER_Ross] Yeah, come on in. Molly?
[SPEAKER_Molly] Hey! Guys, this is Tabatha .  I'll see you tomorrow.",neutral,4,4,neutral,True,0.023344781,0.003268225,0.0029073004,0.44861087,0.49254292,0.0059317774,0.023394102
70,21,Ross,"Ok ...  Well, uh, Joey, I guess    we have no problem.",neutral,"[SPEAKER_Molly] Hey! Guys, this is Tabatha .  I'll see you tomorrow.
[SPEAKER_Ross] Ok ...  Well, uh, Joey, I guess    we have no problem.","[SPEAKER_Molly] Hey! Guys, this is Tabatha .  I'll see you tomorrow.
[SPEAKER_Ross] Ok ...  Well, uh, Joey, I guess    we have no problem.",neutral,4,4,neutral,True,0.005130462,0.0016886833,0.005630114,0.033369865,0.9473988,0.006079248,0.0007027569
70,22,Joey,"It's like my favorite fairy tale come true!  The princess, the stable boy and the lesbian!",joy,"[SPEAKER_Ross] Ok ...  Well, uh, Joey, I guess    we have no problem.
[SPEAKER_Joey] It's like my favorite fairy tale come true!  The princess, the stable boy and the lesbian!","[SPEAKER_Ross] Ok ...  Well, uh, Joey, I guess    we have no problem.
[SPEAKER_Joey] It's like my favorite fairy tale come true!  The princess, the stable boy and the lesbian!",joy,3,3,joy,True,0.015094319,0.0012287896,0.0013946835,0.9431252,0.011166969,0.0045188074,0.023471225
71,1,The Director,Yeah.,neutral,"[SPEAKER_Joey] And what’s cool is, the character is from Naples, right?
[SPEAKER_The Director] Yeah.","[SPEAKER_Joey] And what’s cool is, the character is from Naples, right?
[SPEAKER_The Director] Yeah.",neutral,4,4,neutral,True,0.0041418327,0.0010789759,0.001298067,0.064074576,0.9246611,0.003267929,0.0014774865
71,2,Joey,My whole family’s from Naples!,joy,"[SPEAKER_The Director] Yeah.
[SPEAKER_Joey] My whole family’s from Naples!","[SPEAKER_The Director] Yeah.
[SPEAKER_Joey] My whole family’s from Naples!",joy,3,6,surprise,False,0.029478883,0.0061004134,0.0043005454,0.28843898,0.10405894,0.01673195,0.55089027
71,3,The Director,"Oh that’s great! Okay, well I’ve heard everything I need to hear. I just need to uh, Leslie",surprise,"[SPEAKER_Joey] My whole family’s from Naples!
[SPEAKER_The Director] Oh that’s great! Okay, well I’ve heard everything I need to hear. I just need to uh, Leslie","[SPEAKER_Joey] My whole family’s from Naples!
[SPEAKER_The Director] Oh that’s great! Okay, well I’ve heard everything I need to hear. I just need to uh, Leslie",surprise,6,3,joy,False,0.030813983,0.0024288448,0.009791316,0.535008,0.3947682,0.009891303,0.017298283
71,4,The Casting Director,"Joey, this is the awkward part.",joy,"[SPEAKER_The Director] Oh that’s great! Okay, well I’ve heard everything I need to hear. I just need to uh, Leslie
[SPEAKER_The Casting Director] Joey, this is the awkward part.","[SPEAKER_The Director] Oh that’s great! Okay, well I’ve heard everything I need to hear. I just need to uh, Leslie
[SPEAKER_The Casting Director] Joey, this is the awkward part.",joy,3,4,neutral,False,0.010825332,0.0059357365,0.01803551,0.032931887,0.8717928,0.0499347,0.010544055
71,5,Joey,Oh!,surprise,"[SPEAKER_The Casting Director] Joey, this is the awkward part.
[SPEAKER_Joey] Oh!","[SPEAKER_The Casting Director] Joey, this is the awkward part.
[SPEAKER_Joey] Oh!",surprise,6,6,surprise,True,0.008278297,0.003723161,0.0061839125,0.023256779,0.022077542,0.009812418,0.92666787
71,6,Joey,Hey right!,surprise,"[SPEAKER_Joey] Oh!
[SPEAKER_Joey] Hey right!","[SPEAKER_Joey] Oh!
[SPEAKER_Joey] Hey right!",surprise,6,3,joy,False,0.020098045,0.0012573956,0.0019276103,0.82919765,0.11021721,0.0043974165,0.03290463
71,7,Joey,Not a problem.,neutral,"[SPEAKER_Joey] Hey right!
[SPEAKER_Joey] Not a problem.","[SPEAKER_Joey] Hey right!
[SPEAKER_Joey] Not a problem.",neutral,4,4,neutral,True,0.0077001792,0.0016786769,0.0013098321,0.061695237,0.9233658,0.0028005019,0.0014498512
71,8,Joey,I totally understand.,neutral,"[SPEAKER_Joey] Not a problem.
[SPEAKER_Joey] I totally understand.","[SPEAKER_Joey] Not a problem.
[SPEAKER_Joey] I totally understand.",neutral,4,4,neutral,True,0.009577935,0.0015838052,0.0014685297,0.03387579,0.9496893,0.002493883,0.0013106887
71,9,Joey,You need to y’know make sure I don’t have any horrible scars or tattoos.,neutral,"[SPEAKER_Joey] I totally understand.
[SPEAKER_Joey] You need to y’know make sure I don’t have any horrible scars or tattoos.","[SPEAKER_Joey] I totally understand.
[SPEAKER_Joey] You need to y’know make sure I don’t have any horrible scars or tattoos.",neutral,4,4,neutral,True,0.008865507,0.003676249,0.0036214537,0.013223824,0.96646315,0.002838834,0.0013109788
71,10,Joey,Don’t you worry. I have nothing to hide.,neutral,"[SPEAKER_Joey] You need to y’know make sure I don’t have any horrible scars or tattoos.
[SPEAKER_Joey] Don’t you worry. I have nothing to hide.","[SPEAKER_Joey] You need to y’know make sure I don’t have any horrible scars or tattoos.
[SPEAKER_Joey] Don’t you worry. I have nothing to hide.",neutral,4,4,neutral,True,0.011932826,0.007719466,0.009176623,0.025097422,0.9361396,0.008297495,0.0016365956
71,11,Joey,"So there you go, that’s me.",neutral,"[SPEAKER_Joey] Don’t you worry. I have nothing to hide.
[SPEAKER_Joey] So there you go, that’s me.","[SPEAKER_Joey] Don’t you worry. I have nothing to hide.
[SPEAKER_Joey] So there you go, that’s me.",neutral,4,4,neutral,True,0.01123283,0.0035701208,0.00357048,0.021797452,0.9521144,0.0071512647,0.00056349474
71,12,Joey,One hundred percent natural!,joy,"[SPEAKER_Joey] So there you go, that’s me.
[SPEAKER_Joey] One hundred percent natural!","[SPEAKER_Joey] So there you go, that’s me.
[SPEAKER_Joey] One hundred percent natural!",joy,3,3,joy,True,0.07258261,0.016921788,0.009727698,0.4746102,0.36068273,0.017178368,0.04829659
71,13,Joey,"I tell ya, that has never happened before.",fear,"[SPEAKER_Joey] One hundred percent natural!
[SPEAKER_Joey] I tell ya, that has never happened before.","[SPEAKER_Joey] One hundred percent natural!
[SPEAKER_Joey] I tell ya, that has never happened before.",fear,2,4,neutral,False,0.037549183,0.010475741,0.016349727,0.18656556,0.6799606,0.020013409,0.049085747
72,1,Rachel,Okay!,joy,"[SPEAKER_Nurse] This room’s available.
[SPEAKER_Rachel] Okay!","[SPEAKER_Nurse] This room’s available.
[SPEAKER_Rachel] Okay!",joy,3,3,joy,True,0.06549286,0.004107749,0.0073249536,0.6335297,0.19184425,0.010804962,0.08689554
72,2,Rachel,Okay wait!,anger,"[SPEAKER_Rachel] Okay!
[SPEAKER_Rachel] Okay wait!","[SPEAKER_Rachel] Okay!
[SPEAKER_Rachel] Okay wait!",anger,0,3,joy,False,0.10135136,0.0050059385,0.013375263,0.37795186,0.23426488,0.018002097,0.25004864
72,3,Rachel,You listen to me!,anger,"[SPEAKER_Rachel] Okay wait!
[SPEAKER_Rachel] You listen to me!","[SPEAKER_Rachel] Okay wait!
[SPEAKER_Rachel] You listen to me!",anger,0,0,anger,True,0.60670054,0.013808638,0.022762729,0.17311564,0.09721899,0.021242524,0.06515098
72,4,Rachel,You listen to me!,anger,"[SPEAKER_Rachel] You listen to me!
[SPEAKER_Rachel] You listen to me!","[SPEAKER_Rachel] You listen to me!
[SPEAKER_Rachel] You listen to me!",anger,0,0,anger,True,0.8344961,0.011978829,0.02980038,0.048571628,0.028367452,0.016782826,0.030002804
72,5,Rachel,"Since I have been waiting four women, that’s four, one higher than the number of centimeters that I am dilated, have come and gone with their babies!",anger,"[SPEAKER_Rachel] You listen to me!
[SPEAKER_Rachel] Since I have been waiting four women, that’s four, one higher than the number of centimeters that I am dilated, have come and gone with their babies!","[SPEAKER_Rachel] You listen to me!
[SPEAKER_Rachel] Since I have been waiting four women, that’s four, one higher than the number of centimeters that I am dilated, have come and gone with their babies!",anger,0,4,neutral,False,0.15809427,0.023645211,0.010994375,0.2549004,0.3966324,0.027940927,0.1277924
72,6,Rachel,I’m next!,anger,"[SPEAKER_Rachel] Since I have been waiting four women, that’s four, one higher than the number of centimeters that I am dilated, have come and gone with their babies!
[SPEAKER_Rachel] I’m next!","[SPEAKER_Rachel] Since I have been waiting four women, that’s four, one higher than the number of centimeters that I am dilated, have come and gone with their babies!
[SPEAKER_Rachel] I’m next!",anger,0,3,joy,False,0.022426367,0.0014401758,0.0014054463,0.80907243,0.15403919,0.0030267793,0.0085896375
72,7,Rachel,It’s my turn!,anger,"[SPEAKER_Rachel] I’m next!
[SPEAKER_Rachel] It’s my turn!","[SPEAKER_Rachel] I’m next!
[SPEAKER_Rachel] It’s my turn!",anger,0,3,joy,False,0.23904479,0.0032706147,0.0055984557,0.5684363,0.06964082,0.015232999,0.098776035
72,8,Rachel,It’s only fair!,anger,"[SPEAKER_Rachel] It’s my turn!
[SPEAKER_Rachel] It’s only fair!","[SPEAKER_Rachel] It’s my turn!
[SPEAKER_Rachel] It’s only fair!",anger,0,0,anger,True,0.5199009,0.010057174,0.022052148,0.25663373,0.09636495,0.02731422,0.06767674
72,9,Rachel,And if you bring in one woman and she has her baby before me I’m going to sue you!,anger,"[SPEAKER_Rachel] It’s only fair!
[SPEAKER_Rachel] And if you bring in one woman and she has her baby before me I’m going to sue you!","[SPEAKER_Rachel] It’s only fair!
[SPEAKER_Rachel] And if you bring in one woman and she has her baby before me I’m going to sue you!",anger,0,0,anger,True,0.9055205,0.019982154,0.018923722,0.015152332,0.018050317,0.016874159,0.00549692
72,10,Rachel,"Not this hospital, I’m going to sue you!",anger,"[SPEAKER_Rachel] And if you bring in one woman and she has her baby before me I’m going to sue you!
[SPEAKER_Rachel] Not this hospital, I’m going to sue you!","[SPEAKER_Rachel] And if you bring in one woman and she has her baby before me I’m going to sue you!
[SPEAKER_Rachel] Not this hospital, I’m going to sue you!",anger,0,0,anger,True,0.90819526,0.018898785,0.019127246,0.011493228,0.018698724,0.015020318,0.008566473
72,11,Rachel,And my husband  he’s a lawyer!,anger,"[SPEAKER_Rachel] Not this hospital, I’m going to sue you!
[SPEAKER_Rachel] And my husband  he’s a lawyer!","[SPEAKER_Rachel] Not this hospital, I’m going to sue you!
[SPEAKER_Rachel] And my husband  he’s a lawyer!",anger,0,0,anger,True,0.53936327,0.0128708035,0.016416917,0.027568635,0.040602464,0.06700213,0.29617578
72,12,Ross,Uh Rach,neutral,"[SPEAKER_Rachel] And my husband  he’s a lawyer!
[SPEAKER_Ross] Uh Rach","[SPEAKER_Rachel] And my husband  he’s a lawyer!
[SPEAKER_Ross] Uh Rach",neutral,4,4,neutral,True,0.0045526475,0.0011871229,0.008143356,0.008944575,0.9706518,0.00376874,0.0027517853
72,13,Rachel,Go get back on that case honey!,anger,"[SPEAKER_Ross] Uh Rach
[SPEAKER_Rachel] Go get back on that case honey!","[SPEAKER_Ross] Uh Rach
[SPEAKER_Rachel] Go get back on that case honey!",anger,0,3,joy,False,0.070626564,0.0025938405,0.0042445976,0.6066385,0.28441262,0.0062461263,0.02523772
72,14,Nurse,I don’t think the next patient is very far along.,neutral,"[SPEAKER_Rachel] Go get back on that case honey!
[SPEAKER_Nurse] I don’t think the next patient is very far along.","[SPEAKER_Rachel] Go get back on that case honey!
[SPEAKER_Nurse] I don’t think the next patient is very far along.",neutral,4,4,neutral,True,0.010374498,0.0016412813,0.0020978677,0.0385439,0.9399091,0.0030345046,0.0043987646
72,15,Rachel,"Okay, well then bring her in.",neutral,"[SPEAKER_Nurse] I don’t think the next patient is very far along.
[SPEAKER_Rachel] Okay, well then bring her in.","[SPEAKER_Nurse] I don’t think the next patient is very far along.
[SPEAKER_Rachel] Okay, well then bring her in.",neutral,4,4,neutral,True,0.007959291,0.0023327903,0.0017781815,0.015150608,0.96975446,0.0023703738,0.00065425754
72,16,Woman,OH….MY….GAWD!!!,surprise,"[SPEAKER_Rachel] Okay, well then bring her in.
[SPEAKER_Woman] OH….MY….GAWD!!!","[SPEAKER_Rachel] Okay, well then bring her in.
[SPEAKER_Woman] OH….MY….GAWD!!!",surprise,6,6,surprise,True,0.053643774,0.0422914,0.030559134,0.039978,0.027579974,0.035221126,0.7707266
73,1,Ross,They don’t look any bigger than me!,neutral,"[SPEAKER_Joey] Ross-Ross-Ross-Ross! Stay away from that guy , and that guy . And that one—Dude! They’re all huge!
[SPEAKER_Ross] They don’t look any bigger than me!","[SPEAKER_Joey] Ross-Ross-Ross-Ross! Stay away from that guy , and that guy . And that one—Dude! They’re all huge!
[SPEAKER_Ross] They don’t look any bigger than me!",neutral,4,6,surprise,False,0.059983082,0.011022735,0.013519692,0.082583226,0.076657705,0.020656751,0.7355768
73,2,Joey,"Well, maybe that’s because you’re closer to you. So you look bigger to you from where you are.",anger,"[SPEAKER_Ross] They don’t look any bigger than me!
[SPEAKER_Joey] Well, maybe that’s because you’re closer to you. So you look bigger to you from where you are.","[SPEAKER_Ross] They don’t look any bigger than me!
[SPEAKER_Joey] Well, maybe that’s because you’re closer to you. So you look bigger to you from where you are.",anger,0,4,neutral,False,0.009126709,0.0032622095,0.0016090022,0.017640384,0.96273607,0.0028895757,0.00273605
73,3,Emily,I’m just going to say hi to the lads. All right?,neutral,"[SPEAKER_Joey] Well, maybe that’s because you’re closer to you. So you look bigger to you from where you are.
[SPEAKER_Emily] I’m just going to say hi to the lads. All right?","[SPEAKER_Joey] Well, maybe that’s because you’re closer to you. So you look bigger to you from where you are.
[SPEAKER_Emily] I’m just going to say hi to the lads. All right?",neutral,4,4,neutral,True,0.013168029,0.0014589746,0.005395664,0.14074735,0.8150921,0.009175796,0.014962163
73,4,Ross,All right.,neutral,"[SPEAKER_Emily] I’m just going to say hi to the lads. All right?
[SPEAKER_Ross] All right.","[SPEAKER_Emily] I’m just going to say hi to the lads. All right?
[SPEAKER_Ross] All right.",neutral,4,4,neutral,True,0.011463118,0.0021014514,0.0018869715,0.1150653,0.8615339,0.006654897,0.0012944143
73,5,Emily,Okay.,neutral,"[SPEAKER_Ross] All right.
[SPEAKER_Emily] Okay.","[SPEAKER_Ross] All right.
[SPEAKER_Emily] Okay.",neutral,4,4,neutral,True,0.0049014622,0.0008999337,0.0015131173,0.013382286,0.9758758,0.0020924744,0.0013348934
73,6,Phoebe,Hi.,neutral,"[SPEAKER_Emily] Okay.
[SPEAKER_Phoebe] Hi.","[SPEAKER_Emily] Okay.
[SPEAKER_Phoebe] Hi.",neutral,4,4,neutral,True,0.0015407831,0.0007412868,0.0009828197,0.0059752157,0.987566,0.0021374503,0.0010564429
73,7,Phoebe,Whoa!  I kinda liked it.,joy,"[SPEAKER_Phoebe] Hi.
[SPEAKER_Phoebe] Whoa!  I kinda liked it.","[SPEAKER_Phoebe] Hi.
[SPEAKER_Phoebe] Whoa!  I kinda liked it.",joy,3,3,joy,True,0.014288723,0.0040292605,0.0031833884,0.5101387,0.015430345,0.0063847234,0.4465449
73,8,Ross,"Okay, I know what I have to do. I’ve got to go Red Ross.  Y’know, Red Ross!",anger,"[SPEAKER_Phoebe] Whoa!  I kinda liked it.
[SPEAKER_Ross] Okay, I know what I have to do. I’ve got to go Red Ross.  Y’know, Red Ross!","[SPEAKER_Phoebe] Whoa!  I kinda liked it.
[SPEAKER_Ross] Okay, I know what I have to do. I’ve got to go Red Ross.  Y’know, Red Ross!",anger,0,3,joy,False,0.14239445,0.007921179,0.039085686,0.49255145,0.27883273,0.028641606,0.010572859
73,9,Joey,I totally don’t know what you’re talking about.,neutral,"[SPEAKER_Ross] Okay, I know what I have to do. I’ve got to go Red Ross.  Y’know, Red Ross!
[SPEAKER_Joey] I totally don’t know what you’re talking about.","[SPEAKER_Ross] Okay, I know what I have to do. I’ve got to go Red Ross.  Y’know, Red Ross!
[SPEAKER_Joey] I totally don’t know what you’re talking about.",neutral,4,6,surprise,False,0.13401839,0.017098784,0.11230669,0.074620835,0.29676,0.047828246,0.31736702
73,10,Ross,Come on! The time we were all waiting in line for,anger,"[SPEAKER_Joey] I totally don’t know what you’re talking about.
[SPEAKER_Ross] Come on! The time we were all waiting in line for","[SPEAKER_Joey] I totally don’t know what you’re talking about.
[SPEAKER_Ross] Come on! The time we were all waiting in line for",anger,0,4,neutral,False,0.01794057,0.0022880172,0.0017717333,0.026814269,0.9419072,0.0031847388,0.0060934504
74,1,Joey,"No, Pheebs, listen, if you decide to do this, we’ll be supportive like crazy.",neutral,"[SPEAKER_Phoebe] Y'know you guys were a lot more supportive when I wanted to make denim furniture.
[SPEAKER_Joey] No, Pheebs, listen, if you decide to do this, we’ll be supportive like crazy.","[SPEAKER_Phoebe] Y'know you guys were a lot more supportive when I wanted to make denim furniture.
[SPEAKER_Joey] No, Pheebs, listen, if you decide to do this, we’ll be supportive like crazy.",neutral,4,4,neutral,True,0.048179407,0.01562791,0.014075125,0.059358884,0.84735894,0.014618984,0.00078075833
74,2,Monica,We just want you to think it through.,neutral,"[SPEAKER_Joey] No, Pheebs, listen, if you decide to do this, we’ll be supportive like crazy.
[SPEAKER_Monica] We just want you to think it through.","[SPEAKER_Joey] No, Pheebs, listen, if you decide to do this, we’ll be supportive like crazy.
[SPEAKER_Monica] We just want you to think it through.",neutral,4,4,neutral,True,0.04883077,0.0050279405,0.009644586,0.09767784,0.82890636,0.0074772155,0.0024352376
74,3,Rachel,"Yeah, honey, maybe you can talk to somebody who’s had a baby. Like your mom?",neutral,"[SPEAKER_Monica] We just want you to think it through.
[SPEAKER_Rachel] Yeah, honey, maybe you can talk to somebody who’s had a baby. Like your mom?","[SPEAKER_Monica] We just want you to think it through.
[SPEAKER_Rachel] Yeah, honey, maybe you can talk to somebody who’s had a baby. Like your mom?",neutral,4,4,neutral,True,0.012458467,0.0020878457,0.014107577,0.03820234,0.90990853,0.015785774,0.007449453
74,4,Phoebe,My mom never gave birth. Oh! But my birth mom did.,neutral,"[SPEAKER_Rachel] Yeah, honey, maybe you can talk to somebody who’s had a baby. Like your mom?
[SPEAKER_Phoebe] My mom never gave birth. Oh! But my birth mom did.","[SPEAKER_Rachel] Yeah, honey, maybe you can talk to somebody who’s had a baby. Like your mom?
[SPEAKER_Phoebe] My mom never gave birth. Oh! But my birth mom did.",neutral,4,3,joy,False,0.051241558,0.006480463,0.012881569,0.52389956,0.1303719,0.040556494,0.23456849
75,1,Frank Sr.,Thank you. All right.,neutral,"[SPEAKER_Phoebe] Umm, thank you for meeting with me.
[SPEAKER_Frank Sr.] Thank you. All right.","[SPEAKER_Phoebe] Umm, thank you for meeting with me.
[SPEAKER_Frank Sr.] Thank you. All right.",neutral,4,4,neutral,True,0.0045947414,0.0012183657,0.001056199,0.02997857,0.96012926,0.0025156117,0.0005073221
75,2,Phoebe,"Come, sit.",neutral,"[SPEAKER_Frank Sr.] Thank you. All right.
[SPEAKER_Phoebe] Come, sit.","[SPEAKER_Frank Sr.] Thank you. All right.
[SPEAKER_Phoebe] Come, sit.",neutral,4,4,neutral,True,0.006833035,0.0018026744,0.0018656665,0.011148328,0.97412497,0.003065502,0.0011597956
75,3,Phoebe,Sit.,neutral,"[SPEAKER_Phoebe] Come, sit.
[SPEAKER_Phoebe] Sit.","[SPEAKER_Phoebe] Come, sit.
[SPEAKER_Phoebe] Sit.",neutral,4,4,neutral,True,0.025516964,0.0028181688,0.0026763603,0.018459126,0.9435656,0.004649398,0.0023142947
75,4,Phoebe,Sit!,anger,"[SPEAKER_Phoebe] Sit.
[SPEAKER_Phoebe] Sit!","[SPEAKER_Phoebe] Sit.
[SPEAKER_Phoebe] Sit!",anger,0,0,anger,True,0.64955837,0.012509131,0.02243061,0.07576569,0.11783953,0.026716715,0.09517997
75,5,Phoebe,"Umm, all righty, before we get started I just—I need you to state for the official record that you are in fact Frank Buffay.",neutral,"[SPEAKER_Phoebe] Sit!
[SPEAKER_Phoebe] Umm, all righty, before we get started I just—I need you to state for the official record that you are in fact Frank Buffay.","[SPEAKER_Phoebe] Sit!
[SPEAKER_Phoebe] Umm, all righty, before we get started I just—I need you to state for the official record that you are in fact Frank Buffay.",neutral,4,4,neutral,True,0.014190382,0.0016018037,0.002199236,0.009510391,0.96833426,0.0026638312,0.0015000735
76,1,Rachel,"Everybody, this is Paolo. Paolo, I want you to meet my friends. This is Monica.",neutral,"[SPEAKER_Ross] Lucky sixes....
[SPEAKER_Rachel] Everybody, this is Paolo. Paolo, I want you to meet my friends. This is Monica.","[SPEAKER_Ross] Lucky sixes....
[SPEAKER_Rachel] Everybody, this is Paolo. Paolo, I want you to meet my friends. This is Monica.",neutral,4,4,neutral,True,0.019492317,0.0011985144,0.0034916883,0.16252442,0.8027633,0.0070172935,0.0035125655
76,2,Monica,Hi!,neutral,"[SPEAKER_Rachel] Everybody, this is Paolo. Paolo, I want you to meet my friends. This is Monica.
[SPEAKER_Monica] Hi!","[SPEAKER_Rachel] Everybody, this is Paolo. Paolo, I want you to meet my friends. This is Monica.
[SPEAKER_Monica] Hi!",neutral,4,3,joy,False,0.015401341,0.0010752294,0.0016848418,0.88309467,0.0647476,0.0036427062,0.0303536
76,3,Rachel,And Joey....,neutral,"[SPEAKER_Monica] Hi!
[SPEAKER_Rachel] And Joey....","[SPEAKER_Monica] Hi!
[SPEAKER_Rachel] And Joey....",neutral,4,4,neutral,True,0.009486483,0.0022431987,0.0027877472,0.09137107,0.8851171,0.005828281,0.0031660628
76,4,Monica,Hi!,neutral,"[SPEAKER_Rachel] And Joey....
[SPEAKER_Monica] Hi!","[SPEAKER_Rachel] And Joey....
[SPEAKER_Monica] Hi!",neutral,4,3,joy,False,0.01735885,0.0013318993,0.0019245585,0.8635125,0.07409175,0.003771473,0.038008936
76,5,Rachel,And Ross.,neutral,"[SPEAKER_Monica] Hi!
[SPEAKER_Rachel] And Ross.","[SPEAKER_Monica] Hi!
[SPEAKER_Rachel] And Ross.",neutral,4,4,neutral,True,0.0030482297,0.0010959007,0.00073113496,0.020000516,0.9721572,0.0019997146,0.00096740096
76,6,Monica,Hi!,neutral,"[SPEAKER_Rachel] And Ross.
[SPEAKER_Monica] Hi!","[SPEAKER_Rachel] And Ross.
[SPEAKER_Monica] Hi!",neutral,4,3,joy,False,0.017023556,0.0013462671,0.0017391975,0.86319494,0.08266129,0.0036581496,0.030376652
76,7,Rachel,He doesn't speak much English.,neutral,"[SPEAKER_Monica] Hi!
[SPEAKER_Rachel] He doesn't speak much English.","[SPEAKER_Monica] Hi!
[SPEAKER_Rachel] He doesn't speak much English.",neutral,4,4,neutral,True,0.016291576,0.0044945218,0.008730852,0.0107859885,0.81402236,0.010774931,0.13489972
76,8,Rachel,Look at that!,surprise,"[SPEAKER_Rachel] He doesn't speak much English.
[SPEAKER_Rachel] Look at that!","[SPEAKER_Rachel] He doesn't speak much English.
[SPEAKER_Rachel] Look at that!",surprise,6,6,surprise,True,0.041126397,0.0047058496,0.008652848,0.010635719,0.03291243,0.014506599,0.8874602
76,9,Ross,"So, um... where did Paolo come from?",neutral,"[SPEAKER_Rachel] Look at that!
[SPEAKER_Ross] So, um... where did Paolo come from?","[SPEAKER_Rachel] Look at that!
[SPEAKER_Ross] So, um... where did Paolo come from?",neutral,4,4,neutral,True,0.0029915308,0.0006517226,0.0020142512,0.005538475,0.98375803,0.0021357837,0.0029101649
76,10,Rachel,"Oh... Italy, I think.",neutral,"[SPEAKER_Ross] So, um... where did Paolo come from?
[SPEAKER_Rachel] Oh... Italy, I think.","[SPEAKER_Ross] So, um... where did Paolo come from?
[SPEAKER_Rachel] Oh... Italy, I think.",neutral,4,4,neutral,True,0.0070164823,0.0030452453,0.007476337,0.03293569,0.918499,0.014183818,0.016843544
76,11,Ross,"No, I mean tonight, in the building. Suddenly. Into our lives.",neutral,"[SPEAKER_Rachel] Oh... Italy, I think.
[SPEAKER_Ross] No, I mean tonight, in the building. Suddenly. Into our lives.","[SPEAKER_Rachel] Oh... Italy, I think.
[SPEAKER_Ross] No, I mean tonight, in the building. Suddenly. Into our lives.",neutral,4,3,joy,False,0.042466573,0.0019537883,0.004602971,0.8983271,0.038085897,0.008214914,0.0063487506
76,12,Rachel,"Well, the cat... the cat turned out to be Paolo's cat!",neutral,"[SPEAKER_Ross] No, I mean tonight, in the building. Suddenly. Into our lives.
[SPEAKER_Rachel] Well, the cat... the cat turned out to be Paolo's cat!","[SPEAKER_Ross] No, I mean tonight, in the building. Suddenly. Into our lives.
[SPEAKER_Rachel] Well, the cat... the cat turned out to be Paolo's cat!",neutral,4,6,surprise,False,0.041919943,0.0046001836,0.004312845,0.22841242,0.05636291,0.017014693,0.647377
76,13,Ross,"That, that is funny... .... and Rachel keeps touching him.",neutral,"[SPEAKER_Rachel] Well, the cat... the cat turned out to be Paolo's cat!
[SPEAKER_Ross] That, that is funny... .... and Rachel keeps touching him.","[SPEAKER_Rachel] Well, the cat... the cat turned out to be Paolo's cat!
[SPEAKER_Ross] That, that is funny... .... and Rachel keeps touching him.",neutral,4,4,neutral,True,0.03464555,0.012493623,0.006342665,0.12162858,0.8056526,0.012945403,0.006291544
76,14,Phoebe,Alright. I looked all over the building and I couldn't find the kitty anywhere.,neutral,"[SPEAKER_Ross] That, that is funny... .... and Rachel keeps touching him.
[SPEAKER_Phoebe] Alright. I looked all over the building and I couldn't find the kitty anywhere.","[SPEAKER_Ross] That, that is funny... .... and Rachel keeps touching him.
[SPEAKER_Phoebe] Alright. I looked all over the building and I couldn't find the kitty anywhere.",neutral,4,4,neutral,True,0.026387868,0.009129284,0.026018852,0.045595743,0.77421874,0.025435064,0.0932145
76,15,Rachel,"Oh, I found him. He was Paolo's cat.",neutral,"[SPEAKER_Phoebe] Alright. I looked all over the building and I couldn't find the kitty anywhere.
[SPEAKER_Rachel] Oh, I found him. He was Paolo's cat.","[SPEAKER_Phoebe] Alright. I looked all over the building and I couldn't find the kitty anywhere.
[SPEAKER_Rachel] Oh, I found him. He was Paolo's cat.",neutral,4,4,neutral,True,0.0040848246,0.0010035451,0.0016987507,0.013769163,0.96580106,0.0034272685,0.010215338
76,16,Phoebe,Ah! Well! There you go! Last to know again! And I'm guessing... since nobody told me... this is Paolo.,joy,"[SPEAKER_Rachel] Oh, I found him. He was Paolo's cat.
[SPEAKER_Phoebe] Ah! Well! There you go! Last to know again! And I'm guessing... since nobody told me... this is Paolo.","[SPEAKER_Rachel] Oh, I found him. He was Paolo's cat.
[SPEAKER_Phoebe] Ah! Well! There you go! Last to know again! And I'm guessing... since nobody told me... this is Paolo.",joy,3,0,anger,False,0.3332662,0.012011819,0.023864333,0.25225696,0.17954187,0.05090694,0.14815187
76,17,Rachel,"Ah, Paolo, this is Phoebe.",neutral,"[SPEAKER_Phoebe] Ah! Well! There you go! Last to know again! And I'm guessing... since nobody told me... this is Paolo.
[SPEAKER_Rachel] Ah, Paolo, this is Phoebe.","[SPEAKER_Phoebe] Ah! Well! There you go! Last to know again! And I'm guessing... since nobody told me... this is Paolo.
[SPEAKER_Rachel] Ah, Paolo, this is Phoebe.",neutral,4,4,neutral,True,0.0051285415,0.0010142182,0.0013628061,0.004894998,0.9771392,0.0019958573,0.008464377
76,18,Phoebe,You betcha!,joy,"[SPEAKER_Rachel] Ah, Paolo, this is Phoebe.
[SPEAKER_Phoebe] You betcha!","[SPEAKER_Rachel] Ah, Paolo, this is Phoebe.
[SPEAKER_Phoebe] You betcha!",joy,3,3,joy,True,0.007390285,0.0008137831,0.0008712449,0.95125103,0.031344738,0.0024410535,0.005887819
77,1,Monica,"When Mom and Dad drove you to the hospital to get your nose fixed, I swam into the lake and fished it out.",neutral,"[SPEAKER_Ross] Okay, where in the hell did you get that?!
[SPEAKER_Monica] When Mom and Dad drove you to the hospital to get your nose fixed, I swam into the lake and fished it out.","[SPEAKER_Ross] Okay, where in the hell did you get that?!
[SPEAKER_Monica] When Mom and Dad drove you to the hospital to get your nose fixed, I swam into the lake and fished it out.",neutral,4,4,neutral,True,0.08371236,0.07560038,0.01367843,0.080896705,0.67725474,0.05041281,0.018444486
77,2,Ross,That cup is mine!,anger,"[SPEAKER_Monica] When Mom and Dad drove you to the hospital to get your nose fixed, I swam into the lake and fished it out.
[SPEAKER_Ross] That cup is mine!","[SPEAKER_Monica] When Mom and Dad drove you to the hospital to get your nose fixed, I swam into the lake and fished it out.
[SPEAKER_Ross] That cup is mine!",anger,0,6,surprise,False,0.10560339,0.006961906,0.0065626227,0.18795519,0.1966389,0.012800723,0.48347726
77,3,Monica,"No it’s not! You want it, you’re gonna have to win it!",anger,"[SPEAKER_Ross] That cup is mine!
[SPEAKER_Monica] No it’s not! You want it, you’re gonna have to win it!","[SPEAKER_Ross] That cup is mine!
[SPEAKER_Monica] No it’s not! You want it, you’re gonna have to win it!",anger,0,3,joy,False,0.13326162,0.0029905012,0.014536269,0.7712704,0.051346306,0.012211575,0.014383339
77,4,Rachel,"All right, so are we not having dinner at all?",sadness,"[SPEAKER_Monica] No it’s not! You want it, you’re gonna have to win it!
[SPEAKER_Rachel] All right, so are we not having dinner at all?","[SPEAKER_Monica] No it’s not! You want it, you’re gonna have to win it!
[SPEAKER_Rachel] All right, so are we not having dinner at all?",sadness,5,4,neutral,False,0.036546566,0.0018384656,0.0046227193,0.015362741,0.9144038,0.008111078,0.019114576
78,1,Monica,Because I don't work at the Szechwan Dragon.,neutral,"[SPEAKER_Rachel] Why?
[SPEAKER_Monica] Because I don't work at the Szechwan Dragon.","[SPEAKER_Rachel] Why?
[SPEAKER_Monica] Because I don't work at the Szechwan Dragon.",neutral,4,4,neutral,True,0.014553658,0.0076338015,0.0048775,0.011905824,0.9304846,0.027730845,0.0028137497
78,2,Rachel,"You really, really need to get some sleep, honey.",neutral,"[SPEAKER_Monica] Because I don't work at the Szechwan Dragon.
[SPEAKER_Rachel] You really, really need to get some sleep, honey.","[SPEAKER_Monica] Because I don't work at the Szechwan Dragon.
[SPEAKER_Rachel] You really, really need to get some sleep, honey.",neutral,4,4,neutral,True,0.036899533,0.013188394,0.0944433,0.056788526,0.7505897,0.04153554,0.0065549626
78,3,Monica,I know I do.,neutral,"[SPEAKER_Rachel] You really, really need to get some sleep, honey.
[SPEAKER_Monica] I know I do.","[SPEAKER_Rachel] You really, really need to get some sleep, honey.
[SPEAKER_Monica] I know I do.",neutral,4,4,neutral,True,0.0047992803,0.0029838225,0.00388801,0.016668571,0.9640435,0.006795784,0.0008210843
78,4,Ross,Hi.,neutral,"[SPEAKER_Monica] I know I do.
[SPEAKER_Ross] Hi.","[SPEAKER_Monica] I know I do.
[SPEAKER_Ross] Hi.",neutral,4,4,neutral,True,0.0027110898,0.0008553461,0.001016459,0.012880746,0.9786347,0.0026059605,0.0012956274
78,5,Rachel,Hi.,neutral,"[SPEAKER_Ross] Hi.
[SPEAKER_Rachel] Hi.","[SPEAKER_Ross] Hi.
[SPEAKER_Rachel] Hi.",neutral,4,4,neutral,True,0.0024532843,0.000820537,0.00092492654,0.009236431,0.9832646,0.0019714017,0.0013287206
78,6,Ross,Guess what?,neutral,"[SPEAKER_Rachel] Hi.
[SPEAKER_Ross] Guess what?","[SPEAKER_Rachel] Hi.
[SPEAKER_Ross] Guess what?",neutral,4,4,neutral,True,0.024813594,0.0015493425,0.0051189708,0.028857073,0.9121645,0.0053223236,0.02217421
78,7,Ross,They published my paper.,joy,"[SPEAKER_Ross] Guess what?
[SPEAKER_Ross] They published my paper.","[SPEAKER_Ross] Guess what?
[SPEAKER_Ross] They published my paper.",joy,3,4,neutral,False,0.1068307,0.0120812,0.008458628,0.0572749,0.76691204,0.021221288,0.02722127
78,8,Rachel,"Oh, really, let me see, let me see.",joy,"[SPEAKER_Ross] They published my paper.
[SPEAKER_Rachel] Oh, really, let me see, let me see.","[SPEAKER_Ross] They published my paper.
[SPEAKER_Rachel] Oh, really, let me see, let me see.",joy,3,4,neutral,False,0.034055125,0.008533105,0.041403197,0.07665917,0.7308991,0.022092668,0.08635768
78,9,Phoebe,"Rach, look!  Oh, hi! Where is my strong Ross Skywalker to come rescue me.  There he is.",joy,"[SPEAKER_Rachel] Oh, really, let me see, let me see.
[SPEAKER_Phoebe] Rach, look!  Oh, hi! Where is my strong Ross Skywalker to come rescue me.  There he is.","[SPEAKER_Rachel] Oh, really, let me see, let me see.
[SPEAKER_Phoebe] Rach, look!  Oh, hi! Where is my strong Ross Skywalker to come rescue me.  There he is.",joy,3,3,joy,True,0.018296208,0.0014928996,0.0023757794,0.7935497,0.15751751,0.0043333736,0.022434559
79,1,Rachel,Oh.,neutral,"[SPEAKER_Monica] You know what this is, this is us getting ready for the prom.
[SPEAKER_Rachel] Oh.","[SPEAKER_Monica] You know what this is, this is us getting ready for the prom.
[SPEAKER_Rachel] Oh.",neutral,4,4,neutral,True,0.01305689,0.009977416,0.02174436,0.10955264,0.7664285,0.06630735,0.012932914
80,1,Monica,I told you not to go down there!,anger,"[SPEAKER_Rachel] What?! You got us evicted!!
[SPEAKER_Monica] I told you not to go down there!","[SPEAKER_Rachel] What?! You got us evicted!!
[SPEAKER_Monica] I told you not to go down there!",anger,0,0,anger,True,0.7213054,0.016080406,0.055822507,0.056964308,0.059257634,0.028801944,0.061767925
80,2,Joey,Well he made Rachel cry!,disgust,"[SPEAKER_Monica] I told you not to go down there!
[SPEAKER_Joey] Well he made Rachel cry!","[SPEAKER_Monica] I told you not to go down there!
[SPEAKER_Joey] Well he made Rachel cry!",disgust,1,0,anger,False,0.38216022,0.013504297,0.032243464,0.26657587,0.1730705,0.04487534,0.08757028
80,3,Monica,Rachel always cries!,anger,"[SPEAKER_Joey] Well he made Rachel cry!
[SPEAKER_Monica] Rachel always cries!","[SPEAKER_Joey] Well he made Rachel cry!
[SPEAKER_Monica] Rachel always cries!",anger,0,3,joy,False,0.086348556,0.004171957,0.008318962,0.6946704,0.14787859,0.012628893,0.045982707
80,4,Rachel,That’s not true!,anger,"[SPEAKER_Monica] Rachel always cries!
[SPEAKER_Rachel] That’s not true!","[SPEAKER_Monica] Rachel always cries!
[SPEAKER_Rachel] That’s not true!",anger,0,6,surprise,False,0.21687181,0.02162995,0.043608107,0.020067343,0.05405199,0.07654057,0.5672302
80,5,Monica,"Now Joey, you go down there and you suck up to him. I mean you suck like you’ve never sucked before!",neutral,"[SPEAKER_Rachel] That’s not true!
[SPEAKER_Monica] Now Joey, you go down there and you suck up to him. I mean you suck like you’ve never sucked before!","[SPEAKER_Rachel] That’s not true!
[SPEAKER_Monica] Now Joey, you go down there and you suck up to him. I mean you suck like you’ve never sucked before!",neutral,4,0,anger,False,0.47663823,0.047134362,0.013178294,0.32357457,0.088120505,0.021642266,0.029711787
80,6,Joey,"All right! I’ll try! But if I can’t, you can stay with Chandler and I until you get settled.",neutral,"[SPEAKER_Monica] Now Joey, you go down there and you suck up to him. I mean you suck like you’ve never sucked before!
[SPEAKER_Joey] All right! I’ll try! But if I can’t, you can stay with Chandler and I until you get settled.","[SPEAKER_Monica] Now Joey, you go down there and you suck up to him. I mean you suck like you’ve never sucked before!
[SPEAKER_Joey] All right! I’ll try! But if I can’t, you can stay with Chandler and I until you get settled.",neutral,4,4,neutral,True,0.08660339,0.008635216,0.012718465,0.17425987,0.69999677,0.01359738,0.00418891
80,7,Rachel,Go!!,anger,"[SPEAKER_Joey] All right! I’ll try! But if I can’t, you can stay with Chandler and I until you get settled.
[SPEAKER_Rachel] Go!!","[SPEAKER_Joey] All right! I’ll try! But if I can’t, you can stay with Chandler and I until you get settled.
[SPEAKER_Rachel] Go!!",anger,0,0,anger,True,0.7366771,0.013182542,0.04966258,0.08525841,0.082522534,0.01707972,0.015617117
80,8,Joey,"All right, all right, all right.",neutral,"[SPEAKER_Rachel] Go!!
[SPEAKER_Joey] All right, all right, all right.","[SPEAKER_Rachel] Go!!
[SPEAKER_Joey] All right, all right, all right.",neutral,4,4,neutral,True,0.043613043,0.0027775685,0.0033567545,0.0824429,0.85877705,0.006825891,0.0022067502
80,9,Joey,"I mean I’ll have to check with him first, but I’ll think he’ll be cool with it.",neutral,"[SPEAKER_Joey] All right, all right, all right.
[SPEAKER_Joey] I mean I’ll have to check with him first, but I’ll think he’ll be cool with it.","[SPEAKER_Joey] All right, all right, all right.
[SPEAKER_Joey] I mean I’ll have to check with him first, but I’ll think he’ll be cool with it.",neutral,4,4,neutral,True,0.0055423314,0.0019034334,0.0019209755,0.01422518,0.97268313,0.003036833,0.00068804977
81,1,Rachel,"Well, I assume I’ll have to take showers with him, but y'know, that’s true of any job.",neutral,"[SPEAKER_Ross] So, he’s just a nice guy. You really think this Mark doesn’t want anything in exchange for helping him?
[SPEAKER_Rachel] Well, I assume I’ll have to take showers with him, but y'know, that’s true of any job.","[SPEAKER_Ross] So, he’s just a nice guy. You really think this Mark doesn’t want anything in exchange for helping him?
[SPEAKER_Rachel] Well, I assume I’ll have to take showers with him, but y'know, that’s true of any job.",neutral,4,4,neutral,True,0.0049796454,0.004244079,0.002355755,0.011710011,0.9711284,0.004821219,0.0007609556
83,1,Phoebe,Where’d you get too? We lost you after you opened up all the presents.,neutral,"[SPEAKER_Chandler] Well, my apartment isn’t there anymore, because I drank it.
[SPEAKER_Phoebe] Where’d you get too? We lost you after you opened up all the presents.","[SPEAKER_Chandler] Well, my apartment isn’t there anymore, because I drank it.
[SPEAKER_Phoebe] Where’d you get too? We lost you after you opened up all the presents.",neutral,4,5,sadness,False,0.14837474,0.013209699,0.039831843,0.28770992,0.08676169,0.33126834,0.09284377
83,2,Ross,Yeah.,neutral,"[SPEAKER_Phoebe] Where’d you get too? We lost you after you opened up all the presents.
[SPEAKER_Ross] Yeah.","[SPEAKER_Phoebe] Where’d you get too? We lost you after you opened up all the presents.
[SPEAKER_Ross] Yeah.",neutral,4,4,neutral,True,0.008102574,0.0023676066,0.0040354393,0.08833347,0.87666523,0.017966293,0.0025293252
83,3,Chandler,"Yeah, I ended up in the storage room, and not alone.",neutral,"[SPEAKER_Ross] Yeah.
[SPEAKER_Chandler] Yeah, I ended up in the storage room, and not alone.","[SPEAKER_Ross] Yeah.
[SPEAKER_Chandler] Yeah, I ended up in the storage room, and not alone.",neutral,4,4,neutral,True,0.010874218,0.0027329542,0.0009953623,0.013725805,0.96635246,0.0022528344,0.003066249
83,4,All,Woooo hoooo!!!,joy,"[SPEAKER_Chandler] Yeah, I ended up in the storage room, and not alone.
[SPEAKER_All] Woooo hoooo!!!","[SPEAKER_Chandler] Yeah, I ended up in the storage room, and not alone.
[SPEAKER_All] Woooo hoooo!!!",joy,3,3,joy,True,0.029519726,0.0030413468,0.0018693154,0.8697951,0.03085228,0.0034409538,0.06148122
83,5,Chandler,"Ow, no ‘woo-hooing,’ no ‘woo-hooing.’",anger,"[SPEAKER_All] Woooo hoooo!!!
[SPEAKER_Chandler] Ow, no ‘woo-hooing,’ no ‘woo-hooing.’","[SPEAKER_All] Woooo hoooo!!!
[SPEAKER_Chandler] Ow, no ‘woo-hooing,’ no ‘woo-hooing.’",anger,0,3,joy,False,0.13998494,0.045084193,0.064579435,0.40537155,0.27391768,0.032581076,0.038481105
83,6,Phoebe,"Why, what happened?",surprise,"[SPEAKER_Chandler] Ow, no ‘woo-hooing,’ no ‘woo-hooing.’
[SPEAKER_Phoebe] Why, what happened?","[SPEAKER_Chandler] Ow, no ‘woo-hooing,’ no ‘woo-hooing.’
[SPEAKER_Phoebe] Why, what happened?",surprise,6,4,neutral,False,0.034117393,0.0024137252,0.029166462,0.04993233,0.5554499,0.017205166,0.311715
83,7,Chandler,"Ah, I fooled around with Joey’s sister.  Well, that’s not the worst part.",sadness,"[SPEAKER_Phoebe] Why, what happened?
[SPEAKER_Chandler] Ah, I fooled around with Joey’s sister.  Well, that’s not the worst part.","[SPEAKER_Phoebe] Why, what happened?
[SPEAKER_Chandler] Ah, I fooled around with Joey’s sister.  Well, that’s not the worst part.",sadness,5,4,neutral,False,0.0095301755,0.0028630497,0.0014182656,0.07309675,0.90694714,0.005100714,0.0010439728
83,8,Monica,What is the worse part?,neutral,"[SPEAKER_Chandler] Ah, I fooled around with Joey’s sister.  Well, that’s not the worst part.
[SPEAKER_Monica] What is the worse part?","[SPEAKER_Chandler] Ah, I fooled around with Joey’s sister.  Well, that’s not the worst part.
[SPEAKER_Monica] What is the worse part?",neutral,4,6,surprise,False,0.1785377,0.04746935,0.02120367,0.060924996,0.28551358,0.08109189,0.3252588
83,9,Chandler,I can’t remember which sister.,sadness,"[SPEAKER_Monica] What is the worse part?
[SPEAKER_Chandler] I can’t remember which sister.","[SPEAKER_Monica] What is the worse part?
[SPEAKER_Chandler] I can’t remember which sister.",sadness,5,4,neutral,False,0.0072307796,0.0017436877,0.0042586303,0.014061779,0.94842774,0.0062649017,0.018012581
83,10,Ross,You see what men do! Don’t tell me men are not nice!  This is men!!,anger,"[SPEAKER_Chandler] I can’t remember which sister.
[SPEAKER_Ross] You see what men do! Don’t tell me men are not nice!  This is men!!","[SPEAKER_Chandler] I can’t remember which sister.
[SPEAKER_Ross] You see what men do! Don’t tell me men are not nice!  This is men!!",anger,0,0,anger,True,0.90233946,0.013794402,0.017648896,0.007904977,0.015572519,0.012561558,0.0301782
84,1,Joey,Nothing!,anger,"[SPEAKER_Chandler] What’s wrong with you?
[SPEAKER_Joey] Nothing!","[SPEAKER_Chandler] What’s wrong with you?
[SPEAKER_Joey] Nothing!",anger,0,4,neutral,False,0.01560142,0.0035547577,0.0018363121,0.10749257,0.8654154,0.0045898915,0.0015096818
84,2,Joey,"Well, I-I got this blinding pain in my stomach when I was lifting weights before, then I uh passed out and uh, haven’t been able to stand up since.",sadness,"[SPEAKER_Joey] Nothing!
[SPEAKER_Joey] Well, I-I got this blinding pain in my stomach when I was lifting weights before, then I uh passed out and uh, haven’t been able to stand up since.","[SPEAKER_Joey] Nothing!
[SPEAKER_Joey] Well, I-I got this blinding pain in my stomach when I was lifting weights before, then I uh passed out and uh, haven’t been able to stand up since.",sadness,5,2,fear,False,0.024027484,0.013782749,0.50758874,0.08386317,0.14455135,0.15131946,0.07486708
85,1,Chandler,This sounds like a hernia. You have to—you-you—Go to the doctor!,surprise,"[SPEAKER_Joey] But um, I don’t think it’s anything serious.
[SPEAKER_Chandler] This sounds like a hernia. You have to—you-you—Go to the doctor!","[SPEAKER_Joey] But um, I don’t think it’s anything serious.
[SPEAKER_Chandler] This sounds like a hernia. You have to—you-you—Go to the doctor!",surprise,6,2,fear,False,0.047608312,0.015864028,0.4494885,0.11914412,0.07304674,0.12314372,0.17170458
85,2,Joey,No way!,anger,"[SPEAKER_Chandler] This sounds like a hernia. You have to—you-you—Go to the doctor!
[SPEAKER_Joey] No way!","[SPEAKER_Chandler] This sounds like a hernia. You have to—you-you—Go to the doctor!
[SPEAKER_Joey] No way!",anger,0,6,surprise,False,0.027338821,0.008745522,0.08693834,0.076547205,0.09238226,0.04857185,0.6594759
85,3,Joey,"‘Kay look, if I have to go to the doctor for anything it’s gonna be for this thing sticking out of my stomach!",anger,"[SPEAKER_Joey] No way!
[SPEAKER_Joey] ‘Kay look, if I have to go to the doctor for anything it’s gonna be for this thing sticking out of my stomach!","[SPEAKER_Joey] No way!
[SPEAKER_Joey] ‘Kay look, if I have to go to the doctor for anything it’s gonna be for this thing sticking out of my stomach!",anger,0,2,fear,False,0.07133263,0.06703984,0.41851512,0.05698518,0.25328156,0.10839896,0.024446728
85,4,Joey,Why did I have to start working out again?,disgust,"[SPEAKER_Joey] ‘Kay look, if I have to go to the doctor for anything it’s gonna be for this thing sticking out of my stomach!
[SPEAKER_Joey] Why did I have to start working out again?","[SPEAKER_Joey] ‘Kay look, if I have to go to the doctor for anything it’s gonna be for this thing sticking out of my stomach!
[SPEAKER_Joey] Why did I have to start working out again?",disgust,1,4,neutral,False,0.09083324,0.0063011604,0.05504598,0.075652525,0.44711715,0.047346827,0.27770305
85,5,Joey,Damn you 15s!,anger,"[SPEAKER_Joey] Why did I have to start working out again?
[SPEAKER_Joey] Damn you 15s!","[SPEAKER_Joey] Why did I have to start working out again?
[SPEAKER_Joey] Damn you 15s!",anger,0,0,anger,True,0.8721526,0.01900303,0.023566255,0.04291608,0.01458897,0.020476764,0.0072962726
86,1,Rachel,It’s got all of these layers.,neutral,"[SPEAKER_Rachel] It’s a trifle.
[SPEAKER_Rachel] It’s got all of these layers.","[SPEAKER_Rachel] It’s a trifle.
[SPEAKER_Rachel] It’s got all of these layers.",neutral,4,4,neutral,True,0.00860821,0.0022647062,0.0009989485,0.017322343,0.9631007,0.0021139986,0.0055911047
86,2,Rachel,"First there’s a layer of ladyfingers, then a layer of jam, then custard, which I made from scratch.",neutral,"[SPEAKER_Rachel] It’s got all of these layers.
[SPEAKER_Rachel] First there’s a layer of ladyfingers, then a layer of jam, then custard, which I made from scratch.","[SPEAKER_Rachel] It’s got all of these layers.
[SPEAKER_Rachel] First there’s a layer of ladyfingers, then a layer of jam, then custard, which I made from scratch.",neutral,4,4,neutral,True,0.011227413,0.008277446,0.0035537044,0.028305471,0.93672264,0.007472941,0.0044403463
86,3,Rachel,"[Joey and Ross make impressed faces] Then raspberries, more ladyfingers, then beef sautéed with peas and onions, [Joey and Ross look like something’s wrong.]",neutral,"[SPEAKER_Rachel] First there’s a layer of ladyfingers, then a layer of jam, then custard, which I made from scratch.
[SPEAKER_Rachel] [Joey and Ross make impressed faces] Then raspberries, more ladyfingers, then beef sautéed with peas and onions, [Joey and Ross look like something’s wrong.]","[SPEAKER_Rachel] First there’s a layer of ladyfingers, then a layer of jam, then custard, which I made from scratch.
[SPEAKER_Rachel] [Joey and Ross make impressed faces] Then raspberries, more ladyfingers, then beef sautéed with peas and onions, [Joey and Ross look like something’s wrong.]",neutral,4,3,joy,False,0.026150964,0.013877587,0.0054057757,0.69103944,0.22120892,0.03689758,0.005419708
86,4,Rachel,"then a little more custard, and then bananas, and then I just put some whipped cream on top!",neutral,"[SPEAKER_Rachel] [Joey and Ross make impressed faces] Then raspberries, more ladyfingers, then beef sautéed with peas and onions, [Joey and Ross look like something’s wrong.]
[SPEAKER_Rachel] then a little more custard, and then bananas, and then I just put some whipped cream on top!","[SPEAKER_Rachel] [Joey and Ross make impressed faces] Then raspberries, more ladyfingers, then beef sautéed with peas and onions, [Joey and Ross look like something’s wrong.]
[SPEAKER_Rachel] then a little more custard, and then bananas, and then I just put some whipped cream on top!",neutral,4,3,joy,False,0.06001902,0.017183742,0.0047455244,0.6620596,0.22713174,0.02173564,0.007124674
86,5,Ross,It tastes like feet!,disgust,"[SPEAKER_Rachel] then a little more custard, and then bananas, and then I just put some whipped cream on top!
[SPEAKER_Ross] It tastes like feet!","[SPEAKER_Rachel] then a little more custard, and then bananas, and then I just put some whipped cream on top!
[SPEAKER_Ross] It tastes like feet!",disgust,1,1,disgust,True,0.06761348,0.57477725,0.033077024,0.087520875,0.08352661,0.07910278,0.07438207
86,6,Joey,I like it.,joy,"[SPEAKER_Ross] It tastes like feet!
[SPEAKER_Joey] I like it.","[SPEAKER_Ross] It tastes like feet!
[SPEAKER_Joey] I like it.",joy,3,3,joy,True,0.013035493,0.0035170496,0.0028208846,0.91624755,0.051962946,0.008721393,0.0036947157
86,7,Ross,Are you kidding?,surprise,"[SPEAKER_Joey] I like it.
[SPEAKER_Ross] Are you kidding?","[SPEAKER_Joey] I like it.
[SPEAKER_Ross] Are you kidding?",surprise,6,6,surprise,True,0.031902023,0.0033424909,0.0041472977,0.016001515,0.043884166,0.0083791055,0.8923435
87,1,Monica,"No, but he told me, he thinks your a fox.",neutral,"[SPEAKER_Chandler] Does anyone else think David Copperfield is cute?
[SPEAKER_Monica] No, but he told me, he thinks your a fox.","[SPEAKER_Chandler] Does anyone else think David Copperfield is cute?
[SPEAKER_Monica] No, but he told me, he thinks your a fox.",neutral,4,4,neutral,True,0.010254936,0.0036071872,0.0019101839,0.026068615,0.94895,0.003643726,0.0055654077
88,1,Phoebe,"Oh, oh! It's on again!",joy,"[SPEAKER_Host] Welcome everybody, welcome to Amazing Discoveries!
[SPEAKER_Phoebe] Oh, oh! It's on again!","[SPEAKER_Host] Welcome everybody, welcome to Amazing Discoveries!
[SPEAKER_Phoebe] Oh, oh! It's on again!",joy,3,6,surprise,False,0.023771266,0.0027024928,0.0046046074,0.37902135,0.04695219,0.008283971,0.53466415
88,2,Joey,"You guys, can we please not watch this all right.",disgust,"[SPEAKER_Phoebe] Oh, oh! It's on again!
[SPEAKER_Joey] You guys, can we please not watch this all right.","[SPEAKER_Phoebe] Oh, oh! It's on again!
[SPEAKER_Joey] You guys, can we please not watch this all right.",disgust,1,2,fear,False,0.13155276,0.039439153,0.55636024,0.03329864,0.09606944,0.13619016,0.0070895585
88,3,All,Shhhh!,anger,"[SPEAKER_Joey] You guys, can we please not watch this all right.
[SPEAKER_All] Shhhh!","[SPEAKER_Joey] You guys, can we please not watch this all right.
[SPEAKER_All] Shhhh!",anger,0,0,anger,True,0.74338824,0.012920042,0.072840415,0.05178957,0.04973449,0.028425545,0.040901672
88,4,Host,"Folks, has this ever happened to you.",neutral,"[SPEAKER_All] Shhhh!
[SPEAKER_Host] Folks, has this ever happened to you.","[SPEAKER_All] Shhhh!
[SPEAKER_Host] Folks, has this ever happened to you.",neutral,4,4,neutral,True,0.083852224,0.011542084,0.020181019,0.10597556,0.6553732,0.05683772,0.066238135
88,5,Host,"You go to the refrigerator to get a nice glass of milk,  and these darn cartons are so flingin'-flangin' hard to open.",neutral,"[SPEAKER_Host] Folks, has this ever happened to you.
[SPEAKER_Host] You go to the refrigerator to get a nice glass of milk,  and these darn cartons are so flingin'-flangin' hard to open.","[SPEAKER_Host] Folks, has this ever happened to you.
[SPEAKER_Host] You go to the refrigerator to get a nice glass of milk,  and these darn cartons are so flingin'-flangin' hard to open.",neutral,4,4,neutral,True,0.20721304,0.16679738,0.023015143,0.13985339,0.40068236,0.052491717,0.009946962
88,6,Joey,"Oh, you said it Mike.  Aw! There's got to be a better way!",anger,"[SPEAKER_Host] You go to the refrigerator to get a nice glass of milk,  and these darn cartons are so flingin'-flangin' hard to open.
[SPEAKER_Joey] Oh, you said it Mike.  Aw! There's got to be a better way!","[SPEAKER_Host] You go to the refrigerator to get a nice glass of milk,  and these darn cartons are so flingin'-flangin' hard to open.
[SPEAKER_Joey] Oh, you said it Mike.  Aw! There's got to be a better way!",anger,0,4,neutral,False,0.16147453,0.025231132,0.10502656,0.22028878,0.24841624,0.07735151,0.16221127
88,7,Mike,And there is Kevin.,neutral,"[SPEAKER_Joey] Oh, you said it Mike.  Aw! There's got to be a better way!
[SPEAKER_Mike] And there is Kevin.","[SPEAKER_Joey] Oh, you said it Mike.  Aw! There's got to be a better way!
[SPEAKER_Mike] And there is Kevin.",neutral,4,4,neutral,True,0.009443709,0.0010884091,0.0012745172,0.017697603,0.9659343,0.002467664,0.0020939277
88,8,Joey,Can we please turn this off?,sadness,"[SPEAKER_Mike] And there is Kevin.
[SPEAKER_Joey] Can we please turn this off?","[SPEAKER_Mike] And there is Kevin.
[SPEAKER_Joey] Can we please turn this off?",sadness,5,4,neutral,False,0.005556911,0.00133823,0.005554553,0.013979617,0.96757543,0.004752985,0.0012422716
88,9,Rachel,"Noo way, Kevin.",joy,"[SPEAKER_Joey] Can we please turn this off?
[SPEAKER_Rachel] Noo way, Kevin.","[SPEAKER_Joey] Can we please turn this off?
[SPEAKER_Rachel] Noo way, Kevin.",joy,3,4,neutral,False,0.12067872,0.18413256,0.058970265,0.05614178,0.48682708,0.08682857,0.0064209346
88,10,Mike,There is a revolutionary new product that guarantees that you'll never have to open up milk cartons again. Meet the Milk Master 2000.,neutral,"[SPEAKER_Rachel] Noo way, Kevin.
[SPEAKER_Mike] There is a revolutionary new product that guarantees that you'll never have to open up milk cartons again. Meet the Milk Master 2000.","[SPEAKER_Rachel] Noo way, Kevin.
[SPEAKER_Mike] There is a revolutionary new product that guarantees that you'll never have to open up milk cartons again. Meet the Milk Master 2000.",neutral,4,4,neutral,True,0.021737676,0.003105892,0.0023657943,0.11916557,0.845322,0.004267935,0.004035179
88,11,Ross,Are you intrigued?,surprise,"[SPEAKER_Mike] There is a revolutionary new product that guarantees that you'll never have to open up milk cartons again. Meet the Milk Master 2000.
[SPEAKER_Ross] Are you intrigued?","[SPEAKER_Mike] There is a revolutionary new product that guarantees that you'll never have to open up milk cartons again. Meet the Milk Master 2000.
[SPEAKER_Ross] Are you intrigued?",surprise,6,4,neutral,False,0.014396933,0.0025572386,0.009937159,0.015684221,0.501559,0.007570961,0.44829443
88,12,Chandler,You're flingin'-flangin' right I am!,joy,"[SPEAKER_Ross] Are you intrigued?
[SPEAKER_Chandler] You're flingin'-flangin' right I am!","[SPEAKER_Ross] Are you intrigued?
[SPEAKER_Chandler] You're flingin'-flangin' right I am!",joy,3,3,joy,True,0.18815765,0.004739019,0.01832891,0.6648047,0.09768675,0.01434353,0.0119394455
88,13,Mike,"Keep in mind, he's never used this product before, you're gonna see how easy this is to do.",neutral,"[SPEAKER_Chandler] You're flingin'-flangin' right I am!
[SPEAKER_Mike] Keep in mind, he's never used this product before, you're gonna see how easy this is to do.","[SPEAKER_Chandler] You're flingin'-flangin' right I am!
[SPEAKER_Mike] Keep in mind, he's never used this product before, you're gonna see how easy this is to do.",neutral,4,4,neutral,True,0.02054897,0.006418892,0.0032880588,0.041206006,0.9212316,0.0052387523,0.002067765
89,1,Mike,This works with any milk carton.,neutral,"[SPEAKER_Mike] Go ahead.
[SPEAKER_Mike] This works with any milk carton.","[SPEAKER_Mike] Go ahead.
[SPEAKER_Mike] This works with any milk carton.",neutral,4,4,neutral,True,0.0053556846,0.0026682443,0.0010782656,0.004768044,0.98317194,0.0014561467,0.0015015696
89,2,Joey,"Wow, it is easy.  Now, I can have milk everyday.",surprise,"[SPEAKER_Mike] This works with any milk carton.
[SPEAKER_Joey] Wow, it is easy.  Now, I can have milk everyday.","[SPEAKER_Mike] This works with any milk carton.
[SPEAKER_Joey] Wow, it is easy.  Now, I can have milk everyday.",surprise,6,4,neutral,False,0.014785176,0.007804921,0.0032444901,0.14941671,0.8004439,0.0065964987,0.0177083
90,1,Ross,She is not…  She’s gay. Oh my God. She is,anger,"[SPEAKER_Rachel] Well, you might want to tell him it sounds like his wife is  gay.
[SPEAKER_Ross] She is not…  She’s gay. Oh my God. She is","[SPEAKER_Rachel] Well, you might want to tell him it sounds like his wife is  gay.
[SPEAKER_Ross] She is not…  She’s gay. Oh my God. She is",anger,0,6,surprise,False,0.006041078,0.005013785,0.008805854,0.0071811373,0.0093514165,0.010747373,0.95285934
90,2,Rachel,Good day for married people huh?,surprise,"[SPEAKER_Ross] She is not…  She’s gay. Oh my God. She is
[SPEAKER_Rachel] Good day for married people huh?","[SPEAKER_Ross] She is not…  She’s gay. Oh my God. She is
[SPEAKER_Rachel] Good day for married people huh?",surprise,6,4,neutral,False,0.117620565,0.005877325,0.010946621,0.25124842,0.567429,0.03363466,0.013243424
90,3,Ross,I’m sorry your husband cheated on you.,sadness,"[SPEAKER_Rachel] Good day for married people huh?
[SPEAKER_Ross] I’m sorry your husband cheated on you.","[SPEAKER_Rachel] Good day for married people huh?
[SPEAKER_Ross] I’m sorry your husband cheated on you.",sadness,5,5,sadness,True,0.046700116,0.0067291437,0.0131490985,0.1419209,0.14332609,0.625413,0.022761676
90,4,Rachel,I’m sorry your wife is gay. I guess women aren’t that great either.,sadness,"[SPEAKER_Ross] I’m sorry your husband cheated on you.
[SPEAKER_Rachel] I’m sorry your wife is gay. I guess women aren’t that great either.","[SPEAKER_Ross] I’m sorry your husband cheated on you.
[SPEAKER_Rachel] I’m sorry your wife is gay. I guess women aren’t that great either.",sadness,5,5,sadness,True,0.051639266,0.017252391,0.019872801,0.11843413,0.26735926,0.48621044,0.039231732
90,5,Ross,Try telling my wife that.,sadness,"[SPEAKER_Rachel] I’m sorry your wife is gay. I guess women aren’t that great either.
[SPEAKER_Ross] Try telling my wife that.","[SPEAKER_Rachel] I’m sorry your wife is gay. I guess women aren’t that great either.
[SPEAKER_Ross] Try telling my wife that.",sadness,5,4,neutral,False,0.082471386,0.026287127,0.015228026,0.061166506,0.78808945,0.02300177,0.003755688
92,1,Monica,I'll sneak over as soon as Ross picks up Ben.,neutral,"[SPEAKER_Monica] I can't wait to be with you!
[SPEAKER_Monica] I'll sneak over as soon as Ross picks up Ben.","[SPEAKER_Monica] I can't wait to be with you!
[SPEAKER_Monica] I'll sneak over as soon as Ross picks up Ben.",neutral,4,4,neutral,True,0.0074019614,0.0024257023,0.0015436027,0.052158386,0.93192464,0.0036772508,0.00086844177
92,2,Monica,I'll just tell Rachel I'm gonna be doing laundry for a couple of hours.,neutral,"[SPEAKER_Monica] I'll sneak over as soon as Ross picks up Ben.
[SPEAKER_Monica] I'll just tell Rachel I'm gonna be doing laundry for a couple of hours.","[SPEAKER_Monica] I'll sneak over as soon as Ross picks up Ben.
[SPEAKER_Monica] I'll just tell Rachel I'm gonna be doing laundry for a couple of hours.",neutral,4,4,neutral,True,0.005803276,0.008073984,0.003466869,0.0081603965,0.9682989,0.0048306677,0.001365857
92,3,Chandler,Laundry. Huh. Is that my new nickname?,joy,"[SPEAKER_Monica] I'll just tell Rachel I'm gonna be doing laundry for a couple of hours.
[SPEAKER_Chandler] Laundry. Huh. Is that my new nickname?","[SPEAKER_Monica] I'll just tell Rachel I'm gonna be doing laundry for a couple of hours.
[SPEAKER_Chandler] Laundry. Huh. Is that my new nickname?",joy,3,4,neutral,False,0.005983152,0.0013617525,0.0015448731,0.016659785,0.9453302,0.002712961,0.026407255
92,4,Monica,"Awww, y'know what your nickname is, Mr. Big",joy,"[SPEAKER_Chandler] Laundry. Huh. Is that my new nickname?
[SPEAKER_Monica] Awww, y'know what your nickname is, Mr. Big","[SPEAKER_Chandler] Laundry. Huh. Is that my new nickname?
[SPEAKER_Monica] Awww, y'know what your nickname is, Mr. Big",joy,3,4,neutral,False,0.03732752,0.013249347,0.0031624134,0.36041585,0.5686839,0.006891827,0.010269125
92,5,Rachel,Arghh!!,disgust,"[SPEAKER_Monica] Awww, y'know what your nickname is, Mr. Big
[SPEAKER_Rachel] Arghh!!","[SPEAKER_Monica] Awww, y'know what your nickname is, Mr. Big
[SPEAKER_Rachel] Arghh!!",disgust,1,3,joy,False,0.17124195,0.030314483,0.018402988,0.32326275,0.12127867,0.03143366,0.30406547
93,1,Chandler,Oh I’m so sorry man! Is there anything I can do?,sadness,"[SPEAKER_Joey] I can’t believe I’m going to lose this job!
[SPEAKER_Chandler] Oh I’m so sorry man! Is there anything I can do?","[SPEAKER_Joey] I can’t believe I’m going to lose this job!
[SPEAKER_Chandler] Oh I’m so sorry man! Is there anything I can do?",sadness,5,5,sadness,True,0.051054176,0.015361388,0.15802872,0.18407196,0.087079704,0.4240204,0.08038367
93,2,Joey,Yeah! Help me get this mini-fridge past the security guard.,neutral,"[SPEAKER_Chandler] Oh I’m so sorry man! Is there anything I can do?
[SPEAKER_Joey] Yeah! Help me get this mini-fridge past the security guard.","[SPEAKER_Chandler] Oh I’m so sorry man! Is there anything I can do?
[SPEAKER_Joey] Yeah! Help me get this mini-fridge past the security guard.",neutral,4,4,neutral,True,0.008966027,0.0025975576,0.0020247884,0.058450844,0.92418265,0.0025551298,0.0012229899
93,3,Wayne,"Hey Joey, I want to talk to you.",neutral,"[SPEAKER_Joey] Yeah! Help me get this mini-fridge past the security guard.
[SPEAKER_Wayne] Hey Joey, I want to talk to you.","[SPEAKER_Joey] Yeah! Help me get this mini-fridge past the security guard.
[SPEAKER_Wayne] Hey Joey, I want to talk to you.",neutral,4,4,neutral,True,0.0030665274,0.0011049889,0.0017902025,0.008130516,0.9831449,0.0020688963,0.0006939783
93,4,Joey,Yeah?,neutral,"[SPEAKER_Wayne] Hey Joey, I want to talk to you.
[SPEAKER_Joey] Yeah?","[SPEAKER_Wayne] Hey Joey, I want to talk to you.
[SPEAKER_Joey] Yeah?",neutral,4,4,neutral,True,0.027947702,0.0022234437,0.014942345,0.022613263,0.5795763,0.012098323,0.34059864
93,9,Joey,"Wayne, Chandler.",neutral,"[SPEAKER_Joey] Oh, Chandler, Wayne.
[SPEAKER_Joey] Wayne, Chandler.","[SPEAKER_Joey] Oh, Chandler, Wayne.
[SPEAKER_Joey] Wayne, Chandler.",neutral,4,4,neutral,True,0.0073529487,0.0018361775,0.0021086016,0.008499497,0.9746799,0.003348164,0.002174732
93,10,Chandler,"Hi, how are ya?",neutral,"[SPEAKER_Joey] Wayne, Chandler.
[SPEAKER_Chandler] Hi, how are ya?","[SPEAKER_Joey] Wayne, Chandler.
[SPEAKER_Chandler] Hi, how are ya?",neutral,4,4,neutral,True,0.0075885477,0.000963368,0.0022832993,0.043663625,0.91028106,0.0026777491,0.032542333
93,11,Wayne,"Joey, Joey, I-I-I’ll g-get you your job back if you help me out.",neutral,"[SPEAKER_Chandler] Hi, how are ya?
[SPEAKER_Wayne] Joey, Joey, I-I-I’ll g-get you your job back if you help me out.","[SPEAKER_Chandler] Hi, how are ya?
[SPEAKER_Wayne] Joey, Joey, I-I-I’ll g-get you your job back if you help me out.",neutral,4,3,joy,False,0.073068894,0.010570995,0.25333336,0.36571905,0.20530154,0.056125183,0.03588101
93,12,Joey,Why should I help you?!,anger,"[SPEAKER_Wayne] Joey, Joey, I-I-I’ll g-get you your job back if you help me out.
[SPEAKER_Joey] Why should I help you?!","[SPEAKER_Wayne] Joey, Joey, I-I-I’ll g-get you your job back if you help me out.
[SPEAKER_Joey] Why should I help you?!",anger,0,6,surprise,False,0.3529411,0.006271696,0.02023122,0.061210062,0.13615982,0.02954535,0.39364076
93,13,Chandler,The reason he just said.,neutral,"[SPEAKER_Joey] Why should I help you?!
[SPEAKER_Chandler] The reason he just said.","[SPEAKER_Joey] Why should I help you?!
[SPEAKER_Chandler] The reason he just said.",neutral,4,4,neutral,True,0.00644939,0.0010524907,0.0018383726,0.0040289415,0.9796919,0.002415183,0.004523653
93,14,Joey,What do you need?,neutral,"[SPEAKER_Chandler] The reason he just said.
[SPEAKER_Joey] What do you need?","[SPEAKER_Chandler] The reason he just said.
[SPEAKER_Joey] What do you need?",neutral,4,4,neutral,True,0.013503347,0.0011453738,0.00516734,0.009987217,0.9483216,0.0036479726,0.018227203
93,15,Wayne,"I-I-I saw you on stage talking to that beautiful woman, y’know Sarah?",neutral,"[SPEAKER_Joey] What do you need?
[SPEAKER_Wayne] I-I-I saw you on stage talking to that beautiful woman, y’know Sarah?","[SPEAKER_Joey] What do you need?
[SPEAKER_Wayne] I-I-I saw you on stage talking to that beautiful woman, y’know Sarah?",neutral,4,6,surprise,False,0.015731234,0.0029361101,0.042268433,0.09872488,0.1307754,0.021243762,0.6883202
94,1,Ross,And I too am just a love machine.,neutral,"[SPEAKER_Paul] What?
[SPEAKER_Ross] And I too am just a love machine.","[SPEAKER_Paul] What?
[SPEAKER_Ross] And I too am just a love machine.",neutral,4,4,neutral,True,0.013403553,0.0026329667,0.00129518,0.041929666,0.93424,0.0053497325,0.0011488975
94,2,Paul,"Ross, let me show you where the guest room is.",neutral,"[SPEAKER_Ross] And I too am just a love machine.
[SPEAKER_Paul] Ross, let me show you where the guest room is.","[SPEAKER_Ross] And I too am just a love machine.
[SPEAKER_Paul] Ross, let me show you where the guest room is.",neutral,4,4,neutral,True,0.007334124,0.0019601001,0.0009465432,0.02267496,0.96449393,0.001584078,0.0010062642
95,1,Guest #1,"See ya Phoebe! Oh and hey, thanks for chipping in!",joy,"[SPEAKER_Phoebe] Oh, I thought this was your party and it turns out it’s a party for Howard. He's just the sweetest little man!
[SPEAKER_Guest #1] See ya Phoebe! Oh and hey, thanks for chipping in!","[SPEAKER_Phoebe] Oh, I thought this was your party and it turns out it’s a party for Howard. He's just the sweetest little man!
[SPEAKER_Guest #1] See ya Phoebe! Oh and hey, thanks for chipping in!",joy,3,3,joy,True,0.0053820666,0.0007219561,0.0007354477,0.94737566,0.038260557,0.0032483314,0.0042759394
95,2,Ross,You chipped in?!,surprise,"[SPEAKER_Guest #1] See ya Phoebe! Oh and hey, thanks for chipping in!
[SPEAKER_Ross] You chipped in?!","[SPEAKER_Guest #1] See ya Phoebe! Oh and hey, thanks for chipping in!
[SPEAKER_Ross] You chipped in?!",surprise,6,6,surprise,True,0.01585896,0.0016065812,0.0020998258,0.0051164622,0.014721153,0.0047953455,0.9558017
95,3,Phoebe,"Yeah, uh-huh, a 100 dollars.",neutral,"[SPEAKER_Ross] You chipped in?!
[SPEAKER_Phoebe] Yeah, uh-huh, a 100 dollars.","[SPEAKER_Ross] You chipped in?!
[SPEAKER_Phoebe] Yeah, uh-huh, a 100 dollars.",neutral,4,4,neutral,True,0.004376048,0.0017680167,0.0025167738,0.008861227,0.9666195,0.004327564,0.011530842
95,4,Ross,Phoebe! I can't believe you gave them money! I thought you agreed it was totally unreasonable that they asked me for that money!,surprise,"[SPEAKER_Phoebe] Yeah, uh-huh, a 100 dollars.
[SPEAKER_Ross] Phoebe! I can't believe you gave them money! I thought you agreed it was totally unreasonable that they asked me for that money!","[SPEAKER_Phoebe] Yeah, uh-huh, a 100 dollars.
[SPEAKER_Ross] Phoebe! I can't believe you gave them money! I thought you agreed it was totally unreasonable that they asked me for that money!",surprise,6,0,anger,False,0.5320033,0.02021464,0.020447973,0.017287448,0.019350104,0.0473282,0.3433683
95,5,Phoebe,"Yeah, but they didn't ask me!",anger,"[SPEAKER_Ross] Phoebe! I can't believe you gave them money! I thought you agreed it was totally unreasonable that they asked me for that money!
[SPEAKER_Phoebe] Yeah, but they didn't ask me!","[SPEAKER_Ross] Phoebe! I can't believe you gave them money! I thought you agreed it was totally unreasonable that they asked me for that money!
[SPEAKER_Phoebe] Yeah, but they didn't ask me!",anger,0,0,anger,True,0.49290934,0.0096715,0.026016511,0.08559314,0.07487344,0.03134515,0.27959093
95,6,Phoebe,Y'know?,neutral,"[SPEAKER_Phoebe] Yeah, but they didn't ask me!
[SPEAKER_Phoebe] Y'know?","[SPEAKER_Phoebe] Yeah, but they didn't ask me!
[SPEAKER_Phoebe] Y'know?",neutral,4,4,neutral,True,0.075609356,0.0024773497,0.011953649,0.030652147,0.82127404,0.0076965545,0.050336894
95,7,Phoebe,"This way I'm just y'know, the exotic, generous stranger.",joy,"[SPEAKER_Phoebe] Y'know?
[SPEAKER_Phoebe] This way I'm just y'know, the exotic, generous stranger.","[SPEAKER_Phoebe] Y'know?
[SPEAKER_Phoebe] This way I'm just y'know, the exotic, generous stranger.",joy,3,4,neutral,False,0.016350357,0.0043816552,0.0031494992,0.23621193,0.7190881,0.014948315,0.0058701453
95,8,Phoebe,That's always fun to be.,joy,"[SPEAKER_Phoebe] This way I'm just y'know, the exotic, generous stranger.
[SPEAKER_Phoebe] That's always fun to be.","[SPEAKER_Phoebe] This way I'm just y'know, the exotic, generous stranger.
[SPEAKER_Phoebe] That's always fun to be.",joy,3,3,joy,True,0.012692305,0.002848422,0.0014069937,0.80613256,0.16939458,0.004918727,0.0026064038
95,9,Ross,"Yeah, but you're making me look bad!",anger,"[SPEAKER_Phoebe] That's always fun to be.
[SPEAKER_Ross] Yeah, but you're making me look bad!","[SPEAKER_Phoebe] That's always fun to be.
[SPEAKER_Ross] Yeah, but you're making me look bad!",anger,0,3,joy,False,0.23380695,0.09979247,0.029533964,0.27189955,0.13695075,0.09373825,0.13427807
95,10,Phoebe,No I'm not.,neutral,"[SPEAKER_Ross] Yeah, but you're making me look bad!
[SPEAKER_Phoebe] No I'm not.","[SPEAKER_Ross] Yeah, but you're making me look bad!
[SPEAKER_Phoebe] No I'm not.",neutral,4,4,neutral,True,0.005323375,0.0019096454,0.0013741091,0.01951745,0.9676741,0.0034502395,0.0007511143
95,11,Phoebe,No!,surprise,"[SPEAKER_Phoebe] No I'm not.
[SPEAKER_Phoebe] No!","[SPEAKER_Phoebe] No I'm not.
[SPEAKER_Phoebe] No!",surprise,6,0,anger,False,0.53338194,0.028653516,0.16986793,0.058961675,0.04031311,0.051078573,0.11774315
95,12,Phoebe,If anything I'm making you look better!,joy,"[SPEAKER_Phoebe] No!
[SPEAKER_Phoebe] If anything I'm making you look better!","[SPEAKER_Phoebe] No!
[SPEAKER_Phoebe] If anything I'm making you look better!",joy,3,3,joy,True,0.07770259,0.0046667517,0.005570715,0.57237214,0.32974154,0.0067633535,0.0031828976
95,13,Phoebe,They'll see you talking to me and that's--I'm a hit!,joy,"[SPEAKER_Phoebe] If anything I'm making you look better!
[SPEAKER_Phoebe] They'll see you talking to me and that's--I'm a hit!","[SPEAKER_Phoebe] If anything I'm making you look better!
[SPEAKER_Phoebe] They'll see you talking to me and that's--I'm a hit!",joy,3,3,joy,True,0.04815947,0.0042185243,0.008395272,0.7086046,0.06813689,0.016439818,0.14604543
95,14,Steve,"Oh hey, Pheebs!",joy,"[SPEAKER_Phoebe] They'll see you talking to me and that's--I'm a hit!
[SPEAKER_Steve] Oh hey, Pheebs!","[SPEAKER_Phoebe] They'll see you talking to me and that's--I'm a hit!
[SPEAKER_Steve] Oh hey, Pheebs!",joy,3,3,joy,True,0.011369334,0.0013606829,0.0011478475,0.92542547,0.025854837,0.0029943776,0.031847488
95,15,Phoebe,Hey!,joy,"[SPEAKER_Steve] Oh hey, Pheebs!
[SPEAKER_Phoebe] Hey!","[SPEAKER_Steve] Oh hey, Pheebs!
[SPEAKER_Phoebe] Hey!",joy,3,3,joy,True,0.024471147,0.0022161007,0.0024115888,0.808698,0.06777547,0.005337032,0.089090705
95,16,Steve,"Oh hey, Ross.",neutral,"[SPEAKER_Phoebe] Hey!
[SPEAKER_Steve] Oh hey, Ross.","[SPEAKER_Phoebe] Hey!
[SPEAKER_Steve] Oh hey, Ross.",neutral,4,4,neutral,True,0.0036686424,0.0010832795,0.0023079854,0.06575169,0.91751975,0.004522925,0.005145678
95,17,Steve,"Umm, see, I was thinking maybe you two could switch apartments because Phoebe's more our kind of people.",fear,"[SPEAKER_Steve] Oh hey, Ross.
[SPEAKER_Steve] Umm, see, I was thinking maybe you two could switch apartments because Phoebe's more our kind of people.","[SPEAKER_Steve] Oh hey, Ross.
[SPEAKER_Steve] Umm, see, I was thinking maybe you two could switch apartments because Phoebe's more our kind of people.",fear,2,4,neutral,False,0.0052094357,0.0017984948,0.0012535795,0.0087786205,0.97857064,0.0030162425,0.0013729938
95,18,Steve,Something to think about.,neutral,"[SPEAKER_Steve] Umm, see, I was thinking maybe you two could switch apartments because Phoebe's more our kind of people.
[SPEAKER_Steve] Something to think about.","[SPEAKER_Steve] Umm, see, I was thinking maybe you two could switch apartments because Phoebe's more our kind of people.
[SPEAKER_Steve] Something to think about.",neutral,4,4,neutral,True,0.007658295,0.0044650338,0.005679932,0.04062755,0.93198645,0.0059963292,0.0035863733
95,19,Phoebe,"Yeah, okay, my bad.",joy,"[SPEAKER_Steve] Something to think about.
[SPEAKER_Phoebe] Yeah, okay, my bad.","[SPEAKER_Steve] Something to think about.
[SPEAKER_Phoebe] Yeah, okay, my bad.",joy,3,4,neutral,False,0.035517745,0.067585416,0.045029514,0.26035634,0.30564275,0.2663094,0.01955883
96,1,Monica,For what?,neutral,"[SPEAKER_Joey] Here. I need to borrow some moisturizer.
[SPEAKER_Monica] For what?","[SPEAKER_Joey] Here. I need to borrow some moisturizer.
[SPEAKER_Monica] For what?",neutral,4,4,neutral,True,0.00993168,0.0012224683,0.004173611,0.011469942,0.9504301,0.003620215,0.019152055
96,2,Joey,Whaddya think? Today's the big day!,joy,"[SPEAKER_Monica] For what?
[SPEAKER_Joey] Whaddya think? Today's the big day!","[SPEAKER_Monica] For what?
[SPEAKER_Joey] Whaddya think? Today's the big day!",joy,3,3,joy,True,0.036749717,0.0026693575,0.0028940144,0.6255281,0.046263542,0.0065496354,0.2793456
96,3,Monica,"Oh my God. Okay, go into the bathroom, use whatever you want, just don't ever tell me what you did in there.",disgust,"[SPEAKER_Joey] Whaddya think? Today's the big day!
[SPEAKER_Monica] Oh my God. Okay, go into the bathroom, use whatever you want, just don't ever tell me what you did in there.","[SPEAKER_Joey] Whaddya think? Today's the big day!
[SPEAKER_Monica] Oh my God. Okay, go into the bathroom, use whatever you want, just don't ever tell me what you did in there.",disgust,1,6,surprise,False,0.047367603,0.16351469,0.06650378,0.044098146,0.04875445,0.108385615,0.5213757
96,4,Joey,Thank you!,joy,"[SPEAKER_Monica] Oh my God. Okay, go into the bathroom, use whatever you want, just don't ever tell me what you did in there.
[SPEAKER_Joey] Thank you!","[SPEAKER_Monica] Oh my God. Okay, go into the bathroom, use whatever you want, just don't ever tell me what you did in there.
[SPEAKER_Joey] Thank you!",joy,3,3,joy,True,0.022161214,0.0014880402,0.0020898844,0.90528166,0.05060045,0.0037921495,0.014586595
96,5,Chandler,Where's Joey? His mom's on the phone.,neutral,"[SPEAKER_Joey] Thank you!
[SPEAKER_Chandler] Where's Joey? His mom's on the phone.","[SPEAKER_Joey] Thank you!
[SPEAKER_Chandler] Where's Joey? His mom's on the phone.",neutral,4,4,neutral,True,0.00306383,0.000746083,0.0011218963,0.0037144774,0.98501325,0.0014312994,0.004909319
96,6,Monica,He's in the bathroom. I don't think you wanna go in there!,anger,"[SPEAKER_Chandler] Where's Joey? His mom's on the phone.
[SPEAKER_Monica] He's in the bathroom. I don't think you wanna go in there!","[SPEAKER_Chandler] Where's Joey? His mom's on the phone.
[SPEAKER_Monica] He's in the bathroom. I don't think you wanna go in there!",anger,0,4,neutral,False,0.114363536,0.14853719,0.05078,0.10678278,0.31394058,0.08192697,0.18366896
96,7,Chandler,"C'mon, we're roommates!  My eyes!! My eyes!!",disgust,"[SPEAKER_Monica] He's in the bathroom. I don't think you wanna go in there!
[SPEAKER_Chandler] C'mon, we're roommates!  My eyes!! My eyes!!","[SPEAKER_Monica] He's in the bathroom. I don't think you wanna go in there!
[SPEAKER_Chandler] C'mon, we're roommates!  My eyes!! My eyes!!",disgust,1,6,surprise,False,0.04277346,0.012341998,0.0082695605,0.049763385,0.016327891,0.012492633,0.8580311
96,8,Monica,I warned you...,neutral,"[SPEAKER_Chandler] C'mon, we're roommates!  My eyes!! My eyes!!
[SPEAKER_Monica] I warned you...","[SPEAKER_Chandler] C'mon, we're roommates!  My eyes!! My eyes!!
[SPEAKER_Monica] I warned you...",neutral,4,0,anger,False,0.41071522,0.059390128,0.25009146,0.035381004,0.10824269,0.07970458,0.056474924
96,9,Rachel,Who is being loud?,anger,"[SPEAKER_Monica] I warned you...
[SPEAKER_Rachel] Who is being loud?","[SPEAKER_Monica] I warned you...
[SPEAKER_Rachel] Who is being loud?",anger,0,6,surprise,False,0.038922127,0.006190474,0.012534177,0.005254324,0.22888328,0.010366714,0.6978489
96,10,Chandler,"Oh, that would be Monica.",neutral,"[SPEAKER_Rachel] Who is being loud?
[SPEAKER_Chandler] Oh, that would be Monica.","[SPEAKER_Rachel] Who is being loud?
[SPEAKER_Chandler] Oh, that would be Monica.",neutral,4,4,neutral,True,0.0028396545,0.0013847067,0.0012063744,0.0035142347,0.9867235,0.0016894884,0.002642076
96,11,Chandler,"Hey, listen, I wanna borrow a coupla things, Aurora spent the night, I really wanna make her breakfast.",neutral,"[SPEAKER_Chandler] Oh, that would be Monica.
[SPEAKER_Chandler] Hey, listen, I wanna borrow a coupla things, Aurora spent the night, I really wanna make her breakfast.","[SPEAKER_Chandler] Oh, that would be Monica.
[SPEAKER_Chandler] Hey, listen, I wanna borrow a coupla things, Aurora spent the night, I really wanna make her breakfast.",neutral,4,4,neutral,True,0.0024565484,0.0024535023,0.0012919497,0.019917786,0.97072756,0.0023973987,0.00075540546
96,12,Monica,"Oh, you got the whole night, huh?",surprise,"[SPEAKER_Chandler] Hey, listen, I wanna borrow a coupla things, Aurora spent the night, I really wanna make her breakfast.
[SPEAKER_Monica] Oh, you got the whole night, huh?","[SPEAKER_Chandler] Hey, listen, I wanna borrow a coupla things, Aurora spent the night, I really wanna make her breakfast.
[SPEAKER_Monica] Oh, you got the whole night, huh?",surprise,6,4,neutral,False,0.039618578,0.0028822469,0.0057145064,0.14577396,0.5828688,0.009522392,0.21361946
96,13,Chandler,"Yeah, well, I only have twenty minutes until Ethan, so, y'know..",neutral,"[SPEAKER_Monica] Oh, you got the whole night, huh?
[SPEAKER_Chandler] Yeah, well, I only have twenty minutes until Ethan, so, y'know..","[SPEAKER_Monica] Oh, you got the whole night, huh?
[SPEAKER_Chandler] Yeah, well, I only have twenty minutes until Ethan, so, y'know..",neutral,4,4,neutral,True,0.006840449,0.0016962839,0.0015371025,0.010517551,0.97650945,0.0023041072,0.0005950347
96,14,Rachel,"Ooh, do I sense a little bit of resentment?",surprise,"[SPEAKER_Chandler] Yeah, well, I only have twenty minutes until Ethan, so, y'know..
[SPEAKER_Rachel] Ooh, do I sense a little bit of resentment?","[SPEAKER_Chandler] Yeah, well, I only have twenty minutes until Ethan, so, y'know..
[SPEAKER_Rachel] Ooh, do I sense a little bit of resentment?",surprise,6,0,anger,False,0.27264482,0.08371336,0.040072203,0.1246228,0.19819653,0.26489767,0.015852647
96,15,Chandler,"No, no resentment, believe me, it's worth it.",neutral,"[SPEAKER_Rachel] Ooh, do I sense a little bit of resentment?
[SPEAKER_Chandler] No, no resentment, believe me, it's worth it.","[SPEAKER_Rachel] Ooh, do I sense a little bit of resentment?
[SPEAKER_Chandler] No, no resentment, believe me, it's worth it.",neutral,4,4,neutral,True,0.0536939,0.016204411,0.015164647,0.2057125,0.618088,0.08961783,0.0015187023
96,16,Chandler,'Kay?,neutral,"[SPEAKER_Chandler] No, no resentment, believe me, it's worth it.
[SPEAKER_Chandler] 'Kay?","[SPEAKER_Chandler] No, no resentment, believe me, it's worth it.
[SPEAKER_Chandler] 'Kay?",neutral,4,4,neutral,True,0.048019808,0.0027881626,0.0152600035,0.028691936,0.8148769,0.009982195,0.080380954
96,17,Chandler,Y'know in a relationship you have these key moments that you know you'll remember for the rest of your life?,neutral,"[SPEAKER_Chandler] 'Kay?
[SPEAKER_Chandler] Y'know in a relationship you have these key moments that you know you'll remember for the rest of your life?","[SPEAKER_Chandler] 'Kay?
[SPEAKER_Chandler] Y'know in a relationship you have these key moments that you know you'll remember for the rest of your life?",neutral,4,4,neutral,True,0.07270102,0.0031492095,0.0048762565,0.068097696,0.83866554,0.0047415816,0.00776861
96,18,Chandler,"Well, every- single- second is like that with Aurora.. and I've just wasted about thirty-five of them talking to you people, so, uh.. Monica, can you help me with the door?",neutral,"[SPEAKER_Chandler] Y'know in a relationship you have these key moments that you know you'll remember for the rest of your life?
[SPEAKER_Chandler] Well, every- single- second is like that with Aurora.. and I've just wasted about thirty-five of them talking to you people, so, uh.. Monica, can you help me with the door?","[SPEAKER_Chandler] Y'know in a relationship you have these key moments that you know you'll remember for the rest of your life?
[SPEAKER_Chandler] Well, every- single- second is like that with Aurora.. and I've just wasted about thirty-five of them talking to you people, so, uh.. Monica, can you help me with the door?",neutral,4,4,neutral,True,0.22877184,0.025662253,0.034927405,0.09093177,0.38943785,0.2250108,0.0052581304
96,19,Monica,"Oh, um, Chandler?",neutral,"[SPEAKER_Chandler] Well, every- single- second is like that with Aurora.. and I've just wasted about thirty-five of them talking to you people, so, uh.. Monica, can you help me with the door?
[SPEAKER_Monica] Oh, um, Chandler?","[SPEAKER_Chandler] Well, every- single- second is like that with Aurora.. and I've just wasted about thirty-five of them talking to you people, so, uh.. Monica, can you help me with the door?
[SPEAKER_Monica] Oh, um, Chandler?",neutral,4,4,neutral,True,0.031107623,0.0022781354,0.018805904,0.030016918,0.49035144,0.015697846,0.41174218
96,20,Monica,"Y'know, the-the old Monica would-would remind you to scrub that Teflon pan with a plastic brush...But I'm not gonna do that.",neutral,"[SPEAKER_Monica] Oh, um, Chandler?
[SPEAKER_Monica] Y'know, the-the old Monica would-would remind you to scrub that Teflon pan with a plastic brush...But I'm not gonna do that.","[SPEAKER_Monica] Oh, um, Chandler?
[SPEAKER_Monica] Y'know, the-the old Monica would-would remind you to scrub that Teflon pan with a plastic brush...But I'm not gonna do that.",neutral,4,4,neutral,True,0.018066725,0.010862869,0.010611116,0.09977722,0.82715344,0.029900106,0.00362852
97,1,Monica,"Hey Joey! Aww, you remembered even though you're a big star!",joy,"[SPEAKER_Joey] Hey Monica, it's Joey!
[SPEAKER_Monica] Hey Joey! Aww, you remembered even though you're a big star!","[SPEAKER_Joey] Hey Monica, it's Joey!
[SPEAKER_Monica] Hey Joey! Aww, you remembered even though you're a big star!",joy,3,3,joy,True,0.0662061,0.0081961285,0.0057604252,0.5492691,0.07985415,0.018038657,0.27267545
97,2,Joey,"Aw, come on! It'll be years before I forget you!",neutral,"[SPEAKER_Monica] Hey Joey! Aww, you remembered even though you're a big star!
[SPEAKER_Joey] Aw, come on! It'll be years before I forget you!","[SPEAKER_Monica] Hey Joey! Aww, you remembered even though you're a big star!
[SPEAKER_Joey] Aw, come on! It'll be years before I forget you!",neutral,4,3,joy,False,0.059473556,0.0030151105,0.0050607133,0.85919917,0.0432569,0.009828939,0.020165665
97,3,Monica,"Joey, what's it like on a movie set, huh?",neutral,"[SPEAKER_Joey] Aw, come on! It'll be years before I forget you!
[SPEAKER_Monica] Joey, what's it like on a movie set, huh?","[SPEAKER_Joey] Aw, come on! It'll be years before I forget you!
[SPEAKER_Monica] Joey, what's it like on a movie set, huh?",neutral,4,4,neutral,True,0.037145995,0.0057193525,0.008460777,0.047020674,0.8416315,0.014538217,0.045483477
97,4,Monica,Do you have a dressing room?,neutral,"[SPEAKER_Monica] Joey, what's it like on a movie set, huh?
[SPEAKER_Monica] Do you have a dressing room?","[SPEAKER_Monica] Joey, what's it like on a movie set, huh?
[SPEAKER_Monica] Do you have a dressing room?",neutral,4,4,neutral,True,0.011910085,0.004571915,0.0021975036,0.023239672,0.9384285,0.0043651215,0.01528723
97,5,Monica,Do you have a chair with your name on it?,neutral,"[SPEAKER_Monica] Do you have a dressing room?
[SPEAKER_Monica] Do you have a chair with your name on it?","[SPEAKER_Monica] Do you have a dressing room?
[SPEAKER_Monica] Do you have a chair with your name on it?",neutral,4,4,neutral,True,0.0076372125,0.0018405241,0.0012438766,0.009806603,0.96905005,0.0021408969,0.00828083
97,6,Joey,"Uh, well yeah-yeah, I've got all of that going on.",neutral,"[SPEAKER_Monica] Do you have a chair with your name on it?
[SPEAKER_Joey] Uh, well yeah-yeah, I've got all of that going on.","[SPEAKER_Monica] Do you have a chair with your name on it?
[SPEAKER_Joey] Uh, well yeah-yeah, I've got all of that going on.",neutral,4,4,neutral,True,0.003124916,0.0009635025,0.0014403403,0.014721035,0.9767925,0.0022760138,0.0006815863
97,7,Joey,"Yeah, listen uh, I want you to make sure you tell Chandler that he couldn't have been more wrong!",neutral,"[SPEAKER_Joey] Uh, well yeah-yeah, I've got all of that going on.
[SPEAKER_Joey] Yeah, listen uh, I want you to make sure you tell Chandler that he couldn't have been more wrong!","[SPEAKER_Joey] Uh, well yeah-yeah, I've got all of that going on.
[SPEAKER_Joey] Yeah, listen uh, I want you to make sure you tell Chandler that he couldn't have been more wrong!",neutral,4,3,joy,False,0.30770707,0.0066123684,0.029936453,0.4088313,0.21969256,0.015174996,0.012045264
97,8,Joey,Uh-oh!,fear,"[SPEAKER_Joey] Yeah, listen uh, I want you to make sure you tell Chandler that he couldn't have been more wrong!
[SPEAKER_Joey] Uh-oh!","[SPEAKER_Joey] Yeah, listen uh, I want you to make sure you tell Chandler that he couldn't have been more wrong!
[SPEAKER_Joey] Uh-oh!",fear,2,6,surprise,False,0.0395937,0.011224489,0.12155391,0.07377668,0.08575356,0.046272192,0.62182546
97,9,Joey,"I gotta go Monica, my uh, my sushi's here!",neutral,"[SPEAKER_Joey] Uh-oh!
[SPEAKER_Joey] I gotta go Monica, my uh, my sushi's here!","[SPEAKER_Joey] Uh-oh!
[SPEAKER_Joey] I gotta go Monica, my uh, my sushi's here!",neutral,4,4,neutral,True,0.01821883,0.0023393233,0.005063165,0.41964045,0.53840035,0.009073967,0.007263869
97,10,Joey,Sorry about that. Thanks for waitin'.,neutral,"[SPEAKER_Joey] I gotta go Monica, my uh, my sushi's here!
[SPEAKER_Joey] Sorry about that. Thanks for waitin'.","[SPEAKER_Joey] I gotta go Monica, my uh, my sushi's here!
[SPEAKER_Joey] Sorry about that. Thanks for waitin'.",neutral,4,4,neutral,True,0.014729768,0.009589502,0.007897009,0.20268658,0.53582233,0.22670232,0.002572559
97,11,Joey,"Everybody smile!  Okay, thanks a lot! Enjoy your stay at",joy,"[SPEAKER_Joey] Sorry about that. Thanks for waitin'.
[SPEAKER_Joey] Everybody smile!  Okay, thanks a lot! Enjoy your stay at","[SPEAKER_Joey] Sorry about that. Thanks for waitin'.
[SPEAKER_Joey] Everybody smile!  Okay, thanks a lot! Enjoy your stay at",joy,3,3,joy,True,0.013741591,0.001688763,0.0014266466,0.94074446,0.036262255,0.0038471015,0.0022892312
98,1,Monica,"Mom says it's all of Manhattan, parts of Brooklyn and Queens, and they have no idea when it's coming back on.",anger,"[SPEAKER_Rachel] Wow, this is so cool, you guys. The entire city is blacked out!
[SPEAKER_Monica] Mom says it's all of Manhattan, parts of Brooklyn and Queens, and they have no idea when it's coming back on.","[SPEAKER_Rachel] Wow, this is so cool, you guys. The entire city is blacked out!
[SPEAKER_Monica] Mom says it's all of Manhattan, parts of Brooklyn and Queens, and they have no idea when it's coming back on.",anger,0,6,surprise,False,0.055502485,0.017451692,0.040403657,0.07973689,0.26586896,0.073298596,0.46773764
98,2,Rachel,"Wow, you guys, this is big.",surprise,"[SPEAKER_Monica] Mom says it's all of Manhattan, parts of Brooklyn and Queens, and they have no idea when it's coming back on.
[SPEAKER_Rachel] Wow, you guys, this is big.","[SPEAKER_Monica] Mom says it's all of Manhattan, parts of Brooklyn and Queens, and they have no idea when it's coming back on.
[SPEAKER_Rachel] Wow, you guys, this is big.",surprise,6,6,surprise,True,0.004266095,0.0021474615,0.00228584,0.010646747,0.008742742,0.004003807,0.9679073
98,3,Monica,Pants and a sweater?,anger,"[SPEAKER_Rachel] Wow, you guys, this is big.
[SPEAKER_Monica] Pants and a sweater?","[SPEAKER_Rachel] Wow, you guys, this is big.
[SPEAKER_Monica] Pants and a sweater?",anger,0,4,neutral,False,0.009442993,0.0034601204,0.010191972,0.0135990055,0.7143942,0.007181956,0.2417298
98,4,Monica,"Why, mom?",anger,"[SPEAKER_Monica] Pants and a sweater?
[SPEAKER_Monica] Why, mom?","[SPEAKER_Monica] Pants and a sweater?
[SPEAKER_Monica] Why, mom?",anger,0,6,surprise,False,0.01386159,0.0020966714,0.010666839,0.013484681,0.43834844,0.009727784,0.51181394
98,5,Monica,Who am I gonna meet in a blackout?,anger,"[SPEAKER_Monica] Why, mom?
[SPEAKER_Monica] Who am I gonna meet in a blackout?","[SPEAKER_Monica] Why, mom?
[SPEAKER_Monica] Who am I gonna meet in a blackout?",anger,0,4,neutral,False,0.13891682,0.012230308,0.10203725,0.024828829,0.6346377,0.06339798,0.02395108
98,6,Monica,Power company guys?,anger,"[SPEAKER_Monica] Who am I gonna meet in a blackout?
[SPEAKER_Monica] Power company guys?","[SPEAKER_Monica] Who am I gonna meet in a blackout?
[SPEAKER_Monica] Power company guys?",anger,0,4,neutral,False,0.03716553,0.0022740194,0.0060559516,0.017274272,0.8981253,0.0070622447,0.032042693
98,7,Monica,Eligible looters?,anger,"[SPEAKER_Monica] Power company guys?
[SPEAKER_Monica] Eligible looters?","[SPEAKER_Monica] Power company guys?
[SPEAKER_Monica] Eligible looters?",anger,0,4,neutral,False,0.013692573,0.00136859,0.003067191,0.011133709,0.9587657,0.0028136733,0.009158614
98,8,Monica,Could we talk about this later?,anger,"[SPEAKER_Monica] Eligible looters?
[SPEAKER_Monica] Could we talk about this later?","[SPEAKER_Monica] Eligible looters?
[SPEAKER_Monica] Could we talk about this later?",anger,0,4,neutral,False,0.005242415,0.0011543557,0.0015487057,0.011388494,0.97754675,0.0022520171,0.0008672878
98,9,Monica,OK.,neutral,"[SPEAKER_Monica] Could we talk about this later?
[SPEAKER_Monica] OK.","[SPEAKER_Monica] Could we talk about this later?
[SPEAKER_Monica] OK.",neutral,4,4,neutral,True,0.0052041863,0.0016399453,0.0018715373,0.014256336,0.97320235,0.0026326112,0.0011929639
98,10,Phoebe,Can I borrow the phone? I want to call my apartment and check on my grandma.  What's my number?,neutral,"[SPEAKER_Monica] OK.
[SPEAKER_Phoebe] Can I borrow the phone? I want to call my apartment and check on my grandma.  What's my number?","[SPEAKER_Monica] OK.
[SPEAKER_Phoebe] Can I borrow the phone? I want to call my apartment and check on my grandma.  What's my number?",neutral,4,4,neutral,True,0.01919179,0.0014889062,0.0030956701,0.007208104,0.95314497,0.0048487093,0.011021722
98,11,Phoebe,"Well, I never call",neutral,"[SPEAKER_Phoebe] Can I borrow the phone? I want to call my apartment and check on my grandma.  What's my number?
[SPEAKER_Phoebe] Well, I never call","[SPEAKER_Phoebe] Can I borrow the phone? I want to call my apartment and check on my grandma.  What's my number?
[SPEAKER_Phoebe] Well, I never call",neutral,4,4,neutral,True,0.07661103,0.005045136,0.004422877,0.022745512,0.8705101,0.017996633,0.0026686054
99,1,Chandler,Having a swim.,neutral,"[SPEAKER_Joey] What ‘cha doing?
[SPEAKER_Chandler] Having a swim.","[SPEAKER_Joey] What ‘cha doing?
[SPEAKER_Chandler] Having a swim.",neutral,4,4,neutral,True,0.011687718,0.0060900417,0.0029635762,0.4004805,0.5680727,0.0055623017,0.005143136
99,2,Joey,What about the chick?,neutral,"[SPEAKER_Chandler] Having a swim.
[SPEAKER_Joey] What about the chick?","[SPEAKER_Chandler] Having a swim.
[SPEAKER_Joey] What about the chick?",neutral,4,4,neutral,True,0.012411641,0.0031904108,0.0025612384,0.040746864,0.91317886,0.0038159243,0.024095004
99,3,Chandler,Chicks don’t swim.,neutral,"[SPEAKER_Joey] What about the chick?
[SPEAKER_Chandler] Chicks don’t swim.","[SPEAKER_Joey] What about the chick?
[SPEAKER_Chandler] Chicks don’t swim.",neutral,4,4,neutral,True,0.012955965,0.01149227,0.004402982,0.0388662,0.92163336,0.004894622,0.0057546273
99,4,Joey,Are you sure?,neutral,"[SPEAKER_Chandler] Chicks don’t swim.
[SPEAKER_Joey] Are you sure?","[SPEAKER_Chandler] Chicks don’t swim.
[SPEAKER_Joey] Are you sure?",neutral,4,6,surprise,False,0.030470682,0.0032378894,0.02148844,0.0628986,0.42100853,0.014702997,0.44619277
99,5,Chandler,I don’t know. Should we try it?,neutral,"[SPEAKER_Joey] Are you sure?
[SPEAKER_Chandler] I don’t know. Should we try it?","[SPEAKER_Joey] Are you sure?
[SPEAKER_Chandler] I don’t know. Should we try it?",neutral,4,4,neutral,True,0.0072660423,0.0024296937,0.011129329,0.055522785,0.9140103,0.006525437,0.003116443
99,6,Joey,Sure.,neutral,"[SPEAKER_Chandler] I don’t know. Should we try it?
[SPEAKER_Joey] Sure.","[SPEAKER_Chandler] I don’t know. Should we try it?
[SPEAKER_Joey] Sure.",neutral,4,4,neutral,True,0.0072067236,0.0030663384,0.0054781623,0.10700496,0.86516494,0.009838886,0.0022399882
99,7,Chandler,"See, I told you they don’t swim.",neutral,"[SPEAKER_Joey] Sure.
[SPEAKER_Chandler] See, I told you they don’t swim.","[SPEAKER_Joey] Sure.
[SPEAKER_Chandler] See, I told you they don’t swim.",neutral,4,4,neutral,True,0.012092069,0.007745779,0.021767277,0.033170454,0.8750774,0.013234821,0.03691221
99,8,Joey,Wait. Give him a minute.,neutral,"[SPEAKER_Chandler] See, I told you they don’t swim.
[SPEAKER_Joey] Wait. Give him a minute.","[SPEAKER_Chandler] See, I told you they don’t swim.
[SPEAKER_Joey] Wait. Give him a minute.",neutral,4,4,neutral,True,0.003958352,0.0019158093,0.0027142263,0.0060714902,0.98246163,0.0018269643,0.0010515344
99,9,Chandler,"Noo!  Oh, it’s okay, it’s okay, baby, baby, baby.",fear,"[SPEAKER_Joey] Wait. Give him a minute.
[SPEAKER_Chandler] Noo!  Oh, it’s okay, it’s okay, baby, baby, baby.","[SPEAKER_Joey] Wait. Give him a minute.
[SPEAKER_Chandler] Noo!  Oh, it’s okay, it’s okay, baby, baby, baby.",fear,2,1,disgust,False,0.11120523,0.4273056,0.083308466,0.10410032,0.07346333,0.1780934,0.0225237
100,1,Phoebe,You guys feel safe.,neutral,"[SPEAKER_Phoebe] Me taking care of you is no problem, huh?
[SPEAKER_Phoebe] You guys feel safe.","[SPEAKER_Phoebe] Me taking care of you is no problem, huh?
[SPEAKER_Phoebe] You guys feel safe.",neutral,4,4,neutral,True,0.009872518,0.003309706,0.005106276,0.019520946,0.9563983,0.004970275,0.0008220326
100,2,Phoebe,Right?,neutral,"[SPEAKER_Phoebe] You guys feel safe.
[SPEAKER_Phoebe] Right?","[SPEAKER_Phoebe] You guys feel safe.
[SPEAKER_Phoebe] Right?",neutral,4,4,neutral,True,0.03040622,0.0021319035,0.009672992,0.040316053,0.88228875,0.010693377,0.024490701
100,3,Phoebe,"Okay, I’m gonna take that spit bubble as, ""Yeah, I do!""",neutral,"[SPEAKER_Phoebe] Right?
[SPEAKER_Phoebe] Okay, I’m gonna take that spit bubble as, ""Yeah, I do!""","[SPEAKER_Phoebe] Right?
[SPEAKER_Phoebe] Okay, I’m gonna take that spit bubble as, ""Yeah, I do!""",neutral,4,3,joy,False,0.22821766,0.0095144855,0.010672852,0.5943555,0.13213912,0.013325514,0.011774859
100,4,Phoebe,"Okay, after I get rid of this dirty diaper Leslie, I’ll set you up with a clean one.",neutral,"[SPEAKER_Phoebe] Okay, I’m gonna take that spit bubble as, ""Yeah, I do!""
[SPEAKER_Phoebe] Okay, after I get rid of this dirty diaper Leslie, I’ll set you up with a clean one.","[SPEAKER_Phoebe] Okay, I’m gonna take that spit bubble as, ""Yeah, I do!""
[SPEAKER_Phoebe] Okay, after I get rid of this dirty diaper Leslie, I’ll set you up with a clean one.",neutral,4,4,neutral,True,0.011849541,0.009478942,0.0019605472,0.019510357,0.95260704,0.0036206483,0.00097302353
100,5,Phoebe,"Okay, I’m sorry.",sadness,"[SPEAKER_Phoebe] Okay, after I get rid of this dirty diaper Leslie, I’ll set you up with a clean one.
[SPEAKER_Phoebe] Okay, I’m sorry.","[SPEAKER_Phoebe] Okay, after I get rid of this dirty diaper Leslie, I’ll set you up with a clean one.
[SPEAKER_Phoebe] Okay, I’m sorry.",sadness,5,5,sadness,True,0.009912211,0.004932419,0.026507437,0.02799529,0.042856712,0.87872493,0.009070903
100,6,Phoebe,I didn’t mean to scare you.,sadness,"[SPEAKER_Phoebe] Okay, I’m sorry.
[SPEAKER_Phoebe] I didn’t mean to scare you.","[SPEAKER_Phoebe] Okay, I’m sorry.
[SPEAKER_Phoebe] I didn’t mean to scare you.",sadness,5,4,neutral,False,0.02038725,0.0038231106,0.036644045,0.09252882,0.80636406,0.025362652,0.014890023
100,7,Phoebe,I just have to clean that up.,neutral,"[SPEAKER_Phoebe] I didn’t mean to scare you.
[SPEAKER_Phoebe] I just have to clean that up.","[SPEAKER_Phoebe] I didn’t mean to scare you.
[SPEAKER_Phoebe] I just have to clean that up.",neutral,4,4,neutral,True,0.011423956,0.004352915,0.005946196,0.019093908,0.9509691,0.0069320123,0.0012818729
100,8,Phoebe,Okay?,neutral,"[SPEAKER_Phoebe] I just have to clean that up.
[SPEAKER_Phoebe] Okay?","[SPEAKER_Phoebe] I just have to clean that up.
[SPEAKER_Phoebe] Okay?",neutral,4,4,neutral,True,0.056576177,0.0029782667,0.012607096,0.034232933,0.80706924,0.012706242,0.073829986
100,9,Phoebe,"‘Cause let’s face it, we’re at Monica’s.",neutral,"[SPEAKER_Phoebe] Okay?
[SPEAKER_Phoebe] ‘Cause let’s face it, we’re at Monica’s.","[SPEAKER_Phoebe] Okay?
[SPEAKER_Phoebe] ‘Cause let’s face it, we’re at Monica’s.",neutral,4,4,neutral,True,0.0033512525,0.0015618695,0.0009249341,0.011519426,0.98018354,0.0018182602,0.00064065226
100,10,Phoebe,I broke it.,sadness,"[SPEAKER_Phoebe] ‘Cause let’s face it, we’re at Monica’s.
[SPEAKER_Phoebe] I broke it.","[SPEAKER_Phoebe] ‘Cause let’s face it, we’re at Monica’s.
[SPEAKER_Phoebe] I broke it.",sadness,5,3,joy,False,0.3084505,0.0065095755,0.02172157,0.48941138,0.09397923,0.06474756,0.0151801985
100,11,Phoebe,All right.,neutral,"[SPEAKER_Phoebe] I broke it.
[SPEAKER_Phoebe] All right.","[SPEAKER_Phoebe] I broke it.
[SPEAKER_Phoebe] All right.",neutral,4,4,neutral,True,0.02087941,0.0023014913,0.002677725,0.026468832,0.94114226,0.005388545,0.0011417078
100,12,Phoebe,"Well, that’s just the way that goes.",neutral,"[SPEAKER_Phoebe] All right.
[SPEAKER_Phoebe] Well, that’s just the way that goes.","[SPEAKER_Phoebe] All right.
[SPEAKER_Phoebe] Well, that’s just the way that goes.",neutral,4,4,neutral,True,0.008386274,0.0018557454,0.0014408529,0.019339865,0.9646019,0.0038281619,0.0005472443
100,13,Phoebe,"Okay, good.",neutral,"[SPEAKER_Phoebe] Well, that’s just the way that goes.
[SPEAKER_Phoebe] Okay, good.","[SPEAKER_Phoebe] Well, that’s just the way that goes.
[SPEAKER_Phoebe] Okay, good.",neutral,4,4,neutral,True,0.024352672,0.010192243,0.006395274,0.28057134,0.6502614,0.02624487,0.0019822621
100,14,Phoebe,Why are there only two of you?,fear,"[SPEAKER_Phoebe] Okay, good.
[SPEAKER_Phoebe] Why are there only two of you?","[SPEAKER_Phoebe] Okay, good.
[SPEAKER_Phoebe] Why are there only two of you?",fear,2,6,surprise,False,0.04720362,0.0031594934,0.0068878448,0.011347298,0.36085588,0.011498702,0.5590472
100,15,Phoebe,Where is Leslie?,fear,"[SPEAKER_Phoebe] Why are there only two of you?
[SPEAKER_Phoebe] Where is Leslie?","[SPEAKER_Phoebe] Why are there only two of you?
[SPEAKER_Phoebe] Where is Leslie?",fear,2,4,neutral,False,0.009992693,0.0009890714,0.001314254,0.005495504,0.97165436,0.0023277763,0.008226305
100,16,Phoebe,"Well, you can’t answer.",neutral,"[SPEAKER_Phoebe] Where is Leslie?
[SPEAKER_Phoebe] Well, you can’t answer.","[SPEAKER_Phoebe] Where is Leslie?
[SPEAKER_Phoebe] Well, you can’t answer.",neutral,4,4,neutral,True,0.03319066,0.0017039853,0.009711525,0.028287703,0.88698393,0.011875825,0.02824634
100,17,Phoebe,Leslie?,neutral,"[SPEAKER_Phoebe] Well, you can’t answer.
[SPEAKER_Phoebe] Leslie?","[SPEAKER_Phoebe] Well, you can’t answer.
[SPEAKER_Phoebe] Leslie?",neutral,4,4,neutral,True,0.0374312,0.002457326,0.013930704,0.012373409,0.7002307,0.013251666,0.22032504
100,18,Phoebe,Where are you Leslie?,fear,"[SPEAKER_Phoebe] Leslie?
[SPEAKER_Phoebe] Where are you Leslie?","[SPEAKER_Phoebe] Leslie?
[SPEAKER_Phoebe] Where are you Leslie?",fear,2,4,neutral,False,0.013766161,0.0009302528,0.0016120463,0.0063589704,0.9593846,0.0024312127,0.015516705
100,19,Phoebe,"Leslie, now would be a",sadness,"[SPEAKER_Phoebe] Where are you Leslie?
[SPEAKER_Phoebe] Leslie, now would be a","[SPEAKER_Phoebe] Where are you Leslie?
[SPEAKER_Phoebe] Leslie, now would be a",sadness,5,4,neutral,False,0.009103908,0.0011413024,0.0009623977,0.0053173825,0.9794277,0.0014828353,0.002564422
101,1,Monica,Hey.,neutral,"[SPEAKER_Phoebe] Hey!
[SPEAKER_Monica] Hey.","[SPEAKER_Phoebe] Hey!
[SPEAKER_Monica] Hey.",neutral,4,4,neutral,True,0.0031155508,0.0007698303,0.00076010503,0.007046062,0.98456836,0.0013270678,0.002412955
101,2,Phoebe,"Hey, why are you mopping your ceiling?",sadness,"[SPEAKER_Monica] Hey.
[SPEAKER_Phoebe] Hey, why are you mopping your ceiling?","[SPEAKER_Monica] Hey.
[SPEAKER_Phoebe] Hey, why are you mopping your ceiling?",sadness,5,6,surprise,False,0.043804005,0.0033168271,0.0047837025,0.012747977,0.3413438,0.009124551,0.58487916
101,3,Monica,"Oh, there’s banana on it.",neutral,"[SPEAKER_Phoebe] Hey, why are you mopping your ceiling?
[SPEAKER_Monica] Oh, there’s banana on it.","[SPEAKER_Phoebe] Hey, why are you mopping your ceiling?
[SPEAKER_Monica] Oh, there’s banana on it.",neutral,4,4,neutral,True,0.0028234588,0.0034275134,0.0010026392,0.010223135,0.97823274,0.002202001,0.002088511
102,1,Phoebe,"Yeah, she was bald, she’s not now.",neutral,"[SPEAKER_Rachel] You said she was bald.
[SPEAKER_Phoebe] Yeah, she was bald, she’s not now.","[SPEAKER_Rachel] You said she was bald.
[SPEAKER_Phoebe] Yeah, she was bald, she’s not now.",neutral,4,4,neutral,True,0.015994025,0.009527539,0.0043970924,0.019218577,0.9303312,0.009948134,0.010583474
102,2,Rachel,How could you not tell me that she has hair?,surprise,"[SPEAKER_Phoebe] Yeah, she was bald, she’s not now.
[SPEAKER_Rachel] How could you not tell me that she has hair?","[SPEAKER_Phoebe] Yeah, she was bald, she’s not now.
[SPEAKER_Rachel] How could you not tell me that she has hair?",surprise,6,6,surprise,True,0.03696008,0.004094259,0.0109423315,0.023102503,0.05411229,0.011498742,0.8592897
102,3,Phoebe,"I don’t know, I hardly ever say that about people.",neutral,"[SPEAKER_Rachel] How could you not tell me that she has hair?
[SPEAKER_Phoebe] I don’t know, I hardly ever say that about people.","[SPEAKER_Rachel] How could you not tell me that she has hair?
[SPEAKER_Phoebe] I don’t know, I hardly ever say that about people.",neutral,4,4,neutral,True,0.062906004,0.021404209,0.01368068,0.09434841,0.7411422,0.050914027,0.015604417
102,4,Rachel,"Ohh, well, this is just perfect!",anger,"[SPEAKER_Phoebe] I don’t know, I hardly ever say that about people.
[SPEAKER_Rachel] Ohh, well, this is just perfect!","[SPEAKER_Phoebe] I don’t know, I hardly ever say that about people.
[SPEAKER_Rachel] Ohh, well, this is just perfect!",anger,0,3,joy,False,0.021668646,0.0011800098,0.0025075541,0.9423919,0.016301211,0.0056880265,0.01026274
102,5,Phoebe,"Well I’m sorry, I thought you said it was okay.",sadness,"[SPEAKER_Rachel] Ohh, well, this is just perfect!
[SPEAKER_Phoebe] Well I’m sorry, I thought you said it was okay.","[SPEAKER_Rachel] Ohh, well, this is just perfect!
[SPEAKER_Phoebe] Well I’m sorry, I thought you said it was okay.",sadness,5,5,sadness,True,0.023866585,0.0039100735,0.056856032,0.070853405,0.24752058,0.5117846,0.0852087
102,6,Rachel,"Yeah, I said what was okay when I thought she was some weird bald chick. I mean, y'know, that girl has hair got",anger,"[SPEAKER_Phoebe] Well I’m sorry, I thought you said it was okay.
[SPEAKER_Rachel] Yeah, I said what was okay when I thought she was some weird bald chick. I mean, y'know, that girl has hair got","[SPEAKER_Phoebe] Well I’m sorry, I thought you said it was okay.
[SPEAKER_Rachel] Yeah, I said what was okay when I thought she was some weird bald chick. I mean, y'know, that girl has hair got",anger,0,4,neutral,False,0.009035958,0.0069337706,0.0062702303,0.035034493,0.9296644,0.009511789,0.0035493337
102,7,Phoebe,"Well, maybe it won’t work out. Maybe Ross won’t like her personality.",sadness,"[SPEAKER_Rachel] Yeah, I said what was okay when I thought she was some weird bald chick. I mean, y'know, that girl has hair got
[SPEAKER_Phoebe] Well, maybe it won’t work out. Maybe Ross won’t like her personality.","[SPEAKER_Rachel] Yeah, I said what was okay when I thought she was some weird bald chick. I mean, y'know, that girl has hair got
[SPEAKER_Phoebe] Well, maybe it won’t work out. Maybe Ross won’t like her personality.",sadness,5,4,neutral,False,0.22198439,0.04576568,0.06868596,0.14944327,0.29770225,0.17099099,0.045427486
102,8,Rachel,"Why, does she have a bad personality?",neutral,"[SPEAKER_Phoebe] Well, maybe it won’t work out. Maybe Ross won’t like her personality.
[SPEAKER_Rachel] Why, does she have a bad personality?","[SPEAKER_Phoebe] Well, maybe it won’t work out. Maybe Ross won’t like her personality.
[SPEAKER_Rachel] Why, does she have a bad personality?",neutral,4,4,neutral,True,0.071614504,0.019190783,0.06842841,0.06405035,0.43847784,0.11139249,0.2268456
102,9,Phoebe,"Oh no, Bonnie’s the best!",joy,"[SPEAKER_Rachel] Why, does she have a bad personality?
[SPEAKER_Phoebe] Oh no, Bonnie’s the best!","[SPEAKER_Rachel] Why, does she have a bad personality?
[SPEAKER_Phoebe] Oh no, Bonnie’s the best!",joy,3,3,joy,True,0.030558642,0.0072925272,0.008971001,0.53785676,0.096146725,0.028442405,0.29073197
103,1,Joey,Hey.,neutral,"[SPEAKER_Ross] Hey!
[SPEAKER_Joey] Hey.","[SPEAKER_Ross] Hey!
[SPEAKER_Joey] Hey.",neutral,4,4,neutral,True,0.002610003,0.0007211465,0.0008279959,0.006026737,0.9864559,0.0013460832,0.0020121653
103,2,Ross,"Do you have a minute? I’d like to talk to you about something I’m, I’m really uncomfortable talking about.",fear,"[SPEAKER_Joey] Hey.
[SPEAKER_Ross] Do you have a minute? I’d like to talk to you about something I’m, I’m really uncomfortable talking about.","[SPEAKER_Joey] Hey.
[SPEAKER_Ross] Do you have a minute? I’d like to talk to you about something I’m, I’m really uncomfortable talking about.",fear,2,4,neutral,False,0.029289983,0.008877047,0.04590686,0.031678345,0.8361154,0.04345848,0.0046738447
103,3,Joey,"Sure. What? About uh, you showering with your mom?",surprise,"[SPEAKER_Ross] Do you have a minute? I’d like to talk to you about something I’m, I’m really uncomfortable talking about.
[SPEAKER_Joey] Sure. What? About uh, you showering with your mom?","[SPEAKER_Ross] Do you have a minute? I’d like to talk to you about something I’m, I’m really uncomfortable talking about.
[SPEAKER_Joey] Sure. What? About uh, you showering with your mom?",surprise,6,6,surprise,True,0.033607338,0.006006018,0.049521655,0.035243034,0.2837051,0.03803657,0.5538803
103,4,Ross,"I actually had a topic in mind! I’m, I’m kinda going through a dry spell, sex wise.",anger,"[SPEAKER_Joey] Sure. What? About uh, you showering with your mom?
[SPEAKER_Ross] I actually had a topic in mind! I’m, I’m kinda going through a dry spell, sex wise.","[SPEAKER_Joey] Sure. What? About uh, you showering with your mom?
[SPEAKER_Ross] I actually had a topic in mind! I’m, I’m kinda going through a dry spell, sex wise.",anger,0,3,joy,False,0.034120724,0.004377674,0.007918893,0.5298795,0.40579572,0.014381217,0.0035262639
103,5,Joey,"Whoa, for like months?",surprise,"[SPEAKER_Ross] I actually had a topic in mind! I’m, I’m kinda going through a dry spell, sex wise.
[SPEAKER_Joey] Whoa, for like months?","[SPEAKER_Ross] I actually had a topic in mind! I’m, I’m kinda going through a dry spell, sex wise.
[SPEAKER_Joey] Whoa, for like months?",surprise,6,6,surprise,True,0.011656589,0.0018579158,0.003957869,0.005249897,0.016284794,0.007394139,0.9535986
104,1,Cliff,No!,surprise,"[SPEAKER_Joey] Excellent! Excellent! And uh, finally, are you into any weird stuff y’know, sexually?
[SPEAKER_Cliff] No!","[SPEAKER_Joey] Excellent! Excellent! And uh, finally, are you into any weird stuff y’know, sexually?
[SPEAKER_Cliff] No!",surprise,6,3,joy,False,0.21552622,0.041938324,0.031834017,0.40778527,0.15686831,0.053498115,0.0925497
104,2,Joey,"Oooh, wrong answer.",neutral,"[SPEAKER_Cliff] No!
[SPEAKER_Joey] Oooh, wrong answer.","[SPEAKER_Cliff] No!
[SPEAKER_Joey] Oooh, wrong answer.",neutral,4,4,neutral,True,0.11955127,0.05909453,0.028061403,0.11910719,0.49915874,0.08415164,0.09087525
105,1,Phoebe,No! No!! It’s me! It’s me! I-I didn’t want to make any noise!,fear,"[SPEAKER_Phoebe] Ow! My ass. Okay. Okay.  Oh, shhh!
[SPEAKER_Phoebe] No! No!! It’s me! It’s me! I-I didn’t want to make any noise!","[SPEAKER_Phoebe] Ow! My ass. Okay. Okay.  Oh, shhh!
[SPEAKER_Phoebe] No! No!! It’s me! It’s me! I-I didn’t want to make any noise!",fear,2,2,fear,True,0.22719729,0.02042341,0.34514356,0.08718365,0.11266331,0.04920349,0.15818524
105,2,Phoebe Sr,Then don't break in!!,anger,"[SPEAKER_Phoebe] No! No!! It’s me! It’s me! I-I didn’t want to make any noise!
[SPEAKER_Phoebe Sr] Then don't break in!!","[SPEAKER_Phoebe] No! No!! It’s me! It’s me! I-I didn’t want to make any noise!
[SPEAKER_Phoebe Sr] Then don't break in!!",anger,0,0,anger,True,0.4659118,0.011714624,0.05805086,0.11446028,0.31977943,0.011690383,0.018392663
106,1,Chandler,I have the lung capacity of a two year old.,neutral,"[SPEAKER_Joey] Oh yeah, Smokey Joe here got half way to the highway and collapsed.
[SPEAKER_Chandler] I have the lung capacity of a two year old.","[SPEAKER_Joey] Oh yeah, Smokey Joe here got half way to the highway and collapsed.
[SPEAKER_Chandler] I have the lung capacity of a two year old.",neutral,4,4,neutral,True,0.049727097,0.10140697,0.0194415,0.074368045,0.6612064,0.03609328,0.057756677
106,2,Monica,Then why are you smoking?,disgust,"[SPEAKER_Chandler] I have the lung capacity of a two year old.
[SPEAKER_Monica] Then why are you smoking?","[SPEAKER_Chandler] I have the lung capacity of a two year old.
[SPEAKER_Monica] Then why are you smoking?",disgust,1,6,surprise,False,0.05099837,0.0040009823,0.009979455,0.01037884,0.40448233,0.014386541,0.50577354
106,3,Chandler,Well it’s very unsettling.,sadness,"[SPEAKER_Monica] Then why are you smoking?
[SPEAKER_Chandler] Well it’s very unsettling.","[SPEAKER_Monica] Then why are you smoking?
[SPEAKER_Chandler] Well it’s very unsettling.",sadness,5,6,surprise,False,0.057690382,0.04227073,0.083816744,0.14237157,0.20558578,0.10262162,0.36564326
107,1,Ross,Hmm?,neutral,"[SPEAKER_Rachel] Honey, I was wondering....
[SPEAKER_Ross] Hmm?","[SPEAKER_Rachel] Honey, I was wondering....
[SPEAKER_Ross] Hmm?",neutral,4,4,neutral,True,0.0217832,0.0019724476,0.008797014,0.014044449,0.8511504,0.0071514514,0.095101066
107,2,Rachel,"Do you still have that, um, Navy uniform?",joy,"[SPEAKER_Ross] Hmm?
[SPEAKER_Rachel] Do you still have that, um, Navy uniform?","[SPEAKER_Ross] Hmm?
[SPEAKER_Rachel] Do you still have that, um, Navy uniform?",joy,3,4,neutral,False,0.0077137537,0.0020072733,0.0072746444,0.0080874525,0.8761334,0.0071785254,0.09160497
107,3,Ross,"Nooo, I had to return it to the costume place.",sadness,"[SPEAKER_Rachel] Do you still have that, um, Navy uniform?
[SPEAKER_Ross] Nooo, I had to return it to the costume place.","[SPEAKER_Rachel] Do you still have that, um, Navy uniform?
[SPEAKER_Ross] Nooo, I had to return it to the costume place.",sadness,5,4,neutral,False,0.004751808,0.0025246409,0.0032366,0.0120413,0.97131956,0.0044947676,0.0016312966
107,4,Rachel,Hmm.,neutral,"[SPEAKER_Ross] Nooo, I had to return it to the costume place.
[SPEAKER_Rachel] Hmm.","[SPEAKER_Ross] Nooo, I had to return it to the costume place.
[SPEAKER_Rachel] Hmm.",neutral,4,4,neutral,True,0.0031885991,0.0011052431,0.001874377,0.0044148313,0.98343706,0.0018799867,0.004099859
107,5,Ross,I think I have an old band uniform from high school.,joy,"[SPEAKER_Rachel] Hmm.
[SPEAKER_Ross] I think I have an old band uniform from high school.","[SPEAKER_Rachel] Hmm.
[SPEAKER_Ross] I think I have an old band uniform from high school.",joy,3,4,neutral,False,0.004514009,0.003106759,0.002986849,0.0101825865,0.967561,0.005002663,0.00664605
107,6,Rachel,"You remember not having sex in high school, right?",sadness,"[SPEAKER_Ross] I think I have an old band uniform from high school.
[SPEAKER_Rachel] You remember not having sex in high school, right?","[SPEAKER_Ross] I think I have an old band uniform from high school.
[SPEAKER_Rachel] You remember not having sex in high school, right?",sadness,5,4,neutral,False,0.02497469,0.014480297,0.008105165,0.054319117,0.84700507,0.022340849,0.028774705
107,7,Ross,Yeah.,sadness,"[SPEAKER_Rachel] You remember not having sex in high school, right?
[SPEAKER_Ross] Yeah.","[SPEAKER_Rachel] You remember not having sex in high school, right?
[SPEAKER_Ross] Yeah.",sadness,5,4,neutral,False,0.0046020225,0.0038822198,0.002632994,0.040912125,0.93897915,0.007514194,0.0014772989
107,8,Rachel,"Well honey, what about you?",neutral,"[SPEAKER_Ross] Yeah.
[SPEAKER_Rachel] Well honey, what about you?","[SPEAKER_Ross] Yeah.
[SPEAKER_Rachel] Well honey, what about you?",neutral,4,4,neutral,True,0.033813715,0.0024318655,0.02130276,0.04013769,0.776746,0.020300645,0.10526741
107,9,Ross,What?,neutral,"[SPEAKER_Rachel] Well honey, what about you?
[SPEAKER_Ross] What?","[SPEAKER_Rachel] Well honey, what about you?
[SPEAKER_Ross] What?",neutral,4,4,neutral,True,0.038164355,0.0025786518,0.013783718,0.01949116,0.7514532,0.0115716485,0.16295722
107,10,Rachel,"I mean do you have any fun, you know, fantasy type things?",neutral,"[SPEAKER_Ross] What?
[SPEAKER_Rachel] I mean do you have any fun, you know, fantasy type things?","[SPEAKER_Ross] What?
[SPEAKER_Rachel] I mean do you have any fun, you know, fantasy type things?",neutral,4,4,neutral,True,0.028046653,0.0038597032,0.003107681,0.039850775,0.9168583,0.0055012885,0.0027755734
107,11,Ross,No.,neutral,"[SPEAKER_Rachel] I mean do you have any fun, you know, fantasy type things?
[SPEAKER_Ross] No.","[SPEAKER_Rachel] I mean do you have any fun, you know, fantasy type things?
[SPEAKER_Ross] No.",neutral,4,4,neutral,True,0.004406802,0.0016420002,0.0014774627,0.012968651,0.9752626,0.0036264348,0.0006159812
107,12,Rachel,Come on you gotta have one!,surprise,"[SPEAKER_Ross] No.
[SPEAKER_Rachel] Come on you gotta have one!","[SPEAKER_Ross] No.
[SPEAKER_Rachel] Come on you gotta have one!",surprise,6,4,neutral,False,0.18417563,0.01275351,0.055389147,0.30034733,0.41123152,0.01853209,0.017570801
108,4,Monica,Not at these prices.,anger,"[SPEAKER_Phoebe] I mean if you buy a bed from Janice’s ex-husband, that’s like betraying Chandler.
[SPEAKER_Monica] Not at these prices.","[SPEAKER_Phoebe] I mean if you buy a bed from Janice’s ex-husband, that’s like betraying Chandler.
[SPEAKER_Monica] Not at these prices.",anger,0,4,neutral,False,0.023780331,0.012332595,0.0034276457,0.023024712,0.9137111,0.014124579,0.00959897
108,5,Phoebe,Hi. Y'know in England this car would be on the other side of the store.  Woo!,joy,"[SPEAKER_Monica] Not at these prices.
[SPEAKER_Phoebe] Hi. Y'know in England this car would be on the other side of the store.  Woo!","[SPEAKER_Monica] Not at these prices.
[SPEAKER_Phoebe] Hi. Y'know in England this car would be on the other side of the store.  Woo!",joy,3,3,joy,True,0.029389245,0.0031152363,0.0025921834,0.70968485,0.21089397,0.0058592125,0.038465276
108,6,Monica,"Oh! Ohhhhh! Oh! Phoebe, come here. Aw, this is my new bed. You gotta feel this bad boy.",joy,"[SPEAKER_Phoebe] Hi. Y'know in England this car would be on the other side of the store.  Woo!
[SPEAKER_Monica] Oh! Ohhhhh! Oh! Phoebe, come here. Aw, this is my new bed. You gotta feel this bad boy.","[SPEAKER_Phoebe] Hi. Y'know in England this car would be on the other side of the store.  Woo!
[SPEAKER_Monica] Oh! Ohhhhh! Oh! Phoebe, come here. Aw, this is my new bed. You gotta feel this bad boy.",joy,3,5,sadness,False,0.05113807,0.047472306,0.14746702,0.0590414,0.045233082,0.6367478,0.012900414
108,7,Phoebe,"Eh, Monica it, it feels so weird, y'know, Chandler’s your friend...  Oh!",surprise,"[SPEAKER_Monica] Oh! Ohhhhh! Oh! Phoebe, come here. Aw, this is my new bed. You gotta feel this bad boy.
[SPEAKER_Phoebe] Eh, Monica it, it feels so weird, y'know, Chandler’s your friend...  Oh!","[SPEAKER_Monica] Oh! Ohhhhh! Oh! Phoebe, come here. Aw, this is my new bed. You gotta feel this bad boy.
[SPEAKER_Phoebe] Eh, Monica it, it feels so weird, y'know, Chandler’s your friend...  Oh!",surprise,6,5,sadness,False,0.030821323,0.017391913,0.099124014,0.161193,0.08153612,0.39005646,0.21987714
108,8,Phoebe,Oh my God!,surprise,"[SPEAKER_Phoebe] Eh, Monica it, it feels so weird, y'know, Chandler’s your friend...  Oh!
[SPEAKER_Phoebe] Oh my God!","[SPEAKER_Phoebe] Eh, Monica it, it feels so weird, y'know, Chandler’s your friend...  Oh!
[SPEAKER_Phoebe] Oh my God!",surprise,6,6,surprise,True,0.0053415555,0.003192825,0.0031178507,0.011694813,0.005054778,0.00549385,0.96610427
108,9,Phoebe,"Aw, all right take this bed, you can make other friends.",joy,"[SPEAKER_Phoebe] Oh my God!
[SPEAKER_Phoebe] Aw, all right take this bed, you can make other friends.","[SPEAKER_Phoebe] Oh my God!
[SPEAKER_Phoebe] Aw, all right take this bed, you can make other friends.",joy,3,4,neutral,False,0.0069593266,0.0045237956,0.002225492,0.023547638,0.9597832,0.0023251444,0.00063551357
109,1,Joey,"Good for you.  Uh, quarters or rolls of quarters?",joy,"[SPEAKER_Lorraine] You know, ever since I was little, I've been able to pick up quarters with my toes.
[SPEAKER_Joey] Good for you.  Uh, quarters or rolls of quarters?","[SPEAKER_Lorraine] You know, ever since I was little, I've been able to pick up quarters with my toes.
[SPEAKER_Joey] Good for you.  Uh, quarters or rolls of quarters?",joy,3,4,neutral,False,0.007182903,0.0012458573,0.0017835194,0.016717147,0.96029544,0.0021380384,0.010637055
109,2,Janice,"By the way, Chandler. I cut you out of all my pictures. So if you want, I have a bag with just your heads.",anger,"[SPEAKER_Joey] Good for you.  Uh, quarters or rolls of quarters?
[SPEAKER_Janice] By the way, Chandler. I cut you out of all my pictures. So if you want, I have a bag with just your heads.","[SPEAKER_Joey] Good for you.  Uh, quarters or rolls of quarters?
[SPEAKER_Janice] By the way, Chandler. I cut you out of all my pictures. So if you want, I have a bag with just your heads.",anger,0,4,neutral,False,0.13234916,0.028009798,0.0045859907,0.038748015,0.7740208,0.019680552,0.0026057798
109,3,Chandler,That's OK.,neutral,"[SPEAKER_Janice] By the way, Chandler. I cut you out of all my pictures. So if you want, I have a bag with just your heads.
[SPEAKER_Chandler] That's OK.","[SPEAKER_Janice] By the way, Chandler. I cut you out of all my pictures. So if you want, I have a bag with just your heads.
[SPEAKER_Chandler] That's OK.",neutral,4,4,neutral,True,0.0031185758,0.0013794325,0.000994145,0.011591706,0.9806253,0.0017963785,0.00049461576
109,4,Janice,"Oh, are you sure?",surprise,"[SPEAKER_Chandler] That's OK.
[SPEAKER_Janice] Oh, are you sure?","[SPEAKER_Chandler] That's OK.
[SPEAKER_Janice] Oh, are you sure?",surprise,6,6,surprise,True,0.029648287,0.003043967,0.029042518,0.09421673,0.35123733,0.0199907,0.4728205
109,5,Janice,"Because you know, you could make little puppets out of them, and you could use them in your theater of cruelty.",anger,"[SPEAKER_Janice] Oh, are you sure?
[SPEAKER_Janice] Because you know, you could make little puppets out of them, and you could use them in your theater of cruelty.","[SPEAKER_Janice] Oh, are you sure?
[SPEAKER_Janice] Because you know, you could make little puppets out of them, and you could use them in your theater of cruelty.",anger,0,0,anger,True,0.5153739,0.17034191,0.025260609,0.035100125,0.21058737,0.038045138,0.005290984
109,6,Joey,We can't do that.,neutral,"[SPEAKER_Janice] Because you know, you could make little puppets out of them, and you could use them in your theater of cruelty.
[SPEAKER_Joey] We can't do that.","[SPEAKER_Janice] Because you know, you could make little puppets out of them, and you could use them in your theater of cruelty.
[SPEAKER_Joey] We can't do that.",neutral,4,5,sadness,False,0.07595977,0.0425804,0.3579821,0.05918475,0.044143684,0.3921072,0.02804214
109,7,Chandler,What? What can't you do?,surprise,"[SPEAKER_Joey] We can't do that.
[SPEAKER_Chandler] What? What can't you do?","[SPEAKER_Joey] We can't do that.
[SPEAKER_Chandler] What? What can't you do?",surprise,6,6,surprise,True,0.017612316,0.002851569,0.015268591,0.013352577,0.049842823,0.012791015,0.8882811
110,1,Ross,"Well, I added the 'exactly like me' part...",neutral,"[SPEAKER_Joey] She really said that?
[SPEAKER_Ross] Well, I added the 'exactly like me' part...","[SPEAKER_Joey] She really said that?
[SPEAKER_Ross] Well, I added the 'exactly like me' part...",neutral,4,4,neutral,True,0.031216187,0.008709292,0.011118527,0.05958062,0.85949445,0.026968583,0.0029123025
110,2,Ross,"But she said she's looking for someone, and someone is gonna be there tonight.",neutral,"[SPEAKER_Ross] Well, I added the 'exactly like me' part...
[SPEAKER_Ross] But she said she's looking for someone, and someone is gonna be there tonight.","[SPEAKER_Ross] Well, I added the 'exactly like me' part...
[SPEAKER_Ross] But she said she's looking for someone, and someone is gonna be there tonight.",neutral,4,4,neutral,True,0.027691998,0.009266788,0.012707516,0.11627877,0.8068735,0.02145386,0.005727535
110,3,Joey,'Tonight' tonight?,surprise,"[SPEAKER_Ross] But she said she's looking for someone, and someone is gonna be there tonight.
[SPEAKER_Joey] 'Tonight' tonight?","[SPEAKER_Ross] But she said she's looking for someone, and someone is gonna be there tonight.
[SPEAKER_Joey] 'Tonight' tonight?",surprise,6,6,surprise,True,0.023668936,0.0021046086,0.007462016,0.010498756,0.15129307,0.010068075,0.7949046
110,4,Ross,"Well, I think it's perfect.",joy,"[SPEAKER_Joey] 'Tonight' tonight?
[SPEAKER_Ross] Well, I think it's perfect.","[SPEAKER_Joey] 'Tonight' tonight?
[SPEAKER_Ross] Well, I think it's perfect.",joy,3,3,joy,True,0.013569108,0.002007292,0.0023392441,0.8571514,0.109013595,0.012786483,0.0031329126
110,5,Ross,"Y'know, it's just gonna be the two of us, she spent all day taking care of my monkey...",neutral,"[SPEAKER_Ross] Well, I think it's perfect.
[SPEAKER_Ross] Y'know, it's just gonna be the two of us, she spent all day taking care of my monkey...","[SPEAKER_Ross] Well, I think it's perfect.
[SPEAKER_Ross] Y'know, it's just gonna be the two of us, she spent all day taking care of my monkey...",neutral,4,4,neutral,True,0.04589894,0.030785752,0.0056746383,0.24012892,0.65000266,0.024408907,0.003100179
110,6,Chandler,I can't remember the last time I got a girl to take care of my monkey.,sadness,"[SPEAKER_Ross] Y'know, it's just gonna be the two of us, she spent all day taking care of my monkey...
[SPEAKER_Chandler] I can't remember the last time I got a girl to take care of my monkey.","[SPEAKER_Ross] Y'know, it's just gonna be the two of us, she spent all day taking care of my monkey...
[SPEAKER_Chandler] I can't remember the last time I got a girl to take care of my monkey.",sadness,5,3,joy,False,0.06148981,0.012104609,0.006933959,0.44433045,0.12455568,0.0364975,0.31408805
110,7,Ross,"Anyway, I figured after work I'd go pick up a bottle of wine, go over there and, uh, try to woo her.",joy,"[SPEAKER_Chandler] I can't remember the last time I got a girl to take care of my monkey.
[SPEAKER_Ross] Anyway, I figured after work I'd go pick up a bottle of wine, go over there and, uh, try to woo her.","[SPEAKER_Chandler] I can't remember the last time I got a girl to take care of my monkey.
[SPEAKER_Ross] Anyway, I figured after work I'd go pick up a bottle of wine, go over there and, uh, try to woo her.",joy,3,4,neutral,False,0.015065436,0.009137684,0.016581291,0.04991216,0.8929233,0.014526003,0.0018540925
110,8,Chandler,"Hey, y'know what you should do? You should take her back to the 1890's, when that phrase was last used.",disgust,"[SPEAKER_Ross] Anyway, I figured after work I'd go pick up a bottle of wine, go over there and, uh, try to woo her.
[SPEAKER_Chandler] Hey, y'know what you should do? You should take her back to the 1890's, when that phrase was last used.","[SPEAKER_Ross] Anyway, I figured after work I'd go pick up a bottle of wine, go over there and, uh, try to woo her.
[SPEAKER_Chandler] Hey, y'know what you should do? You should take her back to the 1890's, when that phrase was last used.",disgust,1,4,neutral,False,0.12675713,0.029433368,0.04166449,0.17260852,0.57428175,0.041246627,0.014008028
111,1,Chandler,"No, just knowing you're gonna be there is enough.",neutral,"[SPEAKER_Mrs. Bing] Car's waiting downstairs, I just wanted to drop off these copies of my book for your friends. Anything you want from Lisbon?
[SPEAKER_Chandler] No, just knowing you're gonna be there is enough.","[SPEAKER_Mrs. Bing] Car's waiting downstairs, I just wanted to drop off these copies of my book for your friends. Anything you want from Lisbon?
[SPEAKER_Chandler] No, just knowing you're gonna be there is enough.",neutral,4,4,neutral,True,0.038374823,0.0048608505,0.0052047214,0.18115641,0.75579226,0.013040046,0.0015707773
111,2,Mrs. Bing,"Alright, well, be good, I love you.",joy,"[SPEAKER_Chandler] No, just knowing you're gonna be there is enough.
[SPEAKER_Mrs. Bing] Alright, well, be good, I love you.","[SPEAKER_Chandler] No, just knowing you're gonna be there is enough.
[SPEAKER_Mrs. Bing] Alright, well, be good, I love you.",joy,3,3,joy,True,0.008857229,0.00087085157,0.0016459422,0.94201034,0.035344902,0.008021246,0.003249452
111,3,Chandler,You kissed my best Ross! ...Or something to that effect.,anger,"[SPEAKER_Mrs. Bing] Alright, well, be good, I love you.
[SPEAKER_Chandler] You kissed my best Ross! ...Or something to that effect.","[SPEAKER_Mrs. Bing] Alright, well, be good, I love you.
[SPEAKER_Chandler] You kissed my best Ross! ...Or something to that effect.",anger,0,3,joy,False,0.07179907,0.010327434,0.0095337555,0.6927563,0.11000966,0.085399665,0.020174127
111,4,Mrs. Bing,"O-kay. Look, it, it was stupid.",sadness,"[SPEAKER_Chandler] You kissed my best Ross! ...Or something to that effect.
[SPEAKER_Mrs. Bing] O-kay. Look, it, it was stupid.","[SPEAKER_Chandler] You kissed my best Ross! ...Or something to that effect.
[SPEAKER_Mrs. Bing] O-kay. Look, it, it was stupid.",sadness,5,0,anger,False,0.2787595,0.20594783,0.17206179,0.055974703,0.066539004,0.20851408,0.012203131
111,5,Chandler,Really stupid.,anger,"[SPEAKER_Mrs. Bing] O-kay. Look, it, it was stupid.
[SPEAKER_Chandler] Really stupid.","[SPEAKER_Mrs. Bing] O-kay. Look, it, it was stupid.
[SPEAKER_Chandler] Really stupid.",anger,0,0,anger,True,0.82069427,0.054028183,0.015445628,0.028827911,0.037764825,0.030331984,0.012907115
111,6,Mrs. Bing,Really stupid.,sadness,"[SPEAKER_Chandler] Really stupid.
[SPEAKER_Mrs. Bing] Really stupid.","[SPEAKER_Chandler] Really stupid.
[SPEAKER_Mrs. Bing] Really stupid.",sadness,5,0,anger,False,0.7190691,0.07174974,0.013625248,0.038080093,0.066431485,0.044380546,0.046663757
111,7,Mrs. Bing,And I don't even know how it happened.,sadness,"[SPEAKER_Mrs. Bing] Really stupid.
[SPEAKER_Mrs. Bing] And I don't even know how it happened.","[SPEAKER_Mrs. Bing] Really stupid.
[SPEAKER_Mrs. Bing] And I don't even know how it happened.",sadness,5,6,surprise,False,0.21388538,0.024261812,0.07438454,0.09770186,0.09891653,0.2389415,0.25190836
111,8,Mrs. Bing,"I'm sorry, honey, I promise it will never happen again.",sadness,"[SPEAKER_Mrs. Bing] And I don't even know how it happened.
[SPEAKER_Mrs. Bing] I'm sorry, honey, I promise it will never happen again.","[SPEAKER_Mrs. Bing] And I don't even know how it happened.
[SPEAKER_Mrs. Bing] I'm sorry, honey, I promise it will never happen again.",sadness,5,5,sadness,True,0.016688643,0.004835396,0.037405,0.036540486,0.036662526,0.8620108,0.005857194
111,9,Mrs. Bing,Are we okay now?,fear,"[SPEAKER_Mrs. Bing] I'm sorry, honey, I promise it will never happen again.
[SPEAKER_Mrs. Bing] Are we okay now?","[SPEAKER_Mrs. Bing] I'm sorry, honey, I promise it will never happen again.
[SPEAKER_Mrs. Bing] Are we okay now?",fear,2,4,neutral,False,0.10072376,0.002369971,0.019086722,0.05557712,0.6730674,0.018539058,0.1306359
111,10,Chandler,Yeah. No. No...,anger,"[SPEAKER_Mrs. Bing] Are we okay now?
[SPEAKER_Chandler] Yeah. No. No...","[SPEAKER_Mrs. Bing] Are we okay now?
[SPEAKER_Chandler] Yeah. No. No...",anger,0,4,neutral,False,0.0048985635,0.0031670046,0.008751564,0.045676906,0.92243844,0.013562743,0.0015047948
111,11,Ross,"Ah, the forbidden love of a man and his door.",neutral,"[SPEAKER_Chandler] Yeah. No. No...
[SPEAKER_Ross] Ah, the forbidden love of a man and his door.","[SPEAKER_Chandler] Yeah. No. No...
[SPEAKER_Ross] Ah, the forbidden love of a man and his door.",neutral,4,0,anger,False,0.5659215,0.23619314,0.045158986,0.016052686,0.04493616,0.082275815,0.009461763
111,12,Joey,"Shh. He did it. He told her off, and not just about the kiss, about everything.",neutral,"[SPEAKER_Ross] Ah, the forbidden love of a man and his door.
[SPEAKER_Joey] Shh. He did it. He told her off, and not just about the kiss, about everything.","[SPEAKER_Ross] Ah, the forbidden love of a man and his door.
[SPEAKER_Joey] Shh. He did it. He told her off, and not just about the kiss, about everything.",neutral,4,3,joy,False,0.26382598,0.017839078,0.055969495,0.3265133,0.25519338,0.071454465,0.009204319
111,13,Ross,You're kidding.,surprise,"[SPEAKER_Joey] Shh. He did it. He told her off, and not just about the kiss, about everything.
[SPEAKER_Ross] You're kidding.","[SPEAKER_Joey] Shh. He did it. He told her off, and not just about the kiss, about everything.
[SPEAKER_Ross] You're kidding.",surprise,6,6,surprise,True,0.031030925,0.007458282,0.006141739,0.030500242,0.092608064,0.013446184,0.8188146
111,14,Joey,"No, no. He said ""When are you gonna grow up and start being a mom?""",neutral,"[SPEAKER_Ross] You're kidding.
[SPEAKER_Joey] No, no. He said ""When are you gonna grow up and start being a mom?""","[SPEAKER_Ross] You're kidding.
[SPEAKER_Joey] No, no. He said ""When are you gonna grow up and start being a mom?""",neutral,4,3,joy,False,0.1801613,0.020424029,0.04227762,0.35683373,0.3258835,0.0666276,0.007792209
112,1,Monica,That’s not your regular dry cleaners.,neutral,"[SPEAKER_Phoebe] Oh there it is.
[SPEAKER_Monica] That’s not your regular dry cleaners.","[SPEAKER_Phoebe] Oh there it is.
[SPEAKER_Monica] That’s not your regular dry cleaners.",neutral,4,4,neutral,True,0.011219588,0.005308985,0.0014476234,0.0073301797,0.96673065,0.0041691493,0.0037937518
112,2,Phoebe,"I know, but that creep that I went on that date with goes to there so I have to find a new one.",disgust,"[SPEAKER_Monica] That’s not your regular dry cleaners.
[SPEAKER_Phoebe] I know, but that creep that I went on that date with goes to there so I have to find a new one.","[SPEAKER_Monica] That’s not your regular dry cleaners.
[SPEAKER_Phoebe] I know, but that creep that I went on that date with goes to there so I have to find a new one.",disgust,1,4,neutral,False,0.009544398,0.008279673,0.0044301273,0.02101944,0.9381903,0.0152503345,0.0032858283
112,3,Phoebe,"I also have to find a new video store, a new bank, a new adult bookstore, a new grocery store",disgust,"[SPEAKER_Phoebe] I know, but that creep that I went on that date with goes to there so I have to find a new one.
[SPEAKER_Phoebe] I also have to find a new video store, a new bank, a new adult bookstore, a new grocery store","[SPEAKER_Phoebe] I know, but that creep that I went on that date with goes to there so I have to find a new one.
[SPEAKER_Phoebe] I also have to find a new video store, a new bank, a new adult bookstore, a new grocery store",disgust,1,4,neutral,False,0.023139153,0.004604986,0.005475747,0.05534743,0.89067805,0.018256968,0.0024975967
112,4,Monica,What?!,surprise,"[SPEAKER_Phoebe] I also have to find a new video store, a new bank, a new adult bookstore, a new grocery store
[SPEAKER_Monica] What?!","[SPEAKER_Phoebe] I also have to find a new video store, a new bank, a new adult bookstore, a new grocery store
[SPEAKER_Monica] What?!",surprise,6,6,surprise,True,0.01283044,0.0015775434,0.0030570105,0.0035804021,0.025414534,0.005406705,0.94813335
112,5,Phoebe,A new grocery store.,neutral,"[SPEAKER_Monica] What?!
[SPEAKER_Phoebe] A new grocery store.","[SPEAKER_Monica] What?!
[SPEAKER_Phoebe] A new grocery store.",neutral,4,4,neutral,True,0.009310371,0.0061587906,0.0022631367,0.026779622,0.9456952,0.004782929,0.0050098626
112,6,Phoebe,The universe said I was going to meet a nice guy and that’s what they gave me?,anger,"[SPEAKER_Phoebe] A new grocery store.
[SPEAKER_Phoebe] The universe said I was going to meet a nice guy and that’s what they gave me?","[SPEAKER_Phoebe] A new grocery store.
[SPEAKER_Phoebe] The universe said I was going to meet a nice guy and that’s what they gave me?",anger,0,4,neutral,False,0.10757638,0.00900338,0.03504331,0.061993483,0.38834828,0.09798866,0.30004644
112,7,Phoebe,When I get up there I’m going to kick some ass.,anger,"[SPEAKER_Phoebe] The universe said I was going to meet a nice guy and that’s what they gave me?
[SPEAKER_Phoebe] When I get up there I’m going to kick some ass.","[SPEAKER_Phoebe] The universe said I was going to meet a nice guy and that’s what they gave me?
[SPEAKER_Phoebe] When I get up there I’m going to kick some ass.",anger,0,0,anger,True,0.43461868,0.1978883,0.016182818,0.15337555,0.13685624,0.050714944,0.010363413
112,8,Monica,"Don’t worry Phoebe, you’re gonna meet someone. If I can meet a great guy, so can you.",neutral,"[SPEAKER_Phoebe] When I get up there I’m going to kick some ass.
[SPEAKER_Monica] Don’t worry Phoebe, you’re gonna meet someone. If I can meet a great guy, so can you.","[SPEAKER_Phoebe] When I get up there I’m going to kick some ass.
[SPEAKER_Monica] Don’t worry Phoebe, you’re gonna meet someone. If I can meet a great guy, so can you.",neutral,4,4,neutral,True,0.005152412,0.0019050995,0.001324267,0.022803873,0.96629477,0.002031167,0.00048841943
112,9,Phoebe,"Yeah, we both can. And we both will.",neutral,"[SPEAKER_Monica] Don’t worry Phoebe, you’re gonna meet someone. If I can meet a great guy, so can you.
[SPEAKER_Phoebe] Yeah, we both can. And we both will.","[SPEAKER_Monica] Don’t worry Phoebe, you’re gonna meet someone. If I can meet a great guy, so can you.
[SPEAKER_Phoebe] Yeah, we both can. And we both will.",neutral,4,4,neutral,True,0.011723358,0.0026855988,0.0030915416,0.29432938,0.67889404,0.008301045,0.0009750584
112,10,Phoebe,"Oh, you didn’t have to come in with me.",neutral,"[SPEAKER_Phoebe] Yeah, we both can. And we both will.
[SPEAKER_Phoebe] Oh, you didn’t have to come in with me.","[SPEAKER_Phoebe] Yeah, we both can. And we both will.
[SPEAKER_Phoebe] Oh, you didn’t have to come in with me.",neutral,4,4,neutral,True,0.01238464,0.0017293418,0.0028214515,0.37715542,0.59195375,0.0070276875,0.0069277254
112,11,Monica,Are you kidding? This is where they get out stains! Okay? This is like,joy,"[SPEAKER_Phoebe] Oh, you didn’t have to come in with me.
[SPEAKER_Monica] Are you kidding? This is where they get out stains! Okay? This is like","[SPEAKER_Phoebe] Oh, you didn’t have to come in with me.
[SPEAKER_Monica] Are you kidding? This is where they get out stains! Okay? This is like",joy,3,6,surprise,False,0.05628933,0.005683164,0.002665616,0.018409865,0.041069407,0.0073339795,0.8685487
112,12,Guy,"Oh, excuse me! I think you dropped s… Wow!",surprise,"[SPEAKER_Monica] Are you kidding? This is where they get out stains! Okay? This is like
[SPEAKER_Guy] Oh, excuse me! I think you dropped s… Wow!","[SPEAKER_Monica] Are you kidding? This is where they get out stains! Okay? This is like
[SPEAKER_Guy] Oh, excuse me! I think you dropped s… Wow!",surprise,6,6,surprise,True,0.006498883,0.0016821427,0.0017714121,0.011603348,0.0074309306,0.0038901167,0.9671232
112,13,Phoebe,What?,surprise,"[SPEAKER_Guy] Oh, excuse me! I think you dropped s… Wow!
[SPEAKER_Phoebe] What?","[SPEAKER_Guy] Oh, excuse me! I think you dropped s… Wow!
[SPEAKER_Phoebe] What?",surprise,6,6,surprise,True,0.018011624,0.001916017,0.009006157,0.008112265,0.2259386,0.008733009,0.7282823
112,14,Guy,"I’m sorry, it’s just that you’re so incredibly beautiful.",surprise,"[SPEAKER_Phoebe] What?
[SPEAKER_Guy] I’m sorry, it’s just that you’re so incredibly beautiful.","[SPEAKER_Phoebe] What?
[SPEAKER_Guy] I’m sorry, it’s just that you’re so incredibly beautiful.",surprise,6,3,joy,False,0.013546035,0.0053054774,0.0085529145,0.74734366,0.03810252,0.15415485,0.03299453
112,15,Phoebe,"Oh yeah well, I’m sorry about that too, but what are you going to do?",neutral,"[SPEAKER_Guy] I’m sorry, it’s just that you’re so incredibly beautiful.
[SPEAKER_Phoebe] Oh yeah well, I’m sorry about that too, but what are you going to do?","[SPEAKER_Guy] I’m sorry, it’s just that you’re so incredibly beautiful.
[SPEAKER_Phoebe] Oh yeah well, I’m sorry about that too, but what are you going to do?",neutral,4,5,sadness,False,0.11912257,0.011574503,0.19491942,0.20430344,0.14933416,0.27579543,0.044950493
112,16,Guy,"I hope you don’t think I’m crazy but I feel like I was meant to pick this up, do you believe in that kind of thing?",joy,"[SPEAKER_Phoebe] Oh yeah well, I’m sorry about that too, but what are you going to do?
[SPEAKER_Guy] I hope you don’t think I’m crazy but I feel like I was meant to pick this up, do you believe in that kind of thing?","[SPEAKER_Phoebe] Oh yeah well, I’m sorry about that too, but what are you going to do?
[SPEAKER_Guy] I hope you don’t think I’m crazy but I feel like I was meant to pick this up, do you believe in that kind of thing?",joy,3,4,neutral,False,0.19695829,0.013446743,0.13535812,0.11699111,0.4669961,0.0513202,0.018929427
112,17,Phoebe,A little.   Now you’re talking.,neutral,"[SPEAKER_Guy] I hope you don’t think I’m crazy but I feel like I was meant to pick this up, do you believe in that kind of thing?
[SPEAKER_Phoebe] A little.   Now you’re talking.","[SPEAKER_Guy] I hope you don’t think I’m crazy but I feel like I was meant to pick this up, do you believe in that kind of thing?
[SPEAKER_Phoebe] A little.   Now you’re talking.",neutral,4,4,neutral,True,0.012600248,0.00309285,0.005813466,0.01437197,0.9555224,0.0048718117,0.003727117
112,18,Guy,Would you like to go out and have a cup of coffee?,neutral,"[SPEAKER_Phoebe] A little.   Now you’re talking.
[SPEAKER_Guy] Would you like to go out and have a cup of coffee?","[SPEAKER_Phoebe] A little.   Now you’re talking.
[SPEAKER_Guy] Would you like to go out and have a cup of coffee?",neutral,4,4,neutral,True,0.0023020697,0.0014154926,0.0012944192,0.013640034,0.9787973,0.0018487077,0.0007020618
112,19,Phoebe,I-I-I’d love to. Let me just tell my friend.,joy,"[SPEAKER_Guy] Would you like to go out and have a cup of coffee?
[SPEAKER_Phoebe] I-I-I’d love to. Let me just tell my friend.","[SPEAKER_Guy] Would you like to go out and have a cup of coffee?
[SPEAKER_Phoebe] I-I-I’d love to. Let me just tell my friend.",joy,3,3,joy,True,0.02689554,0.004708153,0.071600534,0.6295749,0.18426727,0.035472605,0.047480997
112,20,Monica,"Ooh, an ink stain! Hey, can I watch how you get this out?",joy,"[SPEAKER_Phoebe] I-I-I’d love to. Let me just tell my friend.
[SPEAKER_Monica] Ooh, an ink stain! Hey, can I watch how you get this out?","[SPEAKER_Phoebe] I-I-I’d love to. Let me just tell my friend.
[SPEAKER_Monica] Ooh, an ink stain! Hey, can I watch how you get this out?",joy,3,6,surprise,False,0.05975606,0.013613888,0.013645954,0.30150372,0.1747771,0.024822434,0.41188082
112,21,Phoebe,She must’ve left.,neutral,"[SPEAKER_Monica] Ooh, an ink stain! Hey, can I watch how you get this out?
[SPEAKER_Phoebe] She must’ve left.","[SPEAKER_Monica] Ooh, an ink stain! Hey, can I watch how you get this out?
[SPEAKER_Phoebe] She must’ve left.",neutral,4,4,neutral,True,0.004379028,0.0014291448,0.0016183719,0.005918844,0.97695494,0.003135794,0.0065639145
113,1,Chandler,Four hours? You guys have been doing this for four hours?,surprise,"[SPEAKER_Ross] Monica! Stop throwing it so hard! We're on the same team!
[SPEAKER_Chandler] Four hours? You guys have been doing this for four hours?","[SPEAKER_Ross] Monica! Stop throwing it so hard! We're on the same team!
[SPEAKER_Chandler] Four hours? You guys have been doing this for four hours?",surprise,6,6,surprise,True,0.017905613,0.0019068127,0.0033342415,0.004103188,0.026484022,0.0064016157,0.93986446
113,2,Joey,That's right baby.,joy,"[SPEAKER_Chandler] Four hours? You guys have been doing this for four hours?
[SPEAKER_Joey] That's right baby.","[SPEAKER_Chandler] Four hours? You guys have been doing this for four hours?
[SPEAKER_Joey] That's right baby.",joy,3,3,joy,True,0.01032044,0.0036307755,0.0034171827,0.52816844,0.43478447,0.017015029,0.00266359
113,3,Chandler,"All right, let me in.",neutral,"[SPEAKER_Joey] That's right baby.
[SPEAKER_Chandler] All right, let me in.","[SPEAKER_Joey] That's right baby.
[SPEAKER_Chandler] All right, let me in.",neutral,4,4,neutral,True,0.011319567,0.005637293,0.0080184825,0.019199075,0.9426557,0.012255775,0.0009140431
113,4,Monica,No-no! Don't do it! Don't!,fear,"[SPEAKER_Chandler] All right, let me in.
[SPEAKER_Monica] No-no! Don't do it! Don't!","[SPEAKER_Chandler] All right, let me in.
[SPEAKER_Monica] No-no! Don't do it! Don't!",fear,2,2,fear,True,0.14647631,0.031257294,0.63867813,0.042998914,0.04972729,0.049597222,0.041264817
113,5,Chandler,What?,surprise,"[SPEAKER_Monica] No-no! Don't do it! Don't!
[SPEAKER_Chandler] What?","[SPEAKER_Monica] No-no! Don't do it! Don't!
[SPEAKER_Chandler] What?",surprise,6,6,surprise,True,0.021223666,0.002012768,0.011265669,0.009021582,0.2621804,0.010231773,0.68406415
113,6,Monica,He's a dropper!,anger,"[SPEAKER_Chandler] What?
[SPEAKER_Monica] He's a dropper!","[SPEAKER_Chandler] What?
[SPEAKER_Monica] He's a dropper!",anger,0,6,surprise,False,0.1446925,0.007543623,0.007495524,0.2784511,0.1987433,0.023690898,0.3393831
113,7,Joey,"Oh yeah, that's right!",anger,"[SPEAKER_Monica] He's a dropper!
[SPEAKER_Joey] Oh yeah, that's right!","[SPEAKER_Monica] He's a dropper!
[SPEAKER_Joey] Oh yeah, that's right!",anger,0,3,joy,False,0.021031225,0.0013823091,0.0016968967,0.8865592,0.06201331,0.004248507,0.023068484
113,8,Chandler,I'm not a dropper!,anger,"[SPEAKER_Joey] Oh yeah, that's right!
[SPEAKER_Chandler] I'm not a dropper!","[SPEAKER_Joey] Oh yeah, that's right!
[SPEAKER_Chandler] I'm not a dropper!",anger,0,0,anger,True,0.7989977,0.013786923,0.0062898677,0.02007883,0.106750816,0.015078865,0.03901704
113,9,Ross,"It's really a uh-uh three person game, y'know?",neutral,"[SPEAKER_Chandler] I'm not a dropper!
[SPEAKER_Ross] It's really a uh-uh three person game, y'know?","[SPEAKER_Chandler] I'm not a dropper!
[SPEAKER_Ross] It's really a uh-uh three person game, y'know?",neutral,4,4,neutral,True,0.005151032,0.0011454381,0.010012555,0.00994727,0.9669554,0.0030958757,0.0036924086
113,10,Chandler,It's throwing and catching!,anger,"[SPEAKER_Ross] It's really a uh-uh three person game, y'know?
[SPEAKER_Chandler] It's throwing and catching!","[SPEAKER_Ross] It's really a uh-uh three person game, y'know?
[SPEAKER_Chandler] It's throwing and catching!",anger,0,3,joy,False,0.028900271,0.0019554102,0.0016544799,0.8948693,0.021989673,0.003975564,0.046655253
113,11,Ross,All right.,neutral,"[SPEAKER_Chandler] It's throwing and catching!
[SPEAKER_Ross] All right.","[SPEAKER_Chandler] It's throwing and catching!
[SPEAKER_Ross] All right.",neutral,4,4,neutral,True,0.013593736,0.0019388834,0.0013801855,0.056690987,0.9220901,0.0029610223,0.0013451525
113,12,Chandler,Oh! Oh! That's so hard.,surprise,"[SPEAKER_Ross] All right.
[SPEAKER_Chandler] Oh! Oh! That's so hard.","[SPEAKER_Ross] All right.
[SPEAKER_Chandler] Oh! Oh! That's so hard.",surprise,6,6,surprise,True,0.03862873,0.07949351,0.059389293,0.10141362,0.044092927,0.19912563,0.47785625
113,13,Joey,"Whoa-whoa you guys, it's not a cat!",anger,"[SPEAKER_Chandler] Oh! Oh! That's so hard.
[SPEAKER_Joey] Whoa-whoa you guys, it's not a cat!","[SPEAKER_Chandler] Oh! Oh! That's so hard.
[SPEAKER_Joey] Whoa-whoa you guys, it's not a cat!",anger,0,6,surprise,False,0.032096446,0.004691826,0.014948339,0.022426004,0.06357077,0.012894699,0.84937185
113,14,Monica,Oh my—Oh good God!,surprise,"[SPEAKER_Joey] Whoa-whoa you guys, it's not a cat!
[SPEAKER_Monica] Oh my—Oh good God!","[SPEAKER_Joey] Whoa-whoa you guys, it's not a cat!
[SPEAKER_Monica] Oh my—Oh good God!",surprise,6,6,surprise,True,0.01730765,0.007357551,0.010640921,0.26406664,0.029729659,0.013841967,0.6570556
113,15,Rachel,"I give up you guys, I don't know what I'm going to do with this thing!",anger,"[SPEAKER_Monica] Oh my—Oh good God!
[SPEAKER_Rachel] I give up you guys, I don't know what I'm going to do with this thing!","[SPEAKER_Monica] Oh my—Oh good God!
[SPEAKER_Rachel] I give up you guys, I don't know what I'm going to do with this thing!",anger,0,0,anger,True,0.6687958,0.028621541,0.16193227,0.029948926,0.01523005,0.088406086,0.0070653036
113,16,Ross,"Baking it didn't help, huh?",neutral,"[SPEAKER_Rachel] I give up you guys, I don't know what I'm going to do with this thing!
[SPEAKER_Ross] Baking it didn't help, huh?","[SPEAKER_Rachel] I give up you guys, I don't know what I'm going to do with this thing!
[SPEAKER_Ross] Baking it didn't help, huh?",neutral,4,4,neutral,True,0.08910308,0.026913444,0.027991096,0.11403561,0.36269614,0.09057173,0.2886889
114,1,Joey,"Or not. Uh, Rach, why don’t you just move in with me?",neutral,"[SPEAKER_Rachel] All right, well the place was closed. I’ll just copy it later.
[SPEAKER_Joey] Or not. Uh, Rach, why don’t you just move in with me?","[SPEAKER_Rachel] All right, well the place was closed. I’ll just copy it later.
[SPEAKER_Joey] Or not. Uh, Rach, why don’t you just move in with me?",neutral,4,4,neutral,True,0.009420667,0.001805398,0.013967562,0.016811604,0.9471615,0.007493714,0.0033395055
114,2,Ross,"Whoa! Whoa! Whoa, Joey!",surprise,"[SPEAKER_Joey] Or not. Uh, Rach, why don’t you just move in with me?
[SPEAKER_Ross] Whoa! Whoa! Whoa, Joey!","[SPEAKER_Joey] Or not. Uh, Rach, why don’t you just move in with me?
[SPEAKER_Ross] Whoa! Whoa! Whoa, Joey!",surprise,6,6,surprise,True,0.007373466,0.002131698,0.0021521177,0.009352729,0.0057909065,0.0037310503,0.969468
114,3,Joey,"No-no-no-no-no-no-no-no… It’s okay, I mean I—look Rach, I know I scared you off with that whole Naked Thursday’s thing, but we don’t have to do that!",neutral,"[SPEAKER_Ross] Whoa! Whoa! Whoa, Joey!
[SPEAKER_Joey] No-no-no-no-no-no-no-no… It’s okay, I mean I—look Rach, I know I scared you off with that whole Naked Thursday’s thing, but we don’t have to do that!","[SPEAKER_Ross] Whoa! Whoa! Whoa, Joey!
[SPEAKER_Joey] No-no-no-no-no-no-no-no… It’s okay, I mean I—look Rach, I know I scared you off with that whole Naked Thursday’s thing, but we don’t have to do that!",neutral,4,4,neutral,True,0.11027015,0.017370382,0.16499577,0.30626747,0.33188602,0.030621367,0.03858883
114,4,Rachel,"Well, it would be easier to move just right across the hall. Wait a minute, unless you’re thinking about Naked Wednesday’s.",neutral,"[SPEAKER_Joey] No-no-no-no-no-no-no-no… It’s okay, I mean I—look Rach, I know I scared you off with that whole Naked Thursday’s thing, but we don’t have to do that!
[SPEAKER_Rachel] Well, it would be easier to move just right across the hall. Wait a minute, unless you’re thinking about Naked Wednesday’s.","[SPEAKER_Joey] No-no-no-no-no-no-no-no… It’s okay, I mean I—look Rach, I know I scared you off with that whole Naked Thursday’s thing, but we don’t have to do that!
[SPEAKER_Rachel] Well, it would be easier to move just right across the hall. Wait a minute, unless you’re thinking about Naked Wednesday’s.",neutral,4,4,neutral,True,0.01055963,0.0046949927,0.0030180202,0.016399054,0.9592195,0.0035463362,0.002562427
114,5,Joey,"Thursday’s clearly not good for ya, pick a day!",joy,"[SPEAKER_Rachel] Well, it would be easier to move just right across the hall. Wait a minute, unless you’re thinking about Naked Wednesday’s.
[SPEAKER_Joey] Thursday’s clearly not good for ya, pick a day!","[SPEAKER_Rachel] Well, it would be easier to move just right across the hall. Wait a minute, unless you’re thinking about Naked Wednesday’s.
[SPEAKER_Joey] Thursday’s clearly not good for ya, pick a day!",joy,3,0,anger,False,0.82919973,0.042298187,0.012846558,0.02601708,0.053655073,0.027779423,0.008204002
115,1,Ross,"Just admit it Chandler, you have no backhand.",neutral,"[SPEAKER_Sarah] So that’s two boxes of the Holiday Macaroons. On behalf of the Brown Birds of America, I salute you.
[SPEAKER_Ross] Just admit it Chandler, you have no backhand.","[SPEAKER_Sarah] So that’s two boxes of the Holiday Macaroons. On behalf of the Brown Birds of America, I salute you.
[SPEAKER_Ross] Just admit it Chandler, you have no backhand.",neutral,4,4,neutral,True,0.01124382,0.0025357387,0.0010408785,0.018062899,0.9625924,0.0029672307,0.0015570896
115,2,Chandler,"Excuse me little one, I have a very solid backhand.",anger,"[SPEAKER_Ross] Just admit it Chandler, you have no backhand.
[SPEAKER_Chandler] Excuse me little one, I have a very solid backhand.","[SPEAKER_Ross] Just admit it Chandler, you have no backhand.
[SPEAKER_Chandler] Excuse me little one, I have a very solid backhand.",anger,0,4,neutral,False,0.08554895,0.005766006,0.0029061798,0.40080363,0.47642216,0.012581095,0.01597197
115,3,Ross,Shielding your face and shrieking like a girl... is not a backhand.,disgust,"[SPEAKER_Chandler] Excuse me little one, I have a very solid backhand.
[SPEAKER_Ross] Shielding your face and shrieking like a girl... is not a backhand.","[SPEAKER_Chandler] Excuse me little one, I have a very solid backhand.
[SPEAKER_Ross] Shielding your face and shrieking like a girl... is not a backhand.",disgust,1,4,neutral,False,0.42562714,0.04589287,0.02227343,0.025448995,0.45676908,0.019040486,0.0049480014
115,4,Chandler,I was shrieking... like a Marine.,neutral,"[SPEAKER_Ross] Shielding your face and shrieking like a girl... is not a backhand.
[SPEAKER_Chandler] I was shrieking... like a Marine.","[SPEAKER_Ross] Shielding your face and shrieking like a girl... is not a backhand.
[SPEAKER_Chandler] I was shrieking... like a Marine.",neutral,4,0,anger,False,0.24896309,0.15227222,0.11194214,0.049916804,0.15483597,0.17913057,0.10293921
115,5,Ross,All right here. Watch me execute the three ‘P’s of championship play. Power.  Precision.  and penache.,neutral,"[SPEAKER_Chandler] I was shrieking... like a Marine.
[SPEAKER_Ross] All right here. Watch me execute the three ‘P’s of championship play. Power.  Precision.  and penache.","[SPEAKER_Chandler] I was shrieking... like a Marine.
[SPEAKER_Ross] All right here. Watch me execute the three ‘P’s of championship play. Power.  Precision.  and penache.",neutral,4,4,neutral,True,0.011470554,0.0021333254,0.0013977346,0.031097194,0.95039886,0.0020349491,0.0014674349
116,1,Joey,"Yeah, so, uh, so, uh, what's the deal with this father guy, I mean, if someone was havin' my baby somewhere, I'd wanna know about it, you know?",neutral,"[SPEAKER_Lydia] She's not much of a phone person.
[SPEAKER_Joey] Yeah, so, uh, so, uh, what's the deal with this father guy, I mean, if someone was havin' my baby somewhere, I'd wanna know about it, you know?","[SPEAKER_Lydia] She's not much of a phone person.
[SPEAKER_Joey] Yeah, so, uh, so, uh, what's the deal with this father guy, I mean, if someone was havin' my baby somewhere, I'd wanna know about it, you know?",neutral,4,5,sadness,False,0.09825035,0.027039722,0.14511131,0.04483821,0.1494209,0.52917844,0.006161058
116,2,Lydia,"Hey, Knick fan, am I interested in your views on fatherhood? Uh, no.",anger,"[SPEAKER_Joey] Yeah, so, uh, so, uh, what's the deal with this father guy, I mean, if someone was havin' my baby somewhere, I'd wanna know about it, you know?
[SPEAKER_Lydia] Hey, Knick fan, am I interested in your views on fatherhood? Uh, no.","[SPEAKER_Joey] Yeah, so, uh, so, uh, what's the deal with this father guy, I mean, if someone was havin' my baby somewhere, I'd wanna know about it, you know?
[SPEAKER_Lydia] Hey, Knick fan, am I interested in your views on fatherhood? Uh, no.",anger,0,4,neutral,False,0.3567602,0.021345066,0.02968883,0.02284318,0.43124244,0.041623954,0.0964964
116,3,Joey,"Ok, look, maybe I should just go.",neutral,"[SPEAKER_Lydia] Hey, Knick fan, am I interested in your views on fatherhood? Uh, no.
[SPEAKER_Joey] Ok, look, maybe I should just go.","[SPEAKER_Lydia] Hey, Knick fan, am I interested in your views on fatherhood? Uh, no.
[SPEAKER_Joey] Ok, look, maybe I should just go.",neutral,4,4,neutral,True,0.008782591,0.003962197,0.013224647,0.023701781,0.93279755,0.016163904,0.0013673835
116,4,Lydia,Maybe you should.,anger,"[SPEAKER_Joey] Ok, look, maybe I should just go.
[SPEAKER_Lydia] Maybe you should.","[SPEAKER_Joey] Ok, look, maybe I should just go.
[SPEAKER_Lydia] Maybe you should.",anger,0,4,neutral,False,0.0079877,0.0035781048,0.005885917,0.033050794,0.9409828,0.007470013,0.0010446165
116,5,Joey,"Good luck, and uh, take care, huh?",sadness,"[SPEAKER_Lydia] Maybe you should.
[SPEAKER_Joey] Good luck, and uh, take care, huh?","[SPEAKER_Lydia] Maybe you should.
[SPEAKER_Joey] Good luck, and uh, take care, huh?",sadness,5,4,neutral,False,0.10583196,0.016601,0.037354898,0.24775335,0.30266324,0.28394607,0.005849527
116,6,Joey,You know what the Celtics problem is? They let the players run the team.,neutral,"[SPEAKER_Joey] Good luck, and uh, take care, huh?
[SPEAKER_Joey] You know what the Celtics problem is? They let the players run the team.","[SPEAKER_Joey] Good luck, and uh, take care, huh?
[SPEAKER_Joey] You know what the Celtics problem is? They let the players run the team.",neutral,4,4,neutral,True,0.034674607,0.0052885474,0.0027586897,0.029033447,0.9145145,0.010330254,0.0033999935
116,7,Lydia,"Oh, that is so not true.",neutral,"[SPEAKER_Joey] You know what the Celtics problem is? They let the players run the team.
[SPEAKER_Lydia] Oh, that is so not true.","[SPEAKER_Joey] You know what the Celtics problem is? They let the players run the team.
[SPEAKER_Lydia] Oh, that is so not true.",neutral,4,4,neutral,True,0.08868063,0.030205647,0.063134596,0.128464,0.3279264,0.119507834,0.24208091
116,8,Joey,"Oh, it is.",neutral,"[SPEAKER_Lydia] Oh, that is so not true.
[SPEAKER_Joey] Oh, it is.","[SPEAKER_Lydia] Oh, that is so not true.
[SPEAKER_Joey] Oh, it is.",neutral,4,4,neutral,True,0.003952238,0.0020965,0.0048639746,0.008239151,0.9706528,0.0081452,0.0020500626
116,9,Lydia,It isn't.,neutral,"[SPEAKER_Joey] Oh, it is.
[SPEAKER_Lydia] It isn't.","[SPEAKER_Joey] Oh, it is.
[SPEAKER_Lydia] It isn't.",neutral,4,4,neutral,True,0.0072303643,0.0015588287,0.004882936,0.02574878,0.92762375,0.006403659,0.026551751
116,10,Joey,It is.,neutral,"[SPEAKER_Lydia] It isn't.
[SPEAKER_Joey] It is.","[SPEAKER_Lydia] It isn't.
[SPEAKER_Joey] It is.",neutral,4,4,neutral,True,0.004779197,0.00092161057,0.0009798001,0.0058615557,0.98422205,0.0015956124,0.0016401815
116,11,Lydia,Isn't!,anger,"[SPEAKER_Joey] It is.
[SPEAKER_Lydia] Isn't!","[SPEAKER_Joey] It is.
[SPEAKER_Lydia] Isn't!",anger,0,6,surprise,False,0.124024495,0.010644193,0.06918972,0.033147268,0.11580944,0.035683718,0.61150116
117,1,Ross,It’s a great class.,joy,"[SPEAKER_The Instructor] Okay ladies, that ends today’s class, and let’s remember, let’s be safe out there.
[SPEAKER_Ross] It’s a great class.","[SPEAKER_The Instructor] Okay ladies, that ends today’s class, and let’s remember, let’s be safe out there.
[SPEAKER_Ross] It’s a great class.",joy,3,3,joy,True,0.024524396,0.005905334,0.0032475297,0.7649953,0.16888683,0.007157595,0.025283027
117,2,The Instructor,Thanks.,neutral,"[SPEAKER_Ross] It’s a great class.
[SPEAKER_The Instructor] Thanks.","[SPEAKER_Ross] It’s a great class.
[SPEAKER_The Instructor] Thanks.",neutral,4,4,neutral,True,0.006587785,0.001674909,0.0015171757,0.2856314,0.69503087,0.0077025616,0.0018552997
117,3,Ross,"Yeah, yeah, I was watching.",neutral,"[SPEAKER_The Instructor] Thanks.
[SPEAKER_Ross] Yeah, yeah, I was watching.","[SPEAKER_The Instructor] Thanks.
[SPEAKER_Ross] Yeah, yeah, I was watching.",neutral,4,4,neutral,True,0.003991761,0.0013229912,0.0020898134,0.02002078,0.9673702,0.0026101153,0.002594291
117,4,Ross,"Umm, hey, a couple of questions though.",neutral,"[SPEAKER_Ross] Yeah, yeah, I was watching.
[SPEAKER_Ross] Umm, hey, a couple of questions though.","[SPEAKER_Ross] Yeah, yeah, I was watching.
[SPEAKER_Ross] Umm, hey, a couple of questions though.",neutral,4,4,neutral,True,0.0057220375,0.0015079046,0.0066481195,0.015163567,0.9599101,0.0045950357,0.006453233
117,5,Ross,"Umm, about that-that-that last move where the woman tripped you and then pinned you to the floor, what-what-what-what would you do next?",fear,"[SPEAKER_Ross] Umm, hey, a couple of questions though.
[SPEAKER_Ross] Umm, about that-that-that last move where the woman tripped you and then pinned you to the floor, what-what-what-what would you do next?","[SPEAKER_Ross] Umm, hey, a couple of questions though.
[SPEAKER_Ross] Umm, about that-that-that last move where the woman tripped you and then pinned you to the floor, what-what-what-what would you do next?",fear,2,4,neutral,False,0.14195526,0.013652843,0.22026111,0.25107485,0.32025826,0.03720756,0.015590152
117,6,The Instructor,"Well, she would take her keys and try to jam them",neutral,"[SPEAKER_Ross] Umm, about that-that-that last move where the woman tripped you and then pinned you to the floor, what-what-what-what would you do next?
[SPEAKER_The Instructor] Well, she would take her keys and try to jam them","[SPEAKER_Ross] Umm, about that-that-that last move where the woman tripped you and then pinned you to the floor, what-what-what-what would you do next?
[SPEAKER_The Instructor] Well, she would take her keys and try to jam them",neutral,4,4,neutral,True,0.006498023,0.0012480648,0.0011464464,0.008340396,0.97949505,0.0020282904,0.0012438685
117,7,Ross,No. No-no. No. What would,anger,"[SPEAKER_The Instructor] Well, she would take her keys and try to jam them
[SPEAKER_Ross] No. No-no. No. What would","[SPEAKER_The Instructor] Well, she would take her keys and try to jam them
[SPEAKER_Ross] No. No-no. No. What would",anger,0,4,neutral,False,0.02967856,0.0018775907,0.010013607,0.02684674,0.9060195,0.005192539,0.0203715
117,8,The Instructor,Who? Me the attacker?,surprise,"[SPEAKER_Ross] No. No-no. No. What would
[SPEAKER_The Instructor] Who? Me the attacker?","[SPEAKER_Ross] No. No-no. No. What would
[SPEAKER_The Instructor] Who? Me the attacker?",surprise,6,4,neutral,False,0.047119055,0.0049993955,0.008528324,0.0074711503,0.6275697,0.0099196695,0.2943927
118,1,Dana,"Oh, I wish there was something I can do to make you feel better.",sadness,"[SPEAKER_Dana] I’m sorry Chandler, y’know you are such a sweet guy and I, I don’t want to hurt you.
[SPEAKER_Dana] Oh, I wish there was something I can do to make you feel better.","[SPEAKER_Dana] I’m sorry Chandler, y’know you are such a sweet guy and I, I don’t want to hurt you.
[SPEAKER_Dana] Oh, I wish there was something I can do to make you feel better.",sadness,5,4,neutral,False,0.028284106,0.017022353,0.06921288,0.10070982,0.54512584,0.23637466,0.0032703604
118,2,Chandler,No-no—Really?!,surprise,"[SPEAKER_Dana] Oh, I wish there was something I can do to make you feel better.
[SPEAKER_Chandler] No-no—Really?!","[SPEAKER_Dana] Oh, I wish there was something I can do to make you feel better.
[SPEAKER_Chandler] No-no—Really?!",surprise,6,6,surprise,True,0.009455507,0.002244611,0.010348737,0.009042962,0.01938031,0.008714278,0.94081354
118,3,Dana,Of course!,joy,"[SPEAKER_Chandler] No-no—Really?!
[SPEAKER_Dana] Of course!","[SPEAKER_Chandler] No-no—Really?!
[SPEAKER_Dana] Of course!",joy,3,3,joy,True,0.07558148,0.0038026364,0.007944051,0.71704763,0.09256127,0.012940601,0.09012241
118,4,Chandler,"Well, it just hurts so bad. I uh",sadness,"[SPEAKER_Dana] Of course!
[SPEAKER_Chandler] Well, it just hurts so bad. I uh","[SPEAKER_Dana] Of course!
[SPEAKER_Chandler] Well, it just hurts so bad. I uh",sadness,5,5,sadness,True,0.021447252,0.013080223,0.3127424,0.07069351,0.17841364,0.3865195,0.017103488
118,5,Dana,"Ohh, I’m sorry.",sadness,"[SPEAKER_Chandler] Well, it just hurts so bad. I uh
[SPEAKER_Dana] Ohh, I’m sorry.","[SPEAKER_Chandler] Well, it just hurts so bad. I uh
[SPEAKER_Dana] Ohh, I’m sorry.",sadness,5,5,sadness,True,0.009738302,0.0053012115,0.054752257,0.04992574,0.057764757,0.80505246,0.017465342
118,6,Chandler,Well maybe there is one thing you can do.,neutral,"[SPEAKER_Dana] Ohh, I’m sorry.
[SPEAKER_Chandler] Well maybe there is one thing you can do.","[SPEAKER_Dana] Ohh, I’m sorry.
[SPEAKER_Chandler] Well maybe there is one thing you can do.",neutral,4,4,neutral,True,0.0056989538,0.002319335,0.0031389582,0.031323884,0.9522065,0.0046202117,0.0006921687
118,7,Dana,What?! Anything! Anything!,joy,"[SPEAKER_Chandler] Well maybe there is one thing you can do.
[SPEAKER_Dana] What?! Anything! Anything!","[SPEAKER_Chandler] Well maybe there is one thing you can do.
[SPEAKER_Dana] What?! Anything! Anything!",joy,3,0,anger,False,0.692203,0.031694397,0.012630223,0.019543175,0.04902972,0.018841904,0.17605755
118,8,Chandler,"Well, I umm, I mean this is just off the top of my head now, umm but I have this friend.",neutral,"[SPEAKER_Dana] What?! Anything! Anything!
[SPEAKER_Chandler] Well, I umm, I mean this is just off the top of my head now, umm but I have this friend.","[SPEAKER_Dana] What?! Anything! Anything!
[SPEAKER_Chandler] Well, I umm, I mean this is just off the top of my head now, umm but I have this friend.",neutral,4,4,neutral,True,0.0036101213,0.0007833057,0.0009997523,0.0031286855,0.9885697,0.0012244557,0.0016839616
118,9,Chandler,"This actor friend and he would kill me if he thought I was doing this umm, but umm would it be possible for him to get an audition for your movie say on Thursday?",fear,"[SPEAKER_Chandler] Well, I umm, I mean this is just off the top of my head now, umm but I have this friend.
[SPEAKER_Chandler] This actor friend and he would kill me if he thought I was doing this umm, but umm would it be possible for him to get an audition for your movie say on Thursday?","[SPEAKER_Chandler] Well, I umm, I mean this is just off the top of my head now, umm but I have this friend.
[SPEAKER_Chandler] This actor friend and he would kill me if he thought I was doing this umm, but umm would it be possible for him to get an audition for your movie say on Thursday?",fear,2,0,anger,False,0.30552068,0.14219055,0.22040878,0.027947633,0.047773737,0.24695048,0.00920818
118,10,Dana,Absolutely! But you-you would really feel better about me rejecting you if your actor friend can audition for my movie?,surprise,"[SPEAKER_Chandler] This actor friend and he would kill me if he thought I was doing this umm, but umm would it be possible for him to get an audition for your movie say on Thursday?
[SPEAKER_Dana] Absolutely! But you-you would really feel better about me rejecting you if your actor friend can audition for my movie?","[SPEAKER_Chandler] This actor friend and he would kill me if he thought I was doing this umm, but umm would it be possible for him to get an audition for your movie say on Thursday?
[SPEAKER_Dana] Absolutely! But you-you would really feel better about me rejecting you if your actor friend can audition for my movie?",surprise,6,0,anger,False,0.50647235,0.033792656,0.11081622,0.13980457,0.10342958,0.0854149,0.020269701
118,11,Chandler,"Well, the heart wants what it wants. I’ll see you later.",neutral,"[SPEAKER_Dana] Absolutely! But you-you would really feel better about me rejecting you if your actor friend can audition for my movie?
[SPEAKER_Chandler] Well, the heart wants what it wants. I’ll see you later.","[SPEAKER_Dana] Absolutely! But you-you would really feel better about me rejecting you if your actor friend can audition for my movie?
[SPEAKER_Chandler] Well, the heart wants what it wants. I’ll see you later.",neutral,4,4,neutral,True,0.014591206,0.002082204,0.0023198668,0.015352721,0.9595113,0.0056116427,0.0005309759
119,1,Phoebe,"Hey, you guys. Listen, I’m sorry that I was hogging the game before——Oh my God! Your friends have some unfortunate initials!",sadness,"[SPEAKER_Monica] Okay, I got that. I’ll escape over there. I’ll come back over here. All right, come on
[SPEAKER_Phoebe] Hey, you guys. Listen, I’m sorry that I was hogging the game before——Oh my God! Your friends have some unfortunate initials!","[SPEAKER_Monica] Okay, I got that. I’ll escape over there. I’ll come back over here. All right, come on
[SPEAKER_Phoebe] Hey, you guys. Listen, I’m sorry that I was hogging the game before——Oh my God! Your friends have some unfortunate initials!",sadness,5,6,surprise,False,0.019293934,0.008476408,0.011209707,0.011619331,0.015844852,0.032985907,0.9005698
119,2,Monica,They’re all Chandler.,neutral,"[SPEAKER_Phoebe] Hey, you guys. Listen, I’m sorry that I was hogging the game before——Oh my God! Your friends have some unfortunate initials!
[SPEAKER_Monica] They’re all Chandler.","[SPEAKER_Phoebe] Hey, you guys. Listen, I’m sorry that I was hogging the game before——Oh my God! Your friends have some unfortunate initials!
[SPEAKER_Monica] They’re all Chandler.",neutral,4,4,neutral,True,0.008104999,0.004780583,0.0015261726,0.007931976,0.9628922,0.0036911252,0.011072917
119,3,Phoebe,Chandler sucks! He couldn’t have gotten this good!,surprise,"[SPEAKER_Monica] They’re all Chandler.
[SPEAKER_Phoebe] Chandler sucks! He couldn’t have gotten this good!","[SPEAKER_Monica] They’re all Chandler.
[SPEAKER_Phoebe] Chandler sucks! He couldn’t have gotten this good!",surprise,6,6,surprise,True,0.14998439,0.1267309,0.013461942,0.16994943,0.03691999,0.0957274,0.4072259
119,4,Chandler,I did.  But it came at a price.,neutral,"[SPEAKER_Phoebe] Chandler sucks! He couldn’t have gotten this good!
[SPEAKER_Chandler] I did.  But it came at a price.","[SPEAKER_Phoebe] Chandler sucks! He couldn’t have gotten this good!
[SPEAKER_Chandler] I did.  But it came at a price.",neutral,4,4,neutral,True,0.06345162,0.015633876,0.020947669,0.17543271,0.53494096,0.123874046,0.065719165
119,5,Monica,But Ben is coming over tonight and he can’t see this.,fear,"[SPEAKER_Chandler] I did.  But it came at a price.
[SPEAKER_Monica] But Ben is coming over tonight and he can’t see this.","[SPEAKER_Chandler] I did.  But it came at a price.
[SPEAKER_Monica] But Ben is coming over tonight and he can’t see this.",fear,2,5,sadness,False,0.12923749,0.033129737,0.10491083,0.14249404,0.22456254,0.31046537,0.055199984
119,6,Chandler,"Oh come on, by age seven kids have already seen orgies.  Was it just me?!",surprise,"[SPEAKER_Monica] But Ben is coming over tonight and he can’t see this.
[SPEAKER_Chandler] Oh come on, by age seven kids have already seen orgies.  Was it just me?!","[SPEAKER_Monica] But Ben is coming over tonight and he can’t see this.
[SPEAKER_Chandler] Oh come on, by age seven kids have already seen orgies.  Was it just me?!",surprise,6,6,surprise,True,0.07941995,0.010965546,0.018934151,0.11615379,0.064063,0.035857715,0.67460585
120,1,Monica,"Okay, I was thinking we should have a beautiful guest room, right?",neutral,"[SPEAKER_Chandler] Sure!
[SPEAKER_Monica] Okay, I was thinking we should have a beautiful guest room, right?","[SPEAKER_Chandler] Sure!
[SPEAKER_Monica] Okay, I was thinking we should have a beautiful guest room, right?",neutral,4,4,neutral,True,0.007293862,0.0016308669,0.001561708,0.3463352,0.63401425,0.006321167,0.0028428787
120,2,Monica,With a mahogany sleigh bed and bedside tables with flowers on them all the time!,joy,"[SPEAKER_Monica] Okay, I was thinking we should have a beautiful guest room, right?
[SPEAKER_Monica] With a mahogany sleigh bed and bedside tables with flowers on them all the time!","[SPEAKER_Monica] Okay, I was thinking we should have a beautiful guest room, right?
[SPEAKER_Monica] With a mahogany sleigh bed and bedside tables with flowers on them all the time!",joy,3,3,joy,True,0.015127799,0.0038605144,0.0016828971,0.89752847,0.03958836,0.0049535343,0.037258413
120,3,Monica,And we could have a roll top desk with comment cards on them so people could say how much they loved staying here!!,joy,"[SPEAKER_Monica] With a mahogany sleigh bed and bedside tables with flowers on them all the time!
[SPEAKER_Monica] And we could have a roll top desk with comment cards on them so people could say how much they loved staying here!!","[SPEAKER_Monica] With a mahogany sleigh bed and bedside tables with flowers on them all the time!
[SPEAKER_Monica] And we could have a roll top desk with comment cards on them so people could say how much they loved staying here!!",joy,3,3,joy,True,0.018466951,0.0018063374,0.0010100517,0.929685,0.03611152,0.0027373054,0.010182823
120,4,Monica,"Okay, whatever, I really haven’t thought about it that much.",neutral,"[SPEAKER_Monica] And we could have a roll top desk with comment cards on them so people could say how much they loved staying here!!
[SPEAKER_Monica] Okay, whatever, I really haven’t thought about it that much.","[SPEAKER_Monica] And we could have a roll top desk with comment cards on them so people could say how much they loved staying here!!
[SPEAKER_Monica] Okay, whatever, I really haven’t thought about it that much.",neutral,4,0,anger,False,0.37740695,0.15156972,0.03127941,0.09997918,0.15543446,0.13585187,0.04847833
120,5,Chandler,"Well, I like that idea.",joy,"[SPEAKER_Monica] Okay, whatever, I really haven’t thought about it that much.
[SPEAKER_Chandler] Well, I like that idea.","[SPEAKER_Monica] Okay, whatever, I really haven’t thought about it that much.
[SPEAKER_Chandler] Well, I like that idea.",joy,3,3,joy,True,0.03925007,0.01586788,0.014972085,0.4900126,0.39934936,0.03841425,0.0021336693
120,6,Chandler,Obviously!,joy,"[SPEAKER_Chandler] Well, I like that idea.
[SPEAKER_Chandler] Obviously!","[SPEAKER_Chandler] Well, I like that idea.
[SPEAKER_Chandler] Obviously!",joy,3,3,joy,True,0.043852907,0.0050710267,0.0057955044,0.6959628,0.078004204,0.012190885,0.15912266
120,7,Chandler,"I was thinking maybe-maybe-maybe it could be a game room, y’know?",neutral,"[SPEAKER_Chandler] Obviously!
[SPEAKER_Chandler] I was thinking maybe-maybe-maybe it could be a game room, y’know?","[SPEAKER_Chandler] Obviously!
[SPEAKER_Chandler] I was thinking maybe-maybe-maybe it could be a game room, y’know?",neutral,4,4,neutral,True,0.009117267,0.0011516433,0.003505865,0.021164568,0.96000266,0.0026836256,0.0023743869
120,8,Chandler,"I mean you can buy old arcade games like uh, like",neutral,"[SPEAKER_Chandler] I was thinking maybe-maybe-maybe it could be a game room, y’know?
[SPEAKER_Chandler] I mean you can buy old arcade games like uh, like","[SPEAKER_Chandler] I was thinking maybe-maybe-maybe it could be a game room, y’know?
[SPEAKER_Chandler] I mean you can buy old arcade games like uh, like",neutral,4,4,neutral,True,0.0037630172,0.0020550305,0.0012371526,0.0060876347,0.983824,0.0019450374,0.0010881467
120,9,Monica,No.,disgust,"[SPEAKER_Chandler] I mean you can buy old arcade games like uh, like
[SPEAKER_Monica] No.","[SPEAKER_Chandler] I mean you can buy old arcade games like uh, like
[SPEAKER_Monica] No.",disgust,1,4,neutral,False,0.0059106443,0.0031655976,0.0014262861,0.022524325,0.96128947,0.0036349192,0.002048664
120,10,Chandler,"Okay so you mean no as in, ""Gee Chandler, what an interesting idea. Let’s discuss it before we reject it completely.""",joy,"[SPEAKER_Monica] No.
[SPEAKER_Chandler] Okay so you mean no as in, ""Gee Chandler, what an interesting idea. Let’s discuss it before we reject it completely.""","[SPEAKER_Monica] No.
[SPEAKER_Chandler] Okay so you mean no as in, ""Gee Chandler, what an interesting idea. Let’s discuss it before we reject it completely.""",joy,3,3,joy,True,0.048126087,0.008906118,0.007876654,0.66531605,0.21422204,0.018513387,0.03703963
120,11,Monica,"Oh, I’m sorry. Of course I mean that. Interesting idea, umm, talk about it, but no.",disgust,"[SPEAKER_Chandler] Okay so you mean no as in, ""Gee Chandler, what an interesting idea. Let’s discuss it before we reject it completely.""
[SPEAKER_Monica] Oh, I’m sorry. Of course I mean that. Interesting idea, umm, talk about it, but no.","[SPEAKER_Chandler] Okay so you mean no as in, ""Gee Chandler, what an interesting idea. Let’s discuss it before we reject it completely.""
[SPEAKER_Monica] Oh, I’m sorry. Of course I mean that. Interesting idea, umm, talk about it, but no.",disgust,1,5,sadness,False,0.019396903,0.008383045,0.044170417,0.09909673,0.38121805,0.42846134,0.019273587
120,12,Chandler,"So, that’s it?",surprise,"[SPEAKER_Monica] Oh, I’m sorry. Of course I mean that. Interesting idea, umm, talk about it, but no.
[SPEAKER_Chandler] So, that’s it?","[SPEAKER_Monica] Oh, I’m sorry. Of course I mean that. Interesting idea, umm, talk about it, but no.
[SPEAKER_Chandler] So, that’s it?",surprise,6,4,neutral,False,0.012797708,0.0009810261,0.0039077434,0.013301313,0.9315984,0.0039773337,0.033436403
120,13,Monica,I just don’t think arcade games go in the beautiful guest room. The beautiful guest room is gonna be filled with antiques.,neutral,"[SPEAKER_Chandler] So, that’s it?
[SPEAKER_Monica] I just don’t think arcade games go in the beautiful guest room. The beautiful guest room is gonna be filled with antiques.","[SPEAKER_Chandler] So, that’s it?
[SPEAKER_Monica] I just don’t think arcade games go in the beautiful guest room. The beautiful guest room is gonna be filled with antiques.",neutral,4,3,joy,False,0.012775955,0.0038808924,0.002206665,0.8556439,0.10896478,0.006188329,0.010339463
120,14,Chandler,Which is why,neutral,"[SPEAKER_Monica] I just don’t think arcade games go in the beautiful guest room. The beautiful guest room is gonna be filled with antiques.
[SPEAKER_Chandler] Which is why","[SPEAKER_Monica] I just don’t think arcade games go in the beautiful guest room. The beautiful guest room is gonna be filled with antiques.
[SPEAKER_Chandler] Which is why",neutral,4,4,neutral,True,0.012308191,0.0019161504,0.0023417058,0.05782662,0.9112971,0.007555336,0.006754933
120,15,Monica,What do you have against the beautiful guest room?,anger,"[SPEAKER_Chandler] Which is why
[SPEAKER_Monica] What do you have against the beautiful guest room?","[SPEAKER_Chandler] Which is why
[SPEAKER_Monica] What do you have against the beautiful guest room?",anger,0,6,surprise,False,0.25359285,0.046584122,0.015938617,0.04777063,0.27892116,0.05164862,0.30554402
120,16,Chandler,"I don’t have anything against the beautiful guest room, especially since everybody we know lives about 30 seconds away!",anger,"[SPEAKER_Monica] What do you have against the beautiful guest room?
[SPEAKER_Chandler] I don’t have anything against the beautiful guest room, especially since everybody we know lives about 30 seconds away!","[SPEAKER_Monica] What do you have against the beautiful guest room?
[SPEAKER_Chandler] I don’t have anything against the beautiful guest room, especially since everybody we know lives about 30 seconds away!",anger,0,3,joy,False,0.090974525,0.0027526072,0.003902082,0.8093492,0.07831809,0.0065048197,0.008198639
120,17,Monica,Are you mocking me?,anger,"[SPEAKER_Chandler] I don’t have anything against the beautiful guest room, especially since everybody we know lives about 30 seconds away!
[SPEAKER_Monica] Are you mocking me?","[SPEAKER_Chandler] I don’t have anything against the beautiful guest room, especially since everybody we know lives about 30 seconds away!
[SPEAKER_Monica] Are you mocking me?",anger,0,6,surprise,False,0.3695383,0.061657667,0.0060862424,0.011069959,0.022390664,0.023561228,0.50569594
120,18,Chandler,"No, I’m not mocking you,  or you beautiful guest room.",neutral,"[SPEAKER_Monica] Are you mocking me?
[SPEAKER_Chandler] No, I’m not mocking you,  or you beautiful guest room.","[SPEAKER_Monica] Are you mocking me?
[SPEAKER_Chandler] No, I’m not mocking you,  or you beautiful guest room.",neutral,4,4,neutral,True,0.062218443,0.008842464,0.002444325,0.45604804,0.45763925,0.010991725,0.001815738
121,1,Joey,"Aww, me too. Now let's finish this and go to bed.",joy,"[SPEAKER_Monica] Y'know, I love doing crossword puzzles with you honey!
[SPEAKER_Joey] Aww, me too. Now let's finish this and go to bed.","[SPEAKER_Monica] Y'know, I love doing crossword puzzles with you honey!
[SPEAKER_Joey] Aww, me too. Now let's finish this and go to bed.",joy,3,4,neutral,False,0.010335879,0.012708149,0.0059124674,0.24538697,0.7084806,0.014999013,0.0021768413
121,2,Monica,"Okay! There's only one left, three letter word, not dog but",neutral,"[SPEAKER_Joey] Aww, me too. Now let's finish this and go to bed.
[SPEAKER_Monica] Okay! There's only one left, three letter word, not dog but","[SPEAKER_Joey] Aww, me too. Now let's finish this and go to bed.
[SPEAKER_Monica] Okay! There's only one left, three letter word, not dog but",neutral,4,4,neutral,True,0.06093561,0.004983813,0.0037123368,0.2003844,0.7061075,0.010510661,0.0133658005
121,3,Joey,Cat.,neutral,"[SPEAKER_Monica] Okay! There's only one left, three letter word, not dog but
[SPEAKER_Joey] Cat.","[SPEAKER_Monica] Okay! There's only one left, three letter word, not dog but
[SPEAKER_Joey] Cat.",neutral,4,4,neutral,True,0.004661736,0.0016688213,0.0010899031,0.013986908,0.97474605,0.0026866607,0.0011597687
121,4,Monica,Yes! You are so smart!  I love you.,joy,"[SPEAKER_Joey] Cat.
[SPEAKER_Monica] Yes! You are so smart!  I love you.","[SPEAKER_Joey] Cat.
[SPEAKER_Monica] Yes! You are so smart!  I love you.",joy,3,3,joy,True,0.006911008,0.00084452576,0.0008520939,0.9687316,0.007995988,0.0028059513,0.011858833
121,5,Joey,I love you too.,joy,"[SPEAKER_Monica] Yes! You are so smart!  I love you.
[SPEAKER_Joey] I love you too.","[SPEAKER_Monica] Yes! You are so smart!  I love you.
[SPEAKER_Joey] I love you too.",joy,3,3,joy,True,0.0070736646,0.0008676821,0.0011248388,0.94534856,0.03593944,0.0070116627,0.0026341914
122,1,Monica,Why?,surprise,"[SPEAKER_Chandler] I never sucked, I actually didn't want you to know how good I was!
[SPEAKER_Monica] Why?","[SPEAKER_Chandler] I never sucked, I actually didn't want you to know how good I was!
[SPEAKER_Monica] Why?",surprise,6,6,surprise,True,0.028892161,0.0022861979,0.008943019,0.00959664,0.4643047,0.010599064,0.47537825
122,2,Chandler,I don't know.,neutral,"[SPEAKER_Monica] Why?
[SPEAKER_Chandler] I don't know.","[SPEAKER_Monica] Why?
[SPEAKER_Chandler] I don't know.",neutral,4,4,neutral,True,0.009333637,0.0023982057,0.010161666,0.02120376,0.9313951,0.008895969,0.016611664
122,3,Monica,This is so great! Now we can enter into doubles tournaments!,joy,"[SPEAKER_Chandler] I don't know.
[SPEAKER_Monica] This is so great! Now we can enter into doubles tournaments!","[SPEAKER_Chandler] I don't know.
[SPEAKER_Monica] This is so great! Now we can enter into doubles tournaments!",joy,3,3,joy,True,0.018021945,0.003775787,0.0018430968,0.8209588,0.0105504105,0.005251521,0.13959835
122,4,Chandler,That's,neutral,"[SPEAKER_Monica] This is so great! Now we can enter into doubles tournaments!
[SPEAKER_Chandler] That's","[SPEAKER_Monica] This is so great! Now we can enter into doubles tournaments!
[SPEAKER_Chandler] That's",neutral,4,4,neutral,True,0.0059765736,0.001351863,0.0009104387,0.015233846,0.9724201,0.0019945116,0.0021126799
123,1,Phoebe,But,neutral,"[SPEAKER_Monica] Hey. Okay, I gave him another chance, but Tim has
[SPEAKER_Phoebe] But","[SPEAKER_Monica] Hey. Okay, I gave him another chance, but Tim has
[SPEAKER_Phoebe] But",neutral,4,4,neutral,True,0.07300437,0.005506468,0.02159244,0.14222907,0.59944206,0.11081704,0.047408544
123,2,Monica,"No! No-no! He is totally incompetent. I called the chef who recommended him to me. He said, ""Ha-ha! Gotcha!""",disgust,"[SPEAKER_Phoebe] But
[SPEAKER_Monica] No! No-no! He is totally incompetent. I called the chef who recommended him to me. He said, ""Ha-ha! Gotcha!""","[SPEAKER_Phoebe] But
[SPEAKER_Monica] No! No-no! He is totally incompetent. I called the chef who recommended him to me. He said, ""Ha-ha! Gotcha!""",disgust,1,3,joy,False,0.05568767,0.008926018,0.0074420203,0.6970546,0.04739632,0.018393617,0.16509978
123,3,Phoebe,"Okay. Okay, but you can’t fire him today.",neutral,"[SPEAKER_Monica] No! No-no! He is totally incompetent. I called the chef who recommended him to me. He said, ""Ha-ha! Gotcha!""
[SPEAKER_Phoebe] Okay. Okay, but you can’t fire him today.","[SPEAKER_Monica] No! No-no! He is totally incompetent. I called the chef who recommended him to me. He said, ""Ha-ha! Gotcha!""
[SPEAKER_Phoebe] Okay. Okay, but you can’t fire him today.",neutral,4,4,neutral,True,0.06707063,0.019324213,0.01072069,0.1294029,0.73848075,0.026036669,0.0089641595
123,4,Monica,Why not?!,anger,"[SPEAKER_Phoebe] Okay. Okay, but you can’t fire him today.
[SPEAKER_Monica] Why not?!","[SPEAKER_Phoebe] Okay. Okay, but you can’t fire him today.
[SPEAKER_Monica] Why not?!",anger,0,0,anger,True,0.45097813,0.01405336,0.015037687,0.060274947,0.080142856,0.035880316,0.34363267
123,5,Phoebe,Because I’m dumping him today.,neutral,"[SPEAKER_Monica] Why not?!
[SPEAKER_Phoebe] Because I’m dumping him today.","[SPEAKER_Monica] Why not?!
[SPEAKER_Phoebe] Because I’m dumping him today.",neutral,4,5,sadness,False,0.06533866,0.07928588,0.03330849,0.027358476,0.045281846,0.74053854,0.008888072
123,6,Monica,What?! You said he was sweet!,surprise,"[SPEAKER_Phoebe] Because I’m dumping him today.
[SPEAKER_Monica] What?! You said he was sweet!","[SPEAKER_Phoebe] Because I’m dumping him today.
[SPEAKER_Monica] What?! You said he was sweet!",surprise,6,6,surprise,True,0.009218659,0.0023061002,0.003147487,0.0065737576,0.008308012,0.0057512172,0.9646948
123,7,Phoebe,He,neutral,"[SPEAKER_Monica] What?! You said he was sweet!
[SPEAKER_Phoebe] He","[SPEAKER_Monica] What?! You said he was sweet!
[SPEAKER_Phoebe] He",neutral,4,4,neutral,True,0.015339158,0.0014692801,0.0017955257,0.42667818,0.53543746,0.009204864,0.010075449
123,8,Monica,Just don’t pick up your phone.,neutral,"[SPEAKER_Phoebe] He
[SPEAKER_Monica] Just don’t pick up your phone.","[SPEAKER_Phoebe] He
[SPEAKER_Monica] Just don’t pick up your phone.",neutral,4,4,neutral,True,0.012904775,0.0031406174,0.0030782016,0.010089253,0.9662669,0.0029369507,0.0015833738
123,9,Phoebe,"Then he comes over!  ""I’m so worried about you."" Uck! Be a man!",disgust,"[SPEAKER_Monica] Just don’t pick up your phone.
[SPEAKER_Phoebe] Then he comes over!  ""I’m so worried about you."" Uck! Be a man!","[SPEAKER_Monica] Just don’t pick up your phone.
[SPEAKER_Phoebe] Then he comes over!  ""I’m so worried about you."" Uck! Be a man!",disgust,1,0,anger,False,0.61363214,0.07271363,0.109162115,0.070854545,0.04585593,0.06933583,0.018445754
123,10,Monica,What? So now I’m not allowed to fire him?,surprise,"[SPEAKER_Phoebe] Then he comes over!  ""I’m so worried about you."" Uck! Be a man!
[SPEAKER_Monica] What? So now I’m not allowed to fire him?","[SPEAKER_Phoebe] Then he comes over!  ""I’m so worried about you."" Uck! Be a man!
[SPEAKER_Monica] What? So now I’m not allowed to fire him?",surprise,6,6,surprise,True,0.15813273,0.0059233517,0.01494447,0.014676282,0.07294486,0.029484348,0.7038939
123,11,Phoebe,"You can’t fire him and dump him the same day, he’ll kill himself.",sadness,"[SPEAKER_Monica] What? So now I’m not allowed to fire him?
[SPEAKER_Phoebe] You can’t fire him and dump him the same day, he’ll kill himself.","[SPEAKER_Monica] What? So now I’m not allowed to fire him?
[SPEAKER_Phoebe] You can’t fire him and dump him the same day, he’ll kill himself.",sadness,5,0,anger,False,0.67120135,0.121029586,0.065794215,0.018320449,0.051514942,0.06746935,0.004670057
123,12,Monica,"Okay well then, I’ll fire him today and you go out with him for another week.",neutral,"[SPEAKER_Phoebe] You can’t fire him and dump him the same day, he’ll kill himself.
[SPEAKER_Monica] Okay well then, I’ll fire him today and you go out with him for another week.","[SPEAKER_Phoebe] You can’t fire him and dump him the same day, he’ll kill himself.
[SPEAKER_Monica] Okay well then, I’ll fire him today and you go out with him for another week.",neutral,4,4,neutral,True,0.050971907,0.018455423,0.0028093557,0.047630288,0.8688835,0.010076539,0.0011729624
123,13,Phoebe,"Are you kidding?! Another week with that sip, I’ll kill",disgust,"[SPEAKER_Monica] Okay well then, I’ll fire him today and you go out with him for another week.
[SPEAKER_Phoebe] Are you kidding?! Another week with that sip, I’ll kill","[SPEAKER_Monica] Okay well then, I’ll fire him today and you go out with him for another week.
[SPEAKER_Phoebe] Are you kidding?! Another week with that sip, I’ll kill",disgust,1,0,anger,False,0.8237577,0.019432716,0.0062323026,0.03847998,0.025701892,0.01969753,0.06669786
123,14,Monica,"Okay well, then we’ll both do it today and he’ll just have to deal with it!",neutral,"[SPEAKER_Phoebe] Are you kidding?! Another week with that sip, I’ll kill
[SPEAKER_Monica] Okay well, then we’ll both do it today and he’ll just have to deal with it!","[SPEAKER_Phoebe] Are you kidding?! Another week with that sip, I’ll kill
[SPEAKER_Monica] Okay well, then we’ll both do it today and he’ll just have to deal with it!",neutral,4,4,neutral,True,0.14543974,0.0050487015,0.010296053,0.39511883,0.42510116,0.014160799,0.0048347116
123,15,Phoebe,Okay. But the question is who’s gonna go first. ‘Cause whoever goes second is the bitch.,sadness,"[SPEAKER_Monica] Okay well, then we’ll both do it today and he’ll just have to deal with it!
[SPEAKER_Phoebe] Okay. But the question is who’s gonna go first. ‘Cause whoever goes second is the bitch.","[SPEAKER_Monica] Okay well, then we’ll both do it today and he’ll just have to deal with it!
[SPEAKER_Phoebe] Okay. But the question is who’s gonna go first. ‘Cause whoever goes second is the bitch.",sadness,5,4,neutral,False,0.30684778,0.22193503,0.0065749185,0.039815903,0.37613904,0.028957414,0.019729903
124,1,Chandler,"Well, I-I guess I gotta go.",sadness,"[SPEAKER_Ticket Counter Attendant] This is the final boarding call for Flight 664 to Yemen.
[SPEAKER_Chandler] Well, I-I guess I gotta go.","[SPEAKER_Ticket Counter Attendant] This is the final boarding call for Flight 664 to Yemen.
[SPEAKER_Chandler] Well, I-I guess I gotta go.",sadness,5,4,neutral,False,0.008067282,0.004642828,0.035354313,0.027089544,0.8954548,0.026910348,0.0024809043
124,2,Janice,"Oh, my Bing-a-ling. I’ll wait for you. Do you even know how long you’re going to be gone?",sadness,"[SPEAKER_Chandler] Well, I-I guess I gotta go.
[SPEAKER_Janice] Oh, my Bing-a-ling. I’ll wait for you. Do you even know how long you’re going to be gone?","[SPEAKER_Chandler] Well, I-I guess I gotta go.
[SPEAKER_Janice] Oh, my Bing-a-ling. I’ll wait for you. Do you even know how long you’re going to be gone?",sadness,5,4,neutral,False,0.22240184,0.011135702,0.037592288,0.16685598,0.4317975,0.05847766,0.07173903
124,3,Chandler,"Well, just until we find an energy source to replace fuel.",neutral,"[SPEAKER_Janice] Oh, my Bing-a-ling. I’ll wait for you. Do you even know how long you’re going to be gone?
[SPEAKER_Chandler] Well, just until we find an energy source to replace fuel.","[SPEAKER_Janice] Oh, my Bing-a-ling. I’ll wait for you. Do you even know how long you’re going to be gone?
[SPEAKER_Chandler] Well, just until we find an energy source to replace fuel.",neutral,4,4,neutral,True,0.0052504735,0.00206321,0.0012531246,0.0149090635,0.9736675,0.0019407263,0.00091598317
124,4,Janice,"Oh. Well, I’ll right you everyday.  15 Yemen Road, Yemen.",neutral,"[SPEAKER_Chandler] Well, just until we find an energy source to replace fuel.
[SPEAKER_Janice] Oh. Well, I’ll right you everyday.  15 Yemen Road, Yemen.","[SPEAKER_Chandler] Well, just until we find an energy source to replace fuel.
[SPEAKER_Janice] Oh. Well, I’ll right you everyday.  15 Yemen Road, Yemen.",neutral,4,4,neutral,True,0.0028524871,0.0012844433,0.0008520864,0.008150346,0.98456293,0.0017956899,0.00050195394
124,5,Chandler,"Okay, good-bye. Good-bye.",sadness,"[SPEAKER_Janice] Oh. Well, I’ll right you everyday.  15 Yemen Road, Yemen.
[SPEAKER_Chandler] Okay, good-bye. Good-bye.","[SPEAKER_Janice] Oh. Well, I’ll right you everyday.  15 Yemen Road, Yemen.
[SPEAKER_Chandler] Okay, good-bye. Good-bye.",sadness,5,4,neutral,False,0.0049984735,0.002075097,0.0025253037,0.06809009,0.9110631,0.01029624,0.0009517308
124,6,Janice,Chandler?,neutral,"[SPEAKER_Chandler] Okay, good-bye. Good-bye.
[SPEAKER_Janice] Chandler?","[SPEAKER_Chandler] Okay, good-bye. Good-bye.
[SPEAKER_Janice] Chandler?",neutral,4,6,surprise,False,0.027200935,0.0028567996,0.012630272,0.011433113,0.2966449,0.013829895,0.6354041
124,7,Chandler,No!,anger,"[SPEAKER_Janice] Chandler?
[SPEAKER_Chandler] No!","[SPEAKER_Janice] Chandler?
[SPEAKER_Chandler] No!",anger,0,0,anger,True,0.45233765,0.021392118,0.035439488,0.091819495,0.06917223,0.03454129,0.2952977
124,8,Janice,Chandler!,surprise,"[SPEAKER_Chandler] No!
[SPEAKER_Janice] Chandler!","[SPEAKER_Chandler] No!
[SPEAKER_Janice] Chandler!",surprise,6,6,surprise,True,0.13812049,0.010937969,0.008925352,0.08525854,0.056500968,0.020393739,0.679863
124,9,Chandler,Janice!,surprise,"[SPEAKER_Janice] Chandler!
[SPEAKER_Chandler] Janice!","[SPEAKER_Janice] Chandler!
[SPEAKER_Chandler] Janice!",surprise,6,6,surprise,True,0.16074435,0.008401827,0.007571859,0.094122075,0.049389463,0.019879458,0.659891
124,10,Chandler,There you are!,surprise,"[SPEAKER_Chandler] Janice!
[SPEAKER_Chandler] There you are!","[SPEAKER_Chandler] Janice!
[SPEAKER_Chandler] There you are!",surprise,6,3,joy,False,0.0121904,0.00073784316,0.0010007262,0.9332938,0.036004677,0.0022450823,0.014527512
124,11,Chandler,There you are!,surprise,"[SPEAKER_Chandler] There you are!
[SPEAKER_Chandler] There you are!","[SPEAKER_Chandler] There you are!
[SPEAKER_Chandler] There you are!",surprise,6,3,joy,False,0.014887887,0.000727525,0.0011712082,0.9424859,0.026976489,0.0024915996,0.011259417
124,12,Chandler,"I had to have one last kiss, and also-also you said that you were going to leave right after I got on the plane!",sadness,"[SPEAKER_Chandler] There you are!
[SPEAKER_Chandler] I had to have one last kiss, and also-also you said that you were going to leave right after I got on the plane!","[SPEAKER_Chandler] There you are!
[SPEAKER_Chandler] I had to have one last kiss, and also-also you said that you were going to leave right after I got on the plane!",sadness,5,3,joy,False,0.120658495,0.0042586457,0.015198775,0.6726616,0.13427861,0.022831429,0.030112505
124,13,Janice,No! No! I wanna see you take-off.,neutral,"[SPEAKER_Chandler] I had to have one last kiss, and also-also you said that you were going to leave right after I got on the plane!
[SPEAKER_Janice] No! No! I wanna see you take-off.","[SPEAKER_Chandler] I had to have one last kiss, and also-also you said that you were going to leave right after I got on the plane!
[SPEAKER_Janice] No! No! I wanna see you take-off.",neutral,4,3,joy,False,0.05364084,0.0063323085,0.015087191,0.5644617,0.27889028,0.016480656,0.06510704
124,14,Chandler,"Well, I then guess I’m going to Yemen! I’m going to Yemen!  When we get to Yemen, can I stay with you?",joy,"[SPEAKER_Janice] No! No! I wanna see you take-off.
[SPEAKER_Chandler] Well, I then guess I’m going to Yemen! I’m going to Yemen!  When we get to Yemen, can I stay with you?","[SPEAKER_Janice] No! No! I wanna see you take-off.
[SPEAKER_Chandler] Well, I then guess I’m going to Yemen! I’m going to Yemen!  When we get to Yemen, can I stay with you?",joy,3,3,joy,True,0.120168865,0.004632317,0.011053026,0.5582855,0.28177282,0.013548256,0.010539193
125,1,Joey,Hey.,neutral,"[SPEAKER_Rachel] Hi!
[SPEAKER_Joey] Hey.","[SPEAKER_Rachel] Hi!
[SPEAKER_Joey] Hey.",neutral,4,4,neutral,True,0.0023006806,0.0007017777,0.00084479334,0.012741634,0.9798854,0.0015720146,0.001953687
125,2,Phoebe,"Hey—Ooh, how’s Hilda? Is she working out?",neutral,"[SPEAKER_Joey] Hey.
[SPEAKER_Phoebe] Hey—Ooh, how’s Hilda? Is she working out?","[SPEAKER_Joey] Hey.
[SPEAKER_Phoebe] Hey—Ooh, how’s Hilda? Is she working out?",neutral,4,3,joy,False,0.014580547,0.0017708198,0.0028385841,0.59057146,0.31358913,0.005489643,0.07115984
125,3,Rachel,"Ohh, my new assistant is working out, yes.",neutral,"[SPEAKER_Phoebe] Hey—Ooh, how’s Hilda? Is she working out?
[SPEAKER_Rachel] Ohh, my new assistant is working out, yes.","[SPEAKER_Phoebe] Hey—Ooh, how’s Hilda? Is she working out?
[SPEAKER_Rachel] Ohh, my new assistant is working out, yes.",neutral,4,4,neutral,True,0.009262883,0.0013580873,0.0016676617,0.20639043,0.7680691,0.0049747145,0.00827718
125,4,Joey,Was she happy you gave her the job?,neutral,"[SPEAKER_Rachel] Ohh, my new assistant is working out, yes.
[SPEAKER_Joey] Was she happy you gave her the job?","[SPEAKER_Rachel] Ohh, my new assistant is working out, yes.
[SPEAKER_Joey] Was she happy you gave her the job?",neutral,4,3,joy,False,0.23219724,0.005989885,0.012727104,0.3032961,0.29506114,0.07670522,0.07402329
125,5,Rachel,"Oh, my-my new assistant was very happy that I hired my new assistant.",neutral,"[SPEAKER_Joey] Was she happy you gave her the job?
[SPEAKER_Rachel] Oh, my-my new assistant was very happy that I hired my new assistant.","[SPEAKER_Joey] Was she happy you gave her the job?
[SPEAKER_Rachel] Oh, my-my new assistant was very happy that I hired my new assistant.",neutral,4,3,joy,False,0.10226015,0.0029198355,0.010798453,0.47997567,0.3110043,0.052844007,0.04019756
125,6,Joey,Hello?,neutral,"[SPEAKER_Rachel] Oh, my-my new assistant was very happy that I hired my new assistant.
[SPEAKER_Joey] Hello?","[SPEAKER_Rachel] Oh, my-my new assistant was very happy that I hired my new assistant.
[SPEAKER_Joey] Hello?",neutral,4,4,neutral,True,0.009652455,0.0008106363,0.0032649182,0.008129338,0.9246407,0.0032964253,0.050205536
125,7,Joey,Oh hey!,surprise,"[SPEAKER_Joey] Hello?
[SPEAKER_Joey] Oh hey!","[SPEAKER_Joey] Hello?
[SPEAKER_Joey] Oh hey!",surprise,6,6,surprise,True,0.01909358,0.003365892,0.0059838276,0.20657468,0.053138893,0.008615635,0.7032276
125,8,Joey,"Can you, can you hang on a second?",neutral,"[SPEAKER_Joey] Oh hey!
[SPEAKER_Joey] Can you, can you hang on a second?","[SPEAKER_Joey] Oh hey!
[SPEAKER_Joey] Can you, can you hang on a second?",neutral,4,4,neutral,True,0.009622291,0.0011903538,0.0015923285,0.010873147,0.9712601,0.0020292073,0.0034327037
125,9,Joey,It’s the producers over at Mac and C.H.E.E.S.E.,neutral,"[SPEAKER_Joey] Can you, can you hang on a second?
[SPEAKER_Joey] It’s the producers over at Mac and C.H.E.E.S.E.","[SPEAKER_Joey] Can you, can you hang on a second?
[SPEAKER_Joey] It’s the producers over at Mac and C.H.E.E.S.E.",neutral,4,4,neutral,True,0.004118283,0.0012776229,0.00078320224,0.008886663,0.9818111,0.0015622868,0.0015607277
125,10,Joey,can you excuse me for a minute?,neutral,"[SPEAKER_Joey] It’s the producers over at Mac and C.H.E.E.S.E.
[SPEAKER_Joey] can you excuse me for a minute?","[SPEAKER_Joey] It’s the producers over at Mac and C.H.E.E.S.E.
[SPEAKER_Joey] can you excuse me for a minute?",neutral,4,4,neutral,True,0.006359828,0.0009776091,0.0015952722,0.009513091,0.97190094,0.0022618165,0.0073913885
125,11,Joey,"Hey, funny you should call.",joy,"[SPEAKER_Joey] can you excuse me for a minute?
[SPEAKER_Joey] Hey, funny you should call.","[SPEAKER_Joey] can you excuse me for a minute?
[SPEAKER_Joey] Hey, funny you should call.",joy,3,4,neutral,False,0.015265301,0.0069318344,0.0028559142,0.31740558,0.6384417,0.0076226084,0.011477076
125,12,Joey,I was just looking over next week’s script.,neutral,"[SPEAKER_Joey] Hey, funny you should call.
[SPEAKER_Joey] I was just looking over next week’s script.","[SPEAKER_Joey] Hey, funny you should call.
[SPEAKER_Joey] I was just looking over next week’s script.",neutral,4,4,neutral,True,0.011527143,0.0021651136,0.003959287,0.019279325,0.93847114,0.0048953043,0.01970276
125,13,Joey,Canceled?!,surprise,"[SPEAKER_Joey] I was just looking over next week’s script.
[SPEAKER_Joey] Canceled?!","[SPEAKER_Joey] I was just looking over next week’s script.
[SPEAKER_Joey] Canceled?!",surprise,6,6,surprise,True,0.39676127,0.011185816,0.012966774,0.026292335,0.033037826,0.040751047,0.47900492
125,14,Joey,Like they’re taking it off the air?,surprise,"[SPEAKER_Joey] Canceled?!
[SPEAKER_Joey] Like they’re taking it off the air?","[SPEAKER_Joey] Canceled?!
[SPEAKER_Joey] Like they’re taking it off the air?",surprise,6,6,surprise,True,0.056277752,0.004089586,0.0079153525,0.011797008,0.2964258,0.013253495,0.610241
125,15,Joey,Ohh.,neutral,"[SPEAKER_Joey] Like they’re taking it off the air?
[SPEAKER_Joey] Ohh.","[SPEAKER_Joey] Like they’re taking it off the air?
[SPEAKER_Joey] Ohh.",neutral,4,4,neutral,True,0.024857923,0.029470904,0.117858894,0.083602615,0.46661797,0.069182225,0.20840955
125,16,Joey,"All right, see you Monday.",neutral,"[SPEAKER_Joey] Ohh.
[SPEAKER_Joey] All right, see you Monday.","[SPEAKER_Joey] Ohh.
[SPEAKER_Joey] All right, see you Monday.",neutral,4,4,neutral,True,0.0073706894,0.0017099613,0.0010227466,0.015417915,0.9711661,0.0024100135,0.00090258964
125,17,Joey,We’re not even shootin’ them anymore?!!,surprise,"[SPEAKER_Joey] All right, see you Monday.
[SPEAKER_Joey] We’re not even shootin’ them anymore?!!","[SPEAKER_Joey] All right, see you Monday.
[SPEAKER_Joey] We’re not even shootin’ them anymore?!!",surprise,6,0,anger,False,0.88349587,0.012341933,0.011487441,0.009176946,0.013681542,0.01271938,0.057096917
125,18,Joey,"All right, bye!",anger,"[SPEAKER_Joey] We’re not even shootin’ them anymore?!!
[SPEAKER_Joey] All right, bye!","[SPEAKER_Joey] We’re not even shootin’ them anymore?!!
[SPEAKER_Joey] All right, bye!",anger,0,4,neutral,False,0.023447119,0.002056016,0.0030271308,0.39280224,0.5688706,0.0075616743,0.0022352096
125,19,Joey,They canceled Mac and C.H.E.E.S.E!,anger,"[SPEAKER_Joey] All right, bye!
[SPEAKER_Joey] They canceled Mac and C.H.E.E.S.E!","[SPEAKER_Joey] All right, bye!
[SPEAKER_Joey] They canceled Mac and C.H.E.E.S.E!",anger,0,0,anger,True,0.4021716,0.0073587033,0.010054088,0.23645835,0.16222692,0.033972055,0.1477583
125,20,Phoebe,Sorry.,sadness,"[SPEAKER_Joey] They canceled Mac and C.H.E.E.S.E!
[SPEAKER_Phoebe] Sorry.","[SPEAKER_Joey] They canceled Mac and C.H.E.E.S.E!
[SPEAKER_Phoebe] Sorry.",sadness,5,5,sadness,True,0.011446466,0.0061455104,0.019140908,0.0364212,0.15056358,0.7682002,0.008082063
125,21,Rachel,I’m sorry Joey.,sadness,"[SPEAKER_Phoebe] Sorry.
[SPEAKER_Rachel] I’m sorry Joey.","[SPEAKER_Phoebe] Sorry.
[SPEAKER_Rachel] I’m sorry Joey.",sadness,5,5,sadness,True,0.010238604,0.0038721426,0.027823916,0.037883967,0.0834605,0.82398546,0.012735425
125,22,Joey,Why would they do that?! It was a good show right?!,surprise,"[SPEAKER_Rachel] I’m sorry Joey.
[SPEAKER_Joey] Why would they do that?! It was a good show right?!","[SPEAKER_Rachel] I’m sorry Joey.
[SPEAKER_Joey] Why would they do that?! It was a good show right?!",surprise,6,6,surprise,True,0.12946856,0.0089927,0.015349626,0.06660325,0.06522821,0.028920367,0.68543726
126,1,Paul,I know. I like it up here.,joy,"[SPEAKER_Rachel] It’s so secluded up here.
[SPEAKER_Paul] I know. I like it up here.","[SPEAKER_Rachel] It’s so secluded up here.
[SPEAKER_Paul] I know. I like it up here.",joy,3,3,joy,True,0.017617086,0.0073351576,0.0046091303,0.87433404,0.07292936,0.020704905,0.002470373
126,2,Rachel,I feel like we’re the only two people in the world.  Oops. Sorry.,joy,"[SPEAKER_Paul] I know. I like it up here.
[SPEAKER_Rachel] I feel like we’re the only two people in the world.  Oops. Sorry.","[SPEAKER_Paul] I know. I like it up here.
[SPEAKER_Rachel] I feel like we’re the only two people in the world.  Oops. Sorry.",joy,3,5,sadness,False,0.012657848,0.010734281,0.030803852,0.08954328,0.12273399,0.7058557,0.027671061
126,3,Paul,What’s the matter honey? Did you see a little mouse?,neutral,"[SPEAKER_Rachel] I feel like we’re the only two people in the world.  Oops. Sorry.
[SPEAKER_Paul] What’s the matter honey? Did you see a little mouse?","[SPEAKER_Rachel] I feel like we’re the only two people in the world.  Oops. Sorry.
[SPEAKER_Paul] What’s the matter honey? Did you see a little mouse?",neutral,4,4,neutral,True,0.049476203,0.0047818683,0.038622387,0.041687634,0.74958366,0.043612458,0.07223588
126,4,Rachel,"No-no! Big bear! Big bear outside! I think I-I—would you—actually, would you go check on that?",fear,"[SPEAKER_Paul] What’s the matter honey? Did you see a little mouse?
[SPEAKER_Rachel] No-no! Big bear! Big bear outside! I think I-I—would you—actually, would you go check on that?","[SPEAKER_Paul] What’s the matter honey? Did you see a little mouse?
[SPEAKER_Rachel] No-no! Big bear! Big bear outside! I think I-I—would you—actually, would you go check on that?",fear,2,3,joy,False,0.11523132,0.011972205,0.13210168,0.36098245,0.24435847,0.033383362,0.10197053
126,5,Paul,"Honey, we don’t have any bears here.",neutral,"[SPEAKER_Rachel] No-no! Big bear! Big bear outside! I think I-I—would you—actually, would you go check on that?
[SPEAKER_Paul] Honey, we don’t have any bears here.","[SPEAKER_Rachel] No-no! Big bear! Big bear outside! I think I-I—would you—actually, would you go check on that?
[SPEAKER_Paul] Honey, we don’t have any bears here.",neutral,4,4,neutral,True,0.033204347,0.007896051,0.01434515,0.047767874,0.8502626,0.023782203,0.022741785
126,6,Rachel,"Well, okay. Would-would you get me a",neutral,"[SPEAKER_Paul] Honey, we don’t have any bears here.
[SPEAKER_Rachel] Well, okay. Would-would you get me a","[SPEAKER_Paul] Honey, we don’t have any bears here.
[SPEAKER_Rachel] Well, okay. Would-would you get me a",neutral,4,4,neutral,True,0.024274258,0.0034562836,0.033528194,0.038977046,0.88170373,0.014470713,0.0035898061
126,7,Paul,Okay. I’ll be right back.,neutral,"[SPEAKER_Rachel] Well, okay. Would-would you get me a
[SPEAKER_Paul] Okay. I’ll be right back.","[SPEAKER_Rachel] Well, okay. Would-would you get me a
[SPEAKER_Paul] Okay. I’ll be right back.",neutral,4,4,neutral,True,0.005782819,0.00128004,0.0019696283,0.019773748,0.96631575,0.0043821516,0.0004958076
126,8,Rachel,Okay.  What?! What are you doing here?!,surprise,"[SPEAKER_Paul] Okay. I’ll be right back.
[SPEAKER_Rachel] Okay.  What?! What are you doing here?!","[SPEAKER_Paul] Okay. I’ll be right back.
[SPEAKER_Rachel] Okay.  What?! What are you doing here?!",surprise,6,6,surprise,True,0.026654702,0.0023539644,0.0058964733,0.0051162364,0.03278864,0.008207239,0.91898274
126,9,Ross,What are,neutral,"[SPEAKER_Rachel] Okay.  What?! What are you doing here?!
[SPEAKER_Ross] What are","[SPEAKER_Rachel] Okay.  What?! What are you doing here?!
[SPEAKER_Ross] What are",neutral,4,4,neutral,True,0.016014865,0.0019794716,0.0044845953,0.006187192,0.91315717,0.0037472192,0.05442943
126,10,Rachel,I came with Paul!,anger,"[SPEAKER_Ross] What are
[SPEAKER_Rachel] I came with Paul!","[SPEAKER_Ross] What are
[SPEAKER_Rachel] I came with Paul!",anger,0,3,joy,False,0.06879276,0.0023344732,0.00397536,0.7885801,0.08825223,0.007873593,0.040191453
126,11,Ross,"Yeah, I recognize the ankles!",neutral,"[SPEAKER_Rachel] I came with Paul!
[SPEAKER_Ross] Yeah, I recognize the ankles!","[SPEAKER_Rachel] I came with Paul!
[SPEAKER_Ross] Yeah, I recognize the ankles!",neutral,4,6,surprise,False,0.035933286,0.006143065,0.011185846,0.26007685,0.2885529,0.011925577,0.3861824
126,12,Rachel,Get up!,anger,"[SPEAKER_Ross] Yeah, I recognize the ankles!
[SPEAKER_Rachel] Get up!","[SPEAKER_Ross] Yeah, I recognize the ankles!
[SPEAKER_Rachel] Get up!",anger,0,3,joy,False,0.08007693,0.0038677081,0.0050551337,0.4745156,0.40750006,0.0057052756,0.023279242
126,13,Paul,Here you go honey!,joy,"[SPEAKER_Rachel] Get up!
[SPEAKER_Paul] Here you go honey!","[SPEAKER_Rachel] Get up!
[SPEAKER_Paul] Here you go honey!",joy,3,3,joy,True,0.014051414,0.0011914377,0.0022847087,0.87603813,0.09403631,0.0045452653,0.007852784
126,14,Rachel,Ahh. Thank you!,joy,"[SPEAKER_Paul] Here you go honey!
[SPEAKER_Rachel] Ahh. Thank you!","[SPEAKER_Paul] Here you go honey!
[SPEAKER_Rachel] Ahh. Thank you!",joy,3,3,joy,True,0.020111013,0.0014514755,0.002445936,0.896452,0.057717733,0.004258721,0.017563045
126,15,Paul,Diet Coke,neutral,"[SPEAKER_Rachel] Ahh. Thank you!
[SPEAKER_Paul] Diet Coke","[SPEAKER_Rachel] Ahh. Thank you!
[SPEAKER_Paul] Diet Coke",neutral,4,4,neutral,True,0.017044801,0.010625137,0.0028972824,0.06302729,0.8961041,0.0072674025,0.0030339188
127,1,Ross,A lesson in the importance of unagi.,neutral,"[SPEAKER_Rachel] What the hell was that?!
[SPEAKER_Ross] A lesson in the importance of unagi.","[SPEAKER_Rachel] What the hell was that?!
[SPEAKER_Ross] A lesson in the importance of unagi.",neutral,4,4,neutral,True,0.012773982,0.00998263,0.0032325543,0.020523906,0.9482503,0.004198265,0.0010383802
127,2,Phoebe,"Ohh,",neutral,"[SPEAKER_Ross] A lesson in the importance of unagi.
[SPEAKER_Phoebe] Ohh,","[SPEAKER_Ross] A lesson in the importance of unagi.
[SPEAKER_Phoebe] Ohh,",neutral,4,4,neutral,True,0.0072236527,0.004898139,0.010022514,0.084088996,0.87636197,0.009584504,0.007820164
127,3,Ross,"Perhaps. Now I’m curious, at what point during those girlish screams would you have begun to",neutral,"[SPEAKER_Phoebe] Ohh,
[SPEAKER_Ross] Perhaps. Now I’m curious, at what point during those girlish screams would you have begun to","[SPEAKER_Phoebe] Ohh,
[SPEAKER_Ross] Perhaps. Now I’m curious, at what point during those girlish screams would you have begun to",neutral,4,4,neutral,True,0.011704005,0.0026391223,0.009745881,0.024572367,0.93857205,0.0045550372,0.00821158
127,4,Rachel,"All right, so we weren’t",neutral,"[SPEAKER_Ross] Perhaps. Now I’m curious, at what point during those girlish screams would you have begun to
[SPEAKER_Rachel] All right, so we weren’t","[SPEAKER_Ross] Perhaps. Now I’m curious, at what point during those girlish screams would you have begun to
[SPEAKER_Rachel] All right, so we weren’t",neutral,4,4,neutral,True,0.008430952,0.0020059359,0.004279097,0.022340989,0.9552966,0.005308539,0.0023379244
127,5,Ross,"I’m sorry I had to take such drastic measures to make my point, but I—look, I just want you guys to be safe.",neutral,"[SPEAKER_Rachel] All right, so we weren’t
[SPEAKER_Ross] I’m sorry I had to take such drastic measures to make my point, but I—look, I just want you guys to be safe.","[SPEAKER_Rachel] All right, so we weren’t
[SPEAKER_Ross] I’m sorry I had to take such drastic measures to make my point, but I—look, I just want you guys to be safe.",neutral,4,2,fear,False,0.1843907,0.014473539,0.30288953,0.08848585,0.23114806,0.17083834,0.0077738794
128,1,Chandler,I’m leaning. This is where I lean.,neutral,"[SPEAKER_Brenda] What are you doing?
[SPEAKER_Chandler] I’m leaning. This is where I lean.","[SPEAKER_Brenda] What are you doing?
[SPEAKER_Chandler] I’m leaning. This is where I lean.",neutral,4,4,neutral,True,0.012709994,0.0039732615,0.0037381656,0.027676199,0.9436924,0.005666824,0.0025432562
128,2,Brenda,Okay. (Goes over and fluffs up the pillows on the couch.,neutral,"[SPEAKER_Chandler] I’m leaning. This is where I lean.
[SPEAKER_Brenda] Okay. (Goes over and fluffs up the pillows on the couch.","[SPEAKER_Chandler] I’m leaning. This is where I lean.
[SPEAKER_Brenda] Okay. (Goes over and fluffs up the pillows on the couch.",neutral,4,4,neutral,True,0.006362254,0.0033778222,0.00096567726,0.03770719,0.94769657,0.0029044955,0.0009860096
128,3,Chandler,Brenda a bee!,fear,"[SPEAKER_Brenda] Okay. (Goes over and fluffs up the pillows on the couch.
[SPEAKER_Chandler] Brenda a bee!","[SPEAKER_Brenda] Okay. (Goes over and fluffs up the pillows on the couch.
[SPEAKER_Chandler] Brenda a bee!",fear,2,3,joy,False,0.034937963,0.005470113,0.0029544767,0.63681734,0.051592868,0.008424888,0.25980234
128,4,Brenda,What?,surprise,"[SPEAKER_Chandler] Brenda a bee!
[SPEAKER_Brenda] What?","[SPEAKER_Chandler] Brenda a bee!
[SPEAKER_Brenda] What?",surprise,6,4,neutral,False,0.029566634,0.0023614843,0.009371316,0.013435583,0.62305033,0.008726941,0.3134877
128,5,Chandler,Yes! It’s flown into your blouse and you’d better undo your buttons lest it sting you!,anger,"[SPEAKER_Brenda] What?
[SPEAKER_Chandler] Yes! It’s flown into your blouse and you’d better undo your buttons lest it sting you!","[SPEAKER_Brenda] What?
[SPEAKER_Chandler] Yes! It’s flown into your blouse and you’d better undo your buttons lest it sting you!",anger,0,4,neutral,False,0.12251004,0.012081091,0.011201603,0.38581124,0.44780225,0.00922528,0.011368555
128,6,Brenda,I think I know what’s going on here.,disgust,"[SPEAKER_Chandler] Yes! It’s flown into your blouse and you’d better undo your buttons lest it sting you!
[SPEAKER_Brenda] I think I know what’s going on here.","[SPEAKER_Chandler] Yes! It’s flown into your blouse and you’d better undo your buttons lest it sting you!
[SPEAKER_Brenda] I think I know what’s going on here.",disgust,1,4,neutral,False,0.03127101,0.0037131754,0.011199583,0.052409288,0.87596613,0.010444089,0.0149967335
128,7,Chandler,You do?,neutral,"[SPEAKER_Brenda] I think I know what’s going on here.
[SPEAKER_Chandler] You do?","[SPEAKER_Brenda] I think I know what’s going on here.
[SPEAKER_Chandler] You do?",neutral,4,6,surprise,False,0.027887559,0.0021466431,0.009833787,0.011490563,0.17045908,0.010586466,0.76759595
128,8,Brenda,"Look, I know it must be hard that your wife is a lesbian, but it’s wrong. You’re married.",disgust,"[SPEAKER_Chandler] You do?
[SPEAKER_Brenda] Look, I know it must be hard that your wife is a lesbian, but it’s wrong. You’re married.","[SPEAKER_Chandler] You do?
[SPEAKER_Brenda] Look, I know it must be hard that your wife is a lesbian, but it’s wrong. You’re married.",disgust,1,5,sadness,False,0.1044068,0.024652636,0.025969995,0.18918155,0.20968199,0.41313854,0.03296837
128,9,Chandler,I totally understand.  Can I,neutral,"[SPEAKER_Brenda] Look, I know it must be hard that your wife is a lesbian, but it’s wrong. You’re married.
[SPEAKER_Chandler] I totally understand.  Can I","[SPEAKER_Brenda] Look, I know it must be hard that your wife is a lesbian, but it’s wrong. You’re married.
[SPEAKER_Chandler] I totally understand.  Can I",neutral,4,4,neutral,True,0.02068063,0.0017109889,0.0051933117,0.027845727,0.93506277,0.0069310055,0.0025756182
129,1,Director,"No, no, no. What was that?",surprise,"[SPEAKER_Director] All right, let's do it!
[SPEAKER_Director] No, no, no. What was that?","[SPEAKER_Director] All right, let's do it!
[SPEAKER_Director] No, no, no. What was that?",surprise,6,4,neutral,False,0.025296697,0.0024284907,0.017934581,0.027967464,0.5337628,0.011104596,0.38150543
129,2,Joey,"I know, it was the best I could get out of them.",neutral,"[SPEAKER_Director] No, no, no. What was that?
[SPEAKER_Joey] I know, it was the best I could get out of them.","[SPEAKER_Director] No, no, no. What was that?
[SPEAKER_Joey] I know, it was the best I could get out of them.",neutral,4,4,neutral,True,0.015173983,0.003317949,0.006057703,0.029744545,0.9289072,0.014616625,0.0021819954
129,3,Director,"Well, people!",sadness,"[SPEAKER_Joey] I know, it was the best I could get out of them.
[SPEAKER_Director] Well, people!","[SPEAKER_Joey] I know, it was the best I could get out of them.
[SPEAKER_Director] Well, people!",sadness,5,3,joy,False,0.1067284,0.0064227744,0.006595169,0.5534064,0.14405993,0.016334787,0.16645253
129,4,Joey,"People, people, people.",neutral,"[SPEAKER_Director] Well, people!
[SPEAKER_Joey] People, people, people.","[SPEAKER_Director] Well, people!
[SPEAKER_Joey] People, people, people.",neutral,4,4,neutral,True,0.16755892,0.020711452,0.026130483,0.23729832,0.48097923,0.02852251,0.038799115
129,5,Director,"Let's try it again, and this time let's watch everybody watch Joey.",neutral,"[SPEAKER_Joey] People, people, people.
[SPEAKER_Director] Let's try it again, and this time let's watch everybody watch Joey.","[SPEAKER_Joey] People, people, people.
[SPEAKER_Director] Let's try it again, and this time let's watch everybody watch Joey.",neutral,4,4,neutral,True,0.017868679,0.002845621,0.0020343002,0.08228751,0.8894861,0.003855618,0.0016222071
129,6,Director,Show 'em how it's done.,neutral,"[SPEAKER_Director] Let's try it again, and this time let's watch everybody watch Joey.
[SPEAKER_Director] Show 'em how it's done.","[SPEAKER_Director] Let's try it again, and this time let's watch everybody watch Joey.
[SPEAKER_Director] Show 'em how it's done.",neutral,4,4,neutral,True,0.02962498,0.012839305,0.003083576,0.14089437,0.80501366,0.006082992,0.0024610485
129,7,Director,Count it off.,neutral,"[SPEAKER_Director] Show 'em how it's done.
[SPEAKER_Director] Count it off.","[SPEAKER_Director] Show 'em how it's done.
[SPEAKER_Director] Count it off.",neutral,4,4,neutral,True,0.026065102,0.00454014,0.0015810286,0.0352403,0.9270801,0.0038570564,0.0016363185
130,1,Ross,"Ohh, God, nobody likes him, and he’s so cheap, he’d never fly to London in a million years.",disgust,"[SPEAKER_Emily] So what did he decide? Does your Uncle Nathan get an invite or not?
[SPEAKER_Ross] Ohh, God, nobody likes him, and he’s so cheap, he’d never fly to London in a million years.","[SPEAKER_Emily] So what did he decide? Does your Uncle Nathan get an invite or not?
[SPEAKER_Ross] Ohh, God, nobody likes him, and he’s so cheap, he’d never fly to London in a million years.",disgust,1,4,neutral,False,0.10913767,0.16701478,0.0175952,0.2019393,0.2934163,0.14773728,0.063159466
130,2,Ross,"Yeah, invite him?",neutral,"[SPEAKER_Ross] Ohh, God, nobody likes him, and he’s so cheap, he’d never fly to London in a million years.
[SPEAKER_Ross] Yeah, invite him?","[SPEAKER_Ross] Ohh, God, nobody likes him, and he’s so cheap, he’d never fly to London in a million years.
[SPEAKER_Ross] Yeah, invite him?",neutral,4,4,neutral,True,0.005711548,0.0009003334,0.0021933108,0.007814287,0.97154903,0.002250328,0.009581171
130,3,Ross,"Hey, did I do these neat enough?",neutral,"[SPEAKER_Ross] Yeah, invite him?
[SPEAKER_Ross] Hey, did I do these neat enough?","[SPEAKER_Ross] Yeah, invite him?
[SPEAKER_Ross] Hey, did I do these neat enough?",neutral,4,4,neutral,True,0.03847731,0.002980691,0.0051510883,0.10802321,0.7886003,0.006195065,0.050572384
130,4,Emily,"Yeah, they’re fine.",neutral,"[SPEAKER_Ross] Hey, did I do these neat enough?
[SPEAKER_Emily] Yeah, they’re fine.","[SPEAKER_Ross] Hey, did I do these neat enough?
[SPEAKER_Emily] Yeah, they’re fine.",neutral,4,4,neutral,True,0.0077219037,0.0041495427,0.002033499,0.0697135,0.908926,0.006660697,0.000794838
130,5,Ross,Yeah?,joy,"[SPEAKER_Emily] Yeah, they’re fine.
[SPEAKER_Ross] Yeah?","[SPEAKER_Emily] Yeah, they’re fine.
[SPEAKER_Ross] Yeah?",joy,3,4,neutral,False,0.028036838,0.0029533482,0.015989104,0.024465939,0.75950176,0.013631479,0.15542147
130,6,Emily,"If anyone asks, we’ll just say Ben addressed them.  Oh! So you invited Rachel then?",surprise,"[SPEAKER_Ross] Yeah?
[SPEAKER_Emily] If anyone asks, we’ll just say Ben addressed them.  Oh! So you invited Rachel then?","[SPEAKER_Ross] Yeah?
[SPEAKER_Emily] If anyone asks, we’ll just say Ben addressed them.  Oh! So you invited Rachel then?",surprise,6,6,surprise,True,0.032369595,0.003877875,0.009092654,0.0775535,0.120420024,0.015492009,0.7411943
130,7,Ross,Sure. Why not?,neutral,"[SPEAKER_Emily] If anyone asks, we’ll just say Ben addressed them.  Oh! So you invited Rachel then?
[SPEAKER_Ross] Sure. Why not?","[SPEAKER_Emily] If anyone asks, we’ll just say Ben addressed them.  Oh! So you invited Rachel then?
[SPEAKER_Ross] Sure. Why not?",neutral,4,4,neutral,True,0.0035470922,0.0008005045,0.0022847275,0.012489766,0.97568446,0.0021248956,0.0030686432
130,8,Emily,Really?,surprise,"[SPEAKER_Ross] Sure. Why not?
[SPEAKER_Emily] Really?","[SPEAKER_Ross] Sure. Why not?
[SPEAKER_Emily] Really?",surprise,6,6,surprise,True,0.007830213,0.0011566478,0.0037295127,0.0053358697,0.0318212,0.0051919413,0.9449346
130,9,Ross,Yeah?,neutral,"[SPEAKER_Emily] Really?
[SPEAKER_Ross] Yeah?","[SPEAKER_Emily] Really?
[SPEAKER_Ross] Yeah?",neutral,4,4,neutral,True,0.03062805,0.0026146965,0.0116640655,0.017924385,0.76264703,0.011126522,0.1633953
130,10,Emily,I don’t think I’d be comfortable with any of my old lovers there.,sadness,"[SPEAKER_Ross] Yeah?
[SPEAKER_Emily] I don’t think I’d be comfortable with any of my old lovers there.","[SPEAKER_Ross] Yeah?
[SPEAKER_Emily] I don’t think I’d be comfortable with any of my old lovers there.",sadness,5,5,sadness,True,0.22178203,0.04326786,0.049701363,0.1000815,0.07778139,0.488831,0.018554803
130,11,Ross,"Wait-wait-wait, do you, do you think, maybe we shouldn’t invite her?",fear,"[SPEAKER_Emily] I don’t think I’d be comfortable with any of my old lovers there.
[SPEAKER_Ross] Wait-wait-wait, do you, do you think, maybe we shouldn’t invite her?","[SPEAKER_Emily] I don’t think I’d be comfortable with any of my old lovers there.
[SPEAKER_Ross] Wait-wait-wait, do you, do you think, maybe we shouldn’t invite her?",fear,2,2,fear,True,0.040333223,0.011292227,0.49217108,0.13011767,0.14652674,0.07327905,0.106280036
130,12,Emily,"Oh, no-no, y’know I absolutely adore Rachel it’s just that, well it might be a awkward for you.",sadness,"[SPEAKER_Ross] Wait-wait-wait, do you, do you think, maybe we shouldn’t invite her?
[SPEAKER_Emily] Oh, no-no, y’know I absolutely adore Rachel it’s just that, well it might be a awkward for you.","[SPEAKER_Ross] Wait-wait-wait, do you, do you think, maybe we shouldn’t invite her?
[SPEAKER_Emily] Oh, no-no, y’know I absolutely adore Rachel it’s just that, well it might be a awkward for you.",sadness,5,4,neutral,False,0.08200666,0.031413056,0.032520156,0.34302145,0.38869566,0.11438846,0.007954561
130,13,Emily,But it’s absolutely your decision.,neutral,"[SPEAKER_Emily] Oh, no-no, y’know I absolutely adore Rachel it’s just that, well it might be a awkward for you.
[SPEAKER_Emily] But it’s absolutely your decision.","[SPEAKER_Emily] Oh, no-no, y’know I absolutely adore Rachel it’s just that, well it might be a awkward for you.
[SPEAKER_Emily] But it’s absolutely your decision.",neutral,4,4,neutral,True,0.08122588,0.0065268143,0.011660782,0.110660456,0.7645013,0.02355428,0.0018705808
130,14,Emily,More tea?,neutral,"[SPEAKER_Emily] But it’s absolutely your decision.
[SPEAKER_Emily] More tea?","[SPEAKER_Emily] But it’s absolutely your decision.
[SPEAKER_Emily] More tea?",neutral,4,4,neutral,True,0.007704407,0.002066301,0.0050453977,0.02254061,0.9335456,0.0047746133,0.024323111
130,15,Ross,Yeah sure.,neutral,"[SPEAKER_Emily] More tea?
[SPEAKER_Ross] Yeah sure.","[SPEAKER_Emily] More tea?
[SPEAKER_Ross] Yeah sure.",neutral,4,4,neutral,True,0.003970137,0.001951102,0.0020920576,0.120610006,0.8632179,0.006946712,0.0012120493
130,16,Emily,Earl Grey?,neutral,"[SPEAKER_Ross] Yeah sure.
[SPEAKER_Emily] Earl Grey?","[SPEAKER_Ross] Yeah sure.
[SPEAKER_Emily] Earl Grey?",neutral,4,4,neutral,True,0.025931548,0.0038294613,0.008568352,0.017899033,0.83479726,0.012667461,0.09630683
130,17,Ross,"Huh? Yeah, fine, invite whoever you want.",neutral,"[SPEAKER_Emily] Earl Grey?
[SPEAKER_Ross] Huh? Yeah, fine, invite whoever you want.","[SPEAKER_Emily] Earl Grey?
[SPEAKER_Ross] Huh? Yeah, fine, invite whoever you want.",neutral,4,4,neutral,True,0.008528107,0.002247097,0.0020956402,0.011701827,0.9717666,0.0020392686,0.001621562
131,1,Joey,Hey!,joy,"[SPEAKER_Rachel] Hi.
[SPEAKER_Joey] Hey!","[SPEAKER_Rachel] Hi.
[SPEAKER_Joey] Hey!",joy,3,3,joy,True,0.041077632,0.0033233603,0.0043252828,0.61698323,0.16985242,0.008524654,0.1559134
131,2,Phoebe,Hey! So how was the doctor?,neutral,"[SPEAKER_Joey] Hey!
[SPEAKER_Phoebe] Hey! So how was the doctor?","[SPEAKER_Joey] Hey!
[SPEAKER_Phoebe] Hey! So how was the doctor?",neutral,4,4,neutral,True,0.046713945,0.00613761,0.01087624,0.3356915,0.38841623,0.016495073,0.19566946
131,3,Rachel,"Oh, everything went great.",joy,"[SPEAKER_Phoebe] Hey! So how was the doctor?
[SPEAKER_Rachel] Oh, everything went great.","[SPEAKER_Phoebe] Hey! So how was the doctor?
[SPEAKER_Rachel] Oh, everything went great.",joy,3,3,joy,True,0.01811211,0.0019093333,0.0019415948,0.8693384,0.08089674,0.006949555,0.020852216
131,4,Phoebe,Good.,neutral,"[SPEAKER_Rachel] Oh, everything went great.
[SPEAKER_Phoebe] Good.","[SPEAKER_Rachel] Oh, everything went great.
[SPEAKER_Phoebe] Good.",neutral,4,3,joy,False,0.013273405,0.0042848852,0.0030704017,0.7703895,0.18722744,0.017128859,0.0046255225
131,5,Ross,"Oh hey, show them the picture of your uterus.",neutral,"[SPEAKER_Phoebe] Good.
[SPEAKER_Ross] Oh hey, show them the picture of your uterus.","[SPEAKER_Phoebe] Good.
[SPEAKER_Ross] Oh hey, show them the picture of your uterus.",neutral,4,4,neutral,True,0.010427,0.012972378,0.0040158792,0.05603394,0.90928435,0.0041845846,0.003081902
131,6,Phoebe,Oh.,joy,"[SPEAKER_Ross] Oh hey, show them the picture of your uterus.
[SPEAKER_Phoebe] Oh.","[SPEAKER_Ross] Oh hey, show them the picture of your uterus.
[SPEAKER_Phoebe] Oh.",joy,3,4,neutral,False,0.014009907,0.023246571,0.040588025,0.101596735,0.7558431,0.051730007,0.0129856635
131,7,Joey,I don’t see the baby. Where is it?,neutral,"[SPEAKER_Phoebe] Oh.
[SPEAKER_Joey] I don’t see the baby. Where is it?","[SPEAKER_Phoebe] Oh.
[SPEAKER_Joey] I don’t see the baby. Where is it?",neutral,4,4,neutral,True,0.022530414,0.00624769,0.07402866,0.06657271,0.57529974,0.112320594,0.14300029
131,8,Rachel,"Oh no, I know I couldn’t see it either at first, but it’s right umm…  Ross, I lost it again.",joy,"[SPEAKER_Joey] I don’t see the baby. Where is it?
[SPEAKER_Rachel] Oh no, I know I couldn’t see it either at first, but it’s right umm…  Ross, I lost it again.","[SPEAKER_Joey] I don’t see the baby. Where is it?
[SPEAKER_Rachel] Oh no, I know I couldn’t see it either at first, but it’s right umm…  Ross, I lost it again.",joy,3,5,sadness,False,0.035159916,0.008821648,0.1480139,0.07558928,0.039246045,0.68089986,0.012269331
132,1,Phoebe,The patient I’m looking for has a broken leg and is in a wheelchair.,neutral,"[SPEAKER_Phoebe] Could you help me with something?
[SPEAKER_Phoebe] The patient I’m looking for has a broken leg and is in a wheelchair.","[SPEAKER_Phoebe] Could you help me with something?
[SPEAKER_Phoebe] The patient I’m looking for has a broken leg and is in a wheelchair.",neutral,4,4,neutral,True,0.009613436,0.0031169835,0.0049053677,0.0055402913,0.9634748,0.008817461,0.0045315456
132,2,Phoebe,"And umm, he’s like early to mid-thirties, very attractive.",neutral,"[SPEAKER_Phoebe] The patient I’m looking for has a broken leg and is in a wheelchair.
[SPEAKER_Phoebe] And umm, he’s like early to mid-thirties, very attractive.","[SPEAKER_Phoebe] The patient I’m looking for has a broken leg and is in a wheelchair.
[SPEAKER_Phoebe] And umm, he’s like early to mid-thirties, very attractive.",neutral,4,4,neutral,True,0.00585855,0.0056050196,0.0043304595,0.05751886,0.9100726,0.010393985,0.0062205247
132,3,Nurse,I think I know who you’re talking about.,neutral,"[SPEAKER_Phoebe] And umm, he’s like early to mid-thirties, very attractive.
[SPEAKER_Nurse] I think I know who you’re talking about.","[SPEAKER_Phoebe] And umm, he’s like early to mid-thirties, very attractive.
[SPEAKER_Nurse] I think I know who you’re talking about.",neutral,4,4,neutral,True,0.011090207,0.0017851831,0.0025017695,0.012469251,0.95267445,0.0033500749,0.016129162
132,4,Phoebe,"Oh yay! Great! Okay, what room number is he in?",joy,"[SPEAKER_Nurse] I think I know who you’re talking about.
[SPEAKER_Phoebe] Oh yay! Great! Okay, what room number is he in?","[SPEAKER_Nurse] I think I know who you’re talking about.
[SPEAKER_Phoebe] Oh yay! Great! Okay, what room number is he in?",joy,3,3,joy,True,0.015570793,0.0023438467,0.0015328272,0.8621352,0.021869065,0.0037595672,0.09278882
132,5,Nurse,"I’m sorry, that information is restricted to hospital staff",neutral,"[SPEAKER_Phoebe] Oh yay! Great! Okay, what room number is he in?
[SPEAKER_Nurse] I’m sorry, that information is restricted to hospital staff","[SPEAKER_Phoebe] Oh yay! Great! Okay, what room number is he in?
[SPEAKER_Nurse] I’m sorry, that information is restricted to hospital staff",neutral,4,4,neutral,True,0.0050469968,0.001865793,0.0020473113,0.0061636977,0.97501546,0.007463923,0.0023967484
132,6,Joey,"Uh, she’s with me.  Dr. Drake Remoray.",neutral,"[SPEAKER_Nurse] I’m sorry, that information is restricted to hospital staff
[SPEAKER_Joey] Uh, she’s with me.  Dr. Drake Remoray.","[SPEAKER_Nurse] I’m sorry, that information is restricted to hospital staff
[SPEAKER_Joey] Uh, she’s with me.  Dr. Drake Remoray.",neutral,4,4,neutral,True,0.002428556,0.0005731311,0.0013300964,0.0048996583,0.98795986,0.0019452774,0.00086340477
132,7,Nurse,Dr. Drake who?,neutral,"[SPEAKER_Joey] Uh, she’s with me.  Dr. Drake Remoray.
[SPEAKER_Nurse] Dr. Drake who?","[SPEAKER_Joey] Uh, she’s with me.  Dr. Drake Remoray.
[SPEAKER_Nurse] Dr. Drake who?",neutral,4,4,neutral,True,0.022762364,0.0020888485,0.00926324,0.009229889,0.5739718,0.008112866,0.37457106
132,8,Joey,Remoray. It’s Portuguese. We need that information. I’m a doctor.,neutral,"[SPEAKER_Nurse] Dr. Drake who?
[SPEAKER_Joey] Remoray. It’s Portuguese. We need that information. I’m a doctor.","[SPEAKER_Nurse] Dr. Drake who?
[SPEAKER_Joey] Remoray. It’s Portuguese. We need that information. I’m a doctor.",neutral,4,4,neutral,True,0.0034629395,0.0012128929,0.0020870997,0.01264127,0.9778357,0.0020481385,0.00071190635
132,9,Nurse,A doctor at this hospital?,surprise,"[SPEAKER_Joey] Remoray. It’s Portuguese. We need that information. I’m a doctor.
[SPEAKER_Nurse] A doctor at this hospital?","[SPEAKER_Joey] Remoray. It’s Portuguese. We need that information. I’m a doctor.
[SPEAKER_Nurse] A doctor at this hospital?",surprise,6,6,surprise,True,0.03035075,0.0025196893,0.014092951,0.0081790285,0.1972466,0.013425403,0.73418564
132,10,Joey,Damnit woman we’re losing precious time! Now do you want this man’s blood on your head?,anger,"[SPEAKER_Nurse] A doctor at this hospital?
[SPEAKER_Joey] Damnit woman we’re losing precious time! Now do you want this man’s blood on your head?","[SPEAKER_Nurse] A doctor at this hospital?
[SPEAKER_Joey] Damnit woman we’re losing precious time! Now do you want this man’s blood on your head?",anger,0,0,anger,True,0.85900104,0.031370617,0.054789558,0.0112867905,0.017387494,0.022374522,0.0037899578
132,11,Phoebe,Hands.,neutral,"[SPEAKER_Joey] Damnit woman we’re losing precious time! Now do you want this man’s blood on your head?
[SPEAKER_Phoebe] Hands.","[SPEAKER_Joey] Damnit woman we’re losing precious time! Now do you want this man’s blood on your head?
[SPEAKER_Phoebe] Hands.",neutral,4,4,neutral,True,0.014059732,0.0077601057,0.017672407,0.012399792,0.920859,0.01675419,0.010494714
132,12,Joey,Hands!,neutral,"[SPEAKER_Phoebe] Hands.
[SPEAKER_Joey] Hands!","[SPEAKER_Phoebe] Hands.
[SPEAKER_Joey] Hands!",neutral,4,6,surprise,False,0.12655312,0.0065339096,0.008446007,0.095257685,0.36628592,0.012928957,0.38399446
132,13,Joey,It is absolutely essential that you tell me what room the man my assistant described is staying in.,neutral,"[SPEAKER_Joey] Hands!
[SPEAKER_Joey] It is absolutely essential that you tell me what room the man my assistant described is staying in.","[SPEAKER_Joey] Hands!
[SPEAKER_Joey] It is absolutely essential that you tell me what room the man my assistant described is staying in.",neutral,4,4,neutral,True,0.0072549083,0.0016911441,0.0018437656,0.009440886,0.9770716,0.0016259176,0.001071773
132,14,Joey,"He’s a patient of mine, I’ve been treating him for years!",neutral,"[SPEAKER_Joey] It is absolutely essential that you tell me what room the man my assistant described is staying in.
[SPEAKER_Joey] He’s a patient of mine, I’ve been treating him for years!","[SPEAKER_Joey] It is absolutely essential that you tell me what room the man my assistant described is staying in.
[SPEAKER_Joey] He’s a patient of mine, I’ve been treating him for years!",neutral,4,0,anger,False,0.3546083,0.02945018,0.021843718,0.11253658,0.11980849,0.058954507,0.3027982
132,15,Nurse,He’s in room 816.,neutral,"[SPEAKER_Joey] He’s a patient of mine, I’ve been treating him for years!
[SPEAKER_Nurse] He’s in room 816.","[SPEAKER_Joey] He’s a patient of mine, I’ve been treating him for years!
[SPEAKER_Nurse] He’s in room 816.",neutral,4,4,neutral,True,0.004367836,0.0016899613,0.0008204792,0.0028301107,0.9862286,0.0016105098,0.0024524343
132,16,Joey,"816, thank you!",joy,"[SPEAKER_Nurse] He’s in room 816.
[SPEAKER_Joey] 816, thank you!","[SPEAKER_Nurse] He’s in room 816.
[SPEAKER_Joey] 816, thank you!",joy,3,3,joy,True,0.03528825,0.0017202287,0.0024905652,0.8462492,0.08809201,0.004532026,0.021627668
132,17,Phoebe,Thank you.,neutral,"[SPEAKER_Joey] 816, thank you!
[SPEAKER_Phoebe] Thank you.","[SPEAKER_Joey] 816, thank you!
[SPEAKER_Phoebe] Thank you.",neutral,4,4,neutral,True,0.011863455,0.0023121522,0.001720932,0.1215886,0.85598487,0.004396253,0.0021337708
132,18,Joey,And what is his name?,neutral,"[SPEAKER_Phoebe] Thank you.
[SPEAKER_Joey] And what is his name?","[SPEAKER_Phoebe] Thank you.
[SPEAKER_Joey] And what is his name?",neutral,4,4,neutral,True,0.009145532,0.0008736432,0.0018780864,0.0058129574,0.9640488,0.0022431237,0.01599798
132,19,Phoebe,No!,surprise,"[SPEAKER_Joey] And what is his name?
[SPEAKER_Phoebe] No!","[SPEAKER_Joey] And what is his name?
[SPEAKER_Phoebe] No!",surprise,6,0,anger,False,0.6023619,0.029101396,0.12294131,0.02549943,0.024839005,0.051655836,0.14360115
133,1,Rachel and Bonnie,Hi!,joy,"[SPEAKER_Ross] Hi!
[SPEAKER_Rachel and Bonnie] Hi!","[SPEAKER_Ross] Hi!
[SPEAKER_Rachel and Bonnie] Hi!",joy,3,3,joy,True,0.0153569225,0.0011616946,0.0017061547,0.8889389,0.055956665,0.0033476132,0.033532064
133,2,Bonnie,Rachel was just helping me out. My head got all sunburned.,neutral,"[SPEAKER_Rachel and Bonnie] Hi!
[SPEAKER_Bonnie] Rachel was just helping me out. My head got all sunburned.","[SPEAKER_Rachel and Bonnie] Hi!
[SPEAKER_Bonnie] Rachel was just helping me out. My head got all sunburned.",neutral,4,4,neutral,True,0.0359164,0.056001876,0.09261385,0.06271707,0.49855176,0.13823359,0.11596552
133,3,Ross,Awww.,joy,"[SPEAKER_Bonnie] Rachel was just helping me out. My head got all sunburned.
[SPEAKER_Ross] Awww.","[SPEAKER_Bonnie] Rachel was just helping me out. My head got all sunburned.
[SPEAKER_Ross] Awww.",joy,3,3,joy,True,0.04340189,0.08372629,0.042562675,0.3497427,0.23438992,0.047323536,0.19885305
133,4,Bonnie,Thanks a million.,joy,"[SPEAKER_Ross] Awww.
[SPEAKER_Bonnie] Thanks a million.","[SPEAKER_Ross] Awww.
[SPEAKER_Bonnie] Thanks a million.",joy,3,3,joy,True,0.010137785,0.0020809113,0.0021095746,0.71676886,0.24728218,0.018686587,0.0029340514
133,5,Rachel,"Oh, you’re welcome a million.",joy,"[SPEAKER_Bonnie] Thanks a million.
[SPEAKER_Rachel] Oh, you’re welcome a million.","[SPEAKER_Bonnie] Thanks a million.
[SPEAKER_Rachel] Oh, you’re welcome a million.",joy,3,4,neutral,False,0.019848786,0.00673526,0.0037940652,0.14693467,0.7972123,0.01950334,0.005971618
133,6,Bonnie,"Okay, I’ll see you in our room.",neutral,"[SPEAKER_Rachel] Oh, you’re welcome a million.
[SPEAKER_Bonnie] Okay, I’ll see you in our room.","[SPEAKER_Rachel] Oh, you’re welcome a million.
[SPEAKER_Bonnie] Okay, I’ll see you in our room.",neutral,4,4,neutral,True,0.006987337,0.0024044665,0.0011638695,0.024786517,0.9614276,0.0026554817,0.0005746917
133,7,Ross,Yeah.,neutral,"[SPEAKER_Bonnie] Okay, I’ll see you in our room.
[SPEAKER_Ross] Yeah.","[SPEAKER_Bonnie] Okay, I’ll see you in our room.
[SPEAKER_Ross] Yeah.",neutral,4,4,neutral,True,0.004201322,0.0017391082,0.0019540114,0.034473423,0.95010024,0.0062115556,0.001320373
133,8,Rachel,Oh my God.,surprise,"[SPEAKER_Ross] Yeah.
[SPEAKER_Rachel] Oh my God.","[SPEAKER_Ross] Yeah.
[SPEAKER_Rachel] Oh my God.",surprise,6,6,surprise,True,0.006420229,0.007529941,0.008702618,0.016670365,0.008887182,0.013109864,0.9386798
133,9,Ross,I know.,neutral,"[SPEAKER_Rachel] Oh my God.
[SPEAKER_Ross] I know.","[SPEAKER_Rachel] Oh my God.
[SPEAKER_Ross] I know.",neutral,4,4,neutral,True,0.004251742,0.0019487333,0.006827718,0.011656818,0.96431834,0.007590808,0.0034058923
133,10,Ross,"Okay, I gotta go.",neutral,"[SPEAKER_Ross] I know.
[SPEAKER_Ross] Okay, I gotta go.","[SPEAKER_Ross] I know.
[SPEAKER_Ross] Okay, I gotta go.",neutral,4,4,neutral,True,0.015825596,0.008808039,0.02943429,0.04200526,0.88023,0.021540156,0.0021566108
133,11,Rachel,Whoa! What?! Why?!,surprise,"[SPEAKER_Ross] Okay, I gotta go.
[SPEAKER_Rachel] Whoa! What?! Why?!","[SPEAKER_Ross] Okay, I gotta go.
[SPEAKER_Rachel] Whoa! What?! Why?!",surprise,6,6,surprise,True,0.008787075,0.0016507931,0.0030183748,0.0032603513,0.010979927,0.0044766436,0.96782684
133,12,Ross,"Well, I-I gotta go break up with Bonnie.",sadness,"[SPEAKER_Rachel] Whoa! What?! Why?!
[SPEAKER_Ross] Well, I-I gotta go break up with Bonnie.","[SPEAKER_Rachel] Whoa! What?! Why?!
[SPEAKER_Ross] Well, I-I gotta go break up with Bonnie.",sadness,5,4,neutral,False,0.04544347,0.010985814,0.34908444,0.11360822,0.3863594,0.07328604,0.021232668
133,13,Rachel,Here?! Now?!,surprise,"[SPEAKER_Ross] Well, I-I gotta go break up with Bonnie.
[SPEAKER_Rachel] Here?! Now?!","[SPEAKER_Ross] Well, I-I gotta go break up with Bonnie.
[SPEAKER_Rachel] Here?! Now?!",surprise,6,6,surprise,True,0.12318443,0.004599749,0.007357872,0.0067111403,0.025273068,0.010816512,0.8220572
133,14,Ross,"Well, yeah.",neutral,"[SPEAKER_Rachel] Here?! Now?!
[SPEAKER_Ross] Well, yeah.","[SPEAKER_Rachel] Here?! Now?!
[SPEAKER_Ross] Well, yeah.",neutral,4,4,neutral,True,0.008082304,0.0027102577,0.0068172594,0.037916627,0.9289625,0.012958384,0.0025526
133,15,Ross,"I can’t-I can’t stay here all night, and if I go in there she’s-she’s gonna wanna... do stuff.",fear,"[SPEAKER_Ross] Well, yeah.
[SPEAKER_Ross] I can’t-I can’t stay here all night, and if I go in there she’s-she’s gonna wanna... do stuff.","[SPEAKER_Ross] Well, yeah.
[SPEAKER_Ross] I can’t-I can’t stay here all night, and if I go in there she’s-she’s gonna wanna... do stuff.",fear,2,2,fear,True,0.05485506,0.02169703,0.4491977,0.092120565,0.225373,0.14706068,0.009695984
134,1,Chandler,"He’s not gonna make it, he’s stuck in Chicago.",sadness,"[SPEAKER_Ross] What happened?
[SPEAKER_Chandler] He’s not gonna make it, he’s stuck in Chicago.","[SPEAKER_Ross] What happened?
[SPEAKER_Chandler] He’s not gonna make it, he’s stuck in Chicago.",sadness,5,4,neutral,False,0.12629093,0.027473787,0.060435906,0.12077184,0.4159452,0.20730701,0.04177532
134,2,Ross,"Ohh, man! Chicago, is sooo lucky!",joy,"[SPEAKER_Chandler] He’s not gonna make it, he’s stuck in Chicago.
[SPEAKER_Ross] Ohh, man! Chicago, is sooo lucky!","[SPEAKER_Chandler] He’s not gonna make it, he’s stuck in Chicago.
[SPEAKER_Ross] Ohh, man! Chicago, is sooo lucky!",joy,3,3,joy,True,0.033642877,0.003803452,0.0023792759,0.87504804,0.049254157,0.0071009197,0.028771339
134,3,Chandler,"Stupid, useless Canadian money!",anger,"[SPEAKER_Ross] Ohh, man! Chicago, is sooo lucky!
[SPEAKER_Chandler] Stupid, useless Canadian money!","[SPEAKER_Ross] Ohh, man! Chicago, is sooo lucky!
[SPEAKER_Chandler] Stupid, useless Canadian money!",anger,0,0,anger,True,0.9058043,0.01921449,0.0123653,0.010477304,0.0136454925,0.017909894,0.020583214
135,1,Rachel,Really?,surprise,"[SPEAKER_Mr. Waltham] Rachel, one of your customers seems to have left his billfold. A Joshua Bergen.
[SPEAKER_Rachel] Really?","[SPEAKER_Mr. Waltham] Rachel, one of your customers seems to have left his billfold. A Joshua Bergen.
[SPEAKER_Rachel] Really?",surprise,6,6,surprise,True,0.0082077095,0.0011264557,0.0031842308,0.0047844085,0.04319551,0.0050200145,0.9344816
135,2,Mr. Waltham,Will you call him?,neutral,"[SPEAKER_Rachel] Really?
[SPEAKER_Mr. Waltham] Will you call him?","[SPEAKER_Rachel] Really?
[SPEAKER_Mr. Waltham] Will you call him?",neutral,4,4,neutral,True,0.006436446,0.0005501453,0.0013859522,0.006779906,0.9780343,0.0016234164,0.005189901
135,3,Rachel,Yes!,joy,"[SPEAKER_Mr. Waltham] Will you call him?
[SPEAKER_Rachel] Yes!","[SPEAKER_Mr. Waltham] Will you call him?
[SPEAKER_Rachel] Yes!",joy,3,3,joy,True,0.026680686,0.0013184357,0.0026258097,0.88060415,0.05061383,0.005004072,0.033153035
135,4,Rachel,I will!,joy,"[SPEAKER_Rachel] Yes!
[SPEAKER_Rachel] I will!","[SPEAKER_Rachel] Yes!
[SPEAKER_Rachel] I will!",joy,3,3,joy,True,0.05335659,0.0016751272,0.0064393505,0.8727643,0.05073843,0.0055569354,0.009469313
135,5,Rachel,Absolutely!,joy,"[SPEAKER_Rachel] I will!
[SPEAKER_Rachel] Absolutely!","[SPEAKER_Rachel] I will!
[SPEAKER_Rachel] Absolutely!",joy,3,3,joy,True,0.009301249,0.00093546655,0.001392523,0.9554743,0.02523183,0.0027464177,0.0049182265
137,1,Joey,Hey!,neutral,"[SPEAKER_Chandler] I’m full, and yet I know if I stop eating this, I’ll regret it.
[SPEAKER_Joey] Hey!","[SPEAKER_Chandler] I’m full, and yet I know if I stop eating this, I’ll regret it.
[SPEAKER_Joey] Hey!",neutral,4,3,joy,False,0.039047584,0.003499119,0.004934224,0.45889682,0.1941811,0.009766759,0.28967434
137,2,Rachel,Hey!,neutral,"[SPEAKER_Joey] Hey!
[SPEAKER_Rachel] Hey!","[SPEAKER_Joey] Hey!
[SPEAKER_Rachel] Hey!",neutral,4,3,joy,False,0.04151493,0.0032670014,0.004511479,0.6301254,0.15220487,0.008551801,0.15982452
137,3,Joey,What do you got there?,neutral,"[SPEAKER_Rachel] Hey!
[SPEAKER_Joey] What do you got there?","[SPEAKER_Rachel] Hey!
[SPEAKER_Joey] What do you got there?",neutral,4,4,neutral,True,0.014753839,0.001244762,0.002807875,0.014299271,0.9264284,0.0027658422,0.037699953
137,4,Rachel,"Oh it’s umm, it’s tofu cake. Do you want some?",neutral,"[SPEAKER_Joey] What do you got there?
[SPEAKER_Rachel] Oh it’s umm, it’s tofu cake. Do you want some?","[SPEAKER_Joey] What do you got there?
[SPEAKER_Rachel] Oh it’s umm, it’s tofu cake. Do you want some?",neutral,4,4,neutral,True,0.0019336096,0.0014236565,0.0011158785,0.022537557,0.968623,0.0023468055,0.0020195902
137,5,Chandler,What are you doing tonight?,neutral,"[SPEAKER_Rachel] Oh it’s umm, it’s tofu cake. Do you want some?
[SPEAKER_Chandler] What are you doing tonight?","[SPEAKER_Rachel] Oh it’s umm, it’s tofu cake. Do you want some?
[SPEAKER_Chandler] What are you doing tonight?",neutral,4,6,surprise,False,0.02126319,0.002701437,0.0077496185,0.015708804,0.4074543,0.00927029,0.5358524
137,6,Joey,Huh? Uh,neutral,"[SPEAKER_Chandler] What are you doing tonight?
[SPEAKER_Joey] Huh? Uh","[SPEAKER_Chandler] What are you doing tonight?
[SPEAKER_Joey] Huh? Uh",neutral,4,4,neutral,True,0.01744818,0.0025380086,0.025188241,0.017242977,0.74126685,0.012035409,0.18428025
137,7,Chandler,Dude! Dude!,surprise,"[SPEAKER_Joey] Huh? Uh
[SPEAKER_Chandler] Dude! Dude!","[SPEAKER_Joey] Huh? Uh
[SPEAKER_Chandler] Dude! Dude!",surprise,6,3,joy,False,0.037103727,0.0053931894,0.0028094966,0.734099,0.03768783,0.006014128,0.17689271
137,8,Joey,"Oh!  Sorry. Uh, I’ve got those plans with Phoebe, why?",neutral,"[SPEAKER_Chandler] Dude! Dude!
[SPEAKER_Joey] Oh!  Sorry. Uh, I’ve got those plans with Phoebe, why?","[SPEAKER_Chandler] Dude! Dude!
[SPEAKER_Joey] Oh!  Sorry. Uh, I’ve got those plans with Phoebe, why?",neutral,4,6,surprise,False,0.02493896,0.003097654,0.019522656,0.025127735,0.1208768,0.023260701,0.7831754
137,9,Chandler,"Oh really? Uh, Monica said she had a date at 9:00.",surprise,"[SPEAKER_Joey] Oh!  Sorry. Uh, I’ve got those plans with Phoebe, why?
[SPEAKER_Chandler] Oh really? Uh, Monica said she had a date at 9:00.","[SPEAKER_Joey] Oh!  Sorry. Uh, I’ve got those plans with Phoebe, why?
[SPEAKER_Chandler] Oh really? Uh, Monica said she had a date at 9:00.",surprise,6,6,surprise,True,0.009026725,0.002143444,0.008823016,0.0096977735,0.16205828,0.009689921,0.79856086
137,10,Joey,What?! Tonight?!,surprise,"[SPEAKER_Chandler] Oh really? Uh, Monica said she had a date at 9:00.
[SPEAKER_Joey] What?! Tonight?!","[SPEAKER_Chandler] Oh really? Uh, Monica said she had a date at 9:00.
[SPEAKER_Joey] What?! Tonight?!",surprise,6,6,surprise,True,0.008478353,0.0015226137,0.002203302,0.0035103974,0.0121830935,0.0039751036,0.9681272
137,11,Chandler,That’s what Monica said.,neutral,"[SPEAKER_Joey] What?! Tonight?!
[SPEAKER_Chandler] That’s what Monica said.","[SPEAKER_Joey] What?! Tonight?!
[SPEAKER_Chandler] That’s what Monica said.",neutral,4,4,neutral,True,0.006109414,0.0015103176,0.0011220436,0.005818574,0.9811782,0.0020476,0.0022136597
137,12,Joey,After she gave me that big speech?!,surprise,"[SPEAKER_Chandler] That’s what Monica said.
[SPEAKER_Joey] After she gave me that big speech?!","[SPEAKER_Chandler] That’s what Monica said.
[SPEAKER_Joey] After she gave me that big speech?!",surprise,6,6,surprise,True,0.2412009,0.007418691,0.0079957675,0.013579452,0.026459439,0.016762258,0.6865835
137,13,Joey,She goes and makes a date with a guy on the same night she has plans with me?,anger,"[SPEAKER_Joey] After she gave me that big speech?!
[SPEAKER_Joey] She goes and makes a date with a guy on the same night she has plans with me?","[SPEAKER_Joey] After she gave me that big speech?!
[SPEAKER_Joey] She goes and makes a date with a guy on the same night she has plans with me?",anger,0,6,surprise,False,0.043345913,0.008032414,0.0074783447,0.014377351,0.10553119,0.016553074,0.8046817
137,14,Joey,I think she’s trying to pull a fast one on Big Daddy!,anger,"[SPEAKER_Joey] She goes and makes a date with a guy on the same night she has plans with me?
[SPEAKER_Joey] I think she’s trying to pull a fast one on Big Daddy!","[SPEAKER_Joey] She goes and makes a date with a guy on the same night she has plans with me?
[SPEAKER_Joey] I think she’s trying to pull a fast one on Big Daddy!",anger,0,0,anger,True,0.44217685,0.03874842,0.0085602375,0.120907865,0.043818075,0.07714305,0.26864544
138,1,Ross,Who cares? I repel women.,disgust,"[SPEAKER_Chandler] Okay, is this lamp in the same place?
[SPEAKER_Ross] Who cares? I repel women.","[SPEAKER_Chandler] Okay, is this lamp in the same place?
[SPEAKER_Ross] Who cares? I repel women.",disgust,1,4,neutral,False,0.020016238,0.0049348213,0.0032555151,0.0154826725,0.9506985,0.0035935468,0.0020186955
138,2,Chandler,No-no-no-no-no-no-no-no!!! You can't come in here! R-r-r-r-Ross is naked.,surprise,"[SPEAKER_Ross] Who cares? I repel women.
[SPEAKER_Chandler] No-no-no-no-no-no-no-no!!! You can't come in here! R-r-r-r-Ross is naked.","[SPEAKER_Ross] Who cares? I repel women.
[SPEAKER_Chandler] No-no-no-no-no-no-no-no!!! You can't come in here! R-r-r-r-Ross is naked.",surprise,6,2,fear,False,0.104805194,0.037061717,0.3987189,0.101256244,0.108758025,0.049417716,0.19998218
138,3,Monica,What?!,surprise,"[SPEAKER_Chandler] No-no-no-no-no-no-no-no!!! You can't come in here! R-r-r-r-Ross is naked.
[SPEAKER_Monica] What?!","[SPEAKER_Chandler] No-no-no-no-no-no-no-no!!! You can't come in here! R-r-r-r-Ross is naked.
[SPEAKER_Monica] What?!",surprise,6,6,surprise,True,0.008224716,0.0016379693,0.003907491,0.0037779212,0.028628424,0.0045617153,0.94926184
139,1,Rachel,"Yeah well, I’m-I’m a slut.",sadness,"[SPEAKER_Jill] It’s yours!
[SPEAKER_Rachel] Yeah well, I’m-I’m a slut.","[SPEAKER_Jill] It’s yours!
[SPEAKER_Rachel] Yeah well, I’m-I’m a slut.",sadness,5,5,sadness,True,0.18607095,0.22812384,0.1089622,0.0264992,0.026257941,0.4156231,0.008462767
139,2,Jill,Me too.,neutral,"[SPEAKER_Rachel] Yeah well, I’m-I’m a slut.
[SPEAKER_Jill] Me too.","[SPEAKER_Rachel] Yeah well, I’m-I’m a slut.
[SPEAKER_Jill] Me too.",neutral,4,4,neutral,True,0.09177241,0.037629154,0.017492399,0.21576679,0.4901088,0.14169261,0.0055378224
139,3,Ross,Hi Jill!,joy,"[SPEAKER_Jill] Me too.
[SPEAKER_Ross] Hi Jill!","[SPEAKER_Jill] Me too.
[SPEAKER_Ross] Hi Jill!",joy,3,3,joy,True,0.012288945,0.00086942024,0.0011869007,0.89700246,0.06716133,0.003143512,0.018347496
139,4,Jill,Hey!,joy,"[SPEAKER_Ross] Hi Jill!
[SPEAKER_Jill] Hey!","[SPEAKER_Ross] Hi Jill!
[SPEAKER_Jill] Hey!",joy,3,3,joy,True,0.028060997,0.002024896,0.0026889008,0.7812387,0.09514186,0.0056843255,0.08516038
139,5,Ross,Hi .,neutral,"[SPEAKER_Jill] Hey!
[SPEAKER_Ross] Hi .","[SPEAKER_Jill] Hey!
[SPEAKER_Ross] Hi .",neutral,4,4,neutral,True,0.001602544,0.0006485325,0.00082318456,0.00635475,0.9881329,0.0014474513,0.0009905741
139,6,Rachel,Rachel.,neutral,"[SPEAKER_Ross] Hi .
[SPEAKER_Rachel] Rachel.","[SPEAKER_Ross] Hi .
[SPEAKER_Rachel] Rachel.",neutral,4,4,neutral,True,0.002198782,0.0009260586,0.00092756876,0.0057508596,0.98693997,0.002121452,0.0011352742
139,7,Ross,"Rachel! Well, you-you’re not at home, you’re-you’re-you’re right here.",surprise,"[SPEAKER_Rachel] Rachel.
[SPEAKER_Ross] Rachel! Well, you-you’re not at home, you’re-you’re-you’re right here.","[SPEAKER_Rachel] Rachel.
[SPEAKER_Ross] Rachel! Well, you-you’re not at home, you’re-you’re-you’re right here.",surprise,6,0,anger,False,0.2830497,0.018962283,0.27928105,0.09671345,0.11157231,0.08674306,0.12367821
139,8,Rachel,"Yeah I know, and I bet you thought it would be weird. But it’s not!",joy,"[SPEAKER_Ross] Rachel! Well, you-you’re not at home, you’re-you’re-you’re right here.
[SPEAKER_Rachel] Yeah I know, and I bet you thought it would be weird. But it’s not!","[SPEAKER_Ross] Rachel! Well, you-you’re not at home, you’re-you’re-you’re right here.
[SPEAKER_Rachel] Yeah I know, and I bet you thought it would be weird. But it’s not!",joy,3,3,joy,True,0.13637108,0.010551122,0.045423046,0.34607974,0.2782975,0.057020962,0.12625654
139,9,Ross,"Okay. So well I’ll umm,  I’ll have her home by midnight.",neutral,"[SPEAKER_Rachel] Yeah I know, and I bet you thought it would be weird. But it’s not!
[SPEAKER_Ross] Okay. So well I’ll umm,  I’ll have her home by midnight.","[SPEAKER_Rachel] Yeah I know, and I bet you thought it would be weird. But it’s not!
[SPEAKER_Ross] Okay. So well I’ll umm,  I’ll have her home by midnight.",neutral,4,4,neutral,True,0.0042352667,0.0031722316,0.003785247,0.016197216,0.96718687,0.0048904005,0.000532732
140,1,Ross,"I'm sorry, man.",sadness,"[SPEAKER_Joey] That part was perfect for me! I can't believe I didn't get it!
[SPEAKER_Ross] I'm sorry, man.","[SPEAKER_Joey] That part was perfect for me! I can't believe I didn't get it!
[SPEAKER_Ross] I'm sorry, man.",sadness,5,5,sadness,True,0.023970017,0.0071184793,0.030222498,0.03283278,0.058466587,0.8341869,0.013202669
140,2,Ross,"Hey, y'know what you should do?",neutral,"[SPEAKER_Ross] I'm sorry, man.
[SPEAKER_Ross] Hey, y'know what you should do?","[SPEAKER_Ross] I'm sorry, man.
[SPEAKER_Ross] Hey, y'know what you should do?",neutral,4,4,neutral,True,0.12825379,0.0065628346,0.024989264,0.050186988,0.7728298,0.009859007,0.007318397
140,3,Ross,You should make something happen for yourself.,neutral,"[SPEAKER_Ross] Hey, y'know what you should do?
[SPEAKER_Ross] You should make something happen for yourself.","[SPEAKER_Ross] Hey, y'know what you should do?
[SPEAKER_Ross] You should make something happen for yourself.",neutral,4,4,neutral,True,0.16062598,0.03903963,0.07029576,0.1658193,0.523045,0.03806146,0.003112887
140,4,Ross,"Y'know, like-like write a play.",neutral,"[SPEAKER_Ross] You should make something happen for yourself.
[SPEAKER_Ross] Y'know, like-like write a play.","[SPEAKER_Ross] You should make something happen for yourself.
[SPEAKER_Ross] Y'know, like-like write a play.",neutral,4,4,neutral,True,0.034234144,0.00744162,0.0063993917,0.051490776,0.89462847,0.004594269,0.0012113092
140,5,Ross,Write a movie!,joy,"[SPEAKER_Ross] Y'know, like-like write a play.
[SPEAKER_Ross] Write a movie!","[SPEAKER_Ross] Y'know, like-like write a play.
[SPEAKER_Ross] Write a movie!",joy,3,3,joy,True,0.25603274,0.011220115,0.009609672,0.54624313,0.0999176,0.017935505,0.05904121
140,6,Ross,Huh?,neutral,"[SPEAKER_Ross] Write a movie!
[SPEAKER_Ross] Huh?","[SPEAKER_Ross] Write a movie!
[SPEAKER_Ross] Huh?",neutral,4,4,neutral,True,0.051039804,0.0031993957,0.015083876,0.025869105,0.53024405,0.014921388,0.3596424
140,7,Ross,"I mean, what about those",neutral,"[SPEAKER_Ross] Huh?
[SPEAKER_Ross] I mean, what about those","[SPEAKER_Ross] Huh?
[SPEAKER_Ross] I mean, what about those",neutral,4,4,neutral,True,0.0075225392,0.0010775828,0.0016003395,0.0044740257,0.9803801,0.002123841,0.0028215782
140,8,Joey,"Come on Ross be realistic, y'know? If I did write something, what are the chances I could get those guys to star in it?",sadness,"[SPEAKER_Ross] I mean, what about those
[SPEAKER_Joey] Come on Ross be realistic, y'know? If I did write something, what are the chances I could get those guys to star in it?","[SPEAKER_Ross] I mean, what about those
[SPEAKER_Joey] Come on Ross be realistic, y'know? If I did write something, what are the chances I could get those guys to star in it?",sadness,5,4,neutral,False,0.14743605,0.010872953,0.042144984,0.0377729,0.7404573,0.01506606,0.0062497477
140,9,Joey,"Wait a second, I could star in it!",joy,"[SPEAKER_Joey] Come on Ross be realistic, y'know? If I did write something, what are the chances I could get those guys to star in it?
[SPEAKER_Joey] Wait a second, I could star in it!","[SPEAKER_Joey] Come on Ross be realistic, y'know? If I did write something, what are the chances I could get those guys to star in it?
[SPEAKER_Joey] Wait a second, I could star in it!",joy,3,3,joy,True,0.09230193,0.006187484,0.009342951,0.5997355,0.09585877,0.019004466,0.17756888
140,10,Ross,Or that.,neutral,"[SPEAKER_Joey] Wait a second, I could star in it!
[SPEAKER_Ross] Or that.","[SPEAKER_Joey] Wait a second, I could star in it!
[SPEAKER_Ross] Or that.",neutral,4,4,neutral,True,0.014809221,0.007343653,0.0036329736,0.053463995,0.91303605,0.0063327113,0.0013814366
140,11,Joey,I can't write!,anger,"[SPEAKER_Ross] Or that.
[SPEAKER_Joey] I can't write!","[SPEAKER_Ross] Or that.
[SPEAKER_Joey] I can't write!",anger,0,6,surprise,False,0.038019378,0.004525221,0.03990119,0.03003945,0.07473185,0.034633584,0.77814937
140,12,Joey,"Y'know I mean I-I-I'm an actor, I don't have the discipline that takes, y'know?",sadness,"[SPEAKER_Joey] I can't write!
[SPEAKER_Joey] Y'know I mean I-I-I'm an actor, I don't have the discipline that takes, y'know?","[SPEAKER_Joey] I can't write!
[SPEAKER_Joey] Y'know I mean I-I-I'm an actor, I don't have the discipline that takes, y'know?",sadness,5,4,neutral,False,0.26536748,0.017508594,0.12690355,0.10484037,0.40783843,0.027854316,0.04968721
140,13,Joey,I can't do it.,sadness,"[SPEAKER_Joey] Y'know I mean I-I-I'm an actor, I don't have the discipline that takes, y'know?
[SPEAKER_Joey] I can't do it.","[SPEAKER_Joey] Y'know I mean I-I-I'm an actor, I don't have the discipline that takes, y'know?
[SPEAKER_Joey] I can't do it.",sadness,5,5,sadness,True,0.057198863,0.01970338,0.31982538,0.05426161,0.03822828,0.47259513,0.038187355
140,14,Ross,I'll help you.,neutral,"[SPEAKER_Joey] I can't do it.
[SPEAKER_Ross] I'll help you.","[SPEAKER_Joey] I can't do it.
[SPEAKER_Ross] I'll help you.",neutral,4,4,neutral,True,0.010728972,0.0029813203,0.013784505,0.023412818,0.93274057,0.014869302,0.0014825118
140,15,Ross,"Yeah, I'll make up a schedule and make sure you stick to it.",neutral,"[SPEAKER_Ross] I'll help you.
[SPEAKER_Ross] Yeah, I'll make up a schedule and make sure you stick to it.","[SPEAKER_Ross] I'll help you.
[SPEAKER_Ross] Yeah, I'll make up a schedule and make sure you stick to it.",neutral,4,4,neutral,True,0.011151813,0.0026445647,0.0017427409,0.015011478,0.9662279,0.0024302066,0.0007912632
140,16,Ross,"And plus, it'll give me something to do.",neutral,"[SPEAKER_Ross] Yeah, I'll make up a schedule and make sure you stick to it.
[SPEAKER_Ross] And plus, it'll give me something to do.","[SPEAKER_Ross] Yeah, I'll make up a schedule and make sure you stick to it.
[SPEAKER_Ross] And plus, it'll give me something to do.",neutral,4,4,neutral,True,0.006546504,0.0028717737,0.0017524282,0.03408314,0.9499349,0.004111627,0.0006996799
141,1,Eric,"Oh, mostly fashion, so there may be models here from time to time, I hope that’s cool.",neutral,"[SPEAKER_Chandler] Soo, ah, Eric, what kind of photography do ya do?
[SPEAKER_Eric] Oh, mostly fashion, so there may be models here from time to time, I hope that’s cool.","[SPEAKER_Chandler] Soo, ah, Eric, what kind of photography do ya do?
[SPEAKER_Eric] Oh, mostly fashion, so there may be models here from time to time, I hope that’s cool.",neutral,4,4,neutral,True,0.0028127274,0.0015957296,0.0011850328,0.008887602,0.9829337,0.0019731803,0.0006119379
141,2,Chandler,"Yes, that is cool. Because I have models here y'know......never.",neutral,"[SPEAKER_Eric] Oh, mostly fashion, so there may be models here from time to time, I hope that’s cool.
[SPEAKER_Chandler] Yes, that is cool. Because I have models here y'know......never.","[SPEAKER_Eric] Oh, mostly fashion, so there may be models here from time to time, I hope that’s cool.
[SPEAKER_Chandler] Yes, that is cool. Because I have models here y'know......never.",neutral,4,5,sadness,False,0.19003434,0.022797696,0.043610573,0.24146783,0.15441726,0.32440507,0.023267124
141,3,Eric,"Oh, yeah, during the summer, I spend most weekends at my sister’s beach house, which you are welcome to use by the way.",neutral,"[SPEAKER_Chandler] Yes, that is cool. Because I have models here y'know......never.
[SPEAKER_Eric] Oh, yeah, during the summer, I spend most weekends at my sister’s beach house, which you are welcome to use by the way.","[SPEAKER_Chandler] Yes, that is cool. Because I have models here y'know......never.
[SPEAKER_Eric] Oh, yeah, during the summer, I spend most weekends at my sister’s beach house, which you are welcome to use by the way.",neutral,4,4,neutral,True,0.009185176,0.0064561865,0.0018080925,0.054415967,0.9212235,0.005719783,0.0011912612
141,4,Eric,"Although, I should probably tell you, she’s a porn star.",neutral,"[SPEAKER_Eric] Oh, yeah, during the summer, I spend most weekends at my sister’s beach house, which you are welcome to use by the way.
[SPEAKER_Eric] Although, I should probably tell you, she’s a porn star.","[SPEAKER_Eric] Oh, yeah, during the summer, I spend most weekends at my sister’s beach house, which you are welcome to use by the way.
[SPEAKER_Eric] Although, I should probably tell you, she’s a porn star.",neutral,4,4,neutral,True,0.010160979,0.018300233,0.008057822,0.041687664,0.8924155,0.014953837,0.014423927
142,1,Chandler,All right.,neutral,"[SPEAKER_Chandler] Well, listen I ah, still have one more person to ah meet, but unless it turns out to be your sister, I think you’re chances are pretty good.
[SPEAKER_Chandler] All right.","[SPEAKER_Chandler] Well, listen I ah, still have one more person to ah meet, but unless it turns out to be your sister, I think you’re chances are pretty good.
[SPEAKER_Chandler] All right.",neutral,4,4,neutral,True,0.007595704,0.0011676183,0.0011894734,0.012312513,0.9751497,0.0019556547,0.00062927586
143,1,Monica,Why don’t you just stop doing stupid things? Then you wouldn’t have to apologize.,neutral,"[SPEAKER_Chandler] As bad as that went, I actually enjoyed myself. I think that I’m going to apologize for all of the stupid things I do.
[SPEAKER_Monica] Why don’t you just stop doing stupid things? Then you wouldn’t have to apologize.","[SPEAKER_Chandler] As bad as that went, I actually enjoyed myself. I think that I’m going to apologize for all of the stupid things I do.
[SPEAKER_Monica] Why don’t you just stop doing stupid things? Then you wouldn’t have to apologize.",neutral,4,0,anger,False,0.45326692,0.06088833,0.087109014,0.07236432,0.22666253,0.09491988,0.004789016
143,2,Chandler,I would really love it if I could do both.,neutral,"[SPEAKER_Monica] Why don’t you just stop doing stupid things? Then you wouldn’t have to apologize.
[SPEAKER_Chandler] I would really love it if I could do both.","[SPEAKER_Monica] Why don’t you just stop doing stupid things? Then you wouldn’t have to apologize.
[SPEAKER_Chandler] I would really love it if I could do both.",neutral,4,3,joy,False,0.019489162,0.0034789543,0.004885354,0.8543683,0.091291666,0.024656205,0.0018303172
143,3,Monica,"All right, I…I have to ask.",sadness,"[SPEAKER_Chandler] I would really love it if I could do both.
[SPEAKER_Monica] All right, I…I have to ask.","[SPEAKER_Chandler] I would really love it if I could do both.
[SPEAKER_Monica] All right, I…I have to ask.",sadness,5,4,neutral,False,0.009052156,0.002767137,0.041476604,0.030811928,0.89375484,0.015897734,0.0062394827
143,4,Chandler,What?,neutral,"[SPEAKER_Monica] All right, I…I have to ask.
[SPEAKER_Chandler] What?","[SPEAKER_Monica] All right, I…I have to ask.
[SPEAKER_Chandler] What?",neutral,4,4,neutral,True,0.033840105,0.0029934472,0.020707535,0.015601164,0.59855616,0.013410179,0.3148915
143,5,Monica,Are you gonna break up with me if I get fat again?,fear,"[SPEAKER_Chandler] What?
[SPEAKER_Monica] Are you gonna break up with me if I get fat again?","[SPEAKER_Chandler] What?
[SPEAKER_Monica] Are you gonna break up with me if I get fat again?",fear,2,4,neutral,False,0.105132714,0.017495133,0.031418953,0.07160362,0.74349743,0.0263081,0.0045440327
143,6,Chandler,What?!,surprise,"[SPEAKER_Monica] Are you gonna break up with me if I get fat again?
[SPEAKER_Chandler] What?!","[SPEAKER_Monica] Are you gonna break up with me if I get fat again?
[SPEAKER_Chandler] What?!",surprise,6,6,surprise,True,0.017093882,0.0018777519,0.0035444046,0.0031321633,0.024272729,0.0057398197,0.94433933
143,7,Monica,"Well, you broke up with Julie Grath! How much weight could she have gained?",anger,"[SPEAKER_Chandler] What?!
[SPEAKER_Monica] Well, you broke up with Julie Grath! How much weight could she have gained?","[SPEAKER_Chandler] What?!
[SPEAKER_Monica] Well, you broke up with Julie Grath! How much weight could she have gained?",anger,0,6,surprise,False,0.051128533,0.006969035,0.0055722487,0.05090578,0.06854954,0.014348157,0.8025267
143,8,Chandler,A hundred and forty-five pounds.,disgust,"[SPEAKER_Monica] Well, you broke up with Julie Grath! How much weight could she have gained?
[SPEAKER_Chandler] A hundred and forty-five pounds.","[SPEAKER_Monica] Well, you broke up with Julie Grath! How much weight could she have gained?
[SPEAKER_Chandler] A hundred and forty-five pounds.",disgust,1,4,neutral,False,0.039654925,0.021848677,0.012167981,0.099554636,0.67631817,0.025038037,0.12541753
144,1,Monica,"Here’s Frannie. Hmm, won’t she be happy to see me?",joy,"[SPEAKER_Ross] Yes, yes it is. It’s uh…  Every time on the lips! Why?! Why on lips?!
[SPEAKER_Monica] Here’s Frannie. Hmm, won’t she be happy to see me?","[SPEAKER_Ross] Yes, yes it is. It’s uh…  Every time on the lips! Why?! Why on lips?!
[SPEAKER_Monica] Here’s Frannie. Hmm, won’t she be happy to see me?",joy,3,5,sadness,False,0.23054902,0.009110147,0.10029537,0.10497332,0.13357823,0.36341298,0.058080945
144,2,Ross,"Now wait a minute, you be nice! All right? I didn’t bring you here so you can ambush her.",anger,"[SPEAKER_Monica] Here’s Frannie. Hmm, won’t she be happy to see me?
[SPEAKER_Ross] Now wait a minute, you be nice! All right? I didn’t bring you here so you can ambush her.","[SPEAKER_Monica] Here’s Frannie. Hmm, won’t she be happy to see me?
[SPEAKER_Ross] Now wait a minute, you be nice! All right? I didn’t bring you here so you can ambush her.",anger,0,3,joy,False,0.1411493,0.00795496,0.0131058125,0.4164504,0.3936502,0.013321609,0.014367731
144,3,Monica,Frannie was the one who found your,neutral,"[SPEAKER_Ross] Now wait a minute, you be nice! All right? I didn’t bring you here so you can ambush her.
[SPEAKER_Monica] Frannie was the one who found your","[SPEAKER_Ross] Now wait a minute, you be nice! All right? I didn’t bring you here so you can ambush her.
[SPEAKER_Monica] Frannie was the one who found your",neutral,4,4,neutral,True,0.04403572,0.002840378,0.0017887236,0.020802645,0.902728,0.00452578,0.023278786
144,4,Ross,That bitch!,anger,"[SPEAKER_Monica] Frannie was the one who found your
[SPEAKER_Ross] That bitch!","[SPEAKER_Monica] Frannie was the one who found your
[SPEAKER_Ross] That bitch!",anger,0,0,anger,True,0.6960708,0.15117188,0.005436059,0.032021552,0.01713808,0.026461707,0.07169998
144,5,Frannie,Monica! What,surprise,"[SPEAKER_Ross] That bitch!
[SPEAKER_Frannie] Monica! What","[SPEAKER_Ross] That bitch!
[SPEAKER_Frannie] Monica! What",surprise,6,6,surprise,True,0.034988925,0.006487346,0.0023096453,0.008660079,0.020091986,0.007038879,0.9204231
144,6,Monica,Am I doing here? Why? Surprised to see me? Ross brought me. How do you like that?!,anger,"[SPEAKER_Frannie] Monica! What
[SPEAKER_Monica] Am I doing here? Why? Surprised to see me? Ross brought me. How do you like that?!","[SPEAKER_Frannie] Monica! What
[SPEAKER_Monica] Am I doing here? Why? Surprised to see me? Ross brought me. How do you like that?!",anger,0,6,surprise,False,0.013574968,0.0021875962,0.004899084,0.017378416,0.016675696,0.009044026,0.9362402
144,7,Ross,"Hi Frannie, congratulations.",neutral,"[SPEAKER_Monica] Am I doing here? Why? Surprised to see me? Ross brought me. How do you like that?!
[SPEAKER_Ross] Hi Frannie, congratulations.","[SPEAKER_Monica] Am I doing here? Why? Surprised to see me? Ross brought me. How do you like that?!
[SPEAKER_Ross] Hi Frannie, congratulations.",neutral,4,3,joy,False,0.0063209315,0.0009315002,0.001281733,0.8581739,0.1196232,0.008893826,0.004774945
144,8,Monica,"You invite my brother, you invite my whole family, and not me?!",anger,"[SPEAKER_Ross] Hi Frannie, congratulations.
[SPEAKER_Monica] You invite my brother, you invite my whole family, and not me?!","[SPEAKER_Ross] Hi Frannie, congratulations.
[SPEAKER_Monica] You invite my brother, you invite my whole family, and not me?!",anger,0,0,anger,True,0.89273906,0.009417313,0.015228713,0.0116246,0.016848965,0.019076228,0.035065185
144,9,Monica,Why?!,surprise,"[SPEAKER_Monica] You invite my brother, you invite my whole family, and not me?!
[SPEAKER_Monica] Why?!","[SPEAKER_Monica] You invite my brother, you invite my whole family, and not me?!
[SPEAKER_Monica] Why?!",surprise,6,6,surprise,True,0.03490796,0.002098556,0.0046231784,0.005304781,0.051716715,0.008247537,0.8931013
144,10,Monica,What—Why wouldn’t you want me at your wedding?,anger,"[SPEAKER_Monica] Why?!
[SPEAKER_Monica] What—Why wouldn’t you want me at your wedding?","[SPEAKER_Monica] Why?!
[SPEAKER_Monica] What—Why wouldn’t you want me at your wedding?",anger,0,6,surprise,False,0.15956333,0.011157122,0.027943382,0.053725287,0.12714832,0.045524314,0.5749382
144,11,Monica,What could I have possibly done?!,anger,"[SPEAKER_Monica] What—Why wouldn’t you want me at your wedding?
[SPEAKER_Monica] What could I have possibly done?!","[SPEAKER_Monica] What—Why wouldn’t you want me at your wedding?
[SPEAKER_Monica] What could I have possibly done?!",anger,0,6,surprise,False,0.1475197,0.007256522,0.019558167,0.07505436,0.09778187,0.031568702,0.62126064
144,12,Monica,Stuart!,anger,"[SPEAKER_Monica] What could I have possibly done?!
[SPEAKER_Monica] Stuart!","[SPEAKER_Monica] What could I have possibly done?!
[SPEAKER_Monica] Stuart!",anger,0,6,surprise,False,0.1542747,0.0069087194,0.010676258,0.2797718,0.1366473,0.020362247,0.39135897
144,13,Frannie,I believe you know my husband.,neutral,"[SPEAKER_Monica] Stuart!
[SPEAKER_Frannie] I believe you know my husband.","[SPEAKER_Monica] Stuart!
[SPEAKER_Frannie] I believe you know my husband.",neutral,4,4,neutral,True,0.021703085,0.002285331,0.004108546,0.024027577,0.8965575,0.011048346,0.04026966
144,14,Ross,So it’s really a question of,neutral,"[SPEAKER_Frannie] I believe you know my husband.
[SPEAKER_Ross] So it’s really a question of","[SPEAKER_Frannie] I believe you know my husband.
[SPEAKER_Ross] So it’s really a question of",neutral,4,4,neutral,True,0.013615102,0.0011809674,0.0052960026,0.012626265,0.9563159,0.004939038,0.006026742
145,1,Gary,"Hey Chandler, what are you doing here?",surprise,"[SPEAKER_Chandler] Hey ladies! What are you in here for?
[SPEAKER_Gary] Hey Chandler, what are you doing here?","[SPEAKER_Chandler] Hey ladies! What are you in here for?
[SPEAKER_Gary] Hey Chandler, what are you doing here?",surprise,6,4,neutral,False,0.03573818,0.002656018,0.008563797,0.01213995,0.51745033,0.008787004,0.4146647
145,2,Chandler,"Gary, I'm here to report a crime.",neutral,"[SPEAKER_Gary] Hey Chandler, what are you doing here?
[SPEAKER_Chandler] Gary, I'm here to report a crime.","[SPEAKER_Gary] Hey Chandler, what are you doing here?
[SPEAKER_Chandler] Gary, I'm here to report a crime.",neutral,4,4,neutral,True,0.021077795,0.0062062223,0.0032372496,0.0068265656,0.95699996,0.0039400575,0.0017121678
145,3,Gary,Yeah?,surprise,"[SPEAKER_Chandler] Gary, I'm here to report a crime.
[SPEAKER_Gary] Yeah?","[SPEAKER_Chandler] Gary, I'm here to report a crime.
[SPEAKER_Gary] Yeah?",surprise,6,4,neutral,False,0.036815424,0.0035047808,0.018191205,0.015712094,0.47671473,0.015398893,0.43366292
145,4,Chandler,It is a crime that you and I don't spend more time together.,neutral,"[SPEAKER_Gary] Yeah?
[SPEAKER_Chandler] It is a crime that you and I don't spend more time together.","[SPEAKER_Gary] Yeah?
[SPEAKER_Chandler] It is a crime that you and I don't spend more time together.",neutral,4,0,anger,False,0.40200636,0.16086799,0.032078568,0.030619925,0.23879543,0.1276622,0.007969513
145,5,Gary,What's up?,neutral,"[SPEAKER_Chandler] It is a crime that you and I don't spend more time together.
[SPEAKER_Gary] What's up?","[SPEAKER_Chandler] It is a crime that you and I don't spend more time together.
[SPEAKER_Gary] What's up?",neutral,4,4,neutral,True,0.012930217,0.0016075779,0.0040210034,0.008428747,0.943983,0.0041901055,0.024839267
145,6,Chandler,"Well, I heard that you thinking about asking Phoebe to move in with you and I thought maybe, we should have a talk.",neutral,"[SPEAKER_Gary] What's up?
[SPEAKER_Chandler] Well, I heard that you thinking about asking Phoebe to move in with you and I thought maybe, we should have a talk.","[SPEAKER_Gary] What's up?
[SPEAKER_Chandler] Well, I heard that you thinking about asking Phoebe to move in with you and I thought maybe, we should have a talk.",neutral,4,4,neutral,True,0.007660378,0.002555685,0.009301357,0.030704046,0.9333831,0.008649858,0.0077455263
145,7,Chandler,"Man to uh, me.",neutral,"[SPEAKER_Chandler] Well, I heard that you thinking about asking Phoebe to move in with you and I thought maybe, we should have a talk.
[SPEAKER_Chandler] Man to uh, me.","[SPEAKER_Chandler] Well, I heard that you thinking about asking Phoebe to move in with you and I thought maybe, we should have a talk.
[SPEAKER_Chandler] Man to uh, me.",neutral,4,4,neutral,True,0.008827928,0.0024986512,0.011165322,0.033806764,0.92176265,0.017585391,0.004353156
145,8,Gary,Sure. Okay.,neutral,"[SPEAKER_Chandler] Man to uh, me.
[SPEAKER_Gary] Sure. Okay.","[SPEAKER_Chandler] Man to uh, me.
[SPEAKER_Gary] Sure. Okay.",neutral,4,4,neutral,True,0.0027931225,0.0012124835,0.0017792871,0.017535623,0.9733864,0.0025835668,0.00070942
145,9,Chandler,"Uh, are you crazy? Are you insane? If you live with Phoebe, you two are gonna be y'know, live-living together!",surprise,"[SPEAKER_Gary] Sure. Okay.
[SPEAKER_Chandler] Uh, are you crazy? Are you insane? If you live with Phoebe, you two are gonna be y'know, live-living together!","[SPEAKER_Gary] Sure. Okay.
[SPEAKER_Chandler] Uh, are you crazy? Are you insane? If you live with Phoebe, you two are gonna be y'know, live-living together!",surprise,6,0,anger,False,0.8705714,0.022289248,0.0149471145,0.008524203,0.019341592,0.01497688,0.049349558
145,10,Gary,"Yeah, I-I considered that. I just know it would make me happy.",neutral,"[SPEAKER_Chandler] Uh, are you crazy? Are you insane? If you live with Phoebe, you two are gonna be y'know, live-living together!
[SPEAKER_Gary] Yeah, I-I considered that. I just know it would make me happy.","[SPEAKER_Chandler] Uh, are you crazy? Are you insane? If you live with Phoebe, you two are gonna be y'know, live-living together!
[SPEAKER_Gary] Yeah, I-I considered that. I just know it would make me happy.",neutral,4,3,joy,False,0.14387186,0.005050082,0.02912638,0.43186375,0.3404036,0.044200983,0.005483412
145,11,Chandler,You mean scared.,neutral,"[SPEAKER_Gary] Yeah, I-I considered that. I just know it would make me happy.
[SPEAKER_Chandler] You mean scared.","[SPEAKER_Gary] Yeah, I-I considered that. I just know it would make me happy.
[SPEAKER_Chandler] You mean scared.",neutral,4,2,fear,False,0.042763513,0.01838538,0.44897804,0.044078093,0.33227912,0.08439747,0.029118411
145,12,Gary,"No, I mean happy.",neutral,"[SPEAKER_Chandler] You mean scared.
[SPEAKER_Gary] No, I mean happy.","[SPEAKER_Chandler] You mean scared.
[SPEAKER_Gary] No, I mean happy.",neutral,4,3,joy,False,0.05454968,0.007397752,0.012578364,0.6178097,0.26259607,0.040972378,0.0040960005
146,1,Rachel,"Oh thanks, but listen, I was just at Monica’s and she and Chandler had a big fight and they’re not moving in.",sadness,"[SPEAKER_Ross] Hey! Oh listen, I was just clearing some space for your stuff.
[SPEAKER_Rachel] Oh thanks, but listen, I was just at Monica’s and she and Chandler had a big fight and they’re not moving in.","[SPEAKER_Ross] Hey! Oh listen, I was just clearing some space for your stuff.
[SPEAKER_Rachel] Oh thanks, but listen, I was just at Monica’s and she and Chandler had a big fight and they’re not moving in.",sadness,5,4,neutral,False,0.14992772,0.02984441,0.0502039,0.13198887,0.40263674,0.20298105,0.032417305
146,2,Ross,"What do you mean, they’re not moving in? They-they’re still moving in right?",surprise,"[SPEAKER_Rachel] Oh thanks, but listen, I was just at Monica’s and she and Chandler had a big fight and they’re not moving in.
[SPEAKER_Ross] What do you mean, they’re not moving in? They-they’re still moving in right?","[SPEAKER_Rachel] Oh thanks, but listen, I was just at Monica’s and she and Chandler had a big fight and they’re not moving in.
[SPEAKER_Ross] What do you mean, they’re not moving in? They-they’re still moving in right?",surprise,6,6,surprise,True,0.04038141,0.0035924152,0.028097698,0.027023986,0.20664604,0.019236473,0.67502195
146,3,Rachel,"No-no, they just had a big blowout over what to do with my room.",neutral,"[SPEAKER_Ross] What do you mean, they’re not moving in? They-they’re still moving in right?
[SPEAKER_Rachel] No-no, they just had a big blowout over what to do with my room.","[SPEAKER_Ross] What do you mean, they’re not moving in? They-they’re still moving in right?
[SPEAKER_Rachel] No-no, they just had a big blowout over what to do with my room.",neutral,4,5,sadness,False,0.23674585,0.020846725,0.03789586,0.08961918,0.11358742,0.44855556,0.052749418
146,4,Ross,What?! Over a stupid room!,surprise,"[SPEAKER_Rachel] No-no, they just had a big blowout over what to do with my room.
[SPEAKER_Ross] What?! Over a stupid room!","[SPEAKER_Rachel] No-no, they just had a big blowout over what to do with my room.
[SPEAKER_Ross] What?! Over a stupid room!",surprise,6,0,anger,False,0.5881754,0.021561276,0.008036315,0.008699382,0.0138185965,0.019635182,0.34007385
146,5,Rachel,"Yeah, I feel kinda bad for them, but I’m also really psyched ‘cause I don’t have to move in here!",joy,"[SPEAKER_Ross] What?! Over a stupid room!
[SPEAKER_Rachel] Yeah, I feel kinda bad for them, but I’m also really psyched ‘cause I don’t have to move in here!","[SPEAKER_Ross] What?! Over a stupid room!
[SPEAKER_Rachel] Yeah, I feel kinda bad for them, but I’m also really psyched ‘cause I don’t have to move in here!",joy,3,5,sadness,False,0.27966923,0.06507629,0.05300693,0.12782474,0.16421437,0.30240875,0.007799728
146,6,Ross,"Oh no, yeah no, that part’s great!",joy,"[SPEAKER_Rachel] Yeah, I feel kinda bad for them, but I’m also really psyched ‘cause I don’t have to move in here!
[SPEAKER_Ross] Oh no, yeah no, that part’s great!","[SPEAKER_Rachel] Yeah, I feel kinda bad for them, but I’m also really psyched ‘cause I don’t have to move in here!
[SPEAKER_Ross] Oh no, yeah no, that part’s great!",joy,3,3,joy,True,0.010800428,0.001519163,0.0012027045,0.9592922,0.013506916,0.0041060527,0.009572587
147,1,Monica,"Where are you guys going? Come on, one more game!",surprise,"[SPEAKER_Chandler] Shut-out!!
[SPEAKER_Monica] Where are you guys going? Come on, one more game!","[SPEAKER_Chandler] Shut-out!!
[SPEAKER_Monica] Where are you guys going? Come on, one more game!",surprise,6,3,joy,False,0.10908296,0.003703024,0.004728604,0.65103376,0.115477175,0.009244248,0.10673026
147,2,Joey,"Uh, it's 2:30 in the morning!",sadness,"[SPEAKER_Monica] Where are you guys going? Come on, one more game!
[SPEAKER_Joey] Uh, it's 2:30 in the morning!","[SPEAKER_Monica] Where are you guys going? Come on, one more game!
[SPEAKER_Joey] Uh, it's 2:30 in the morning!",sadness,5,4,neutral,False,0.033295684,0.004411628,0.0041929213,0.28387764,0.6210871,0.006964474,0.04617056
147,3,Chandler,"Yeah, get out!",anger,"[SPEAKER_Joey] Uh, it's 2:30 in the morning!
[SPEAKER_Chandler] Yeah, get out!","[SPEAKER_Joey] Uh, it's 2:30 in the morning!
[SPEAKER_Chandler] Yeah, get out!",anger,0,0,anger,True,0.42356554,0.011971839,0.015277132,0.23229717,0.29499707,0.010936219,0.010955035
147,4,Monica,You guys are always hanging out in my apartment!,anger,"[SPEAKER_Chandler] Yeah, get out!
[SPEAKER_Monica] You guys are always hanging out in my apartment!","[SPEAKER_Chandler] Yeah, get out!
[SPEAKER_Monica] You guys are always hanging out in my apartment!",anger,0,3,joy,False,0.24006177,0.024011862,0.004398364,0.40027672,0.20398289,0.033920363,0.093348034
147,5,Monica,"Come on, I'll only use my left hand, huh?",anger,"[SPEAKER_Monica] You guys are always hanging out in my apartment!
[SPEAKER_Monica] Come on, I'll only use my left hand, huh?","[SPEAKER_Monica] You guys are always hanging out in my apartment!
[SPEAKER_Monica] Come on, I'll only use my left hand, huh?",anger,0,4,neutral,False,0.0095602535,0.0015475202,0.0019439474,0.007264022,0.97137195,0.0021910798,0.0061211186
147,6,Monica,"Come on, wussies!",anger,"[SPEAKER_Monica] Come on, I'll only use my left hand, huh?
[SPEAKER_Monica] Come on, wussies!","[SPEAKER_Monica] Come on, I'll only use my left hand, huh?
[SPEAKER_Monica] Come on, wussies!",anger,0,0,anger,True,0.41191396,0.04956106,0.011303825,0.3279166,0.11628935,0.034697335,0.048317872
147,7,Monica,"All right, ok, I gotta go.",neutral,"[SPEAKER_Monica] Come on, wussies!
[SPEAKER_Monica] All right, ok, I gotta go.","[SPEAKER_Monica] Come on, wussies!
[SPEAKER_Monica] All right, ok, I gotta go.",neutral,4,4,neutral,True,0.013695565,0.009385789,0.012973843,0.03582887,0.91273,0.014012206,0.0013737541
147,8,Monica,"I'm going,  and I'm gone.",neutral,"[SPEAKER_Monica] All right, ok, I gotta go.
[SPEAKER_Monica] I'm going,  and I'm gone.","[SPEAKER_Monica] All right, ok, I gotta go.
[SPEAKER_Monica] I'm going,  and I'm gone.",neutral,4,4,neutral,True,0.16281022,0.014504026,0.014750482,0.06628801,0.65230906,0.08406752,0.005270641
147,9,Chandler,One more game?,neutral,"[SPEAKER_Monica] I'm going,  and I'm gone.
[SPEAKER_Chandler] One more game?","[SPEAKER_Monica] I'm going,  and I'm gone.
[SPEAKER_Chandler] One more game?",neutral,4,4,neutral,True,0.06934303,0.0037014005,0.014999378,0.035685968,0.48673764,0.01793814,0.3715945
147,10,Joey,Oh yeah!,joy,"[SPEAKER_Chandler] One more game?
[SPEAKER_Joey] Oh yeah!","[SPEAKER_Chandler] One more game?
[SPEAKER_Joey] Oh yeah!",joy,3,3,joy,True,0.03247573,0.0042680237,0.006375586,0.5810582,0.06495914,0.010870404,0.29999295
149,1,Janice,"No, I-I-I gotta go.",sadness,"[SPEAKER_Chandler] Ohhh. Don’t go.
[SPEAKER_Janice] No, I-I-I gotta go.","[SPEAKER_Chandler] Ohhh. Don’t go.
[SPEAKER_Janice] No, I-I-I gotta go.",sadness,5,2,fear,False,0.04112055,0.011570511,0.5198703,0.12999056,0.11478191,0.09790908,0.08475716
149,2,Chandler,No. No! No! No!,sadness,"[SPEAKER_Janice] No, I-I-I gotta go.
[SPEAKER_Chandler] No. No! No! No!","[SPEAKER_Janice] No, I-I-I gotta go.
[SPEAKER_Chandler] No. No! No! No!",sadness,5,2,fear,False,0.20300706,0.035918377,0.3083818,0.16068146,0.10056049,0.05560399,0.13584682
150,1,Chandler,I don’t care!  I don’t care!!,anger,"[SPEAKER_Janice] Honey, honey, people are looking.
[SPEAKER_Chandler] I don’t care!  I don’t care!!","[SPEAKER_Janice] Honey, honey, people are looking.
[SPEAKER_Chandler] I don’t care!  I don’t care!!",anger,0,0,anger,True,0.84984803,0.018623682,0.06230179,0.017214026,0.013349148,0.026576526,0.012086727
150,2,Janice,"Yeah, um, I’m, I’m leaving now.",sadness,"[SPEAKER_Chandler] I don’t care!  I don’t care!!
[SPEAKER_Janice] Yeah, um, I’m, I’m leaving now.","[SPEAKER_Chandler] I don’t care!  I don’t care!!
[SPEAKER_Janice] Yeah, um, I’m, I’m leaving now.",sadness,5,4,neutral,False,0.016363924,0.0050510634,0.011813817,0.014203806,0.9321932,0.01920198,0.0011722674
150,3,Chandler,You can’t leave! I have your shoe!,sadness,"[SPEAKER_Janice] Yeah, um, I’m, I’m leaving now.
[SPEAKER_Chandler] You can’t leave! I have your shoe!","[SPEAKER_Janice] Yeah, um, I’m, I’m leaving now.
[SPEAKER_Chandler] You can’t leave! I have your shoe!",sadness,5,3,joy,False,0.16966227,0.005872538,0.019134868,0.48845893,0.16727741,0.012244931,0.13734895
150,4,Janice,Good-bye Chandler Bing.,sadness,"[SPEAKER_Chandler] You can’t leave! I have your shoe!
[SPEAKER_Janice] Good-bye Chandler Bing.","[SPEAKER_Chandler] You can’t leave! I have your shoe!
[SPEAKER_Janice] Good-bye Chandler Bing.",sadness,5,4,neutral,False,0.018053275,0.0063394452,0.010206554,0.044068802,0.8774969,0.01942651,0.02440855
150,5,Gunther,Rachel has those in burgendy.,neutral,"[SPEAKER_Janice] Good-bye Chandler Bing.
[SPEAKER_Gunther] Rachel has those in burgendy.","[SPEAKER_Janice] Good-bye Chandler Bing.
[SPEAKER_Gunther] Rachel has those in burgendy.",neutral,4,4,neutral,True,0.003112696,0.00121018,0.00084772945,0.0038144973,0.98729867,0.0022159535,0.0015002837
151,1,Frank,What?,neutral,"[SPEAKER_Phoebe] Oh, ew!
[SPEAKER_Frank] What?","[SPEAKER_Phoebe] Oh, ew!
[SPEAKER_Frank] What?",neutral,4,6,surprise,False,0.015688982,0.0040653343,0.009171163,0.011112538,0.10796923,0.010625787,0.841367
151,2,Phoebe,Yeah I know what I wanted to ask you.,neutral,"[SPEAKER_Frank] What?
[SPEAKER_Phoebe] Yeah I know what I wanted to ask you.","[SPEAKER_Frank] What?
[SPEAKER_Phoebe] Yeah I know what I wanted to ask you.",neutral,4,4,neutral,True,0.01147491,0.003388986,0.025636805,0.01976863,0.91622263,0.011531869,0.011976172
151,3,Phoebe,"Um, can you roll your tongue?",neutral,"[SPEAKER_Phoebe] Yeah I know what I wanted to ask you.
[SPEAKER_Phoebe] Um, can you roll your tongue?","[SPEAKER_Phoebe] Yeah I know what I wanted to ask you.
[SPEAKER_Phoebe] Um, can you roll your tongue?",neutral,4,1,disgust,False,0.17053384,0.5092706,0.022184273,0.061688725,0.16387025,0.040985193,0.031467054
152,1,Frank,"What, wait, you mean like this?",neutral,"[SPEAKER_Phoebe] Because I can, and my Mom couldn’t, and I thought y'know, I figured that was something I got from our Dad.
[SPEAKER_Frank] What, wait, you mean like this?","[SPEAKER_Phoebe] Because I can, and my Mom couldn’t, and I thought y'know, I figured that was something I got from our Dad.
[SPEAKER_Frank] What, wait, you mean like this?",neutral,4,6,surprise,False,0.025118297,0.0024346022,0.014816858,0.013275103,0.12841061,0.016684176,0.7992603
152,2,Phoebe,"Yeah, yeah. You can do it to.",surprise,"[SPEAKER_Frank] What, wait, you mean like this?
[SPEAKER_Phoebe] Yeah, yeah. You can do it to.","[SPEAKER_Frank] What, wait, you mean like this?
[SPEAKER_Phoebe] Yeah, yeah. You can do it to.",surprise,6,4,neutral,False,0.016030582,0.004816169,0.0029993556,0.30150238,0.66445893,0.00837881,0.0018137365
152,3,Frank,Your not doing it.,neutral,"[SPEAKER_Phoebe] Yeah, yeah. You can do it to.
[SPEAKER_Frank] Your not doing it.","[SPEAKER_Phoebe] Yeah, yeah. You can do it to.
[SPEAKER_Frank] Your not doing it.",neutral,4,0,anger,False,0.7699533,0.073425665,0.013382372,0.0070838365,0.02717468,0.050553806,0.058426384
152,4,Phoebe,"Oh right, yeah okay, my Mom could, and I can’t. We don’t have that....",neutral,"[SPEAKER_Frank] Your not doing it.
[SPEAKER_Phoebe] Oh right, yeah okay, my Mom could, and I can’t. We don’t have that....","[SPEAKER_Frank] Your not doing it.
[SPEAKER_Phoebe] Oh right, yeah okay, my Mom could, and I can’t. We don’t have that....",neutral,4,5,sadness,False,0.15610611,0.015788225,0.17810312,0.12321376,0.12914065,0.35749802,0.04015017
153,1,Chandler,Do we have any... Do we have any thoughts here?,neutral,"[SPEAKER_Ross] Where there is no fear of commitment.
[SPEAKER_Chandler] Do we have any... Do we have any thoughts here?","[SPEAKER_Ross] Where there is no fear of commitment.
[SPEAKER_Chandler] Do we have any... Do we have any thoughts here?",neutral,4,4,neutral,True,0.029270817,0.0033791154,0.02729505,0.020407703,0.8527377,0.009453698,0.05745579
153,2,Joey,"Well, I've never been through the tunnel myself, 'cause as I understand it, you're not allowed to go through with more than one girl in the car, right.",neutral,"[SPEAKER_Chandler] Do we have any... Do we have any thoughts here?
[SPEAKER_Joey] Well, I've never been through the tunnel myself, 'cause as I understand it, you're not allowed to go through with more than one girl in the car, right.","[SPEAKER_Chandler] Do we have any... Do we have any thoughts here?
[SPEAKER_Joey] Well, I've never been through the tunnel myself, 'cause as I understand it, you're not allowed to go through with more than one girl in the car, right.",neutral,4,4,neutral,True,0.039344076,0.011170138,0.0046404605,0.04130202,0.88546586,0.009719104,0.008358343
153,3,Joey,"But, it seems to me it's pretty much like anything else, you know, face your fear.",neutral,"[SPEAKER_Joey] Well, I've never been through the tunnel myself, 'cause as I understand it, you're not allowed to go through with more than one girl in the car, right.
[SPEAKER_Joey] But, it seems to me it's pretty much like anything else, you know, face your fear.","[SPEAKER_Joey] Well, I've never been through the tunnel myself, 'cause as I understand it, you're not allowed to go through with more than one girl in the car, right.
[SPEAKER_Joey] But, it seems to me it's pretty much like anything else, you know, face your fear.",neutral,4,4,neutral,True,0.03203886,0.009790822,0.024356112,0.025710188,0.8940989,0.010820496,0.0031846664
153,4,Joey,"It have a fear of heights, you go to the top of the building!",fear,"[SPEAKER_Joey] But, it seems to me it's pretty much like anything else, you know, face your fear.
[SPEAKER_Joey] It have a fear of heights, you go to the top of the building!","[SPEAKER_Joey] But, it seems to me it's pretty much like anything else, you know, face your fear.
[SPEAKER_Joey] It have a fear of heights, you go to the top of the building!",fear,2,4,neutral,False,0.11022137,0.040695112,0.026860312,0.029199734,0.74952286,0.02153039,0.0219702
153,5,Joey,If you're afraid of bugs.....get a bug.,neutral,"[SPEAKER_Joey] It have a fear of heights, you go to the top of the building!
[SPEAKER_Joey] If you're afraid of bugs.....get a bug.","[SPEAKER_Joey] It have a fear of heights, you go to the top of the building!
[SPEAKER_Joey] If you're afraid of bugs.....get a bug.",neutral,4,4,neutral,True,0.020745507,0.009830021,0.011016826,0.012672666,0.9384333,0.0053327032,0.0019690336
153,6,Joey,Right.,neutral,"[SPEAKER_Joey] If you're afraid of bugs.....get a bug.
[SPEAKER_Joey] Right.","[SPEAKER_Joey] If you're afraid of bugs.....get a bug.
[SPEAKER_Joey] Right.",neutral,4,4,neutral,True,0.0077720378,0.0016086187,0.0012548901,0.02496896,0.9610834,0.0026673742,0.0006446663
153,7,Joey,"In this case, you have a fear of commitment, so I say you go in there and be the most committed guy there ever was.",neutral,"[SPEAKER_Joey] Right.
[SPEAKER_Joey] In this case, you have a fear of commitment, so I say you go in there and be the most committed guy there ever was.","[SPEAKER_Joey] Right.
[SPEAKER_Joey] In this case, you have a fear of commitment, so I say you go in there and be the most committed guy there ever was.",neutral,4,4,neutral,True,0.07615771,0.024343684,0.013941514,0.03122212,0.83911276,0.011951489,0.0032708007
153,8,Rachel,"Amazingly, that makes sense.",joy,"[SPEAKER_Joey] In this case, you have a fear of commitment, so I say you go in there and be the most committed guy there ever was.
[SPEAKER_Rachel] Amazingly, that makes sense.","[SPEAKER_Joey] In this case, you have a fear of commitment, so I say you go in there and be the most committed guy there ever was.
[SPEAKER_Rachel] Amazingly, that makes sense.",joy,3,3,joy,True,0.042748876,0.0049572587,0.0070899967,0.6572972,0.13596743,0.021507476,0.13043174
153,9,Chandler,You think?,neutral,"[SPEAKER_Rachel] Amazingly, that makes sense.
[SPEAKER_Chandler] You think?","[SPEAKER_Rachel] Amazingly, that makes sense.
[SPEAKER_Chandler] You think?",neutral,4,6,surprise,False,0.02248146,0.0024134386,0.017162742,0.021865435,0.34258175,0.012116213,0.58137894
153,10,Joey,"Oh, yeah. Go for it man, jump off the high dive, stare down the barrel of the gun, pee into the wind!",joy,"[SPEAKER_Chandler] You think?
[SPEAKER_Joey] Oh, yeah. Go for it man, jump off the high dive, stare down the barrel of the gun, pee into the wind!","[SPEAKER_Chandler] You think?
[SPEAKER_Joey] Oh, yeah. Go for it man, jump off the high dive, stare down the barrel of the gun, pee into the wind!",joy,3,4,neutral,False,0.35061252,0.08185121,0.04363534,0.11905617,0.36573544,0.029478164,0.009631159
153,11,Chandler,"Yeah, Joe, I assure you if I'm staring down the barrel of a gun, I'm pretty much peeing every which way.",fear,"[SPEAKER_Joey] Oh, yeah. Go for it man, jump off the high dive, stare down the barrel of the gun, pee into the wind!
[SPEAKER_Chandler] Yeah, Joe, I assure you if I'm staring down the barrel of a gun, I'm pretty much peeing every which way.","[SPEAKER_Joey] Oh, yeah. Go for it man, jump off the high dive, stare down the barrel of the gun, pee into the wind!
[SPEAKER_Chandler] Yeah, Joe, I assure you if I'm staring down the barrel of a gun, I'm pretty much peeing every which way.",fear,2,4,neutral,False,0.035187583,0.036461018,0.020229112,0.036167677,0.85510176,0.01512543,0.0017274228
154,1,Ross,Hi!,joy,"[SPEAKER_Mona] Hey!  Hey!
[SPEAKER_Ross] Hi!","[SPEAKER_Mona] Hey!  Hey!
[SPEAKER_Ross] Hi!",joy,3,3,joy,True,0.017887894,0.0014993735,0.0020983617,0.86170864,0.077871926,0.004187938,0.03474589
154,2,Mona,Hi! Look! I got our pictures developed from Rockefeller Center.,joy,"[SPEAKER_Ross] Hi!
[SPEAKER_Mona] Hi! Look! I got our pictures developed from Rockefeller Center.","[SPEAKER_Ross] Hi!
[SPEAKER_Mona] Hi! Look! I got our pictures developed from Rockefeller Center.",joy,3,3,joy,True,0.020170154,0.0013283064,0.0013541795,0.7557691,0.21041706,0.0034557963,0.0075054187
154,3,Ross,"Oh great! Hey-hey Joey, do you want to check out pictures of me and Mona ice skating?",joy,"[SPEAKER_Mona] Hi! Look! I got our pictures developed from Rockefeller Center.
[SPEAKER_Ross] Oh great! Hey-hey Joey, do you want to check out pictures of me and Mona ice skating?","[SPEAKER_Mona] Hi! Look! I got our pictures developed from Rockefeller Center.
[SPEAKER_Ross] Oh great! Hey-hey Joey, do you want to check out pictures of me and Mona ice skating?",joy,3,3,joy,True,0.028112637,0.0027038981,0.0039475774,0.67173934,0.15107162,0.0063778535,0.13604707
154,4,Joey,"Oh uh, ordinarily I would love too, but I am just swamped right now.",neutral,"[SPEAKER_Ross] Oh great! Hey-hey Joey, do you want to check out pictures of me and Mona ice skating?
[SPEAKER_Joey] Oh uh, ordinarily I would love too, but I am just swamped right now.","[SPEAKER_Ross] Oh great! Hey-hey Joey, do you want to check out pictures of me and Mona ice skating?
[SPEAKER_Joey] Oh uh, ordinarily I would love too, but I am just swamped right now.",neutral,4,4,neutral,True,0.041147802,0.005030939,0.004027158,0.12323455,0.8083771,0.014608629,0.0035738307
154,5,Ross,Hey where-where are the pictures that creepy pretzel vendor took of us together?,neutral,"[SPEAKER_Joey] Oh uh, ordinarily I would love too, but I am just swamped right now.
[SPEAKER_Ross] Hey where-where are the pictures that creepy pretzel vendor took of us together?","[SPEAKER_Joey] Oh uh, ordinarily I would love too, but I am just swamped right now.
[SPEAKER_Ross] Hey where-where are the pictures that creepy pretzel vendor took of us together?",neutral,4,4,neutral,True,0.005954892,0.0013969163,0.0011810742,0.009538714,0.97553366,0.0015633258,0.004831437
154,6,Mona,"Oh yeah, probably at the end.  Oh my God! He only took pictures of my breasts!",surprise,"[SPEAKER_Ross] Hey where-where are the pictures that creepy pretzel vendor took of us together?
[SPEAKER_Mona] Oh yeah, probably at the end.  Oh my God! He only took pictures of my breasts!","[SPEAKER_Ross] Hey where-where are the pictures that creepy pretzel vendor took of us together?
[SPEAKER_Mona] Oh yeah, probably at the end.  Oh my God! He only took pictures of my breasts!",surprise,6,6,surprise,True,0.011439334,0.008037248,0.0035172142,0.013185807,0.008093736,0.009608256,0.94611835
154,7,Joey,I’m missin’ picture time?!,joy,"[SPEAKER_Mona] Oh yeah, probably at the end.  Oh my God! He only took pictures of my breasts!
[SPEAKER_Joey] I’m missin’ picture time?!","[SPEAKER_Mona] Oh yeah, probably at the end.  Oh my God! He only took pictures of my breasts!
[SPEAKER_Joey] I’m missin’ picture time?!",joy,3,6,surprise,False,0.100747,0.0059432425,0.0072469134,0.02012274,0.019871771,0.028326679,0.81774163
154,8,Phoebe,Y’know she has a face Ross!,anger,"[SPEAKER_Joey] I’m missin’ picture time?!
[SPEAKER_Phoebe] Y’know she has a face Ross!","[SPEAKER_Joey] I’m missin’ picture time?!
[SPEAKER_Phoebe] Y’know she has a face Ross!",anger,0,4,neutral,False,0.042874433,0.0028749863,0.005176834,0.1584896,0.6257596,0.009956436,0.15486811
154,9,Mona,"Okay. Okay, here’s a good one of us.",joy,"[SPEAKER_Phoebe] Y’know she has a face Ross!
[SPEAKER_Mona] Okay. Okay, here’s a good one of us.","[SPEAKER_Phoebe] Y’know she has a face Ross!
[SPEAKER_Mona] Okay. Okay, here’s a good one of us.",joy,3,4,neutral,False,0.0037641677,0.0012338283,0.00066528306,0.012947802,0.9791474,0.0013068495,0.0009346809
154,10,Ross,Wow!,joy,"[SPEAKER_Mona] Okay. Okay, here’s a good one of us.
[SPEAKER_Ross] Wow!","[SPEAKER_Mona] Okay. Okay, here’s a good one of us.
[SPEAKER_Ross] Wow!",joy,3,6,surprise,False,0.004931652,0.0016635961,0.001784842,0.0073845685,0.00562903,0.0034235124,0.9751829
154,11,Ross,That is a good one!,joy,"[SPEAKER_Ross] Wow!
[SPEAKER_Ross] That is a good one!","[SPEAKER_Ross] Wow!
[SPEAKER_Ross] That is a good one!",joy,3,3,joy,True,0.030491801,0.003435452,0.0036967697,0.4967001,0.03389876,0.00842503,0.4233521
154,12,Ross,"Wow, it looks like a, like a holiday card y’know, with the tree in the middle and the skaters and the snow.",joy,"[SPEAKER_Ross] That is a good one!
[SPEAKER_Ross] Wow, it looks like a, like a holiday card y’know, with the tree in the middle and the skaters and the snow.","[SPEAKER_Ross] That is a good one!
[SPEAKER_Ross] Wow, it looks like a, like a holiday card y’know, with the tree in the middle and the skaters and the snow.",joy,3,6,surprise,False,0.015645346,0.009336005,0.015861064,0.027038123,0.03613474,0.023054367,0.8729303
154,13,Mona,"Y’know, every year I say I’m gonna send out holiday cards and I never do it.",neutral,"[SPEAKER_Ross] Wow, it looks like a, like a holiday card y’know, with the tree in the middle and the skaters and the snow.
[SPEAKER_Mona] Y’know, every year I say I’m gonna send out holiday cards and I never do it.","[SPEAKER_Ross] Wow, it looks like a, like a holiday card y’know, with the tree in the middle and the skaters and the snow.
[SPEAKER_Mona] Y’know, every year I say I’m gonna send out holiday cards and I never do it.",neutral,4,5,sadness,False,0.099765174,0.023602102,0.053702954,0.06199423,0.027560927,0.7273476,0.006026905
154,14,Mona,"Do you wanna, do you wanna send this one out together?",neutral,"[SPEAKER_Mona] Y’know, every year I say I’m gonna send out holiday cards and I never do it.
[SPEAKER_Mona] Do you wanna, do you wanna send this one out together?","[SPEAKER_Mona] Y’know, every year I say I’m gonna send out holiday cards and I never do it.
[SPEAKER_Mona] Do you wanna, do you wanna send this one out together?",neutral,4,4,neutral,True,0.009045971,0.0013614212,0.0036283138,0.024450868,0.95539206,0.0038153462,0.0023059964
154,15,Ross,Together? Like-like to people?,surprise,"[SPEAKER_Mona] Do you wanna, do you wanna send this one out together?
[SPEAKER_Ross] Together? Like-like to people?","[SPEAKER_Mona] Do you wanna, do you wanna send this one out together?
[SPEAKER_Ross] Together? Like-like to people?",surprise,6,4,neutral,False,0.20519072,0.023024863,0.028019963,0.01556439,0.43551844,0.033582278,0.25909936
154,16,Mona,"Yeah, y’know. Happy holidays from Mona and Ross. It’ll be cute, okay?",joy,"[SPEAKER_Ross] Together? Like-like to people?
[SPEAKER_Mona] Yeah, y’know. Happy holidays from Mona and Ross. It’ll be cute, okay?","[SPEAKER_Ross] Together? Like-like to people?
[SPEAKER_Mona] Yeah, y’know. Happy holidays from Mona and Ross. It’ll be cute, okay?",joy,3,3,joy,True,0.022812732,0.0044287266,0.003143407,0.7003285,0.24923047,0.01760442,0.0024517325
154,17,Ross,Okay.,joy,"[SPEAKER_Mona] Yeah, y’know. Happy holidays from Mona and Ross. It’ll be cute, okay?
[SPEAKER_Ross] Okay.","[SPEAKER_Mona] Yeah, y’know. Happy holidays from Mona and Ross. It’ll be cute, okay?
[SPEAKER_Ross] Okay.",joy,3,4,neutral,False,0.0063751275,0.0016873124,0.0013507683,0.044433787,0.94223446,0.00303973,0.000878877
154,18,Mona,"Oh, I gotta get to work. So call me later?",neutral,"[SPEAKER_Ross] Okay.
[SPEAKER_Mona] Oh, I gotta get to work. So call me later?","[SPEAKER_Ross] Okay.
[SPEAKER_Mona] Oh, I gotta get to work. So call me later?",neutral,4,4,neutral,True,0.013692347,0.0037057742,0.01736382,0.06404004,0.87809885,0.020596419,0.0025028249
154,19,Ross,"Uh sure, sure.",neutral,"[SPEAKER_Mona] Oh, I gotta get to work. So call me later?
[SPEAKER_Ross] Uh sure, sure.","[SPEAKER_Mona] Oh, I gotta get to work. So call me later?
[SPEAKER_Ross] Uh sure, sure.",neutral,4,4,neutral,True,0.006208825,0.004771532,0.028424963,0.035877675,0.90598136,0.016963942,0.0017717904
154,20,Mona,Bye guys.,neutral,"[SPEAKER_Ross] Uh sure, sure.
[SPEAKER_Mona] Bye guys.","[SPEAKER_Ross] Uh sure, sure.
[SPEAKER_Mona] Bye guys.",neutral,4,4,neutral,True,0.0064009307,0.0025783218,0.0026520975,0.120957024,0.8543915,0.011337197,0.0016828513
155,1,Rachel,You want me to just quit my job so that you can feel like you’ve got a girlfriend?,anger,"[SPEAKER_Ross] I mean, I don’t feel like I even have a girlfriend anymore.
[SPEAKER_Rachel] You want me to just quit my job so that you can feel like you’ve got a girlfriend?","[SPEAKER_Ross] I mean, I don’t feel like I even have a girlfriend anymore.
[SPEAKER_Rachel] You want me to just quit my job so that you can feel like you’ve got a girlfriend?",anger,0,0,anger,True,0.8545423,0.013590186,0.013131215,0.007381186,0.02048249,0.025864568,0.065008044
155,2,Ross,Is this about Mark?,neutral,"[SPEAKER_Rachel] You want me to just quit my job so that you can feel like you’ve got a girlfriend?
[SPEAKER_Ross] Is this about Mark?","[SPEAKER_Rachel] You want me to just quit my job so that you can feel like you’ve got a girlfriend?
[SPEAKER_Ross] Is this about Mark?",neutral,4,4,neutral,True,0.1049083,0.0048477375,0.017983304,0.021393066,0.4506691,0.052736323,0.3474622
155,3,Rachel,Oh my God.,surprise,"[SPEAKER_Ross] Is this about Mark?
[SPEAKER_Rachel] Oh my God.","[SPEAKER_Ross] Is this about Mark?
[SPEAKER_Rachel] Oh my God.",surprise,6,6,surprise,True,0.0073755933,0.0081611425,0.009506942,0.016429873,0.008926478,0.016233133,0.9333669
155,4,Ross,"Okay, it’s not, it’s not.",neutral,"[SPEAKER_Rachel] Oh my God.
[SPEAKER_Ross] Okay, it’s not, it’s not.","[SPEAKER_Rachel] Oh my God.
[SPEAKER_Ross] Okay, it’s not, it’s not.",neutral,4,4,neutral,True,0.0107078785,0.0033391095,0.0061072316,0.05388093,0.9108578,0.010546625,0.0045603844
155,5,Rachel,"Oh my God. I cannot keep having this same fight with you Ross! Look, urrgh, maybe we should take a break.",sadness,"[SPEAKER_Ross] Okay, it’s not, it’s not.
[SPEAKER_Rachel] Oh my God. I cannot keep having this same fight with you Ross! Look, urrgh, maybe we should take a break.","[SPEAKER_Ross] Okay, it’s not, it’s not.
[SPEAKER_Rachel] Oh my God. I cannot keep having this same fight with you Ross! Look, urrgh, maybe we should take a break.",sadness,5,5,sadness,True,0.19474812,0.06323812,0.28120053,0.028716067,0.023659335,0.36099488,0.04744291
155,6,Ross,"Fine, you’re right.",neutral,"[SPEAKER_Rachel] Oh my God. I cannot keep having this same fight with you Ross! Look, urrgh, maybe we should take a break.
[SPEAKER_Ross] Fine, you’re right.","[SPEAKER_Rachel] Oh my God. I cannot keep having this same fight with you Ross! Look, urrgh, maybe we should take a break.
[SPEAKER_Ross] Fine, you’re right.",neutral,4,4,neutral,True,0.025912685,0.0047665257,0.007857492,0.058080524,0.8888125,0.013490204,0.0010800137
155,7,Ross,"Let’s ah, let’s take a break,  let’s cool off, okay, let’s get some frozen yoghurt, or something..",neutral,"[SPEAKER_Ross] Fine, you’re right.
[SPEAKER_Ross] Let’s ah, let’s take a break,  let’s cool off, okay, let’s get some frozen yoghurt, or something..","[SPEAKER_Ross] Fine, you’re right.
[SPEAKER_Ross] Let’s ah, let’s take a break,  let’s cool off, okay, let’s get some frozen yoghurt, or something..",neutral,4,4,neutral,True,0.0058885394,0.0054386985,0.0035783574,0.03344697,0.94567573,0.0054407474,0.0005309469
155,8,Rachel,No. A break from us.,sadness,"[SPEAKER_Ross] Let’s ah, let’s take a break,  let’s cool off, okay, let’s get some frozen yoghurt, or something..
[SPEAKER_Rachel] No. A break from us.","[SPEAKER_Ross] Let’s ah, let’s take a break,  let’s cool off, okay, let’s get some frozen yoghurt, or something..
[SPEAKER_Rachel] No. A break from us.",sadness,5,4,neutral,False,0.13091546,0.015769413,0.023243906,0.07301713,0.6657953,0.085861,0.005397778
156,1,Chandler,"Oh uh, as it turns out, we can’t do it. Monica has to work.",joy,"[SPEAKER_Doug] Bing! We’re all set for tonight, 8 o’clock.
[SPEAKER_Chandler] Oh uh, as it turns out, we can’t do it. Monica has to work.","[SPEAKER_Doug] Bing! We’re all set for tonight, 8 o’clock.
[SPEAKER_Chandler] Oh uh, as it turns out, we can’t do it. Monica has to work.",joy,3,4,neutral,False,0.0989019,0.008451737,0.12701279,0.18734914,0.3531047,0.2076487,0.017531062
156,2,Doug,"Oh, my ex-wife didn’t work, unless you call turning into her mother work. Fine. Tomorrow night then.",neutral,"[SPEAKER_Chandler] Oh uh, as it turns out, we can’t do it. Monica has to work.
[SPEAKER_Doug] Oh, my ex-wife didn’t work, unless you call turning into her mother work. Fine. Tomorrow night then.","[SPEAKER_Chandler] Oh uh, as it turns out, we can’t do it. Monica has to work.
[SPEAKER_Doug] Oh, my ex-wife didn’t work, unless you call turning into her mother work. Fine. Tomorrow night then.",neutral,4,4,neutral,True,0.018703673,0.0055435193,0.0035509833,0.058370575,0.90225697,0.010884853,0.000689411
156,3,Chandler,Oh uh well tomorrow’s no good for her either.,neutral,"[SPEAKER_Doug] Oh, my ex-wife didn’t work, unless you call turning into her mother work. Fine. Tomorrow night then.
[SPEAKER_Chandler] Oh uh well tomorrow’s no good for her either.","[SPEAKER_Doug] Oh, my ex-wife didn’t work, unless you call turning into her mother work. Fine. Tomorrow night then.
[SPEAKER_Chandler] Oh uh well tomorrow’s no good for her either.",neutral,4,4,neutral,True,0.071578816,0.0767857,0.039577447,0.14190754,0.4940511,0.1709333,0.0051661455
156,4,Doug,Oh? Why not?,neutral,"[SPEAKER_Chandler] Oh uh well tomorrow’s no good for her either.
[SPEAKER_Doug] Oh? Why not?","[SPEAKER_Chandler] Oh uh well tomorrow’s no good for her either.
[SPEAKER_Doug] Oh? Why not?",neutral,4,4,neutral,True,0.0070588184,0.0018366763,0.0079619,0.021299679,0.9428482,0.0044423966,0.014552298
156,5,Chandler,It’s the semi-finals…of her…botchy ball tournament.,neutral,"[SPEAKER_Doug] Oh? Why not?
[SPEAKER_Chandler] It’s the semi-finals…of her…botchy ball tournament.","[SPEAKER_Doug] Oh? Why not?
[SPEAKER_Chandler] It’s the semi-finals…of her…botchy ball tournament.",neutral,4,4,neutral,True,0.024139222,0.0055933804,0.0038326608,0.08853606,0.8578129,0.007938845,0.012147007
156,6,Doug,"What’s going on Bing? Does uh, your wife have a problem with me or something?",anger,"[SPEAKER_Chandler] It’s the semi-finals…of her…botchy ball tournament.
[SPEAKER_Doug] What’s going on Bing? Does uh, your wife have a problem with me or something?","[SPEAKER_Chandler] It’s the semi-finals…of her…botchy ball tournament.
[SPEAKER_Doug] What’s going on Bing? Does uh, your wife have a problem with me or something?",anger,0,6,surprise,False,0.1060876,0.013105734,0.089834526,0.037382465,0.257725,0.12967977,0.3661849
156,7,Chandler,Well now-now you’re just talking crazy.,joy,"[SPEAKER_Doug] What’s going on Bing? Does uh, your wife have a problem with me or something?
[SPEAKER_Chandler] Well now-now you’re just talking crazy.","[SPEAKER_Doug] What’s going on Bing? Does uh, your wife have a problem with me or something?
[SPEAKER_Chandler] Well now-now you’re just talking crazy.",joy,3,0,anger,False,0.5271016,0.08196451,0.055214632,0.027289044,0.2452572,0.050545067,0.0126280235
156,8,Doug,So why can’t the three of us go out together?,neutral,"[SPEAKER_Chandler] Well now-now you’re just talking crazy.
[SPEAKER_Doug] So why can’t the three of us go out together?","[SPEAKER_Chandler] Well now-now you’re just talking crazy.
[SPEAKER_Doug] So why can’t the three of us go out together?",neutral,4,4,neutral,True,0.008868786,0.0012719515,0.002958833,0.018430818,0.9619704,0.002822326,0.0036768634
156,9,Chandler,Because uh…we-we…we split up. Monica and I split up. Hold me.,sadness,"[SPEAKER_Doug] So why can’t the three of us go out together?
[SPEAKER_Chandler] Because uh…we-we…we split up. Monica and I split up. Hold me.","[SPEAKER_Doug] So why can’t the three of us go out together?
[SPEAKER_Chandler] Because uh…we-we…we split up. Monica and I split up. Hold me.",sadness,5,3,joy,False,0.10575555,0.0071527245,0.10486186,0.37682524,0.3554942,0.03182841,0.018081985
156,10,Doug,"Good God Bing I…well I can’t say I’m altogether surprised, I saw the way she looked at you, and there was no love there.",sadness,"[SPEAKER_Chandler] Because uh…we-we…we split up. Monica and I split up. Hold me.
[SPEAKER_Doug] Good God Bing I…well I can’t say I’m altogether surprised, I saw the way she looked at you, and there was no love there.","[SPEAKER_Chandler] Because uh…we-we…we split up. Monica and I split up. Hold me.
[SPEAKER_Doug] Good God Bing I…well I can’t say I’m altogether surprised, I saw the way she looked at you, and there was no love there.",sadness,5,5,sadness,True,0.09115918,0.035129104,0.11448508,0.21435316,0.119380824,0.27258068,0.152912
156,11,Doug,"And the way she looked at me, pure lust.",joy,"[SPEAKER_Doug] Good God Bing I…well I can’t say I’m altogether surprised, I saw the way she looked at you, and there was no love there.
[SPEAKER_Doug] And the way she looked at me, pure lust.","[SPEAKER_Doug] Good God Bing I…well I can’t say I’m altogether surprised, I saw the way she looked at you, and there was no love there.
[SPEAKER_Doug] And the way she looked at me, pure lust.",joy,3,3,joy,True,0.19405311,0.06945563,0.05106107,0.51136655,0.08167068,0.061172742,0.031220231
156,12,Chandler,Y’know what would really help me through this tough time is choking something. Can I choke ya?,anger,"[SPEAKER_Doug] And the way she looked at me, pure lust.
[SPEAKER_Chandler] Y’know what would really help me through this tough time is choking something. Can I choke ya?","[SPEAKER_Doug] And the way she looked at me, pure lust.
[SPEAKER_Chandler] Y’know what would really help me through this tough time is choking something. Can I choke ya?",anger,0,4,neutral,False,0.11800177,0.042029943,0.09472111,0.1253163,0.5510792,0.06590122,0.0029503952
156,13,Doug,"Bing my boy, we’re gonna get you over this.",neutral,"[SPEAKER_Chandler] Y’know what would really help me through this tough time is choking something. Can I choke ya?
[SPEAKER_Doug] Bing my boy, we’re gonna get you over this.","[SPEAKER_Chandler] Y’know what would really help me through this tough time is choking something. Can I choke ya?
[SPEAKER_Doug] Bing my boy, we’re gonna get you over this.",neutral,4,3,joy,False,0.019081177,0.0019899972,0.0036051427,0.8923526,0.0744898,0.0054070675,0.0030742446
156,14,Doug,"Now here’s the plan, grab your coat, we’re going to a strip club.",joy,"[SPEAKER_Doug] Bing my boy, we’re gonna get you over this.
[SPEAKER_Doug] Now here’s the plan, grab your coat, we’re going to a strip club.","[SPEAKER_Doug] Bing my boy, we’re gonna get you over this.
[SPEAKER_Doug] Now here’s the plan, grab your coat, we’re going to a strip club.",joy,3,4,neutral,False,0.018328583,0.024821151,0.0033355465,0.017123045,0.928416,0.006506516,0.0014692377
156,15,Chandler,"Oh no-no-no, Monica would freak.  But to hell with that bitch.",anger,"[SPEAKER_Doug] Now here’s the plan, grab your coat, we’re going to a strip club.
[SPEAKER_Chandler] Oh no-no-no, Monica would freak.  But to hell with that bitch.","[SPEAKER_Doug] Now here’s the plan, grab your coat, we’re going to a strip club.
[SPEAKER_Chandler] Oh no-no-no, Monica would freak.  But to hell with that bitch.",anger,0,1,disgust,False,0.15025109,0.48689592,0.022541739,0.094888784,0.1853923,0.04381147,0.016218696
157,1,Joey,"It's    okay, Emma, you stay asleep.",neutral,"[SPEAKER_Joey] Look at you, all sweet and innocent, sleeping like an angel...    with Emma's chubby little hands wrapped around ya.
[SPEAKER_Joey] It's    okay, Emma, you stay asleep.","[SPEAKER_Joey] Look at you, all sweet and innocent, sleeping like an angel...    with Emma's chubby little hands wrapped around ya.
[SPEAKER_Joey] It's    okay, Emma, you stay asleep.",neutral,4,4,neutral,True,0.012376599,0.0073179384,0.0035692446,0.01998882,0.9514492,0.004429638,0.000868612
157,2,Rachel,": Step away from the crib,    I have a weapon!",anger,"[SPEAKER_Joey] It's    okay, Emma, you stay asleep.
[SPEAKER_Rachel] : Step away from the crib,    I have a weapon!","[SPEAKER_Joey] It's    okay, Emma, you stay asleep.
[SPEAKER_Rachel] : Step away from the crib,    I have a weapon!",anger,0,0,anger,True,0.41980058,0.036212273,0.026665883,0.019786961,0.16201533,0.029984804,0.3055341
157,3,Joey,"It's okay, it's okay Rach, it's me. Put down the scrunchy.",neutral,"[SPEAKER_Rachel] : Step away from the crib,    I have a weapon!
[SPEAKER_Joey] It's okay, it's okay Rach, it's me. Put down the scrunchy.","[SPEAKER_Rachel] : Step away from the crib,    I have a weapon!
[SPEAKER_Joey] It's okay, it's okay Rach, it's me. Put down the scrunchy.",neutral,4,4,neutral,True,0.008291662,0.0025308742,0.002275809,0.011014028,0.97202635,0.003161565,0.00069972384
157,4,Rachel,What are you doing?,neutral,"[SPEAKER_Joey] It's okay, it's okay Rach, it's me. Put down the scrunchy.
[SPEAKER_Rachel] What are you doing?","[SPEAKER_Joey] It's okay, it's okay Rach, it's me. Put down the scrunchy.
[SPEAKER_Rachel] What are you doing?",neutral,4,4,neutral,True,0.021027382,0.0020402994,0.0094103785,0.015659759,0.77024484,0.0060830466,0.1755342
157,5,Joey,"Well, I heard Emma stirring, so I came to make sure she could    reach Hugsy.",neutral,"[SPEAKER_Rachel] What are you doing?
[SPEAKER_Joey] Well, I heard Emma stirring, so I came to make sure she could    reach Hugsy.","[SPEAKER_Rachel] What are you doing?
[SPEAKER_Joey] Well, I heard Emma stirring, so I came to make sure she could    reach Hugsy.",neutral,4,4,neutral,True,0.0075407145,0.003314486,0.007379086,0.055277165,0.9126972,0.0097425915,0.004048717
157,6,Rachel,"Oh, oh thanks. Alright well, now that I'm up I'm going to go    to the bathroom.",neutral,"[SPEAKER_Joey] Well, I heard Emma stirring, so I came to make sure she could    reach Hugsy.
[SPEAKER_Rachel] Oh, oh thanks. Alright well, now that I'm up I'm going to go    to the bathroom.","[SPEAKER_Joey] Well, I heard Emma stirring, so I came to make sure she could    reach Hugsy.
[SPEAKER_Rachel] Oh, oh thanks. Alright well, now that I'm up I'm going to go    to the bathroom.",neutral,4,4,neutral,True,0.0026432315,0.0022325423,0.0017958547,0.005882826,0.98444515,0.002532393,0.00046798208
157,7,Joey,There you go sweetie...     This isn't over.,neutral,"[SPEAKER_Rachel] Oh, oh thanks. Alright well, now that I'm up I'm going to go    to the bathroom.
[SPEAKER_Joey] There you go sweetie...     This isn't over.","[SPEAKER_Rachel] Oh, oh thanks. Alright well, now that I'm up I'm going to go    to the bathroom.
[SPEAKER_Joey] There you go sweetie...     This isn't over.",neutral,4,5,sadness,False,0.025473496,0.0072269286,0.07771977,0.09184998,0.10677109,0.6803435,0.010615176
158,1,Rachel,No. Sorry.,sadness,"[SPEAKER_Joanna] Did he call?
[SPEAKER_Rachel] No. Sorry.","[SPEAKER_Joanna] Did he call?
[SPEAKER_Rachel] No. Sorry.",sadness,5,5,sadness,True,0.009134335,0.0069365148,0.043131676,0.038309887,0.33110538,0.56227964,0.009102689
158,2,Joanna,Why?! Why?! He said he’d call. Why hasn’t he called?,sadness,"[SPEAKER_Rachel] No. Sorry.
[SPEAKER_Joanna] Why?! Why?! He said he’d call. Why hasn’t he called?","[SPEAKER_Rachel] No. Sorry.
[SPEAKER_Joanna] Why?! Why?! He said he’d call. Why hasn’t he called?",sadness,5,6,surprise,False,0.025109977,0.0020370046,0.009403101,0.013133873,0.046193883,0.011955665,0.8921665
158,3,Sophie,"Maybe he’s intimated by really smart, strong, successful women.",neutral,"[SPEAKER_Joanna] Why?! Why?! He said he’d call. Why hasn’t he called?
[SPEAKER_Sophie] Maybe he’s intimated by really smart, strong, successful women.","[SPEAKER_Joanna] Why?! Why?! He said he’d call. Why hasn’t he called?
[SPEAKER_Sophie] Maybe he’s intimated by really smart, strong, successful women.",neutral,4,4,neutral,True,0.01388878,0.0060735424,0.008428448,0.021192793,0.926583,0.012552165,0.011281242
158,4,Joanna,"Sophie, would you please climb out of my butt. Why hasn’t he called, Rachel? Why?",anger,"[SPEAKER_Sophie] Maybe he’s intimated by really smart, strong, successful women.
[SPEAKER_Joanna] Sophie, would you please climb out of my butt. Why hasn’t he called, Rachel? Why?","[SPEAKER_Sophie] Maybe he’s intimated by really smart, strong, successful women.
[SPEAKER_Joanna] Sophie, would you please climb out of my butt. Why hasn’t he called, Rachel? Why?",anger,0,6,surprise,False,0.16772383,0.013106253,0.030017713,0.027357848,0.31006423,0.02620264,0.42552748
158,5,Rachel,"Okay, okay. Umm, well ah, maybe he, maybe he feels awkward because you are my boss.",neutral,"[SPEAKER_Joanna] Sophie, would you please climb out of my butt. Why hasn’t he called, Rachel? Why?
[SPEAKER_Rachel] Okay, okay. Umm, well ah, maybe he, maybe he feels awkward because you are my boss.","[SPEAKER_Joanna] Sophie, would you please climb out of my butt. Why hasn’t he called, Rachel? Why?
[SPEAKER_Rachel] Okay, okay. Umm, well ah, maybe he, maybe he feels awkward because you are my boss.",neutral,4,4,neutral,True,0.040091254,0.005242411,0.0071493764,0.035576157,0.8780246,0.030554252,0.0033620053
158,6,Joanna,Awkward? Why should he feel awkward?,surprise,"[SPEAKER_Rachel] Okay, okay. Umm, well ah, maybe he, maybe he feels awkward because you are my boss.
[SPEAKER_Joanna] Awkward? Why should he feel awkward?","[SPEAKER_Rachel] Okay, okay. Umm, well ah, maybe he, maybe he feels awkward because you are my boss.
[SPEAKER_Joanna] Awkward? Why should he feel awkward?",surprise,6,6,surprise,True,0.023531416,0.003030706,0.012411918,0.019059435,0.12980917,0.013337454,0.7988199
159,1,Joanna,"Because if you feel uncomfortable with your friend dating someone you work for, there are always ways to fix...that.",anger,"[SPEAKER_Joanna] The only person that should feel awkward is you, and you didn’t tell him not to call me, did you?
[SPEAKER_Joanna] Because if you feel uncomfortable with your friend dating someone you work for, there are always ways to fix...that.","[SPEAKER_Joanna] The only person that should feel awkward is you, and you didn’t tell him not to call me, did you?
[SPEAKER_Joanna] Because if you feel uncomfortable with your friend dating someone you work for, there are always ways to fix...that.",anger,0,4,neutral,False,0.029412827,0.008458402,0.0031571041,0.0167086,0.9326373,0.008365099,0.0012605524
160,1,Monica,"I mean, all I’m asking for is just a little emotion!",anger,"[SPEAKER_Chandler] And you’re upset because you didn’t make your best friend cry?
[SPEAKER_Monica] I mean, all I’m asking for is just a little emotion!","[SPEAKER_Chandler] And you’re upset because you didn’t make your best friend cry?
[SPEAKER_Monica] I mean, all I’m asking for is just a little emotion!",anger,0,4,neutral,False,0.15720013,0.024931967,0.19059867,0.094176985,0.31995976,0.1960699,0.017062541
160,2,Monica,Is that too much to ask after six years?!,anger,"[SPEAKER_Monica] I mean, all I’m asking for is just a little emotion!
[SPEAKER_Monica] Is that too much to ask after six years?!","[SPEAKER_Monica] I mean, all I’m asking for is just a little emotion!
[SPEAKER_Monica] Is that too much to ask after six years?!",anger,0,0,anger,True,0.63194025,0.025667764,0.07879046,0.022995459,0.03057162,0.09481088,0.1152236
160,3,Monica,I mean what?,anger,"[SPEAKER_Monica] Is that too much to ask after six years?!
[SPEAKER_Monica] I mean what?","[SPEAKER_Monica] Is that too much to ask after six years?!
[SPEAKER_Monica] I mean what?",anger,0,4,neutral,False,0.059703164,0.002526875,0.020160602,0.027987456,0.6957209,0.015649805,0.1782512
160,4,Monica,Are-are-are Rachel and I not as close as you guys?!,anger,"[SPEAKER_Monica] I mean what?
[SPEAKER_Monica] Are-are-are Rachel and I not as close as you guys?!","[SPEAKER_Monica] I mean what?
[SPEAKER_Monica] Are-are-are Rachel and I not as close as you guys?!",anger,0,6,surprise,False,0.18995959,0.012429608,0.111933045,0.051043972,0.14242058,0.06708475,0.4251285
160,5,Monica,I mean do we not have as much fun?!,anger,"[SPEAKER_Monica] Are-are-are Rachel and I not as close as you guys?!
[SPEAKER_Monica] I mean do we not have as much fun?!","[SPEAKER_Monica] Are-are-are Rachel and I not as close as you guys?!
[SPEAKER_Monica] I mean do we not have as much fun?!",anger,0,0,anger,True,0.87214184,0.017112212,0.03959755,0.0059850803,0.00939211,0.044997368,0.010773792
160,6,Monica,Don’t I deserve a few tears?!!,sadness,"[SPEAKER_Monica] I mean do we not have as much fun?!
[SPEAKER_Monica] Don’t I deserve a few tears?!!","[SPEAKER_Monica] I mean do we not have as much fun?!
[SPEAKER_Monica] Don’t I deserve a few tears?!!",sadness,5,0,anger,False,0.5951846,0.021753782,0.11536356,0.07661168,0.017412571,0.1632041,0.01046967
160,7,Monica,"I mean we-we told Joey, he cried his eyes out!",sadness,"[SPEAKER_Monica] Don’t I deserve a few tears?!!
[SPEAKER_Monica] I mean we-we told Joey, he cried his eyes out!","[SPEAKER_Monica] Don’t I deserve a few tears?!!
[SPEAKER_Monica] I mean we-we told Joey, he cried his eyes out!",sadness,5,2,fear,False,0.17262292,0.018579127,0.21617764,0.1722664,0.15522888,0.12749383,0.13763118
160,8,Joey,Hey!,anger,"[SPEAKER_Monica] I mean we-we told Joey, he cried his eyes out!
[SPEAKER_Joey] Hey!","[SPEAKER_Monica] I mean we-we told Joey, he cried his eyes out!
[SPEAKER_Joey] Hey!",anger,0,3,joy,False,0.054379057,0.0039275563,0.005892352,0.54017454,0.17268503,0.010573054,0.2123684
160,9,Joey,I did not cry my eyes out!!,anger,"[SPEAKER_Joey] Hey!
[SPEAKER_Joey] I did not cry my eyes out!!","[SPEAKER_Joey] Hey!
[SPEAKER_Joey] I did not cry my eyes out!!",anger,0,0,anger,True,0.66947335,0.012654476,0.027246386,0.05084566,0.056709588,0.017945932,0.16512465
160,10,Joey,Come on!,sadness,"[SPEAKER_Joey] I did not cry my eyes out!!
[SPEAKER_Joey] Come on!","[SPEAKER_Joey] I did not cry my eyes out!!
[SPEAKER_Joey] Come on!",sadness,5,0,anger,False,0.51885945,0.013142169,0.026543276,0.17482217,0.18716618,0.019355686,0.060111076
160,11,Joey,It’s like the end of an era!,sadness,"[SPEAKER_Joey] Come on!
[SPEAKER_Joey] It’s like the end of an era!","[SPEAKER_Joey] Come on!
[SPEAKER_Joey] It’s like the end of an era!",sadness,5,3,joy,False,0.34923786,0.0083262315,0.011500804,0.44792268,0.055651024,0.04376621,0.08359528
160,12,Joey,No more J-man and Channie’s!,sadness,"[SPEAKER_Joey] It’s like the end of an era!
[SPEAKER_Joey] No more J-man and Channie’s!","[SPEAKER_Joey] It’s like the end of an era!
[SPEAKER_Joey] No more J-man and Channie’s!",sadness,5,0,anger,False,0.7129759,0.013362336,0.013249315,0.13690515,0.06418557,0.037297584,0.022024099
160,13,Chandler,"Okay, I gotta ask, who calls us that?!",anger,"[SPEAKER_Joey] No more J-man and Channie’s!
[SPEAKER_Chandler] Okay, I gotta ask, who calls us that?!","[SPEAKER_Joey] No more J-man and Channie’s!
[SPEAKER_Chandler] Okay, I gotta ask, who calls us that?!",anger,0,6,surprise,False,0.16982497,0.0068928855,0.01479459,0.03970484,0.12404374,0.02297994,0.621759
161,1,Ross,"Yeah, y'know the ah, the girlfriend I told you about last night?",neutral,"[SPEAKER_Chloe] Do I know why we’re rushing?
[SPEAKER_Ross] Yeah, y'know the ah, the girlfriend I told you about last night?","[SPEAKER_Chloe] Do I know why we’re rushing?
[SPEAKER_Ross] Yeah, y'know the ah, the girlfriend I told you about last night?",neutral,4,4,neutral,True,0.016011423,0.0017233611,0.005674301,0.019036755,0.92851496,0.005083077,0.023956096
161,2,Ross,"Well it turns out she ah, she wants to get back together with me.",neutral,"[SPEAKER_Ross] Yeah, y'know the ah, the girlfriend I told you about last night?
[SPEAKER_Ross] Well it turns out she ah, she wants to get back together with me.","[SPEAKER_Ross] Yeah, y'know the ah, the girlfriend I told you about last night?
[SPEAKER_Ross] Well it turns out she ah, she wants to get back together with me.",neutral,4,4,neutral,True,0.12184833,0.004935298,0.020899296,0.37135702,0.4236577,0.04206763,0.01523474
161,3,Ross,"Oh, I found it!",joy,"[SPEAKER_Ross] Well it turns out she ah, she wants to get back together with me.
[SPEAKER_Ross] Oh, I found it!","[SPEAKER_Ross] Well it turns out she ah, she wants to get back together with me.
[SPEAKER_Ross] Oh, I found it!",joy,3,3,joy,True,0.02806243,0.0017187613,0.0025531019,0.75094604,0.055606734,0.0066165477,0.15449643
161,4,Chloe,That’s so great for you guys!,joy,"[SPEAKER_Ross] Oh, I found it!
[SPEAKER_Chloe] That’s so great for you guys!","[SPEAKER_Ross] Oh, I found it!
[SPEAKER_Chloe] That’s so great for you guys!",joy,3,3,joy,True,0.008540146,0.0010781692,0.0008918594,0.9588252,0.0077245054,0.0024762384,0.020463962
161,5,Chloe,"Good luck, with your girlfriend.",neutral,"[SPEAKER_Chloe] That’s so great for you guys!
[SPEAKER_Chloe] Good luck, with your girlfriend.","[SPEAKER_Chloe] That’s so great for you guys!
[SPEAKER_Chloe] Good luck, with your girlfriend.",neutral,4,5,sadness,False,0.11911788,0.029767027,0.028971855,0.22026363,0.10000226,0.49302435,0.008853052
161,6,Ross,"Oh, thank you.  Hey, hey.  Rachel!!!!",joy,"[SPEAKER_Chloe] Good luck, with your girlfriend.
[SPEAKER_Ross] Oh, thank you.  Hey, hey.  Rachel!!!!","[SPEAKER_Chloe] Good luck, with your girlfriend.
[SPEAKER_Ross] Oh, thank you.  Hey, hey.  Rachel!!!!",joy,3,3,joy,True,0.017330736,0.0012517131,0.0014721764,0.924413,0.02038238,0.0029520676,0.03219793
161,7,Rachel,"Hi. Ohhh, you got my message.",neutral,"[SPEAKER_Ross] Oh, thank you.  Hey, hey.  Rachel!!!!
[SPEAKER_Rachel] Hi. Ohhh, you got my message.","[SPEAKER_Ross] Oh, thank you.  Hey, hey.  Rachel!!!!
[SPEAKER_Rachel] Hi. Ohhh, you got my message.",neutral,4,4,neutral,True,0.016524862,0.0013455505,0.0011521002,0.0511475,0.92244786,0.0031676954,0.004214346
161,8,Ross,"Yeah, oh hey, you are right on time.",neutral,"[SPEAKER_Rachel] Hi. Ohhh, you got my message.
[SPEAKER_Ross] Yeah, oh hey, you are right on time.","[SPEAKER_Rachel] Hi. Ohhh, you got my message.
[SPEAKER_Ross] Yeah, oh hey, you are right on time.",neutral,4,4,neutral,True,0.007602116,0.0010528746,0.0007168623,0.041211016,0.94635177,0.0018678025,0.0011975443
161,9,Rachel,So what do you say? Can I be your girlfriend again?,neutral,"[SPEAKER_Ross] Yeah, oh hey, you are right on time.
[SPEAKER_Rachel] So what do you say? Can I be your girlfriend again?","[SPEAKER_Ross] Yeah, oh hey, you are right on time.
[SPEAKER_Rachel] So what do you say? Can I be your girlfriend again?",neutral,4,4,neutral,True,0.13338631,0.007038336,0.0073648975,0.09121397,0.7256278,0.021053907,0.014314808
161,10,Ross,"Yes, you can, very much.",joy,"[SPEAKER_Rachel] So what do you say? Can I be your girlfriend again?
[SPEAKER_Ross] Yes, you can, very much.","[SPEAKER_Rachel] So what do you say? Can I be your girlfriend again?
[SPEAKER_Ross] Yes, you can, very much.",joy,3,3,joy,True,0.02457169,0.0029681395,0.0031928772,0.72184426,0.23498967,0.010505987,0.0019273362
161,11,Ross,Ahhhh!!,surprise,"[SPEAKER_Ross] Yes, you can, very much.
[SPEAKER_Ross] Ahhhh!!","[SPEAKER_Ross] Yes, you can, very much.
[SPEAKER_Ross] Ahhhh!!",surprise,6,6,surprise,True,0.061881125,0.011885238,0.012143621,0.08314296,0.039426066,0.019871803,0.7716493
162,1,Mike,Do,neutral,"[SPEAKER_Monica] Ooh! I'm sorry! I think, I THINK, that may have missed the table!
[SPEAKER_Mike] Do","[SPEAKER_Monica] Ooh! I'm sorry! I think, I THINK, that may have missed the table!
[SPEAKER_Mike] Do",neutral,4,4,neutral,True,0.053550217,0.0019753508,0.0045856424,0.11554509,0.797549,0.0065960106,0.020198634
162,2,Monica,"Ah,",neutral,"[SPEAKER_Mike] Do
[SPEAKER_Monica] Ah,","[SPEAKER_Mike] Do
[SPEAKER_Monica] Ah,",neutral,4,4,neutral,True,0.0038933204,0.00092029123,0.0019927442,0.0149563765,0.9736008,0.002239099,0.0023972618
162,3,Mike,Do,neutral,"[SPEAKER_Monica] Ah,
[SPEAKER_Mike] Do","[SPEAKER_Monica] Ah,
[SPEAKER_Mike] Do",neutral,4,4,neutral,True,0.034672618,0.0018967943,0.0030907788,0.046761904,0.9025338,0.003852594,0.0071913763
162,4,Monica,"Ah,",neutral,"[SPEAKER_Mike] Do
[SPEAKER_Monica] Ah,","[SPEAKER_Mike] Do
[SPEAKER_Monica] Ah,",neutral,4,4,neutral,True,0.0038933223,0.00092029216,0.0019927442,0.014956397,0.9736008,0.002239099,0.0023972604
162,5,Mike,DO YOU?,anger,"[SPEAKER_Monica] Ah,
[SPEAKER_Mike] DO YOU?","[SPEAKER_Monica] Ah,
[SPEAKER_Mike] DO YOU?",anger,0,4,neutral,False,0.047102205,0.0027588168,0.016428076,0.02025546,0.54574484,0.013319428,0.35439116
163,1,Monica,"Oh, come on.",disgust,"[SPEAKER_Ross] Y’know I don’t understand why they didn’t cry. It was a beautiful speech.
[SPEAKER_Monica] Oh, come on.","[SPEAKER_Ross] Y’know I don’t understand why they didn’t cry. It was a beautiful speech.
[SPEAKER_Monica] Oh, come on.",disgust,1,4,neutral,False,0.00850417,0.0050503016,0.006068754,0.15119731,0.8103932,0.017594377,0.00119189
163,2,Ross,Hey!,sadness,"[SPEAKER_Monica] Oh, come on.
[SPEAKER_Ross] Hey!","[SPEAKER_Monica] Oh, come on.
[SPEAKER_Ross] Hey!",sadness,5,3,joy,False,0.04295302,0.003516939,0.004750282,0.6645442,0.1229409,0.009266347,0.15202826
163,3,Ross,"All that stuff you said about true love, you were right, I mean, we did learn a lot from Mom and Dad!",joy,"[SPEAKER_Ross] Hey!
[SPEAKER_Ross] All that stuff you said about true love, you were right, I mean, we did learn a lot from Mom and Dad!","[SPEAKER_Ross] Hey!
[SPEAKER_Ross] All that stuff you said about true love, you were right, I mean, we did learn a lot from Mom and Dad!",joy,3,3,joy,True,0.06336168,0.0024890974,0.005294631,0.82962954,0.053629,0.012136429,0.033459667
163,4,Ross,And that picture of Chi-Chi with her mischievous grin.,neutral,"[SPEAKER_Ross] All that stuff you said about true love, you were right, I mean, we did learn a lot from Mom and Dad!
[SPEAKER_Ross] And that picture of Chi-Chi with her mischievous grin.","[SPEAKER_Ross] All that stuff you said about true love, you were right, I mean, we did learn a lot from Mom and Dad!
[SPEAKER_Ross] And that picture of Chi-Chi with her mischievous grin.",neutral,4,3,joy,False,0.015423605,0.0039378735,0.0014064957,0.8821841,0.08030344,0.0040523284,0.0126922
163,5,Ross,And what you said about Nana.,neutral,"[SPEAKER_Ross] And that picture of Chi-Chi with her mischievous grin.
[SPEAKER_Ross] And what you said about Nana.","[SPEAKER_Ross] And that picture of Chi-Chi with her mischievous grin.
[SPEAKER_Ross] And what you said about Nana.",neutral,4,4,neutral,True,0.018735318,0.00602696,0.003631827,0.04038898,0.9185207,0.009521541,0.0031747266
163,6,Ross,"Ohh, yeah she really would’ve wanted to be there.",sadness,"[SPEAKER_Ross] And what you said about Nana.
[SPEAKER_Ross] Ohh, yeah she really would’ve wanted to be there.","[SPEAKER_Ross] And what you said about Nana.
[SPEAKER_Ross] Ohh, yeah she really would’ve wanted to be there.",sadness,5,4,neutral,False,0.04070819,0.014964749,0.04514218,0.21267292,0.5670823,0.10900603,0.010423644
163,7,Ross,And you know what?,neutral,"[SPEAKER_Ross] Ohh, yeah she really would’ve wanted to be there.
[SPEAKER_Ross] And you know what?","[SPEAKER_Ross] Ohh, yeah she really would’ve wanted to be there.
[SPEAKER_Ross] And you know what?",neutral,4,4,neutral,True,0.1272118,0.004269891,0.019718554,0.06199417,0.71011674,0.017716877,0.05897185
163,8,Ross,I think she was.,neutral,"[SPEAKER_Ross] And you know what?
[SPEAKER_Ross] I think she was.","[SPEAKER_Ross] And you know what?
[SPEAKER_Ross] I think she was.",neutral,4,4,neutral,True,0.0040782266,0.000879332,0.0020668947,0.007852247,0.97740424,0.0031853674,0.0045335614
163,9,Monica,"Oh good God, Ross! How the hell do you do it?",surprise,"[SPEAKER_Ross] I think she was.
[SPEAKER_Monica] Oh good God, Ross! How the hell do you do it?","[SPEAKER_Ross] I think she was.
[SPEAKER_Monica] Oh good God, Ross! How the hell do you do it?",surprise,6,1,disgust,False,0.32774636,0.36796334,0.015758539,0.063295685,0.036585998,0.052035786,0.1366143
164,1,Chandler,Yeah.,neutral,"[SPEAKER_Joey] You forget how many great songs Heart had.
[SPEAKER_Chandler] Yeah.","[SPEAKER_Joey] You forget how many great songs Heart had.
[SPEAKER_Chandler] Yeah.",neutral,4,4,neutral,True,0.0059146625,0.0024955068,0.0024757723,0.11036494,0.86737186,0.009853129,0.0015242482
164,2,Ross,"You know, Barracuda was the first song I learned to play on the keyboard.",neutral,"[SPEAKER_Chandler] Yeah.
[SPEAKER_Ross] You know, Barracuda was the first song I learned to play on the keyboard.","[SPEAKER_Chandler] Yeah.
[SPEAKER_Ross] You know, Barracuda was the first song I learned to play on the keyboard.",neutral,4,4,neutral,True,0.05753702,0.006591963,0.0051909448,0.24734361,0.63458294,0.010701328,0.038052186
164,3,Chandler,"So, you heard it, you repeated it, so that must mean you wrote it.",neutral,"[SPEAKER_Ross] You know, Barracuda was the first song I learned to play on the keyboard.
[SPEAKER_Chandler] So, you heard it, you repeated it, so that must mean you wrote it.","[SPEAKER_Ross] You know, Barracuda was the first song I learned to play on the keyboard.
[SPEAKER_Chandler] So, you heard it, you repeated it, so that must mean you wrote it.",neutral,4,4,neutral,True,0.08602794,0.006134955,0.0055363267,0.07581825,0.802744,0.012517863,0.011220679
164,4,Joey,"Oh, you guys, with this joke. I gotta say, I know I cracked up, but I’m not even sure I got it.",neutral,"[SPEAKER_Chandler] So, you heard it, you repeated it, so that must mean you wrote it.
[SPEAKER_Joey] Oh, you guys, with this joke. I gotta say, I know I cracked up, but I’m not even sure I got it.","[SPEAKER_Chandler] So, you heard it, you repeated it, so that must mean you wrote it.
[SPEAKER_Joey] Oh, you guys, with this joke. I gotta say, I know I cracked up, but I’m not even sure I got it.",neutral,4,4,neutral,True,0.1638227,0.036925428,0.04179833,0.22806409,0.25660935,0.23505963,0.037720527
164,5,Ross,"What, you didn’t get it? The doctor is a monkey.",neutral,"[SPEAKER_Joey] Oh, you guys, with this joke. I gotta say, I know I cracked up, but I’m not even sure I got it.
[SPEAKER_Ross] What, you didn’t get it? The doctor is a monkey.","[SPEAKER_Joey] Oh, you guys, with this joke. I gotta say, I know I cracked up, but I’m not even sure I got it.
[SPEAKER_Ross] What, you didn’t get it? The doctor is a monkey.",neutral,4,6,surprise,False,0.06519326,0.04596407,0.011977733,0.015954692,0.044170566,0.029232685,0.787507
164,6,Chandler,And monkeys can’t write out prescriptions.,neutral,"[SPEAKER_Ross] What, you didn’t get it? The doctor is a monkey.
[SPEAKER_Chandler] And monkeys can’t write out prescriptions.","[SPEAKER_Ross] What, you didn’t get it? The doctor is a monkey.
[SPEAKER_Chandler] And monkeys can’t write out prescriptions.",neutral,4,0,anger,False,0.39856243,0.114416055,0.039126027,0.056767363,0.21713135,0.087984,0.08601278
164,7,Chandler,You are not allowed to laugh at my joke.,anger,"[SPEAKER_Chandler] And monkeys can’t write out prescriptions.
[SPEAKER_Chandler] You are not allowed to laugh at my joke.","[SPEAKER_Chandler] And monkeys can’t write out prescriptions.
[SPEAKER_Chandler] You are not allowed to laugh at my joke.",anger,0,0,anger,True,0.82134366,0.061284706,0.011467473,0.011999163,0.06476144,0.02191595,0.0072276583
164,8,Ross,"Your joke? Well, I think ‘the Hef’ would disagree, which is why he sent me a check for one hundred ah-dollars.",neutral,"[SPEAKER_Chandler] You are not allowed to laugh at my joke.
[SPEAKER_Ross] Your joke? Well, I think ‘the Hef’ would disagree, which is why he sent me a check for one hundred ah-dollars.","[SPEAKER_Chandler] You are not allowed to laugh at my joke.
[SPEAKER_Ross] Your joke? Well, I think ‘the Hef’ would disagree, which is why he sent me a check for one hundred ah-dollars.",neutral,4,6,surprise,False,0.14479779,0.02217976,0.024850525,0.04611545,0.2019802,0.07411529,0.485961
165,1,Rachel,"Oh, I think I saw some in here.",neutral,"[SPEAKER_Monica] I can’t find garbage bags!
[SPEAKER_Rachel] Oh, I think I saw some in here.","[SPEAKER_Monica] I can’t find garbage bags!
[SPEAKER_Rachel] Oh, I think I saw some in here.",neutral,4,4,neutral,True,0.03238012,0.046771925,0.04969671,0.02592409,0.475738,0.058103155,0.31138593
165,2,Monica,What is it?!,surprise,"[SPEAKER_Rachel] Oh, I think I saw some in here.
[SPEAKER_Monica] What is it?!","[SPEAKER_Rachel] Oh, I think I saw some in here.
[SPEAKER_Monica] What is it?!",surprise,6,6,surprise,True,0.017244453,0.0017764736,0.0063421032,0.007420018,0.06624637,0.0076144733,0.89335614
165,3,Rachel,"I don’t know! But maybe if we keep that drawer shut, it’ll die.",disgust,"[SPEAKER_Monica] What is it?!
[SPEAKER_Rachel] I don’t know! But maybe if we keep that drawer shut, it’ll die.","[SPEAKER_Monica] What is it?!
[SPEAKER_Rachel] I don’t know! But maybe if we keep that drawer shut, it’ll die.",disgust,1,4,neutral,False,0.3100421,0.014679847,0.038510274,0.112843156,0.45555693,0.057674363,0.010693272
165,4,Monica,I can’t believe we’re living here!,sadness,"[SPEAKER_Rachel] I don’t know! But maybe if we keep that drawer shut, it’ll die.
[SPEAKER_Monica] I can’t believe we’re living here!","[SPEAKER_Rachel] I don’t know! But maybe if we keep that drawer shut, it’ll die.
[SPEAKER_Monica] I can’t believe we’re living here!",sadness,5,6,surprise,False,0.014628619,0.0029184003,0.0061824853,0.0113818385,0.015042701,0.011418489,0.9384275
166,1,Joey,"No! She had the ring on, she seemed so excited, and then she  took her breast out.",anger,"[SPEAKER_Chandler] You still haven’t told Rachel you weren’t really  proposing?
[SPEAKER_Joey] No! She had the ring on, she seemed so excited, and then she  took her breast out.","[SPEAKER_Chandler] You still haven’t told Rachel you weren’t really  proposing?
[SPEAKER_Joey] No! She had the ring on, she seemed so excited, and then she  took her breast out.",anger,0,6,surprise,False,0.18636933,0.026887663,0.022646662,0.27761197,0.15104388,0.048556298,0.28688422
166,2,Chandler,"Joey, you have to tell her what’s going on! And what did it  look like?!",surprise,"[SPEAKER_Joey] No! She had the ring on, she seemed so excited, and then she  took her breast out.
[SPEAKER_Chandler] Joey, you have to tell her what’s going on! And what did it  look like?!","[SPEAKER_Joey] No! She had the ring on, she seemed so excited, and then she  took her breast out.
[SPEAKER_Chandler] Joey, you have to tell her what’s going on! And what did it  look like?!",surprise,6,6,surprise,True,0.287396,0.012481978,0.038926277,0.101415634,0.19261166,0.03377648,0.33339202
166,3,Joey,I didn’t look at it. Stupid baby’s head was blocking most of  it.,anger,"[SPEAKER_Chandler] Joey, you have to tell her what’s going on! And what did it  look like?!
[SPEAKER_Joey] I didn’t look at it. Stupid baby’s head was blocking most of  it.","[SPEAKER_Chandler] Joey, you have to tell her what’s going on! And what did it  look like?!
[SPEAKER_Joey] I didn’t look at it. Stupid baby’s head was blocking most of  it.",anger,0,4,neutral,False,0.10563783,0.080557466,0.14067067,0.118282646,0.24719466,0.16716273,0.14049405
166,4,Chandler,Go and tell Rachel right now before Ross finds out.,sadness,"[SPEAKER_Joey] I didn’t look at it. Stupid baby’s head was blocking most of  it.
[SPEAKER_Chandler] Go and tell Rachel right now before Ross finds out.","[SPEAKER_Joey] I didn’t look at it. Stupid baby’s head was blocking most of  it.
[SPEAKER_Chandler] Go and tell Rachel right now before Ross finds out.",sadness,5,4,neutral,False,0.024182348,0.0059064855,0.0065115625,0.025195964,0.9261295,0.010037621,0.0020364476
166,5,Joey,"Look, it’s not that easy. She said she wanted to marry me. I  don’t want to hurt her.",sadness,"[SPEAKER_Chandler] Go and tell Rachel right now before Ross finds out.
[SPEAKER_Joey] Look, it’s not that easy. She said she wanted to marry me. I  don’t want to hurt her.","[SPEAKER_Chandler] Go and tell Rachel right now before Ross finds out.
[SPEAKER_Joey] Look, it’s not that easy. She said she wanted to marry me. I  don’t want to hurt her.",sadness,5,2,fear,False,0.1066273,0.024097329,0.3771818,0.07615746,0.108077765,0.2972605,0.010597854
166,6,Chandler,"Okay, look, just do it gently.",neutral,"[SPEAKER_Joey] Look, it’s not that easy. She said she wanted to marry me. I  don’t want to hurt her.
[SPEAKER_Chandler] Okay, look, just do it gently.","[SPEAKER_Joey] Look, it’s not that easy. She said she wanted to marry me. I  don’t want to hurt her.
[SPEAKER_Chandler] Okay, look, just do it gently.",neutral,4,4,neutral,True,0.035273608,0.021459622,0.17837481,0.09946858,0.5107435,0.15072745,0.0039523696
166,7,Joey,You’re right.,neutral,"[SPEAKER_Chandler] Okay, look, just do it gently.
[SPEAKER_Joey] You’re right.","[SPEAKER_Chandler] Okay, look, just do it gently.
[SPEAKER_Joey] You’re right.",neutral,4,4,neutral,True,0.012146225,0.0021553456,0.0025273608,0.23113503,0.74222475,0.008703453,0.0011078174
166,8,Joey,You’re right.,neutral,"[SPEAKER_Joey] You’re right.
[SPEAKER_Joey] You’re right.","[SPEAKER_Joey] You’re right.
[SPEAKER_Joey] You’re right.",neutral,4,4,neutral,True,0.031494435,0.0024678023,0.0021847924,0.4523182,0.49831632,0.010587494,0.0026309784
166,9,Joey,I-I’ll go tell her now before Ross  finds out and I’ll be gentle.,neutral,"[SPEAKER_Joey] You’re right.
[SPEAKER_Joey] I-I’ll go tell her now before Ross  finds out and I’ll be gentle.","[SPEAKER_Joey] You’re right.
[SPEAKER_Joey] I-I’ll go tell her now before Ross  finds out and I’ll be gentle.",neutral,4,2,fear,False,0.039682727,0.00902204,0.52555937,0.10272181,0.23671539,0.06698538,0.019313285
166,10,Joey,I can do that.,neutral,"[SPEAKER_Joey] I-I’ll go tell her now before Ross  finds out and I’ll be gentle.
[SPEAKER_Joey] I can do that.","[SPEAKER_Joey] I-I’ll go tell her now before Ross  finds out and I’ll be gentle.
[SPEAKER_Joey] I can do that.",neutral,4,3,joy,False,0.021944635,0.0073834215,0.011720665,0.5635243,0.36870885,0.024580406,0.0021376794
166,11,Joey,I am a gentle person.,neutral,"[SPEAKER_Joey] I can do that.
[SPEAKER_Joey] I am a gentle person.","[SPEAKER_Joey] I can do that.
[SPEAKER_Joey] I am a gentle person.",neutral,4,4,neutral,True,0.032993786,0.01230769,0.021245783,0.08593999,0.8052271,0.040797032,0.0014886
166,12,Joey,"Oh, by the  way.",neutral,"[SPEAKER_Joey] I am a gentle person.
[SPEAKER_Joey] Oh, by the  way.","[SPEAKER_Joey] I am a gentle person.
[SPEAKER_Joey] Oh, by the  way.",neutral,4,4,neutral,True,0.00348927,0.0026814423,0.0044927173,0.044105224,0.92909056,0.015087942,0.0010528782
166,13,Joey,Two people screwing in there  if you want to check that out.,neutral,"[SPEAKER_Joey] Oh, by the  way.
[SPEAKER_Joey] Two people screwing in there  if you want to check that out.","[SPEAKER_Joey] Oh, by the  way.
[SPEAKER_Joey] Two people screwing in there  if you want to check that out.",neutral,4,4,neutral,True,0.010546108,0.009081234,0.0030040324,0.0064647812,0.9592007,0.002784739,0.008918425
167,1,Phoebe,Which,neutral,"[SPEAKER_Phoebe] Okay, umm, it's this tragic love story between Cathy and Heathcliff and umm, it takes place on like these really creepy mores in England.
[SPEAKER_Phoebe] Which","[SPEAKER_Phoebe] Okay, umm, it's this tragic love story between Cathy and Heathcliff and umm, it takes place on like these really creepy mores in England.
[SPEAKER_Phoebe] Which",neutral,4,4,neutral,True,0.0066339057,0.0021981723,0.002883549,0.009095952,0.9607973,0.0036033439,0.014787776
167,2,The Teacher,"How would you characterize the theme of this book, uh let's see here , Rachel Green?",neutral,"[SPEAKER_Phoebe] Which
[SPEAKER_The Teacher] How would you characterize the theme of this book, uh let's see here , Rachel Green?","[SPEAKER_Phoebe] Which
[SPEAKER_The Teacher] How would you characterize the theme of this book, uh let's see here , Rachel Green?",neutral,4,4,neutral,True,0.008633567,0.00097418256,0.0026193266,0.007210169,0.9732564,0.0018869378,0.0054193595
167,3,Rachel,"Umm, well I would have to say that it's a, it's tragic love story.",neutral,"[SPEAKER_The Teacher] How would you characterize the theme of this book, uh let's see here , Rachel Green?
[SPEAKER_Rachel] Umm, well I would have to say that it's a, it's tragic love story.","[SPEAKER_The Teacher] How would you characterize the theme of this book, uh let's see here , Rachel Green?
[SPEAKER_Rachel] Umm, well I would have to say that it's a, it's tragic love story.",neutral,4,5,sadness,False,0.028537773,0.011444472,0.08980998,0.06281062,0.14947712,0.6507017,0.0072182543
167,4,The Teacher,"Well, that's sort of a given, but yes. Anyone else?",neutral,"[SPEAKER_Rachel] Umm, well I would have to say that it's a, it's tragic love story.
[SPEAKER_The Teacher] Well, that's sort of a given, but yes. Anyone else?","[SPEAKER_Rachel] Umm, well I would have to say that it's a, it's tragic love story.
[SPEAKER_The Teacher] Well, that's sort of a given, but yes. Anyone else?",neutral,4,4,neutral,True,0.050505538,0.003941895,0.01724565,0.04873996,0.7385529,0.03389342,0.10712068
167,5,Rachel,"Oh-oh-oh, symbolism! And uh, the-the uh, wildness of the mores, which",joy,"[SPEAKER_The Teacher] Well, that's sort of a given, but yes. Anyone else?
[SPEAKER_Rachel] Oh-oh-oh, symbolism! And uh, the-the uh, wildness of the mores, which","[SPEAKER_The Teacher] Well, that's sort of a given, but yes. Anyone else?
[SPEAKER_Rachel] Oh-oh-oh, symbolism! And uh, the-the uh, wildness of the mores, which",joy,3,4,neutral,False,0.07123168,0.022154236,0.24298349,0.14854302,0.33536902,0.062502004,0.11721658
167,6,The Teacher,Excellent! What Rachel has shrewdly observed here,joy,"[SPEAKER_Rachel] Oh-oh-oh, symbolism! And uh, the-the uh, wildness of the mores, which
[SPEAKER_The Teacher] Excellent! What Rachel has shrewdly observed here","[SPEAKER_Rachel] Oh-oh-oh, symbolism! And uh, the-the uh, wildness of the mores, which
[SPEAKER_The Teacher] Excellent! What Rachel has shrewdly observed here",joy,3,3,joy,True,0.08096181,0.0065830075,0.006735964,0.55594635,0.19826783,0.01205443,0.1394506
167,7,Phoebe,You completely stole my answer!,anger,"[SPEAKER_The Teacher] Excellent! What Rachel has shrewdly observed here
[SPEAKER_Phoebe] You completely stole my answer!","[SPEAKER_The Teacher] Excellent! What Rachel has shrewdly observed here
[SPEAKER_Phoebe] You completely stole my answer!",anger,0,0,anger,True,0.9131233,0.008563418,0.009735236,0.009278696,0.009998453,0.016781313,0.03251961
167,8,Rachel,"Well, honey that was pretty obvious.",sadness,"[SPEAKER_Phoebe] You completely stole my answer!
[SPEAKER_Rachel] Well, honey that was pretty obvious.","[SPEAKER_Phoebe] You completely stole my answer!
[SPEAKER_Rachel] Well, honey that was pretty obvious.",sadness,5,4,neutral,False,0.05549481,0.0054394593,0.00884094,0.03823823,0.79202944,0.017328918,0.08262821
167,9,Phoebe,Well how would you know?! You didn't even read it!,anger,"[SPEAKER_Rachel] Well, honey that was pretty obvious.
[SPEAKER_Phoebe] Well how would you know?! You didn't even read it!","[SPEAKER_Rachel] Well, honey that was pretty obvious.
[SPEAKER_Phoebe] Well how would you know?! You didn't even read it!",anger,0,6,surprise,False,0.20553203,0.013168982,0.016069947,0.022816118,0.03529449,0.03572259,0.6713959
167,10,The Teacher,What do you think? You in the blue shirt.,neutral,"[SPEAKER_Phoebe] Well how would you know?! You didn't even read it!
[SPEAKER_The Teacher] What do you think? You in the blue shirt.","[SPEAKER_Phoebe] Well how would you know?! You didn't even read it!
[SPEAKER_The Teacher] What do you think? You in the blue shirt.",neutral,4,4,neutral,True,0.0050965906,0.0012084873,0.002114233,0.004848932,0.96718276,0.0020911556,0.017457852
167,11,Phoebe,"I think that uh, yours is a question with many answers.",neutral,"[SPEAKER_The Teacher] What do you think? You in the blue shirt.
[SPEAKER_Phoebe] I think that uh, yours is a question with many answers.","[SPEAKER_The Teacher] What do you think? You in the blue shirt.
[SPEAKER_Phoebe] I think that uh, yours is a question with many answers.",neutral,4,4,neutral,True,0.00845206,0.0012354681,0.0063468027,0.008938719,0.9571193,0.0040662903,0.01384129
167,12,The Teacher,Would ya care to venture one?,neutral,"[SPEAKER_Phoebe] I think that uh, yours is a question with many answers.
[SPEAKER_The Teacher] Would ya care to venture one?","[SPEAKER_Phoebe] I think that uh, yours is a question with many answers.
[SPEAKER_The Teacher] Would ya care to venture one?",neutral,4,4,neutral,True,0.003132493,0.0013357924,0.0009889527,0.008226177,0.9839574,0.0014236724,0.00093544734
167,13,Phoebe,Would,neutral,"[SPEAKER_The Teacher] Would ya care to venture one?
[SPEAKER_Phoebe] Would","[SPEAKER_The Teacher] Would ya care to venture one?
[SPEAKER_Phoebe] Would",neutral,4,4,neutral,True,0.0033775188,0.00095720286,0.00089706876,0.007184799,0.9849748,0.001315982,0.0012925111
167,14,The Teacher,Are you just repeating what I'm saying?,anger,"[SPEAKER_Phoebe] Would
[SPEAKER_The Teacher] Are you just repeating what I'm saying?","[SPEAKER_Phoebe] Would
[SPEAKER_The Teacher] Are you just repeating what I'm saying?",anger,0,4,neutral,False,0.05703437,0.0036373553,0.013715556,0.012507901,0.4939687,0.0122141065,0.40692204
167,15,The Teacher,"All right, let's move on.",neutral,"[SPEAKER_The Teacher] Are you just repeating what I'm saying?
[SPEAKER_The Teacher] All right, let's move on.","[SPEAKER_The Teacher] Are you just repeating what I'm saying?
[SPEAKER_The Teacher] All right, let's move on.",neutral,4,4,neutral,True,0.014882153,0.004215801,0.007657282,0.014960304,0.9527139,0.004042228,0.0015283684
167,16,Phoebe,Okay then.,neutral,"[SPEAKER_The Teacher] All right, let's move on.
[SPEAKER_Phoebe] Okay then.","[SPEAKER_The Teacher] All right, let's move on.
[SPEAKER_Phoebe] Okay then.",neutral,4,4,neutral,True,0.0047070673,0.0011437917,0.0008676942,0.011214367,0.97988415,0.0015009256,0.00068204117
168,1,Joey,"And-and when she comes in hopefully, she won’t recognise you because, well, why would she?",neutral,"[SPEAKER_Joey] All right, okay, this is great, uh, Chandler, you get behind the desk.
[SPEAKER_Joey] And-and when she comes in hopefully, she won’t recognise you because, well, why would she?","[SPEAKER_Joey] All right, okay, this is great, uh, Chandler, you get behind the desk.
[SPEAKER_Joey] And-and when she comes in hopefully, she won’t recognise you because, well, why would she?",neutral,4,4,neutral,True,0.05160576,0.0024576832,0.02285957,0.044849694,0.83767676,0.013270456,0.027280012
168,2,Joey,"Uh, okay, and then you buzz Ross and I.",neutral,"[SPEAKER_Joey] And-and when she comes in hopefully, she won’t recognise you because, well, why would she?
[SPEAKER_Joey] Uh, okay, and then you buzz Ross and I.","[SPEAKER_Joey] And-and when she comes in hopefully, she won’t recognise you because, well, why would she?
[SPEAKER_Joey] Uh, okay, and then you buzz Ross and I.",neutral,4,4,neutral,True,0.005685683,0.0008973501,0.0011670431,0.0088336095,0.98022735,0.002059381,0.0011295411
168,3,Joey,"You be Mr. Gonzalez, and I’ll be uh, Mr. Wong.",neutral,"[SPEAKER_Joey] Uh, okay, and then you buzz Ross and I.
[SPEAKER_Joey] You be Mr. Gonzalez, and I’ll be uh, Mr. Wong.","[SPEAKER_Joey] Uh, okay, and then you buzz Ross and I.
[SPEAKER_Joey] You be Mr. Gonzalez, and I’ll be uh, Mr. Wong.",neutral,4,4,neutral,True,0.002261059,0.00055747083,0.00087603036,0.0048703738,0.98947173,0.0011143145,0.0008489697
168,4,Ross,Diverse.,neutral,"[SPEAKER_Joey] You be Mr. Gonzalez, and I’ll be uh, Mr. Wong.
[SPEAKER_Ross] Diverse.","[SPEAKER_Joey] You be Mr. Gonzalez, and I’ll be uh, Mr. Wong.
[SPEAKER_Ross] Diverse.",neutral,4,4,neutral,True,0.012881144,0.0066224737,0.003526397,0.027064558,0.9358814,0.0058914027,0.008132656
168,5,The Stripper,Did anybody call for security?,neutral,"[SPEAKER_Ross] Diverse.
[SPEAKER_The Stripper] Did anybody call for security?","[SPEAKER_Ross] Diverse.
[SPEAKER_The Stripper] Did anybody call for security?",neutral,4,4,neutral,True,0.0039309445,0.0011145549,0.001453165,0.0044475156,0.98555654,0.0019092306,0.0015881013
168,6,Chandler,You be cool.,neutral,"[SPEAKER_The Stripper] Did anybody call for security?
[SPEAKER_Chandler] You be cool.","[SPEAKER_The Stripper] Did anybody call for security?
[SPEAKER_Chandler] You be cool.",neutral,4,4,neutral,True,0.0254786,0.013120267,0.005611321,0.09496493,0.8524239,0.007393559,0.0010074043
168,7,The Stripper,"Okay, which one of you guys is Gunther Central-Perk?  Hey, Joey?",neutral,"[SPEAKER_Chandler] You be cool.
[SPEAKER_The Stripper] Okay, which one of you guys is Gunther Central-Perk?  Hey, Joey?","[SPEAKER_Chandler] You be cool.
[SPEAKER_The Stripper] Okay, which one of you guys is Gunther Central-Perk?  Hey, Joey?",neutral,4,4,neutral,True,0.0056631267,0.0008251097,0.00086011,0.007818242,0.97831124,0.0010603989,0.0054617617
168,8,Ross,Where’s my ring? My dead grandmother’s wedding ring? Where is it? Where is it?,fear,"[SPEAKER_The Stripper] Okay, which one of you guys is Gunther Central-Perk?  Hey, Joey?
[SPEAKER_Ross] Where’s my ring? My dead grandmother’s wedding ring? Where is it? Where is it?","[SPEAKER_The Stripper] Okay, which one of you guys is Gunther Central-Perk?  Hey, Joey?
[SPEAKER_Ross] Where’s my ring? My dead grandmother’s wedding ring? Where is it? Where is it?",fear,2,6,surprise,False,0.046739493,0.0031857982,0.009122339,0.10524192,0.08462886,0.03586184,0.71521974
168,9,Chandler,"Way to be cool, man.",neutral,"[SPEAKER_Ross] Where’s my ring? My dead grandmother’s wedding ring? Where is it? Where is it?
[SPEAKER_Chandler] Way to be cool, man.","[SPEAKER_Ross] Where’s my ring? My dead grandmother’s wedding ring? Where is it? Where is it?
[SPEAKER_Chandler] Way to be cool, man.",neutral,4,4,neutral,True,0.1099136,0.032540355,0.012791668,0.25852495,0.54671645,0.036165684,0.0033472732
168,10,The Stripper,What’s he talking about?,neutral,"[SPEAKER_Chandler] Way to be cool, man.
[SPEAKER_The Stripper] What’s he talking about?","[SPEAKER_Chandler] Way to be cool, man.
[SPEAKER_The Stripper] What’s he talking about?",neutral,4,4,neutral,True,0.02812338,0.003656708,0.0066061975,0.016550029,0.55149865,0.008723733,0.38484126
168,11,Joey,"There was a ring, in a box, on my nightstand, after you left, it was gone!",anger,"[SPEAKER_The Stripper] What’s he talking about?
[SPEAKER_Joey] There was a ring, in a box, on my nightstand, after you left, it was gone!","[SPEAKER_The Stripper] What’s he talking about?
[SPEAKER_Joey] There was a ring, in a box, on my nightstand, after you left, it was gone!",anger,0,6,surprise,False,0.17448759,0.009790513,0.010325455,0.030147118,0.20275095,0.033420965,0.53907734
168,12,The Stripper,"Wait, you guys think I stole some ring?",surprise,"[SPEAKER_Joey] There was a ring, in a box, on my nightstand, after you left, it was gone!
[SPEAKER_The Stripper] Wait, you guys think I stole some ring?","[SPEAKER_Joey] There was a ring, in a box, on my nightstand, after you left, it was gone!
[SPEAKER_The Stripper] Wait, you guys think I stole some ring?",surprise,6,6,surprise,True,0.013979354,0.0020226324,0.009717268,0.012588951,0.15047365,0.009988588,0.8012295
168,13,Ross,We know you took so just-just save yourself the time and confess!,anger,"[SPEAKER_The Stripper] Wait, you guys think I stole some ring?
[SPEAKER_Ross] We know you took so just-just save yourself the time and confess!","[SPEAKER_The Stripper] Wait, you guys think I stole some ring?
[SPEAKER_Ross] We know you took so just-just save yourself the time and confess!",anger,0,0,anger,True,0.7797001,0.013652813,0.029152494,0.09089959,0.060131483,0.017551236,0.008912317
168,14,The Stripper,"Okay, who are you?",surprise,"[SPEAKER_Ross] We know you took so just-just save yourself the time and confess!
[SPEAKER_The Stripper] Okay, who are you?","[SPEAKER_Ross] We know you took so just-just save yourself the time and confess!
[SPEAKER_The Stripper] Okay, who are you?",surprise,6,4,neutral,False,0.024385441,0.0018632428,0.0049265735,0.0076172445,0.78473365,0.005822503,0.17065139
168,15,The Stripper,The Hardy boys?,anger,"[SPEAKER_The Stripper] Okay, who are you?
[SPEAKER_The Stripper] The Hardy boys?","[SPEAKER_The Stripper] Okay, who are you?
[SPEAKER_The Stripper] The Hardy boys?",anger,0,4,neutral,False,0.07599221,0.005753129,0.0122005,0.056736104,0.57413286,0.019738471,0.2554468
168,16,The Stripper,"Look, I don’t need to steal some stupid ring, all right?",anger,"[SPEAKER_The Stripper] The Hardy boys?
[SPEAKER_The Stripper] Look, I don’t need to steal some stupid ring, all right?","[SPEAKER_The Stripper] The Hardy boys?
[SPEAKER_The Stripper] Look, I don’t need to steal some stupid ring, all right?",anger,0,0,anger,True,0.42084503,0.030362295,0.029014504,0.078390524,0.39919406,0.036554363,0.0056392355
168,17,The Stripper,"I make $1,600 a week doing what I do; any of you guys make that?",anger,"[SPEAKER_The Stripper] Look, I don’t need to steal some stupid ring, all right?
[SPEAKER_The Stripper] I make $1,600 a week doing what I do; any of you guys make that?","[SPEAKER_The Stripper] Look, I don’t need to steal some stupid ring, all right?
[SPEAKER_The Stripper] I make $1,600 a week doing what I do; any of you guys make that?",anger,0,0,anger,True,0.6679587,0.088249266,0.021616153,0.02206447,0.047916286,0.054760188,0.097434945
168,18,Chandler,Marry me.,neutral,"[SPEAKER_The Stripper] I make $1,600 a week doing what I do; any of you guys make that?
[SPEAKER_Chandler] Marry me.","[SPEAKER_The Stripper] I make $1,600 a week doing what I do; any of you guys make that?
[SPEAKER_Chandler] Marry me.",neutral,4,3,joy,False,0.04517725,0.004574802,0.009907899,0.8656588,0.021754555,0.024739577,0.028187098
169,1,Phoebe,Hell yeah! I’ll marry you!,joy,"[SPEAKER_Monica] Oh my God! Joey!
[SPEAKER_Phoebe] Hell yeah! I’ll marry you!","[SPEAKER_Monica] Oh my God! Joey!
[SPEAKER_Phoebe] Hell yeah! I’ll marry you!",joy,3,3,joy,True,0.10632443,0.0061752573,0.006868059,0.80735344,0.036646698,0.011222479,0.025409633
169,2,Monica,You can’t marry him!,anger,"[SPEAKER_Phoebe] Hell yeah! I’ll marry you!
[SPEAKER_Monica] You can’t marry him!","[SPEAKER_Phoebe] Hell yeah! I’ll marry you!
[SPEAKER_Monica] You can’t marry him!",anger,0,0,anger,True,0.30426988,0.019214004,0.21082664,0.07033421,0.038989138,0.11346667,0.2428994
169,3,Phoebe,"Hey lady, your day’s over! It’s my turn!",anger,"[SPEAKER_Monica] You can’t marry him!
[SPEAKER_Phoebe] Hey lady, your day’s over! It’s my turn!","[SPEAKER_Monica] You can’t marry him!
[SPEAKER_Phoebe] Hey lady, your day’s over! It’s my turn!",anger,0,3,joy,False,0.071767844,0.001929879,0.0028959205,0.7853759,0.036670517,0.008378904,0.09298101
169,4,Monica,Phoebe!,surprise,"[SPEAKER_Phoebe] Hey lady, your day’s over! It’s my turn!
[SPEAKER_Monica] Phoebe!","[SPEAKER_Phoebe] Hey lady, your day’s over! It’s my turn!
[SPEAKER_Monica] Phoebe!",surprise,6,3,joy,False,0.055666246,0.002440279,0.0030264242,0.78786093,0.045898546,0.007138174,0.09796938
169,5,Joey,Why?! Why can’t she marry me?!,surprise,"[SPEAKER_Monica] Phoebe!
[SPEAKER_Joey] Why?! Why can’t she marry me?!","[SPEAKER_Monica] Phoebe!
[SPEAKER_Joey] Why?! Why can’t she marry me?!",surprise,6,6,surprise,True,0.2401366,0.010300861,0.014356803,0.021768993,0.019255023,0.024765212,0.66941655
169,6,Phoebe,I can and I will!,anger,"[SPEAKER_Joey] Why?! Why can’t she marry me?!
[SPEAKER_Phoebe] I can and I will!","[SPEAKER_Joey] Why?! Why can’t she marry me?!
[SPEAKER_Phoebe] I can and I will!",anger,0,3,joy,False,0.12555589,0.0036767183,0.021480208,0.77914786,0.042914424,0.013005049,0.014219944
169,7,Monica,She’s not pregnant. It’s Rachel. Rachel’s the one who’s pregnant.,neutral,"[SPEAKER_Phoebe] I can and I will!
[SPEAKER_Monica] She’s not pregnant. It’s Rachel. Rachel’s the one who’s pregnant.","[SPEAKER_Phoebe] I can and I will!
[SPEAKER_Monica] She’s not pregnant. It’s Rachel. Rachel’s the one who’s pregnant.",neutral,4,4,neutral,True,0.038970172,0.006035012,0.016208643,0.024170745,0.5134271,0.039335504,0.36185288
169,8,Joey,Oh my God.,surprise,"[SPEAKER_Monica] She’s not pregnant. It’s Rachel. Rachel’s the one who’s pregnant.
[SPEAKER_Joey] Oh my God.","[SPEAKER_Monica] She’s not pregnant. It’s Rachel. Rachel’s the one who’s pregnant.
[SPEAKER_Joey] Oh my God.",surprise,6,6,surprise,True,0.0062183747,0.006443212,0.0061635603,0.014827438,0.0065653226,0.010691135,0.9490909
169,9,Phoebe,Hey!,anger,"[SPEAKER_Joey] Oh my God.
[SPEAKER_Phoebe] Hey!","[SPEAKER_Joey] Oh my God.
[SPEAKER_Phoebe] Hey!",anger,0,3,joy,False,0.03508475,0.0035684812,0.004810153,0.49588132,0.116591126,0.008829197,0.335235
169,10,Monica,Phoebe I think he would notice if you didn’t have a baby in nine months!,anger,"[SPEAKER_Phoebe] Hey!
[SPEAKER_Monica] Phoebe I think he would notice if you didn’t have a baby in nine months!","[SPEAKER_Phoebe] Hey!
[SPEAKER_Monica] Phoebe I think he would notice if you didn’t have a baby in nine months!",anger,0,6,surprise,False,0.24551648,0.023529205,0.015092148,0.15430497,0.14113005,0.05680892,0.36361822
169,11,Phoebe,It’s Joey!,surprise,"[SPEAKER_Monica] Phoebe I think he would notice if you didn’t have a baby in nine months!
[SPEAKER_Phoebe] It’s Joey!","[SPEAKER_Monica] Phoebe I think he would notice if you didn’t have a baby in nine months!
[SPEAKER_Phoebe] It’s Joey!",surprise,6,3,joy,False,0.100730985,0.0051178276,0.005132647,0.34097445,0.22300954,0.017241476,0.30779305
169,12,Joey,Now I can’t believe it! What? Rachel’s pregnant?  Who’s the father?,surprise,"[SPEAKER_Phoebe] It’s Joey!
[SPEAKER_Joey] Now I can’t believe it! What? Rachel’s pregnant?  Who’s the father?","[SPEAKER_Phoebe] It’s Joey!
[SPEAKER_Joey] Now I can’t believe it! What? Rachel’s pregnant?  Who’s the father?",surprise,6,6,surprise,True,0.013966968,0.001738185,0.007965044,0.010589411,0.03423897,0.010051083,0.9214504
169,13,Phoebe,We don’t know.,neutral,"[SPEAKER_Joey] Now I can’t believe it! What? Rachel’s pregnant?  Who’s the father?
[SPEAKER_Phoebe] We don’t know.","[SPEAKER_Joey] Now I can’t believe it! What? Rachel’s pregnant?  Who’s the father?
[SPEAKER_Phoebe] We don’t know.",neutral,4,4,neutral,True,0.010222923,0.0033117658,0.01808632,0.0543439,0.87369657,0.014927121,0.02541144
169,14,Joey,Ohh… I wonder if that dude.,neutral,"[SPEAKER_Phoebe] We don’t know.
[SPEAKER_Joey] Ohh… I wonder if that dude.","[SPEAKER_Phoebe] We don’t know.
[SPEAKER_Joey] Ohh… I wonder if that dude.",neutral,4,4,neutral,True,0.0162522,0.020565974,0.057108123,0.09081127,0.4895311,0.03962142,0.28610992
169,15,Monica,There’s a dude?,surprise,"[SPEAKER_Joey] Ohh… I wonder if that dude.
[SPEAKER_Monica] There’s a dude?","[SPEAKER_Joey] Ohh… I wonder if that dude.
[SPEAKER_Monica] There’s a dude?",surprise,6,4,neutral,False,0.014452443,0.0035512664,0.005123709,0.016777292,0.55936444,0.005674918,0.39505595
169,16,Joey,Yeah.,neutral,"[SPEAKER_Monica] There’s a dude?
[SPEAKER_Joey] Yeah.","[SPEAKER_Monica] There’s a dude?
[SPEAKER_Joey] Yeah.",neutral,4,4,neutral,True,0.005795107,0.0044029136,0.003634334,0.17925192,0.7948877,0.008046718,0.0039812876
169,17,Phoebe,Who? Who is it?,surprise,"[SPEAKER_Joey] Yeah.
[SPEAKER_Phoebe] Who? Who is it?","[SPEAKER_Joey] Yeah.
[SPEAKER_Phoebe] Who? Who is it?",surprise,6,4,neutral,False,0.022909299,0.0020236722,0.0067435605,0.012038166,0.63224477,0.006794377,0.31724617
169,18,Joey,"About a month ago this guy spent the night with Rachel, I didn’t see who it was but",disgust,"[SPEAKER_Phoebe] Who? Who is it?
[SPEAKER_Joey] About a month ago this guy spent the night with Rachel, I didn’t see who it was but","[SPEAKER_Phoebe] Who? Who is it?
[SPEAKER_Joey] About a month ago this guy spent the night with Rachel, I didn’t see who it was but",disgust,1,6,surprise,False,0.041403513,0.02553282,0.04441793,0.06181796,0.25388336,0.05098848,0.5219559
169,19,Phoebe,Was that story over?,neutral,"[SPEAKER_Joey] About a month ago this guy spent the night with Rachel, I didn’t see who it was but
[SPEAKER_Phoebe] Was that story over?","[SPEAKER_Joey] About a month ago this guy spent the night with Rachel, I didn’t see who it was but
[SPEAKER_Phoebe] Was that story over?",neutral,4,4,neutral,True,0.03777469,0.004667557,0.010759366,0.035479132,0.71561265,0.02136552,0.17434113
169,20,Joey,The guy left this.,neutral,"[SPEAKER_Phoebe] Was that story over?
[SPEAKER_Joey] The guy left this.","[SPEAKER_Phoebe] Was that story over?
[SPEAKER_Joey] The guy left this.",neutral,4,4,neutral,True,0.0070400704,0.002521276,0.0016922028,0.0070989556,0.9630463,0.0064322217,0.012169066
169,21,Phoebe,Oh my God! I know who the father is,surprise,"[SPEAKER_Joey] The guy left this.
[SPEAKER_Phoebe] Oh my God! I know who the father is","[SPEAKER_Joey] The guy left this.
[SPEAKER_Phoebe] Oh my God! I know who the father is",surprise,6,6,surprise,True,0.0067054513,0.0025524418,0.003979373,0.0076855617,0.010440383,0.0067923656,0.96184444
169,22,Monica,People have got to finish their stories!,anger,"[SPEAKER_Phoebe] Oh my God! I know who the father is
[SPEAKER_Monica] People have got to finish their stories!","[SPEAKER_Phoebe] Oh my God! I know who the father is
[SPEAKER_Monica] People have got to finish their stories!",anger,0,4,neutral,False,0.10631152,0.00427847,0.010792657,0.38803035,0.47194004,0.009344034,0.00930287
170,1,Phoebe,"Ohh, let me see it! Let me see your hand!",surprise,"[SPEAKER_Joey] Oh my God, you’re back!
[SPEAKER_Phoebe] Ohh, let me see it! Let me see your hand!","[SPEAKER_Joey] Oh my God, you’re back!
[SPEAKER_Phoebe] Ohh, let me see it! Let me see your hand!",surprise,6,6,surprise,True,0.10007388,0.008557535,0.016788816,0.32656997,0.1534241,0.01573057,0.37885517
170,2,Monica,Why do you want to see my hand?,neutral,"[SPEAKER_Phoebe] Ohh, let me see it! Let me see your hand!
[SPEAKER_Monica] Why do you want to see my hand?","[SPEAKER_Phoebe] Ohh, let me see it! Let me see your hand!
[SPEAKER_Monica] Why do you want to see my hand?",neutral,4,4,neutral,True,0.022997117,0.0016799135,0.006069196,0.014784615,0.92755723,0.004517398,0.022394558
170,3,Phoebe,I wanna see what’s in your hand. I wanna see the trash.,disgust,"[SPEAKER_Monica] Why do you want to see my hand?
[SPEAKER_Phoebe] I wanna see what’s in your hand. I wanna see the trash.","[SPEAKER_Monica] Why do you want to see my hand?
[SPEAKER_Phoebe] I wanna see what’s in your hand. I wanna see the trash.",disgust,1,1,disgust,True,0.26185653,0.37957808,0.017576462,0.018902244,0.27997962,0.034170117,0.007936974
170,4,Phoebe,"Eww! Oh, it’s all dirty. You should throw this out.",disgust,"[SPEAKER_Phoebe] I wanna see what’s in your hand. I wanna see the trash.
[SPEAKER_Phoebe] Eww! Oh, it’s all dirty. You should throw this out.","[SPEAKER_Phoebe] I wanna see what’s in your hand. I wanna see the trash.
[SPEAKER_Phoebe] Eww! Oh, it’s all dirty. You should throw this out.",disgust,1,1,disgust,True,0.047384057,0.80365384,0.019935232,0.02822662,0.047495015,0.038067944,0.015237368
171,1,Monica,Me too!,joy,"[SPEAKER_Ross] No!
[SPEAKER_Monica] Me too!","[SPEAKER_Ross] No!
[SPEAKER_Monica] Me too!",joy,3,3,joy,True,0.019318229,0.0010743375,0.0016225973,0.9255087,0.028504882,0.0036296102,0.020341655
171,2,Ross,"Hey, when the music starts up again, I was thinking of maybe goind into the robot, y’know?",neutral,"[SPEAKER_Monica] Me too!
[SPEAKER_Ross] Hey, when the music starts up again, I was thinking of maybe goind into the robot, y’know?","[SPEAKER_Monica] Me too!
[SPEAKER_Ross] Hey, when the music starts up again, I was thinking of maybe goind into the robot, y’know?",neutral,4,4,neutral,True,0.009747599,0.0016261966,0.0029128334,0.041744847,0.93820906,0.0027409152,0.0030185196
171,3,Monica,"Ross, I think we should stick to the routine, we don’t wanna look stupid!",joy,"[SPEAKER_Ross] Hey, when the music starts up again, I was thinking of maybe goind into the robot, y’know?
[SPEAKER_Monica] Ross, I think we should stick to the routine, we don’t wanna look stupid!","[SPEAKER_Ross] Hey, when the music starts up again, I was thinking of maybe goind into the robot, y’know?
[SPEAKER_Monica] Ross, I think we should stick to the routine, we don’t wanna look stupid!",joy,3,0,anger,False,0.51398736,0.049557995,0.1648684,0.05688136,0.16561691,0.03782638,0.011261565
171,4,Director,Alright we’re back! Ten seconds left here we go! Ten! Nine! Eight! Seven!,joy,"[SPEAKER_Monica] Ross, I think we should stick to the routine, we don’t wanna look stupid!
[SPEAKER_Director] Alright we’re back! Ten seconds left here we go! Ten! Nine! Eight! Seven!","[SPEAKER_Monica] Ross, I think we should stick to the routine, we don’t wanna look stupid!
[SPEAKER_Director] Alright we’re back! Ten seconds left here we go! Ten! Nine! Eight! Seven!",joy,3,3,joy,True,0.048628796,0.00221957,0.0032586232,0.8425635,0.06595977,0.0045384453,0.032831248
171,5,All,"Three, Two, One!",neutral,"[SPEAKER_Director] Alright we’re back! Ten seconds left here we go! Ten! Nine! Eight! Seven!
[SPEAKER_All] Three, Two, One!","[SPEAKER_Director] Alright we’re back! Ten seconds left here we go! Ten! Nine! Eight! Seven!
[SPEAKER_All] Three, Two, One!",neutral,4,3,joy,False,0.07860041,0.0022798737,0.0040949862,0.8338891,0.0512707,0.005530855,0.024334034
171,6,Director,Cut!,neutral,"[SPEAKER_All] Three, Two, One!
[SPEAKER_Director] Cut!","[SPEAKER_All] Three, Two, One!
[SPEAKER_Director] Cut!",neutral,4,0,anger,False,0.48315495,0.01616885,0.018845499,0.2102876,0.11973195,0.05932447,0.09248661
171,7,Joey,No! Year! Happy No Year!,joy,"[SPEAKER_Director] Cut!
[SPEAKER_Joey] No! Year! Happy No Year!","[SPEAKER_Director] Cut!
[SPEAKER_Joey] No! Year! Happy No Year!",joy,3,3,joy,True,0.38512784,0.012490128,0.01926559,0.4006607,0.05991405,0.03106426,0.09147738
171,8,Director,"Okay, here’s where we go to the live shot of Times Square, nice work everyone that’s a wrap!",joy,"[SPEAKER_Joey] No! Year! Happy No Year!
[SPEAKER_Director] Okay, here’s where we go to the live shot of Times Square, nice work everyone that’s a wrap!","[SPEAKER_Joey] No! Year! Happy No Year!
[SPEAKER_Director] Okay, here’s where we go to the live shot of Times Square, nice work everyone that’s a wrap!",joy,3,3,joy,True,0.009142184,0.00087332213,0.00088469253,0.95971084,0.023453748,0.0022168944,0.0037182616
172,1,Elizabeth,"Oh no-no believe me, I’m leaving as soon as possible!",neutral,"[SPEAKER_Paul] So Lizzie, are-are-are you planning on staying the night?
[SPEAKER_Elizabeth] Oh no-no believe me, I’m leaving as soon as possible!","[SPEAKER_Paul] So Lizzie, are-are-are you planning on staying the night?
[SPEAKER_Elizabeth] Oh no-no believe me, I’m leaving as soon as possible!",neutral,4,0,anger,False,0.32057098,0.021656863,0.08860874,0.26028997,0.21443896,0.05210652,0.04232799
172,2,Paul,"Good. Good. Not that we don’t want you to stay, obviously you’re welcome—How much more homework do you have?",neutral,"[SPEAKER_Elizabeth] Oh no-no believe me, I’m leaving as soon as possible!
[SPEAKER_Paul] Good. Good. Not that we don’t want you to stay, obviously you’re welcome—How much more homework do you have?","[SPEAKER_Elizabeth] Oh no-no believe me, I’m leaving as soon as possible!
[SPEAKER_Paul] Good. Good. Not that we don’t want you to stay, obviously you’re welcome—How much more homework do you have?",neutral,4,4,neutral,True,0.17885184,0.020476013,0.027385881,0.09456452,0.56913143,0.045205962,0.06438434
173,1,Monica,No!,surprise,"[SPEAKER_Chandler] I see. Y’know umm, Phoebe makes sock bunnies.
[SPEAKER_Monica] No!","[SPEAKER_Chandler] I see. Y’know umm, Phoebe makes sock bunnies.
[SPEAKER_Monica] No!",surprise,6,0,anger,False,0.37812826,0.08000779,0.062606655,0.1528478,0.09941517,0.067945965,0.15904832
173,2,Monica,"No, she doesn’t.",neutral,"[SPEAKER_Monica] No!
[SPEAKER_Monica] No, she doesn’t.","[SPEAKER_Monica] No!
[SPEAKER_Monica] No, she doesn’t.",neutral,4,4,neutral,True,0.0120272385,0.002475125,0.004150205,0.045686264,0.91808796,0.0090244515,0.008548907
173,3,Monica,"Uh Phoebe, what she makes—that’s uh—they’re sock rabbits.",neutral,"[SPEAKER_Monica] No, she doesn’t.
[SPEAKER_Monica] Uh Phoebe, what she makes—that’s uh—they’re sock rabbits.","[SPEAKER_Monica] No, she doesn’t.
[SPEAKER_Monica] Uh Phoebe, what she makes—that’s uh—they’re sock rabbits.",neutral,4,4,neutral,True,0.01071608,0.01043716,0.01636652,0.031803932,0.9138568,0.012174895,0.0046445495
173,4,Monica,They are completely different—Okay!,anger,"[SPEAKER_Monica] Uh Phoebe, what she makes—that’s uh—they’re sock rabbits.
[SPEAKER_Monica] They are completely different—Okay!","[SPEAKER_Monica] Uh Phoebe, what she makes—that’s uh—they’re sock rabbits.
[SPEAKER_Monica] They are completely different—Okay!",anger,0,4,neutral,False,0.124592446,0.006313436,0.013208931,0.25685337,0.40053833,0.020920133,0.17757334
173,5,Monica,Okay!,surprise,"[SPEAKER_Monica] They are completely different—Okay!
[SPEAKER_Monica] Okay!","[SPEAKER_Monica] They are completely different—Okay!
[SPEAKER_Monica] Okay!",surprise,6,3,joy,False,0.088140026,0.003489007,0.008203027,0.4785573,0.24495734,0.01390386,0.16274935
173,6,Monica,Okay!,surprise,"[SPEAKER_Monica] Okay!
[SPEAKER_Monica] Okay!","[SPEAKER_Monica] Okay!
[SPEAKER_Monica] Okay!",surprise,6,3,joy,False,0.083981246,0.003751499,0.007361256,0.60014886,0.19997333,0.012026978,0.09275691
173,7,Monica,I didn’t make it!,sadness,"[SPEAKER_Monica] Okay!
[SPEAKER_Monica] I didn’t make it!","[SPEAKER_Monica] Okay!
[SPEAKER_Monica] I didn’t make it!",sadness,5,6,surprise,False,0.11050703,0.011093479,0.03952231,0.043373607,0.023392867,0.11060326,0.6615075
173,8,Monica,I’m sorry!,sadness,"[SPEAKER_Monica] I didn’t make it!
[SPEAKER_Monica] I’m sorry!","[SPEAKER_Monica] I didn’t make it!
[SPEAKER_Monica] I’m sorry!",sadness,5,5,sadness,True,0.034928273,0.005689523,0.08914336,0.0727466,0.045733873,0.6031543,0.14860408
173,9,Monica,I totally forgot about tonight and the fact that we’re supposed to,neutral,"[SPEAKER_Monica] I’m sorry!
[SPEAKER_Monica] I totally forgot about tonight and the fact that we’re supposed to","[SPEAKER_Monica] I’m sorry!
[SPEAKER_Monica] I totally forgot about tonight and the fact that we’re supposed to",neutral,4,4,neutral,True,0.058735512,0.010385696,0.018237466,0.20918573,0.32968986,0.21713807,0.15662761
173,10,Chandler,"Oh, it’s okay. I don’t",neutral,"[SPEAKER_Monica] I totally forgot about tonight and the fact that we’re supposed to
[SPEAKER_Chandler] Oh, it’s okay. I don’t","[SPEAKER_Monica] I totally forgot about tonight and the fact that we’re supposed to
[SPEAKER_Chandler] Oh, it’s okay. I don’t",neutral,4,4,neutral,True,0.0322445,0.0017104979,0.007173922,0.050971933,0.88513243,0.008405939,0.014360733
173,11,Monica,"No-no, it’s not okay!",sadness,"[SPEAKER_Chandler] Oh, it’s okay. I don’t
[SPEAKER_Monica] No-no, it’s not okay!","[SPEAKER_Chandler] Oh, it’s okay. I don’t
[SPEAKER_Monica] No-no, it’s not okay!",sadness,5,2,fear,False,0.08711217,0.02319367,0.45015767,0.08828259,0.11387848,0.111775964,0.1255995
173,12,Monica,It’s not!,sadness,"[SPEAKER_Monica] No-no, it’s not okay!
[SPEAKER_Monica] It’s not!","[SPEAKER_Monica] No-no, it’s not okay!
[SPEAKER_Monica] It’s not!",sadness,5,6,surprise,False,0.22963549,0.040124483,0.13225251,0.053234328,0.17837979,0.1262427,0.2401308
173,13,Monica,I mean you were just… You’re so incredible!,sadness,"[SPEAKER_Monica] It’s not!
[SPEAKER_Monica] I mean you were just… You’re so incredible!","[SPEAKER_Monica] It’s not!
[SPEAKER_Monica] I mean you were just… You’re so incredible!",sadness,5,3,joy,False,0.019381091,0.0036447933,0.0034844242,0.805698,0.01381493,0.0076164696,0.14636037
173,14,Monica,You went through all this time and effort to make this tape for me!,sadness,"[SPEAKER_Monica] I mean you were just… You’re so incredible!
[SPEAKER_Monica] You went through all this time and effort to make this tape for me!","[SPEAKER_Monica] I mean you were just… You’re so incredible!
[SPEAKER_Monica] You went through all this time and effort to make this tape for me!",sadness,5,3,joy,False,0.20298602,0.0062440224,0.0070834593,0.577467,0.0642384,0.016951337,0.1250297
173,15,Monica,"Y’know I’m just gonna—I, I am gonna make this up to you!",joy,"[SPEAKER_Monica] You went through all this time and effort to make this tape for me!
[SPEAKER_Monica] Y’know I’m just gonna—I, I am gonna make this up to you!","[SPEAKER_Monica] You went through all this time and effort to make this tape for me!
[SPEAKER_Monica] Y’know I’m just gonna—I, I am gonna make this up to you!",joy,3,3,joy,True,0.1816931,0.005060833,0.025759751,0.69680196,0.068427406,0.011941282,0.010315635
173,16,Monica,I will!,sadness,"[SPEAKER_Monica] Y’know I’m just gonna—I, I am gonna make this up to you!
[SPEAKER_Monica] I will!","[SPEAKER_Monica] Y’know I’m just gonna—I, I am gonna make this up to you!
[SPEAKER_Monica] I will!",sadness,5,3,joy,False,0.07785176,0.002635285,0.01069063,0.84369177,0.04838316,0.0069158934,0.009831525
173,17,Monica,I-I am going to,neutral,"[SPEAKER_Monica] I will!
[SPEAKER_Monica] I-I am going to","[SPEAKER_Monica] I will!
[SPEAKER_Monica] I-I am going to",neutral,4,2,fear,False,0.057683628,0.009403149,0.33305806,0.31849176,0.1742645,0.06651017,0.040588725
173,18,Chandler,"Well, I did put a lot of thought in the tape.",neutral,"[SPEAKER_Monica] I-I am going to
[SPEAKER_Chandler] Well, I did put a lot of thought in the tape.","[SPEAKER_Monica] I-I am going to
[SPEAKER_Chandler] Well, I did put a lot of thought in the tape.",neutral,4,4,neutral,True,0.019855013,0.0039602662,0.005471326,0.036658723,0.92287666,0.0069813216,0.004196708
174,1,Mark,"Well, then he’s, he’s probably just, out.",neutral,"[SPEAKER_Rachel] No.  And then I called him, and he wasn’t there.
[SPEAKER_Mark] Well, then he’s, he’s probably just, out.","[SPEAKER_Rachel] No.  And then I called him, and he wasn’t there.
[SPEAKER_Mark] Well, then he’s, he’s probably just, out.",neutral,4,4,neutral,True,0.034270335,0.004646017,0.009304045,0.046073075,0.88115984,0.023288317,0.0012584002
174,2,Rachel,"Oh, thank you that’s very helpful, I’m glad you came over.",neutral,"[SPEAKER_Mark] Well, then he’s, he’s probably just, out.
[SPEAKER_Rachel] Oh, thank you that’s very helpful, I’m glad you came over.","[SPEAKER_Mark] Well, then he’s, he’s probably just, out.
[SPEAKER_Rachel] Oh, thank you that’s very helpful, I’m glad you came over.",neutral,4,3,joy,False,0.008992359,0.0012094901,0.0018899987,0.70420045,0.26353434,0.016285805,0.0038876105
174,3,Rachel,Hello.,neutral,"[SPEAKER_Rachel] Oh, thank you that’s very helpful, I’m glad you came over.
[SPEAKER_Rachel] Hello.","[SPEAKER_Rachel] Oh, thank you that’s very helpful, I’m glad you came over.
[SPEAKER_Rachel] Hello.",neutral,4,4,neutral,True,0.0030620825,0.0005549002,0.0010644121,0.01205431,0.9789828,0.0017516583,0.0025297767
174,4,Ross,Hi! It’s me.,sadness,"[SPEAKER_Rachel] Hello.
[SPEAKER_Ross] Hi! It’s me.","[SPEAKER_Rachel] Hello.
[SPEAKER_Ross] Hi! It’s me.",sadness,5,6,surprise,False,0.015486404,0.00181939,0.0038884233,0.29281107,0.23660487,0.0069429423,0.44244692
174,5,Rachel,"Hi! Oh, I’m so glad you called.",joy,"[SPEAKER_Ross] Hi! It’s me.
[SPEAKER_Rachel] Hi! Oh, I’m so glad you called.","[SPEAKER_Ross] Hi! It’s me.
[SPEAKER_Rachel] Hi! Oh, I’m so glad you called.",joy,3,3,joy,True,0.006907243,0.00095713045,0.0010700352,0.9460171,0.015484929,0.0036713276,0.025892252
174,6,Ross,"Really? I’ve been thinking, this is crazy, I mean don’t, don’t you think we can work on this?",sadness,"[SPEAKER_Rachel] Hi! Oh, I’m so glad you called.
[SPEAKER_Ross] Really? I’ve been thinking, this is crazy, I mean don’t, don’t you think we can work on this?","[SPEAKER_Rachel] Hi! Oh, I’m so glad you called.
[SPEAKER_Ross] Really? I’ve been thinking, this is crazy, I mean don’t, don’t you think we can work on this?",sadness,5,6,surprise,False,0.05117787,0.0078251865,0.05481789,0.029151225,0.06461119,0.031718962,0.7606977
174,7,Mark,"Hey, what do you want to drink?",neutral,"[SPEAKER_Ross] Really? I’ve been thinking, this is crazy, I mean don’t, don’t you think we can work on this?
[SPEAKER_Mark] Hey, what do you want to drink?","[SPEAKER_Ross] Really? I’ve been thinking, this is crazy, I mean don’t, don’t you think we can work on this?
[SPEAKER_Mark] Hey, what do you want to drink?",neutral,4,4,neutral,True,0.007325645,0.0019015362,0.0040153842,0.017075395,0.95939475,0.0031963266,0.0070909644
174,8,Ross,Who’s that?,surprise,"[SPEAKER_Mark] Hey, what do you want to drink?
[SPEAKER_Ross] Who’s that?","[SPEAKER_Mark] Hey, what do you want to drink?
[SPEAKER_Ross] Who’s that?",surprise,6,4,neutral,False,0.009796141,0.0014464135,0.0032998673,0.008577002,0.92171675,0.0033611301,0.051802717
174,9,Rachel,Nobody.,neutral,"[SPEAKER_Ross] Who’s that?
[SPEAKER_Rachel] Nobody.","[SPEAKER_Ross] Who’s that?
[SPEAKER_Rachel] Nobody.",neutral,4,4,neutral,True,0.06681426,0.011043155,0.0072065163,0.043909382,0.8369274,0.020875812,0.0132234935
174,10,Mark,Is it okay if I finish the apple juice?,neutral,"[SPEAKER_Rachel] Nobody.
[SPEAKER_Mark] Is it okay if I finish the apple juice?","[SPEAKER_Rachel] Nobody.
[SPEAKER_Mark] Is it okay if I finish the apple juice?",neutral,4,4,neutral,True,0.0040764958,0.0011267727,0.0020900168,0.007834567,0.98184776,0.0023520968,0.00067231234
174,11,Ross,Is that Mark?,neutral,"[SPEAKER_Mark] Is it okay if I finish the apple juice?
[SPEAKER_Ross] Is that Mark?","[SPEAKER_Mark] Is it okay if I finish the apple juice?
[SPEAKER_Ross] Is that Mark?",neutral,4,4,neutral,True,0.014459753,0.0008330354,0.0037472048,0.016318863,0.9245522,0.004449464,0.035639446
174,12,Rachel,"Umm, honey, look he just came over to....",neutral,"[SPEAKER_Ross] Is that Mark?
[SPEAKER_Rachel] Umm, honey, look he just came over to....","[SPEAKER_Ross] Is that Mark?
[SPEAKER_Rachel] Umm, honey, look he just came over to....",neutral,4,4,neutral,True,0.020822877,0.006163319,0.17120631,0.09983048,0.5206504,0.08659797,0.09472858
174,13,Ross,Yeah! Got it!,anger,"[SPEAKER_Rachel] Umm, honey, look he just came over to....
[SPEAKER_Ross] Yeah! Got it!","[SPEAKER_Rachel] Umm, honey, look he just came over to....
[SPEAKER_Ross] Yeah! Got it!",anger,0,3,joy,False,0.02173741,0.0013994762,0.0016300499,0.86939275,0.0975133,0.0039462,0.004380855
174,14,Chloe,"Hey, dinosaur guy, look at you, so sad. Come dance.",neutral,"[SPEAKER_Ross] Yeah! Got it!
[SPEAKER_Chloe] Hey, dinosaur guy, look at you, so sad. Come dance.","[SPEAKER_Ross] Yeah! Got it!
[SPEAKER_Chloe] Hey, dinosaur guy, look at you, so sad. Come dance.",neutral,4,5,sadness,False,0.07722702,0.033134654,0.0651397,0.23382641,0.09568562,0.4843994,0.010587245
174,15,Ross,"Ah, that’s okay, thanks.",sadness,"[SPEAKER_Chloe] Hey, dinosaur guy, look at you, so sad. Come dance.
[SPEAKER_Ross] Ah, that’s okay, thanks.","[SPEAKER_Chloe] Hey, dinosaur guy, look at you, so sad. Come dance.
[SPEAKER_Ross] Ah, that’s okay, thanks.",sadness,5,4,neutral,False,0.009961431,0.0044141747,0.006540691,0.41186857,0.48489338,0.07942203,0.002899718
174,16,Chloe,"Hey, you don’t have to smile. You just have to dance.",neutral,"[SPEAKER_Ross] Ah, that’s okay, thanks.
[SPEAKER_Chloe] Hey, you don’t have to smile. You just have to dance.","[SPEAKER_Ross] Ah, that’s okay, thanks.
[SPEAKER_Chloe] Hey, you don’t have to smile. You just have to dance.",neutral,4,4,neutral,True,0.013342563,0.0033842488,0.0023936823,0.13863009,0.83591634,0.0047971793,0.0015358353
174,17,Ross,"Look, I don’t feel like dancing, I feel like having a drink. Okay?",sadness,"[SPEAKER_Chloe] Hey, you don’t have to smile. You just have to dance.
[SPEAKER_Ross] Look, I don’t feel like dancing, I feel like having a drink. Okay?","[SPEAKER_Chloe] Hey, you don’t have to smile. You just have to dance.
[SPEAKER_Ross] Look, I don’t feel like dancing, I feel like having a drink. Okay?",sadness,5,4,neutral,False,0.07822866,0.015845055,0.034250844,0.07257952,0.74054337,0.035616092,0.022936434
174,18,Chloe,"Oh, okay.  Hey, two beers.",neutral,"[SPEAKER_Ross] Look, I don’t feel like dancing, I feel like having a drink. Okay?
[SPEAKER_Chloe] Oh, okay.  Hey, two beers.","[SPEAKER_Ross] Look, I don’t feel like dancing, I feel like having a drink. Okay?
[SPEAKER_Chloe] Oh, okay.  Hey, two beers.",neutral,4,4,neutral,True,0.004055958,0.004076532,0.0012637813,0.029722262,0.9567745,0.0023734893,0.0017335151
175,1,Tag,Sure.,neutral,"[SPEAKER_Rachel] You wanna go in the bedroom? It’s a little more comfortable.
[SPEAKER_Tag] Sure.","[SPEAKER_Rachel] You wanna go in the bedroom? It’s a little more comfortable.
[SPEAKER_Tag] Sure.",neutral,4,4,neutral,True,0.0039983257,0.002245187,0.0023386297,0.13639331,0.8479667,0.005592322,0.0014655511
175,2,Rachel,"Okay.  Oh wait! Umm, did you send those contracts to Milan?",surprise,"[SPEAKER_Tag] Sure.
[SPEAKER_Rachel] Okay.  Oh wait! Umm, did you send those contracts to Milan?","[SPEAKER_Tag] Sure.
[SPEAKER_Rachel] Okay.  Oh wait! Umm, did you send those contracts to Milan?",surprise,6,6,surprise,True,0.041388012,0.0044184877,0.011259447,0.13292593,0.15513872,0.021118205,0.63375115
175,3,Tag,If this is your idea of sexy talk?,surprise,"[SPEAKER_Rachel] Okay.  Oh wait! Umm, did you send those contracts to Milan?
[SPEAKER_Tag] If this is your idea of sexy talk?","[SPEAKER_Rachel] Okay.  Oh wait! Umm, did you send those contracts to Milan?
[SPEAKER_Tag] If this is your idea of sexy talk?",surprise,6,4,neutral,False,0.008529356,0.0021150045,0.001179242,0.010979812,0.973175,0.0013723711,0.002649154
175,4,Rachel,"No seriously, y’know the contracts I gave you, did you overnight them?",fear,"[SPEAKER_Tag] If this is your idea of sexy talk?
[SPEAKER_Rachel] No seriously, y’know the contracts I gave you, did you overnight them?","[SPEAKER_Tag] If this is your idea of sexy talk?
[SPEAKER_Rachel] No seriously, y’know the contracts I gave you, did you overnight them?",fear,2,4,neutral,False,0.015768507,0.0016287806,0.0032143465,0.026011774,0.94111246,0.0031180463,0.009145956
175,5,Tag,What contracts?,neutral,"[SPEAKER_Rachel] No seriously, y’know the contracts I gave you, did you overnight them?
[SPEAKER_Tag] What contracts?","[SPEAKER_Rachel] No seriously, y’know the contracts I gave you, did you overnight them?
[SPEAKER_Tag] What contracts?",neutral,4,4,neutral,True,0.049952246,0.0029519824,0.009159164,0.013162557,0.5962111,0.010568113,0.31799492
175,6,Rachel,Okay please tell me that this is just one of your jokes that you do that I don’t get.,joy,"[SPEAKER_Tag] What contracts?
[SPEAKER_Rachel] Okay please tell me that this is just one of your jokes that you do that I don’t get.","[SPEAKER_Tag] What contracts?
[SPEAKER_Rachel] Okay please tell me that this is just one of your jokes that you do that I don’t get.",joy,3,4,neutral,False,0.27820814,0.024874913,0.030690847,0.03938291,0.58532166,0.036608536,0.0049130446
175,7,Tag,Like what?,neutral,"[SPEAKER_Rachel] Okay please tell me that this is just one of your jokes that you do that I don’t get.
[SPEAKER_Tag] Like what?","[SPEAKER_Rachel] Okay please tell me that this is just one of your jokes that you do that I don’t get.
[SPEAKER_Tag] Like what?",neutral,4,6,surprise,False,0.039073166,0.0030565122,0.011421145,0.012804237,0.28628874,0.012751942,0.6346043
175,8,Rachel,"Y’know, like the thing when you put the phone in your pants?",disgust,"[SPEAKER_Tag] Like what?
[SPEAKER_Rachel] Y’know, like the thing when you put the phone in your pants?","[SPEAKER_Tag] Like what?
[SPEAKER_Rachel] Y’know, like the thing when you put the phone in your pants?",disgust,1,4,neutral,False,0.022029325,0.008022501,0.0020712395,0.026973756,0.936091,0.0035054064,0.001306733
175,9,Rachel,Tag!,anger,"[SPEAKER_Rachel] Y’know, like the thing when you put the phone in your pants?
[SPEAKER_Rachel] Tag!","[SPEAKER_Rachel] Y’know, like the thing when you put the phone in your pants?
[SPEAKER_Rachel] Tag!",anger,0,3,joy,False,0.13489218,0.009316591,0.004214277,0.45815247,0.1291865,0.012233179,0.25200477
175,10,Rachel,I’m serious!,anger,"[SPEAKER_Rachel] Tag!
[SPEAKER_Rachel] I’m serious!","[SPEAKER_Rachel] Tag!
[SPEAKER_Rachel] I’m serious!",anger,0,6,surprise,False,0.017442498,0.0023317914,0.003461583,0.16984633,0.042303983,0.0052603735,0.75935346
175,11,Rachel,This isn’t funny!,anger,"[SPEAKER_Rachel] I’m serious!
[SPEAKER_Rachel] This isn’t funny!","[SPEAKER_Rachel] I’m serious!
[SPEAKER_Rachel] This isn’t funny!",anger,0,6,surprise,False,0.32635757,0.04436635,0.033545543,0.008096814,0.022426665,0.047292523,0.5179145
175,12,Rachel,Those contracts absolutely had to go out today!,anger,"[SPEAKER_Rachel] This isn’t funny!
[SPEAKER_Rachel] Those contracts absolutely had to go out today!","[SPEAKER_Rachel] This isn’t funny!
[SPEAKER_Rachel] Those contracts absolutely had to go out today!",anger,0,0,anger,True,0.5623545,0.02372543,0.041606963,0.07101335,0.1380294,0.067771845,0.09549849
175,13,Tag,"Rach, I’m sorry, but you didn’t give me any contracts!",surprise,"[SPEAKER_Rachel] Those contracts absolutely had to go out today!
[SPEAKER_Tag] Rach, I’m sorry, but you didn’t give me any contracts!","[SPEAKER_Rachel] Those contracts absolutely had to go out today!
[SPEAKER_Tag] Rach, I’m sorry, but you didn’t give me any contracts!",surprise,6,6,surprise,True,0.13822457,0.0048358957,0.030836692,0.09951399,0.11760758,0.07512869,0.5338526
175,14,Rachel,Yes I did! And I put a little,anger,"[SPEAKER_Tag] Rach, I’m sorry, but you didn’t give me any contracts!
[SPEAKER_Rachel] Yes I did! And I put a little","[SPEAKER_Tag] Rach, I’m sorry, but you didn’t give me any contracts!
[SPEAKER_Rachel] Yes I did! And I put a little",anger,0,0,anger,True,0.43150556,0.008057286,0.02020761,0.32039967,0.17701305,0.023591742,0.019224994
175,15,Tag,"I’m telling you, you never gave them to me.",neutral,"[SPEAKER_Rachel] Yes I did! And I put a little
[SPEAKER_Tag] I’m telling you, you never gave them to me.","[SPEAKER_Rachel] Yes I did! And I put a little
[SPEAKER_Tag] I’m telling you, you never gave them to me.",neutral,4,4,neutral,True,0.09879343,0.008456455,0.006726839,0.14979663,0.71135014,0.015751738,0.00912474
175,16,Rachel,"Y’know what Tag, if we went down to the office you would see those contracts sitting on your desk.",anger,"[SPEAKER_Tag] I’m telling you, you never gave them to me.
[SPEAKER_Rachel] Y’know what Tag, if we went down to the office you would see those contracts sitting on your desk.","[SPEAKER_Tag] I’m telling you, you never gave them to me.
[SPEAKER_Rachel] Y’know what Tag, if we went down to the office you would see those contracts sitting on your desk.",anger,0,4,neutral,False,0.012175221,0.002357796,0.0010810508,0.009811857,0.97176534,0.0017000498,0.0011085949
175,17,Tag,"No, I would see you looking embarrassed because they are",anger,"[SPEAKER_Rachel] Y’know what Tag, if we went down to the office you would see those contracts sitting on your desk.
[SPEAKER_Tag] No, I would see you looking embarrassed because they are","[SPEAKER_Rachel] Y’know what Tag, if we went down to the office you would see those contracts sitting on your desk.
[SPEAKER_Tag] No, I would see you looking embarrassed because they are",anger,0,4,neutral,False,0.023082528,0.0107204495,0.005294369,0.03978152,0.8830284,0.009778381,0.028314361
175,18,Rachel,Or maybe you would see me looking embarrassed because you are talking on the phone with your crotch!,disgust,"[SPEAKER_Tag] No, I would see you looking embarrassed because they are
[SPEAKER_Rachel] Or maybe you would see me looking embarrassed because you are talking on the phone with your crotch!","[SPEAKER_Tag] No, I would see you looking embarrassed because they are
[SPEAKER_Rachel] Or maybe you would see me looking embarrassed because you are talking on the phone with your crotch!",disgust,1,6,surprise,False,0.14389202,0.12161419,0.0077651334,0.028692888,0.13199937,0.021025809,0.54501057
175,19,Tag,You wanna go down to the office right now?,neutral,"[SPEAKER_Rachel] Or maybe you would see me looking embarrassed because you are talking on the phone with your crotch!
[SPEAKER_Tag] You wanna go down to the office right now?","[SPEAKER_Rachel] Or maybe you would see me looking embarrassed because you are talking on the phone with your crotch!
[SPEAKER_Tag] You wanna go down to the office right now?",neutral,4,4,neutral,True,0.0039075213,0.0013916702,0.0010825157,0.0035310017,0.9863339,0.0011797341,0.0025736005
175,20,Rachel,"No! Come on its late, we’re not gonna go down to the office.",anger,"[SPEAKER_Tag] You wanna go down to the office right now?
[SPEAKER_Rachel] No! Come on its late, we’re not gonna go down to the office.","[SPEAKER_Tag] You wanna go down to the office right now?
[SPEAKER_Rachel] No! Come on its late, we’re not gonna go down to the office.",anger,0,4,neutral,False,0.08991064,0.008293197,0.004416606,0.047076587,0.841754,0.0059395693,0.0026094483
175,21,Tag,Okay I understand.  I wouldn’t want to be proved wrong either.,neutral,"[SPEAKER_Rachel] No! Come on its late, we’re not gonna go down to the office.
[SPEAKER_Tag] Okay I understand.  I wouldn’t want to be proved wrong either.","[SPEAKER_Rachel] No! Come on its late, we’re not gonna go down to the office.
[SPEAKER_Tag] Okay I understand.  I wouldn’t want to be proved wrong either.",neutral,4,2,fear,False,0.2154443,0.041721795,0.26447135,0.120828465,0.23526518,0.10146642,0.020802481
175,22,Rachel,Okay get your coat!  Oh! When did you unhook this?  Nice work!,joy,"[SPEAKER_Tag] Okay I understand.  I wouldn’t want to be proved wrong either.
[SPEAKER_Rachel] Okay get your coat!  Oh! When did you unhook this?  Nice work!","[SPEAKER_Tag] Okay I understand.  I wouldn’t want to be proved wrong either.
[SPEAKER_Rachel] Okay get your coat!  Oh! When did you unhook this?  Nice work!",joy,3,3,joy,True,0.1927109,0.008708848,0.01006544,0.4322067,0.18376529,0.015309611,0.1572333
176,1,Ross,Nice to meet you.,neutral,"[SPEAKER_Joey] Hey Ross, this is one of my co-stars, Dirk.  Dirk, this    is my good friend Ross.
[SPEAKER_Ross] Nice to meet you.","[SPEAKER_Joey] Hey Ross, this is one of my co-stars, Dirk.  Dirk, this    is my good friend Ross.
[SPEAKER_Ross] Nice to meet you.",neutral,4,4,neutral,True,0.0029934312,0.0009925676,0.0012038266,0.05744297,0.9312744,0.003288842,0.0028038898
177,1,Monica,About what?,neutral,"[SPEAKER_Phoebe] Oh and I need to talk to you.
[SPEAKER_Monica] About what?","[SPEAKER_Phoebe] Oh and I need to talk to you.
[SPEAKER_Monica] About what?",neutral,4,4,neutral,True,0.034521434,0.0025883908,0.017237235,0.0189244,0.8248396,0.012222846,0.0896661
177,2,Phoebe,To see if know what these guys are talking about.,neutral,"[SPEAKER_Monica] About what?
[SPEAKER_Phoebe] To see if know what these guys are talking about.","[SPEAKER_Monica] About what?
[SPEAKER_Phoebe] To see if know what these guys are talking about.",neutral,4,4,neutral,True,0.009824808,0.0027014394,0.002517219,0.010434424,0.9693843,0.0024135613,0.0027242114
178,1,Phoebe,I’m doing okay. I think it’s going well. Do you think they’re having fun? Am I talking to fast?,neutral,"[SPEAKER_Monica] Pheebs, how’s it going?
[SPEAKER_Phoebe] I’m doing okay. I think it’s going well. Do you think they’re having fun? Am I talking to fast?","[SPEAKER_Monica] Pheebs, how’s it going?
[SPEAKER_Phoebe] I’m doing okay. I think it’s going well. Do you think they’re having fun? Am I talking to fast?",neutral,4,4,neutral,True,0.013432174,0.0021889939,0.0034855427,0.39339057,0.5742975,0.008466192,0.0047390773
178,2,Monica,"Nope, sound like me. Pheebs, it’s going great. Look at Chandler with little baby girl Chandler.",joy,"[SPEAKER_Phoebe] I’m doing okay. I think it’s going well. Do you think they’re having fun? Am I talking to fast?
[SPEAKER_Monica] Nope, sound like me. Pheebs, it’s going great. Look at Chandler with little baby girl Chandler.","[SPEAKER_Phoebe] I’m doing okay. I think it’s going well. Do you think they’re having fun? Am I talking to fast?
[SPEAKER_Monica] Nope, sound like me. Pheebs, it’s going great. Look at Chandler with little baby girl Chandler.",joy,3,3,joy,True,0.0125966715,0.003623972,0.0018545139,0.9437185,0.021255806,0.005906991,0.011043524
178,3,Chandler,"Little baby girl Chandler, where I have heard that before?",neutral,"[SPEAKER_Monica] Nope, sound like me. Pheebs, it’s going great. Look at Chandler with little baby girl Chandler.
[SPEAKER_Chandler] Little baby girl Chandler, where I have heard that before?","[SPEAKER_Monica] Nope, sound like me. Pheebs, it’s going great. Look at Chandler with little baby girl Chandler.
[SPEAKER_Chandler] Little baby girl Chandler, where I have heard that before?",neutral,4,6,surprise,False,0.018536372,0.0030493638,0.007821894,0.022307359,0.085829094,0.011895096,0.8505608
178,4,Chandler,"Oh right, Coach Ruben.",neutral,"[SPEAKER_Chandler] Little baby girl Chandler, where I have heard that before?
[SPEAKER_Chandler] Oh right, Coach Ruben.","[SPEAKER_Chandler] Little baby girl Chandler, where I have heard that before?
[SPEAKER_Chandler] Oh right, Coach Ruben.",neutral,4,4,neutral,True,0.0033808863,0.0011388923,0.0008353573,0.020180933,0.97175604,0.0020725506,0.0006353884
178,5,Chandler,Do you know what Pheebs?,neutral,"[SPEAKER_Chandler] Oh right, Coach Ruben.
[SPEAKER_Chandler] Do you know what Pheebs?","[SPEAKER_Chandler] Oh right, Coach Ruben.
[SPEAKER_Chandler] Do you know what Pheebs?",neutral,4,4,neutral,True,0.011599566,0.0014115693,0.0020173686,0.012483249,0.95712215,0.0022564665,0.013109754
178,6,Chandler,"When you’re done over there, we kinda have a situation over here too.",fear,"[SPEAKER_Chandler] Do you know what Pheebs?
[SPEAKER_Chandler] When you’re done over there, we kinda have a situation over here too.","[SPEAKER_Chandler] Do you know what Pheebs?
[SPEAKER_Chandler] When you’re done over there, we kinda have a situation over here too.",fear,2,4,neutral,False,0.112712525,0.050639607,0.06743705,0.04133645,0.6338612,0.074862026,0.019151194
178,7,Phoebe,"Na-uh, no, we are all responsible for our own babies.",neutral,"[SPEAKER_Chandler] When you’re done over there, we kinda have a situation over here too.
[SPEAKER_Phoebe] Na-uh, no, we are all responsible for our own babies.","[SPEAKER_Chandler] When you’re done over there, we kinda have a situation over here too.
[SPEAKER_Phoebe] Na-uh, no, we are all responsible for our own babies.",neutral,4,4,neutral,True,0.042505484,0.0073165223,0.03937418,0.05746478,0.82479477,0.022415927,0.00612836
178,8,Chandler,See that’s where I think that you’re wrong. We’ve been playing these babies man for man. we should really be playing a zone defense.,neutral,"[SPEAKER_Phoebe] Na-uh, no, we are all responsible for our own babies.
[SPEAKER_Chandler] See that’s where I think that you’re wrong. We’ve been playing these babies man for man. we should really be playing a zone defense.","[SPEAKER_Phoebe] Na-uh, no, we are all responsible for our own babies.
[SPEAKER_Chandler] See that’s where I think that you’re wrong. We’ve been playing these babies man for man. we should really be playing a zone defense.",neutral,4,4,neutral,True,0.05881617,0.025985334,0.007253422,0.18419878,0.7076639,0.012549283,0.0035331417
178,9,Monica,What do you mean?,surprise,"[SPEAKER_Chandler] See that’s where I think that you’re wrong. We’ve been playing these babies man for man. we should really be playing a zone defense.
[SPEAKER_Monica] What do you mean?","[SPEAKER_Chandler] See that’s where I think that you’re wrong. We’ve been playing these babies man for man. we should really be playing a zone defense.
[SPEAKER_Monica] What do you mean?",surprise,6,4,neutral,False,0.025126582,0.004746542,0.00804545,0.023710921,0.90123886,0.0072338544,0.029897703
179,1,Joey,"Well, I'm totally over it Chandler. Friends forever! Don't come out here!",anger,"[SPEAKER_Chandler] Forgive me? You haven't been taking my calls in a week!
[SPEAKER_Joey] Well, I'm totally over it Chandler. Friends forever! Don't come out here!","[SPEAKER_Chandler] Forgive me? You haven't been taking my calls in a week!
[SPEAKER_Joey] Well, I'm totally over it Chandler. Friends forever! Don't come out here!",anger,0,0,anger,True,0.6753412,0.015936194,0.0718148,0.14155059,0.03070476,0.037204377,0.02744809
179,2,Chandler,"Uh, what was that?",surprise,"[SPEAKER_Joey] Well, I'm totally over it Chandler. Friends forever! Don't come out here!
[SPEAKER_Chandler] Uh, what was that?","[SPEAKER_Joey] Well, I'm totally over it Chandler. Friends forever! Don't come out here!
[SPEAKER_Chandler] Uh, what was that?",surprise,6,4,neutral,False,0.016794026,0.0019833671,0.013138665,0.013103052,0.5908696,0.008802755,0.3553085
179,3,Joey,"Uh,",neutral,"[SPEAKER_Chandler] Uh, what was that?
[SPEAKER_Joey] Uh,","[SPEAKER_Chandler] Uh, what was that?
[SPEAKER_Joey] Uh,",neutral,4,4,neutral,True,0.0026597609,0.0012533078,0.011064739,0.008059685,0.96931285,0.0050406,0.002608993
180,1,Chandler,"That sounds good. I'll call you- or you call me, whatever...",neutral,"[SPEAKER_Chandler] ...I'm, I'm okay.
[SPEAKER_Chandler] That sounds good. I'll call you- or you call me, whatever...","[SPEAKER_Chandler] ...I'm, I'm okay.
[SPEAKER_Chandler] That sounds good. I'll call you- or you call me, whatever...",neutral,4,0,anger,False,0.35119805,0.062166415,0.118218966,0.12064975,0.27791157,0.061422456,0.008432737
180,2,Chandler,Okay.,neutral,"[SPEAKER_Chandler] That sounds good. I'll call you- or you call me, whatever...
[SPEAKER_Chandler] Okay.","[SPEAKER_Chandler] That sounds good. I'll call you- or you call me, whatever...
[SPEAKER_Chandler] Okay.",neutral,4,4,neutral,True,0.005028513,0.0010913977,0.0011284848,0.008773061,0.98136383,0.001706373,0.00090837386
180,3,All,Bye.,neutral,"[SPEAKER_Chandler] Okay.
[SPEAKER_All] Bye.","[SPEAKER_Chandler] Okay.
[SPEAKER_All] Bye.",neutral,4,4,neutral,True,0.005281816,0.0015342798,0.0015287179,0.027157148,0.9591783,0.0043250252,0.0009947615
180,4,Phoebe,Whoo-hoo!,joy,"[SPEAKER_All] Bye.
[SPEAKER_Phoebe] Whoo-hoo!","[SPEAKER_All] Bye.
[SPEAKER_Phoebe] Whoo-hoo!",joy,3,3,joy,True,0.017555378,0.0018924787,0.0014752308,0.8911122,0.027812472,0.003033012,0.057119183
180,5,Monica,"Yeah, there you go!",joy,"[SPEAKER_Phoebe] Whoo-hoo!
[SPEAKER_Monica] Yeah, there you go!","[SPEAKER_Phoebe] Whoo-hoo!
[SPEAKER_Monica] Yeah, there you go!",joy,3,3,joy,True,0.011916515,0.00092515943,0.0010463358,0.93841165,0.04044454,0.0024867519,0.0047690636
180,6,Ross,Second date!,joy,"[SPEAKER_Monica] Yeah, there you go!
[SPEAKER_Ross] Second date!","[SPEAKER_Monica] Yeah, there you go!
[SPEAKER_Ross] Second date!",joy,3,3,joy,True,0.034351517,0.0023983116,0.002337868,0.85256106,0.046956144,0.005535069,0.055860087
180,7,Chandler,...I dunno.,neutral,"[SPEAKER_Ross] Second date!
[SPEAKER_Chandler] ...I dunno.","[SPEAKER_Ross] Second date!
[SPEAKER_Chandler] ...I dunno.",neutral,4,4,neutral,True,0.0034346618,0.0013332242,0.002342389,0.007639332,0.9817104,0.0020096933,0.0015303908
180,8,Chandler,"Well, she seems very nice and everything, but that whole thing about her coming all the way down here, just to see if I was okay?",anger,"[SPEAKER_Chandler] ...I dunno.
[SPEAKER_Chandler] Well, she seems very nice and everything, but that whole thing about her coming all the way down here, just to see if I was okay?","[SPEAKER_Chandler] ...I dunno.
[SPEAKER_Chandler] Well, she seems very nice and everything, but that whole thing about her coming all the way down here, just to see if I was okay?",anger,0,4,neutral,False,0.19548982,0.00977264,0.031570897,0.0648158,0.6025143,0.07285784,0.022978676
180,9,Chandler,"I mean,... how needy is that?",disgust,"[SPEAKER_Chandler] Well, she seems very nice and everything, but that whole thing about her coming all the way down here, just to see if I was okay?
[SPEAKER_Chandler] I mean,... how needy is that?","[SPEAKER_Chandler] Well, she seems very nice and everything, but that whole thing about her coming all the way down here, just to see if I was okay?
[SPEAKER_Chandler] I mean,... how needy is that?",disgust,1,4,neutral,False,0.014889623,0.004897644,0.006708569,0.09214241,0.6168824,0.010519444,0.25395992
181,1,Rachel,You're so pretty.,joy,"[SPEAKER_Joey] Remember when you where a kid and your Mom would drop you off at the movies with a jar of jam and a little spoon?
[SPEAKER_Rachel] You're so pretty.","[SPEAKER_Joey] Remember when you where a kid and your Mom would drop you off at the movies with a jar of jam and a little spoon?
[SPEAKER_Rachel] You're so pretty.",joy,3,3,joy,True,0.01882601,0.016010141,0.003309719,0.834796,0.023401074,0.027021639,0.07663538
181,2,Phoebe,Hi!,joy,"[SPEAKER_Rachel] You're so pretty.
[SPEAKER_Phoebe] Hi!","[SPEAKER_Rachel] You're so pretty.
[SPEAKER_Phoebe] Hi!",joy,3,3,joy,True,0.011666112,0.0011834608,0.0014032015,0.9122673,0.036564227,0.0035543663,0.03336136
181,3,All,"Hey, Phoebe.",neutral,"[SPEAKER_Phoebe] Hi!
[SPEAKER_All] Hey, Phoebe.","[SPEAKER_Phoebe] Hi!
[SPEAKER_All] Hey, Phoebe.",neutral,4,4,neutral,True,0.0038134712,0.0006903049,0.0008348828,0.028687585,0.96130997,0.0020833488,0.002580475
181,4,Phoebe,"Hey, oh, you know that guy who's been following me? I talked to him today.",neutral,"[SPEAKER_All] Hey, Phoebe.
[SPEAKER_Phoebe] Hey, oh, you know that guy who's been following me? I talked to him today.","[SPEAKER_All] Hey, Phoebe.
[SPEAKER_Phoebe] Hey, oh, you know that guy who's been following me? I talked to him today.",neutral,4,6,surprise,False,0.029678488,0.0053779124,0.008988653,0.014866065,0.11228986,0.016611384,0.81218773
181,5,Joey,You talked to him. Are you crazy?,surprise,"[SPEAKER_Phoebe] Hey, oh, you know that guy who's been following me? I talked to him today.
[SPEAKER_Joey] You talked to him. Are you crazy?","[SPEAKER_Phoebe] Hey, oh, you know that guy who's been following me? I talked to him today.
[SPEAKER_Joey] You talked to him. Are you crazy?",surprise,6,6,surprise,True,0.026751852,0.003506723,0.0049302927,0.004800428,0.02826109,0.007814919,0.9239347
182,1,Phoebe,"Now, that's trash. Young lady, you can't…  Hey! Stop that young lady, she donated trash!",anger,"[SPEAKER_Phoebe] Thank you, Happy Holidays.
[SPEAKER_Phoebe] Now, that's trash. Young lady, you can't…  Hey! Stop that young lady, she donated trash!","[SPEAKER_Phoebe] Thank you, Happy Holidays.
[SPEAKER_Phoebe] Now, that's trash. Young lady, you can't…  Hey! Stop that young lady, she donated trash!",anger,0,0,anger,True,0.71235436,0.10608043,0.035408862,0.024123993,0.0249188,0.05009967,0.04701394
182,2,Phoebe,Hey!!,anger,"[SPEAKER_Phoebe] Now, that's trash. Young lady, you can't…  Hey! Stop that young lady, she donated trash!
[SPEAKER_Phoebe] Hey!!","[SPEAKER_Phoebe] Now, that's trash. Young lady, you can't…  Hey! Stop that young lady, she donated trash!
[SPEAKER_Phoebe] Hey!!",anger,0,6,surprise,False,0.3939978,0.025608705,0.0066158273,0.022057986,0.026065454,0.018401079,0.5072531
182,3,Phoebe,The charity's on fire!,fear,"[SPEAKER_Phoebe] Hey!!
[SPEAKER_Phoebe] The charity's on fire!","[SPEAKER_Phoebe] Hey!!
[SPEAKER_Phoebe] The charity's on fire!",fear,2,6,surprise,False,0.16126275,0.0638539,0.05633519,0.02903328,0.033371475,0.13302466,0.5231188
182,4,Phoebe,Help!,fear,"[SPEAKER_Phoebe] The charity's on fire!
[SPEAKER_Phoebe] Help!","[SPEAKER_Phoebe] The charity's on fire!
[SPEAKER_Phoebe] Help!",fear,2,6,surprise,False,0.1352526,0.02030222,0.06254902,0.24051958,0.14505984,0.13991626,0.25640053
182,5,Phoebe,Oh good!,joy,"[SPEAKER_Phoebe] Help!
[SPEAKER_Phoebe] Oh good!","[SPEAKER_Phoebe] Help!
[SPEAKER_Phoebe] Oh good!",joy,3,3,joy,True,0.019900935,0.0023709552,0.004402381,0.8325833,0.048320953,0.0069637015,0.08545787
182,6,Phoebe,"Thank you, I need that.",joy,"[SPEAKER_Phoebe] Oh good!
[SPEAKER_Phoebe] Thank you, I need that.","[SPEAKER_Phoebe] Oh good!
[SPEAKER_Phoebe] Thank you, I need that.",joy,3,4,neutral,False,0.0045997193,0.0009147748,0.00484978,0.049877018,0.92927974,0.009016345,0.0014626558
182,7,Phoebe,Whoa!,surprise,"[SPEAKER_Phoebe] Thank you, I need that.
[SPEAKER_Phoebe] Whoa!","[SPEAKER_Phoebe] Thank you, I need that.
[SPEAKER_Phoebe] Whoa!",surprise,6,6,surprise,True,0.007065455,0.0019581646,0.0025697856,0.011698664,0.0075441767,0.0047167293,0.964447
182,8,Phoebe,What is that?!,surprise,"[SPEAKER_Phoebe] Whoa!
[SPEAKER_Phoebe] What is that?!","[SPEAKER_Phoebe] Whoa!
[SPEAKER_Phoebe] What is that?!",surprise,6,6,surprise,True,0.01124292,0.0015496996,0.0025851084,0.003856483,0.021295035,0.004393823,0.95507693
182,9,Phoebe,It's nine o'clock in the morning!,surprise,"[SPEAKER_Phoebe] What is that?!
[SPEAKER_Phoebe] It's nine o'clock in the morning!","[SPEAKER_Phoebe] What is that?!
[SPEAKER_Phoebe] It's nine o'clock in the morning!",surprise,6,3,joy,False,0.050351012,0.0045792134,0.0040180422,0.48954466,0.34069118,0.007694174,0.10312166
183,1,Joey,"Uh yeah, where-where’s the guy who decides who’s pictures go up on the wall?",neutral,"[SPEAKER_Female Clerk] Can I help you?
[SPEAKER_Joey] Uh yeah, where-where’s the guy who decides who’s pictures go up on the wall?","[SPEAKER_Female Clerk] Can I help you?
[SPEAKER_Joey] Uh yeah, where-where’s the guy who decides who’s pictures go up on the wall?",neutral,4,4,neutral,True,0.0048875413,0.0010330158,0.002674679,0.017863734,0.9704523,0.0018497601,0.0012389667
183,2,Female Clerk,He’s not here right now.,neutral,"[SPEAKER_Joey] Uh yeah, where-where’s the guy who decides who’s pictures go up on the wall?
[SPEAKER_Female Clerk] He’s not here right now.","[SPEAKER_Joey] Uh yeah, where-where’s the guy who decides who’s pictures go up on the wall?
[SPEAKER_Female Clerk] He’s not here right now.",neutral,4,4,neutral,True,0.006221939,0.0016948957,0.00085382856,0.004997196,0.98050904,0.001835128,0.0038879437
183,3,Joey,"Oh, you’re kidding me!",anger,"[SPEAKER_Female Clerk] He’s not here right now.
[SPEAKER_Joey] Oh, you’re kidding me!","[SPEAKER_Female Clerk] He’s not here right now.
[SPEAKER_Joey] Oh, you’re kidding me!",anger,0,6,surprise,False,0.01612965,0.0044986364,0.0023808407,0.0065058065,0.007958931,0.0052052606,0.9573209
183,4,Joey,"All-all right, well make sure you tell him that Joey Tribbiani stopped by to drop off all of these clothes.",neutral,"[SPEAKER_Joey] Oh, you’re kidding me!
[SPEAKER_Joey] All-all right, well make sure you tell him that Joey Tribbiani stopped by to drop off all of these clothes.","[SPEAKER_Joey] Oh, you’re kidding me!
[SPEAKER_Joey] All-all right, well make sure you tell him that Joey Tribbiani stopped by to drop off all of these clothes.",neutral,4,4,neutral,True,0.004446073,0.001684491,0.0013282961,0.008145943,0.9822744,0.001561759,0.00055903656
183,5,Joey,Okay?,neutral,"[SPEAKER_Joey] All-all right, well make sure you tell him that Joey Tribbiani stopped by to drop off all of these clothes.
[SPEAKER_Joey] Okay?","[SPEAKER_Joey] All-all right, well make sure you tell him that Joey Tribbiani stopped by to drop off all of these clothes.
[SPEAKER_Joey] Okay?",neutral,4,4,neutral,True,0.030199507,0.0027124337,0.010598872,0.022702035,0.8720627,0.00893836,0.052786153
183,6,Joey,I’m an actor. I’m kinda getting my picture up there on the wall.,neutral,"[SPEAKER_Joey] Okay?
[SPEAKER_Joey] I’m an actor. I’m kinda getting my picture up there on the wall.","[SPEAKER_Joey] Okay?
[SPEAKER_Joey] I’m an actor. I’m kinda getting my picture up there on the wall.",neutral,4,3,joy,False,0.027635304,0.0070220833,0.0026284528,0.64533895,0.29852232,0.005527314,0.013325572
183,7,Female Clerk,"Y’know, there are two people who could put your picture up there.",neutral,"[SPEAKER_Joey] I’m an actor. I’m kinda getting my picture up there on the wall.
[SPEAKER_Female Clerk] Y’know, there are two people who could put your picture up there.","[SPEAKER_Joey] I’m an actor. I’m kinda getting my picture up there on the wall.
[SPEAKER_Female Clerk] Y’know, there are two people who could put your picture up there.",neutral,4,4,neutral,True,0.0049462384,0.0010792213,0.0006540454,0.010772671,0.98018724,0.0012071539,0.0011533104
183,8,Joey,"Oh really? Well, maybe you and I go out for drinks?  You’re the other one right?",neutral,"[SPEAKER_Female Clerk] Y’know, there are two people who could put your picture up there.
[SPEAKER_Joey] Oh really? Well, maybe you and I go out for drinks?  You’re the other one right?","[SPEAKER_Female Clerk] Y’know, there are two people who could put your picture up there.
[SPEAKER_Joey] Oh really? Well, maybe you and I go out for drinks?  You’re the other one right?",neutral,4,6,surprise,False,0.021923933,0.003907988,0.01701715,0.11859979,0.37858406,0.013524179,0.44644293
184,1,Monica,What?! You’re crazy! There’s nothing sexual about the noises I make!,surprise,"[SPEAKER_Phoebe] Yeah, and it really freaked me out! And after a while I even tried to hurt you and it just spurred you on.
[SPEAKER_Monica] What?! You’re crazy! There’s nothing sexual about the noises I make!","[SPEAKER_Phoebe] Yeah, and it really freaked me out! And after a while I even tried to hurt you and it just spurred you on.
[SPEAKER_Monica] What?! You’re crazy! There’s nothing sexual about the noises I make!",surprise,6,6,surprise,True,0.026524695,0.0063877376,0.0035273344,0.0038067934,0.008022164,0.0071814745,0.94454986
184,2,Phoebe,There’s nothing sexual about this?,anger,"[SPEAKER_Monica] What?! You’re crazy! There’s nothing sexual about the noises I make!
[SPEAKER_Phoebe] There’s nothing sexual about this?","[SPEAKER_Monica] What?! You’re crazy! There’s nothing sexual about the noises I make!
[SPEAKER_Phoebe] There’s nothing sexual about this?",anger,0,6,surprise,False,0.050993178,0.0042998195,0.009523873,0.014238464,0.16366366,0.011711085,0.7455699
184,3,Phoebe,Oo God!,sadness,"[SPEAKER_Phoebe] There’s nothing sexual about this?
[SPEAKER_Phoebe] Oo God!","[SPEAKER_Phoebe] There’s nothing sexual about this?
[SPEAKER_Phoebe] Oo God!",sadness,5,1,disgust,False,0.12452549,0.30281115,0.03192168,0.16010338,0.043295473,0.07060691,0.26673597
184,4,Phoebe,What are you looking at?!,anger,"[SPEAKER_Phoebe] Oo God!
[SPEAKER_Phoebe] What are you looking at?!","[SPEAKER_Phoebe] Oo God!
[SPEAKER_Phoebe] What are you looking at?!",anger,0,6,surprise,False,0.017974056,0.0019951535,0.0030896533,0.0046917177,0.024560463,0.005149459,0.9425396
184,5,Phoebe,I mean hi.,neutral,"[SPEAKER_Phoebe] What are you looking at?!
[SPEAKER_Phoebe] I mean hi.","[SPEAKER_Phoebe] What are you looking at?!
[SPEAKER_Phoebe] I mean hi.",neutral,4,4,neutral,True,0.0018710676,0.0005999659,0.00211113,0.008789243,0.98045164,0.0028873538,0.0032894507
184,6,Monica,"Oh my—This is so embarrassing. Oh my God, I’m never gonna get massaged again!",fear,"[SPEAKER_Phoebe] I mean hi.
[SPEAKER_Monica] Oh my—This is so embarrassing. Oh my God, I’m never gonna get massaged again!","[SPEAKER_Phoebe] I mean hi.
[SPEAKER_Monica] Oh my—This is so embarrassing. Oh my God, I’m never gonna get massaged again!",fear,2,6,surprise,False,0.032465864,0.08229392,0.043158937,0.13435254,0.025209049,0.2262436,0.45627606
184,7,Phoebe,"No, you can’t let this stop you from getting massages!",sadness,"[SPEAKER_Monica] Oh my—This is so embarrassing. Oh my God, I’m never gonna get massaged again!
[SPEAKER_Phoebe] No, you can’t let this stop you from getting massages!","[SPEAKER_Monica] Oh my—This is so embarrassing. Oh my God, I’m never gonna get massaged again!
[SPEAKER_Phoebe] No, you can’t let this stop you from getting massages!",sadness,5,0,anger,False,0.48648593,0.0388873,0.13594353,0.08942554,0.13705924,0.04237597,0.06982243
184,8,Phoebe,"No look, I have, I have lots of clients that make the same noises you do!",neutral,"[SPEAKER_Phoebe] No, you can’t let this stop you from getting massages!
[SPEAKER_Phoebe] No look, I have, I have lots of clients that make the same noises you do!","[SPEAKER_Phoebe] No, you can’t let this stop you from getting massages!
[SPEAKER_Phoebe] No look, I have, I have lots of clients that make the same noises you do!",neutral,4,4,neutral,True,0.16407973,0.071491696,0.016983539,0.18832283,0.30070722,0.060045075,0.19836989
184,9,Monica,Really?!,surprise,"[SPEAKER_Phoebe] No look, I have, I have lots of clients that make the same noises you do!
[SPEAKER_Monica] Really?!","[SPEAKER_Phoebe] No look, I have, I have lots of clients that make the same noises you do!
[SPEAKER_Monica] Really?!",surprise,6,6,surprise,True,0.012326967,0.0015337801,0.0025567962,0.003352906,0.017031327,0.0046691857,0.95852906
184,10,Phoebe,"Well not clients, lovers. But let’s just y’know, try it again. Come back and-and we’ll work through it.",neutral,"[SPEAKER_Monica] Really?!
[SPEAKER_Phoebe] Well not clients, lovers. But let’s just y’know, try it again. Come back and-and we’ll work through it.","[SPEAKER_Monica] Really?!
[SPEAKER_Phoebe] Well not clients, lovers. But let’s just y’know, try it again. Come back and-and we’ll work through it.",neutral,4,4,neutral,True,0.014930068,0.0036864274,0.0032428498,0.09979659,0.87253916,0.004996036,0.0008087981
184,11,Monica,Are you sure?,surprise,"[SPEAKER_Phoebe] Well not clients, lovers. But let’s just y’know, try it again. Come back and-and we’ll work through it.
[SPEAKER_Monica] Are you sure?","[SPEAKER_Phoebe] Well not clients, lovers. But let’s just y’know, try it again. Come back and-and we’ll work through it.
[SPEAKER_Monica] Are you sure?",surprise,6,4,neutral,False,0.07213818,0.00339103,0.021262903,0.09950348,0.6778585,0.017674658,0.10817123
184,12,Phoebe,Yes.,neutral,"[SPEAKER_Monica] Are you sure?
[SPEAKER_Phoebe] Yes.","[SPEAKER_Monica] Are you sure?
[SPEAKER_Phoebe] Yes.",neutral,4,4,neutral,True,0.0070086615,0.0018876602,0.004121661,0.07775691,0.8941406,0.012424768,0.0026596566
184,13,Monica,I guess.,neutral,"[SPEAKER_Phoebe] Yes.
[SPEAKER_Monica] I guess.","[SPEAKER_Phoebe] Yes.
[SPEAKER_Monica] I guess.",neutral,4,4,neutral,True,0.005443774,0.0025193887,0.0130731845,0.019581879,0.9285429,0.022532461,0.008306474
184,14,Phoebe,"Great! Okay, if you’ll just excuse me.  So, did you hear something you liked?",joy,"[SPEAKER_Monica] I guess.
[SPEAKER_Phoebe] Great! Okay, if you’ll just excuse me.  So, did you hear something you liked?","[SPEAKER_Monica] I guess.
[SPEAKER_Phoebe] Great! Okay, if you’ll just excuse me.  So, did you hear something you liked?",joy,3,3,joy,True,0.023051357,0.002415213,0.002949396,0.88704807,0.056193367,0.004935342,0.02340729
185,1,Ross,"Yeah, we’re done.",neutral,"[SPEAKER_Ross] Thanks for the coffee, or bedankt voor de koffie, Gunter.
[SPEAKER_Ross] Yeah, we’re done.","[SPEAKER_Ross] Thanks for the coffee, or bedankt voor de koffie, Gunter.
[SPEAKER_Ross] Yeah, we’re done.",neutral,4,4,neutral,True,0.002827294,0.00086891215,0.0005653302,0.018670546,0.9751491,0.0012032524,0.000715578
185,2,Ross,Ezel? Ezel? Ezel?,surprise,"[SPEAKER_Ross] Yeah, we’re done.
[SPEAKER_Ross] Ezel? Ezel? Ezel?","[SPEAKER_Ross] Yeah, we’re done.
[SPEAKER_Ross] Ezel? Ezel? Ezel?",surprise,6,6,surprise,True,0.047597706,0.0025254912,0.010974561,0.015837843,0.17797965,0.012967839,0.73211694
185,3,Joey,"Hey Ross! Listen, do you want to go see that new Imax movie on tide pools?",joy,"[SPEAKER_Ross] Ezel? Ezel? Ezel?
[SPEAKER_Joey] Hey Ross! Listen, do you want to go see that new Imax movie on tide pools?","[SPEAKER_Ross] Ezel? Ezel? Ezel?
[SPEAKER_Joey] Hey Ross! Listen, do you want to go see that new Imax movie on tide pools?",joy,3,4,neutral,False,0.01010972,0.0021485745,0.0017036893,0.10707973,0.87367976,0.0026130714,0.0026655523
185,4,Ross,Really?!,surprise,"[SPEAKER_Joey] Hey Ross! Listen, do you want to go see that new Imax movie on tide pools?
[SPEAKER_Ross] Really?!","[SPEAKER_Joey] Hey Ross! Listen, do you want to go see that new Imax movie on tide pools?
[SPEAKER_Ross] Really?!",surprise,6,6,surprise,True,0.0095730135,0.0014524367,0.0023823194,0.003254396,0.012194085,0.004230828,0.9669129
185,5,Joey,"No. But I got Knicks tickets for you, me, and Chandler.",neutral,"[SPEAKER_Ross] Really?!
[SPEAKER_Joey] No. But I got Knicks tickets for you, me, and Chandler.","[SPEAKER_Ross] Really?!
[SPEAKER_Joey] No. But I got Knicks tickets for you, me, and Chandler.",neutral,4,4,neutral,True,0.009327288,0.002544885,0.0015148441,0.035926748,0.94388455,0.0037863152,0.003015352
185,6,Ross,Sweet!,joy,"[SPEAKER_Joey] No. But I got Knicks tickets for you, me, and Chandler.
[SPEAKER_Ross] Sweet!","[SPEAKER_Joey] No. But I got Knicks tickets for you, me, and Chandler.
[SPEAKER_Ross] Sweet!",joy,3,3,joy,True,0.008959232,0.0014865714,0.0012376824,0.9637201,0.011147841,0.0044917115,0.008956939
185,7,Joey,"All right, well finish your coffee; let’s go.",neutral,"[SPEAKER_Ross] Sweet!
[SPEAKER_Joey] All right, well finish your coffee; let’s go.","[SPEAKER_Ross] Sweet!
[SPEAKER_Joey] All right, well finish your coffee; let’s go.",neutral,4,4,neutral,True,0.005771192,0.004934183,0.0027754898,0.020168504,0.9619993,0.00368673,0.00066455605
186,1,Ross,"Uh actually, sorry I can’t even make it. I’m seeing Mona again tonight.",neutral,"[SPEAKER_Chandler] Ah, no-no-no just Ross. Ross and Joey is embarrassing enough.
[SPEAKER_Ross] Uh actually, sorry I can’t even make it. I’m seeing Mona again tonight.","[SPEAKER_Chandler] Ah, no-no-no just Ross. Ross and Joey is embarrassing enough.
[SPEAKER_Ross] Uh actually, sorry I can’t even make it. I’m seeing Mona again tonight.",neutral,4,5,sadness,False,0.041793525,0.0098913405,0.06605654,0.12434357,0.07900448,0.6431841,0.03572644
186,2,Chandler,I understand: who would cancel an actual date to go to a fake bachelor party?,neutral,"[SPEAKER_Ross] Uh actually, sorry I can’t even make it. I’m seeing Mona again tonight.
[SPEAKER_Chandler] I understand: who would cancel an actual date to go to a fake bachelor party?","[SPEAKER_Ross] Uh actually, sorry I can’t even make it. I’m seeing Mona again tonight.
[SPEAKER_Chandler] I understand: who would cancel an actual date to go to a fake bachelor party?",neutral,4,4,neutral,True,0.112383686,0.0052305264,0.007560035,0.031031486,0.65256345,0.016106393,0.17512444
186,3,Joey,I’m sorry I gotta cancel tonight baby,sadness,"[SPEAKER_Chandler] I understand: who would cancel an actual date to go to a fake bachelor party?
[SPEAKER_Joey] I’m sorry I gotta cancel tonight baby","[SPEAKER_Chandler] I understand: who would cancel an actual date to go to a fake bachelor party?
[SPEAKER_Joey] I’m sorry I gotta cancel tonight baby",sadness,5,3,joy,False,0.020629806,0.0045125657,0.009007135,0.6060219,0.19173107,0.15441509,0.013682496
187,1,Rachel,"Well umm, that one is pretty but uh, I just, I just love this fabric  Sorry.",neutral,"[SPEAKER_Kim] So it's down to these two, Nancy I know you like this one and I think I agree. Rachel, what do you think?
[SPEAKER_Rachel] Well umm, that one is pretty but uh, I just, I just love this fabric  Sorry.","[SPEAKER_Kim] So it's down to these two, Nancy I know you like this one and I think I agree. Rachel, what do you think?
[SPEAKER_Rachel] Well umm, that one is pretty but uh, I just, I just love this fabric  Sorry.",neutral,4,3,joy,False,0.012510262,0.0016410197,0.0051095462,0.8871181,0.035820436,0.052009538,0.005791136
187,2,Kim,"Oh don't be sorry, that's part of your job here to give your opinions and then I take credit for them--I'm kidding.",neutral,"[SPEAKER_Rachel] Well umm, that one is pretty but uh, I just, I just love this fabric  Sorry.
[SPEAKER_Kim] Oh don't be sorry, that's part of your job here to give your opinions and then I take credit for them--I'm kidding.","[SPEAKER_Rachel] Well umm, that one is pretty but uh, I just, I just love this fabric  Sorry.
[SPEAKER_Kim] Oh don't be sorry, that's part of your job here to give your opinions and then I take credit for them--I'm kidding.",neutral,4,4,neutral,True,0.08334536,0.006900657,0.0060115024,0.054546274,0.82296234,0.020414636,0.0058192317
187,3,Nancy,"She is kidding, but don't ever disagree with her again. Okay, now I'm kidding!",joy,"[SPEAKER_Kim] Oh don't be sorry, that's part of your job here to give your opinions and then I take credit for them--I'm kidding.
[SPEAKER_Nancy] She is kidding, but don't ever disagree with her again. Okay, now I'm kidding!","[SPEAKER_Kim] Oh don't be sorry, that's part of your job here to give your opinions and then I take credit for them--I'm kidding.
[SPEAKER_Nancy] She is kidding, but don't ever disagree with her again. Okay, now I'm kidding!",joy,3,0,anger,False,0.4507207,0.012918824,0.015683835,0.046717495,0.057700083,0.032699008,0.38356006
187,4,Rachel,"Oh, what a fun office.",joy,"[SPEAKER_Nancy] She is kidding, but don't ever disagree with her again. Okay, now I'm kidding!
[SPEAKER_Rachel] Oh, what a fun office.","[SPEAKER_Nancy] She is kidding, but don't ever disagree with her again. Okay, now I'm kidding!
[SPEAKER_Rachel] Oh, what a fun office.",joy,3,3,joy,True,0.015785033,0.008662711,0.0017719378,0.8316766,0.11204687,0.006717353,0.023339521
187,5,Kim,"I don't know which one, but I do know I need a cigarette.",neutral,"[SPEAKER_Rachel] Oh, what a fun office.
[SPEAKER_Kim] I don't know which one, but I do know I need a cigarette.","[SPEAKER_Rachel] Oh, what a fun office.
[SPEAKER_Kim] I don't know which one, but I do know I need a cigarette.",neutral,4,4,neutral,True,0.003682905,0.0033653548,0.0031120838,0.0050081126,0.9806723,0.002929773,0.0012295003
187,6,Kim,"So what do you say we take a break, we go outside, and we'll figure this out when we come back?",neutral,"[SPEAKER_Kim] I don't know which one, but I do know I need a cigarette.
[SPEAKER_Kim] So what do you say we take a break, we go outside, and we'll figure this out when we come back?","[SPEAKER_Kim] I don't know which one, but I do know I need a cigarette.
[SPEAKER_Kim] So what do you say we take a break, we go outside, and we'll figure this out when we come back?",neutral,4,4,neutral,True,0.0066085304,0.0025395178,0.0029166017,0.007980047,0.976299,0.002971371,0.00068488263
187,7,Kim,Rachel? Do you smoke?,neutral,"[SPEAKER_Kim] So what do you say we take a break, we go outside, and we'll figure this out when we come back?
[SPEAKER_Kim] Rachel? Do you smoke?","[SPEAKER_Kim] So what do you say we take a break, we go outside, and we'll figure this out when we come back?
[SPEAKER_Kim] Rachel? Do you smoke?",neutral,4,6,surprise,False,0.019587215,0.0039363867,0.02221027,0.011922769,0.4264477,0.016202375,0.49969333
187,8,Rachel,"Oh no, my dad's a doctor and he would always tell me just horror stories……about ghosts and goblins who totally supported the princess's right to smoke.",neutral,"[SPEAKER_Kim] Rachel? Do you smoke?
[SPEAKER_Rachel] Oh no, my dad's a doctor and he would always tell me just horror stories……about ghosts and goblins who totally supported the princess's right to smoke.","[SPEAKER_Kim] Rachel? Do you smoke?
[SPEAKER_Rachel] Oh no, my dad's a doctor and he would always tell me just horror stories……about ghosts and goblins who totally supported the princess's right to smoke.",neutral,4,4,neutral,True,0.09544197,0.050783664,0.05581583,0.16299765,0.469405,0.14348523,0.022070654
188,1,Ross,Peach pit.,neutral,"[SPEAKER_Joey] What?
[SPEAKER_Ross] Peach pit.","[SPEAKER_Joey] What?
[SPEAKER_Ross] Peach pit.",neutral,4,4,neutral,True,0.010424546,0.005033518,0.0013717066,0.0135523835,0.9643916,0.0033228556,0.0019033654
188,2,Chandler,"Yes, Bunny?",neutral,"[SPEAKER_Ross] Peach pit.
[SPEAKER_Chandler] Yes, Bunny?","[SPEAKER_Ross] Peach pit.
[SPEAKER_Chandler] Yes, Bunny?",neutral,4,4,neutral,True,0.009909395,0.0011485872,0.0023606506,0.019259926,0.94026417,0.0031412141,0.02391609
188,3,Ross,"Peach pit. That night we, uh- we had-",neutral,"[SPEAKER_Chandler] Yes, Bunny?
[SPEAKER_Ross] Peach pit. That night we, uh- we had-","[SPEAKER_Chandler] Yes, Bunny?
[SPEAKER_Ross] Peach pit. That night we, uh- we had-",neutral,4,4,neutral,True,0.018527037,0.002466141,0.025299627,0.19879523,0.7199763,0.018696794,0.016238794
188,4,Joey,-Peaches?,neutral,"[SPEAKER_Ross] Peach pit. That night we, uh- we had-
[SPEAKER_Joey] -Peaches?","[SPEAKER_Ross] Peach pit. That night we, uh- we had-
[SPEAKER_Joey] -Peaches?",neutral,4,6,surprise,False,0.031144874,0.0021048149,0.014271567,0.018978877,0.31499985,0.012492541,0.6060075
188,5,Ross,"Actually, nectarines, but basically...",neutral,"[SPEAKER_Joey] -Peaches?
[SPEAKER_Ross] Actually, nectarines, but basically...","[SPEAKER_Joey] -Peaches?
[SPEAKER_Ross] Actually, nectarines, but basically...",neutral,4,4,neutral,True,0.0044618365,0.0022388066,0.0017317893,0.0129056815,0.97435826,0.0032395935,0.0010640371
188,6,Chandler,Could've been a peach.,neutral,"[SPEAKER_Ross] Actually, nectarines, but basically...
[SPEAKER_Chandler] Could've been a peach.","[SPEAKER_Ross] Actually, nectarines, but basically...
[SPEAKER_Chandler] Could've been a peach.",neutral,4,4,neutral,True,0.0039974824,0.003106928,0.0024612066,0.015019066,0.9626526,0.0033479515,0.009414798
188,7,Ross,"Then, uh, then we got dressed, and I-I... I walked her to the-  -the bus stop... I'm fine.",neutral,"[SPEAKER_Chandler] Could've been a peach.
[SPEAKER_Ross] Then, uh, then we got dressed, and I-I... I walked her to the-  -the bus stop... I'm fine.","[SPEAKER_Chandler] Could've been a peach.
[SPEAKER_Ross] Then, uh, then we got dressed, and I-I... I walked her to the-  -the bus stop... I'm fine.",neutral,4,4,neutral,True,0.024773138,0.0064894413,0.10247684,0.102442496,0.65858424,0.10033949,0.004894383
188,8,Joey,"Hey, that woman's got an ass like Carol's!  What? Thought we were trying to find stuff.",joy,"[SPEAKER_Ross] Then, uh, then we got dressed, and I-I... I walked her to the-  -the bus stop... I'm fine.
[SPEAKER_Joey] Hey, that woman's got an ass like Carol's!  What? Thought we were trying to find stuff.","[SPEAKER_Ross] Then, uh, then we got dressed, and I-I... I walked her to the-  -the bus stop... I'm fine.
[SPEAKER_Joey] Hey, that woman's got an ass like Carol's!  What? Thought we were trying to find stuff.",joy,3,6,surprise,False,0.3455799,0.07113946,0.0048915227,0.09930789,0.043336533,0.039218068,0.3965267
189,1,Joey,Westminster Abbey!,joy,"[SPEAKER_Joey] All right!
[SPEAKER_Joey] Westminster Abbey!","[SPEAKER_Joey] All right!
[SPEAKER_Joey] Westminster Abbey!",joy,3,6,surprise,False,0.10070734,0.009975066,0.008852459,0.34420782,0.08156675,0.018905777,0.43578485
189,2,Joey,"Hands down, best Abbey I’ve ever seen.",joy,"[SPEAKER_Joey] Westminster Abbey!
[SPEAKER_Joey] Hands down, best Abbey I’ve ever seen.","[SPEAKER_Joey] Westminster Abbey!
[SPEAKER_Joey] Hands down, best Abbey I’ve ever seen.",joy,3,4,neutral,False,0.024355697,0.0071479524,0.0041195103,0.26984906,0.6623918,0.008930763,0.023205271
189,3,Joey,Hey!,joy,"[SPEAKER_Joey] Hands down, best Abbey I’ve ever seen.
[SPEAKER_Joey] Hey!","[SPEAKER_Joey] Hands down, best Abbey I’ve ever seen.
[SPEAKER_Joey] Hey!",joy,3,3,joy,True,0.04101485,0.0029082363,0.0042795744,0.5906866,0.17204717,0.008280084,0.18078345
189,4,Joey,Okay.,neutral,"[SPEAKER_Joey] Hey!
[SPEAKER_Joey] Okay.","[SPEAKER_Joey] Hey!
[SPEAKER_Joey] Okay.",neutral,4,4,neutral,True,0.005687669,0.000912077,0.0011042539,0.009743576,0.97948647,0.0017043306,0.0013615588
189,5,Joey,"What do you think of the Abbey, Chandler?",neutral,"[SPEAKER_Joey] Okay.
[SPEAKER_Joey] What do you think of the Abbey, Chandler?","[SPEAKER_Joey] Okay.
[SPEAKER_Joey] What do you think of the Abbey, Chandler?",neutral,4,4,neutral,True,0.007846902,0.0020585794,0.002040403,0.008396355,0.96923953,0.0026789275,0.0077393544
189,6,Chandler,"I think it’s great. It’s great. Y’know, they’re thinking of changing the name of this place.",neutral,"[SPEAKER_Joey] What do you think of the Abbey, Chandler?
[SPEAKER_Chandler] I think it’s great. It’s great. Y’know, they’re thinking of changing the name of this place.","[SPEAKER_Joey] What do you think of the Abbey, Chandler?
[SPEAKER_Chandler] I think it’s great. It’s great. Y’know, they’re thinking of changing the name of this place.",neutral,4,3,joy,False,0.018864023,0.0056990813,0.0040183375,0.7254586,0.23020592,0.007979755,0.0077742254
189,7,Joey,Really? To what?,surprise,"[SPEAKER_Chandler] I think it’s great. It’s great. Y’know, they’re thinking of changing the name of this place.
[SPEAKER_Joey] Really? To what?","[SPEAKER_Chandler] I think it’s great. It’s great. Y’know, they’re thinking of changing the name of this place.
[SPEAKER_Joey] Really? To what?",surprise,6,6,surprise,True,0.022483313,0.0021821505,0.00915055,0.008611507,0.07183109,0.0102041075,0.8755372
189,8,Chandler,To Put the Camera Away!!!,anger,"[SPEAKER_Joey] Really? To what?
[SPEAKER_Chandler] To Put the Camera Away!!!","[SPEAKER_Joey] Really? To what?
[SPEAKER_Chandler] To Put the Camera Away!!!",anger,0,0,anger,True,0.59710395,0.017543016,0.011789145,0.14284945,0.16430448,0.014889888,0.051520072
189,9,Joey,"Man,",neutral,"[SPEAKER_Chandler] To Put the Camera Away!!!
[SPEAKER_Joey] Man,","[SPEAKER_Chandler] To Put the Camera Away!!!
[SPEAKER_Joey] Man,",neutral,4,4,neutral,True,0.007997107,0.00138936,0.0015570493,0.009950614,0.96959215,0.0021439996,0.007369735
190,1,Rachel,"Chandler, there’s a guy right over there.",neutral,"[SPEAKER_Chandler] Y'know, I can't believe I'm getting my nails done!  And
[SPEAKER_Rachel] Chandler, there’s a guy right over there.","[SPEAKER_Chandler] Y'know, I can't believe I'm getting my nails done!  And
[SPEAKER_Rachel] Chandler, there’s a guy right over there.",neutral,4,4,neutral,True,0.022632021,0.037587162,0.005687137,0.033589005,0.7271844,0.015670158,0.15765013
190,2,Chandler,That’s a mailman! That’s,surprise,"[SPEAKER_Rachel] Chandler, there’s a guy right over there.
[SPEAKER_Chandler] That’s a mailman! That’s","[SPEAKER_Rachel] Chandler, there’s a guy right over there.
[SPEAKER_Chandler] That’s a mailman! That’s",surprise,6,6,surprise,True,0.015777394,0.0038696076,0.002854907,0.016048335,0.045493815,0.0070046023,0.9089513
190,3,Rachel,"Chandler, don’t worry! This doesn’t make you any less of a guy!",neutral,"[SPEAKER_Chandler] That’s a mailman! That’s
[SPEAKER_Rachel] Chandler, don’t worry! This doesn’t make you any less of a guy!","[SPEAKER_Chandler] That’s a mailman! That’s
[SPEAKER_Rachel] Chandler, don’t worry! This doesn’t make you any less of a guy!",neutral,4,4,neutral,True,0.07468888,0.011226187,0.0072742747,0.3730887,0.5220689,0.008001068,0.0036519733
190,4,Chandler,"Hey, you know who used to have nails like that?",neutral,"[SPEAKER_Rachel] Chandler, don’t worry! This doesn’t make you any less of a guy!
[SPEAKER_Chandler] Hey, you know who used to have nails like that?","[SPEAKER_Rachel] Chandler, don’t worry! This doesn’t make you any less of a guy!
[SPEAKER_Chandler] Hey, you know who used to have nails like that?",neutral,4,4,neutral,True,0.022811703,0.0030260999,0.006436665,0.02398003,0.61120915,0.008646814,0.32388955
191,1,Rachel,What?,neutral,"[SPEAKER_Chandler] Eh..., I don’t, I don’t know.
[SPEAKER_Rachel] What?","[SPEAKER_Chandler] Eh..., I don’t, I don’t know.
[SPEAKER_Rachel] What?",neutral,4,6,surprise,False,0.025050757,0.002526868,0.01653994,0.011577288,0.4156868,0.012399389,0.51621896
191,2,Chandler,"Well, as old as he is in dog years, do you think Snoopy should still be allowed to fly this thing?",sadness,"[SPEAKER_Rachel] What?
[SPEAKER_Chandler] Well, as old as he is in dog years, do you think Snoopy should still be allowed to fly this thing?","[SPEAKER_Rachel] What?
[SPEAKER_Chandler] Well, as old as he is in dog years, do you think Snoopy should still be allowed to fly this thing?",sadness,5,4,neutral,False,0.031711716,0.013658297,0.0033328463,0.044858817,0.8917807,0.012571421,0.002086181
191,3,Gunther,Rachel?,neutral,"[SPEAKER_Chandler] Well, as old as he is in dog years, do you think Snoopy should still be allowed to fly this thing?
[SPEAKER_Gunther] Rachel?","[SPEAKER_Chandler] Well, as old as he is in dog years, do you think Snoopy should still be allowed to fly this thing?
[SPEAKER_Gunther] Rachel?",neutral,4,6,surprise,False,0.033440445,0.0022055155,0.015563177,0.013104805,0.46161535,0.012416415,0.46165422
191,4,Rachel,Yeah.,neutral,"[SPEAKER_Gunther] Rachel?
[SPEAKER_Rachel] Yeah.","[SPEAKER_Gunther] Rachel?
[SPEAKER_Rachel] Yeah.",neutral,4,4,neutral,True,0.0069400393,0.0026276247,0.004825064,0.046112556,0.9263929,0.010249546,0.0028522322
191,5,Gunther,"Do you remember when you first came here, how you spent two weeks getting trained by another waitress?",neutral,"[SPEAKER_Rachel] Yeah.
[SPEAKER_Gunther] Do you remember when you first came here, how you spent two weeks getting trained by another waitress?","[SPEAKER_Rachel] Yeah.
[SPEAKER_Gunther] Do you remember when you first came here, how you spent two weeks getting trained by another waitress?",neutral,4,4,neutral,True,0.117066085,0.019511305,0.010285108,0.06429441,0.5782407,0.0309962,0.17960624
191,6,Rachel,"Oh, sure! Do you need me to train somebody new?",joy,"[SPEAKER_Gunther] Do you remember when you first came here, how you spent two weeks getting trained by another waitress?
[SPEAKER_Rachel] Oh, sure! Do you need me to train somebody new?","[SPEAKER_Gunther] Do you remember when you first came here, how you spent two weeks getting trained by another waitress?
[SPEAKER_Rachel] Oh, sure! Do you need me to train somebody new?",joy,3,4,neutral,False,0.12849043,0.006260601,0.020669587,0.299421,0.3975901,0.031299137,0.11626913
191,7,Gunther,"Good one. Actually, ah, Terry wants you to take the training again, whenever.",neutral,"[SPEAKER_Rachel] Oh, sure! Do you need me to train somebody new?
[SPEAKER_Gunther] Good one. Actually, ah, Terry wants you to take the training again, whenever.","[SPEAKER_Rachel] Oh, sure! Do you need me to train somebody new?
[SPEAKER_Gunther] Good one. Actually, ah, Terry wants you to take the training again, whenever.",neutral,4,4,neutral,True,0.0064152717,0.002010732,0.0013390547,0.031267613,0.9558368,0.0022255396,0.00090491836
191,8,Rachel,"Eh, do you believe that?",surprise,"[SPEAKER_Gunther] Good one. Actually, ah, Terry wants you to take the training again, whenever.
[SPEAKER_Rachel] Eh, do you believe that?","[SPEAKER_Gunther] Good one. Actually, ah, Terry wants you to take the training again, whenever.
[SPEAKER_Rachel] Eh, do you believe that?",surprise,6,6,surprise,True,0.037093684,0.004651521,0.036750294,0.07161623,0.29838026,0.022070441,0.5294376
191,9,Chandler,Yeah?,neutral,"[SPEAKER_Rachel] Eh, do you believe that?
[SPEAKER_Chandler] Yeah?","[SPEAKER_Rachel] Eh, do you believe that?
[SPEAKER_Chandler] Yeah?",neutral,4,4,neutral,True,0.023756938,0.002678044,0.014267787,0.017985992,0.6832318,0.011027637,0.24705186
192,1,Monica,"No, you said the baby creeps you out.",neutral,"[SPEAKER_Chandler] Hey honey, you got the kind with the little girl, you said we were gonna to get the kind with the baby.
[SPEAKER_Monica] No, you said the baby creeps you out.","[SPEAKER_Chandler] Hey honey, you got the kind with the little girl, you said we were gonna to get the kind with the baby.
[SPEAKER_Monica] No, you said the baby creeps you out.",neutral,4,1,disgust,False,0.16341202,0.49361652,0.021408653,0.03975932,0.13699403,0.12265581,0.02215371
192,2,Chandler,"No, the little girl creeps me out.",anger,"[SPEAKER_Monica] No, you said the baby creeps you out.
[SPEAKER_Chandler] No, the little girl creeps me out.","[SPEAKER_Monica] No, you said the baby creeps you out.
[SPEAKER_Chandler] No, the little girl creeps me out.",anger,0,1,disgust,False,0.22906439,0.32571477,0.027542872,0.12318009,0.15139319,0.13231847,0.010786276
192,3,Monica,You said the baby.,neutral,"[SPEAKER_Chandler] No, the little girl creeps me out.
[SPEAKER_Monica] You said the baby.","[SPEAKER_Chandler] No, the little girl creeps me out.
[SPEAKER_Monica] You said the baby.",neutral,4,4,neutral,True,0.018748397,0.0078793615,0.005937425,0.07240906,0.8610612,0.028184677,0.005779893
192,4,Chandler,Why would the baby creep me out?,anger,"[SPEAKER_Monica] You said the baby.
[SPEAKER_Chandler] Why would the baby creep me out?","[SPEAKER_Monica] You said the baby.
[SPEAKER_Chandler] Why would the baby creep me out?",anger,0,0,anger,True,0.2907331,0.13075644,0.030253889,0.060350522,0.12284265,0.11757477,0.24748862
192,5,Monica,Why would the little girl creep you out?,anger,"[SPEAKER_Chandler] Why would the baby creep me out?
[SPEAKER_Monica] Why would the little girl creep you out?","[SPEAKER_Chandler] Why would the baby creep me out?
[SPEAKER_Monica] Why would the little girl creep you out?",anger,0,0,anger,True,0.48753217,0.062321577,0.020007983,0.06604152,0.112664424,0.06930568,0.1821266
192,6,Phoebe,"You guys, I’m sorry, could you please talk a little slower?",neutral,"[SPEAKER_Monica] Why would the little girl creep you out?
[SPEAKER_Phoebe] You guys, I’m sorry, could you please talk a little slower?","[SPEAKER_Monica] Why would the little girl creep you out?
[SPEAKER_Phoebe] You guys, I’m sorry, could you please talk a little slower?",neutral,4,4,neutral,True,0.024732687,0.002976682,0.009860764,0.035326518,0.8982559,0.0261675,0.002679939
192,7,Chandler,This is going in your book?,surprise,"[SPEAKER_Phoebe] You guys, I’m sorry, could you please talk a little slower?
[SPEAKER_Chandler] This is going in your book?","[SPEAKER_Phoebe] You guys, I’m sorry, could you please talk a little slower?
[SPEAKER_Chandler] This is going in your book?",surprise,6,6,surprise,True,0.055862833,0.0035572406,0.008077752,0.0072099655,0.3672087,0.011168782,0.5469148
192,8,Phoebe,"Yeah, it’s about relationships. Y’know? The traps, the pitfalls, what not to do, keep going. This stuff is great!",joy,"[SPEAKER_Chandler] This is going in your book?
[SPEAKER_Phoebe] Yeah, it’s about relationships. Y’know? The traps, the pitfalls, what not to do, keep going. This stuff is great!","[SPEAKER_Chandler] This is going in your book?
[SPEAKER_Phoebe] Yeah, it’s about relationships. Y’know? The traps, the pitfalls, what not to do, keep going. This stuff is great!",joy,3,0,anger,False,0.39539617,0.057861645,0.058401454,0.12527135,0.15319347,0.1200227,0.0898532
192,9,Monica,What?! Excuse me!,surprise,"[SPEAKER_Phoebe] Yeah, it’s about relationships. Y’know? The traps, the pitfalls, what not to do, keep going. This stuff is great!
[SPEAKER_Monica] What?! Excuse me!","[SPEAKER_Phoebe] Yeah, it’s about relationships. Y’know? The traps, the pitfalls, what not to do, keep going. This stuff is great!
[SPEAKER_Monica] What?! Excuse me!",surprise,6,6,surprise,True,0.018261068,0.0019245334,0.0023205087,0.005569587,0.010638877,0.0054056165,0.9558799
192,10,Phoebe,And how none of it matters when the people really love each other.,neutral,"[SPEAKER_Monica] What?! Excuse me!
[SPEAKER_Phoebe] And how none of it matters when the people really love each other.","[SPEAKER_Monica] What?! Excuse me!
[SPEAKER_Phoebe] And how none of it matters when the people really love each other.",neutral,4,4,neutral,True,0.04364262,0.0060512056,0.0068986244,0.3505541,0.57005894,0.020927915,0.0018666064
192,11,Phoebe,And how people will believe anything you tell them as long as it’s a compliment.,neutral,"[SPEAKER_Phoebe] And how none of it matters when the people really love each other.
[SPEAKER_Phoebe] And how people will believe anything you tell them as long as it’s a compliment.","[SPEAKER_Phoebe] And how none of it matters when the people really love each other.
[SPEAKER_Phoebe] And how people will believe anything you tell them as long as it’s a compliment.",neutral,4,4,neutral,True,0.041014228,0.0059745135,0.0043276404,0.06237724,0.8796254,0.0050122784,0.0016686999
193,1,Ross,I’m on time!,joy,"[SPEAKER_Ross] Yes, I made it!
[SPEAKER_Ross] I’m on time!","[SPEAKER_Ross] Yes, I made it!
[SPEAKER_Ross] I’m on time!",joy,3,3,joy,True,0.053109873,0.0021362707,0.002880987,0.6868545,0.24288107,0.004488915,0.0076483944
193,2,Ross,"Okay, why don’t we all uh,  open our books to page 23.",neutral,"[SPEAKER_Ross] I’m on time!
[SPEAKER_Ross] Okay, why don’t we all uh,  open our books to page 23.","[SPEAKER_Ross] I’m on time!
[SPEAKER_Ross] Okay, why don’t we all uh,  open our books to page 23.",neutral,4,4,neutral,True,0.0058729746,0.0018016655,0.001895081,0.022310758,0.9658039,0.0016900501,0.0006255261
193,3,Ross,Where…  Where you will see…a uh…a bunch of uh…red spots.,neutral,"[SPEAKER_Ross] Okay, why don’t we all uh,  open our books to page 23.
[SPEAKER_Ross] Where…  Where you will see…a uh…a bunch of uh…red spots.","[SPEAKER_Ross] Okay, why don’t we all uh,  open our books to page 23.
[SPEAKER_Ross] Where…  Where you will see…a uh…a bunch of uh…red spots.",neutral,4,4,neutral,True,0.0035430174,0.0022294892,0.005499053,0.010816816,0.9724941,0.0032975362,0.0021198979
193,4,Ross,"Okay,  umm, why don’t, why don’t you all start to read, while I—",neutral,"[SPEAKER_Ross] Where…  Where you will see…a uh…a bunch of uh…red spots.
[SPEAKER_Ross] Okay,  umm, why don’t, why don’t you all start to read, while I—","[SPEAKER_Ross] Where…  Where you will see…a uh…a bunch of uh…red spots.
[SPEAKER_Ross] Okay,  umm, why don’t, why don’t you all start to read, while I—",neutral,4,4,neutral,True,0.008189763,0.0023479734,0.011779075,0.014721716,0.9566982,0.005047658,0.0012156557
194,1,Rachel,"Ross! What are you… I'm sorry sir. I just, I think he just really likes you.",neutral,"[SPEAKER_Rachel] Yeah, all right. All right! Just keep walkin'! All right?
[SPEAKER_Rachel] Ross! What are you… I'm sorry sir. I just, I think he just really likes you.","[SPEAKER_Rachel] Yeah, all right. All right! Just keep walkin'! All right?
[SPEAKER_Rachel] Ross! What are you… I'm sorry sir. I just, I think he just really likes you.",neutral,4,6,surprise,False,0.0606492,0.009993335,0.032807898,0.035172183,0.10247115,0.042797625,0.7161086
194,2,Ross,Hey! Y'know that teacher who had a baby with her student?,neutral,"[SPEAKER_Rachel] Ross! What are you… I'm sorry sir. I just, I think he just really likes you.
[SPEAKER_Ross] Hey! Y'know that teacher who had a baby with her student?","[SPEAKER_Rachel] Ross! What are you… I'm sorry sir. I just, I think he just really likes you.
[SPEAKER_Ross] Hey! Y'know that teacher who had a baby with her student?",neutral,4,4,neutral,True,0.08290882,0.0037832668,0.021218287,0.02841735,0.5115549,0.022992425,0.32912496
194,3,Ross,What the? What,surprise,"[SPEAKER_Ross] Hey! Y'know that teacher who had a baby with her student?
[SPEAKER_Ross] What the? What","[SPEAKER_Ross] Hey! Y'know that teacher who had a baby with her student?
[SPEAKER_Ross] What the? What",surprise,6,6,surprise,True,0.016368955,0.002795385,0.006525849,0.0058986046,0.18461226,0.008180765,0.77561814
194,4,Flight Attendant,Miss? May I help you?,neutral,"[SPEAKER_Ross] What the? What
[SPEAKER_Flight Attendant] Miss? May I help you?","[SPEAKER_Ross] What the? What
[SPEAKER_Flight Attendant] Miss? May I help you?",neutral,4,4,neutral,True,0.0037678136,0.0004995559,0.0017304526,0.018561127,0.97022676,0.0030471596,0.0021670188
195,1,Chandler,"But after I unpacked the boxes I wanted to do something nice for you, so, I-I-I cleaned the apartment.",neutral,"[SPEAKER_Chandler] Okay look, don't...don't be mad okay?
[SPEAKER_Chandler] But after I unpacked the boxes I wanted to do something nice for you, so, I-I-I cleaned the apartment.","[SPEAKER_Chandler] Okay look, don't...don't be mad okay?
[SPEAKER_Chandler] But after I unpacked the boxes I wanted to do something nice for you, so, I-I-I cleaned the apartment.",neutral,4,4,neutral,True,0.111528456,0.011482909,0.27989638,0.16157304,0.30778286,0.07940911,0.04832723
195,2,Chandler,"So I moved everything around and then I forgot where it, where it went back and I'm sorry, I'm very sorry, I'm sorry, I'm sorry.",sadness,"[SPEAKER_Chandler] But after I unpacked the boxes I wanted to do something nice for you, so, I-I-I cleaned the apartment.
[SPEAKER_Chandler] So I moved everything around and then I forgot where it, where it went back and I'm sorry, I'm very sorry, I'm sorry, I'm sorry.","[SPEAKER_Chandler] But after I unpacked the boxes I wanted to do something nice for you, so, I-I-I cleaned the apartment.
[SPEAKER_Chandler] So I moved everything around and then I forgot where it, where it went back and I'm sorry, I'm very sorry, I'm sorry, I'm sorry.",sadness,5,5,sadness,True,0.01952805,0.004595064,0.053705692,0.047730546,0.056051794,0.78620386,0.032184977
195,3,Monica,"It's okay. Chandler, are you afraid of me or something?",neutral,"[SPEAKER_Chandler] So I moved everything around and then I forgot where it, where it went back and I'm sorry, I'm very sorry, I'm sorry, I'm sorry.
[SPEAKER_Monica] It's okay. Chandler, are you afraid of me or something?","[SPEAKER_Chandler] So I moved everything around and then I forgot where it, where it went back and I'm sorry, I'm very sorry, I'm sorry, I'm sorry.
[SPEAKER_Monica] It's okay. Chandler, are you afraid of me or something?",neutral,4,2,fear,False,0.1882571,0.012277945,0.3271453,0.082764216,0.25255173,0.11487011,0.022133537
195,4,Chandler,Do you want me to be afraid of you?,neutral,"[SPEAKER_Monica] It's okay. Chandler, are you afraid of me or something?
[SPEAKER_Chandler] Do you want me to be afraid of you?","[SPEAKER_Monica] It's okay. Chandler, are you afraid of me or something?
[SPEAKER_Chandler] Do you want me to be afraid of you?",neutral,4,0,anger,False,0.31862888,0.02025985,0.275951,0.037125442,0.14521967,0.07837002,0.12444514
195,5,Monica,Of course not.,neutral,"[SPEAKER_Chandler] Do you want me to be afraid of you?
[SPEAKER_Monica] Of course not.","[SPEAKER_Chandler] Do you want me to be afraid of you?
[SPEAKER_Monica] Of course not.",neutral,4,4,neutral,True,0.081762984,0.008328771,0.020498622,0.04584559,0.8145086,0.02591478,0.0031405876
195,6,Monica,"I mean gosh, Chandler what you did, it's, it's a wonderful thing and I really appreciate it.",joy,"[SPEAKER_Monica] Of course not.
[SPEAKER_Monica] I mean gosh, Chandler what you did, it's, it's a wonderful thing and I really appreciate it.","[SPEAKER_Monica] Of course not.
[SPEAKER_Monica] I mean gosh, Chandler what you did, it's, it's a wonderful thing and I really appreciate it.",joy,3,3,joy,True,0.011690811,0.0016266096,0.002527169,0.8253534,0.14218892,0.0144732725,0.0021397565
195,7,Monica,"I know I have this weird thing where I want everything to be in the perfect place, but I'd never expect you to worry about that.",joy,"[SPEAKER_Monica] I mean gosh, Chandler what you did, it's, it's a wonderful thing and I really appreciate it.
[SPEAKER_Monica] I know I have this weird thing where I want everything to be in the perfect place, but I'd never expect you to worry about that.","[SPEAKER_Monica] I mean gosh, Chandler what you did, it's, it's a wonderful thing and I really appreciate it.
[SPEAKER_Monica] I know I have this weird thing where I want everything to be in the perfect place, but I'd never expect you to worry about that.",joy,3,3,joy,True,0.17364408,0.013900963,0.0743486,0.32567444,0.29513085,0.10487197,0.012429095
195,8,Chandler,Really?,surprise,"[SPEAKER_Monica] I know I have this weird thing where I want everything to be in the perfect place, but I'd never expect you to worry about that.
[SPEAKER_Chandler] Really?","[SPEAKER_Monica] I know I have this weird thing where I want everything to be in the perfect place, but I'd never expect you to worry about that.
[SPEAKER_Chandler] Really?",surprise,6,6,surprise,True,0.007292961,0.0010991195,0.0029708082,0.004987836,0.025594248,0.0049697803,0.9530852
195,9,Monica,Of course!,neutral,"[SPEAKER_Chandler] Really?
[SPEAKER_Monica] Of course!","[SPEAKER_Chandler] Really?
[SPEAKER_Monica] Of course!",neutral,4,3,joy,False,0.08374672,0.0043409728,0.0068344297,0.63056546,0.09903011,0.0135048255,0.16197748
195,10,Chandler,Oh well you're the best. You come here to me.,joy,"[SPEAKER_Monica] Of course!
[SPEAKER_Chandler] Oh well you're the best. You come here to me.","[SPEAKER_Monica] Of course!
[SPEAKER_Chandler] Oh well you're the best. You come here to me.",joy,3,4,neutral,False,0.054234438,0.005730341,0.0053755855,0.15817001,0.75818175,0.014756131,0.00355179
195,11,Monica,"All right, hold on okay? First thing's first.  Okay, now did Ross sit",neutral,"[SPEAKER_Chandler] Oh well you're the best. You come here to me.
[SPEAKER_Monica] All right, hold on okay? First thing's first.  Okay, now did Ross sit","[SPEAKER_Chandler] Oh well you're the best. You come here to me.
[SPEAKER_Monica] All right, hold on okay? First thing's first.  Okay, now did Ross sit",neutral,4,4,neutral,True,0.008498089,0.000795906,0.0018151944,0.0073595555,0.97782236,0.0019390251,0.0017699162
196,1,Monica,"A Magic Eight ball?! You can't be serious, you can't make this decision with a toy!",disgust,"[SPEAKER_Ross] Okay, that's it. I cannot make this decision! It is
[SPEAKER_Monica] A Magic Eight ball?! You can't be serious, you can't make this decision with a toy!","[SPEAKER_Ross] Okay, that's it. I cannot make this decision! It is
[SPEAKER_Monica] A Magic Eight ball?! You can't be serious, you can't make this decision with a toy!",disgust,1,6,surprise,False,0.3512846,0.017503727,0.016437745,0.024482965,0.033414744,0.020420147,0.53645605
196,2,Phoebe,"Ooh, it's not a toy.",anger,"[SPEAKER_Monica] A Magic Eight ball?! You can't be serious, you can't make this decision with a toy!
[SPEAKER_Phoebe] Ooh, it's not a toy.","[SPEAKER_Monica] A Magic Eight ball?! You can't be serious, you can't make this decision with a toy!
[SPEAKER_Phoebe] Ooh, it's not a toy.",anger,0,4,neutral,False,0.049988545,0.01478024,0.0062555335,0.029146947,0.86031157,0.010365755,0.02915154
196,3,Ross,"Well, I don't know what else to do.",sadness,"[SPEAKER_Phoebe] Ooh, it's not a toy.
[SPEAKER_Ross] Well, I don't know what else to do.","[SPEAKER_Phoebe] Ooh, it's not a toy.
[SPEAKER_Ross] Well, I don't know what else to do.",sadness,5,4,neutral,False,0.045192387,0.008562233,0.015981568,0.085303314,0.80604756,0.03263762,0.0062753377
196,4,Ross,"I mean, I either keep my wife and lose one of my-my-my best friends or I keep my friend and get divorced the second time before I'm 30!",anger,"[SPEAKER_Ross] Well, I don't know what else to do.
[SPEAKER_Ross] I mean, I either keep my wife and lose one of my-my-my best friends or I keep my friend and get divorced the second time before I'm 30!","[SPEAKER_Ross] Well, I don't know what else to do.
[SPEAKER_Ross] I mean, I either keep my wife and lose one of my-my-my best friends or I keep my friend and get divorced the second time before I'm 30!",anger,0,0,anger,True,0.80691373,0.010250067,0.07140771,0.03346373,0.02002108,0.04958163,0.008362052
196,5,Ross,"So-so if anyone has-has a better suggestion, let's hear it!",anger,"[SPEAKER_Ross] I mean, I either keep my wife and lose one of my-my-my best friends or I keep my friend and get divorced the second time before I'm 30!
[SPEAKER_Ross] So-so if anyone has-has a better suggestion, let's hear it!","[SPEAKER_Ross] I mean, I either keep my wife and lose one of my-my-my best friends or I keep my friend and get divorced the second time before I'm 30!
[SPEAKER_Ross] So-so if anyone has-has a better suggestion, let's hear it!",anger,0,3,joy,False,0.16942734,0.0048379563,0.021561794,0.52698743,0.25139564,0.01578548,0.010004322
196,6,Ross,'Cause I-I got nothing!,anger,"[SPEAKER_Ross] So-so if anyone has-has a better suggestion, let's hear it!
[SPEAKER_Ross] 'Cause I-I got nothing!","[SPEAKER_Ross] So-so if anyone has-has a better suggestion, let's hear it!
[SPEAKER_Ross] 'Cause I-I got nothing!",anger,0,0,anger,True,0.28682807,0.013600952,0.1414856,0.1769892,0.27712372,0.04602845,0.057944022
196,7,Ross,"All right, don't be shy, any suggestion will do.",anger,"[SPEAKER_Ross] 'Cause I-I got nothing!
[SPEAKER_Ross] All right, don't be shy, any suggestion will do.","[SPEAKER_Ross] 'Cause I-I got nothing!
[SPEAKER_Ross] All right, don't be shy, any suggestion will do.",anger,0,4,neutral,False,0.024123477,0.0058950125,0.011264786,0.02789775,0.9228957,0.0070230193,0.0009002217
196,8,Ross,Okay then.,neutral,"[SPEAKER_Ross] All right, don't be shy, any suggestion will do.
[SPEAKER_Ross] Okay then.","[SPEAKER_Ross] All right, don't be shy, any suggestion will do.
[SPEAKER_Ross] Okay then.",neutral,4,4,neutral,True,0.0072667804,0.0015231477,0.0011898457,0.012130705,0.9754674,0.0017751023,0.00064707483
196,9,Ross,Here we go.,neutral,"[SPEAKER_Ross] Okay then.
[SPEAKER_Ross] Here we go.","[SPEAKER_Ross] Okay then.
[SPEAKER_Ross] Here we go.",neutral,4,4,neutral,True,0.0077978517,0.0023625311,0.0019461918,0.030681651,0.9527678,0.0034726234,0.0009713023
196,10,Ross,"Magic 8 Ball, should I never see Rachel again?",neutral,"[SPEAKER_Ross] Here we go.
[SPEAKER_Ross] Magic 8 Ball, should I never see Rachel again?","[SPEAKER_Ross] Here we go.
[SPEAKER_Ross] Magic 8 Ball, should I never see Rachel again?",neutral,4,4,neutral,True,0.2542833,0.015823899,0.031376272,0.21473673,0.3337935,0.13933454,0.01065175
196,11,Ross,Ask again later.,neutral,"[SPEAKER_Ross] Magic 8 Ball, should I never see Rachel again?
[SPEAKER_Ross] Ask again later.","[SPEAKER_Ross] Magic 8 Ball, should I never see Rachel again?
[SPEAKER_Ross] Ask again later.",neutral,4,4,neutral,True,0.0144219985,0.002275189,0.0027483003,0.008777889,0.95809406,0.0037743568,0.009908233
196,12,Ross,Later is not good enough.,anger,"[SPEAKER_Ross] Ask again later.
[SPEAKER_Ross] Later is not good enough.","[SPEAKER_Ross] Ask again later.
[SPEAKER_Ross] Later is not good enough.",anger,0,0,anger,True,0.4289916,0.059581965,0.03179685,0.06154222,0.266816,0.11318046,0.038090866
196,13,Ross,Ask again later.,neutral,"[SPEAKER_Ross] Later is not good enough.
[SPEAKER_Ross] Ask again later.","[SPEAKER_Ross] Later is not good enough.
[SPEAKER_Ross] Ask again later.",neutral,4,4,neutral,True,0.11523986,0.013479574,0.025096655,0.021826468,0.7189661,0.029697854,0.07569352
196,14,Ross,What the hell!,anger,"[SPEAKER_Ross] Ask again later.
[SPEAKER_Ross] What the hell!","[SPEAKER_Ross] Ask again later.
[SPEAKER_Ross] What the hell!",anger,0,6,surprise,False,0.3230887,0.11837486,0.0066505414,0.025408685,0.024443284,0.02673278,0.4753012
196,15,Ross,This is broken!,anger,"[SPEAKER_Ross] What the hell!
[SPEAKER_Ross] This is broken!","[SPEAKER_Ross] What the hell!
[SPEAKER_Ross] This is broken!",anger,0,0,anger,True,0.7331341,0.044934336,0.005811161,0.03270491,0.021406699,0.020328378,0.14168051
196,16,Ross,It-it is broken!,anger,"[SPEAKER_Ross] This is broken!
[SPEAKER_Ross] It-it is broken!","[SPEAKER_Ross] This is broken!
[SPEAKER_Ross] It-it is broken!",anger,0,2,fear,False,0.10572707,0.015993364,0.38756505,0.099400096,0.065034956,0.12509423,0.20118523
196,17,Monica,"All right, let me see.  Will Chandler have sex tonight?  Don't count on it. Seems like it works to me.",neutral,"[SPEAKER_Ross] It-it is broken!
[SPEAKER_Monica] All right, let me see.  Will Chandler have sex tonight?  Don't count on it. Seems like it works to me.","[SPEAKER_Ross] It-it is broken!
[SPEAKER_Monica] All right, let me see.  Will Chandler have sex tonight?  Don't count on it. Seems like it works to me.",neutral,4,4,neutral,True,0.035348203,0.010534054,0.0065309354,0.2217651,0.70324713,0.015220702,0.0073538953
197,1,Phoebe,Yeah?,neutral,"[SPEAKER_The Fan] Excuse me.
[SPEAKER_Phoebe] Yeah?","[SPEAKER_The Fan] Excuse me.
[SPEAKER_Phoebe] Yeah?",neutral,4,4,neutral,True,0.019456847,0.0017959342,0.01001048,0.013817954,0.56946033,0.008510194,0.37694827
197,2,The Fan,Are you Phoebe Buffay?,neutral,"[SPEAKER_Phoebe] Yeah?
[SPEAKER_The Fan] Are you Phoebe Buffay?","[SPEAKER_Phoebe] Yeah?
[SPEAKER_The Fan] Are you Phoebe Buffay?",neutral,4,4,neutral,True,0.015441804,0.001418421,0.0021153227,0.010780041,0.914029,0.0028621608,0.05335316
197,3,Phoebe,Yeah.,neutral,"[SPEAKER_The Fan] Are you Phoebe Buffay?
[SPEAKER_Phoebe] Yeah.","[SPEAKER_The Fan] Are you Phoebe Buffay?
[SPEAKER_Phoebe] Yeah.",neutral,4,4,neutral,True,0.0036916907,0.0011668862,0.0014609054,0.05117072,0.93656445,0.004000181,0.001945069
197,4,The Fan,"Can-can I get your autograph, I’m your biggest fan.",joy,"[SPEAKER_Phoebe] Yeah.
[SPEAKER_The Fan] Can-can I get your autograph, I’m your biggest fan.","[SPEAKER_Phoebe] Yeah.
[SPEAKER_The Fan] Can-can I get your autograph, I’m your biggest fan.",joy,3,3,joy,True,0.026188776,0.0025977031,0.0012099708,0.7256039,0.22559828,0.0048985127,0.013902805
198,1,Ross,"Ah...ooh! Well, looks like, uh, we kicked your butts.",joy,"[SPEAKER_Phoebe] I think she took it pretty well. You know Paolo's over there right now, so...
[SPEAKER_Ross] Ah...ooh! Well, looks like, uh, we kicked your butts.","[SPEAKER_Phoebe] I think she took it pretty well. You know Paolo's over there right now, so...
[SPEAKER_Ross] Ah...ooh! Well, looks like, uh, we kicked your butts.",joy,3,0,anger,False,0.304805,0.06938529,0.009244838,0.2015535,0.059945215,0.050754216,0.30431196
198,2,Joey,"No-no, she kicked our butts. You could be on the Olympic standing-there team.",anger,"[SPEAKER_Ross] Ah...ooh! Well, looks like, uh, we kicked your butts.
[SPEAKER_Joey] No-no, she kicked our butts. You could be on the Olympic standing-there team.","[SPEAKER_Ross] Ah...ooh! Well, looks like, uh, we kicked your butts.
[SPEAKER_Joey] No-no, she kicked our butts. You could be on the Olympic standing-there team.",anger,0,3,joy,False,0.063146375,0.008500716,0.011015814,0.46921757,0.37695396,0.01480822,0.056357317
198,3,Ross,"Come on, two on one.",neutral,"[SPEAKER_Joey] No-no, she kicked our butts. You could be on the Olympic standing-there team.
[SPEAKER_Ross] Come on, two on one.","[SPEAKER_Joey] No-no, she kicked our butts. You could be on the Olympic standing-there team.
[SPEAKER_Ross] Come on, two on one.",neutral,4,4,neutral,True,0.019959107,0.0033174632,0.0013236561,0.046334594,0.92324483,0.0034614417,0.0023587665
198,4,Chandler,"What are you still doing here? She just broke up with the guy, it's time for you to swoop in!",surprise,"[SPEAKER_Ross] Come on, two on one.
[SPEAKER_Chandler] What are you still doing here? She just broke up with the guy, it's time for you to swoop in!","[SPEAKER_Ross] Come on, two on one.
[SPEAKER_Chandler] What are you still doing here? She just broke up with the guy, it's time for you to swoop in!",surprise,6,6,surprise,True,0.021136994,0.0034730497,0.0026109614,0.004981454,0.018110802,0.0062136957,0.943473
198,5,Ross,"What, now?",surprise,"[SPEAKER_Chandler] What are you still doing here? She just broke up with the guy, it's time for you to swoop in!
[SPEAKER_Ross] What, now?","[SPEAKER_Chandler] What are you still doing here? She just broke up with the guy, it's time for you to swoop in!
[SPEAKER_Ross] What, now?",surprise,6,4,neutral,False,0.043120183,0.0027790896,0.0100518,0.015301019,0.49224454,0.010555862,0.42594743
198,6,Joey,"Yes, now is when you swoop!",joy,"[SPEAKER_Ross] What, now?
[SPEAKER_Joey] Yes, now is when you swoop!","[SPEAKER_Ross] What, now?
[SPEAKER_Joey] Yes, now is when you swoop!",joy,3,3,joy,True,0.27448496,0.008088594,0.009182748,0.4342295,0.22617364,0.012173721,0.035666835
198,7,Joey,"You gotta make sure that when Paolo walks out of there, the first guy Rachel sees is you, She's gotta know that you're everything he's not!",joy,"[SPEAKER_Joey] Yes, now is when you swoop!
[SPEAKER_Joey] You gotta make sure that when Paolo walks out of there, the first guy Rachel sees is you, She's gotta know that you're everything he's not!","[SPEAKER_Joey] Yes, now is when you swoop!
[SPEAKER_Joey] You gotta make sure that when Paolo walks out of there, the first guy Rachel sees is you, She's gotta know that you're everything he's not!",joy,3,0,anger,False,0.6689078,0.014780114,0.052222468,0.06792864,0.14398818,0.029951049,0.022221684
198,8,Joey,"You're like, like the anti-Paolo!",anger,"[SPEAKER_Joey] You gotta make sure that when Paolo walks out of there, the first guy Rachel sees is you, She's gotta know that you're everything he's not!
[SPEAKER_Joey] You're like, like the anti-Paolo!","[SPEAKER_Joey] You gotta make sure that when Paolo walks out of there, the first guy Rachel sees is you, She's gotta know that you're everything he's not!
[SPEAKER_Joey] You're like, like the anti-Paolo!",anger,0,0,anger,True,0.8956375,0.02619151,0.013031758,0.009772025,0.017914552,0.023905678,0.013546886
198,9,Chandler,My Catholic friend is right.,neutral,"[SPEAKER_Joey] You're like, like the anti-Paolo!
[SPEAKER_Chandler] My Catholic friend is right.","[SPEAKER_Joey] You're like, like the anti-Paolo!
[SPEAKER_Chandler] My Catholic friend is right.",neutral,4,4,neutral,True,0.01971092,0.0028486936,0.0023698364,0.3295098,0.6346513,0.008035615,0.0028739413
198,10,Chandler,She's distraught.,neutral,"[SPEAKER_Chandler] My Catholic friend is right.
[SPEAKER_Chandler] She's distraught.","[SPEAKER_Chandler] My Catholic friend is right.
[SPEAKER_Chandler] She's distraught.",neutral,4,4,neutral,True,0.008133135,0.002093527,0.009349184,0.01392946,0.94226104,0.013321127,0.010912551
198,11,Chandler,You're there for her.,neutral,"[SPEAKER_Chandler] She's distraught.
[SPEAKER_Chandler] You're there for her.","[SPEAKER_Chandler] She's distraught.
[SPEAKER_Chandler] You're there for her.",neutral,4,4,neutral,True,0.011209392,0.0024322784,0.0018226542,0.012726296,0.9604929,0.006210114,0.0051062666
198,12,Chandler,"You pick up the pieces, and then you usher in the age of Ross!",joy,"[SPEAKER_Chandler] You're there for her.
[SPEAKER_Chandler] You pick up the pieces, and then you usher in the age of Ross!","[SPEAKER_Chandler] You're there for her.
[SPEAKER_Chandler] You pick up the pieces, and then you usher in the age of Ross!",joy,3,3,joy,True,0.17564897,0.007836221,0.0032763898,0.5929939,0.18032837,0.008541449,0.031374652
199,1,Phoebe,"Oh, how did it go?",sadness,"[SPEAKER_Rachel] Well, I just called Joshua
[SPEAKER_Phoebe] Oh, how did it go?","[SPEAKER_Rachel] Well, I just called Joshua
[SPEAKER_Phoebe] Oh, how did it go?",sadness,5,4,neutral,False,0.006014791,0.0010831534,0.00645685,0.044789683,0.9036034,0.007022788,0.031029435
199,2,Rachel,"Well, I did my best to convince him that I’m not some crazy girl who is dying to get married—I’m just going through a hard time.",neutral,"[SPEAKER_Phoebe] Oh, how did it go?
[SPEAKER_Rachel] Well, I did my best to convince him that I’m not some crazy girl who is dying to get married—I’m just going through a hard time.","[SPEAKER_Phoebe] Oh, how did it go?
[SPEAKER_Rachel] Well, I did my best to convince him that I’m not some crazy girl who is dying to get married—I’m just going through a hard time.",neutral,4,5,sadness,False,0.09647637,0.008424987,0.08582637,0.096089676,0.09821967,0.60826087,0.0067021283
199,3,Phoebe,What did he say?,neutral,"[SPEAKER_Rachel] Well, I did my best to convince him that I’m not some crazy girl who is dying to get married—I’m just going through a hard time.
[SPEAKER_Phoebe] What did he say?","[SPEAKER_Rachel] Well, I did my best to convince him that I’m not some crazy girl who is dying to get married—I’m just going through a hard time.
[SPEAKER_Phoebe] What did he say?",neutral,4,5,sadness,False,0.08794373,0.00593195,0.10101576,0.0658416,0.21599808,0.4566869,0.06658192
199,4,Rachel,"Well uh, his answering machine was",sadness,"[SPEAKER_Phoebe] What did he say?
[SPEAKER_Rachel] Well uh, his answering machine was","[SPEAKER_Phoebe] What did he say?
[SPEAKER_Rachel] Well uh, his answering machine was",sadness,5,4,neutral,False,0.0040772455,0.00068343617,0.0013181198,0.004162125,0.985518,0.0014938256,0.002747283
199,5,Monica,"Ohh, sweetie!  Hey, I bet you anything that he’s gonna call you again.",sadness,"[SPEAKER_Rachel] Well uh, his answering machine was
[SPEAKER_Monica] Ohh, sweetie!  Hey, I bet you anything that he’s gonna call you again.","[SPEAKER_Rachel] Well uh, his answering machine was
[SPEAKER_Monica] Ohh, sweetie!  Hey, I bet you anything that he’s gonna call you again.",sadness,5,3,joy,False,0.012496483,0.0033303394,0.0049747005,0.76026845,0.19932367,0.010514807,0.009091562
199,6,Rachel,"Yeah, maybe, but I don’t think I even care.",sadness,"[SPEAKER_Monica] Ohh, sweetie!  Hey, I bet you anything that he’s gonna call you again.
[SPEAKER_Rachel] Yeah, maybe, but I don’t think I even care.","[SPEAKER_Monica] Ohh, sweetie!  Hey, I bet you anything that he’s gonna call you again.
[SPEAKER_Rachel] Yeah, maybe, but I don’t think I even care.",sadness,5,5,sadness,True,0.23100844,0.027342321,0.10445388,0.13129419,0.24443229,0.24843687,0.013031982
199,7,Rachel,I don’t think he’s the one I’m sad about.,sadness,"[SPEAKER_Rachel] Yeah, maybe, but I don’t think I even care.
[SPEAKER_Rachel] I don’t think he’s the one I’m sad about.","[SPEAKER_Rachel] Yeah, maybe, but I don’t think I even care.
[SPEAKER_Rachel] I don’t think he’s the one I’m sad about.",sadness,5,4,neutral,False,0.103410564,0.01927166,0.04005317,0.18723576,0.38289195,0.22081347,0.046323467
199,8,Rachel,"Y’know, I know that I said that I am totally okay with Ross getting married, but as it turns out, I don’t think I’m handling it all that well.",sadness,"[SPEAKER_Rachel] I don’t think he’s the one I’m sad about.
[SPEAKER_Rachel] Y’know, I know that I said that I am totally okay with Ross getting married, but as it turns out, I don’t think I’m handling it all that well.","[SPEAKER_Rachel] I don’t think he’s the one I’m sad about.
[SPEAKER_Rachel] Y’know, I know that I said that I am totally okay with Ross getting married, but as it turns out, I don’t think I’m handling it all that well.",sadness,5,4,neutral,False,0.14835228,0.010433966,0.021235127,0.3219484,0.35468918,0.12692678,0.016414307
199,9,Phoebe,"Yeah, maybe.",sadness,"[SPEAKER_Rachel] Y’know, I know that I said that I am totally okay with Ross getting married, but as it turns out, I don’t think I’m handling it all that well.
[SPEAKER_Phoebe] Yeah, maybe.","[SPEAKER_Rachel] Y’know, I know that I said that I am totally okay with Ross getting married, but as it turns out, I don’t think I’m handling it all that well.
[SPEAKER_Phoebe] Yeah, maybe.",sadness,5,4,neutral,False,0.0065342127,0.0046553337,0.017675003,0.08237022,0.85931087,0.024660174,0.0047942614
199,10,Rachel,And I-I am just trying to figure out why.,sadness,"[SPEAKER_Phoebe] Yeah, maybe.
[SPEAKER_Rachel] And I-I am just trying to figure out why.","[SPEAKER_Phoebe] Yeah, maybe.
[SPEAKER_Rachel] And I-I am just trying to figure out why.",sadness,5,4,neutral,False,0.0601499,0.0053614816,0.16387503,0.10217713,0.5530117,0.05131068,0.06411402
199,11,Phoebe,Any luck?,sadness,"[SPEAKER_Rachel] And I-I am just trying to figure out why.
[SPEAKER_Phoebe] Any luck?","[SPEAKER_Rachel] And I-I am just trying to figure out why.
[SPEAKER_Phoebe] Any luck?",sadness,5,4,neutral,False,0.09081034,0.011822189,0.03997326,0.16227512,0.5457167,0.11683274,0.032569595
199,12,Rachel,"Well, yeah, y’know how Ross and I were on again, off again, on again, off again?",sadness,"[SPEAKER_Phoebe] Any luck?
[SPEAKER_Rachel] Well, yeah, y’know how Ross and I were on again, off again, on again, off again?","[SPEAKER_Phoebe] Any luck?
[SPEAKER_Rachel] Well, yeah, y’know how Ross and I were on again, off again, on again, off again?",sadness,5,4,neutral,False,0.1460438,0.003548479,0.0056059724,0.11075145,0.71675706,0.008677232,0.008616018
199,13,Rachel,"I guess I just figured that somewhere down the road, we would be on again.",sadness,"[SPEAKER_Rachel] Well, yeah, y’know how Ross and I were on again, off again, on again, off again?
[SPEAKER_Rachel] I guess I just figured that somewhere down the road, we would be on again.","[SPEAKER_Rachel] Well, yeah, y’know how Ross and I were on again, off again, on again, off again?
[SPEAKER_Rachel] I guess I just figured that somewhere down the road, we would be on again.",sadness,5,4,neutral,False,0.0068681785,0.0015218884,0.00246658,0.028419634,0.9529518,0.006084878,0.0016870094
199,14,Monica,Again. Y’know what? I think we all did.,sadness,"[SPEAKER_Rachel] I guess I just figured that somewhere down the road, we would be on again.
[SPEAKER_Monica] Again. Y’know what? I think we all did.","[SPEAKER_Rachel] I guess I just figured that somewhere down the road, we would be on again.
[SPEAKER_Monica] Again. Y’know what? I think we all did.",sadness,5,4,neutral,False,0.14888176,0.004668803,0.010782456,0.34190735,0.41864637,0.027387459,0.047725793
199,15,Ross,Hey!,joy,"[SPEAKER_Monica] Again. Y’know what? I think we all did.
[SPEAKER_Ross] Hey!","[SPEAKER_Monica] Again. Y’know what? I think we all did.
[SPEAKER_Ross] Hey!",joy,3,3,joy,True,0.052117012,0.003388089,0.0050142957,0.5550579,0.21107812,0.0098613445,0.16348325
200,1,Joey,It was in my room all night!,anger,"[SPEAKER_Joey] I don’t get it!
[SPEAKER_Joey] It was in my room all night!","[SPEAKER_Joey] I don’t get it!
[SPEAKER_Joey] It was in my room all night!",anger,0,0,anger,True,0.7746622,0.021559173,0.0078123584,0.033571046,0.041061386,0.04253945,0.07879431
200,2,Joey,"And if she didn’t take it, and I didn’t take it; and you  didn’t take it, then who did?",anger,"[SPEAKER_Joey] It was in my room all night!
[SPEAKER_Joey] And if she didn’t take it, and I didn’t take it; and you  didn’t take it, then who did?","[SPEAKER_Joey] It was in my room all night!
[SPEAKER_Joey] And if she didn’t take it, and I didn’t take it; and you  didn’t take it, then who did?",anger,0,0,anger,True,0.64482474,0.009497374,0.03778025,0.029410342,0.14364351,0.03965819,0.09518563
200,3,Joey,Shh!,anger,"[SPEAKER_Joey] And if she didn’t take it, and I didn’t take it; and you  didn’t take it, then who did?
[SPEAKER_Joey] Shh!","[SPEAKER_Joey] And if she didn’t take it, and I didn’t take it; and you  didn’t take it, then who did?
[SPEAKER_Joey] Shh!",anger,0,0,anger,True,0.68113637,0.018308844,0.18172333,0.026744228,0.030958721,0.036327254,0.024801282
200,4,Joey,We’re trying to think!,anger,"[SPEAKER_Joey] Shh!
[SPEAKER_Joey] We’re trying to think!","[SPEAKER_Joey] Shh!
[SPEAKER_Joey] We’re trying to think!",anger,0,0,anger,True,0.35664782,0.01410285,0.0524836,0.13083307,0.12959364,0.03812018,0.27821884
201,1,Guy,What?!,surprise,"[SPEAKER_Joey] This is the unit for you my friend. Sturdy construction, tons of storage compartments, some big enough to fit a grown man.
[SPEAKER_Guy] What?!","[SPEAKER_Joey] This is the unit for you my friend. Sturdy construction, tons of storage compartments, some big enough to fit a grown man.
[SPEAKER_Guy] What?!",surprise,6,6,surprise,True,0.0077465945,0.0013565694,0.0027217322,0.003226295,0.017385487,0.0042556743,0.96330774
201,2,Joey,Oh yeah!,joy,"[SPEAKER_Guy] What?!
[SPEAKER_Joey] Oh yeah!","[SPEAKER_Guy] What?!
[SPEAKER_Joey] Oh yeah!",joy,3,6,surprise,False,0.03288394,0.005739902,0.011276092,0.25235963,0.07305121,0.0135528175,0.61113644
201,3,Joey,I got in there myself once.,neutral,"[SPEAKER_Joey] Oh yeah!
[SPEAKER_Joey] I got in there myself once.","[SPEAKER_Joey] Oh yeah!
[SPEAKER_Joey] I got in there myself once.",neutral,4,4,neutral,True,0.02558569,0.0036906675,0.0025099972,0.071197756,0.879968,0.00874279,0.008305166
201,4,Joey,"My roommate bet me five bucks that I couldn’t, and then he stuck a board through the handles that locked me in.",neutral,"[SPEAKER_Joey] I got in there myself once.
[SPEAKER_Joey] My roommate bet me five bucks that I couldn’t, and then he stuck a board through the handles that locked me in.","[SPEAKER_Joey] I got in there myself once.
[SPEAKER_Joey] My roommate bet me five bucks that I couldn’t, and then he stuck a board through the handles that locked me in.",neutral,4,4,neutral,True,0.035802703,0.008220027,0.0061118775,0.10097012,0.8114184,0.021212915,0.016263962
201,5,Joey,Yeah.,neutral,"[SPEAKER_Joey] My roommate bet me five bucks that I couldn’t, and then he stuck a board through the handles that locked me in.
[SPEAKER_Joey] Yeah.","[SPEAKER_Joey] My roommate bet me five bucks that I couldn’t, and then he stuck a board through the handles that locked me in.
[SPEAKER_Joey] Yeah.",neutral,4,4,neutral,True,0.004942339,0.0019083718,0.001590175,0.02893947,0.957285,0.003844891,0.0014898744
201,6,Joey,It was funny ‘til I started feeling like I was in a coffin.,neutral,"[SPEAKER_Joey] Yeah.
[SPEAKER_Joey] It was funny ‘til I started feeling like I was in a coffin.","[SPEAKER_Joey] Yeah.
[SPEAKER_Joey] It was funny ‘til I started feeling like I was in a coffin.",neutral,4,4,neutral,True,0.047825586,0.026861073,0.018713197,0.31373626,0.42420036,0.14064625,0.028017335
201,7,Guy,"No, you, you can’t fit in that thing. That’s not deep enough.",neutral,"[SPEAKER_Joey] It was funny ‘til I started feeling like I was in a coffin.
[SPEAKER_Guy] No, you, you can’t fit in that thing. That’s not deep enough.","[SPEAKER_Joey] It was funny ‘til I started feeling like I was in a coffin.
[SPEAKER_Guy] No, you, you can’t fit in that thing. That’s not deep enough.",neutral,4,0,anger,False,0.29338798,0.11296324,0.14036499,0.09604373,0.20472711,0.10622106,0.04629194
201,8,Joey,"Oh yeah?  If I can’t, I’ll knock five bucks off the price off the unit.",anger,"[SPEAKER_Guy] No, you, you can’t fit in that thing. That’s not deep enough.
[SPEAKER_Joey] Oh yeah?  If I can’t, I’ll knock five bucks off the price off the unit.","[SPEAKER_Guy] No, you, you can’t fit in that thing. That’s not deep enough.
[SPEAKER_Joey] Oh yeah?  If I can’t, I’ll knock five bucks off the price off the unit.",anger,0,4,neutral,False,0.011383012,0.0035976933,0.00954654,0.047184158,0.9147088,0.007672612,0.00590715
201,9,Guy,"All right, you have yourself a deal.",neutral,"[SPEAKER_Joey] Oh yeah?  If I can’t, I’ll knock five bucks off the price off the unit.
[SPEAKER_Guy] All right, you have yourself a deal.","[SPEAKER_Joey] Oh yeah?  If I can’t, I’ll knock five bucks off the price off the unit.
[SPEAKER_Guy] All right, you have yourself a deal.",neutral,4,4,neutral,True,0.008042649,0.002468975,0.0029131598,0.028418,0.95110846,0.0049849157,0.0020638611
201,10,Joey,Okay.  See?! I told ya!,surprise,"[SPEAKER_Guy] All right, you have yourself a deal.
[SPEAKER_Joey] Okay.  See?! I told ya!","[SPEAKER_Guy] All right, you have yourself a deal.
[SPEAKER_Joey] Okay.  See?! I told ya!",surprise,6,6,surprise,True,0.25973442,0.010070953,0.020142674,0.15619877,0.13677444,0.02798765,0.38909107
201,11,Joey,"Sometimes I get in here just to get away from it! Hey, a nickel!!",anger,"[SPEAKER_Joey] Okay.  See?! I told ya!
[SPEAKER_Joey] Sometimes I get in here just to get away from it! Hey, a nickel!!","[SPEAKER_Joey] Okay.  See?! I told ya!
[SPEAKER_Joey] Sometimes I get in here just to get away from it! Hey, a nickel!!",anger,0,3,joy,False,0.13041753,0.008377978,0.005958212,0.7102527,0.09683296,0.013305977,0.034854695
202,1,Rachel,Hey!,joy,"[SPEAKER_Joey] Hey! What’s up?
[SPEAKER_Rachel] Hey!","[SPEAKER_Joey] Hey! What’s up?
[SPEAKER_Rachel] Hey!",joy,3,3,joy,True,0.032008056,0.002513636,0.003697022,0.70662415,0.12485548,0.0069920477,0.12330958
202,2,Joey,"Hey-hey, who’s your friend?  Hey!!",joy,"[SPEAKER_Rachel] Hey!
[SPEAKER_Joey] Hey-hey, who’s your friend?  Hey!!","[SPEAKER_Rachel] Hey!
[SPEAKER_Joey] Hey-hey, who’s your friend?  Hey!!",joy,3,6,surprise,False,0.023310183,0.0028812094,0.0052388194,0.03275941,0.04145548,0.008900385,0.8854546
202,3,Erin,Hey Joey!,joy,"[SPEAKER_Joey] Hey-hey, who’s your friend?  Hey!!
[SPEAKER_Erin] Hey Joey!","[SPEAKER_Joey] Hey-hey, who’s your friend?  Hey!!
[SPEAKER_Erin] Hey Joey!",joy,3,3,joy,True,0.034580417,0.0022784409,0.0031748214,0.7076925,0.17297958,0.0065998356,0.07269444
202,4,Joey,Erin! Still here!,joy,"[SPEAKER_Erin] Hey Joey!
[SPEAKER_Joey] Erin! Still here!","[SPEAKER_Erin] Hey Joey!
[SPEAKER_Joey] Erin! Still here!",joy,3,3,joy,True,0.073279426,0.0035362584,0.0043863193,0.7101597,0.08316252,0.007988661,0.1174871
202,5,Rachel,"Yeah, we ended up spending the day together and had such a great time!",joy,"[SPEAKER_Joey] Erin! Still here!
[SPEAKER_Rachel] Yeah, we ended up spending the day together and had such a great time!","[SPEAKER_Joey] Erin! Still here!
[SPEAKER_Rachel] Yeah, we ended up spending the day together and had such a great time!",joy,3,3,joy,True,0.010540396,0.0011392793,0.0008774684,0.95648134,0.011807071,0.0022938938,0.016860558
202,6,Joey,Why wouldn’t ya? Erin is great! Then-then there’s you guys.,joy,"[SPEAKER_Rachel] Yeah, we ended up spending the day together and had such a great time!
[SPEAKER_Joey] Why wouldn’t ya? Erin is great! Then-then there’s you guys.","[SPEAKER_Rachel] Yeah, we ended up spending the day together and had such a great time!
[SPEAKER_Joey] Why wouldn’t ya? Erin is great! Then-then there’s you guys.",joy,3,3,joy,True,0.027526014,0.002925039,0.0024203425,0.85440814,0.06216906,0.0057906276,0.04476079
202,7,Erin,"Ohh, listen. I’ve got to get going. Today was great, thanks!",joy,"[SPEAKER_Joey] Why wouldn’t ya? Erin is great! Then-then there’s you guys.
[SPEAKER_Erin] Ohh, listen. I’ve got to get going. Today was great, thanks!","[SPEAKER_Joey] Why wouldn’t ya? Erin is great! Then-then there’s you guys.
[SPEAKER_Erin] Ohh, listen. I’ve got to get going. Today was great, thanks!",joy,3,3,joy,True,0.011311559,0.0009990563,0.0036619103,0.91861916,0.049169544,0.007850677,0.008388011
203,1,Rachel,"Y'know, I gotta tell ya, I just",neutral,"[SPEAKER_Bonnie] I think I brought back half of the beach in my hair. It was so much easier when I used to shave my head.
[SPEAKER_Rachel] Y'know, I gotta tell ya, I just","[SPEAKER_Bonnie] I think I brought back half of the beach in my hair. It was so much easier when I used to shave my head.
[SPEAKER_Rachel] Y'know, I gotta tell ya, I just",neutral,4,4,neutral,True,0.0072193127,0.003696094,0.013731635,0.029213635,0.9237668,0.021417992,0.000954486
203,2,Bonnie,Really?!,surprise,"[SPEAKER_Rachel] Y'know, I gotta tell ya, I just
[SPEAKER_Bonnie] Really?!","[SPEAKER_Rachel] Y'know, I gotta tell ya, I just
[SPEAKER_Bonnie] Really?!",surprise,6,6,surprise,True,0.014568088,0.0015506789,0.0031386565,0.00363064,0.019636132,0.005188799,0.952287
203,3,Rachel,Ohh!,surprise,"[SPEAKER_Bonnie] Really?!
[SPEAKER_Rachel] Ohh!","[SPEAKER_Bonnie] Really?!
[SPEAKER_Rachel] Ohh!",surprise,6,6,surprise,True,0.026228633,0.0069586635,0.011756814,0.05518838,0.037881028,0.014642597,0.8473439
203,4,Bonnie,Because I think about shaving it all off again sometime.,neutral,"[SPEAKER_Rachel] Ohh!
[SPEAKER_Bonnie] Because I think about shaving it all off again sometime.","[SPEAKER_Rachel] Ohh!
[SPEAKER_Bonnie] Because I think about shaving it all off again sometime.",neutral,4,4,neutral,True,0.0060714767,0.00419462,0.004807693,0.022486566,0.95597434,0.0051394757,0.0013258391
203,5,Rachel,Really?!,surprise,"[SPEAKER_Bonnie] Because I think about shaving it all off again sometime.
[SPEAKER_Rachel] Really?!","[SPEAKER_Bonnie] Because I think about shaving it all off again sometime.
[SPEAKER_Rachel] Really?!",surprise,6,6,surprise,True,0.008568111,0.0015181974,0.002874813,0.0032711166,0.013050452,0.004633401,0.966084
203,6,Bonnie,Yeah!,joy,"[SPEAKER_Rachel] Really?!
[SPEAKER_Bonnie] Yeah!","[SPEAKER_Rachel] Really?!
[SPEAKER_Bonnie] Yeah!",joy,3,3,joy,True,0.04586277,0.0033644964,0.006159641,0.7255056,0.12523066,0.010223757,0.08365313
203,7,Rachel,I mean you definitely should do that.,neutral,"[SPEAKER_Bonnie] Yeah!
[SPEAKER_Rachel] I mean you definitely should do that.","[SPEAKER_Bonnie] Yeah!
[SPEAKER_Rachel] I mean you definitely should do that.",neutral,4,4,neutral,True,0.014839386,0.005794588,0.0042514233,0.42805177,0.53567266,0.009924004,0.001466169
203,8,Bonnie,"Y'know what, I should do it.",joy,"[SPEAKER_Rachel] I mean you definitely should do that.
[SPEAKER_Bonnie] Y'know what, I should do it.","[SPEAKER_Rachel] I mean you definitely should do that.
[SPEAKER_Bonnie] Y'know what, I should do it.",joy,3,4,neutral,False,0.14735053,0.032022726,0.17917383,0.16262087,0.42781016,0.047258265,0.0037635968
203,9,Rachel,Yeah!,joy,"[SPEAKER_Bonnie] Y'know what, I should do it.
[SPEAKER_Rachel] Yeah!","[SPEAKER_Bonnie] Y'know what, I should do it.
[SPEAKER_Rachel] Yeah!",joy,3,3,joy,True,0.03477425,0.0023313714,0.0040148003,0.85229206,0.08477023,0.0070872162,0.014729986
203,10,Bonnie,"Yeah, thank you Rachel, you are soo cool.",joy,"[SPEAKER_Rachel] Yeah!
[SPEAKER_Bonnie] Yeah, thank you Rachel, you are soo cool.","[SPEAKER_Rachel] Yeah!
[SPEAKER_Bonnie] Yeah, thank you Rachel, you are soo cool.",joy,3,3,joy,True,0.006993654,0.0014503665,0.0011618483,0.8687759,0.11465299,0.003573808,0.0033914621
203,11,Rachel,"Awww, stop. Come on. Now go shave that head!",neutral,"[SPEAKER_Bonnie] Yeah, thank you Rachel, you are soo cool.
[SPEAKER_Rachel] Awww, stop. Come on. Now go shave that head!","[SPEAKER_Bonnie] Yeah, thank you Rachel, you are soo cool.
[SPEAKER_Rachel] Awww, stop. Come on. Now go shave that head!",neutral,4,4,neutral,True,0.10219798,0.113601685,0.030054575,0.28981873,0.43234542,0.024104645,0.007876952
203,12,Bonnie,All right.,neutral,"[SPEAKER_Rachel] Awww, stop. Come on. Now go shave that head!
[SPEAKER_Bonnie] All right.","[SPEAKER_Rachel] Awww, stop. Come on. Now go shave that head!
[SPEAKER_Bonnie] All right.",neutral,4,4,neutral,True,0.004340036,0.002105744,0.0015376311,0.015464562,0.9735995,0.002543361,0.00040922684
204,1,Monica,This woman's living my life.,anger,"[SPEAKER_Rachel] Oh, Monica. You are not still going over that thing.
[SPEAKER_Monica] This woman's living my life.","[SPEAKER_Rachel] Oh, Monica. You are not still going over that thing.
[SPEAKER_Monica] This woman's living my life.",anger,0,0,anger,True,0.5855507,0.029444773,0.015998106,0.2016556,0.054584675,0.045973357,0.066792764
204,2,Rachel,What?,surprise,"[SPEAKER_Monica] This woman's living my life.
[SPEAKER_Rachel] What?","[SPEAKER_Monica] This woman's living my life.
[SPEAKER_Rachel] What?",surprise,6,6,surprise,True,0.037566707,0.0025402007,0.012212659,0.010653494,0.32094434,0.01322552,0.6028571
204,3,Monica,"She's living my life, and she's doing it better than me!",anger,"[SPEAKER_Rachel] What?
[SPEAKER_Monica] She's living my life, and she's doing it better than me!","[SPEAKER_Rachel] What?
[SPEAKER_Monica] She's living my life, and she's doing it better than me!",anger,0,3,joy,False,0.12714706,0.004839755,0.010935187,0.801118,0.02395688,0.019714512,0.012288514
204,4,Monica,"Look at this, look.",anger,"[SPEAKER_Monica] She's living my life, and she's doing it better than me!
[SPEAKER_Monica] Look at this, look.","[SPEAKER_Monica] She's living my life, and she's doing it better than me!
[SPEAKER_Monica] Look at this, look.",anger,0,4,neutral,False,0.09867118,0.01994621,0.0260479,0.06015849,0.73254,0.022680806,0.03995535
204,5,Monica,She buys tickets for plays that I wanna see.,anger,"[SPEAKER_Monica] Look at this, look.
[SPEAKER_Monica] She buys tickets for plays that I wanna see.","[SPEAKER_Monica] Look at this, look.
[SPEAKER_Monica] She buys tickets for plays that I wanna see.",anger,0,4,neutral,False,0.012299261,0.005852094,0.0024400405,0.04736937,0.9251965,0.0036640712,0.0031786636
204,6,Monica,"She, she buys clothes from stores that I'm intimidated by the sales people.",anger,"[SPEAKER_Monica] She buys tickets for plays that I wanna see.
[SPEAKER_Monica] She, she buys clothes from stores that I'm intimidated by the sales people.","[SPEAKER_Monica] She buys tickets for plays that I wanna see.
[SPEAKER_Monica] She, she buys clothes from stores that I'm intimidated by the sales people.",anger,0,4,neutral,False,0.07652737,0.05648921,0.009449919,0.038571976,0.7830251,0.01768361,0.01825278
204,7,Monica,She spent three hundred dollars on art supplies.,anger,"[SPEAKER_Monica] She, she buys clothes from stores that I'm intimidated by the sales people.
[SPEAKER_Monica] She spent three hundred dollars on art supplies.","[SPEAKER_Monica] She, she buys clothes from stores that I'm intimidated by the sales people.
[SPEAKER_Monica] She spent three hundred dollars on art supplies.",anger,0,4,neutral,False,0.06385221,0.036316328,0.012364183,0.10165483,0.63307786,0.043895468,0.10883908
204,8,Rachel,You're not an artist.,neutral,"[SPEAKER_Monica] She spent three hundred dollars on art supplies.
[SPEAKER_Rachel] You're not an artist.","[SPEAKER_Monica] She spent three hundred dollars on art supplies.
[SPEAKER_Rachel] You're not an artist.",neutral,4,6,surprise,False,0.20822375,0.05324382,0.015085045,0.00973414,0.11719005,0.031542353,0.5649808
204,9,Monica,"Yeah, well I might be if I had the supplies! I mean, I could do all this stuff. Only I don't.",anger,"[SPEAKER_Rachel] You're not an artist.
[SPEAKER_Monica] Yeah, well I might be if I had the supplies! I mean, I could do all this stuff. Only I don't.","[SPEAKER_Rachel] You're not an artist.
[SPEAKER_Monica] Yeah, well I might be if I had the supplies! I mean, I could do all this stuff. Only I don't.",anger,0,4,neutral,False,0.052273687,0.005673103,0.0060685524,0.12435466,0.78514934,0.020225713,0.0062549463
205,1,Joey,"No way! Mr.Salty is a sailor, all right, he's got to be, like, thetoughest snack there is.",anger,"[SPEAKER_Chandler] I can't believe you would actually say that. I would much rather be Mr.Peanut than Mr.Salty.
[SPEAKER_Joey] No way! Mr.Salty is a sailor, all right, he's got to be, like, thetoughest snack there is.","[SPEAKER_Chandler] I can't believe you would actually say that. I would much rather be Mr.Peanut than Mr.Salty.
[SPEAKER_Joey] No way! Mr.Salty is a sailor, all right, he's got to be, like, thetoughest snack there is.",anger,0,4,neutral,False,0.060132515,0.061675403,0.032128483,0.21267758,0.39767247,0.069549344,0.16616419
205,2,Ross,"I don't know, you don't wanna mess with corn nuts. They're craaazy.",neutral,"[SPEAKER_Joey] No way! Mr.Salty is a sailor, all right, he's got to be, like, thetoughest snack there is.
[SPEAKER_Ross] I don't know, you don't wanna mess with corn nuts. They're craaazy.","[SPEAKER_Joey] No way! Mr.Salty is a sailor, all right, he's got to be, like, thetoughest snack there is.
[SPEAKER_Ross] I don't know, you don't wanna mess with corn nuts. They're craaazy.",neutral,4,4,neutral,True,0.04301198,0.074081756,0.0073661054,0.117167816,0.7433024,0.0122176185,0.0028522578
205,3,Monica,Oh my God. You guys! You gotta come see this! There's some creep out there with a telescope!,fear,"[SPEAKER_Ross] I don't know, you don't wanna mess with corn nuts. They're craaazy.
[SPEAKER_Monica] Oh my God. You guys! You gotta come see this! There's some creep out there with a telescope!","[SPEAKER_Ross] I don't know, you don't wanna mess with corn nuts. They're craaazy.
[SPEAKER_Monica] Oh my God. You guys! You gotta come see this! There's some creep out there with a telescope!",fear,2,6,surprise,False,0.021234278,0.011706122,0.017351005,0.032301333,0.018878665,0.02427745,0.8742512
205,4,Ross,I can't believe it! He's looking right at us!,surprise,"[SPEAKER_Monica] Oh my God. You guys! You gotta come see this! There's some creep out there with a telescope!
[SPEAKER_Ross] I can't believe it! He's looking right at us!","[SPEAKER_Monica] Oh my God. You guys! You gotta come see this! There's some creep out there with a telescope!
[SPEAKER_Ross] I can't believe it! He's looking right at us!",surprise,6,6,surprise,True,0.0073631173,0.0020701126,0.0038157443,0.012405536,0.010506161,0.006538926,0.9573004
205,5,Rachel,"Oh, that is so sick.",disgust,"[SPEAKER_Ross] I can't believe it! He's looking right at us!
[SPEAKER_Rachel] Oh, that is so sick.","[SPEAKER_Ross] I can't believe it! He's looking right at us!
[SPEAKER_Rachel] Oh, that is so sick.",disgust,1,1,disgust,True,0.065015115,0.27434018,0.144832,0.09433816,0.108782254,0.22788721,0.084805004
205,6,Chandler,I feel violated. And not in a good way.,disgust,"[SPEAKER_Rachel] Oh, that is so sick.
[SPEAKER_Chandler] I feel violated. And not in a good way.","[SPEAKER_Rachel] Oh, that is so sick.
[SPEAKER_Chandler] I feel violated. And not in a good way.",disgust,1,5,sadness,False,0.14922285,0.17983638,0.23343174,0.021439454,0.107068785,0.29077882,0.018221991
205,7,Phoebe,"How can people do that?...  Oh, you guys, look! Ugly Naked Guy got gravity boots!",surprise,"[SPEAKER_Chandler] I feel violated. And not in a good way.
[SPEAKER_Phoebe] How can people do that?...  Oh, you guys, look! Ugly Naked Guy got gravity boots!","[SPEAKER_Chandler] I feel violated. And not in a good way.
[SPEAKER_Phoebe] How can people do that?...  Oh, you guys, look! Ugly Naked Guy got gravity boots!",surprise,6,6,surprise,True,0.09845702,0.03328949,0.008866303,0.010705201,0.016991694,0.02492986,0.80676043
206,1,Rachel,"Yeah, it is amazing it lasted that long.",neutral,"[SPEAKER_Joey] Man that was great! Huh? Can you believe how long we threw that ball around?
[SPEAKER_Rachel] Yeah, it is amazing it lasted that long.","[SPEAKER_Joey] Man that was great! Huh? Can you believe how long we threw that ball around?
[SPEAKER_Rachel] Yeah, it is amazing it lasted that long.",neutral,4,3,joy,False,0.009521864,0.0019012919,0.0012067402,0.91315114,0.013034863,0.004072179,0.05711199
206,2,Ross,I know. My arm is killing me.,neutral,"[SPEAKER_Rachel] Yeah, it is amazing it lasted that long.
[SPEAKER_Ross] I know. My arm is killing me.","[SPEAKER_Rachel] Yeah, it is amazing it lasted that long.
[SPEAKER_Ross] I know. My arm is killing me.",neutral,4,5,sadness,False,0.14432615,0.048497617,0.15919416,0.062867954,0.028553005,0.49009934,0.066461734
206,3,Rachel,"No, I meant with the dropper over here.",neutral,"[SPEAKER_Ross] I know. My arm is killing me.
[SPEAKER_Rachel] No, I meant with the dropper over here.","[SPEAKER_Ross] I know. My arm is killing me.
[SPEAKER_Rachel] No, I meant with the dropper over here.",neutral,4,4,neutral,True,0.008031306,0.0015397021,0.0021517037,0.005000273,0.978627,0.0033878,0.0012621692
206,4,Chandler,"Y'know, how did I get this reputation as a dropper? Okay? I'm",anger,"[SPEAKER_Rachel] No, I meant with the dropper over here.
[SPEAKER_Chandler] Y'know, how did I get this reputation as a dropper? Okay? I'm","[SPEAKER_Rachel] No, I meant with the dropper over here.
[SPEAKER_Chandler] Y'know, how did I get this reputation as a dropper? Okay? I'm",anger,0,4,neutral,False,0.14823213,0.012139141,0.016166357,0.16471109,0.4712558,0.046440907,0.14105457
207,1,Ross,"What. Oh no, you just rolled over the juice box.",sadness,"[SPEAKER_Rachel] Ah, oh God. Oh, honey, oh that's OK.
[SPEAKER_Ross] What. Oh no, you just rolled over the juice box.","[SPEAKER_Rachel] Ah, oh God. Oh, honey, oh that's OK.
[SPEAKER_Ross] What. Oh no, you just rolled over the juice box.",sadness,5,6,surprise,False,0.0142867295,0.004072072,0.008783466,0.013445709,0.24304558,0.011992306,0.70437413
208,1,Joey,I just saw a woman breast feeding both of her twins at the same time. it is like a freak show up here.,neutral,"[SPEAKER_Joey] Hey.
[SPEAKER_Joey] I just saw a woman breast feeding both of her twins at the same time. it is like a freak show up here.","[SPEAKER_Joey] Hey.
[SPEAKER_Joey] I just saw a woman breast feeding both of her twins at the same time. it is like a freak show up here.",neutral,4,1,disgust,False,0.06070663,0.40637004,0.0490751,0.07339963,0.035787277,0.20225939,0.17240193
208,2,Joey,What’s the matter?,neutral,"[SPEAKER_Joey] I just saw a woman breast feeding both of her twins at the same time. it is like a freak show up here.
[SPEAKER_Joey] What’s the matter?","[SPEAKER_Joey] I just saw a woman breast feeding both of her twins at the same time. it is like a freak show up here.
[SPEAKER_Joey] What’s the matter?",neutral,4,4,neutral,True,0.04048213,0.0146341445,0.07335162,0.06471436,0.6924821,0.07741034,0.03692524
208,3,Rachel,Nothing.,neutral,"[SPEAKER_Joey] What’s the matter?
[SPEAKER_Rachel] Nothing.","[SPEAKER_Joey] What’s the matter?
[SPEAKER_Rachel] Nothing.",neutral,4,4,neutral,True,0.02750028,0.0058411537,0.0041499357,0.023025878,0.92425156,0.010565366,0.004665707
208,4,Joey,What is it? Hey!,sadness,"[SPEAKER_Rachel] Nothing.
[SPEAKER_Joey] What is it? Hey!","[SPEAKER_Rachel] Nothing.
[SPEAKER_Joey] What is it? Hey!",sadness,5,6,surprise,False,0.019887011,0.0022082455,0.005286871,0.030763566,0.089199424,0.008223282,0.8444316
208,5,Rachel,Really it’s nothing. I’m just,sadness,"[SPEAKER_Joey] What is it? Hey!
[SPEAKER_Rachel] Really it’s nothing. I’m just","[SPEAKER_Joey] What is it? Hey!
[SPEAKER_Rachel] Really it’s nothing. I’m just",sadness,5,4,neutral,False,0.012631045,0.0038107128,0.0057658614,0.025521502,0.9327277,0.016756028,0.0027871036
208,6,Joey,"Rach come on, what?",neutral,"[SPEAKER_Rachel] Really it’s nothing. I’m just
[SPEAKER_Joey] Rach come on, what?","[SPEAKER_Rachel] Really it’s nothing. I’m just
[SPEAKER_Joey] Rach come on, what?",neutral,4,4,neutral,True,0.06497067,0.0035020967,0.022238448,0.033333156,0.5615736,0.017507015,0.29687497
208,7,Rachel,I’ve just been thinking about how my baby and I are gonna be all alone.,sadness,"[SPEAKER_Joey] Rach come on, what?
[SPEAKER_Rachel] I’ve just been thinking about how my baby and I are gonna be all alone.","[SPEAKER_Joey] Rach come on, what?
[SPEAKER_Rachel] I’ve just been thinking about how my baby and I are gonna be all alone.",sadness,5,5,sadness,True,0.059786502,0.01115904,0.065318346,0.09718827,0.12500341,0.621869,0.019675393
208,8,Joey,What are you talking about alone? What about Ross?,surprise,"[SPEAKER_Rachel] I’ve just been thinking about how my baby and I are gonna be all alone.
[SPEAKER_Joey] What are you talking about alone? What about Ross?","[SPEAKER_Rachel] I’ve just been thinking about how my baby and I are gonna be all alone.
[SPEAKER_Joey] What are you talking about alone? What about Ross?",surprise,6,6,surprise,True,0.071741715,0.0043034917,0.010224287,0.011769272,0.21283372,0.018263377,0.6708642
208,9,Rachel,"Oh please, he’ll be with his real family, the twins and little miss new boobs.",sadness,"[SPEAKER_Joey] What are you talking about alone? What about Ross?
[SPEAKER_Rachel] Oh please, he’ll be with his real family, the twins and little miss new boobs.","[SPEAKER_Joey] What are you talking about alone? What about Ross?
[SPEAKER_Rachel] Oh please, he’ll be with his real family, the twins and little miss new boobs.",sadness,5,5,sadness,True,0.02867269,0.037927996,0.040747486,0.12254161,0.06499522,0.6997566,0.0053583165
208,10,Joey,"Okay, how long was I watching that woman?",neutral,"[SPEAKER_Rachel] Oh please, he’ll be with his real family, the twins and little miss new boobs.
[SPEAKER_Joey] Okay, how long was I watching that woman?","[SPEAKER_Rachel] Oh please, he’ll be with his real family, the twins and little miss new boobs.
[SPEAKER_Joey] Okay, how long was I watching that woman?",neutral,4,6,surprise,False,0.06724182,0.037902687,0.014519244,0.034499165,0.11492732,0.042500153,0.6884096
208,11,Rachel,"I’m just saying that y’know, someday Ross is gonna meet somebody and…he’s gonna have his own life. Right?",sadness,"[SPEAKER_Joey] Okay, how long was I watching that woman?
[SPEAKER_Rachel] I’m just saying that y’know, someday Ross is gonna meet somebody and…he’s gonna have his own life. Right?","[SPEAKER_Joey] Okay, how long was I watching that woman?
[SPEAKER_Rachel] I’m just saying that y’know, someday Ross is gonna meet somebody and…he’s gonna have his own life. Right?",sadness,5,0,anger,False,0.36909506,0.01318659,0.0974319,0.29029137,0.12142995,0.10100956,0.0075555434
208,12,Joey,"Yeah, I guess so.",neutral,"[SPEAKER_Rachel] I’m just saying that y’know, someday Ross is gonna meet somebody and…he’s gonna have his own life. Right?
[SPEAKER_Joey] Yeah, I guess so.","[SPEAKER_Rachel] I’m just saying that y’know, someday Ross is gonna meet somebody and…he’s gonna have his own life. Right?
[SPEAKER_Joey] Yeah, I guess so.",neutral,4,4,neutral,True,0.03544226,0.0062551084,0.010064722,0.12265406,0.77505,0.048314866,0.0022189284
208,13,Rachel,I just never thought I would raise this baby all by myself. Pretty dumb huh?,sadness,"[SPEAKER_Joey] Yeah, I guess so.
[SPEAKER_Rachel] I just never thought I would raise this baby all by myself. Pretty dumb huh?","[SPEAKER_Joey] Yeah, I guess so.
[SPEAKER_Rachel] I just never thought I would raise this baby all by myself. Pretty dumb huh?",sadness,5,6,surprise,False,0.050556835,0.008642345,0.0143891005,0.09436427,0.094876595,0.033056006,0.7041149
209,1,Bob,"I just found out this is Chandler’s office! Come on Toby, give me a hand!",joy,"[SPEAKER_Chandler] Bob. Bob! Bob!!!  What the hell are you doing?!
[SPEAKER_Bob] I just found out this is Chandler’s office! Come on Toby, give me a hand!","[SPEAKER_Chandler] Bob. Bob! Bob!!!  What the hell are you doing?!
[SPEAKER_Bob] I just found out this is Chandler’s office! Come on Toby, give me a hand!",joy,3,0,anger,False,0.49087822,0.0214623,0.0061413725,0.16933429,0.16503938,0.014089806,0.13305461
210,1,Chandler,We said seven!,anger,"[SPEAKER_Monica] Chandler, we said we would meet at the coffeehouse at six.
[SPEAKER_Chandler] We said seven!","[SPEAKER_Monica] Chandler, we said we would meet at the coffeehouse at six.
[SPEAKER_Chandler] We said seven!",anger,0,3,joy,False,0.3527477,0.008644609,0.015517862,0.38647914,0.0997222,0.02026475,0.11662369
210,2,Monica,We said six!,anger,"[SPEAKER_Chandler] We said seven!
[SPEAKER_Monica] We said six!","[SPEAKER_Chandler] We said seven!
[SPEAKER_Monica] We said six!",anger,0,3,joy,False,0.31226933,0.009040852,0.013737357,0.42003694,0.09394055,0.016572881,0.1344021
210,3,Chandler,"The only way that I said six would be if the seven’s, let meet at seven, not at six.",neutral,"[SPEAKER_Monica] We said six!
[SPEAKER_Chandler] The only way that I said six would be if the seven’s, let meet at seven, not at six.","[SPEAKER_Monica] We said six!
[SPEAKER_Chandler] The only way that I said six would be if the seven’s, let meet at seven, not at six.",neutral,4,4,neutral,True,0.010242696,0.0020030888,0.0018172996,0.012607318,0.9678977,0.003282887,0.0021489565
210,4,Monica,"Yeah and if I had seven, maybe I would’ve said something like this, ""Wow! My boyfriend’s such a wise ass—seven!""",anger,"[SPEAKER_Chandler] The only way that I said six would be if the seven’s, let meet at seven, not at six.
[SPEAKER_Monica] Yeah and if I had seven, maybe I would’ve said something like this, ""Wow! My boyfriend’s such a wise ass—seven!""","[SPEAKER_Chandler] The only way that I said six would be if the seven’s, let meet at seven, not at six.
[SPEAKER_Monica] Yeah and if I had seven, maybe I would’ve said something like this, ""Wow! My boyfriend’s such a wise ass—seven!""",anger,0,3,joy,False,0.14857712,0.0171056,0.0059204656,0.5264355,0.034568876,0.026199384,0.24119309
210,5,Phoebe,Hi!,joy,"[SPEAKER_Monica] Yeah and if I had seven, maybe I would’ve said something like this, ""Wow! My boyfriend’s such a wise ass—seven!""
[SPEAKER_Phoebe] Hi!","[SPEAKER_Monica] Yeah and if I had seven, maybe I would’ve said something like this, ""Wow! My boyfriend’s such a wise ass—seven!""
[SPEAKER_Phoebe] Hi!",joy,3,3,joy,True,0.010072412,0.00092505035,0.0009627238,0.94328374,0.029405056,0.0025062342,0.012844793
210,6,Chandler,Oh my good God.,disgust,"[SPEAKER_Phoebe] Hi!
[SPEAKER_Chandler] Oh my good God.","[SPEAKER_Phoebe] Hi!
[SPEAKER_Chandler] Oh my good God.",disgust,1,6,surprise,False,0.015353765,0.008380323,0.008575673,0.43693802,0.022650335,0.018560484,0.48954138
210,7,Phoebe,I know what time you said.,joy,"[SPEAKER_Chandler] Oh my good God.
[SPEAKER_Phoebe] I know what time you said.","[SPEAKER_Chandler] Oh my good God.
[SPEAKER_Phoebe] I know what time you said.",joy,3,4,neutral,False,0.007927398,0.0010714155,0.002469748,0.007631492,0.97111523,0.002855238,0.0069294306
210,8,Chandler,What?!,surprise,"[SPEAKER_Phoebe] I know what time you said.
[SPEAKER_Chandler] What?!","[SPEAKER_Phoebe] I know what time you said.
[SPEAKER_Chandler] What?!",surprise,6,6,surprise,True,0.019855224,0.001989788,0.004566631,0.0037233883,0.025557306,0.006818551,0.93748915
210,9,Phoebe,"Well actually, I know what time Chester and Marcia said.",neutral,"[SPEAKER_Chandler] What?!
[SPEAKER_Phoebe] Well actually, I know what time Chester and Marcia said.","[SPEAKER_Chandler] What?!
[SPEAKER_Phoebe] Well actually, I know what time Chester and Marcia said.",neutral,4,4,neutral,True,0.0053520654,0.0010116043,0.0017293114,0.0069870334,0.97847235,0.002821204,0.0036265126
211,1,Phoebe,"Well, what did he do?",surprise,"[SPEAKER_The Dry Cleaner] You, get out of my shop!
[SPEAKER_Phoebe] Well, what did he do?","[SPEAKER_The Dry Cleaner] You, get out of my shop!
[SPEAKER_Phoebe] Well, what did he do?",surprise,6,4,neutral,False,0.017917981,0.0020365946,0.010193331,0.02861845,0.6594365,0.0088555375,0.27294165
211,2,The Dry Cleaner,He went out with my wife!,anger,"[SPEAKER_Phoebe] Well, what did he do?
[SPEAKER_The Dry Cleaner] He went out with my wife!","[SPEAKER_Phoebe] Well, what did he do?
[SPEAKER_The Dry Cleaner] He went out with my wife!",anger,0,3,joy,False,0.2866847,0.024491884,0.01634917,0.2919365,0.16278067,0.057651673,0.16010542
211,3,Phoebe,Joey!,surprise,"[SPEAKER_The Dry Cleaner] He went out with my wife!
[SPEAKER_Phoebe] Joey!","[SPEAKER_The Dry Cleaner] He went out with my wife!
[SPEAKER_Phoebe] Joey!",surprise,6,6,surprise,True,0.19978079,0.015998337,0.013393369,0.21670121,0.13026625,0.036473803,0.38738626
211,4,Joey,"Whoa-whoa-whoa-whoa, I-I—Hey! I did",anger,"[SPEAKER_Phoebe] Joey!
[SPEAKER_Joey] Whoa-whoa-whoa-whoa, I-I—Hey! I did","[SPEAKER_Phoebe] Joey!
[SPEAKER_Joey] Whoa-whoa-whoa-whoa, I-I—Hey! I did",anger,0,6,surprise,False,0.010584143,0.0027027193,0.011552853,0.08675967,0.03155471,0.00861111,0.8482347
211,5,The Dry Cleaner,That’s my wife!!! Get out!,anger,"[SPEAKER_Joey] Whoa-whoa-whoa-whoa, I-I—Hey! I did
[SPEAKER_The Dry Cleaner] That’s my wife!!! Get out!","[SPEAKER_Joey] Whoa-whoa-whoa-whoa, I-I—Hey! I did
[SPEAKER_The Dry Cleaner] That’s my wife!!! Get out!",anger,0,0,anger,True,0.83253115,0.011347031,0.018029997,0.07117635,0.029281683,0.014603101,0.023030758
211,6,Phoebe,"Well, we should go.",neutral,"[SPEAKER_The Dry Cleaner] That’s my wife!!! Get out!
[SPEAKER_Phoebe] Well, we should go.","[SPEAKER_The Dry Cleaner] That’s my wife!!! Get out!
[SPEAKER_Phoebe] Well, we should go.",neutral,4,4,neutral,True,0.0054570218,0.004359493,0.004901622,0.015324131,0.96299666,0.0062278667,0.0007332994
211,7,Joey,Yeah.,neutral,"[SPEAKER_Phoebe] Well, we should go.
[SPEAKER_Joey] Yeah.","[SPEAKER_Phoebe] Well, we should go.
[SPEAKER_Joey] Yeah.",neutral,4,4,neutral,True,0.0049428446,0.0024676444,0.0040882416,0.06040759,0.91639495,0.010165967,0.0015327127
212,1,Janice,Oh please.,neutral,"[SPEAKER_Chandler] Y’know you, really didn’t have to take me to the airport.
[SPEAKER_Janice] Oh please.","[SPEAKER_Chandler] Y’know you, really didn’t have to take me to the airport.
[SPEAKER_Janice] Oh please.",neutral,4,5,sadness,False,0.020865275,0.011439632,0.18767467,0.08472611,0.15256605,0.52953625,0.013192014
212,2,Janice,Every moment is precious.,sadness,"[SPEAKER_Janice] Oh please.
[SPEAKER_Janice] Every moment is precious.","[SPEAKER_Janice] Oh please.
[SPEAKER_Janice] Every moment is precious.",sadness,5,3,joy,False,0.029698012,0.003726826,0.0061065643,0.7250096,0.20959185,0.012507119,0.013360063
212,3,Janice,Y’know?,neutral,"[SPEAKER_Janice] Every moment is precious.
[SPEAKER_Janice] Y’know?","[SPEAKER_Janice] Every moment is precious.
[SPEAKER_Janice] Y’know?",neutral,4,4,neutral,True,0.062691934,0.0037680254,0.018255798,0.06904086,0.7703482,0.0128342705,0.063060895
212,4,Janice,"Besides, somebody had to ride in that other taxi with the rest of your luggage, and your friends don’t really seem to care too much that you’re leaving.",sadness,"[SPEAKER_Janice] Y’know?
[SPEAKER_Janice] Besides, somebody had to ride in that other taxi with the rest of your luggage, and your friends don’t really seem to care too much that you’re leaving.","[SPEAKER_Janice] Y’know?
[SPEAKER_Janice] Besides, somebody had to ride in that other taxi with the rest of your luggage, and your friends don’t really seem to care too much that you’re leaving.",sadness,5,4,neutral,False,0.06756246,0.014458932,0.007479375,0.06595295,0.8151218,0.025308091,0.0041163135
212,5,Chandler,"Well, we’re really not that close.  Okay, so I guess this is uh, good-bye then.",neutral,"[SPEAKER_Janice] Besides, somebody had to ride in that other taxi with the rest of your luggage, and your friends don’t really seem to care too much that you’re leaving.
[SPEAKER_Chandler] Well, we’re really not that close.  Okay, so I guess this is uh, good-bye then.","[SPEAKER_Janice] Besides, somebody had to ride in that other taxi with the rest of your luggage, and your friends don’t really seem to care too much that you’re leaving.
[SPEAKER_Chandler] Well, we’re really not that close.  Okay, so I guess this is uh, good-bye then.",neutral,4,4,neutral,True,0.01085979,0.0029534793,0.0053947675,0.06765948,0.89175534,0.019634813,0.0017423483
212,6,Janice,"On no! No! It’s not good-bye, I’m not leaving until you get on that plane.",sadness,"[SPEAKER_Chandler] Well, we’re really not that close.  Okay, so I guess this is uh, good-bye then.
[SPEAKER_Janice] On no! No! It’s not good-bye, I’m not leaving until you get on that plane.","[SPEAKER_Chandler] Well, we’re really not that close.  Okay, so I guess this is uh, good-bye then.
[SPEAKER_Janice] On no! No! It’s not good-bye, I’m not leaving until you get on that plane.",sadness,5,0,anger,False,0.53120035,0.024468178,0.04700254,0.10656759,0.18353115,0.05193987,0.055290315
213,1,Ross,"Yeah, I was going for the metaphor.",neutral,"[SPEAKER_Chandler] No, I’m afraid I won’t be able to make love as well as him.
[SPEAKER_Ross] Yeah, I was going for the metaphor.","[SPEAKER_Chandler] No, I’m afraid I won’t be able to make love as well as him.
[SPEAKER_Ross] Yeah, I was going for the metaphor.",neutral,4,4,neutral,True,0.003491742,0.0013461217,0.000839223,0.008207567,0.9831457,0.0015299828,0.0014397326
213,2,Chandler,"Yes, and I was saying the actual words.",neutral,"[SPEAKER_Ross] Yeah, I was going for the metaphor.
[SPEAKER_Chandler] Yes, and I was saying the actual words.","[SPEAKER_Ross] Yeah, I was going for the metaphor.
[SPEAKER_Chandler] Yes, and I was saying the actual words.",neutral,4,4,neutral,True,0.01653713,0.0027126488,0.006152876,0.023242524,0.92850035,0.0054741674,0.017380247
213,3,Monica,"So big deal, so Joey’s had a lot of girlfriends, it doesn’t mean he’s great in bed.",neutral,"[SPEAKER_Chandler] Yes, and I was saying the actual words.
[SPEAKER_Monica] So big deal, so Joey’s had a lot of girlfriends, it doesn’t mean he’s great in bed.","[SPEAKER_Chandler] Yes, and I was saying the actual words.
[SPEAKER_Monica] So big deal, so Joey’s had a lot of girlfriends, it doesn’t mean he’s great in bed.",neutral,4,5,sadness,False,0.14441825,0.18227161,0.03020117,0.080984965,0.09853179,0.40313232,0.0604598
213,4,Chandler,"We share a wall! So either he’s great in bed, or she just likes to agree with him a lot.",neutral,"[SPEAKER_Monica] So big deal, so Joey’s had a lot of girlfriends, it doesn’t mean he’s great in bed.
[SPEAKER_Chandler] We share a wall! So either he’s great in bed, or she just likes to agree with him a lot.","[SPEAKER_Monica] So big deal, so Joey’s had a lot of girlfriends, it doesn’t mean he’s great in bed.
[SPEAKER_Chandler] We share a wall! So either he’s great in bed, or she just likes to agree with him a lot.",neutral,4,3,joy,False,0.08029999,0.060290147,0.00493654,0.38819233,0.34181917,0.026105434,0.0983564
213,5,Monica,"Sweetie, with you it’s gonna be different. The sex is gonna be great, ‘cause you-you guys are in love.",joy,"[SPEAKER_Chandler] We share a wall! So either he’s great in bed, or she just likes to agree with him a lot.
[SPEAKER_Monica] Sweetie, with you it’s gonna be different. The sex is gonna be great, ‘cause you-you guys are in love.","[SPEAKER_Chandler] We share a wall! So either he’s great in bed, or she just likes to agree with him a lot.
[SPEAKER_Monica] Sweetie, with you it’s gonna be different. The sex is gonna be great, ‘cause you-you guys are in love.",joy,3,3,joy,True,0.012604105,0.0027397696,0.0040867417,0.7318947,0.23329781,0.012558307,0.0028185127
213,6,Chandler,Yeah?,surprise,"[SPEAKER_Monica] Sweetie, with you it’s gonna be different. The sex is gonna be great, ‘cause you-you guys are in love.
[SPEAKER_Chandler] Yeah?","[SPEAKER_Monica] Sweetie, with you it’s gonna be different. The sex is gonna be great, ‘cause you-you guys are in love.
[SPEAKER_Chandler] Yeah?",surprise,6,6,surprise,True,0.0276593,0.0026630487,0.017820265,0.040268987,0.39257675,0.014858223,0.50415343
213,7,Rachel,Yeah!,joy,"[SPEAKER_Chandler] Yeah?
[SPEAKER_Rachel] Yeah!","[SPEAKER_Chandler] Yeah?
[SPEAKER_Rachel] Yeah!",joy,3,3,joy,True,0.032986224,0.0027051913,0.0035378116,0.82033324,0.08536152,0.0068641426,0.048211787
213,8,Ross,Just go for it Chandler.,neutral,"[SPEAKER_Rachel] Yeah!
[SPEAKER_Ross] Just go for it Chandler.","[SPEAKER_Rachel] Yeah!
[SPEAKER_Ross] Just go for it Chandler.",neutral,4,4,neutral,True,0.005227279,0.0017756949,0.001070809,0.010568128,0.9786975,0.001903586,0.0007570484
213,9,Monica,"Yeah, you should.",neutral,"[SPEAKER_Ross] Just go for it Chandler.
[SPEAKER_Monica] Yeah, you should.","[SPEAKER_Ross] Just go for it Chandler.
[SPEAKER_Monica] Yeah, you should.",neutral,4,4,neutral,True,0.004074046,0.0028345364,0.0013277314,0.017679585,0.971084,0.0023812214,0.0006189189
213,10,Rachel,"Yeah, you should, really.",neutral,"[SPEAKER_Monica] Yeah, you should.
[SPEAKER_Rachel] Yeah, you should, really.","[SPEAKER_Monica] Yeah, you should.
[SPEAKER_Rachel] Yeah, you should, really.",neutral,4,3,joy,False,0.016170891,0.0048820637,0.005233039,0.6985755,0.25479883,0.016141035,0.0041986317
213,11,Chandler,"All right, all right, I’ll go sleep with my girlfriend. But I’m just doing it for you guys.",neutral,"[SPEAKER_Rachel] Yeah, you should, really.
[SPEAKER_Chandler] All right, all right, I’ll go sleep with my girlfriend. But I’m just doing it for you guys.","[SPEAKER_Rachel] Yeah, you should, really.
[SPEAKER_Chandler] All right, all right, I’ll go sleep with my girlfriend. But I’m just doing it for you guys.",neutral,4,4,neutral,True,0.016553147,0.010105547,0.0037648005,0.13954952,0.8171025,0.011658076,0.0012664071
214,1,Joey,"Come on Treeger, don’t say that.",sadness,"[SPEAKER_Mr. Treeger] : I’m sure as hell a dancer, it’s no use Marge will never go for me.
[SPEAKER_Joey] Come on Treeger, don’t say that.","[SPEAKER_Mr. Treeger] : I’m sure as hell a dancer, it’s no use Marge will never go for me.
[SPEAKER_Joey] Come on Treeger, don’t say that.",sadness,5,4,neutral,False,0.17057258,0.06640342,0.2192739,0.077540204,0.3456061,0.10220185,0.018401964
214,2,Joey,"You just ahh, you just need more practice.",neutral,"[SPEAKER_Joey] Come on Treeger, don’t say that.
[SPEAKER_Joey] You just ahh, you just need more practice.","[SPEAKER_Joey] Come on Treeger, don’t say that.
[SPEAKER_Joey] You just ahh, you just need more practice.",neutral,4,4,neutral,True,0.009098477,0.0048431843,0.00443332,0.024697496,0.9526329,0.0031839288,0.0011107445
214,3,Joey,"Here, come on, let’s ahh, let’s try it again.",neutral,"[SPEAKER_Joey] You just ahh, you just need more practice.
[SPEAKER_Joey] Here, come on, let’s ahh, let’s try it again.","[SPEAKER_Joey] You just ahh, you just need more practice.
[SPEAKER_Joey] Here, come on, let’s ahh, let’s try it again.",neutral,4,4,neutral,True,0.013368226,0.0040374496,0.0040811463,0.13091497,0.8410022,0.0045717345,0.0020241572
214,4,Joey,"Plus, it was, it was probably mostly my fault, anyway.",sadness,"[SPEAKER_Joey] Here, come on, let’s ahh, let’s try it again.
[SPEAKER_Joey] Plus, it was, it was probably mostly my fault, anyway.","[SPEAKER_Joey] Here, come on, let’s ahh, let’s try it again.
[SPEAKER_Joey] Plus, it was, it was probably mostly my fault, anyway.",sadness,5,5,sadness,True,0.03414762,0.011215928,0.020664927,0.061638683,0.076064266,0.79209703,0.0041714953
214,5,Joey,"I mean, y’know, I’m not really that comfortable dancing with a— We-he!!",joy,"[SPEAKER_Joey] Plus, it was, it was probably mostly my fault, anyway.
[SPEAKER_Joey] I mean, y’know, I’m not really that comfortable dancing with a— We-he!!","[SPEAKER_Joey] Plus, it was, it was probably mostly my fault, anyway.
[SPEAKER_Joey] I mean, y’know, I’m not really that comfortable dancing with a— We-he!!",joy,3,2,fear,False,0.10644859,0.036461037,0.277691,0.10651872,0.07971901,0.11634881,0.27681276
214,6,Joey,Hey!,joy,"[SPEAKER_Joey] I mean, y’know, I’m not really that comfortable dancing with a— We-he!!
[SPEAKER_Joey] Hey!","[SPEAKER_Joey] I mean, y’know, I’m not really that comfortable dancing with a— We-he!!
[SPEAKER_Joey] Hey!",joy,3,6,surprise,False,0.03346208,0.0036803219,0.005880025,0.28156182,0.092399664,0.011122176,0.57189393
214,7,Mr. Treeger,: Yeah!,joy,"[SPEAKER_Joey] Hey!
[SPEAKER_Mr. Treeger] : Yeah!","[SPEAKER_Joey] Hey!
[SPEAKER_Mr. Treeger] : Yeah!",joy,3,3,joy,True,0.035848465,0.0018539295,0.0029895706,0.79522103,0.11560363,0.005813984,0.042669397
215,1,David,"July. Umm,",neutral,"[SPEAKER_Phoebe] Are you sure? I’ll bet there’s another flight to Minsk in like
[SPEAKER_David] July. Umm,","[SPEAKER_Phoebe] Are you sure? I’ll bet there’s another flight to Minsk in like
[SPEAKER_David] July. Umm,",neutral,4,4,neutral,True,0.0020028285,0.0013861815,0.0024139816,0.01037999,0.979752,0.0030622652,0.0010027919
215,2,Phoebe,That’s really beautiful. What does it mean?,joy,"[SPEAKER_David] July. Umm,
[SPEAKER_Phoebe] That’s really beautiful. What does it mean?","[SPEAKER_David] July. Umm,
[SPEAKER_Phoebe] That’s really beautiful. What does it mean?",joy,3,4,neutral,False,0.00935691,0.0015099277,0.0053975806,0.06116071,0.8552741,0.008723059,0.058577716
215,3,David,"Please, clean my beakers. I don’t get out of the lab much.",neutral,"[SPEAKER_Phoebe] That’s really beautiful. What does it mean?
[SPEAKER_David] Please, clean my beakers. I don’t get out of the lab much.","[SPEAKER_Phoebe] That’s really beautiful. What does it mean?
[SPEAKER_David] Please, clean my beakers. I don’t get out of the lab much.",neutral,4,4,neutral,True,0.014586393,0.0076273195,0.007179006,0.014020014,0.9480303,0.0063888687,0.0021682042
215,4,Phoebe,"That’s good. I got to admit, I thought it was something else.",joy,"[SPEAKER_David] Please, clean my beakers. I don’t get out of the lab much.
[SPEAKER_Phoebe] That’s good. I got to admit, I thought it was something else.","[SPEAKER_David] Please, clean my beakers. I don’t get out of the lab much.
[SPEAKER_Phoebe] That’s good. I got to admit, I thought it was something else.",joy,3,4,neutral,False,0.010198716,0.0041663647,0.015081035,0.04741464,0.885388,0.020508545,0.017242705
215,5,David,"Yeah, I… Well I really actually wanted to say umm, that, but um, I figured I probably shouldn’t because y’know, I…have to leave.",neutral,"[SPEAKER_Phoebe] That’s good. I got to admit, I thought it was something else.
[SPEAKER_David] Yeah, I… Well I really actually wanted to say umm, that, but um, I figured I probably shouldn’t because y’know, I…have to leave.","[SPEAKER_Phoebe] That’s good. I got to admit, I thought it was something else.
[SPEAKER_David] Yeah, I… Well I really actually wanted to say umm, that, but um, I figured I probably shouldn’t because y’know, I…have to leave.",neutral,4,2,fear,False,0.03274554,0.01070628,0.33623588,0.08445248,0.21594177,0.30804116,0.011876843
215,6,Phoebe,You’re right! You’re right. Don’t say it.,sadness,"[SPEAKER_David] Yeah, I… Well I really actually wanted to say umm, that, but um, I figured I probably shouldn’t because y’know, I…have to leave.
[SPEAKER_Phoebe] You’re right! You’re right. Don’t say it.","[SPEAKER_David] Yeah, I… Well I really actually wanted to say umm, that, but um, I figured I probably shouldn’t because y’know, I…have to leave.
[SPEAKER_Phoebe] You’re right! You’re right. Don’t say it.",sadness,5,3,joy,False,0.21782981,0.013597716,0.20216896,0.3453257,0.115828805,0.08317427,0.022074675
215,7,David,I-I do though.,sadness,"[SPEAKER_Phoebe] You’re right! You’re right. Don’t say it.
[SPEAKER_David] I-I do though.","[SPEAKER_Phoebe] You’re right! You’re right. Don’t say it.
[SPEAKER_David] I-I do though.",sadness,5,2,fear,False,0.040203556,0.012711542,0.46251854,0.1676855,0.09927687,0.16011919,0.057484806
215,8,Phoebe,I do too.,sadness,"[SPEAKER_David] I-I do though.
[SPEAKER_Phoebe] I do too.","[SPEAKER_David] I-I do though.
[SPEAKER_Phoebe] I do too.",sadness,5,3,joy,False,0.030788336,0.0041699456,0.016556902,0.7070701,0.18271588,0.054337326,0.004361495
215,9,David,Bye Phoebe.,neutral,"[SPEAKER_Phoebe] I do too.
[SPEAKER_David] Bye Phoebe.","[SPEAKER_Phoebe] I do too.
[SPEAKER_David] Bye Phoebe.",neutral,4,4,neutral,True,0.008430897,0.0021969369,0.0032278302,0.13060087,0.8320946,0.021610903,0.0018378744
215,10,Phoebe,"Okay, now’s not the time Joey. All right? You can yell at me tomorrow.",sadness,"[SPEAKER_David] Bye Phoebe.
[SPEAKER_Phoebe] Okay, now’s not the time Joey. All right? You can yell at me tomorrow.","[SPEAKER_David] Bye Phoebe.
[SPEAKER_Phoebe] Okay, now’s not the time Joey. All right? You can yell at me tomorrow.",sadness,5,4,neutral,False,0.012754316,0.0017384149,0.0015402765,0.009139602,0.970574,0.0028384135,0.0014149314
216,1,Monica,I can’t believe you’re getting married!,joy,"[SPEAKER_Rachel] Yeah, I-I heard.  I think it’s great!  Ohh, I’m so happy for you!
[SPEAKER_Monica] I can’t believe you’re getting married!","[SPEAKER_Rachel] Yeah, I-I heard.  I think it’s great!  Ohh, I’m so happy for you!
[SPEAKER_Monica] I can’t believe you’re getting married!",joy,3,6,surprise,False,0.009364195,0.0021927466,0.003347004,0.02766408,0.009154321,0.0081276065,0.94015
216,2,Ross,Yeah.,neutral,"[SPEAKER_Monica] I can’t believe you’re getting married!
[SPEAKER_Ross] Yeah.","[SPEAKER_Monica] I can’t believe you’re getting married!
[SPEAKER_Ross] Yeah.",neutral,4,4,neutral,True,0.010594635,0.002504477,0.004412041,0.14021851,0.8189372,0.020869523,0.0024635415
216,3,Joey,Monica and Rachel made out.,neutral,"[SPEAKER_Ross] Yeah.
[SPEAKER_Joey] Monica and Rachel made out.","[SPEAKER_Ross] Yeah.
[SPEAKER_Joey] Monica and Rachel made out.",neutral,4,4,neutral,True,0.0051083136,0.0019843404,0.0015253633,0.015049542,0.9712597,0.0025813924,0.002491226
217,1,Ross,Why are we in bed together?,surprise,"[SPEAKER_Rachel] Ohhh!
[SPEAKER_Ross] Why are we in bed together?","[SPEAKER_Rachel] Ohhh!
[SPEAKER_Ross] Why are we in bed together?",surprise,6,6,surprise,True,0.030791322,0.0028463306,0.006780968,0.010200785,0.22895113,0.011708498,0.708721
217,2,Rachel,I don’t know. Do-do you have any clothes on?,neutral,"[SPEAKER_Ross] Why are we in bed together?
[SPEAKER_Rachel] I don’t know. Do-do you have any clothes on?","[SPEAKER_Ross] Why are we in bed together?
[SPEAKER_Rachel] I don’t know. Do-do you have any clothes on?",neutral,4,4,neutral,True,0.017918272,0.002913631,0.06786065,0.056195814,0.7852309,0.013775895,0.056104846
217,3,Ross,Yeah.,neutral,"[SPEAKER_Rachel] I don’t know. Do-do you have any clothes on?
[SPEAKER_Ross] Yeah.","[SPEAKER_Rachel] I don’t know. Do-do you have any clothes on?
[SPEAKER_Ross] Yeah.",neutral,4,4,neutral,True,0.003522927,0.0037811138,0.005285983,0.045964673,0.92760134,0.011995985,0.0018479496
217,4,Rachel,Really?!,surprise,"[SPEAKER_Ross] Yeah.
[SPEAKER_Rachel] Really?!","[SPEAKER_Ross] Yeah.
[SPEAKER_Rachel] Really?!",surprise,6,6,surprise,True,0.008318068,0.00139275,0.0027021666,0.0035095387,0.017225513,0.004327654,0.9625243
217,5,Ross,No!,neutral,"[SPEAKER_Rachel] Really?!
[SPEAKER_Ross] No!","[SPEAKER_Rachel] Really?!
[SPEAKER_Ross] No!",neutral,4,0,anger,False,0.56817126,0.024219973,0.067043126,0.033175934,0.03282799,0.040980488,0.2335812
217,6,Ross,"But we-we didn’t have…sex-uh, did we?",fear,"[SPEAKER_Ross] No!
[SPEAKER_Ross] But we-we didn’t have…sex-uh, did we?","[SPEAKER_Ross] No!
[SPEAKER_Ross] But we-we didn’t have…sex-uh, did we?",fear,2,4,neutral,False,0.023883501,0.006509366,0.11179088,0.18326472,0.46846098,0.034005467,0.17208508
217,7,Ross,"I mean, I don’t remember much about last night, it was such a blur.",neutral,"[SPEAKER_Ross] But we-we didn’t have…sex-uh, did we?
[SPEAKER_Ross] I mean, I don’t remember much about last night, it was such a blur.","[SPEAKER_Ross] But we-we didn’t have…sex-uh, did we?
[SPEAKER_Ross] I mean, I don’t remember much about last night, it was such a blur.",neutral,4,4,neutral,True,0.049328864,0.012214451,0.119995095,0.1363678,0.28456724,0.2650411,0.13248543
217,8,Rachel,Oh! I remember laughing! I laughed a lot.,joy,"[SPEAKER_Ross] I mean, I don’t remember much about last night, it was such a blur.
[SPEAKER_Rachel] Oh! I remember laughing! I laughed a lot.","[SPEAKER_Ross] I mean, I don’t remember much about last night, it was such a blur.
[SPEAKER_Rachel] Oh! I remember laughing! I laughed a lot.",joy,3,3,joy,True,0.019485041,0.0031303836,0.0025866323,0.84149873,0.02973293,0.008235456,0.09533088
217,9,Ross,And we didn’t have sex.,neutral,"[SPEAKER_Rachel] Oh! I remember laughing! I laughed a lot.
[SPEAKER_Ross] And we didn’t have sex.","[SPEAKER_Rachel] Oh! I remember laughing! I laughed a lot.
[SPEAKER_Ross] And we didn’t have sex.",neutral,4,4,neutral,True,0.041647147,0.017340926,0.015782235,0.03597085,0.5818224,0.037352223,0.27008417
217,10,Rachel,"Ohh, I mean, we were really drunk. I’m just glad we didn’t do anything stupid.",neutral,"[SPEAKER_Ross] And we didn’t have sex.
[SPEAKER_Rachel] Ohh, I mean, we were really drunk. I’m just glad we didn’t do anything stupid.","[SPEAKER_Ross] And we didn’t have sex.
[SPEAKER_Rachel] Ohh, I mean, we were really drunk. I’m just glad we didn’t do anything stupid.",neutral,4,4,neutral,True,0.030654784,0.011867305,0.020131094,0.37954554,0.4789221,0.070644714,0.008234465
217,11,Ross,Tell me about it.,neutral,"[SPEAKER_Rachel] Ohh, I mean, we were really drunk. I’m just glad we didn’t do anything stupid.
[SPEAKER_Ross] Tell me about it.","[SPEAKER_Rachel] Ohh, I mean, we were really drunk. I’m just glad we didn’t do anything stupid.
[SPEAKER_Ross] Tell me about it.",neutral,4,4,neutral,True,0.014789347,0.003819511,0.0069045834,0.01985962,0.9469434,0.0061854343,0.0014981119
218,1,Chandler,I say we go with,neutral,"[SPEAKER_Monica] What are we gonna do?
[SPEAKER_Chandler] I say we go with","[SPEAKER_Monica] What are we gonna do?
[SPEAKER_Chandler] I say we go with",neutral,4,4,neutral,True,0.0033130795,0.0011426539,0.0011945601,0.009500908,0.98229986,0.00198311,0.00056573615
218,2,Janice,Chandler?,neutral,"[SPEAKER_Chandler] I say we go with
[SPEAKER_Janice] Chandler?","[SPEAKER_Chandler] I say we go with
[SPEAKER_Janice] Chandler?",neutral,4,4,neutral,True,0.045906734,0.0034139177,0.016776761,0.0162371,0.53776145,0.015876723,0.3640272
219,1,Monica,"Janice, what umm, what are you doing here?",sadness,"[SPEAKER_Chandler] Did she see us yet? Did she see us?
[SPEAKER_Monica] Janice, what umm, what are you doing here?","[SPEAKER_Chandler] Did she see us yet? Did she see us?
[SPEAKER_Monica] Janice, what umm, what are you doing here?",sadness,5,4,neutral,False,0.040906254,0.0037183722,0.023940094,0.013384448,0.54664797,0.016939683,0.3544632
220,1,Joey,I know!,anger,"[SPEAKER_Phoebe] What’s that smell?
[SPEAKER_Joey] I know!","[SPEAKER_Phoebe] What’s that smell?
[SPEAKER_Joey] I know!",anger,0,3,joy,False,0.045988847,0.015248855,0.019333944,0.4366773,0.103972,0.02504818,0.3537309
221,1,Monica,"Um, okay. You just called a little while ago about needing a signature on the admissions form. Well, it turns out we need a",neutral,"[SPEAKER_Rachel] Hi, remember us?
[SPEAKER_Monica] Um, okay. You just called a little while ago about needing a signature on the admissions form. Well, it turns out we need a","[SPEAKER_Rachel] Hi, remember us?
[SPEAKER_Monica] Um, okay. You just called a little while ago about needing a signature on the admissions form. Well, it turns out we need a",neutral,4,4,neutral,True,0.0034214144,0.00076537416,0.0011391187,0.0052096043,0.9868025,0.0013913113,0.0012706037
221,2,Monica,I am. I'm,neutral,"[SPEAKER_Monica] Um, okay. You just called a little while ago about needing a signature on the admissions form. Well, it turns out we need a
[SPEAKER_Monica] I am. I'm","[SPEAKER_Monica] Um, okay. You just called a little while ago about needing a signature on the admissions form. Well, it turns out we need a
[SPEAKER_Monica] I am. I'm",neutral,4,4,neutral,True,0.0034465357,0.0005001407,0.00080098485,0.007614684,0.98533255,0.0012935787,0.0010115061
221,3,Rachel,"Yeah, and and, I'm just gonna pay for this with a check.",neutral,"[SPEAKER_Monica] I am. I'm
[SPEAKER_Rachel] Yeah, and and, I'm just gonna pay for this with a check.","[SPEAKER_Monica] I am. I'm
[SPEAKER_Rachel] Yeah, and and, I'm just gonna pay for this with a check.",neutral,4,4,neutral,True,0.0029897096,0.001151509,0.0010240424,0.009183796,0.9826314,0.002183421,0.0008361228
221,4,Rachel,"Yeah, I know...  ..I'm I'm just not that bright either.",sadness,"[SPEAKER_Rachel] Yeah, and and, I'm just gonna pay for this with a check.
[SPEAKER_Rachel] Yeah, I know...  ..I'm I'm just not that bright either.","[SPEAKER_Rachel] Yeah, and and, I'm just gonna pay for this with a check.
[SPEAKER_Rachel] Yeah, I know...  ..I'm I'm just not that bright either.",sadness,5,4,neutral,False,0.051706057,0.023842374,0.05252091,0.123091355,0.60470676,0.13229096,0.011841562
222,1,Monica,Y’know what? It,neutral,"[SPEAKER_Rachel] Hey, Mon, if you were hoping to sleep with Joshua the first time tonight, which one of these would you want to be wearing.
[SPEAKER_Monica] Y’know what? It","[SPEAKER_Rachel] Hey, Mon, if you were hoping to sleep with Joshua the first time tonight, which one of these would you want to be wearing.
[SPEAKER_Monica] Y’know what? It",neutral,4,4,neutral,True,0.013864814,0.0012068042,0.0017749484,0.010799715,0.9655995,0.0020900024,0.004664229
222,2,Rachel,Sorry.,neutral,"[SPEAKER_Monica] Y’know what? It
[SPEAKER_Rachel] Sorry.","[SPEAKER_Monica] Y’know what? It
[SPEAKER_Rachel] Sorry.",neutral,4,5,sadness,False,0.009583132,0.005703915,0.025366642,0.03447235,0.091496624,0.825581,0.0077962982
222,3,Rachel,I’m so exited!,joy,"[SPEAKER_Rachel] Sorry.
[SPEAKER_Rachel] I’m so exited!","[SPEAKER_Rachel] Sorry.
[SPEAKER_Rachel] I’m so exited!",joy,3,6,surprise,False,0.01853384,0.003640278,0.0036987467,0.2703638,0.033411704,0.008826502,0.66152513
222,4,Rachel,I’ve been waiting for this for months!,joy,"[SPEAKER_Rachel] I’m so exited!
[SPEAKER_Rachel] I’ve been waiting for this for months!","[SPEAKER_Rachel] I’m so exited!
[SPEAKER_Rachel] I’ve been waiting for this for months!",joy,3,6,surprise,False,0.10636658,0.013969997,0.013821896,0.036940884,0.044814,0.038251743,0.7458349
222,5,Rachel,I got my hair coloured!,joy,"[SPEAKER_Rachel] I’ve been waiting for this for months!
[SPEAKER_Rachel] I got my hair coloured!","[SPEAKER_Rachel] I’ve been waiting for this for months!
[SPEAKER_Rachel] I got my hair coloured!",joy,3,3,joy,True,0.11619064,0.0067145405,0.0055038147,0.6247947,0.21627927,0.009546527,0.020970447
222,6,Rachel,I got new sheets!,joy,"[SPEAKER_Rachel] I got my hair coloured!
[SPEAKER_Rachel] I got new sheets!","[SPEAKER_Rachel] I got my hair coloured!
[SPEAKER_Rachel] I got new sheets!",joy,3,3,joy,True,0.037676103,0.0027598203,0.0021271408,0.8109901,0.10942787,0.0044864006,0.032532606
222,7,Rachel,I’m making him a,joy,"[SPEAKER_Rachel] I got new sheets!
[SPEAKER_Rachel] I’m making him a","[SPEAKER_Rachel] I got new sheets!
[SPEAKER_Rachel] I’m making him a",joy,3,4,neutral,False,0.028225658,0.004887617,0.0023438768,0.110686824,0.8288542,0.0063017327,0.018700074
222,8,Rachel,What am I making him by the way?,neutral,"[SPEAKER_Rachel] I’m making him a
[SPEAKER_Rachel] What am I making him by the way?","[SPEAKER_Rachel] I’m making him a
[SPEAKER_Rachel] What am I making him by the way?",neutral,4,0,anger,False,0.5999921,0.02067914,0.057146117,0.017299904,0.08072738,0.060278155,0.16387719
222,9,Monica,"Well, you’re making him a frieze salad with goat cheese and pine nuts, wild nuts, wild rice, roast asparagus, and salmon au croup.",neutral,"[SPEAKER_Rachel] What am I making him by the way?
[SPEAKER_Monica] Well, you’re making him a frieze salad with goat cheese and pine nuts, wild nuts, wild rice, roast asparagus, and salmon au croup.","[SPEAKER_Rachel] What am I making him by the way?
[SPEAKER_Monica] Well, you’re making him a frieze salad with goat cheese and pine nuts, wild nuts, wild rice, roast asparagus, and salmon au croup.",neutral,4,4,neutral,True,0.014407397,0.011603905,0.0015576008,0.1340501,0.83037513,0.006405355,0.0016005539
222,10,Rachel,I thought I was making him filet mignon?,surprise,"[SPEAKER_Monica] Well, you’re making him a frieze salad with goat cheese and pine nuts, wild nuts, wild rice, roast asparagus, and salmon au croup.
[SPEAKER_Rachel] I thought I was making him filet mignon?","[SPEAKER_Monica] Well, you’re making him a frieze salad with goat cheese and pine nuts, wild nuts, wild rice, roast asparagus, and salmon au croup.
[SPEAKER_Rachel] I thought I was making him filet mignon?",surprise,6,4,neutral,False,0.017061813,0.0021590379,0.010216948,0.035551198,0.8147953,0.009886913,0.1103288
222,11,Monica,"Yeah, you were, but you decided to make salmon because you had some left over at the restaurant.",neutral,"[SPEAKER_Rachel] I thought I was making him filet mignon?
[SPEAKER_Monica] Yeah, you were, but you decided to make salmon because you had some left over at the restaurant.","[SPEAKER_Rachel] I thought I was making him filet mignon?
[SPEAKER_Monica] Yeah, you were, but you decided to make salmon because you had some left over at the restaurant.",neutral,4,4,neutral,True,0.007213958,0.0067822533,0.0022035704,0.041580666,0.93378896,0.006453588,0.001977081
222,12,Monica,"And then you realised if you  bitched about it, then you  would stop cooking, and you  would have to make your famous baked potato and Diet Coke.",anger,"[SPEAKER_Monica] Yeah, you were, but you decided to make salmon because you had some left over at the restaurant.
[SPEAKER_Monica] And then you realised if you  bitched about it, then you  would stop cooking, and you  would have to make your famous baked potato and Diet Coke.","[SPEAKER_Monica] Yeah, you were, but you decided to make salmon because you had some left over at the restaurant.
[SPEAKER_Monica] And then you realised if you  bitched about it, then you  would stop cooking, and you  would have to make your famous baked potato and Diet Coke.",anger,0,4,neutral,False,0.23205158,0.14130554,0.008923557,0.11874488,0.4202927,0.06720087,0.011480785
222,13,Rachel,"Wow, I really get crabby when I cook.",surprise,"[SPEAKER_Monica] And then you realised if you  bitched about it, then you  would stop cooking, and you  would have to make your famous baked potato and Diet Coke.
[SPEAKER_Rachel] Wow, I really get crabby when I cook.","[SPEAKER_Monica] And then you realised if you  bitched about it, then you  would stop cooking, and you  would have to make your famous baked potato and Diet Coke.
[SPEAKER_Rachel] Wow, I really get crabby when I cook.",surprise,6,3,joy,False,0.02708007,0.041459206,0.004202417,0.76964974,0.10317286,0.020205932,0.03422982
223,1,Chandler,"I’m not worried, I’m uh, I’m fascinated.",fear,"[SPEAKER_Monica] Chandler! It happens to lots of guys! You-you-you were probably tired, you had a lot of champagne, don’t worry about it!
[SPEAKER_Chandler] I’m not worried, I’m uh, I’m fascinated.","[SPEAKER_Monica] Chandler! It happens to lots of guys! You-you-you were probably tired, you had a lot of champagne, don’t worry about it!
[SPEAKER_Chandler] I’m not worried, I’m uh, I’m fascinated.",fear,2,4,neutral,False,0.012377707,0.0033040175,0.023503404,0.06177541,0.8736356,0.008794641,0.016609292
223,2,Chandler,"Y’know it’s like uh, Biology!",neutral,"[SPEAKER_Chandler] I’m not worried, I’m uh, I’m fascinated.
[SPEAKER_Chandler] Y’know it’s like uh, Biology!","[SPEAKER_Chandler] I’m not worried, I’m uh, I’m fascinated.
[SPEAKER_Chandler] Y’know it’s like uh, Biology!",neutral,4,3,joy,False,0.0783069,0.0058864485,0.015834253,0.47955698,0.38789052,0.01033604,0.02218884
223,3,Chandler,"Which is funny because in high school I uh, I-I failed Biology and tonight Biology failed me.",fear,"[SPEAKER_Chandler] Y’know it’s like uh, Biology!
[SPEAKER_Chandler] Which is funny because in high school I uh, I-I failed Biology and tonight Biology failed me.","[SPEAKER_Chandler] Y’know it’s like uh, Biology!
[SPEAKER_Chandler] Which is funny because in high school I uh, I-I failed Biology and tonight Biology failed me.",fear,2,5,sadness,False,0.08166688,0.018387187,0.18691395,0.10673109,0.04171236,0.534004,0.03058455
223,4,Phoebe,"Check it out. Okay, I can play this when the guests are coming in. Okay.",neutral,"[SPEAKER_Chandler] Which is funny because in high school I uh, I-I failed Biology and tonight Biology failed me.
[SPEAKER_Phoebe] Check it out. Okay, I can play this when the guests are coming in. Okay.","[SPEAKER_Chandler] Which is funny because in high school I uh, I-I failed Biology and tonight Biology failed me.
[SPEAKER_Phoebe] Check it out. Okay, I can play this when the guests are coming in. Okay.",neutral,4,4,neutral,True,0.004815262,0.0014621825,0.0011084178,0.01814426,0.9719483,0.0015641038,0.0009574972
223,5,Monica,Phoebe!,joy,"[SPEAKER_Phoebe] Check it out. Okay, I can play this when the guests are coming in. Okay.
[SPEAKER_Monica] Phoebe!","[SPEAKER_Phoebe] Check it out. Okay, I can play this when the guests are coming in. Okay.
[SPEAKER_Monica] Phoebe!",joy,3,3,joy,True,0.05321109,0.004385794,0.0047655134,0.53795457,0.04853694,0.011276078,0.33987
223,6,Phoebe,"If you would’ve let me finish, it goes on to say that he’s probably not gay.",neutral,"[SPEAKER_Monica] Phoebe!
[SPEAKER_Phoebe] If you would’ve let me finish, it goes on to say that he’s probably not gay.","[SPEAKER_Monica] Phoebe!
[SPEAKER_Phoebe] If you would’ve let me finish, it goes on to say that he’s probably not gay.",neutral,4,4,neutral,True,0.010799067,0.0022491086,0.0038292683,0.0076790615,0.9654739,0.0057456447,0.004223911
224,1,Hypnosis Tape,Deeper.,neutral,"[SPEAKER_Hypnosis Tape] You are falling fast asleep.
[SPEAKER_Hypnosis Tape] Deeper.","[SPEAKER_Hypnosis Tape] You are falling fast asleep.
[SPEAKER_Hypnosis Tape] Deeper.",neutral,4,4,neutral,True,0.0077509596,0.004389545,0.0029100312,0.00963126,0.9673864,0.003281553,0.0046501723
224,2,Hypnosis Tape,Deeper.,neutral,"[SPEAKER_Hypnosis Tape] Deeper.
[SPEAKER_Hypnosis Tape] Deeper.","[SPEAKER_Hypnosis Tape] Deeper.
[SPEAKER_Hypnosis Tape] Deeper.",neutral,4,4,neutral,True,0.006171738,0.0034157943,0.0022136024,0.013164353,0.96892077,0.0029108096,0.003202877
224,3,Hypnosis Tape,Deeper.,neutral,"[SPEAKER_Hypnosis Tape] Deeper.
[SPEAKER_Hypnosis Tape] Deeper.","[SPEAKER_Hypnosis Tape] Deeper.
[SPEAKER_Hypnosis Tape] Deeper.",neutral,4,4,neutral,True,0.0061717406,0.0034157943,0.0022136013,0.013164359,0.96892077,0.002910808,0.003202877
224,4,Hypnosis Tape,You are now completely asleep.,neutral,"[SPEAKER_Hypnosis Tape] Deeper.
[SPEAKER_Hypnosis Tape] You are now completely asleep.","[SPEAKER_Hypnosis Tape] Deeper.
[SPEAKER_Hypnosis Tape] You are now completely asleep.",neutral,4,4,neutral,True,0.014936717,0.0031673077,0.0020105531,0.0074351854,0.96577257,0.0021637261,0.004513945
224,5,Hypnosis Tape,You don’t need to smoke.,neutral,"[SPEAKER_Hypnosis Tape] You are now completely asleep.
[SPEAKER_Hypnosis Tape] You don’t need to smoke.","[SPEAKER_Hypnosis Tape] You are now completely asleep.
[SPEAKER_Hypnosis Tape] You don’t need to smoke.",neutral,4,4,neutral,True,0.012634995,0.011745481,0.0030713244,0.029628893,0.93736774,0.0037754707,0.0017760567
224,6,Hypnosis Tape,Cigarettes don’t control you.,neutral,"[SPEAKER_Hypnosis Tape] You don’t need to smoke.
[SPEAKER_Hypnosis Tape] Cigarettes don’t control you.","[SPEAKER_Hypnosis Tape] You don’t need to smoke.
[SPEAKER_Hypnosis Tape] Cigarettes don’t control you.",neutral,4,4,neutral,True,0.16123293,0.03831967,0.0139511805,0.038635388,0.7183833,0.02026123,0.009216275
224,7,Hypnosis Tape,"You are a strong, confident woman, who does not need to smoke.",neutral,"[SPEAKER_Hypnosis Tape] Cigarettes don’t control you.
[SPEAKER_Hypnosis Tape] You are a strong, confident woman, who does not need to smoke.","[SPEAKER_Hypnosis Tape] Cigarettes don’t control you.
[SPEAKER_Hypnosis Tape] You are a strong, confident woman, who does not need to smoke.",neutral,4,4,neutral,True,0.01349124,0.0051327664,0.002228748,0.025020001,0.9501797,0.0022527198,0.00169486
224,8,Hypnosis Tape,"A strong, confident woman.",neutral,"[SPEAKER_Hypnosis Tape] You are a strong, confident woman, who does not need to smoke.
[SPEAKER_Hypnosis Tape] A strong, confident woman.","[SPEAKER_Hypnosis Tape] You are a strong, confident woman, who does not need to smoke.
[SPEAKER_Hypnosis Tape] A strong, confident woman.",neutral,4,4,neutral,True,0.0063832225,0.0016666668,0.0011838607,0.00754619,0.9802255,0.001447513,0.0015469402
225,1,Phoebe,Yes!! Yes!! I’m the next caller! You were gonna have me hang up.,joy,"[SPEAKER_Hold Voice] Thank you for your patience, you’re the next caller.
[SPEAKER_Phoebe] Yes!! Yes!! I’m the next caller! You were gonna have me hang up.","[SPEAKER_Hold Voice] Thank you for your patience, you’re the next caller.
[SPEAKER_Phoebe] Yes!! Yes!! I’m the next caller! You were gonna have me hang up.",joy,3,3,joy,True,0.17936996,0.003301256,0.010226786,0.7095135,0.07226711,0.008464638,0.016856771
225,2,Chandler,Hey! Can you take a duck and a chick to the theatre?,neutral,"[SPEAKER_Phoebe] Yes!! Yes!! I’m the next caller! You were gonna have me hang up.
[SPEAKER_Chandler] Hey! Can you take a duck and a chick to the theatre?","[SPEAKER_Phoebe] Yes!! Yes!! I’m the next caller! You were gonna have me hang up.
[SPEAKER_Chandler] Hey! Can you take a duck and a chick to the theatre?",neutral,4,3,joy,False,0.29654163,0.017151734,0.00894559,0.42964864,0.16602327,0.02096139,0.060727797
225,3,Monica,Of course not.,sadness,"[SPEAKER_Chandler] Hey! Can you take a duck and a chick to the theatre?
[SPEAKER_Monica] Of course not.","[SPEAKER_Chandler] Hey! Can you take a duck and a chick to the theatre?
[SPEAKER_Monica] Of course not.",sadness,5,4,neutral,False,0.02464803,0.0051957686,0.0031582469,0.08613435,0.86714125,0.012283832,0.0014385605
225,4,Phoebe,No.,neutral,"[SPEAKER_Monica] Of course not.
[SPEAKER_Phoebe] No.","[SPEAKER_Monica] Of course not.
[SPEAKER_Phoebe] No.",neutral,4,4,neutral,True,0.002703044,0.00094843615,0.001102699,0.0110059725,0.98024887,0.003150984,0.00084000826
225,5,Chandler,Okay. I just wanted them to hear it from somebody else.,neutral,"[SPEAKER_Phoebe] No.
[SPEAKER_Chandler] Okay. I just wanted them to hear it from somebody else.","[SPEAKER_Phoebe] No.
[SPEAKER_Chandler] Okay. I just wanted them to hear it from somebody else.",neutral,4,4,neutral,True,0.015189252,0.0030743468,0.0071842233,0.030997464,0.93214464,0.010112241,0.0012978198
226,1,Rachel,Good.,joy,"[SPEAKER_Phoebe] So how are things going with Paul?
[SPEAKER_Rachel] Good.","[SPEAKER_Phoebe] So how are things going with Paul?
[SPEAKER_Rachel] Good.",joy,3,4,neutral,False,0.014196487,0.008212594,0.003749896,0.13541035,0.82179344,0.014574064,0.0020631717
226,2,Rachel,"Although y’know, he-he’s a private guy.",neutral,"[SPEAKER_Rachel] Good.
[SPEAKER_Rachel] Although y’know, he-he’s a private guy.","[SPEAKER_Rachel] Good.
[SPEAKER_Rachel] Although y’know, he-he’s a private guy.",neutral,4,4,neutral,True,0.0043097613,0.0013869165,0.003975468,0.024401203,0.9594956,0.0037826276,0.002648422
226,3,Rachel,"Y’know, I wish I could get him to open up a little bit, share some feelings.",sadness,"[SPEAKER_Rachel] Although y’know, he-he’s a private guy.
[SPEAKER_Rachel] Y’know, I wish I could get him to open up a little bit, share some feelings.","[SPEAKER_Rachel] Although y’know, he-he’s a private guy.
[SPEAKER_Rachel] Y’know, I wish I could get him to open up a little bit, share some feelings.",sadness,5,4,neutral,False,0.029783998,0.008561068,0.04130266,0.14212069,0.567715,0.20673011,0.0037864756
226,4,Phoebe,That’s easy! You just have to think of him as a-as a jar of pickles that won’t open.,neutral,"[SPEAKER_Rachel] Y’know, I wish I could get him to open up a little bit, share some feelings.
[SPEAKER_Phoebe] That’s easy! You just have to think of him as a-as a jar of pickles that won’t open.","[SPEAKER_Rachel] Y’know, I wish I could get him to open up a little bit, share some feelings.
[SPEAKER_Phoebe] That’s easy! You just have to think of him as a-as a jar of pickles that won’t open.",neutral,4,4,neutral,True,0.023563877,0.010323375,0.003405821,0.15479977,0.78922445,0.014411144,0.0042714938
226,5,Rachel,So what are you saying.  I should run him under hot water and bang his head against a table?,surprise,"[SPEAKER_Phoebe] That’s easy! You just have to think of him as a-as a jar of pickles that won’t open.
[SPEAKER_Rachel] So what are you saying.  I should run him under hot water and bang his head against a table?","[SPEAKER_Phoebe] That’s easy! You just have to think of him as a-as a jar of pickles that won’t open.
[SPEAKER_Rachel] So what are you saying.  I should run him under hot water and bang his head against a table?",surprise,6,4,neutral,False,0.0076080267,0.0046672956,0.0045318655,0.02066234,0.9572611,0.003903363,0.001365989
226,6,Phoebe,No that’s what you do when you want to get the truth out of someone.,neutral,"[SPEAKER_Rachel] So what are you saying.  I should run him under hot water and bang his head against a table?
[SPEAKER_Phoebe] No that’s what you do when you want to get the truth out of someone.","[SPEAKER_Rachel] So what are you saying.  I should run him under hot water and bang his head against a table?
[SPEAKER_Phoebe] No that’s what you do when you want to get the truth out of someone.",neutral,4,4,neutral,True,0.07449446,0.029147323,0.0064145904,0.015855523,0.85931224,0.011510389,0.0032654905
226,7,Paul,Hi honey.,neutral,"[SPEAKER_Phoebe] No that’s what you do when you want to get the truth out of someone.
[SPEAKER_Paul] Hi honey.","[SPEAKER_Phoebe] No that’s what you do when you want to get the truth out of someone.
[SPEAKER_Paul] Hi honey.",neutral,4,4,neutral,True,0.00248766,0.0004897049,0.00096988364,0.02069461,0.97141707,0.0022068375,0.0017341948
226,8,Rachel,Hi!,joy,"[SPEAKER_Paul] Hi honey.
[SPEAKER_Rachel] Hi!","[SPEAKER_Paul] Hi honey.
[SPEAKER_Rachel] Hi!",joy,3,3,joy,True,0.01467236,0.001160186,0.0016486164,0.87409985,0.07446607,0.0034722714,0.03048063
227,1,Rachel,"Monica, number one, I don’t think Ben understands the concept of bribery, and number two, I...   What?!",surprise,"[SPEAKER_Monica] Okay, Ben, I won’t tell your daddy that you had ice cream for dinner, if you don’t tell about our little bonking incident.
[SPEAKER_Rachel] Monica, number one, I don’t think Ben understands the concept of bribery, and number two, I...   What?!","[SPEAKER_Monica] Okay, Ben, I won’t tell your daddy that you had ice cream for dinner, if you don’t tell about our little bonking incident.
[SPEAKER_Rachel] Monica, number one, I don’t think Ben understands the concept of bribery, and number two, I...   What?!",surprise,6,6,surprise,True,0.17044325,0.0067797364,0.009095502,0.01207409,0.022065772,0.023071148,0.75647056
227,2,Joey,You said number two.,neutral,"[SPEAKER_Rachel] Monica, number one, I don’t think Ben understands the concept of bribery, and number two, I...   What?!
[SPEAKER_Joey] You said number two.","[SPEAKER_Rachel] Monica, number one, I don’t think Ben understands the concept of bribery, and number two, I...   What?!
[SPEAKER_Joey] You said number two.",neutral,4,4,neutral,True,0.052323375,0.005515353,0.0023395885,0.0687574,0.85655105,0.009210859,0.0053024376
227,3,Rachel,I also said number one.,neutral,"[SPEAKER_Joey] You said number two.
[SPEAKER_Rachel] I also said number one.","[SPEAKER_Joey] You said number two.
[SPEAKER_Rachel] I also said number one.",neutral,4,4,neutral,True,0.066268064,0.0050528035,0.0032234609,0.29371464,0.61427265,0.012031499,0.0054367767
228,1,Rachel,Can’t I just look at the handles on them?,neutral,"[SPEAKER_Gunther] Remind me to review with you which pot is decaf and which is regular.
[SPEAKER_Rachel] Can’t I just look at the handles on them?","[SPEAKER_Gunther] Remind me to review with you which pot is decaf and which is regular.
[SPEAKER_Rachel] Can’t I just look at the handles on them?",neutral,4,4,neutral,True,0.009349908,0.0011441099,0.002128988,0.010688801,0.9701957,0.0021135416,0.0043789656
228,2,Gunther,You would think.,neutral,"[SPEAKER_Rachel] Can’t I just look at the handles on them?
[SPEAKER_Gunther] You would think.","[SPEAKER_Rachel] Can’t I just look at the handles on them?
[SPEAKER_Gunther] You would think.",neutral,4,4,neutral,True,0.0073776473,0.0018226724,0.004573864,0.0130519,0.9615721,0.0033073763,0.008294394
228,3,Rachel,"Okay, fine.",neutral,"[SPEAKER_Gunther] You would think.
[SPEAKER_Rachel] Okay, fine.","[SPEAKER_Gunther] You would think.
[SPEAKER_Rachel] Okay, fine.",neutral,4,4,neutral,True,0.07769102,0.021848965,0.02098422,0.022131559,0.83687323,0.017910115,0.0025609587
228,4,Rachel,"Gunther, y'know what, I am a terrible waitress, do you know why I’m a terrible waitress?",anger,"[SPEAKER_Rachel] Okay, fine.
[SPEAKER_Rachel] Gunther, y'know what, I am a terrible waitress, do you know why I’m a terrible waitress?","[SPEAKER_Rachel] Okay, fine.
[SPEAKER_Rachel] Gunther, y'know what, I am a terrible waitress, do you know why I’m a terrible waitress?",anger,0,0,anger,True,0.4634243,0.07799756,0.05556406,0.038929876,0.07272013,0.27194527,0.01941886
228,5,Rachel,"Because, I don’t care.",neutral,"[SPEAKER_Rachel] Gunther, y'know what, I am a terrible waitress, do you know why I’m a terrible waitress?
[SPEAKER_Rachel] Because, I don’t care.","[SPEAKER_Rachel] Gunther, y'know what, I am a terrible waitress, do you know why I’m a terrible waitress?
[SPEAKER_Rachel] Because, I don’t care.",neutral,4,4,neutral,True,0.21161596,0.03663141,0.03684529,0.04437622,0.52719986,0.13846625,0.0048650205
228,6,Rachel,I don’t care.,neutral,"[SPEAKER_Rachel] Because, I don’t care.
[SPEAKER_Rachel] I don’t care.","[SPEAKER_Rachel] Because, I don’t care.
[SPEAKER_Rachel] I don’t care.",neutral,4,0,anger,False,0.7463705,0.03489638,0.07056582,0.025300464,0.054774918,0.060527664,0.0075642616
228,7,Rachel,"I don’t care which pot is regular and which pot is decaf, I don’t care where the tray spot is, I just don’t care, this is not what I want to do.",anger,"[SPEAKER_Rachel] I don’t care.
[SPEAKER_Rachel] I don’t care which pot is regular and which pot is decaf, I don’t care where the tray spot is, I just don’t care, this is not what I want to do.","[SPEAKER_Rachel] I don’t care.
[SPEAKER_Rachel] I don’t care which pot is regular and which pot is decaf, I don’t care where the tray spot is, I just don’t care, this is not what I want to do.",anger,0,0,anger,True,0.327686,0.111473344,0.20136805,0.027800227,0.13119431,0.19458397,0.0058941254
228,8,Rachel,So I don’t think I should do it anymore.,sadness,"[SPEAKER_Rachel] I don’t care which pot is regular and which pot is decaf, I don’t care where the tray spot is, I just don’t care, this is not what I want to do.
[SPEAKER_Rachel] So I don’t think I should do it anymore.","[SPEAKER_Rachel] I don’t care which pot is regular and which pot is decaf, I don’t care where the tray spot is, I just don’t care, this is not what I want to do.
[SPEAKER_Rachel] So I don’t think I should do it anymore.",sadness,5,5,sadness,True,0.20780617,0.041892633,0.05190984,0.069740124,0.18649143,0.43450835,0.0076514357
228,9,Rachel,I’m gonna give you my weeks notice.,sadness,"[SPEAKER_Rachel] So I don’t think I should do it anymore.
[SPEAKER_Rachel] I’m gonna give you my weeks notice.","[SPEAKER_Rachel] So I don’t think I should do it anymore.
[SPEAKER_Rachel] I’m gonna give you my weeks notice.",sadness,5,4,neutral,False,0.0833333,0.017453702,0.006456814,0.09638519,0.77488863,0.01729028,0.004192151
228,10,Gunther,What?!,surprise,"[SPEAKER_Rachel] I’m gonna give you my weeks notice.
[SPEAKER_Gunther] What?!","[SPEAKER_Rachel] I’m gonna give you my weeks notice.
[SPEAKER_Gunther] What?!",surprise,6,6,surprise,True,0.021319222,0.0020197649,0.0045217015,0.0036935539,0.032170035,0.006553609,0.9297221
228,11,Rachel,"Gunther, I quit.",sadness,"[SPEAKER_Gunther] What?!
[SPEAKER_Rachel] Gunther, I quit.","[SPEAKER_Gunther] What?!
[SPEAKER_Rachel] Gunther, I quit.",sadness,5,4,neutral,False,0.07552369,0.0072388123,0.007079556,0.15393978,0.72176254,0.023712939,0.010742637
228,12,Chandler,Does this mean we’re gonna have to start paying for coffee?,surprise,"[SPEAKER_Rachel] Gunther, I quit.
[SPEAKER_Chandler] Does this mean we’re gonna have to start paying for coffee?","[SPEAKER_Rachel] Gunther, I quit.
[SPEAKER_Chandler] Does this mean we’re gonna have to start paying for coffee?",surprise,6,4,neutral,False,0.0069253533,0.001916311,0.0027489732,0.028524412,0.9520764,0.0055300524,0.0022785896
229,1,Joey,"I know.  Yeah, his name is Pat.",neutral,"[SPEAKER_Rachel] Ohh, I mean it’s just so realistic!
[SPEAKER_Joey] I know.  Yeah, his name is Pat.","[SPEAKER_Rachel] Ohh, I mean it’s just so realistic!
[SPEAKER_Joey] I know.  Yeah, his name is Pat.",neutral,4,4,neutral,True,0.0025813722,0.00079112715,0.0007147518,0.005624489,0.9878576,0.0016044428,0.00082629744
229,2,Rachel,Pat the dog. Oh! Oh! I get it!!,joy,"[SPEAKER_Joey] I know.  Yeah, his name is Pat.
[SPEAKER_Rachel] Pat the dog. Oh! Oh! I get it!!","[SPEAKER_Joey] I know.  Yeah, his name is Pat.
[SPEAKER_Rachel] Pat the dog. Oh! Oh! I get it!!",joy,3,3,joy,True,0.0125522455,0.0009041388,0.0011140326,0.9448282,0.03299569,0.0029393341,0.0046664206
229,3,Joey,"Do you uh, do you—ready for a refill?",neutral,"[SPEAKER_Rachel] Pat the dog. Oh! Oh! I get it!!
[SPEAKER_Joey] Do you uh, do you—ready for a refill?","[SPEAKER_Rachel] Pat the dog. Oh! Oh! I get it!!
[SPEAKER_Joey] Do you uh, do you—ready for a refill?",neutral,4,4,neutral,True,0.0028367294,0.0006417205,0.002083269,0.0059151673,0.9855703,0.0016708939,0.0012818483
229,4,Rachel,"Oh, I probably shouldn’t—so I will!  Oh! Wow! It’s like it’s raining!",surprise,"[SPEAKER_Joey] Do you uh, do you—ready for a refill?
[SPEAKER_Rachel] Oh, I probably shouldn’t—so I will!  Oh! Wow! It’s like it’s raining!","[SPEAKER_Joey] Do you uh, do you—ready for a refill?
[SPEAKER_Rachel] Oh, I probably shouldn’t—so I will!  Oh! Wow! It’s like it’s raining!",surprise,6,6,surprise,True,0.009241901,0.0028110854,0.0035758817,0.045265093,0.011858985,0.006686749,0.92056036
229,5,Joey,"Pretty cool, huh?",joy,"[SPEAKER_Rachel] Oh, I probably shouldn’t—so I will!  Oh! Wow! It’s like it’s raining!
[SPEAKER_Joey] Pretty cool, huh?","[SPEAKER_Rachel] Oh, I probably shouldn’t—so I will!  Oh! Wow! It’s like it’s raining!
[SPEAKER_Joey] Pretty cool, huh?",joy,3,4,neutral,False,0.063045315,0.0048561133,0.0125451945,0.17726378,0.59986854,0.013870637,0.1285504
229,6,Joey,"But if you’re thinking you can put a fish in there and it wouldn’t get sucked up into the mechanism, well you’d be wrong.",neutral,"[SPEAKER_Joey] Pretty cool, huh?
[SPEAKER_Joey] But if you’re thinking you can put a fish in there and it wouldn’t get sucked up into the mechanism, well you’d be wrong.","[SPEAKER_Joey] Pretty cool, huh?
[SPEAKER_Joey] But if you’re thinking you can put a fish in there and it wouldn’t get sucked up into the mechanism, well you’d be wrong.",neutral,4,4,neutral,True,0.10256942,0.020746456,0.0158462,0.09912638,0.73348683,0.022704836,0.005519923
229,7,Rachel,"Umm, can I use your bathroom?",neutral,"[SPEAKER_Joey] But if you’re thinking you can put a fish in there and it wouldn’t get sucked up into the mechanism, well you’d be wrong.
[SPEAKER_Rachel] Umm, can I use your bathroom?","[SPEAKER_Joey] But if you’re thinking you can put a fish in there and it wouldn’t get sucked up into the mechanism, well you’d be wrong.
[SPEAKER_Rachel] Umm, can I use your bathroom?",neutral,4,4,neutral,True,0.0058557666,0.0039050712,0.0020807837,0.0070160516,0.97737825,0.002871473,0.0008925312
229,8,Joey,"It’s uh, right through there.",neutral,"[SPEAKER_Rachel] Umm, can I use your bathroom?
[SPEAKER_Joey] It’s uh, right through there.","[SPEAKER_Rachel] Umm, can I use your bathroom?
[SPEAKER_Joey] It’s uh, right through there.",neutral,4,4,neutral,True,0.0029094603,0.0020256476,0.0046347305,0.005881109,0.9805565,0.003183079,0.0008095163
229,9,Rachel,"Okay.  God y’know, if someone told me a week ago that I would be peeing in Joey Tribbiani’s apartment",joy,"[SPEAKER_Joey] It’s uh, right through there.
[SPEAKER_Rachel] Okay.  God y’know, if someone told me a week ago that I would be peeing in Joey Tribbiani’s apartment","[SPEAKER_Joey] It’s uh, right through there.
[SPEAKER_Rachel] Okay.  God y’know, if someone told me a week ago that I would be peeing in Joey Tribbiani’s apartment",joy,3,4,neutral,False,0.008785864,0.0059540756,0.0069018076,0.01853734,0.9513688,0.0074501717,0.0010018573
229,10,Joey,"Yeah, life’s pretty great isn’t it?",joy,"[SPEAKER_Rachel] Okay.  God y’know, if someone told me a week ago that I would be peeing in Joey Tribbiani’s apartment
[SPEAKER_Joey] Yeah, life’s pretty great isn’t it?","[SPEAKER_Rachel] Okay.  God y’know, if someone told me a week ago that I would be peeing in Joey Tribbiani’s apartment
[SPEAKER_Joey] Yeah, life’s pretty great isn’t it?",joy,3,3,joy,True,0.23962803,0.040338814,0.016397107,0.30959806,0.27748036,0.08351246,0.03304508
230,1,Monica,"Please, just a little bit off the back.",neutral,"[SPEAKER_Joey] You know, I think I was sixteen.
[SPEAKER_Monica] Please, just a little bit off the back.","[SPEAKER_Joey] You know, I think I was sixteen.
[SPEAKER_Monica] Please, just a little bit off the back.",neutral,4,4,neutral,True,0.009802431,0.004616055,0.009375353,0.015920965,0.9481771,0.0111781545,0.0009299347
230,2,Phoebe,"I'm still on ""no.""",neutral,"[SPEAKER_Monica] Please, just a little bit off the back.
[SPEAKER_Phoebe] I'm still on ""no.""","[SPEAKER_Monica] Please, just a little bit off the back.
[SPEAKER_Phoebe] I'm still on ""no.""",neutral,4,3,joy,False,0.09480761,0.01040498,0.007988828,0.46110478,0.39404353,0.022982959,0.008667263
230,3,Rachel,"Uh, morning. Do you guys think you could close your eyes for just a sec?",neutral,"[SPEAKER_Phoebe] I'm still on ""no.""
[SPEAKER_Rachel] Uh, morning. Do you guys think you could close your eyes for just a sec?","[SPEAKER_Phoebe] I'm still on ""no.""
[SPEAKER_Rachel] Uh, morning. Do you guys think you could close your eyes for just a sec?",neutral,4,4,neutral,True,0.0027471401,0.0012049876,0.005240599,0.01609707,0.97034574,0.0025461202,0.0018182741
230,4,Joey,"No-no-no-no-no,  I'm not fallin' for that again.",anger,"[SPEAKER_Rachel] Uh, morning. Do you guys think you could close your eyes for just a sec?
[SPEAKER_Joey] No-no-no-no-no,  I'm not fallin' for that again.","[SPEAKER_Rachel] Uh, morning. Do you guys think you could close your eyes for just a sec?
[SPEAKER_Joey] No-no-no-no-no,  I'm not fallin' for that again.",anger,0,2,fear,False,0.20667803,0.034861367,0.31147772,0.19655292,0.18917592,0.045399763,0.015854329
230,5,Phoebe,What's goin' on?,neutral,"[SPEAKER_Joey] No-no-no-no-no,  I'm not fallin' for that again.
[SPEAKER_Phoebe] What's goin' on?","[SPEAKER_Joey] No-no-no-no-no,  I'm not fallin' for that again.
[SPEAKER_Phoebe] What's goin' on?",neutral,4,4,neutral,True,0.051055104,0.00489671,0.023462497,0.034304418,0.635241,0.01795617,0.23308407
230,6,Rachel,"Well, I sorta did a stupid thing last night.",neutral,"[SPEAKER_Phoebe] What's goin' on?
[SPEAKER_Rachel] Well, I sorta did a stupid thing last night.","[SPEAKER_Phoebe] What's goin' on?
[SPEAKER_Rachel] Well, I sorta did a stupid thing last night.",neutral,4,0,anger,False,0.32327732,0.17904153,0.11544918,0.0557609,0.041147407,0.27971107,0.0056125764
230,7,Chandler,What stupid thing did you do?,neutral,"[SPEAKER_Rachel] Well, I sorta did a stupid thing last night.
[SPEAKER_Chandler] What stupid thing did you do?","[SPEAKER_Rachel] Well, I sorta did a stupid thing last night.
[SPEAKER_Chandler] What stupid thing did you do?",neutral,4,0,anger,False,0.8325801,0.03331811,0.019935116,0.022042142,0.041391123,0.021632329,0.029101094
230,8,Phoebe,Ewww!,disgust,"[SPEAKER_Chandler] What stupid thing did you do?
[SPEAKER_Phoebe] Ewww!","[SPEAKER_Chandler] What stupid thing did you do?
[SPEAKER_Phoebe] Ewww!",disgust,1,1,disgust,True,0.061899994,0.7588071,0.023297438,0.04693512,0.02311586,0.050598938,0.035345595
231,1,Chandler,"See, yes.",neutral,"[SPEAKER_Chandler] I know.
[SPEAKER_Chandler] See, yes.","[SPEAKER_Chandler] I know.
[SPEAKER_Chandler] See, yes.",neutral,4,4,neutral,True,0.012518424,0.0028815656,0.003631307,0.033789627,0.9396706,0.0058016055,0.0017069269
231,2,Chandler,"That’s Yasmine Bleeth, she’s a completely different kind of chick.",neutral,"[SPEAKER_Chandler] See, yes.
[SPEAKER_Chandler] That’s Yasmine Bleeth, she’s a completely different kind of chick.","[SPEAKER_Chandler] See, yes.
[SPEAKER_Chandler] That’s Yasmine Bleeth, she’s a completely different kind of chick.",neutral,4,3,joy,False,0.036644652,0.035675716,0.004160402,0.4817152,0.32544953,0.0208927,0.09546176
231,3,Chandler,I love you both.,neutral,"[SPEAKER_Chandler] That’s Yasmine Bleeth, she’s a completely different kind of chick.
[SPEAKER_Chandler] I love you both.","[SPEAKER_Chandler] That’s Yasmine Bleeth, she’s a completely different kind of chick.
[SPEAKER_Chandler] I love you both.",neutral,4,3,joy,False,0.0055222367,0.000852145,0.0008582186,0.9646621,0.019182336,0.0056882612,0.0032347187
231,4,Chandler,But in very different ways.,neutral,"[SPEAKER_Chandler] I love you both.
[SPEAKER_Chandler] But in very different ways.","[SPEAKER_Chandler] I love you both.
[SPEAKER_Chandler] But in very different ways.",neutral,4,4,neutral,True,0.025598153,0.005750191,0.004642537,0.27287835,0.6556074,0.028106695,0.007416723
231,5,Joey,Hey!,surprise,"[SPEAKER_Chandler] But in very different ways.
[SPEAKER_Joey] Hey!","[SPEAKER_Chandler] But in very different ways.
[SPEAKER_Joey] Hey!",surprise,6,3,joy,False,0.0442679,0.0034435708,0.004719789,0.56422156,0.14177682,0.00921145,0.23235886
231,6,Chandler,Hey!,surprise,"[SPEAKER_Joey] Hey!
[SPEAKER_Chandler] Hey!","[SPEAKER_Joey] Hey!
[SPEAKER_Chandler] Hey!",surprise,6,3,joy,False,0.056277283,0.004509638,0.006117939,0.5565291,0.19906689,0.011059107,0.16643997
231,7,Chandler,"I did! But the store wouldn’t take her back! So then I took her to the shelter, and you know what I found out?",anger,"[SPEAKER_Chandler] Hey!
[SPEAKER_Chandler] I did! But the store wouldn’t take her back! So then I took her to the shelter, and you know what I found out?","[SPEAKER_Chandler] Hey!
[SPEAKER_Chandler] I did! But the store wouldn’t take her back! So then I took her to the shelter, and you know what I found out?",anger,0,4,neutral,False,0.25642687,0.012579731,0.016955663,0.12004328,0.49705043,0.05533849,0.041605514
231,8,Chandler,"If they can’t find a home for her, they kill her! And I’m not gonna let that happen to little Yasmine!",anger,"[SPEAKER_Chandler] I did! But the store wouldn’t take her back! So then I took her to the shelter, and you know what I found out?
[SPEAKER_Chandler] If they can’t find a home for her, they kill her! And I’m not gonna let that happen to little Yasmine!","[SPEAKER_Chandler] I did! But the store wouldn’t take her back! So then I took her to the shelter, and you know what I found out?
[SPEAKER_Chandler] If they can’t find a home for her, they kill her! And I’m not gonna let that happen to little Yasmine!",anger,0,0,anger,True,0.5150006,0.024431633,0.33444023,0.02079392,0.03143956,0.066098385,0.007795653
231,9,Joey,"Okay, good, good, good, ‘cause, good, ‘cause I was kinda having second thoughts too.",fear,"[SPEAKER_Chandler] If they can’t find a home for her, they kill her! And I’m not gonna let that happen to little Yasmine!
[SPEAKER_Joey] Okay, good, good, good, ‘cause, good, ‘cause I was kinda having second thoughts too.","[SPEAKER_Chandler] If they can’t find a home for her, they kill her! And I’m not gonna let that happen to little Yasmine!
[SPEAKER_Joey] Okay, good, good, good, ‘cause, good, ‘cause I was kinda having second thoughts too.",fear,2,4,neutral,False,0.036773827,0.015401897,0.043318294,0.11032122,0.6634304,0.12685438,0.0039000255
231,10,Chandler,Okay. And it’s not just chicks y'know? It’s all kinds of other animals!,disgust,"[SPEAKER_Joey] Okay, good, good, good, ‘cause, good, ‘cause I was kinda having second thoughts too.
[SPEAKER_Chandler] Okay. And it’s not just chicks y'know? It’s all kinds of other animals!","[SPEAKER_Joey] Okay, good, good, good, ‘cause, good, ‘cause I was kinda having second thoughts too.
[SPEAKER_Chandler] Okay. And it’s not just chicks y'know? It’s all kinds of other animals!",disgust,1,3,joy,False,0.11527149,0.0117353,0.012872924,0.49858904,0.3166556,0.018853474,0.026022142
231,11,Joey,"That’s horrible! Well, you did the right thing man.",disgust,"[SPEAKER_Chandler] Okay. And it’s not just chicks y'know? It’s all kinds of other animals!
[SPEAKER_Joey] That’s horrible! Well, you did the right thing man.","[SPEAKER_Chandler] Okay. And it’s not just chicks y'know? It’s all kinds of other animals!
[SPEAKER_Joey] That’s horrible! Well, you did the right thing man.",disgust,1,3,joy,False,0.15810804,0.13139707,0.027005542,0.31214213,0.07387779,0.28384572,0.013623718
231,12,Chandler,"Thanks, I’m glad you see it that way.",joy,"[SPEAKER_Joey] That’s horrible! Well, you did the right thing man.
[SPEAKER_Chandler] Thanks, I’m glad you see it that way.","[SPEAKER_Joey] That’s horrible! Well, you did the right thing man.
[SPEAKER_Chandler] Thanks, I’m glad you see it that way.",joy,3,3,joy,True,0.009490039,0.0024966134,0.0026097533,0.7245497,0.22554694,0.031833384,0.0034735473
231,13,Chandler,"Ohhh-hoo, funny story!",joy,"[SPEAKER_Chandler] Thanks, I’m glad you see it that way.
[SPEAKER_Chandler] Ohhh-hoo, funny story!","[SPEAKER_Chandler] Thanks, I’m glad you see it that way.
[SPEAKER_Chandler] Ohhh-hoo, funny story!",joy,3,3,joy,True,0.011393353,0.0014823874,0.0014757233,0.93645424,0.019756963,0.003064873,0.026372474
232,1,Chandler,"Uhh, yeah. She uh, she uh, she uh might've mentioned him.",neutral,"[SPEAKER_Rachel] So Chandler, have you heard about Monica's secret boyfriend?
[SPEAKER_Chandler] Uhh, yeah. She uh, she uh, she uh might've mentioned him.","[SPEAKER_Rachel] So Chandler, have you heard about Monica's secret boyfriend?
[SPEAKER_Chandler] Uhh, yeah. She uh, she uh, she uh might've mentioned him.",neutral,4,4,neutral,True,0.0062273424,0.003073237,0.054040466,0.024124352,0.88884974,0.016934635,0.0067502945
232,2,Rachel,"So Mon, when are we gonna meet this new secret waiter man?",neutral,"[SPEAKER_Chandler] Uhh, yeah. She uh, she uh, she uh might've mentioned him.
[SPEAKER_Rachel] So Mon, when are we gonna meet this new secret waiter man?","[SPEAKER_Chandler] Uhh, yeah. She uh, she uh, she uh might've mentioned him.
[SPEAKER_Rachel] So Mon, when are we gonna meet this new secret waiter man?",neutral,4,4,neutral,True,0.0045011835,0.0008245188,0.0011599486,0.0100791305,0.9767352,0.0017685107,0.004931456
232,3,Monica,"Ohh, he's really shy. I-I don’t think he's up to meeting everyone yet.",neutral,"[SPEAKER_Rachel] So Mon, when are we gonna meet this new secret waiter man?
[SPEAKER_Monica] Ohh, he's really shy. I-I don’t think he's up to meeting everyone yet.","[SPEAKER_Rachel] So Mon, when are we gonna meet this new secret waiter man?
[SPEAKER_Monica] Ohh, he's really shy. I-I don’t think he's up to meeting everyone yet.",neutral,4,4,neutral,True,0.014926094,0.004014719,0.04749232,0.20805694,0.6674764,0.0212848,0.036748637
232,4,Chandler,"Yeah, I don't think he's up to meeting everyone yet.",neutral,"[SPEAKER_Monica] Ohh, he's really shy. I-I don’t think he's up to meeting everyone yet.
[SPEAKER_Chandler] Yeah, I don't think he's up to meeting everyone yet.","[SPEAKER_Monica] Ohh, he's really shy. I-I don’t think he's up to meeting everyone yet.
[SPEAKER_Chandler] Yeah, I don't think he's up to meeting everyone yet.",neutral,4,4,neutral,True,0.026356624,0.005739801,0.011627257,0.18334833,0.745317,0.016962996,0.010647986
232,5,Rachel,I don’t care! I wanna meet this guy who's the best sex she ever had!,joy,"[SPEAKER_Chandler] Yeah, I don't think he's up to meeting everyone yet.
[SPEAKER_Rachel] I don’t care! I wanna meet this guy who's the best sex she ever had!","[SPEAKER_Chandler] Yeah, I don't think he's up to meeting everyone yet.
[SPEAKER_Rachel] I don’t care! I wanna meet this guy who's the best sex she ever had!",joy,3,0,anger,False,0.55469984,0.12722878,0.044564422,0.15476343,0.03855854,0.061314255,0.018870696
232,6,Chandler,Really?! That's what you heard?  You said that?,surprise,"[SPEAKER_Rachel] I don’t care! I wanna meet this guy who's the best sex she ever had!
[SPEAKER_Chandler] Really?! That's what you heard?  You said that?","[SPEAKER_Rachel] I don’t care! I wanna meet this guy who's the best sex she ever had!
[SPEAKER_Chandler] Really?! That's what you heard?  You said that?",surprise,6,6,surprise,True,0.010013351,0.0014703261,0.0029998154,0.0036614286,0.015385869,0.004491008,0.96197826
232,7,Monica,I might've said that.  Why is that funny?,neutral,"[SPEAKER_Chandler] Really?! That's what you heard?  You said that?
[SPEAKER_Monica] I might've said that.  Why is that funny?","[SPEAKER_Chandler] Really?! That's what you heard?  You said that?
[SPEAKER_Monica] I might've said that.  Why is that funny?",neutral,4,6,surprise,False,0.02229311,0.0027135238,0.009824322,0.011055355,0.14418012,0.010870598,0.7990629
232,8,Chandler,Because I'm very happy for him!  And,joy,"[SPEAKER_Monica] I might've said that.  Why is that funny?
[SPEAKER_Chandler] Because I'm very happy for him!  And","[SPEAKER_Monica] I might've said that.  Why is that funny?
[SPEAKER_Chandler] Because I'm very happy for him!  And",joy,3,3,joy,True,0.12842357,0.003926189,0.006432941,0.6300968,0.20677759,0.013927996,0.010414908
232,9,Ross,Hi!,sadness,"[SPEAKER_Chandler] Because I'm very happy for him!  And
[SPEAKER_Ross] Hi!","[SPEAKER_Chandler] Because I'm very happy for him!  And
[SPEAKER_Ross] Hi!",sadness,5,3,joy,False,0.015438649,0.0013338508,0.001939231,0.83174664,0.11508631,0.004341764,0.030113528
233,1,Rachel,"Honey, if you wanted to do that, you might as well just gotten him a fish, you know how fish freaked me out!",disgust,"[SPEAKER_Rachel] Did you get all this stuff for Joey to try and drive me out of the apartment?
[SPEAKER_Rachel] Honey, if you wanted to do that, you might as well just gotten him a fish, you know how fish freaked me out!","[SPEAKER_Rachel] Did you get all this stuff for Joey to try and drive me out of the apartment?
[SPEAKER_Rachel] Honey, if you wanted to do that, you might as well just gotten him a fish, you know how fish freaked me out!",disgust,1,0,anger,False,0.7333362,0.02415677,0.0434889,0.053495068,0.06080968,0.04766821,0.037045114
233,2,Phoebe,Fish!,surprise,"[SPEAKER_Rachel] Honey, if you wanted to do that, you might as well just gotten him a fish, you know how fish freaked me out!
[SPEAKER_Phoebe] Fish!","[SPEAKER_Rachel] Honey, if you wanted to do that, you might as well just gotten him a fish, you know how fish freaked me out!
[SPEAKER_Phoebe] Fish!",surprise,6,6,surprise,True,0.1490685,0.031096807,0.012383036,0.06518456,0.038936008,0.02855321,0.67477787
233,3,Rachel,"It wouldn't have mattered anyway, Phoebe, you and I are, are gonna live together, we're roommates; that's the deal.",neutral,"[SPEAKER_Phoebe] Fish!
[SPEAKER_Rachel] It wouldn't have mattered anyway, Phoebe, you and I are, are gonna live together, we're roommates; that's the deal.","[SPEAKER_Phoebe] Fish!
[SPEAKER_Rachel] It wouldn't have mattered anyway, Phoebe, you and I are, are gonna live together, we're roommates; that's the deal.",neutral,4,4,neutral,True,0.015135019,0.0034935821,0.0036343224,0.10125031,0.85257137,0.019054363,0.004861051
233,4,Phoebe,"Yes, but I wanted you to want to live with me, but okay, if you're having so much fun over here",sadness,"[SPEAKER_Rachel] It wouldn't have mattered anyway, Phoebe, you and I are, are gonna live together, we're roommates; that's the deal.
[SPEAKER_Phoebe] Yes, but I wanted you to want to live with me, but okay, if you're having so much fun over here","[SPEAKER_Rachel] It wouldn't have mattered anyway, Phoebe, you and I are, are gonna live together, we're roommates; that's the deal.
[SPEAKER_Phoebe] Yes, but I wanted you to want to live with me, but okay, if you're having so much fun over here",sadness,5,4,neutral,False,0.14402254,0.037088666,0.10645418,0.0710628,0.5474758,0.08643908,0.0074569257
233,5,Rachel,"Oh, it's so much more fun with you.",joy,"[SPEAKER_Phoebe] Yes, but I wanted you to want to live with me, but okay, if you're having so much fun over here
[SPEAKER_Rachel] Oh, it's so much more fun with you.","[SPEAKER_Phoebe] Yes, but I wanted you to want to live with me, but okay, if you're having so much fun over here
[SPEAKER_Rachel] Oh, it's so much more fun with you.",joy,3,3,joy,True,0.015626121,0.0029690377,0.0014396391,0.94682413,0.0131921945,0.0050228243,0.014926007
233,6,Phoebe,"We did have fun, didn't we?",joy,"[SPEAKER_Rachel] Oh, it's so much more fun with you.
[SPEAKER_Phoebe] We did have fun, didn't we?","[SPEAKER_Rachel] Oh, it's so much more fun with you.
[SPEAKER_Phoebe] We did have fun, didn't we?",joy,3,3,joy,True,0.032401446,0.0028802117,0.0025483444,0.80252445,0.09760794,0.010545675,0.05149189
233,7,Rachel,We did!,joy,"[SPEAKER_Phoebe] We did have fun, didn't we?
[SPEAKER_Rachel] We did!","[SPEAKER_Phoebe] We did have fun, didn't we?
[SPEAKER_Rachel] We did!",joy,3,3,joy,True,0.026161926,0.0009882314,0.0014719247,0.91819394,0.02442851,0.0033501857,0.025405217
233,8,Phoebe,"Oh, anyway, they say, if we want, we can see it tonight.",neutral,"[SPEAKER_Rachel] We did!
[SPEAKER_Phoebe] Oh, anyway, they say, if we want, we can see it tonight.","[SPEAKER_Rachel] We did!
[SPEAKER_Phoebe] Oh, anyway, they say, if we want, we can see it tonight.",neutral,4,4,neutral,True,0.0044843284,0.0029651122,0.0016881541,0.055152927,0.92955786,0.0053663473,0.00078531925
233,9,Rachel,"Oh, I would love to!",joy,"[SPEAKER_Phoebe] Oh, anyway, they say, if we want, we can see it tonight.
[SPEAKER_Rachel] Oh, I would love to!","[SPEAKER_Phoebe] Oh, anyway, they say, if we want, we can see it tonight.
[SPEAKER_Rachel] Oh, I would love to!",joy,3,3,joy,True,0.0064752717,0.00091731834,0.00087008544,0.97024196,0.008782412,0.002738117,0.009974822
233,10,Phoebe,"Yay, okay!",joy,"[SPEAKER_Rachel] Oh, I would love to!
[SPEAKER_Phoebe] Yay, okay!","[SPEAKER_Rachel] Oh, I would love to!
[SPEAKER_Phoebe] Yay, okay!",joy,3,3,joy,True,0.0063325013,0.000966736,0.0006427376,0.97039527,0.013615673,0.002411449,0.0056355954
233,11,Rachel,"Good, good, good, good, good.",joy,"[SPEAKER_Phoebe] Yay, okay!
[SPEAKER_Rachel] Good, good, good, good, good.","[SPEAKER_Phoebe] Yay, okay!
[SPEAKER_Rachel] Good, good, good, good, good.",joy,3,3,joy,True,0.022543209,0.002540629,0.0023456684,0.9093961,0.05281028,0.006302002,0.004062051
233,12,Phoebe,"Great, all right, okay, and Monica ask me to make the drumming stop.",neutral,"[SPEAKER_Rachel] Good, good, good, good, good.
[SPEAKER_Phoebe] Great, all right, okay, and Monica ask me to make the drumming stop.","[SPEAKER_Rachel] Good, good, good, good, good.
[SPEAKER_Phoebe] Great, all right, okay, and Monica ask me to make the drumming stop.",neutral,4,4,neutral,True,0.030158354,0.004379831,0.0059866556,0.3804996,0.56039995,0.008150894,0.010424751
233,13,Rachel,Um...  Done!,neutral,"[SPEAKER_Phoebe] Great, all right, okay, and Monica ask me to make the drumming stop.
[SPEAKER_Rachel] Um...  Done!","[SPEAKER_Phoebe] Great, all right, okay, and Monica ask me to make the drumming stop.
[SPEAKER_Rachel] Um...  Done!",neutral,4,3,joy,False,0.015858531,0.0010460248,0.001601832,0.8791252,0.07895653,0.0032047932,0.020207118
234,1,Tommy,Ice coffee? Tell me it’s ice coffee!,surprise,"[SPEAKER_Ross] Okay, it’s coffee.
[SPEAKER_Tommy] Ice coffee? Tell me it’s ice coffee!","[SPEAKER_Ross] Okay, it’s coffee.
[SPEAKER_Tommy] Ice coffee? Tell me it’s ice coffee!",surprise,6,6,surprise,True,0.07109612,0.009069304,0.010857428,0.053147044,0.06810085,0.019156648,0.7685726
234,2,Ross,It’s-it’s hot,neutral,"[SPEAKER_Tommy] Ice coffee? Tell me it’s ice coffee!
[SPEAKER_Ross] It’s-it’s hot","[SPEAKER_Tommy] Ice coffee? Tell me it’s ice coffee!
[SPEAKER_Ross] It’s-it’s hot",neutral,4,3,joy,False,0.027900586,0.00719593,0.009611484,0.64446163,0.28582424,0.01572064,0.009285467
234,3,Tommy,Hot coffee!!!,surprise,"[SPEAKER_Ross] It’s-it’s hot
[SPEAKER_Tommy] Hot coffee!!!","[SPEAKER_Ross] It’s-it’s hot
[SPEAKER_Tommy] Hot coffee!!!",surprise,6,3,joy,False,0.017951166,0.0024034735,0.0012950918,0.9332432,0.020191025,0.0027628373,0.022153253
234,4,Tommy,You idiot!!,anger,"[SPEAKER_Tommy] Hot coffee!!!
[SPEAKER_Tommy] You idiot!!","[SPEAKER_Tommy] Hot coffee!!!
[SPEAKER_Tommy] You idiot!!",anger,0,6,surprise,False,0.30300933,0.03137026,0.0041040676,0.2230957,0.030204726,0.019629134,0.38858682
234,5,Tommy,"You were gonna spill hot coffee all over me, huh?!!",anger,"[SPEAKER_Tommy] You idiot!!
[SPEAKER_Tommy] You were gonna spill hot coffee all over me, huh?!!","[SPEAKER_Tommy] You idiot!!
[SPEAKER_Tommy] You were gonna spill hot coffee all over me, huh?!!",anger,0,6,surprise,False,0.13140576,0.015800705,0.003805198,0.0884218,0.040887628,0.012493415,0.70718557
234,6,Tommy,"What are you just some big, dumb, stupid, doofy idiot, with a doofy idiot hairdo, huh?!",anger,"[SPEAKER_Tommy] You were gonna spill hot coffee all over me, huh?!!
[SPEAKER_Tommy] What are you just some big, dumb, stupid, doofy idiot, with a doofy idiot hairdo, huh?!","[SPEAKER_Tommy] You were gonna spill hot coffee all over me, huh?!!
[SPEAKER_Tommy] What are you just some big, dumb, stupid, doofy idiot, with a doofy idiot hairdo, huh?!",anger,0,0,anger,True,0.61277163,0.050454296,0.0076792324,0.027428871,0.041911703,0.03117058,0.22858375
234,7,Tommy,Huh?,anger,"[SPEAKER_Tommy] What are you just some big, dumb, stupid, doofy idiot, with a doofy idiot hairdo, huh?!
[SPEAKER_Tommy] Huh?","[SPEAKER_Tommy] What are you just some big, dumb, stupid, doofy idiot, with a doofy idiot hairdo, huh?!
[SPEAKER_Tommy] Huh?",anger,0,6,surprise,False,0.032227453,0.0021448068,0.0099213505,0.014135911,0.275272,0.0109786615,0.65531987
234,8,Rachel,What’s your favourite thing about summertime?,neutral,"[SPEAKER_Tommy] Huh?
[SPEAKER_Rachel] What’s your favourite thing about summertime?","[SPEAKER_Tommy] Huh?
[SPEAKER_Rachel] What’s your favourite thing about summertime?",neutral,4,4,neutral,True,0.031913046,0.0044688312,0.0029291904,0.06433583,0.86176497,0.007956322,0.026631802
234,9,Monica,"Umm, going to the beach. When it stays light real late.",neutral,"[SPEAKER_Rachel] What’s your favourite thing about summertime?
[SPEAKER_Monica] Umm, going to the beach. When it stays light real late.","[SPEAKER_Rachel] What’s your favourite thing about summertime?
[SPEAKER_Monica] Umm, going to the beach. When it stays light real late.",neutral,4,4,neutral,True,0.0036110487,0.0028493332,0.0014627747,0.009078678,0.98056924,0.0019883777,0.00044057702
234,10,Rachel,Yeah,neutral,"[SPEAKER_Monica] Umm, going to the beach. When it stays light real late.
[SPEAKER_Rachel] Yeah","[SPEAKER_Monica] Umm, going to the beach. When it stays light real late.
[SPEAKER_Rachel] Yeah",neutral,4,4,neutral,True,0.0076410547,0.0024351866,0.004312832,0.07894448,0.896088,0.005736981,0.0048413724
234,11,Tommy,Hey!,surprise,"[SPEAKER_Rachel] Yeah
[SPEAKER_Tommy] Hey!","[SPEAKER_Rachel] Yeah
[SPEAKER_Tommy] Hey!",surprise,6,3,joy,False,0.04517417,0.0034324522,0.00489459,0.61086184,0.14476253,0.009170515,0.18170391
234,12,Rachel,"Tommyyyy! Say, what’s your favourite thing about summer?",joy,"[SPEAKER_Tommy] Hey!
[SPEAKER_Rachel] Tommyyyy! Say, what’s your favourite thing about summer?","[SPEAKER_Tommy] Hey!
[SPEAKER_Rachel] Tommyyyy! Say, what’s your favourite thing about summer?",joy,3,3,joy,True,0.03047673,0.003908613,0.0017820386,0.87637085,0.04458886,0.0048728217,0.038000066
234,13,Tommy,"Ooh, I don’t know. Probably the smell of freshly cut grass.",neutral,"[SPEAKER_Rachel] Tommyyyy! Say, what’s your favourite thing about summer?
[SPEAKER_Tommy] Ooh, I don’t know. Probably the smell of freshly cut grass.","[SPEAKER_Rachel] Tommyyyy! Say, what’s your favourite thing about summer?
[SPEAKER_Tommy] Ooh, I don’t know. Probably the smell of freshly cut grass.",neutral,4,4,neutral,True,0.009124766,0.020621361,0.0071967384,0.09623126,0.84933025,0.014031642,0.003463935
234,14,Chandler,"Ohh, that’s a good one.",joy,"[SPEAKER_Tommy] Ooh, I don’t know. Probably the smell of freshly cut grass.
[SPEAKER_Chandler] Ohh, that’s a good one.","[SPEAKER_Tommy] Ooh, I don’t know. Probably the smell of freshly cut grass.
[SPEAKER_Chandler] Ohh, that’s a good one.",joy,3,4,neutral,False,0.013078734,0.010960913,0.0037933765,0.43511185,0.5230554,0.01087155,0.0031282452
237,1,Joey,It's creamier.,neutral,"[SPEAKER_Monica] Is it better than the other salmon mousse?
[SPEAKER_Joey] It's creamier.","[SPEAKER_Monica] Is it better than the other salmon mousse?
[SPEAKER_Joey] It's creamier.",neutral,4,4,neutral,True,0.0058798725,0.0065752077,0.0016699915,0.017446453,0.96227574,0.003710036,0.0024426982
237,2,Monica,"Yeah, well, is that",neutral,"[SPEAKER_Joey] It's creamier.
[SPEAKER_Monica] Yeah, well, is that","[SPEAKER_Joey] It's creamier.
[SPEAKER_Monica] Yeah, well, is that",neutral,4,4,neutral,True,0.0030740858,0.00077860197,0.00050083123,0.009265988,0.9843752,0.0012796627,0.0007255977
237,3,Joey,"I don't know. We're talking about whipped fish, Monica. I'm just happy I'm keeping it down, y'know?",disgust,"[SPEAKER_Monica] Yeah, well, is that
[SPEAKER_Joey] I don't know. We're talking about whipped fish, Monica. I'm just happy I'm keeping it down, y'know?","[SPEAKER_Monica] Yeah, well, is that
[SPEAKER_Joey] I don't know. We're talking about whipped fish, Monica. I'm just happy I'm keeping it down, y'know?",disgust,1,0,anger,False,0.30820224,0.014869386,0.026574826,0.2739231,0.29904178,0.057547413,0.019841274
237,4,Rachel,My God! What happened to you?,surprise,"[SPEAKER_Joey] I don't know. We're talking about whipped fish, Monica. I'm just happy I'm keeping it down, y'know?
[SPEAKER_Rachel] My God! What happened to you?","[SPEAKER_Joey] I don't know. We're talking about whipped fish, Monica. I'm just happy I'm keeping it down, y'know?
[SPEAKER_Rachel] My God! What happened to you?",surprise,6,6,surprise,True,0.011667558,0.004091218,0.011101575,0.00903437,0.010112892,0.018948883,0.9350435
237,5,Chandler,"Eight and a half hours of aptitude tests, intelligence tests, personality tests... and what do I learn?",disgust,"[SPEAKER_Rachel] My God! What happened to you?
[SPEAKER_Chandler] Eight and a half hours of aptitude tests, intelligence tests, personality tests... and what do I learn?","[SPEAKER_Rachel] My God! What happened to you?
[SPEAKER_Chandler] Eight and a half hours of aptitude tests, intelligence tests, personality tests... and what do I learn?",disgust,1,4,neutral,False,0.10090016,0.008063537,0.035301425,0.12934145,0.6415048,0.026819356,0.058069263
237,6,Chandler,"""You are ideally suited for a career in data processing for a large multinational corporation.""",anger,"[SPEAKER_Chandler] Eight and a half hours of aptitude tests, intelligence tests, personality tests... and what do I learn?
[SPEAKER_Chandler] ""You are ideally suited for a career in data processing for a large multinational corporation.""","[SPEAKER_Chandler] Eight and a half hours of aptitude tests, intelligence tests, personality tests... and what do I learn?
[SPEAKER_Chandler] ""You are ideally suited for a career in data processing for a large multinational corporation.""",anger,0,4,neutral,False,0.03483131,0.0044798213,0.0021434012,0.16594535,0.7805358,0.0058489875,0.006215275
237,7,Phoebe,That's so great! 'Cause you already know how to do that!,joy,"[SPEAKER_Chandler] ""You are ideally suited for a career in data processing for a large multinational corporation.""
[SPEAKER_Phoebe] That's so great! 'Cause you already know how to do that!","[SPEAKER_Chandler] ""You are ideally suited for a career in data processing for a large multinational corporation.""
[SPEAKER_Phoebe] That's so great! 'Cause you already know how to do that!",joy,3,3,joy,True,0.04918013,0.004696716,0.0031120235,0.76391053,0.04217169,0.0111774895,0.12575139
237,8,Chandler,"Can you believe it? I mean, don't I seem like somebody who should be doing something really",anger,"[SPEAKER_Phoebe] That's so great! 'Cause you already know how to do that!
[SPEAKER_Chandler] Can you believe it? I mean, don't I seem like somebody who should be doing something really","[SPEAKER_Phoebe] That's so great! 'Cause you already know how to do that!
[SPEAKER_Chandler] Can you believe it? I mean, don't I seem like somebody who should be doing something really",anger,0,4,neutral,False,0.15162301,0.02091595,0.09608515,0.10201807,0.43022323,0.094445035,0.10468961
237,9,Rachel,"Oh Chandler, I know, I know... oh, hey! You can see your nipples through this shirt!",sadness,"[SPEAKER_Chandler] Can you believe it? I mean, don't I seem like somebody who should be doing something really
[SPEAKER_Rachel] Oh Chandler, I know, I know... oh, hey! You can see your nipples through this shirt!","[SPEAKER_Chandler] Can you believe it? I mean, don't I seem like somebody who should be doing something really
[SPEAKER_Rachel] Oh Chandler, I know, I know... oh, hey! You can see your nipples through this shirt!",sadness,5,6,surprise,False,0.027488457,0.028590137,0.0063424786,0.113937035,0.02930303,0.009925404,0.7844134
237,10,Monica,"Here you go, maybe this'll cheer you up.",joy,"[SPEAKER_Rachel] Oh Chandler, I know, I know... oh, hey! You can see your nipples through this shirt!
[SPEAKER_Monica] Here you go, maybe this'll cheer you up.","[SPEAKER_Rachel] Oh Chandler, I know, I know... oh, hey! You can see your nipples through this shirt!
[SPEAKER_Monica] Here you go, maybe this'll cheer you up.",joy,3,4,neutral,False,0.0063465256,0.0045079533,0.001900791,0.04022041,0.94362295,0.0028308525,0.0005705408
237,11,Chandler,"Ooh, you know, I had a grape about five hours ago, so I'd better split this with you.",neutral,"[SPEAKER_Monica] Here you go, maybe this'll cheer you up.
[SPEAKER_Chandler] Ooh, you know, I had a grape about five hours ago, so I'd better split this with you.","[SPEAKER_Monica] Here you go, maybe this'll cheer you up.
[SPEAKER_Chandler] Ooh, you know, I had a grape about five hours ago, so I'd better split this with you.",neutral,4,4,neutral,True,0.014832712,0.01027673,0.0020166214,0.14912644,0.8144408,0.007402552,0.0019041211
238,1,Mrs. Geller,"Well, that doesn't mean she can't look nice!",sadness,"[SPEAKER_Ross] I thought it was gonna be a closed casket.
[SPEAKER_Mrs. Geller] Well, that doesn't mean she can't look nice!","[SPEAKER_Ross] I thought it was gonna be a closed casket.
[SPEAKER_Mrs. Geller] Well, that doesn't mean she can't look nice!",sadness,5,0,anger,False,0.77360517,0.041404843,0.051429402,0.012467929,0.030997358,0.063612774,0.026482472
238,2,Mrs. Geller,"Sweetie, you think you can get in there?",neutral,"[SPEAKER_Mrs. Geller] Well, that doesn't mean she can't look nice!
[SPEAKER_Mrs. Geller] Sweetie, you think you can get in there?","[SPEAKER_Mrs. Geller] Well, that doesn't mean she can't look nice!
[SPEAKER_Mrs. Geller] Sweetie, you think you can get in there?",neutral,4,4,neutral,True,0.05029501,0.0030550067,0.020256506,0.18385197,0.59127367,0.017434435,0.13383338
238,3,Ross,I don't see why not.,neutral,"[SPEAKER_Mrs. Geller] Sweetie, you think you can get in there?
[SPEAKER_Ross] I don't see why not.","[SPEAKER_Mrs. Geller] Sweetie, you think you can get in there?
[SPEAKER_Ross] I don't see why not.",neutral,4,4,neutral,True,0.027682917,0.0047973925,0.0073042572,0.040192213,0.9058185,0.0113586765,0.0028460743
238,4,Ross,Here's my retainer!,neutral,"[SPEAKER_Ross] I don't see why not.
[SPEAKER_Ross] Here's my retainer!","[SPEAKER_Ross] I don't see why not.
[SPEAKER_Ross] Here's my retainer!",neutral,4,0,anger,False,0.60866195,0.017963946,0.011069352,0.024650928,0.23815317,0.036203377,0.06329726
239,1,Chandler,No. This is just part of a dare devil game that I play called ‘wait until the last moment before I burst and die.’,anger,"[SPEAKER_Gunther] Someone in there?
[SPEAKER_Chandler] No. This is just part of a dare devil game that I play called ‘wait until the last moment before I burst and die.’","[SPEAKER_Gunther] Someone in there?
[SPEAKER_Chandler] No. This is just part of a dare devil game that I play called ‘wait until the last moment before I burst and die.’",anger,0,0,anger,True,0.29238552,0.18089661,0.07146026,0.08746095,0.29057318,0.07339966,0.003823772
239,2,Chandler,"Jeez, man did you fall.. Hi! So ah, did ya, did-did-did ya fall high?",surprise,"[SPEAKER_Chandler] No. This is just part of a dare devil game that I play called ‘wait until the last moment before I burst and die.’
[SPEAKER_Chandler] Jeez, man did you fall.. Hi! So ah, did ya, did-did-did ya fall high?","[SPEAKER_Chandler] No. This is just part of a dare devil game that I play called ‘wait until the last moment before I burst and die.’
[SPEAKER_Chandler] Jeez, man did you fall.. Hi! So ah, did ya, did-did-did ya fall high?",surprise,6,6,surprise,True,0.017196767,0.0025631892,0.014261081,0.100034915,0.06541014,0.014251911,0.78628206
239,3,Woman,"Someone was in the lady's room, I couldn’t wait. I left the lid up for ya though.",neutral,"[SPEAKER_Chandler] Jeez, man did you fall.. Hi! So ah, did ya, did-did-did ya fall high?
[SPEAKER_Woman] Someone was in the lady's room, I couldn’t wait. I left the lid up for ya though.","[SPEAKER_Chandler] Jeez, man did you fall.. Hi! So ah, did ya, did-did-did ya fall high?
[SPEAKER_Woman] Someone was in the lady's room, I couldn’t wait. I left the lid up for ya though.",neutral,4,4,neutral,True,0.004443673,0.000979022,0.0014013763,0.016719451,0.97159606,0.0021509593,0.002709432
239,4,Chandler,"Y'know what Gunther, go ah, go ahead, I’m-I’m talking to ah, .  This is the part where you say your name.",neutral,"[SPEAKER_Woman] Someone was in the lady's room, I couldn’t wait. I left the lid up for ya though.
[SPEAKER_Chandler] Y'know what Gunther, go ah, go ahead, I’m-I’m talking to ah, .  This is the part where you say your name.","[SPEAKER_Woman] Someone was in the lady's room, I couldn’t wait. I left the lid up for ya though.
[SPEAKER_Chandler] Y'know what Gunther, go ah, go ahead, I’m-I’m talking to ah, .  This is the part where you say your name.",neutral,4,4,neutral,True,0.00448667,0.001009394,0.0020028264,0.0059299436,0.9841621,0.0017714045,0.0006375819
239,5,Woman,Ginger.,neutral,"[SPEAKER_Chandler] Y'know what Gunther, go ah, go ahead, I’m-I’m talking to ah, .  This is the part where you say your name.
[SPEAKER_Woman] Ginger.","[SPEAKER_Chandler] Y'know what Gunther, go ah, go ahead, I’m-I’m talking to ah, .  This is the part where you say your name.
[SPEAKER_Woman] Ginger.",neutral,4,4,neutral,True,0.009362801,0.002850576,0.0024072758,0.0219547,0.95726335,0.004092238,0.0020690528
239,6,Chandler,"Ginger. I’m talking to Ginger, so....",neutral,"[SPEAKER_Woman] Ginger.
[SPEAKER_Chandler] Ginger. I’m talking to Ginger, so....","[SPEAKER_Woman] Ginger.
[SPEAKER_Chandler] Ginger. I’m talking to Ginger, so....",neutral,4,4,neutral,True,0.0063276533,0.0013040404,0.0028540874,0.014765508,0.96903956,0.004392423,0.0013166568
239,7,Ginger,Don’t you have to use the bathroom?,neutral,"[SPEAKER_Chandler] Ginger. I’m talking to Ginger, so....
[SPEAKER_Ginger] Don’t you have to use the bathroom?","[SPEAKER_Chandler] Ginger. I’m talking to Ginger, so....
[SPEAKER_Ginger] Don’t you have to use the bathroom?",neutral,4,4,neutral,True,0.015405845,0.0046792263,0.0055234283,0.018566659,0.943371,0.0067222905,0.005731528
239,8,Chandler,"Nope, nope, I’d just ah, I’d rather talk to you.",neutral,"[SPEAKER_Ginger] Don’t you have to use the bathroom?
[SPEAKER_Chandler] Nope, nope, I’d just ah, I’d rather talk to you.","[SPEAKER_Ginger] Don’t you have to use the bathroom?
[SPEAKER_Chandler] Nope, nope, I’d just ah, I’d rather talk to you.",neutral,4,4,neutral,True,0.0031237323,0.0018991648,0.002335088,0.012296364,0.9771976,0.0026548558,0.00049318094
239,9,Chandler,"Yes, I do.",neutral,"[SPEAKER_Chandler] Nope, nope, I’d just ah, I’d rather talk to you.
[SPEAKER_Chandler] Yes, I do.","[SPEAKER_Chandler] Nope, nope, I’d just ah, I’d rather talk to you.
[SPEAKER_Chandler] Yes, I do.",neutral,4,4,neutral,True,0.009447359,0.0024217411,0.003563292,0.11573477,0.8589012,0.009207759,0.0007239515
239,10,Chandler,"Yes, I do have to go to the bathroom.",neutral,"[SPEAKER_Chandler] Yes, I do.
[SPEAKER_Chandler] Yes, I do have to go to the bathroom.","[SPEAKER_Chandler] Yes, I do.
[SPEAKER_Chandler] Yes, I do have to go to the bathroom.",neutral,4,4,neutral,True,0.0035891156,0.0021099513,0.002732606,0.0071501536,0.9805428,0.0033531103,0.00052233675
239,11,Gunther,Someone in here.,neutral,"[SPEAKER_Chandler] Yes, I do have to go to the bathroom.
[SPEAKER_Gunther] Someone in here.","[SPEAKER_Chandler] Yes, I do have to go to the bathroom.
[SPEAKER_Gunther] Someone in here.",neutral,4,4,neutral,True,0.009755175,0.0052373055,0.0040955143,0.0066730417,0.9479567,0.00578056,0.020501763
240,1,Jessica Lockhart,Oh yes there is!,anger,"[SPEAKER_Dina] I’m going to keep dating him Mother, and there’s nothing you can do about it!
[SPEAKER_Jessica Lockhart] Oh yes there is!","[SPEAKER_Dina] I’m going to keep dating him Mother, and there’s nothing you can do about it!
[SPEAKER_Jessica Lockhart] Oh yes there is!",anger,0,3,joy,False,0.01854799,0.001313583,0.0023952438,0.9252004,0.025126826,0.0042904774,0.023125503
240,2,Dina,What are you going to do? Kill him? Like you did with Charles?!,anger,"[SPEAKER_Jessica Lockhart] Oh yes there is!
[SPEAKER_Dina] What are you going to do? Kill him? Like you did with Charles?!","[SPEAKER_Jessica Lockhart] Oh yes there is!
[SPEAKER_Dina] What are you going to do? Kill him? Like you did with Charles?!",anger,0,0,anger,True,0.75640243,0.018836498,0.11261139,0.013989021,0.01819411,0.03884552,0.041121043
240,3,Jessica Lockhart,"Oh, my baby!",sadness,"[SPEAKER_Dina] What are you going to do? Kill him? Like you did with Charles?!
[SPEAKER_Jessica Lockhart] Oh, my baby!","[SPEAKER_Dina] What are you going to do? Kill him? Like you did with Charles?!
[SPEAKER_Jessica Lockhart] Oh, my baby!",sadness,5,3,joy,False,0.017886711,0.0047525913,0.010653374,0.798781,0.024976311,0.07070977,0.072240196
240,4,Joey,That was a great scene! And-and-and that slap looks so real! How do you do that?,surprise,"[SPEAKER_Jessica Lockhart] Oh, my baby!
[SPEAKER_Joey] That was a great scene! And-and-and that slap looks so real! How do you do that?","[SPEAKER_Jessica Lockhart] Oh, my baby!
[SPEAKER_Joey] That was a great scene! And-and-and that slap looks so real! How do you do that?",surprise,6,6,surprise,True,0.018847745,0.0039007487,0.004191534,0.12839471,0.031247806,0.007974573,0.805443
240,5,Cecilia,"Oh, just years of experience.",neutral,"[SPEAKER_Joey] That was a great scene! And-and-and that slap looks so real! How do you do that?
[SPEAKER_Cecilia] Oh, just years of experience.","[SPEAKER_Joey] That was a great scene! And-and-and that slap looks so real! How do you do that?
[SPEAKER_Cecilia] Oh, just years of experience.",neutral,4,4,neutral,True,0.06332306,0.045657244,0.06375756,0.06810144,0.3868734,0.31921208,0.053075258
240,6,Dina,Can I get some ice here?!,sadness,"[SPEAKER_Cecilia] Oh, just years of experience.
[SPEAKER_Dina] Can I get some ice here?!","[SPEAKER_Cecilia] Oh, just years of experience.
[SPEAKER_Dina] Can I get some ice here?!",sadness,5,3,joy,False,0.052386623,0.0056085433,0.0061942236,0.51197594,0.3895761,0.007909582,0.026348986
240,7,Joey,"Oh anyway, I just wanted to say how wonderful I think you are.",joy,"[SPEAKER_Dina] Can I get some ice here?!
[SPEAKER_Joey] Oh anyway, I just wanted to say how wonderful I think you are.","[SPEAKER_Dina] Can I get some ice here?!
[SPEAKER_Joey] Oh anyway, I just wanted to say how wonderful I think you are.",joy,3,3,joy,True,0.008041069,0.0021794706,0.0030118916,0.84878635,0.11362078,0.021957606,0.0024028632
240,8,Cecilia,You’re not the fan who’s dying are you?,neutral,"[SPEAKER_Joey] Oh anyway, I just wanted to say how wonderful I think you are.
[SPEAKER_Cecilia] You’re not the fan who’s dying are you?","[SPEAKER_Joey] Oh anyway, I just wanted to say how wonderful I think you are.
[SPEAKER_Cecilia] You’re not the fan who’s dying are you?",neutral,4,6,surprise,False,0.097513855,0.0055234744,0.0045926245,0.016482424,0.051760446,0.017891148,0.80623597
240,9,Joey,"No. No, I’m Joey Tribbiani; we did a scene together yesterday. I-I’m the guy in the coma!",joy,"[SPEAKER_Cecilia] You’re not the fan who’s dying are you?
[SPEAKER_Joey] No. No, I’m Joey Tribbiani; we did a scene together yesterday. I-I’m the guy in the coma!","[SPEAKER_Cecilia] You’re not the fan who’s dying are you?
[SPEAKER_Joey] No. No, I’m Joey Tribbiani; we did a scene together yesterday. I-I’m the guy in the coma!",joy,3,6,surprise,False,0.019803772,0.0032218518,0.014897696,0.1564507,0.07273435,0.021467831,0.7114239
240,10,Cecilia,Oh that was a real person?!,surprise,"[SPEAKER_Joey] No. No, I’m Joey Tribbiani; we did a scene together yesterday. I-I’m the guy in the coma!
[SPEAKER_Cecilia] Oh that was a real person?!","[SPEAKER_Joey] No. No, I’m Joey Tribbiani; we did a scene together yesterday. I-I’m the guy in the coma!
[SPEAKER_Cecilia] Oh that was a real person?!",surprise,6,6,surprise,True,0.013493114,0.002013565,0.0037595376,0.003546699,0.016804963,0.006271402,0.9541107
240,11,Joey,"An-an-anyway I-I just wanted to say that since I’m getting your brain when you leave the show, I was wondering if there was any tips you can give me",neutral,"[SPEAKER_Cecilia] Oh that was a real person?!
[SPEAKER_Joey] An-an-anyway I-I just wanted to say that since I’m getting your brain when you leave the show, I was wondering if there was any tips you can give me","[SPEAKER_Cecilia] Oh that was a real person?!
[SPEAKER_Joey] An-an-anyway I-I just wanted to say that since I’m getting your brain when you leave the show, I was wondering if there was any tips you can give me",neutral,4,4,neutral,True,0.030767707,0.0037039288,0.044730987,0.13739683,0.7518916,0.019916087,0.0115929125
240,12,Cecilia,I-I-I’m leaving the show?,surprise,"[SPEAKER_Joey] An-an-anyway I-I just wanted to say that since I’m getting your brain when you leave the show, I was wondering if there was any tips you can give me
[SPEAKER_Cecilia] I-I-I’m leaving the show?","[SPEAKER_Joey] An-an-anyway I-I just wanted to say that since I’m getting your brain when you leave the show, I was wondering if there was any tips you can give me
[SPEAKER_Cecilia] I-I-I’m leaving the show?",surprise,6,6,surprise,True,0.03739385,0.0054160994,0.10365872,0.08176647,0.10197231,0.064798735,0.60499376
240,13,Joey,I don’t know. Why? Did you hear something?,neutral,"[SPEAKER_Cecilia] I-I-I’m leaving the show?
[SPEAKER_Joey] I don’t know. Why? Did you hear something?","[SPEAKER_Cecilia] I-I-I’m leaving the show?
[SPEAKER_Joey] I don’t know. Why? Did you hear something?",neutral,4,4,neutral,True,0.026285175,0.0031599216,0.048604652,0.047330957,0.50085205,0.022759657,0.3510076
240,14,Cecilia,Who told you that?,surprise,"[SPEAKER_Joey] I don’t know. Why? Did you hear something?
[SPEAKER_Cecilia] Who told you that?","[SPEAKER_Joey] I don’t know. Why? Did you hear something?
[SPEAKER_Cecilia] Who told you that?",surprise,6,6,surprise,True,0.03312467,0.0031208177,0.017897274,0.013753856,0.28668606,0.016803715,0.62861365
240,15,Joey,"Oh uh, one of the writers.",sadness,"[SPEAKER_Cecilia] Who told you that?
[SPEAKER_Joey] Oh uh, one of the writers.","[SPEAKER_Cecilia] Who told you that?
[SPEAKER_Joey] Oh uh, one of the writers.",sadness,5,4,neutral,False,0.0015261215,0.00086731545,0.0029555352,0.004639495,0.9845947,0.0027571023,0.0026598535
240,16,Cecilia,Which one? Was it bald or was it tall?,surprise,"[SPEAKER_Joey] Oh uh, one of the writers.
[SPEAKER_Cecilia] Which one? Was it bald or was it tall?","[SPEAKER_Joey] Oh uh, one of the writers.
[SPEAKER_Cecilia] Which one? Was it bald or was it tall?",surprise,6,4,neutral,False,0.01520135,0.0019749831,0.0060008536,0.01029378,0.80900013,0.005831843,0.1516971
241,1,Joey,Yeah!,joy,"[SPEAKER_Phoebe] Feel better?
[SPEAKER_Joey] Yeah!","[SPEAKER_Phoebe] Feel better?
[SPEAKER_Joey] Yeah!",joy,3,3,joy,True,0.025534367,0.0019172502,0.0026233147,0.8683399,0.07693916,0.0060845893,0.01856142
241,2,Joey,Much!,joy,"[SPEAKER_Joey] Yeah!
[SPEAKER_Joey] Much!","[SPEAKER_Joey] Yeah!
[SPEAKER_Joey] Much!",joy,3,3,joy,True,0.01210566,0.0015304321,0.0014386872,0.9470214,0.017340697,0.0034871213,0.017075902
241,3,Joey,"Listen uh, not that I’m y’know insecure about my manhood or anything y’know, but I think I need to hook up with a woman like right now.",neutral,"[SPEAKER_Joey] Much!
[SPEAKER_Joey] Listen uh, not that I’m y’know insecure about my manhood or anything y’know, but I think I need to hook up with a woman like right now.","[SPEAKER_Joey] Much!
[SPEAKER_Joey] Listen uh, not that I’m y’know insecure about my manhood or anything y’know, but I think I need to hook up with a woman like right now.",neutral,4,4,neutral,True,0.14044215,0.0366746,0.0975533,0.05272633,0.59379053,0.07196231,0.0068507744
241,4,Phoebe,"Yeah, I understand.",neutral,"[SPEAKER_Joey] Listen uh, not that I’m y’know insecure about my manhood or anything y’know, but I think I need to hook up with a woman like right now.
[SPEAKER_Phoebe] Yeah, I understand.","[SPEAKER_Joey] Listen uh, not that I’m y’know insecure about my manhood or anything y’know, but I think I need to hook up with a woman like right now.
[SPEAKER_Phoebe] Yeah, I understand.",neutral,4,4,neutral,True,0.015857242,0.005095215,0.008245361,0.028653147,0.9290716,0.01189468,0.001182817
241,5,Joey,Yeah! Okay!  Hey! Hi!,joy,"[SPEAKER_Phoebe] Yeah, I understand.
[SPEAKER_Joey] Yeah! Okay!  Hey! Hi!","[SPEAKER_Phoebe] Yeah, I understand.
[SPEAKER_Joey] Yeah! Okay!  Hey! Hi!",joy,3,3,joy,True,0.019183606,0.0015403149,0.0022880777,0.849765,0.081930585,0.0043620137,0.04093042
241,6,Woman,Hi!,joy,"[SPEAKER_Joey] Yeah! Okay!  Hey! Hi!
[SPEAKER_Woman] Hi!","[SPEAKER_Joey] Yeah! Okay!  Hey! Hi!
[SPEAKER_Woman] Hi!",joy,3,3,joy,True,0.020661246,0.001618388,0.0024300711,0.817925,0.10588304,0.00447555,0.047006737
241,7,Joey,"Y’know, you look familiar. Do I know you from somewhere?",surprise,"[SPEAKER_Woman] Hi!
[SPEAKER_Joey] Y’know, you look familiar. Do I know you from somewhere?","[SPEAKER_Woman] Hi!
[SPEAKER_Joey] Y’know, you look familiar. Do I know you from somewhere?",surprise,6,4,neutral,False,0.009472046,0.0012508786,0.0044112103,0.011168906,0.9492194,0.0026792479,0.021798301
241,8,Woman,I don’t think so.,neutral,"[SPEAKER_Joey] Y’know, you look familiar. Do I know you from somewhere?
[SPEAKER_Woman] I don’t think so.","[SPEAKER_Joey] Y’know, you look familiar. Do I know you from somewhere?
[SPEAKER_Woman] I don’t think so.",neutral,4,4,neutral,True,0.009861193,0.0022414215,0.0046492084,0.039667632,0.9346974,0.0065007047,0.002382509
241,9,Joey,Oh! Maybe it’s because I’m on television. I’m an actor on,joy,"[SPEAKER_Woman] I don’t think so.
[SPEAKER_Joey] Oh! Maybe it’s because I’m on television. I’m an actor on","[SPEAKER_Woman] I don’t think so.
[SPEAKER_Joey] Oh! Maybe it’s because I’m on television. I’m an actor on",joy,3,4,neutral,False,0.040334668,0.012285471,0.016936172,0.28262195,0.38741934,0.048234105,0.21216829
241,10,Woman,Wow!,surprise,"[SPEAKER_Joey] Oh! Maybe it’s because I’m on television. I’m an actor on
[SPEAKER_Woman] Wow!","[SPEAKER_Joey] Oh! Maybe it’s because I’m on television. I’m an actor on
[SPEAKER_Woman] Wow!",surprise,6,6,surprise,True,0.004633188,0.0018356262,0.0019398923,0.0062551494,0.0051999562,0.003607511,0.9765287
241,11,Joey,Yeah.,neutral,"[SPEAKER_Woman] Wow!
[SPEAKER_Joey] Yeah.","[SPEAKER_Woman] Wow!
[SPEAKER_Joey] Yeah.",neutral,4,4,neutral,True,0.0030940312,0.0014867681,0.0027136123,0.02686379,0.95814127,0.004770639,0.0029298614
241,12,Woman,Really?!,surprise,"[SPEAKER_Joey] Yeah.
[SPEAKER_Woman] Really?!","[SPEAKER_Joey] Yeah.
[SPEAKER_Woman] Really?!",surprise,6,6,surprise,True,0.008139411,0.0013382455,0.0024922695,0.0035298802,0.016640708,0.0040932707,0.96376616
241,13,Waitress,$4.50 please.,neutral,"[SPEAKER_Woman] Really?!
[SPEAKER_Waitress] $4.50 please.","[SPEAKER_Woman] Really?!
[SPEAKER_Waitress] $4.50 please.",neutral,4,4,neutral,True,0.0042215534,0.003078226,0.0024949508,0.012850152,0.9716859,0.0044711763,0.001198012
241,14,Joey,"Oh, let me get this.    These are for you.",neutral,"[SPEAKER_Waitress] $4.50 please.
[SPEAKER_Joey] Oh, let me get this.    These are for you.","[SPEAKER_Waitress] $4.50 please.
[SPEAKER_Joey] Oh, let me get this.    These are for you.",neutral,4,4,neutral,True,0.0026483708,0.0009397595,0.0007216196,0.0048254025,0.9883022,0.0012035053,0.0013592156
242,1,Chandler,It's been fourteen and a half minutes and you still have not said one word.,anger,"[SPEAKER_Chandler] Alright, alright, alright.
[SPEAKER_Chandler] It's been fourteen and a half minutes and you still have not said one word.","[SPEAKER_Chandler] Alright, alright, alright.
[SPEAKER_Chandler] It's been fourteen and a half minutes and you still have not said one word.",anger,0,4,neutral,False,0.09312144,0.011101515,0.010669189,0.04301092,0.7547604,0.016809877,0.070526764
242,2,Chandler,"Oh God, do something.",anger,"[SPEAKER_Chandler] It's been fourteen and a half minutes and you still have not said one word.
[SPEAKER_Chandler] Oh God, do something.","[SPEAKER_Chandler] It's been fourteen and a half minutes and you still have not said one word.
[SPEAKER_Chandler] Oh God, do something.",anger,0,4,neutral,False,0.09946084,0.048511952,0.26822704,0.22710794,0.28817746,0.059131477,0.009383258
242,3,Chandler,"Just make contact, smile!",anger,"[SPEAKER_Chandler] Oh God, do something.
[SPEAKER_Chandler] Just make contact, smile!","[SPEAKER_Chandler] Oh God, do something.
[SPEAKER_Chandler] Just make contact, smile!",anger,0,3,joy,False,0.04976514,0.0045146327,0.0070720552,0.70259166,0.21713434,0.0071853357,0.0117368
242,4,Chandler,There you go!,joy,"[SPEAKER_Chandler] Just make contact, smile!
[SPEAKER_Chandler] There you go!","[SPEAKER_Chandler] Just make contact, smile!
[SPEAKER_Chandler] There you go!",joy,3,3,joy,True,0.015862191,0.001137379,0.0015647673,0.8861757,0.088310815,0.0028978582,0.004051334
242,5,Chandler,You're definitely scaring here.,neutral,"[SPEAKER_Chandler] There you go!
[SPEAKER_Chandler] You're definitely scaring here.","[SPEAKER_Chandler] There you go!
[SPEAKER_Chandler] You're definitely scaring here.",neutral,4,1,disgust,False,0.27152458,0.32122433,0.026014736,0.1423941,0.074604556,0.14378393,0.020453788
242,6,Jill,Would you like to call somebody?,neutral,"[SPEAKER_Chandler] You're definitely scaring here.
[SPEAKER_Jill] Would you like to call somebody?","[SPEAKER_Chandler] You're definitely scaring here.
[SPEAKER_Jill] Would you like to call somebody?",neutral,4,4,neutral,True,0.0023632296,0.0009380039,0.0016772582,0.006071114,0.9865953,0.0017526887,0.00060234655
242,7,Chandler,"Yeah, about 300 guys I went to high school with.",neutral,"[SPEAKER_Jill] Would you like to call somebody?
[SPEAKER_Chandler] Yeah, about 300 guys I went to high school with.","[SPEAKER_Jill] Would you like to call somebody?
[SPEAKER_Chandler] Yeah, about 300 guys I went to high school with.",neutral,4,4,neutral,True,0.024297794,0.014393729,0.0045875832,0.036965925,0.89299774,0.014775706,0.011981484
243,1,Rachel,Oh,neutral,"[SPEAKER_Tag] Okay! Feel free to look, but I’m telling you those contracts are not on this desk.
[SPEAKER_Rachel] Oh","[SPEAKER_Tag] Okay! Feel free to look, but I’m telling you those contracts are not on this desk.
[SPEAKER_Rachel] Oh",neutral,4,4,neutral,True,0.025081953,0.0044067944,0.022902248,0.09723189,0.75728357,0.027892653,0.06520092
243,2,Tag,It’s my sister.,neutral,"[SPEAKER_Rachel] Oh
[SPEAKER_Tag] It’s my sister.","[SPEAKER_Rachel] Oh
[SPEAKER_Tag] It’s my sister.",neutral,4,4,neutral,True,0.0042073308,0.0007446004,0.0010293919,0.0071670874,0.97982854,0.0033537163,0.0036693618
243,3,Rachel,"Okay, very cute braces. Anyway y’know what, the",neutral,"[SPEAKER_Tag] It’s my sister.
[SPEAKER_Rachel] Okay, very cute braces. Anyway y’know what, the","[SPEAKER_Tag] It’s my sister.
[SPEAKER_Rachel] Okay, very cute braces. Anyway y’know what, the",neutral,4,4,neutral,True,0.0054581873,0.0014486667,0.0012487704,0.15264896,0.8346294,0.0035714922,0.0009944901
243,4,Tag,So when do you imagine you gave them to me? In the morning or in the afternoon?,anger,"[SPEAKER_Rachel] Okay, very cute braces. Anyway y’know what, the
[SPEAKER_Tag] So when do you imagine you gave them to me? In the morning or in the afternoon?","[SPEAKER_Rachel] Okay, very cute braces. Anyway y’know what, the
[SPEAKER_Tag] So when do you imagine you gave them to me? In the morning or in the afternoon?",anger,0,4,neutral,False,0.034766722,0.0019741189,0.0043667704,0.03160856,0.9161764,0.006318491,0.004789014
243,5,Rachel,"In the afternoon. Mr. Zelner came into my office after lunch. He put them on my desk, and then I put a",neutral,"[SPEAKER_Tag] So when do you imagine you gave them to me? In the morning or in the afternoon?
[SPEAKER_Rachel] In the afternoon. Mr. Zelner came into my office after lunch. He put them on my desk, and then I put a","[SPEAKER_Tag] So when do you imagine you gave them to me? In the morning or in the afternoon?
[SPEAKER_Rachel] In the afternoon. Mr. Zelner came into my office after lunch. He put them on my desk, and then I put a",neutral,4,4,neutral,True,0.02642238,0.0032975501,0.0023584063,0.016890565,0.9362222,0.01072301,0.0040858956
244,1,Phoebe,"Okay, well maybe not on those levels.",neutral,"[SPEAKER_Ross] Phoebe, she doesn’t know that you sneak out every night, she doesn’t know that you sneak back every morning, and she doesn’t know that you’ve been living with your Grandmother’s for a week now.
[SPEAKER_Phoebe] Okay, well maybe not on those levels.","[SPEAKER_Ross] Phoebe, she doesn’t know that you sneak out every night, she doesn’t know that you sneak back every morning, and she doesn’t know that you’ve been living with your Grandmother’s for a week now.
[SPEAKER_Phoebe] Okay, well maybe not on those levels.",neutral,4,4,neutral,True,0.013580416,0.005894671,0.003028032,0.016861327,0.95193714,0.0062757004,0.0024226161
244,2,Chandler,Hey.,neutral,"[SPEAKER_Phoebe] Okay, well maybe not on those levels.
[SPEAKER_Chandler] Hey.","[SPEAKER_Phoebe] Okay, well maybe not on those levels.
[SPEAKER_Chandler] Hey.",neutral,4,4,neutral,True,0.0033735964,0.0009849094,0.0009287239,0.0059666354,0.9843513,0.0015238321,0.0028709911
244,3,Ross,Hey.,neutral,"[SPEAKER_Chandler] Hey.
[SPEAKER_Ross] Hey.","[SPEAKER_Chandler] Hey.
[SPEAKER_Ross] Hey.",neutral,4,4,neutral,True,0.002171631,0.00061504665,0.0007247387,0.0044468446,0.98923105,0.0011774153,0.001633353
244,4,Chandler,"I’m never gonna find a roommate, ever.",sadness,"[SPEAKER_Ross] Hey.
[SPEAKER_Chandler] I’m never gonna find a roommate, ever.","[SPEAKER_Ross] Hey.
[SPEAKER_Chandler] I’m never gonna find a roommate, ever.",sadness,5,5,sadness,True,0.03089747,0.016377311,0.019487204,0.104763776,0.027668782,0.7840218,0.016783735
244,5,Phoebe,"Why, nobody good?",neutral,"[SPEAKER_Chandler] I’m never gonna find a roommate, ever.
[SPEAKER_Phoebe] Why, nobody good?","[SPEAKER_Chandler] I’m never gonna find a roommate, ever.
[SPEAKER_Phoebe] Why, nobody good?",neutral,4,4,neutral,True,0.0592743,0.0041553685,0.006757484,0.024302877,0.67209405,0.013107515,0.22030842
244,6,Chandler,"Well let’s see, there was the guy with the ferrets, that’s plural.",disgust,"[SPEAKER_Phoebe] Why, nobody good?
[SPEAKER_Chandler] Well let’s see, there was the guy with the ferrets, that’s plural.","[SPEAKER_Phoebe] Why, nobody good?
[SPEAKER_Chandler] Well let’s see, there was the guy with the ferrets, that’s plural.",disgust,1,4,neutral,False,0.003847224,0.0012470279,0.00086322514,0.004433316,0.9854962,0.0014594012,0.0026534921
244,7,Chandler,The spitter.,disgust,"[SPEAKER_Chandler] Well let’s see, there was the guy with the ferrets, that’s plural.
[SPEAKER_Chandler] The spitter.","[SPEAKER_Chandler] Well let’s see, there was the guy with the ferrets, that’s plural.
[SPEAKER_Chandler] The spitter.",disgust,1,4,neutral,False,0.015688673,0.0036364857,0.0011368864,0.0040769703,0.97058356,0.0022214227,0.0026559099
244,8,Chandler,"Oh-ho, and yes, the guy that enjoyed my name so much he felt the need to make a little noise every time he said it.",anger,"[SPEAKER_Chandler] The spitter.
[SPEAKER_Chandler] Oh-ho, and yes, the guy that enjoyed my name so much he felt the need to make a little noise every time he said it.","[SPEAKER_Chandler] The spitter.
[SPEAKER_Chandler] Oh-ho, and yes, the guy that enjoyed my name so much he felt the need to make a little noise every time he said it.",anger,0,4,neutral,False,0.02436162,0.01824793,0.003440309,0.09631793,0.8420166,0.010523019,0.005092581
244,9,Chandler,"Nice to meet you, Chandler Bing",neutral,"[SPEAKER_Chandler] Oh-ho, and yes, the guy that enjoyed my name so much he felt the need to make a little noise every time he said it.
[SPEAKER_Chandler] Nice to meet you, Chandler Bing","[SPEAKER_Chandler] Oh-ho, and yes, the guy that enjoyed my name so much he felt the need to make a little noise every time he said it.
[SPEAKER_Chandler] Nice to meet you, Chandler Bing",neutral,4,4,neutral,True,0.004582184,0.0013211194,0.0009640942,0.056698065,0.9296181,0.0029392233,0.0038772228
244,10,Ross,So how many more do you have tomorrow?,neutral,"[SPEAKER_Chandler] Nice to meet you, Chandler Bing
[SPEAKER_Ross] So how many more do you have tomorrow?","[SPEAKER_Chandler] Nice to meet you, Chandler Bing
[SPEAKER_Ross] So how many more do you have tomorrow?",neutral,4,4,neutral,True,0.0033174485,0.0007133721,0.0007236616,0.0087459115,0.9837092,0.0011292261,0.0016610394
244,11,Chandler,Two.,neutral,"[SPEAKER_Ross] So how many more do you have tomorrow?
[SPEAKER_Chandler] Two.","[SPEAKER_Ross] So how many more do you have tomorrow?
[SPEAKER_Chandler] Two.",neutral,4,4,neutral,True,0.0033390457,0.0014173057,0.00067293225,0.009066052,0.9825001,0.0017262036,0.0012783626
244,12,Chandler,"This photographer, who seemed really dull.",neutral,"[SPEAKER_Chandler] Two.
[SPEAKER_Chandler] This photographer, who seemed really dull.","[SPEAKER_Chandler] Two.
[SPEAKER_Chandler] This photographer, who seemed really dull.",neutral,4,4,neutral,True,0.010660286,0.0028789318,0.0027720141,0.010171183,0.9286883,0.0051700426,0.039659206
244,13,Chandler,"And this actor guy, who I’m not sure about, because when he called and I answered the phone ‘Chandler Bing,’ he said ‘Whoa-whoa, short message.’",neutral,"[SPEAKER_Chandler] This photographer, who seemed really dull.
[SPEAKER_Chandler] And this actor guy, who I’m not sure about, because when he called and I answered the phone ‘Chandler Bing,’ he said ‘Whoa-whoa, short message.’","[SPEAKER_Chandler] This photographer, who seemed really dull.
[SPEAKER_Chandler] And this actor guy, who I’m not sure about, because when he called and I answered the phone ‘Chandler Bing,’ he said ‘Whoa-whoa, short message.’",neutral,4,4,neutral,True,0.050420936,0.011702604,0.030854888,0.17096707,0.48976633,0.038376283,0.20791186
244,14,Monica,"Ross , foot on the floor or come over no more!",neutral,"[SPEAKER_Chandler] And this actor guy, who I’m not sure about, because when he called and I answered the phone ‘Chandler Bing,’ he said ‘Whoa-whoa, short message.’
[SPEAKER_Monica] Ross , foot on the floor or come over no more!","[SPEAKER_Chandler] And this actor guy, who I’m not sure about, because when he called and I answered the phone ‘Chandler Bing,’ he said ‘Whoa-whoa, short message.’
[SPEAKER_Monica] Ross , foot on the floor or come over no more!",neutral,4,0,anger,False,0.6575298,0.018522395,0.023524206,0.06089036,0.08599417,0.021620994,0.1319182
244,15,Ross,"Sure, your dresser is missing but this she notices.",anger,"[SPEAKER_Monica] Ross , foot on the floor or come over no more!
[SPEAKER_Ross] Sure, your dresser is missing but this she notices.","[SPEAKER_Monica] Ross , foot on the floor or come over no more!
[SPEAKER_Ross] Sure, your dresser is missing but this she notices.",anger,0,6,surprise,False,0.016322464,0.00745084,0.020468952,0.016137902,0.44121704,0.017208673,0.4811941
244,16,Monica,What?,neutral,"[SPEAKER_Ross] Sure, your dresser is missing but this she notices.
[SPEAKER_Monica] What?","[SPEAKER_Ross] Sure, your dresser is missing but this she notices.
[SPEAKER_Monica] What?",neutral,4,6,surprise,False,0.025359858,0.00259329,0.012730135,0.009875457,0.4184373,0.011110141,0.5198938
244,17,Ross,"I have to go. Yeah, Carol should be home by now, soo...",neutral,"[SPEAKER_Monica] What?
[SPEAKER_Ross] I have to go. Yeah, Carol should be home by now, soo...","[SPEAKER_Monica] What?
[SPEAKER_Ross] I have to go. Yeah, Carol should be home by now, soo...",neutral,4,4,neutral,True,0.018658537,0.013822228,0.11729572,0.11670668,0.6505275,0.07363441,0.009354971
244,18,Chandler,"Umm, how’s it going with you guys?",neutral,"[SPEAKER_Ross] I have to go. Yeah, Carol should be home by now, soo...
[SPEAKER_Chandler] Umm, how’s it going with you guys?","[SPEAKER_Ross] I have to go. Yeah, Carol should be home by now, soo...
[SPEAKER_Chandler] Umm, how’s it going with you guys?",neutral,4,4,neutral,True,0.014689904,0.002114041,0.014313591,0.059361376,0.8642571,0.018550718,0.026713308
244,19,Ross,"Oh, better, actually. Y'know I-I-I think I finally figured out why we were having so much trouble lately.",neutral,"[SPEAKER_Chandler] Umm, how’s it going with you guys?
[SPEAKER_Ross] Oh, better, actually. Y'know I-I-I think I finally figured out why we were having so much trouble lately.","[SPEAKER_Chandler] Umm, how’s it going with you guys?
[SPEAKER_Ross] Oh, better, actually. Y'know I-I-I think I finally figured out why we were having so much trouble lately.",neutral,4,4,neutral,True,0.06307149,0.00737027,0.23204894,0.21341622,0.31945747,0.07893506,0.085700594
244,20,Phoebe,"Oh, really?",surprise,"[SPEAKER_Ross] Oh, better, actually. Y'know I-I-I think I finally figured out why we were having so much trouble lately.
[SPEAKER_Phoebe] Oh, really?","[SPEAKER_Ross] Oh, better, actually. Y'know I-I-I think I finally figured out why we were having so much trouble lately.
[SPEAKER_Phoebe] Oh, really?",surprise,6,6,surprise,True,0.0077822953,0.001631351,0.0059642866,0.008622385,0.024331156,0.008577294,0.9430913
244,21,Ross,"Yeah, y'know how I have you guys, well she doesn’t really have any close friends that are just hers, but last week she meet this woman at the gym, Susan something, and they really hit it off, and I-I-I think it’s gonna make a difference",joy,"[SPEAKER_Phoebe] Oh, really?
[SPEAKER_Ross] Yeah, y'know how I have you guys, well she doesn’t really have any close friends that are just hers, but last week she meet this woman at the gym, Susan something, and they really hit it off, and I-I-I think it’s gonna make a difference","[SPEAKER_Phoebe] Oh, really?
[SPEAKER_Ross] Yeah, y'know how I have you guys, well she doesn’t really have any close friends that are just hers, but last week she meet this woman at the gym, Susan something, and they really hit it off, and I-I-I think it’s gonna make a difference",joy,3,3,joy,True,0.12698784,0.007435223,0.019630589,0.60030454,0.19295011,0.046628326,0.006063286
245,1,Monica,Hi!,neutral,"[SPEAKER_Rachel] Hey!
[SPEAKER_Monica] Hi!","[SPEAKER_Rachel] Hey!
[SPEAKER_Monica] Hi!",neutral,4,3,joy,False,0.019997742,0.001561672,0.002005562,0.8530922,0.08580719,0.0040445295,0.03349113
245,2,Rachel,What-what are-what are these?,surprise,"[SPEAKER_Monica] Hi!
[SPEAKER_Rachel] What-what are-what are these?","[SPEAKER_Monica] Hi!
[SPEAKER_Rachel] What-what are-what are these?",surprise,6,6,surprise,True,0.026555562,0.0034998986,0.056919362,0.043753587,0.3546031,0.018501896,0.49616665
245,3,Monica,"Oh, just some pictures I made and hung up. I thought they’d brighten up the place. They do don’t you think?",joy,"[SPEAKER_Rachel] What-what are-what are these?
[SPEAKER_Monica] Oh, just some pictures I made and hung up. I thought they’d brighten up the place. They do don’t you think?","[SPEAKER_Rachel] What-what are-what are these?
[SPEAKER_Monica] Oh, just some pictures I made and hung up. I thought they’d brighten up the place. They do don’t you think?",joy,3,4,neutral,False,0.07857009,0.013082966,0.026000565,0.27985355,0.45938826,0.102715686,0.040388882
245,4,Monica,"No-no-no, no!",fear,"[SPEAKER_Monica] Oh, just some pictures I made and hung up. I thought they’d brighten up the place. They do don’t you think?
[SPEAKER_Monica] No-no-no, no!","[SPEAKER_Monica] Oh, just some pictures I made and hung up. I thought they’d brighten up the place. They do don’t you think?
[SPEAKER_Monica] No-no-no, no!",fear,2,2,fear,True,0.08494628,0.028828558,0.41562974,0.1585939,0.11018765,0.06178442,0.14002942
246,1,Tour Guide,That’s just the way it is.,neutral,"[SPEAKER_Joey] Well, how-how come?
[SPEAKER_Tour Guide] That’s just the way it is.","[SPEAKER_Joey] Well, how-how come?
[SPEAKER_Tour Guide] That’s just the way it is.",neutral,4,4,neutral,True,0.0031334742,0.0012312287,0.0008938056,0.008476314,0.9839235,0.001902609,0.00043915384
246,2,Joey,That’s crazy.,surprise,"[SPEAKER_Tour Guide] That’s just the way it is.
[SPEAKER_Joey] That’s crazy.","[SPEAKER_Tour Guide] That’s just the way it is.
[SPEAKER_Joey] That’s crazy.",surprise,6,6,surprise,True,0.119080745,0.061460305,0.037621915,0.041193407,0.189679,0.059825875,0.49113873
246,3,Tour Guide,"Maybe it’s crazy in a perfect world, a world without lab coats and blazers, but you not in a perfect world, you in a museum now.",neutral,"[SPEAKER_Joey] That’s crazy.
[SPEAKER_Tour Guide] Maybe it’s crazy in a perfect world, a world without lab coats and blazers, but you not in a perfect world, you in a museum now.","[SPEAKER_Joey] That’s crazy.
[SPEAKER_Tour Guide] Maybe it’s crazy in a perfect world, a world without lab coats and blazers, but you not in a perfect world, you in a museum now.",neutral,4,4,neutral,True,0.3256496,0.05139948,0.028464157,0.08839158,0.3916981,0.07686357,0.03753351
246,4,Tour Guide,"See that scientist in the classes, he and I used to play together all the time in grade school, but now… Peter!",neutral,"[SPEAKER_Tour Guide] Maybe it’s crazy in a perfect world, a world without lab coats and blazers, but you not in a perfect world, you in a museum now.
[SPEAKER_Tour Guide] See that scientist in the classes, he and I used to play together all the time in grade school, but now… Peter!","[SPEAKER_Tour Guide] Maybe it’s crazy in a perfect world, a world without lab coats and blazers, but you not in a perfect world, you in a museum now.
[SPEAKER_Tour Guide] See that scientist in the classes, he and I used to play together all the time in grade school, but now… Peter!",neutral,4,3,joy,False,0.0808358,0.006332761,0.0077748313,0.61869425,0.11990664,0.025009228,0.1414465
246,5,Tour Guide,"Hey, Peter!",neutral,"[SPEAKER_Tour Guide] See that scientist in the classes, he and I used to play together all the time in grade school, but now… Peter!
[SPEAKER_Tour Guide] Hey, Peter!","[SPEAKER_Tour Guide] See that scientist in the classes, he and I used to play together all the time in grade school, but now… Peter!
[SPEAKER_Tour Guide] Hey, Peter!",neutral,4,3,joy,False,0.05631145,0.0034535876,0.0049539595,0.662374,0.13974254,0.0103398515,0.122824654
246,6,Tour Guide,It’s me Rhonda!,neutral,"[SPEAKER_Tour Guide] Hey, Peter!
[SPEAKER_Tour Guide] It’s me Rhonda!","[SPEAKER_Tour Guide] Hey, Peter!
[SPEAKER_Tour Guide] It’s me Rhonda!",neutral,4,3,joy,False,0.021725817,0.0013329088,0.0016550802,0.8910596,0.047812548,0.0041716034,0.03224234
246,7,Tour Guide,From PS-129!,neutral,"[SPEAKER_Tour Guide] It’s me Rhonda!
[SPEAKER_Tour Guide] From PS-129!","[SPEAKER_Tour Guide] It’s me Rhonda!
[SPEAKER_Tour Guide] From PS-129!",neutral,4,3,joy,False,0.09251722,0.0028182082,0.0031722398,0.5556427,0.29178497,0.0058733923,0.048191253
246,8,Tour Guide,I shared my puddin’ which you man!,anger,"[SPEAKER_Tour Guide] From PS-129!
[SPEAKER_Tour Guide] I shared my puddin’ which you man!","[SPEAKER_Tour Guide] From PS-129!
[SPEAKER_Tour Guide] I shared my puddin’ which you man!",anger,0,3,joy,False,0.021784248,0.0011442981,0.0016856658,0.91499734,0.03147136,0.0032521232,0.02566488
246,9,Tour Guide,I gave you my,neutral,"[SPEAKER_Tour Guide] I shared my puddin’ which you man!
[SPEAKER_Tour Guide] I gave you my","[SPEAKER_Tour Guide] I shared my puddin’ which you man!
[SPEAKER_Tour Guide] I gave you my",neutral,4,4,neutral,True,0.038917527,0.0023674588,0.005586697,0.06165214,0.8698206,0.017657485,0.003998144
246,10,Joey,I-I think everybody’s pretending they don’t hear you.,neutral,"[SPEAKER_Tour Guide] I gave you my
[SPEAKER_Joey] I-I think everybody’s pretending they don’t hear you.","[SPEAKER_Tour Guide] I gave you my
[SPEAKER_Joey] I-I think everybody’s pretending they don’t hear you.",neutral,4,4,neutral,True,0.03405009,0.0063495208,0.1768819,0.124978304,0.38647628,0.047516957,0.22374688
246,11,Joey,"Anyway, look, I don’t know about you and your jackets and your separate tables, but Ross is one of my best friends, and if I save him a seat, I’m telling you, he",neutral,"[SPEAKER_Joey] I-I think everybody’s pretending they don’t hear you.
[SPEAKER_Joey] Anyway, look, I don’t know about you and your jackets and your separate tables, but Ross is one of my best friends, and if I save him a seat, I’m telling you, he","[SPEAKER_Joey] I-I think everybody’s pretending they don’t hear you.
[SPEAKER_Joey] Anyway, look, I don’t know about you and your jackets and your separate tables, but Ross is one of my best friends, and if I save him a seat, I’m telling you, he",neutral,4,4,neutral,True,0.12354846,0.0066653276,0.010284567,0.04739605,0.7813647,0.026967622,0.0037732904
246,12,Ross,"That’s okay, I’m cool over here. I’ll catch up with you later, Joey.",neutral,"[SPEAKER_Joey] Anyway, look, I don’t know about you and your jackets and your separate tables, but Ross is one of my best friends, and if I save him a seat, I’m telling you, he
[SPEAKER_Ross] That’s okay, I’m cool over here. I’ll catch up with you later, Joey.","[SPEAKER_Joey] Anyway, look, I don’t know about you and your jackets and your separate tables, but Ross is one of my best friends, and if I save him a seat, I’m telling you, he
[SPEAKER_Ross] That’s okay, I’m cool over here. I’ll catch up with you later, Joey.",neutral,4,4,neutral,True,0.004632529,0.0017371757,0.0009494332,0.03225451,0.9575457,0.0024932078,0.00038749876
246,13,Tour Guide,"Op, this is saved.  Gift shop.",neutral,"[SPEAKER_Ross] That’s okay, I’m cool over here. I’ll catch up with you later, Joey.
[SPEAKER_Tour Guide] Op, this is saved.  Gift shop.","[SPEAKER_Ross] That’s okay, I’m cool over here. I’ll catch up with you later, Joey.
[SPEAKER_Tour Guide] Op, this is saved.  Gift shop.",neutral,4,4,neutral,True,0.010062453,0.0029514148,0.0024210813,0.21457633,0.7611862,0.0048190663,0.0039834683
247,1,Rachel,"Yeah, right away Mr. Kaplan.",neutral,"[SPEAKER_Mr. Kaplan] How’s that coffee comin,’ dear?
[SPEAKER_Rachel] Yeah, right away Mr. Kaplan.","[SPEAKER_Mr. Kaplan] How’s that coffee comin,’ dear?
[SPEAKER_Rachel] Yeah, right away Mr. Kaplan.",neutral,4,4,neutral,True,0.0050996062,0.0015080144,0.00070911134,0.013740119,0.97657996,0.001749657,0.0006136212
247,2,Mr. Kaplan,"I’m not supposed to drink coffee, it makes me gassy.",neutral,"[SPEAKER_Rachel] Yeah, right away Mr. Kaplan.
[SPEAKER_Mr. Kaplan] I’m not supposed to drink coffee, it makes me gassy.","[SPEAKER_Rachel] Yeah, right away Mr. Kaplan.
[SPEAKER_Mr. Kaplan] I’m not supposed to drink coffee, it makes me gassy.",neutral,4,1,disgust,False,0.06832808,0.51512617,0.02282815,0.104030505,0.16725774,0.09334165,0.029087702
247,3,Rachel,I know!,joy,"[SPEAKER_Mr. Kaplan] I’m not supposed to drink coffee, it makes me gassy.
[SPEAKER_Rachel] I know!","[SPEAKER_Mr. Kaplan] I’m not supposed to drink coffee, it makes me gassy.
[SPEAKER_Rachel] I know!",joy,3,6,surprise,False,0.09040446,0.010723212,0.02254984,0.28986827,0.12787767,0.037237328,0.42133918
247,4,Mr. Kaplan,"I’ll bet your thinking, ‘What’s an intelligent girl who wants to be in fashion, doing making coffee?’ Eh?",surprise,"[SPEAKER_Rachel] I know!
[SPEAKER_Mr. Kaplan] I’ll bet your thinking, ‘What’s an intelligent girl who wants to be in fashion, doing making coffee?’ Eh?","[SPEAKER_Rachel] I know!
[SPEAKER_Mr. Kaplan] I’ll bet your thinking, ‘What’s an intelligent girl who wants to be in fashion, doing making coffee?’ Eh?",surprise,6,4,neutral,False,0.013374745,0.0025149581,0.006230782,0.031271003,0.93224055,0.005366915,0.009001072
249,1,Rachel,"Oh, you got me.",neutral,"[SPEAKER_Mr. Kaplan] Eh.
[SPEAKER_Rachel] Oh, you got me.","[SPEAKER_Mr. Kaplan] Eh.
[SPEAKER_Rachel] Oh, you got me.",neutral,4,3,joy,False,0.11306098,0.005933668,0.009930914,0.5092499,0.20769374,0.03290229,0.12122854
249,2,Mr. Kaplan,"Well, don’t think I haven’t noticed your potential.",neutral,"[SPEAKER_Rachel] Oh, you got me.
[SPEAKER_Mr. Kaplan] Well, don’t think I haven’t noticed your potential.","[SPEAKER_Rachel] Oh, you got me.
[SPEAKER_Mr. Kaplan] Well, don’t think I haven’t noticed your potential.",neutral,4,4,neutral,True,0.04923212,0.014139801,0.024026865,0.14551955,0.6149787,0.024985285,0.12711768
249,3,Mr. Kaplan,"Well, I’ve got a project for you that’s a lot more related to fashion.",neutral,"[SPEAKER_Mr. Kaplan] Well, don’t think I haven’t noticed your potential.
[SPEAKER_Mr. Kaplan] Well, I’ve got a project for you that’s a lot more related to fashion.","[SPEAKER_Mr. Kaplan] Well, don’t think I haven’t noticed your potential.
[SPEAKER_Mr. Kaplan] Well, I’ve got a project for you that’s a lot more related to fashion.",neutral,4,4,neutral,True,0.010761035,0.0032072894,0.0017233834,0.03235302,0.9432621,0.0030558354,0.005637306
249,4,Mr. Kaplan,How does that sound?,neutral,"[SPEAKER_Mr. Kaplan] Well, I’ve got a project for you that’s a lot more related to fashion.
[SPEAKER_Mr. Kaplan] How does that sound?","[SPEAKER_Mr. Kaplan] Well, I’ve got a project for you that’s a lot more related to fashion.
[SPEAKER_Mr. Kaplan] How does that sound?",neutral,4,6,surprise,False,0.015533272,0.003481115,0.010425891,0.021217428,0.1569946,0.01061538,0.7817323
249,5,Rachel,"Oh, that sounds great.",joy,"[SPEAKER_Mr. Kaplan] How does that sound?
[SPEAKER_Rachel] Oh, that sounds great.","[SPEAKER_Mr. Kaplan] How does that sound?
[SPEAKER_Rachel] Oh, that sounds great.",joy,3,4,neutral,False,0.010024083,0.0069904174,0.0061988835,0.09464883,0.85821193,0.0085514495,0.015374389
249,6,Mr. Kaplan,"Come on over here, sweetheart.",neutral,"[SPEAKER_Rachel] Oh, that sounds great.
[SPEAKER_Mr. Kaplan] Come on over here, sweetheart.","[SPEAKER_Rachel] Oh, that sounds great.
[SPEAKER_Mr. Kaplan] Come on over here, sweetheart.",neutral,4,4,neutral,True,0.0124681955,0.0038937794,0.004729246,0.22634849,0.7313025,0.019856941,0.0014008358
249,7,Rachel,"Oh thank you so much Mr. Kaplan, thank you so much.",joy,"[SPEAKER_Mr. Kaplan] Come on over here, sweetheart.
[SPEAKER_Rachel] Oh thank you so much Mr. Kaplan, thank you so much.","[SPEAKER_Mr. Kaplan] Come on over here, sweetheart.
[SPEAKER_Rachel] Oh thank you so much Mr. Kaplan, thank you so much.",joy,3,3,joy,True,0.008291501,0.0010689365,0.001860682,0.9487067,0.025698941,0.008723241,0.005650006
250,1,Phoebe,No. But thanks.,neutral,"[SPEAKER_Leslie] Well, I y'know, I was just, umm, I was just thinking and hoping, that umm, maybe you’d want to get back together?
[SPEAKER_Phoebe] No. But thanks.","[SPEAKER_Leslie] Well, I y'know, I was just, umm, I was just thinking and hoping, that umm, maybe you’d want to get back together?
[SPEAKER_Phoebe] No. But thanks.",neutral,4,4,neutral,True,0.009688111,0.004370098,0.0063245334,0.41973594,0.48502105,0.071922995,0.0029373171
250,2,Leslie,Aw come on Phoebe would you just think about it?,sadness,"[SPEAKER_Phoebe] No. But thanks.
[SPEAKER_Leslie] Aw come on Phoebe would you just think about it?","[SPEAKER_Phoebe] No. But thanks.
[SPEAKER_Leslie] Aw come on Phoebe would you just think about it?",sadness,5,4,neutral,False,0.029445324,0.011654771,0.037599508,0.12632678,0.7616844,0.024317916,0.008971254
250,3,Phoebe,Okay. No. But thanks.,neutral,"[SPEAKER_Leslie] Aw come on Phoebe would you just think about it?
[SPEAKER_Phoebe] Okay. No. But thanks.","[SPEAKER_Leslie] Aw come on Phoebe would you just think about it?
[SPEAKER_Phoebe] Okay. No. But thanks.",neutral,4,4,neutral,True,0.0061431807,0.0035780575,0.004621741,0.17573471,0.77270347,0.0354954,0.0017235114
250,4,Leslie,"Okay, ah, see ya Pheebs.",neutral,"[SPEAKER_Phoebe] Okay. No. But thanks.
[SPEAKER_Leslie] Okay, ah, see ya Pheebs.","[SPEAKER_Phoebe] Okay. No. But thanks.
[SPEAKER_Leslie] Okay, ah, see ya Pheebs.",neutral,4,4,neutral,True,0.005533323,0.0025676405,0.00090815447,0.071143135,0.9161174,0.0028616549,0.0008686725
250,5,Joey,"Wow, that was kinda brutal.",surprise,"[SPEAKER_Leslie] Okay, ah, see ya Pheebs.
[SPEAKER_Joey] Wow, that was kinda brutal.","[SPEAKER_Leslie] Okay, ah, see ya Pheebs.
[SPEAKER_Joey] Wow, that was kinda brutal.",surprise,6,6,surprise,True,0.013342369,0.00777696,0.004319973,0.009134704,0.010143097,0.008214353,0.9470686
250,6,Phoebe,"Well okay, let this be a lesson to all of you, all right.",neutral,"[SPEAKER_Joey] Wow, that was kinda brutal.
[SPEAKER_Phoebe] Well okay, let this be a lesson to all of you, all right.","[SPEAKER_Joey] Wow, that was kinda brutal.
[SPEAKER_Phoebe] Well okay, let this be a lesson to all of you, all right.",neutral,4,4,neutral,True,0.08842147,0.023746492,0.01989599,0.0999219,0.74367976,0.02117596,0.0031584797
250,7,Phoebe,"Once you, once you betray me, I become like the ice woman, y’know.",neutral,"[SPEAKER_Phoebe] Well okay, let this be a lesson to all of you, all right.
[SPEAKER_Phoebe] Once you, once you betray me, I become like the ice woman, y’know.","[SPEAKER_Phoebe] Well okay, let this be a lesson to all of you, all right.
[SPEAKER_Phoebe] Once you, once you betray me, I become like the ice woman, y’know.",neutral,4,0,anger,False,0.7430153,0.041187633,0.02870547,0.034941968,0.10391716,0.044283856,0.0039486275
250,8,Phoebe,"Very cold, hard, unyielding, y'know nothing,",neutral,"[SPEAKER_Phoebe] Once you, once you betray me, I become like the ice woman, y’know.
[SPEAKER_Phoebe] Very cold, hard, unyielding, y'know nothing,","[SPEAKER_Phoebe] Once you, once you betray me, I become like the ice woman, y’know.
[SPEAKER_Phoebe] Very cold, hard, unyielding, y'know nothing,",neutral,4,0,anger,False,0.6523977,0.04394057,0.05274035,0.048962038,0.14016819,0.0555442,0.006246986
251,1,Monica,"I'm, I'm really sorry.",neutral,"[SPEAKER_Alan] Wow.
[SPEAKER_Monica] I'm, I'm really sorry.","[SPEAKER_Alan] Wow.
[SPEAKER_Monica] I'm, I'm really sorry.",neutral,4,5,sadness,False,0.01109513,0.0046591405,0.04796832,0.05324947,0.07756308,0.77434814,0.03111669
251,2,Alan,"Yeah, I'm sorry too. But, I gotta tell you, I am a little relieved.",neutral,"[SPEAKER_Monica] I'm, I'm really sorry.
[SPEAKER_Alan] Yeah, I'm sorry too. But, I gotta tell you, I am a little relieved.","[SPEAKER_Monica] I'm, I'm really sorry.
[SPEAKER_Alan] Yeah, I'm sorry too. But, I gotta tell you, I am a little relieved.",neutral,4,4,neutral,True,0.023284625,0.006655029,0.07591501,0.15012026,0.40338647,0.32819784,0.012440751
251,3,Monica,Relieved?,surprise,"[SPEAKER_Alan] Yeah, I'm sorry too. But, I gotta tell you, I am a little relieved.
[SPEAKER_Monica] Relieved?","[SPEAKER_Alan] Yeah, I'm sorry too. But, I gotta tell you, I am a little relieved.
[SPEAKER_Monica] Relieved?",surprise,6,6,surprise,True,0.021828406,0.0027780784,0.018928662,0.020164225,0.3149728,0.02068866,0.6006392
251,4,Alan,"Yeah, well, I had a great time with you.. I just can't stand your friends.",neutral,"[SPEAKER_Monica] Relieved?
[SPEAKER_Alan] Yeah, well, I had a great time with you.. I just can't stand your friends.","[SPEAKER_Monica] Relieved?
[SPEAKER_Alan] Yeah, well, I had a great time with you.. I just can't stand your friends.",neutral,4,5,sadness,False,0.05386265,0.022632288,0.08390855,0.076881155,0.035321645,0.7190973,0.008296421
252,1,Ross,Fine!,anger,"[SPEAKER_Chandler] Oh my God! If you say that one more time,
[SPEAKER_Ross] Fine!","[SPEAKER_Chandler] Oh my God! If you say that one more time,
[SPEAKER_Ross] Fine!",anger,0,0,anger,True,0.88528013,0.019260157,0.019460604,0.016029388,0.034982022,0.017956117,0.0070316438
252,2,Ross,Fine!,anger,"[SPEAKER_Ross] Fine!
[SPEAKER_Ross] Fine!","[SPEAKER_Ross] Fine!
[SPEAKER_Ross] Fine!",anger,0,0,anger,True,0.93205214,0.017078763,0.0137788905,0.0061128405,0.008085149,0.014350779,0.008541448
252,3,Ross,"But this break-up was not all my fault, and she, she says here,  “If you accept full responsibility...”  Full responsibility!",anger,"[SPEAKER_Ross] Fine!
[SPEAKER_Ross] But this break-up was not all my fault, and she, she says here,  “If you accept full responsibility...”  Full responsibility!","[SPEAKER_Ross] Fine!
[SPEAKER_Ross] But this break-up was not all my fault, and she, she says here,  “If you accept full responsibility...”  Full responsibility!",anger,0,0,anger,True,0.47841772,0.011019338,0.056578185,0.3161297,0.09373742,0.026370615,0.017747015
252,4,Ross,“...I can begin to trust you again.,anger,"[SPEAKER_Ross] But this break-up was not all my fault, and she, she says here,  “If you accept full responsibility...”  Full responsibility!
[SPEAKER_Ross] “...I can begin to trust you again.","[SPEAKER_Ross] But this break-up was not all my fault, and she, she says here,  “If you accept full responsibility...”  Full responsibility!
[SPEAKER_Ross] “...I can begin to trust you again.",anger,0,4,neutral,False,0.06413558,0.0054804995,0.035782415,0.13968594,0.7270443,0.017510282,0.010360939
252,5,Ross,Does that seem like something you can do.,anger,"[SPEAKER_Ross] “...I can begin to trust you again.
[SPEAKER_Ross] Does that seem like something you can do.","[SPEAKER_Ross] “...I can begin to trust you again.
[SPEAKER_Ross] Does that seem like something you can do.",anger,0,4,neutral,False,0.018854894,0.0055467337,0.012180904,0.051649366,0.9001504,0.009201296,0.0024164384
252,6,Ross,Does it?!,anger,"[SPEAKER_Ross] Does that seem like something you can do.
[SPEAKER_Ross] Does it?!","[SPEAKER_Ross] Does that seem like something you can do.
[SPEAKER_Ross] Does it?!",anger,0,6,surprise,False,0.034316357,0.002908722,0.0129079735,0.014245674,0.060623027,0.014970461,0.8600278
252,7,Joey,No?,surprise,"[SPEAKER_Ross] Does it?!
[SPEAKER_Joey] No?","[SPEAKER_Ross] Does it?!
[SPEAKER_Joey] No?",surprise,6,6,surprise,True,0.0666094,0.004205676,0.025250558,0.027391633,0.17532755,0.020649925,0.68056524
252,8,Chandler,"Look, Ross, you have what you want, you’re back with Rachel.",neutral,"[SPEAKER_Joey] No?
[SPEAKER_Chandler] Look, Ross, you have what you want, you’re back with Rachel.","[SPEAKER_Joey] No?
[SPEAKER_Chandler] Look, Ross, you have what you want, you’re back with Rachel.",neutral,4,4,neutral,True,0.010375946,0.0013123293,0.001542905,0.007683492,0.9744999,0.0026010475,0.0019844081
252,9,Chandler,If you bring this up now you’re gonna wreck the best thing that even happened to you.,neutral,"[SPEAKER_Chandler] Look, Ross, you have what you want, you’re back with Rachel.
[SPEAKER_Chandler] If you bring this up now you’re gonna wreck the best thing that even happened to you.","[SPEAKER_Chandler] Look, Ross, you have what you want, you’re back with Rachel.
[SPEAKER_Chandler] If you bring this up now you’re gonna wreck the best thing that even happened to you.",neutral,4,0,anger,False,0.4251515,0.09926761,0.032111555,0.072563276,0.32577133,0.041809347,0.0033254325
252,10,Ross,"Yeah, I know.",sadness,"[SPEAKER_Chandler] If you bring this up now you’re gonna wreck the best thing that even happened to you.
[SPEAKER_Ross] Yeah, I know.","[SPEAKER_Chandler] If you bring this up now you’re gonna wreck the best thing that even happened to you.
[SPEAKER_Ross] Yeah, I know.",sadness,5,4,neutral,False,0.020538151,0.007981106,0.018734682,0.07878687,0.81388915,0.056358173,0.0037119074
252,11,Ross,"I mean, no, you’re right.",sadness,"[SPEAKER_Ross] Yeah, I know.
[SPEAKER_Ross] I mean, no, you’re right.","[SPEAKER_Ross] Yeah, I know.
[SPEAKER_Ross] I mean, no, you’re right.",sadness,5,4,neutral,False,0.048584674,0.0032640256,0.005295053,0.19357955,0.7275934,0.017669428,0.0040138094
252,12,Ross,Yeah I guess I’ll let it go.,neutral,"[SPEAKER_Ross] I mean, no, you’re right.
[SPEAKER_Ross] Yeah I guess I’ll let it go.","[SPEAKER_Ross] I mean, no, you’re right.
[SPEAKER_Ross] Yeah I guess I’ll let it go.",neutral,4,4,neutral,True,0.014838666,0.004578302,0.011462392,0.040422086,0.9010446,0.02607674,0.001577254
252,13,Ross,But you-you understand how-how hard it is to forget about this.,sadness,"[SPEAKER_Ross] Yeah I guess I’ll let it go.
[SPEAKER_Ross] But you-you understand how-how hard it is to forget about this.","[SPEAKER_Ross] Yeah I guess I’ll let it go.
[SPEAKER_Ross] But you-you understand how-how hard it is to forget about this.",sadness,5,0,anger,False,0.3025053,0.025026904,0.07172537,0.21143587,0.26754773,0.1065625,0.01519633
252,14,Joey,"Sure, it’s hard to forget!",neutral,"[SPEAKER_Ross] But you-you understand how-how hard it is to forget about this.
[SPEAKER_Joey] Sure, it’s hard to forget!","[SPEAKER_Ross] But you-you understand how-how hard it is to forget about this.
[SPEAKER_Joey] Sure, it’s hard to forget!",neutral,4,3,joy,False,0.039396923,0.003759185,0.005830125,0.81853056,0.055152487,0.017239615,0.060091052
252,15,Joey,But that doesn’t mean you have to talk about it!,neutral,"[SPEAKER_Joey] Sure, it’s hard to forget!
[SPEAKER_Joey] But that doesn’t mean you have to talk about it!","[SPEAKER_Joey] Sure, it’s hard to forget!
[SPEAKER_Joey] But that doesn’t mean you have to talk about it!",neutral,4,3,joy,False,0.16591308,0.005918919,0.013519332,0.5346026,0.20911613,0.021174675,0.049755264
252,16,Joey,"A lot of things happened on that trip that we should never,  ever talk about.",neutral,"[SPEAKER_Joey] But that doesn’t mean you have to talk about it!
[SPEAKER_Joey] A lot of things happened on that trip that we should never,  ever talk about.","[SPEAKER_Joey] But that doesn’t mean you have to talk about it!
[SPEAKER_Joey] A lot of things happened on that trip that we should never,  ever talk about.",neutral,4,4,neutral,True,0.15723635,0.026633127,0.040907703,0.1735307,0.28520882,0.20099796,0.115485325
252,17,Ross,What the hell happened on that beach?!,surprise,"[SPEAKER_Joey] A lot of things happened on that trip that we should never,  ever talk about.
[SPEAKER_Ross] What the hell happened on that beach?!","[SPEAKER_Joey] A lot of things happened on that trip that we should never,  ever talk about.
[SPEAKER_Ross] What the hell happened on that beach?!",surprise,6,6,surprise,True,0.25167048,0.0900334,0.006638198,0.015833555,0.026575528,0.022022247,0.58722657
252,18,Joey,"It’s between us and the sea, Ross!",neutral,"[SPEAKER_Ross] What the hell happened on that beach?!
[SPEAKER_Joey] It’s between us and the sea, Ross!","[SPEAKER_Ross] What the hell happened on that beach?!
[SPEAKER_Joey] It’s between us and the sea, Ross!",neutral,4,0,anger,False,0.56009746,0.063483916,0.0053192438,0.054763466,0.15006936,0.020766677,0.1454999
253,1,Chandler,"See my friend-my friend, Rachel, she wants to be set up.",neutral,"[SPEAKER_Drew] I didn’t think you were gay. I do now.
[SPEAKER_Chandler] See my friend-my friend, Rachel, she wants to be set up.","[SPEAKER_Drew] I didn’t think you were gay. I do now.
[SPEAKER_Chandler] See my friend-my friend, Rachel, she wants to be set up.",neutral,4,4,neutral,True,0.188521,0.014375504,0.034282662,0.039498497,0.6680862,0.044425927,0.010810317
253,2,Drew,"Ahh, I just got out of a big relationship, I’m not looking for any thing serious.",sadness,"[SPEAKER_Chandler] See my friend-my friend, Rachel, she wants to be set up.
[SPEAKER_Drew] Ahh, I just got out of a big relationship, I’m not looking for any thing serious.","[SPEAKER_Chandler] See my friend-my friend, Rachel, she wants to be set up.
[SPEAKER_Drew] Ahh, I just got out of a big relationship, I’m not looking for any thing serious.",sadness,5,5,sadness,True,0.0993066,0.025740301,0.09467083,0.11423592,0.23507695,0.38462713,0.046342224
253,3,Chandler,"Oh, y’know what, that might be okay even if it was just kind of a fling, that might be all right with Rachel.",neutral,"[SPEAKER_Drew] Ahh, I just got out of a big relationship, I’m not looking for any thing serious.
[SPEAKER_Chandler] Oh, y’know what, that might be okay even if it was just kind of a fling, that might be all right with Rachel.","[SPEAKER_Drew] Ahh, I just got out of a big relationship, I’m not looking for any thing serious.
[SPEAKER_Chandler] Oh, y’know what, that might be okay even if it was just kind of a fling, that might be all right with Rachel.",neutral,4,4,neutral,True,0.08371652,0.016191592,0.03382278,0.2528712,0.48821786,0.11267498,0.012505128
253,4,Mike,"Whoa-whoa-whoa-whoa! Is this, hot Rachel, that you took to the Christmas party, Rachel?",surprise,"[SPEAKER_Chandler] Oh, y’know what, that might be okay even if it was just kind of a fling, that might be all right with Rachel.
[SPEAKER_Mike] Whoa-whoa-whoa-whoa! Is this, hot Rachel, that you took to the Christmas party, Rachel?","[SPEAKER_Chandler] Oh, y’know what, that might be okay even if it was just kind of a fling, that might be all right with Rachel.
[SPEAKER_Mike] Whoa-whoa-whoa-whoa! Is this, hot Rachel, that you took to the Christmas party, Rachel?",surprise,6,6,surprise,True,0.008917473,0.002456173,0.0042266543,0.06581397,0.012689306,0.006191462,0.899705
253,5,Chandler,"Oh, by the way, that is her full name.",neutral,"[SPEAKER_Mike] Whoa-whoa-whoa-whoa! Is this, hot Rachel, that you took to the Christmas party, Rachel?
[SPEAKER_Chandler] Oh, by the way, that is her full name.","[SPEAKER_Mike] Whoa-whoa-whoa-whoa! Is this, hot Rachel, that you took to the Christmas party, Rachel?
[SPEAKER_Chandler] Oh, by the way, that is her full name.",neutral,4,4,neutral,True,0.0024836452,0.0011690623,0.0011240683,0.008817992,0.98204833,0.0030008848,0.0013560592
253,6,Mike,Oh wow! I’m free for her!,joy,"[SPEAKER_Chandler] Oh, by the way, that is her full name.
[SPEAKER_Mike] Oh wow! I’m free for her!","[SPEAKER_Chandler] Oh, by the way, that is her full name.
[SPEAKER_Mike] Oh wow! I’m free for her!",joy,3,6,surprise,False,0.021790663,0.0028836094,0.0027478961,0.3077726,0.028746702,0.0049624764,0.6310961
253,7,Drew,"Oh, wait a second! I didn’t say I wasn’t free!",surprise,"[SPEAKER_Mike] Oh wow! I’m free for her!
[SPEAKER_Drew] Oh, wait a second! I didn’t say I wasn’t free!","[SPEAKER_Mike] Oh wow! I’m free for her!
[SPEAKER_Drew] Oh, wait a second! I didn’t say I wasn’t free!",surprise,6,6,surprise,True,0.01144216,0.0018919776,0.009829848,0.0142126605,0.02563708,0.009624776,0.9273614
253,8,Mike,"Hey, Chandler, why don’t we talk this over at the Ranger game tomorrow?",neutral,"[SPEAKER_Drew] Oh, wait a second! I didn’t say I wasn’t free!
[SPEAKER_Mike] Hey, Chandler, why don’t we talk this over at the Ranger game tomorrow?","[SPEAKER_Drew] Oh, wait a second! I didn’t say I wasn’t free!
[SPEAKER_Mike] Hey, Chandler, why don’t we talk this over at the Ranger game tomorrow?",neutral,4,4,neutral,True,0.0048936703,0.00110824,0.0013702529,0.015009387,0.9751202,0.0013593036,0.0011390343
253,9,Drew,"Hold on, y’know I",neutral,"[SPEAKER_Mike] Hey, Chandler, why don’t we talk this over at the Ranger game tomorrow?
[SPEAKER_Drew] Hold on, y’know I","[SPEAKER_Mike] Hey, Chandler, why don’t we talk this over at the Ranger game tomorrow?
[SPEAKER_Drew] Hold on, y’know I",neutral,4,4,neutral,True,0.014471818,0.001416937,0.002063114,0.013642004,0.96439415,0.0028134715,0.001198511
253,10,Chandler,"Oh well, that’s uh, a little later than I uh, generally care to stay, but sure!",joy,"[SPEAKER_Drew] Hold on, y’know I
[SPEAKER_Chandler] Oh well, that’s uh, a little later than I uh, generally care to stay, but sure!","[SPEAKER_Drew] Hold on, y’know I
[SPEAKER_Chandler] Oh well, that’s uh, a little later than I uh, generally care to stay, but sure!",joy,3,3,joy,True,0.21227857,0.009569679,0.031234693,0.3601319,0.34812975,0.027229358,0.01142614
253,11,Mike,"Maybe, before the game we could enjoy some eight year old some small batch Basel Hadens.",neutral,"[SPEAKER_Chandler] Oh well, that’s uh, a little later than I uh, generally care to stay, but sure!
[SPEAKER_Mike] Maybe, before the game we could enjoy some eight year old some small batch Basel Hadens.","[SPEAKER_Chandler] Oh well, that’s uh, a little later than I uh, generally care to stay, but sure!
[SPEAKER_Mike] Maybe, before the game we could enjoy some eight year old some small batch Basel Hadens.",neutral,4,4,neutral,True,0.0077666356,0.005121025,0.0038310615,0.05607911,0.91675943,0.007700223,0.0027425408
253,12,Chandler,"Well, I don’t really know what that is, but",neutral,"[SPEAKER_Mike] Maybe, before the game we could enjoy some eight year old some small batch Basel Hadens.
[SPEAKER_Chandler] Well, I don’t really know what that is, but","[SPEAKER_Mike] Maybe, before the game we could enjoy some eight year old some small batch Basel Hadens.
[SPEAKER_Chandler] Well, I don’t really know what that is, but",neutral,4,4,neutral,True,0.011958309,0.0022952638,0.005185516,0.05233731,0.91323376,0.0075405613,0.007449403
254,1,Chandler,"Hey Ross, look what I've got going here.",neutral,"[SPEAKER_Ross] Monica, let's go. Come on now people, woman in labor.
[SPEAKER_Chandler] Hey Ross, look what I've got going here.","[SPEAKER_Ross] Monica, let's go. Come on now people, woman in labor.
[SPEAKER_Chandler] Hey Ross, look what I've got going here.",neutral,4,4,neutral,True,0.160803,0.030626696,0.016814016,0.071237504,0.63769984,0.02380076,0.059018135
254,2,Ross,"Yeah, save it for the cab, okay.",disgust,"[SPEAKER_Chandler] Hey Ross, look what I've got going here.
[SPEAKER_Ross] Yeah, save it for the cab, okay.","[SPEAKER_Chandler] Hey Ross, look what I've got going here.
[SPEAKER_Ross] Yeah, save it for the cab, okay.",disgust,1,4,neutral,False,0.004178396,0.0017484027,0.00075583014,0.011241502,0.9801563,0.0014498249,0.00046962482
254,3,Ross,What are you doing? We're going to a hospital.,surprise,"[SPEAKER_Ross] Yeah, save it for the cab, okay.
[SPEAKER_Ross] What are you doing? We're going to a hospital.","[SPEAKER_Ross] Yeah, save it for the cab, okay.
[SPEAKER_Ross] What are you doing? We're going to a hospital.",surprise,6,4,neutral,False,0.029173497,0.0050982405,0.023692958,0.017896272,0.64924777,0.016021818,0.25886938
254,4,Rachel,"What, so I can't lokk nice? There might be doctors there.",neutral,"[SPEAKER_Ross] What are you doing? We're going to a hospital.
[SPEAKER_Rachel] What, so I can't lokk nice? There might be doctors there.","[SPEAKER_Ross] What are you doing? We're going to a hospital.
[SPEAKER_Rachel] What, so I can't lokk nice? There might be doctors there.",neutral,4,4,neutral,True,0.026914194,0.006306082,0.017464323,0.051834065,0.85244673,0.013224602,0.031810034
254,5,Ross,"Joey, get out of the fridge.",anger,"[SPEAKER_Rachel] What, so I can't lokk nice? There might be doctors there.
[SPEAKER_Ross] Joey, get out of the fridge.","[SPEAKER_Rachel] What, so I can't lokk nice? There might be doctors there.
[SPEAKER_Ross] Joey, get out of the fridge.",anger,0,4,neutral,False,0.008914799,0.004151498,0.001895546,0.008663161,0.9729355,0.0022811452,0.001158439
254,6,Joey,"All right, all right.",anger,"[SPEAKER_Ross] Joey, get out of the fridge.
[SPEAKER_Joey] All right, all right.","[SPEAKER_Ross] Joey, get out of the fridge.
[SPEAKER_Joey] All right, all right.",anger,0,4,neutral,False,0.0061394596,0.0017557961,0.0011575569,0.014862893,0.9733464,0.0022016854,0.0005361493
254,7,Ross,What is that?,surprise,"[SPEAKER_Joey] All right, all right.
[SPEAKER_Ross] What is that?","[SPEAKER_Joey] All right, all right.
[SPEAKER_Ross] What is that?",surprise,6,4,neutral,False,0.02894629,0.0026079153,0.011572174,0.012931947,0.6859321,0.009534515,0.24847506
254,8,Joey,For the ride.,neutral,"[SPEAKER_Ross] What is that?
[SPEAKER_Joey] For the ride.","[SPEAKER_Ross] What is that?
[SPEAKER_Joey] For the ride.",neutral,4,4,neutral,True,0.0043184697,0.0018789435,0.0011459504,0.036065936,0.9528009,0.0024762729,0.001313551
254,9,Chandler,"Yeah, like in a cab...",neutral,"[SPEAKER_Joey] For the ride.
[SPEAKER_Chandler] Yeah, like in a cab...","[SPEAKER_Joey] For the ride.
[SPEAKER_Chandler] Yeah, like in a cab...",neutral,4,4,neutral,True,0.0026447643,0.0021814238,0.001210964,0.015014643,0.97552675,0.002853955,0.0005675647
254,10,Ross,Save it.,neutral,"[SPEAKER_Chandler] Yeah, like in a cab...
[SPEAKER_Ross] Save it.","[SPEAKER_Chandler] Yeah, like in a cab...
[SPEAKER_Ross] Save it.",neutral,4,4,neutral,True,0.009237723,0.002578918,0.0013569106,0.015254037,0.9682806,0.002198131,0.00109377
254,11,Chandler,"Okay, hating this.",disgust,"[SPEAKER_Ross] Save it.
[SPEAKER_Chandler] Okay, hating this.","[SPEAKER_Ross] Save it.
[SPEAKER_Chandler] Okay, hating this.",disgust,1,1,disgust,True,0.21685842,0.2566808,0.03645986,0.094669834,0.13408647,0.25122947,0.010015199
254,12,Ross,"Monica, come on now. Let's go, baby coming.",neutral,"[SPEAKER_Chandler] Okay, hating this.
[SPEAKER_Ross] Monica, come on now. Let's go, baby coming.","[SPEAKER_Chandler] Okay, hating this.
[SPEAKER_Ross] Monica, come on now. Let's go, baby coming.",neutral,4,4,neutral,True,0.013087219,0.008114781,0.005126245,0.30355266,0.6535498,0.01510244,0.0014668929
254,13,Monica,"I can't belive it, I'm gonna be an aunt. I'm gonna have like a nephew.",joy,"[SPEAKER_Ross] Monica, come on now. Let's go, baby coming.
[SPEAKER_Monica] I can't belive it, I'm gonna be an aunt. I'm gonna have like a nephew.","[SPEAKER_Ross] Monica, come on now. Let's go, baby coming.
[SPEAKER_Monica] I can't belive it, I'm gonna be an aunt. I'm gonna have like a nephew.",joy,3,5,sadness,False,0.050677937,0.019552132,0.06950055,0.12739068,0.07700573,0.64610785,0.009765166
254,14,Ross,"That's nice. Get out Let's go, come on.",disgust,"[SPEAKER_Monica] I can't belive it, I'm gonna be an aunt. I'm gonna have like a nephew.
[SPEAKER_Ross] That's nice. Get out Let's go, come on.","[SPEAKER_Monica] I can't belive it, I'm gonna be an aunt. I'm gonna have like a nephew.
[SPEAKER_Ross] That's nice. Get out Let's go, come on.",disgust,1,4,neutral,False,0.0051928977,0.0040649776,0.0025458997,0.02176602,0.9615872,0.0043623867,0.00048063378
254,15,Joey,"All right, I'm going. I'm going.",anger,"[SPEAKER_Ross] That's nice. Get out Let's go, come on.
[SPEAKER_Joey] All right, I'm going. I'm going.","[SPEAKER_Ross] That's nice. Get out Let's go, come on.
[SPEAKER_Joey] All right, I'm going. I'm going.",anger,0,4,neutral,False,0.019634282,0.0033978864,0.0069612106,0.062733985,0.89791167,0.008336525,0.0010244444
254,16,Chandler,"Here we go, here we go.",neutral,"[SPEAKER_Joey] All right, I'm going. I'm going.
[SPEAKER_Chandler] Here we go, here we go.","[SPEAKER_Joey] All right, I'm going. I'm going.
[SPEAKER_Chandler] Here we go, here we go.",neutral,4,4,neutral,True,0.053957853,0.019920662,0.033976037,0.16466744,0.6902456,0.03442416,0.0028082645
254,17,Rachel,"Rossy, Rossy.",neutral,"[SPEAKER_Chandler] Here we go, here we go.
[SPEAKER_Rachel] Rossy, Rossy.","[SPEAKER_Chandler] Here we go, here we go.
[SPEAKER_Rachel] Rossy, Rossy.",neutral,4,4,neutral,True,0.024502994,0.003359204,0.006885054,0.09254069,0.8574319,0.013237085,0.0020430689
255,1,Monica,"Okay, I-I d'know, you-you just- you have a quality.",joy,"[SPEAKER_Chandler] WHAT IS IT?!
[SPEAKER_Monica] Okay, I-I d'know, you-you just- you have a quality.","[SPEAKER_Chandler] WHAT IS IT?!
[SPEAKER_Monica] Okay, I-I d'know, you-you just- you have a quality.",joy,3,4,neutral,False,0.020811269,0.002858749,0.00600582,0.46069223,0.49913034,0.007083053,0.0034184882
255,2,All,Yes. Absolutely. A quality.,neutral,"[SPEAKER_Monica] Okay, I-I d'know, you-you just- you have a quality.
[SPEAKER_All] Yes. Absolutely. A quality.","[SPEAKER_Monica] Okay, I-I d'know, you-you just- you have a quality.
[SPEAKER_All] Yes. Absolutely. A quality.",neutral,4,3,joy,False,0.010392433,0.0011513708,0.0014209196,0.9001831,0.080308996,0.003809031,0.0027341952
255,3,Chandler,"Oh, oh, a quality, good, because I was worried you guys were gonna be vague about this.",neutral,"[SPEAKER_All] Yes. Absolutely. A quality.
[SPEAKER_Chandler] Oh, oh, a quality, good, because I was worried you guys were gonna be vague about this.","[SPEAKER_All] Yes. Absolutely. A quality.
[SPEAKER_Chandler] Oh, oh, a quality, good, because I was worried you guys were gonna be vague about this.",neutral,4,4,neutral,True,0.013557488,0.0027837106,0.00842024,0.06313312,0.89781076,0.011021797,0.0032728761
255,4,Monica,"Hello? Hello? Oh! Rachel, it's Paolo calling from Rome.",joy,"[SPEAKER_Chandler] Oh, oh, a quality, good, because I was worried you guys were gonna be vague about this.
[SPEAKER_Monica] Hello? Hello? Oh! Rachel, it's Paolo calling from Rome.","[SPEAKER_Chandler] Oh, oh, a quality, good, because I was worried you guys were gonna be vague about this.
[SPEAKER_Monica] Hello? Hello? Oh! Rachel, it's Paolo calling from Rome.",joy,3,6,surprise,False,0.021972384,0.0023235583,0.0053923232,0.05164971,0.2663113,0.008445836,0.64390486
255,5,Rachel,Oh my God! Calling from Rome!,surprise,"[SPEAKER_Monica] Hello? Hello? Oh! Rachel, it's Paolo calling from Rome.
[SPEAKER_Rachel] Oh my God! Calling from Rome!","[SPEAKER_Monica] Hello? Hello? Oh! Rachel, it's Paolo calling from Rome.
[SPEAKER_Rachel] Oh my God! Calling from Rome!",surprise,6,6,surprise,True,0.00595918,0.0025572495,0.0025123465,0.016349025,0.006417243,0.004398883,0.96180606
255,6,Ross,So he's calling from Rome. I could do that. Just gotta go to Rome.,neutral,"[SPEAKER_Rachel] Oh my God! Calling from Rome!
[SPEAKER_Ross] So he's calling from Rome. I could do that. Just gotta go to Rome.","[SPEAKER_Rachel] Oh my God! Calling from Rome!
[SPEAKER_Ross] So he's calling from Rome. I could do that. Just gotta go to Rome.",neutral,4,4,neutral,True,0.0021239547,0.00117948,0.0013801694,0.006508881,0.9860546,0.0022174243,0.00053547055
255,7,Rachel,"Monica, your dad just beeped in, but can you make it quick? Talking to Rome.  I'm talking to Rome.",joy,"[SPEAKER_Ross] So he's calling from Rome. I could do that. Just gotta go to Rome.
[SPEAKER_Rachel] Monica, your dad just beeped in, but can you make it quick? Talking to Rome.  I'm talking to Rome.","[SPEAKER_Ross] So he's calling from Rome. I could do that. Just gotta go to Rome.
[SPEAKER_Rachel] Monica, your dad just beeped in, but can you make it quick? Talking to Rome.  I'm talking to Rome.",joy,3,4,neutral,False,0.008481071,0.0017161309,0.0015112304,0.017733347,0.9653937,0.0026147366,0.0025497342
255,8,Monica,"Hey dad, what's up?  Oh God. Ross, it's Nana.",sadness,"[SPEAKER_Rachel] Monica, your dad just beeped in, but can you make it quick? Talking to Rome.  I'm talking to Rome.
[SPEAKER_Monica] Hey dad, what's up?  Oh God. Ross, it's Nana.","[SPEAKER_Rachel] Monica, your dad just beeped in, but can you make it quick? Talking to Rome.  I'm talking to Rome.
[SPEAKER_Monica] Hey dad, what's up?  Oh God. Ross, it's Nana.",sadness,5,4,neutral,False,0.0042689587,0.0010789564,0.0020187388,0.020296786,0.95918447,0.0036845694,0.009467505
256,1,Duncan,"Oh, yeah, um, alright, I kinda need a divorce.",neutral,"[SPEAKER_Phoebe] So um, so what's up, you came to see me yesterday.
[SPEAKER_Duncan] Oh, yeah, um, alright, I kinda need a divorce.","[SPEAKER_Phoebe] So um, so what's up, you came to see me yesterday.
[SPEAKER_Duncan] Oh, yeah, um, alright, I kinda need a divorce.",neutral,4,5,sadness,False,0.023271935,0.016565656,0.060780916,0.027152251,0.037992135,0.82790875,0.006328423
257,1,Chandler,You know it?,surprise,"[SPEAKER_Joey] Oh, yeah, yeah, sure. We live in the building by the uh sidewalk.
[SPEAKER_Chandler] You know it?","[SPEAKER_Joey] Oh, yeah, yeah, sure. We live in the building by the uh sidewalk.
[SPEAKER_Chandler] You know it?",surprise,6,4,neutral,False,0.024481308,0.0020659768,0.01576367,0.02081858,0.5990367,0.011202816,0.326631
257,2,Joey,"Hey, look, since we're neighbors and all, what do you say we uh, get together for a drink?",neutral,"[SPEAKER_Chandler] You know it?
[SPEAKER_Joey] Hey, look, since we're neighbors and all, what do you say we uh, get together for a drink?","[SPEAKER_Chandler] You know it?
[SPEAKER_Joey] Hey, look, since we're neighbors and all, what do you say we uh, get together for a drink?",neutral,4,4,neutral,True,0.00266731,0.0009526626,0.0014230307,0.013346576,0.9790262,0.0017208157,0.0008633834
257,3,Chandler,"Oh, sure, they love us over there.",neutral,"[SPEAKER_Joey] Hey, look, since we're neighbors and all, what do you say we uh, get together for a drink?
[SPEAKER_Chandler] Oh, sure, they love us over there.","[SPEAKER_Joey] Hey, look, since we're neighbors and all, what do you say we uh, get together for a drink?
[SPEAKER_Chandler] Oh, sure, they love us over there.",neutral,4,3,joy,False,0.005896259,0.0011104123,0.0008061375,0.9689047,0.0145712355,0.00427703,0.0044341916
257,4,Joey,Ben! Ben! Ben!,joy,"[SPEAKER_Chandler] Oh, sure, they love us over there.
[SPEAKER_Joey] Ben! Ben! Ben!","[SPEAKER_Chandler] Oh, sure, they love us over there.
[SPEAKER_Joey] Ben! Ben! Ben!",joy,3,3,joy,True,0.03902697,0.0028267936,0.0038968308,0.71986854,0.052493997,0.0067419196,0.1751449
258,1,Joey,"No, still too ethnic. My agent thinks I should have a name that's more neutral.",neutral,"[SPEAKER_Chandler] How about Joey... Pepponi?
[SPEAKER_Joey] No, still too ethnic. My agent thinks I should have a name that's more neutral.","[SPEAKER_Chandler] How about Joey... Pepponi?
[SPEAKER_Joey] No, still too ethnic. My agent thinks I should have a name that's more neutral.",neutral,4,4,neutral,True,0.0039718235,0.002528705,0.0018475056,0.004610497,0.9826094,0.003423046,0.0010089313
258,2,Chandler,Joey... Switzerland?,neutral,"[SPEAKER_Joey] No, still too ethnic. My agent thinks I should have a name that's more neutral.
[SPEAKER_Chandler] Joey... Switzerland?","[SPEAKER_Joey] No, still too ethnic. My agent thinks I should have a name that's more neutral.
[SPEAKER_Chandler] Joey... Switzerland?",neutral,4,4,neutral,True,0.021753259,0.0022525887,0.013281423,0.00883994,0.715543,0.01113402,0.22719586
258,3,Joey,"Plus, y'know, I think it should be Joe.",neutral,"[SPEAKER_Chandler] Joey... Switzerland?
[SPEAKER_Joey] Plus, y'know, I think it should be Joe.","[SPEAKER_Chandler] Joey... Switzerland?
[SPEAKER_Joey] Plus, y'know, I think it should be Joe.",neutral,4,4,neutral,True,0.0031235947,0.0009867932,0.00090406445,0.0053565227,0.9869565,0.0016331882,0.001039343
258,4,Joey,"Y'know, Joey makes me sound like I'm, I dunno, this big.",neutral,"[SPEAKER_Joey] Plus, y'know, I think it should be Joe.
[SPEAKER_Joey] Y'know, Joey makes me sound like I'm, I dunno, this big.","[SPEAKER_Joey] Plus, y'know, I think it should be Joe.
[SPEAKER_Joey] Y'know, Joey makes me sound like I'm, I dunno, this big.",neutral,4,4,neutral,True,0.029473942,0.0048077377,0.0075901956,0.036280874,0.90767807,0.010358034,0.0038112523
258,5,Joey,Which I'm not.,neutral,"[SPEAKER_Joey] Y'know, Joey makes me sound like I'm, I dunno, this big.
[SPEAKER_Joey] Which I'm not.","[SPEAKER_Joey] Y'know, Joey makes me sound like I'm, I dunno, this big.
[SPEAKER_Joey] Which I'm not.",neutral,4,4,neutral,True,0.012559766,0.0027570722,0.003533233,0.027062228,0.94359374,0.006814428,0.0036795367
258,6,Chandler,Joe...Joe...Joe...Stalin?,neutral,"[SPEAKER_Joey] Which I'm not.
[SPEAKER_Chandler] Joe...Joe...Joe...Stalin?","[SPEAKER_Joey] Which I'm not.
[SPEAKER_Chandler] Joe...Joe...Joe...Stalin?",neutral,4,6,surprise,False,0.13069607,0.005670959,0.03296552,0.029007066,0.32337573,0.035059627,0.44322503
258,7,Joey,Stalin...Stalin...do I know that name? It sounds familiar.,neutral,"[SPEAKER_Chandler] Joe...Joe...Joe...Stalin?
[SPEAKER_Joey] Stalin...Stalin...do I know that name? It sounds familiar.","[SPEAKER_Chandler] Joe...Joe...Joe...Stalin?
[SPEAKER_Joey] Stalin...Stalin...do I know that name? It sounds familiar.",neutral,4,4,neutral,True,0.039436232,0.005722269,0.01817098,0.028740395,0.8021309,0.01783138,0.08796793
258,8,Chandler,"Well, it does not ring a bell with me...",neutral,"[SPEAKER_Joey] Stalin...Stalin...do I know that name? It sounds familiar.
[SPEAKER_Chandler] Well, it does not ring a bell with me...","[SPEAKER_Joey] Stalin...Stalin...do I know that name? It sounds familiar.
[SPEAKER_Chandler] Well, it does not ring a bell with me...",neutral,4,4,neutral,True,0.24462165,0.0096242335,0.022624942,0.13509329,0.52854526,0.051347435,0.008143263
258,9,Joey,"Joe Stalin. Y'know, that's pretty good.",joy,"[SPEAKER_Chandler] Well, it does not ring a bell with me...
[SPEAKER_Joey] Joe Stalin. Y'know, that's pretty good.","[SPEAKER_Chandler] Well, it does not ring a bell with me...
[SPEAKER_Joey] Joe Stalin. Y'know, that's pretty good.",joy,3,4,neutral,False,0.013248487,0.0030506148,0.002190814,0.04789054,0.92411757,0.006944031,0.0025580353
258,10,Chandler,Might wanna try Joseph.,neutral,"[SPEAKER_Joey] Joe Stalin. Y'know, that's pretty good.
[SPEAKER_Chandler] Might wanna try Joseph.","[SPEAKER_Joey] Joe Stalin. Y'know, that's pretty good.
[SPEAKER_Chandler] Might wanna try Joseph.",neutral,4,4,neutral,True,0.0025083176,0.002370329,0.0019577385,0.010015866,0.9800944,0.002305459,0.00074786146
258,11,Joey,Joseph Stalin. I think you'd remember that!,joy,"[SPEAKER_Chandler] Might wanna try Joseph.
[SPEAKER_Joey] Joseph Stalin. I think you'd remember that!","[SPEAKER_Chandler] Might wanna try Joseph.
[SPEAKER_Joey] Joseph Stalin. I think you'd remember that!",joy,3,3,joy,True,0.14689809,0.0071855285,0.0133836735,0.56763935,0.16784655,0.03053942,0.06650738
258,12,Chandler,"Oh yes! Bye Bye Birdie, starring Joseph Stalin. Joseph Stalin is the Fiddler on the Roof.",joy,"[SPEAKER_Joey] Joseph Stalin. I think you'd remember that!
[SPEAKER_Chandler] Oh yes! Bye Bye Birdie, starring Joseph Stalin. Joseph Stalin is the Fiddler on the Roof.","[SPEAKER_Joey] Joseph Stalin. I think you'd remember that!
[SPEAKER_Chandler] Oh yes! Bye Bye Birdie, starring Joseph Stalin. Joseph Stalin is the Fiddler on the Roof.",joy,3,4,neutral,False,0.03134034,0.0040091733,0.0033874728,0.3031062,0.6370934,0.0150825465,0.005980896
259,1,Ross,"Okay, look.",neutral,"[SPEAKER_Ross] Are you kidding?
[SPEAKER_Ross] Okay, look.","[SPEAKER_Ross] Are you kidding?
[SPEAKER_Ross] Okay, look.",neutral,4,4,neutral,True,0.010141605,0.00228055,0.002782977,0.012139973,0.966741,0.002911141,0.003002734
259,2,Ross,I-I studied evolution.,joy,"[SPEAKER_Ross] Okay, look.
[SPEAKER_Ross] I-I studied evolution.","[SPEAKER_Ross] Okay, look.
[SPEAKER_Ross] I-I studied evolution.",joy,3,4,neutral,False,0.063601166,0.008897923,0.15577435,0.20696259,0.4145458,0.038501058,0.111717075
259,3,Ross,"Remember, evolution?",joy,"[SPEAKER_Ross] I-I studied evolution.
[SPEAKER_Ross] Remember, evolution?","[SPEAKER_Ross] I-I studied evolution.
[SPEAKER_Ross] Remember, evolution?",joy,3,4,neutral,False,0.06799485,0.002615193,0.014151705,0.075885296,0.71051586,0.013621816,0.11521532
259,4,Ross,Monkey into man?,anger,"[SPEAKER_Ross] Remember, evolution?
[SPEAKER_Ross] Monkey into man?","[SPEAKER_Ross] Remember, evolution?
[SPEAKER_Ross] Monkey into man?",anger,0,4,neutral,False,0.11322951,0.0082280375,0.011710249,0.1260242,0.5626923,0.01256647,0.16554925
259,5,Ross,"Plus, I’m a doctor, and I had a monkey.",neutral,"[SPEAKER_Ross] Monkey into man?
[SPEAKER_Ross] Plus, I’m a doctor, and I had a monkey.","[SPEAKER_Ross] Monkey into man?
[SPEAKER_Ross] Plus, I’m a doctor, and I had a monkey.",neutral,4,4,neutral,True,0.031149771,0.028102055,0.021452073,0.11560902,0.68873554,0.09440188,0.020549659
259,6,Ross,I’m Doctor Monkey!,anger,"[SPEAKER_Ross] Plus, I’m a doctor, and I had a monkey.
[SPEAKER_Ross] I’m Doctor Monkey!","[SPEAKER_Ross] Plus, I’m a doctor, and I had a monkey.
[SPEAKER_Ross] I’m Doctor Monkey!",anger,0,6,surprise,False,0.11345801,0.024450116,0.0053849462,0.13423915,0.03747202,0.0149561595,0.67003965
259,7,Chandler,I’m not arguing with that.,neutral,"[SPEAKER_Ross] I’m Doctor Monkey!
[SPEAKER_Chandler] I’m not arguing with that.","[SPEAKER_Ross] I’m Doctor Monkey!
[SPEAKER_Chandler] I’m not arguing with that.",neutral,4,4,neutral,True,0.019000875,0.0025100699,0.0020664418,0.014903007,0.9555218,0.0022274696,0.0037703544
259,8,Monica,"All right, I’ve heard enough. I’ve made my decision.",neutral,"[SPEAKER_Chandler] I’m not arguing with that.
[SPEAKER_Monica] All right, I’ve heard enough. I’ve made my decision.","[SPEAKER_Chandler] I’m not arguing with that.
[SPEAKER_Monica] All right, I’ve heard enough. I’ve made my decision.",neutral,4,4,neutral,True,0.37614053,0.011526437,0.06335822,0.072225384,0.4169987,0.053370632,0.006380004
259,9,Monica,You are both idiots.,disgust,"[SPEAKER_Monica] All right, I’ve heard enough. I’ve made my decision.
[SPEAKER_Monica] You are both idiots.","[SPEAKER_Monica] All right, I’ve heard enough. I’ve made my decision.
[SPEAKER_Monica] You are both idiots.",disgust,1,0,anger,False,0.66037446,0.04244772,0.004833082,0.073965296,0.1863841,0.018518513,0.013476843
259,10,Monica,"The joke is not funny, and it’s offensive to women, and doctors, and monkeys!",disgust,"[SPEAKER_Monica] You are both idiots.
[SPEAKER_Monica] The joke is not funny, and it’s offensive to women, and doctors, and monkeys!","[SPEAKER_Monica] You are both idiots.
[SPEAKER_Monica] The joke is not funny, and it’s offensive to women, and doctors, and monkeys!",disgust,1,0,anger,False,0.7984544,0.10805915,0.017484065,0.0052615553,0.013745138,0.04050276,0.016492985
259,11,Monica,"You shouldn’t be arguing over who gets credit, you should be arguing over who gets blamed for inflicting this horrible joke upon the world!",anger,"[SPEAKER_Monica] The joke is not funny, and it’s offensive to women, and doctors, and monkeys!
[SPEAKER_Monica] You shouldn’t be arguing over who gets credit, you should be arguing over who gets blamed for inflicting this horrible joke upon the world!","[SPEAKER_Monica] The joke is not funny, and it’s offensive to women, and doctors, and monkeys!
[SPEAKER_Monica] You shouldn’t be arguing over who gets credit, you should be arguing over who gets blamed for inflicting this horrible joke upon the world!",anger,0,0,anger,True,0.8474034,0.036302455,0.018616252,0.01940047,0.033536606,0.027939029,0.016801782
259,12,Monica,Now let it go!,anger,"[SPEAKER_Monica] You shouldn’t be arguing over who gets credit, you should be arguing over who gets blamed for inflicting this horrible joke upon the world!
[SPEAKER_Monica] Now let it go!","[SPEAKER_Monica] You shouldn’t be arguing over who gets credit, you should be arguing over who gets blamed for inflicting this horrible joke upon the world!
[SPEAKER_Monica] Now let it go!",anger,0,0,anger,True,0.7363875,0.019828523,0.022675749,0.06560532,0.11776783,0.019419514,0.018315578
259,13,Monica,The joke sucks!,anger,"[SPEAKER_Monica] Now let it go!
[SPEAKER_Monica] The joke sucks!","[SPEAKER_Monica] Now let it go!
[SPEAKER_Monica] The joke sucks!",anger,0,0,anger,True,0.4272461,0.085047565,0.0062081497,0.17910272,0.077881135,0.05740943,0.16710483
259,14,Ross,It’s your joke.,neutral,"[SPEAKER_Monica] The joke sucks!
[SPEAKER_Ross] It’s your joke.","[SPEAKER_Monica] The joke sucks!
[SPEAKER_Ross] It’s your joke.",neutral,4,4,neutral,True,0.18131433,0.022507975,0.0038292073,0.0423067,0.6521045,0.012875879,0.08506143
259,15,Chandler,Is not.,anger,"[SPEAKER_Ross] It’s your joke.
[SPEAKER_Chandler] Is not.","[SPEAKER_Ross] It’s your joke.
[SPEAKER_Chandler] Is not.",anger,0,4,neutral,False,0.014841736,0.0017694115,0.0019177202,0.012741167,0.96184224,0.003323727,0.0035639957
260,1,Rachel,I didn’t!,joy,"[SPEAKER_Phoebe] Hey everybody, Rachel was so good today. She didn't gossip at all.
[SPEAKER_Rachel] I didn’t!","[SPEAKER_Phoebe] Hey everybody, Rachel was so good today. She didn't gossip at all.
[SPEAKER_Rachel] I didn’t!",joy,3,6,surprise,False,0.0478933,0.004457954,0.018355535,0.17180936,0.051228497,0.035270095,0.6709852
260,2,Rachel,"Even when I found out…umm, all right, well let's just say I found something out something about someone and let's just say she's gonna keep it.",neutral,"[SPEAKER_Rachel] I didn’t!
[SPEAKER_Rachel] Even when I found out…umm, all right, well let's just say I found something out something about someone and let's just say she's gonna keep it.","[SPEAKER_Rachel] I didn’t!
[SPEAKER_Rachel] Even when I found out…umm, all right, well let's just say I found something out something about someone and let's just say she's gonna keep it.",neutral,4,4,neutral,True,0.10254468,0.013272983,0.048112642,0.1728253,0.55863774,0.10204819,0.0025584835
260,3,Joey,"Hey, Pheebs! Check-check this out.",joy,"[SPEAKER_Rachel] Even when I found out…umm, all right, well let's just say I found something out something about someone and let's just say she's gonna keep it.
[SPEAKER_Joey] Hey, Pheebs! Check-check this out.","[SPEAKER_Rachel] Even when I found out…umm, all right, well let's just say I found something out something about someone and let's just say she's gonna keep it.
[SPEAKER_Joey] Hey, Pheebs! Check-check this out.",joy,3,3,joy,True,0.02705926,0.0025261596,0.0018607283,0.78723764,0.157087,0.0035882061,0.020641014
260,4,Phoebe,"Ooh, you nailed the Old Lady!",surprise,"[SPEAKER_Joey] Hey, Pheebs! Check-check this out.
[SPEAKER_Phoebe] Ooh, you nailed the Old Lady!","[SPEAKER_Joey] Hey, Pheebs! Check-check this out.
[SPEAKER_Phoebe] Ooh, you nailed the Old Lady!",surprise,6,3,joy,False,0.11067861,0.0076232394,0.002244628,0.7125744,0.03784298,0.01060251,0.11843361
260,5,Joey,"Yeah listen so, I thought I was getting better, so on my way home today I stopped by this guitar store and",neutral,"[SPEAKER_Phoebe] Ooh, you nailed the Old Lady!
[SPEAKER_Joey] Yeah listen so, I thought I was getting better, so on my way home today I stopped by this guitar store and","[SPEAKER_Phoebe] Ooh, you nailed the Old Lady!
[SPEAKER_Joey] Yeah listen so, I thought I was getting better, so on my way home today I stopped by this guitar store and",neutral,4,4,neutral,True,0.020418467,0.005515089,0.0045264913,0.2302494,0.7182867,0.019209899,0.0017939185
260,6,Phoebe,"Did you, did you",anger,"[SPEAKER_Joey] Yeah listen so, I thought I was getting better, so on my way home today I stopped by this guitar store and
[SPEAKER_Phoebe] Did you, did you","[SPEAKER_Joey] Yeah listen so, I thought I was getting better, so on my way home today I stopped by this guitar store and
[SPEAKER_Phoebe] Did you, did you",anger,0,3,joy,False,0.24222894,0.006189275,0.015753388,0.37850562,0.18697277,0.034217536,0.13613245
260,7,Joey,No.,neutral,"[SPEAKER_Phoebe] Did you, did you
[SPEAKER_Joey] No.","[SPEAKER_Phoebe] Did you, did you
[SPEAKER_Joey] No.",neutral,4,4,neutral,True,0.12944612,0.013764386,0.018543562,0.08077416,0.6963797,0.03637711,0.024715
260,8,Phoebe,Give me your hands.  Strings. Gimme it!  Pick. Do you want to learn to play guitar?,anger,"[SPEAKER_Joey] No.
[SPEAKER_Phoebe] Give me your hands.  Strings. Gimme it!  Pick. Do you want to learn to play guitar?","[SPEAKER_Joey] No.
[SPEAKER_Phoebe] Give me your hands.  Strings. Gimme it!  Pick. Do you want to learn to play guitar?",anger,0,3,joy,False,0.044827323,0.0037617371,0.0053507015,0.7789633,0.14938559,0.0057743066,0.011937055
260,9,Joey,Yes!,joy,"[SPEAKER_Phoebe] Give me your hands.  Strings. Gimme it!  Pick. Do you want to learn to play guitar?
[SPEAKER_Joey] Yes!","[SPEAKER_Phoebe] Give me your hands.  Strings. Gimme it!  Pick. Do you want to learn to play guitar?
[SPEAKER_Joey] Yes!",joy,3,3,joy,True,0.022250589,0.001495869,0.0025870071,0.9134338,0.038056582,0.0045029144,0.017673306
260,10,Phoebe,Then don't touch one!!,anger,"[SPEAKER_Joey] Yes!
[SPEAKER_Phoebe] Then don't touch one!!","[SPEAKER_Joey] Yes!
[SPEAKER_Phoebe] Then don't touch one!!",anger,0,0,anger,True,0.79988533,0.025129797,0.0392319,0.019874891,0.046274256,0.014258913,0.05534491
261,1,Ross,Yeah!,joy,"[SPEAKER_Joey] Really? You'd-you'd do that for me?!
[SPEAKER_Ross] Yeah!","[SPEAKER_Joey] Really? You'd-you'd do that for me?!
[SPEAKER_Ross] Yeah!",joy,3,3,joy,True,0.0478818,0.002239503,0.003943374,0.81369483,0.087544784,0.008883809,0.035811972
261,2,Joey,Thanks!,joy,"[SPEAKER_Ross] Yeah!
[SPEAKER_Joey] Thanks!","[SPEAKER_Ross] Yeah!
[SPEAKER_Joey] Thanks!",joy,3,3,joy,True,0.006873744,0.00092247874,0.0012437849,0.88634723,0.09516175,0.005170456,0.004280539
261,3,Ross,"All right, we'll start off slow. The only thing you have to do tonight is come up with the name of your main character.",neutral,"[SPEAKER_Joey] Thanks!
[SPEAKER_Ross] All right, we'll start off slow. The only thing you have to do tonight is come up with the name of your main character.","[SPEAKER_Joey] Thanks!
[SPEAKER_Ross] All right, we'll start off slow. The only thing you have to do tonight is come up with the name of your main character.",neutral,4,4,neutral,True,0.0048870305,0.0014241445,0.0006958976,0.010492904,0.9805165,0.0012788607,0.0007046447
261,4,Joey,Done!,joy,"[SPEAKER_Ross] All right, we'll start off slow. The only thing you have to do tonight is come up with the name of your main character.
[SPEAKER_Joey] Done!","[SPEAKER_Ross] All right, we'll start off slow. The only thing you have to do tonight is come up with the name of your main character.
[SPEAKER_Joey] Done!",joy,3,3,joy,True,0.014211882,0.0010390984,0.0009980586,0.9061289,0.06759372,0.0025061585,0.0075220834
261,5,Ross,And it can't be Joey.,neutral,"[SPEAKER_Joey] Done!
[SPEAKER_Ross] And it can't be Joey.","[SPEAKER_Joey] Done!
[SPEAKER_Ross] And it can't be Joey.",neutral,4,4,neutral,True,0.013289846,0.0014966134,0.0058700014,0.010823843,0.91941184,0.0055539315,0.04355385
261,6,Joey,It's not.,neutral,"[SPEAKER_Ross] And it can't be Joey.
[SPEAKER_Joey] It's not.","[SPEAKER_Ross] And it can't be Joey.
[SPEAKER_Joey] It's not.",neutral,4,4,neutral,True,0.007985928,0.0012808321,0.0022411556,0.011151681,0.9691436,0.0034143555,0.0047822967
261,7,Ross,Or Joseph.,neutral,"[SPEAKER_Joey] It's not.
[SPEAKER_Ross] Or Joseph.","[SPEAKER_Joey] It's not.
[SPEAKER_Ross] Or Joseph.",neutral,4,4,neutral,True,0.0074315453,0.002698499,0.002114753,0.0051479633,0.978671,0.0028499207,0.0010863518
261,8,Joey,Oh.,neutral,"[SPEAKER_Ross] Or Joseph.
[SPEAKER_Joey] Oh.","[SPEAKER_Ross] Or Joseph.
[SPEAKER_Joey] Oh.",neutral,4,4,neutral,True,0.007146612,0.0067037675,0.021390203,0.020951778,0.90837276,0.027825225,0.00760964
262,1,Monica,"Hi! Hey, Pete you’re back! Hey, check this out.",joy,"[SPEAKER_Pete] Hi!
[SPEAKER_Monica] Hi! Hey, Pete you’re back! Hey, check this out.","[SPEAKER_Pete] Hi!
[SPEAKER_Monica] Hi! Hey, Pete you’re back! Hey, check this out.",joy,3,3,joy,True,0.027311929,0.0023626676,0.0023903253,0.77147037,0.15592998,0.0037079502,0.0368268
262,2,Pete,Wow! Skates!,joy,"[SPEAKER_Monica] Hi! Hey, Pete you’re back! Hey, check this out.
[SPEAKER_Pete] Wow! Skates!","[SPEAKER_Monica] Hi! Hey, Pete you’re back! Hey, check this out.
[SPEAKER_Pete] Wow! Skates!",joy,3,6,surprise,False,0.008003059,0.0025317902,0.0022096783,0.027500283,0.010052726,0.0043002483,0.94540215
262,3,Monica,Wow! You’re a lot sturdier that Chandler. He crumpled like a piece of paper. So how was you’re trip?,surprise,"[SPEAKER_Pete] Wow! Skates!
[SPEAKER_Monica] Wow! You’re a lot sturdier that Chandler. He crumpled like a piece of paper. So how was you’re trip?","[SPEAKER_Pete] Wow! Skates!
[SPEAKER_Monica] Wow! You’re a lot sturdier that Chandler. He crumpled like a piece of paper. So how was you’re trip?",surprise,6,6,surprise,True,0.024310036,0.0050101774,0.0050167083,0.021854753,0.031701498,0.012233595,0.8998732
262,4,Pete,Well...,neutral,"[SPEAKER_Monica] Wow! You’re a lot sturdier that Chandler. He crumpled like a piece of paper. So how was you’re trip?
[SPEAKER_Pete] Well...","[SPEAKER_Monica] Wow! You’re a lot sturdier that Chandler. He crumpled like a piece of paper. So how was you’re trip?
[SPEAKER_Pete] Well...",neutral,4,4,neutral,True,0.0130250575,0.0035989117,0.0049165753,0.05425456,0.90030694,0.016143484,0.0077544088
262,5,Monica,"Oh, what’d ya bring me?!",joy,"[SPEAKER_Pete] Well...
[SPEAKER_Monica] Oh, what’d ya bring me?!","[SPEAKER_Pete] Well...
[SPEAKER_Monica] Oh, what’d ya bring me?!",joy,3,6,surprise,False,0.059413984,0.005449914,0.008888963,0.3494618,0.11971736,0.01427309,0.44279483
262,6,Monica,"Awww, hotel toiletries from Japan.",joy,"[SPEAKER_Monica] Oh, what’d ya bring me?!
[SPEAKER_Monica] Awww, hotel toiletries from Japan.","[SPEAKER_Monica] Oh, what’d ya bring me?!
[SPEAKER_Monica] Awww, hotel toiletries from Japan.",joy,3,4,neutral,False,0.010325329,0.012409072,0.0021245643,0.028169487,0.92756945,0.0048830155,0.014519045
262,7,Monica,"Oh, these are gonna go in my permanent collection.",joy,"[SPEAKER_Monica] Awww, hotel toiletries from Japan.
[SPEAKER_Monica] Oh, these are gonna go in my permanent collection.","[SPEAKER_Monica] Awww, hotel toiletries from Japan.
[SPEAKER_Monica] Oh, these are gonna go in my permanent collection.",joy,3,4,neutral,False,0.013215576,0.003902395,0.0021317124,0.051333096,0.9193489,0.005637145,0.004431183
262,8,Monica,You want some coffee?,neutral,"[SPEAKER_Monica] Oh, these are gonna go in my permanent collection.
[SPEAKER_Monica] You want some coffee?","[SPEAKER_Monica] Oh, these are gonna go in my permanent collection.
[SPEAKER_Monica] You want some coffee?",neutral,4,4,neutral,True,0.0037649737,0.0010381832,0.0018243409,0.0098818,0.9753625,0.0016278597,0.0065002427
262,9,Pete,"Yeah, sure, that’d be great.",neutral,"[SPEAKER_Monica] You want some coffee?
[SPEAKER_Pete] Yeah, sure, that’d be great.","[SPEAKER_Monica] You want some coffee?
[SPEAKER_Pete] Yeah, sure, that’d be great.",neutral,4,4,neutral,True,0.0027517893,0.0023315367,0.0014357341,0.05601608,0.9336253,0.0029893704,0.000850139
262,10,Monica,Regular or decaf?,neutral,"[SPEAKER_Pete] Yeah, sure, that’d be great.
[SPEAKER_Monica] Regular or decaf?","[SPEAKER_Pete] Yeah, sure, that’d be great.
[SPEAKER_Monica] Regular or decaf?",neutral,4,4,neutral,True,0.009841348,0.0014168406,0.0015088749,0.0073210686,0.9721867,0.0019333418,0.005791853
262,11,Pete,"Ah, which ever is closest.",neutral,"[SPEAKER_Monica] Regular or decaf?
[SPEAKER_Pete] Ah, which ever is closest.","[SPEAKER_Monica] Regular or decaf?
[SPEAKER_Pete] Ah, which ever is closest.",neutral,4,4,neutral,True,0.0071764626,0.0011299192,0.0008662962,0.018519262,0.9686928,0.0020551255,0.0015601766
262,12,Monica,Okay.,neutral,"[SPEAKER_Pete] Ah, which ever is closest.
[SPEAKER_Monica] Okay.","[SPEAKER_Pete] Ah, which ever is closest.
[SPEAKER_Monica] Okay.",neutral,4,4,neutral,True,0.0054949136,0.0010578241,0.0011142587,0.013817466,0.9754008,0.0018763563,0.0012383864
262,13,Pete,So ask me what I did today.,neutral,"[SPEAKER_Monica] Okay.
[SPEAKER_Pete] So ask me what I did today.","[SPEAKER_Monica] Okay.
[SPEAKER_Pete] So ask me what I did today.",neutral,4,4,neutral,True,0.011786835,0.002783609,0.0051923385,0.0138140675,0.9585216,0.0050929906,0.002808569
262,14,Monica,So what did you do today Pete?,neutral,"[SPEAKER_Pete] So ask me what I did today.
[SPEAKER_Monica] So what did you do today Pete?","[SPEAKER_Pete] So ask me what I did today.
[SPEAKER_Monica] So what did you do today Pete?",neutral,4,4,neutral,True,0.02115915,0.0014231984,0.004322516,0.020186756,0.9072842,0.004779472,0.040844683
262,15,Pete,I bought a restaurant and I would like you to be the head chef.,joy,"[SPEAKER_Monica] So what did you do today Pete?
[SPEAKER_Pete] I bought a restaurant and I would like you to be the head chef.","[SPEAKER_Monica] So what did you do today Pete?
[SPEAKER_Pete] I bought a restaurant and I would like you to be the head chef.",joy,3,4,neutral,False,0.01490104,0.0034551912,0.0027683608,0.43513647,0.5311425,0.0075557763,0.005040702
262,16,Monica,What?! Oh.,surprise,"[SPEAKER_Pete] I bought a restaurant and I would like you to be the head chef.
[SPEAKER_Monica] What?! Oh.","[SPEAKER_Pete] I bought a restaurant and I would like you to be the head chef.
[SPEAKER_Monica] What?! Oh.",surprise,6,6,surprise,True,0.007999136,0.00167774,0.0040984075,0.0033083053,0.026989605,0.005327034,0.95059973
263,1,Joey,Hey.,neutral,"[SPEAKER_Ross] Hi.
[SPEAKER_Joey] Hey.","[SPEAKER_Ross] Hi.
[SPEAKER_Joey] Hey.",neutral,4,4,neutral,True,0.0021013545,0.0005916827,0.0007120345,0.0058582067,0.98763716,0.001286098,0.001813549
263,2,Joey,Where've you been?,neutral,"[SPEAKER_Joey] Hey.
[SPEAKER_Joey] Where've you been?","[SPEAKER_Joey] Hey.
[SPEAKER_Joey] Where've you been?",neutral,4,4,neutral,True,0.017830616,0.0014182376,0.004157189,0.010038405,0.899379,0.0047548977,0.06242158
263,3,Ross,At the vet.,neutral,"[SPEAKER_Joey] Where've you been?
[SPEAKER_Ross] At the vet.","[SPEAKER_Joey] Where've you been?
[SPEAKER_Ross] At the vet.",neutral,4,4,neutral,True,0.0069597326,0.0028971315,0.0019644236,0.027495632,0.95417386,0.0052074236,0.0013018529
263,4,Chandler,"She's not gonna make you wear one of those big plastic cones, is she?",fear,"[SPEAKER_Ross] At the vet.
[SPEAKER_Chandler] She's not gonna make you wear one of those big plastic cones, is she?","[SPEAKER_Ross] At the vet.
[SPEAKER_Chandler] She's not gonna make you wear one of those big plastic cones, is she?",fear,2,0,anger,False,0.29232877,0.032559548,0.040958427,0.060423076,0.23654293,0.09368199,0.24350527
263,5,Ross,She says Marcel's humping thing's not a phase. Apparently he's reached sexual maturity.,sadness,"[SPEAKER_Chandler] She's not gonna make you wear one of those big plastic cones, is she?
[SPEAKER_Ross] She says Marcel's humping thing's not a phase. Apparently he's reached sexual maturity.","[SPEAKER_Chandler] She's not gonna make you wear one of those big plastic cones, is she?
[SPEAKER_Ross] She says Marcel's humping thing's not a phase. Apparently he's reached sexual maturity.",sadness,5,4,neutral,False,0.03074268,0.015850024,0.0107921185,0.099860094,0.7979301,0.031636078,0.013188849
263,6,Joey,Hey! He beat ya.,joy,"[SPEAKER_Ross] She says Marcel's humping thing's not a phase. Apparently he's reached sexual maturity.
[SPEAKER_Joey] Hey! He beat ya.","[SPEAKER_Ross] She says Marcel's humping thing's not a phase. Apparently he's reached sexual maturity.
[SPEAKER_Joey] Hey! He beat ya.",joy,3,3,joy,True,0.03302902,0.0032603594,0.0020436887,0.775641,0.13255657,0.00549091,0.04797837
263,7,Ross,"She says as time goes on, he's gonna start getting agressive and violent.",sadness,"[SPEAKER_Joey] Hey! He beat ya.
[SPEAKER_Ross] She says as time goes on, he's gonna start getting agressive and violent.","[SPEAKER_Joey] Hey! He beat ya.
[SPEAKER_Ross] She says as time goes on, he's gonna start getting agressive and violent.",sadness,5,4,neutral,False,0.050426383,0.027802762,0.006282428,0.0540366,0.8465251,0.011141564,0.0037851864
263,8,Chandler,So what does this mean?,neutral,"[SPEAKER_Ross] She says as time goes on, he's gonna start getting agressive and violent.
[SPEAKER_Chandler] So what does this mean?","[SPEAKER_Ross] She says as time goes on, he's gonna start getting agressive and violent.
[SPEAKER_Chandler] So what does this mean?",neutral,4,4,neutral,True,0.039035283,0.004380353,0.008048193,0.009462675,0.8887497,0.011936013,0.038387682
263,9,Ross,I'm gonna have to give him up.,sadness,"[SPEAKER_Chandler] So what does this mean?
[SPEAKER_Ross] I'm gonna have to give him up.","[SPEAKER_Chandler] So what does this mean?
[SPEAKER_Ross] I'm gonna have to give him up.",sadness,5,5,sadness,True,0.051135693,0.025837056,0.26849207,0.05963597,0.08155463,0.5045947,0.008749842
264,1,Chandler,Hang on buddy!,anger,"[SPEAKER_Joey] Aww man! I can’t believe I locked myself out again!
[SPEAKER_Chandler] Hang on buddy!","[SPEAKER_Joey] Aww man! I can’t believe I locked myself out again!
[SPEAKER_Chandler] Hang on buddy!",anger,0,3,joy,False,0.28742826,0.008910378,0.00790656,0.34705332,0.31865165,0.013426767,0.016623082
264,2,Joey,Oh my God! What happened here? Did you do all this?,surprise,"[SPEAKER_Chandler] Hang on buddy!
[SPEAKER_Joey] Oh my God! What happened here? Did you do all this?","[SPEAKER_Chandler] Hang on buddy!
[SPEAKER_Joey] Oh my God! What happened here? Did you do all this?",surprise,6,6,surprise,True,0.0049933195,0.0020400924,0.0041573825,0.007441372,0.008180367,0.0060321805,0.9671553
264,3,Chandler,I sure did.,neutral,"[SPEAKER_Joey] Oh my God! What happened here? Did you do all this?
[SPEAKER_Chandler] I sure did.","[SPEAKER_Joey] Oh my God! What happened here? Did you do all this?
[SPEAKER_Chandler] I sure did.",neutral,4,4,neutral,True,0.0077536465,0.0019555662,0.0027815877,0.10623564,0.87182415,0.0067403526,0.0027090786
265,1,Rachel,"Julie! Julie, isn't that great? I mean, isn't that just kick- you-in-the-crotch, spit-on-your-neck fantastic?",joy,"[SPEAKER_Ross] But we haven't seen each other since then. Well I land in China, guess who's in charge of the dig.
[SPEAKER_Rachel] Julie! Julie, isn't that great? I mean, isn't that just kick- you-in-the-crotch, spit-on-your-neck fantastic?","[SPEAKER_Ross] But we haven't seen each other since then. Well I land in China, guess who's in charge of the dig.
[SPEAKER_Rachel] Julie! Julie, isn't that great? I mean, isn't that just kick- you-in-the-crotch, spit-on-your-neck fantastic?",joy,3,6,surprise,False,0.23920044,0.054699443,0.0073361876,0.102786325,0.035268266,0.020721143,0.5399882
266,1,Rachel,"Uh, yeah, if you want too.",neutral,"[SPEAKER_Ross] May I come in?
[SPEAKER_Rachel] Uh, yeah, if you want too.","[SPEAKER_Ross] May I come in?
[SPEAKER_Rachel] Uh, yeah, if you want too.",neutral,4,4,neutral,True,0.004718303,0.0020372972,0.003990508,0.019251442,0.9638533,0.0054765353,0.00067265704
266,2,Ross,Do,neutral,"[SPEAKER_Rachel] Uh, yeah, if you want too.
[SPEAKER_Ross] Do","[SPEAKER_Rachel] Uh, yeah, if you want too.
[SPEAKER_Ross] Do",neutral,4,4,neutral,True,0.023928802,0.0014928349,0.0022148406,0.02190735,0.9435061,0.0029135195,0.004036609
266,3,Rachel,"Yeah, sure?",neutral,"[SPEAKER_Ross] Do
[SPEAKER_Rachel] Yeah, sure?","[SPEAKER_Ross] Do
[SPEAKER_Rachel] Yeah, sure?",neutral,4,4,neutral,True,0.040266104,0.0034694625,0.022164756,0.047448315,0.6483305,0.014334952,0.22398587
266,4,Ross,So do I.,neutral,"[SPEAKER_Rachel] Yeah, sure?
[SPEAKER_Ross] So do I.","[SPEAKER_Rachel] Yeah, sure?
[SPEAKER_Ross] So do I.",neutral,4,4,neutral,True,0.009146215,0.0015778434,0.0013673654,0.0111925285,0.9732718,0.0024503495,0.0009938994
266,5,Ross,"Okay Rach, before anything happens  I just want to lay down a couple of ground rules.",neutral,"[SPEAKER_Ross] So do I.
[SPEAKER_Ross] Okay Rach, before anything happens  I just want to lay down a couple of ground rules.","[SPEAKER_Ross] So do I.
[SPEAKER_Ross] Okay Rach, before anything happens  I just want to lay down a couple of ground rules.",neutral,4,4,neutral,True,0.01973652,0.0029380766,0.0040071215,0.029101351,0.93896675,0.004406806,0.00084331655
266,6,Ross,This is just about tonight.,neutral,"[SPEAKER_Ross] Okay Rach, before anything happens  I just want to lay down a couple of ground rules.
[SPEAKER_Ross] This is just about tonight.","[SPEAKER_Ross] Okay Rach, before anything happens  I just want to lay down a couple of ground rules.
[SPEAKER_Ross] This is just about tonight.",neutral,4,4,neutral,True,0.035549868,0.0034494568,0.003453567,0.08059429,0.86898917,0.00566333,0.002300342
266,7,Ross,"I don't to go through with this if it's going to raise the question of ""Us.""",neutral,"[SPEAKER_Ross] This is just about tonight.
[SPEAKER_Ross] I don't to go through with this if it's going to raise the question of ""Us.""","[SPEAKER_Ross] This is just about tonight.
[SPEAKER_Ross] I don't to go through with this if it's going to raise the question of ""Us.""",neutral,4,4,neutral,True,0.24037711,0.021329138,0.06195146,0.1923547,0.43027285,0.047251876,0.006462913
266,8,Ross,I just want this to be  about what it is!,joy,"[SPEAKER_Ross] I don't to go through with this if it's going to raise the question of ""Us.""
[SPEAKER_Ross] I just want this to be  about what it is!","[SPEAKER_Ross] I don't to go through with this if it's going to raise the question of ""Us.""
[SPEAKER_Ross] I just want this to be  about what it is!",joy,3,0,anger,False,0.6730262,0.01224719,0.12810704,0.08651156,0.057455406,0.028933117,0.013719491
266,9,Rachel,"And um, what-what is that Ross?",neutral,"[SPEAKER_Ross] I just want this to be  about what it is!
[SPEAKER_Rachel] And um, what-what is that Ross?","[SPEAKER_Ross] I just want this to be  about what it is!
[SPEAKER_Rachel] And um, what-what is that Ross?",neutral,4,4,neutral,True,0.06147974,0.003403608,0.067094535,0.04595169,0.5869517,0.022466505,0.21265224
266,10,Ross,The physical act of love.,joy,"[SPEAKER_Rachel] And um, what-what is that Ross?
[SPEAKER_Ross] The physical act of love.","[SPEAKER_Rachel] And um, what-what is that Ross?
[SPEAKER_Ross] The physical act of love.",joy,3,4,neutral,False,0.03187009,0.016495809,0.04978324,0.08281296,0.76320595,0.043278955,0.012553011
266,11,Rachel,What?! Are you crazy?,surprise,"[SPEAKER_Ross] The physical act of love.
[SPEAKER_Rachel] What?! Are you crazy?","[SPEAKER_Ross] The physical act of love.
[SPEAKER_Rachel] What?! Are you crazy?",surprise,6,6,surprise,True,0.0686165,0.006925802,0.005975664,0.004050961,0.011727604,0.010122953,0.89258057
266,12,Ross,Oh so-so you weren't trying to entice me just now with your-your nakedness?,surprise,"[SPEAKER_Rachel] What?! Are you crazy?
[SPEAKER_Ross] Oh so-so you weren't trying to entice me just now with your-your nakedness?","[SPEAKER_Rachel] What?! Are you crazy?
[SPEAKER_Ross] Oh so-so you weren't trying to entice me just now with your-your nakedness?",surprise,6,4,neutral,False,0.070422485,0.011233717,0.023179382,0.09170817,0.5194102,0.017999753,0.26604635
266,13,Rachel,"Oh God, you saw me?! Oh!",surprise,"[SPEAKER_Ross] Oh so-so you weren't trying to entice me just now with your-your nakedness?
[SPEAKER_Rachel] Oh God, you saw me?! Oh!","[SPEAKER_Ross] Oh so-so you weren't trying to entice me just now with your-your nakedness?
[SPEAKER_Rachel] Oh God, you saw me?! Oh!",surprise,6,6,surprise,True,0.00623372,0.002283864,0.0036123863,0.0068873838,0.0073217894,0.0047856728,0.9688752
266,14,Ross,You weren't trying to entice me with your nakedness.,joy,"[SPEAKER_Rachel] Oh God, you saw me?! Oh!
[SPEAKER_Ross] You weren't trying to entice me with your nakedness.","[SPEAKER_Rachel] Oh God, you saw me?! Oh!
[SPEAKER_Ross] You weren't trying to entice me with your nakedness.",joy,3,4,neutral,False,0.18815704,0.032803137,0.0074661626,0.037090104,0.5971187,0.01230246,0.12506245
266,15,Rachel,"Noo!! No! You thought, you actually thought I wanted to have sex with you?!",anger,"[SPEAKER_Ross] You weren't trying to entice me with your nakedness.
[SPEAKER_Rachel] Noo!! No! You thought, you actually thought I wanted to have sex with you?!","[SPEAKER_Ross] You weren't trying to entice me with your nakedness.
[SPEAKER_Rachel] Noo!! No! You thought, you actually thought I wanted to have sex with you?!",anger,0,6,surprise,False,0.24646562,0.03721282,0.01567087,0.0128278155,0.014423302,0.025873384,0.6475262
266,16,Ross,No! No!  No!  No-no-no-no.,joy,"[SPEAKER_Rachel] Noo!! No! You thought, you actually thought I wanted to have sex with you?!
[SPEAKER_Ross] No! No!  No!  No-no-no-no.","[SPEAKER_Rachel] Noo!! No! You thought, you actually thought I wanted to have sex with you?!
[SPEAKER_Ross] No! No!  No!  No-no-no-no.",joy,3,2,fear,False,0.101038404,0.04171797,0.3830553,0.16492163,0.13202766,0.049036823,0.12820214
267,1,Director,Joey Tribbiani.,neutral,"[SPEAKER_Director] Ah Joey.
[SPEAKER_Director] Joey Tribbiani.","[SPEAKER_Director] Ah Joey.
[SPEAKER_Director] Joey Tribbiani.",neutral,4,4,neutral,True,0.0020286483,0.0009819028,0.0008275342,0.0057014157,0.9880905,0.0016380273,0.0007319104
267,2,Director,"Listen Joey, I got a problem, I just got a call from my dance captain, he's having a relationship crisis and can't get out of Long Island.",neutral,"[SPEAKER_Director] Joey Tribbiani.
[SPEAKER_Director] Listen Joey, I got a problem, I just got a call from my dance captain, he's having a relationship crisis and can't get out of Long Island.","[SPEAKER_Director] Joey Tribbiani.
[SPEAKER_Director] Listen Joey, I got a problem, I just got a call from my dance captain, he's having a relationship crisis and can't get out of Long Island.",neutral,4,5,sadness,False,0.08007374,0.013805495,0.20132436,0.034782737,0.0919024,0.5619354,0.016175898
267,3,Joey,"So, does that mean the audition is off?",sadness,"[SPEAKER_Director] Listen Joey, I got a problem, I just got a call from my dance captain, he's having a relationship crisis and can't get out of Long Island.
[SPEAKER_Joey] So, does that mean the audition is off?","[SPEAKER_Director] Listen Joey, I got a problem, I just got a call from my dance captain, he's having a relationship crisis and can't get out of Long Island.
[SPEAKER_Joey] So, does that mean the audition is off?",sadness,5,4,neutral,False,0.027190495,0.0020826606,0.0059885774,0.023650793,0.9095231,0.016295541,0.015268825
267,4,Director,"Listen Joey, seeing as you've got the most experience, I want you to take these dancers and show them the combination.",neutral,"[SPEAKER_Joey] So, does that mean the audition is off?
[SPEAKER_Director] Listen Joey, seeing as you've got the most experience, I want you to take these dancers and show them the combination.","[SPEAKER_Joey] So, does that mean the audition is off?
[SPEAKER_Director] Listen Joey, seeing as you've got the most experience, I want you to take these dancers and show them the combination.",neutral,4,3,joy,False,0.053743467,0.0054557696,0.005979173,0.4777448,0.44102004,0.008793511,0.0072631566
267,5,Joey,What?!,surprise,"[SPEAKER_Director] Listen Joey, seeing as you've got the most experience, I want you to take these dancers and show them the combination.
[SPEAKER_Joey] What?!","[SPEAKER_Director] Listen Joey, seeing as you've got the most experience, I want you to take these dancers and show them the combination.
[SPEAKER_Joey] What?!",surprise,6,6,surprise,True,0.0070056203,0.001317578,0.0026287292,0.0033941157,0.01718371,0.0040547643,0.96441543
267,6,Director,"Aw come on Joey, it's easy.",neutral,"[SPEAKER_Joey] What?!
[SPEAKER_Director] Aw come on Joey, it's easy.","[SPEAKER_Joey] What?!
[SPEAKER_Director] Aw come on Joey, it's easy.",neutral,4,4,neutral,True,0.004847617,0.0025283652,0.0017839893,0.009483948,0.97796327,0.0021641937,0.0012286643
267,7,Director,"Y'know, it's hand, hand, head, head,  up, pas de bouree, pas de bouree, big turn here, grand sissone, sissone, sissone, slide back, step, step, step, and jazz hands!",neutral,"[SPEAKER_Director] Aw come on Joey, it's easy.
[SPEAKER_Director] Y'know, it's hand, hand, head, head,  up, pas de bouree, pas de bouree, big turn here, grand sissone, sissone, sissone, slide back, step, step, step, and jazz hands!","[SPEAKER_Director] Aw come on Joey, it's easy.
[SPEAKER_Director] Y'know, it's hand, hand, head, head,  up, pas de bouree, pas de bouree, big turn here, grand sissone, sissone, sissone, slide back, step, step, step, and jazz hands!",neutral,4,3,joy,False,0.021896463,0.0013944551,0.0018178746,0.9075546,0.0533985,0.0029781247,0.0109600155
267,8,Joey,"It's ah, step-ity, step and jazz hands.",sadness,"[SPEAKER_Director] Y'know, it's hand, hand, head, head,  up, pas de bouree, pas de bouree, big turn here, grand sissone, sissone, sissone, slide back, step, step, step, and jazz hands!
[SPEAKER_Joey] It's ah, step-ity, step and jazz hands.","[SPEAKER_Director] Y'know, it's hand, hand, head, head,  up, pas de bouree, pas de bouree, big turn here, grand sissone, sissone, sissone, slide back, step, step, step, and jazz hands!
[SPEAKER_Joey] It's ah, step-ity, step and jazz hands.",sadness,5,3,joy,False,0.024417141,0.0028387439,0.0042900355,0.7354826,0.22077937,0.006035024,0.006157201
267,9,Director,Have fun.,neutral,"[SPEAKER_Joey] It's ah, step-ity, step and jazz hands.
[SPEAKER_Director] Have fun.","[SPEAKER_Joey] It's ah, step-ity, step and jazz hands.
[SPEAKER_Director] Have fun.",neutral,4,4,neutral,True,0.013450218,0.0039302753,0.0014665833,0.38631174,0.5883798,0.0034331197,0.003028217
267,10,Joey,Bye.,neutral,"[SPEAKER_Director] Have fun.
[SPEAKER_Joey] Bye.","[SPEAKER_Director] Have fun.
[SPEAKER_Joey] Bye.",neutral,4,4,neutral,True,0.005918413,0.0018094159,0.0016369892,0.12660211,0.8567596,0.0057322863,0.0015410726
268,1,Monica,"Oh, I so can't believe this! My uterus is an inhospitable environment? I was trying so hard to be a good hostess!",surprise,"[SPEAKER_Chandler] Wow! Fortunately she has a
[SPEAKER_Monica] Oh, I so can't believe this! My uterus is an inhospitable environment? I was trying so hard to be a good hostess!","[SPEAKER_Chandler] Wow! Fortunately she has a
[SPEAKER_Monica] Oh, I so can't believe this! My uterus is an inhospitable environment? I was trying so hard to be a good hostess!",surprise,6,6,surprise,True,0.09150513,0.048382808,0.065958604,0.033964105,0.023782793,0.21303608,0.52337044
268,2,Chandler,"Oh, I can't believe my sperm have low motility because, let me tell you, when I was growing up they sure seem to be in a hurry to get places!",surprise,"[SPEAKER_Monica] Oh, I so can't believe this! My uterus is an inhospitable environment? I was trying so hard to be a good hostess!
[SPEAKER_Chandler] Oh, I can't believe my sperm have low motility because, let me tell you, when I was growing up they sure seem to be in a hurry to get places!","[SPEAKER_Monica] Oh, I so can't believe this! My uterus is an inhospitable environment? I was trying so hard to be a good hostess!
[SPEAKER_Chandler] Oh, I can't believe my sperm have low motility because, let me tell you, when I was growing up they sure seem to be in a hurry to get places!",surprise,6,6,surprise,True,0.12331057,0.04499565,0.054347765,0.1674636,0.22376017,0.1560304,0.23009185
268,3,Doctor Connelly,Hi there.,neutral,"[SPEAKER_Chandler] Oh, I can't believe my sperm have low motility because, let me tell you, when I was growing up they sure seem to be in a hurry to get places!
[SPEAKER_Doctor Connelly] Hi there.","[SPEAKER_Chandler] Oh, I can't believe my sperm have low motility because, let me tell you, when I was growing up they sure seem to be in a hurry to get places!
[SPEAKER_Doctor Connelly] Hi there.",neutral,4,4,neutral,True,0.003904453,0.00085663586,0.0011079394,0.08549993,0.90421903,0.0030609907,0.0013511373
268,4,Chandler,Hi.,neutral,"[SPEAKER_Doctor Connelly] Hi there.
[SPEAKER_Chandler] Hi.","[SPEAKER_Doctor Connelly] Hi there.
[SPEAKER_Chandler] Hi.",neutral,4,4,neutral,True,0.002665201,0.0007856388,0.0011076658,0.012349784,0.97908944,0.0021121218,0.0018902053
268,5,Monica,Hi.,neutral,"[SPEAKER_Chandler] Hi.
[SPEAKER_Monica] Hi.","[SPEAKER_Chandler] Hi.
[SPEAKER_Monica] Hi.",neutral,4,4,neutral,True,0.0021883228,0.0008871371,0.0008536479,0.005608609,0.98782015,0.0015724573,0.001069782
268,6,Doctor Connelly,I'm sorry there wasn't better news from your test last week but I wanted to talk to you about your options.,neutral,"[SPEAKER_Monica] Hi.
[SPEAKER_Doctor Connelly] I'm sorry there wasn't better news from your test last week but I wanted to talk to you about your options.","[SPEAKER_Monica] Hi.
[SPEAKER_Doctor Connelly] I'm sorry there wasn't better news from your test last week but I wanted to talk to you about your options.",neutral,4,4,neutral,True,0.014021091,0.002092223,0.005834997,0.03065822,0.93167615,0.011811436,0.003905955
268,7,Monica,Ok.,neutral,"[SPEAKER_Doctor Connelly] I'm sorry there wasn't better news from your test last week but I wanted to talk to you about your options.
[SPEAKER_Monica] Ok.","[SPEAKER_Doctor Connelly] I'm sorry there wasn't better news from your test last week but I wanted to talk to you about your options.
[SPEAKER_Monica] Ok.",neutral,4,4,neutral,True,0.0059296344,0.0015930466,0.0025391444,0.009173489,0.97518677,0.0030385463,0.0025394675
268,8,Doctor Connelly,"Above all, even though your chances of conceiving through natural means aren't great, you never know!",neutral,"[SPEAKER_Monica] Ok.
[SPEAKER_Doctor Connelly] Above all, even though your chances of conceiving through natural means aren't great, you never know!","[SPEAKER_Monica] Ok.
[SPEAKER_Doctor Connelly] Above all, even though your chances of conceiving through natural means aren't great, you never know!",neutral,4,4,neutral,True,0.29558867,0.02840368,0.021532197,0.18317162,0.3246272,0.053558853,0.09311774
268,9,Doctor Connelly,"So, keep having sex on a regular basis.",neutral,"[SPEAKER_Doctor Connelly] Above all, even though your chances of conceiving through natural means aren't great, you never know!
[SPEAKER_Doctor Connelly] So, keep having sex on a regular basis.","[SPEAKER_Doctor Connelly] Above all, even though your chances of conceiving through natural means aren't great, you never know!
[SPEAKER_Doctor Connelly] So, keep having sex on a regular basis.",neutral,4,4,neutral,True,0.004266748,0.0028273289,0.0013106267,0.013973261,0.9751476,0.0020077082,0.00046681636
268,10,Chandler,"Oh, DAMN IT!",anger,"[SPEAKER_Doctor Connelly] So, keep having sex on a regular basis.
[SPEAKER_Chandler] Oh, DAMN IT!","[SPEAKER_Doctor Connelly] So, keep having sex on a regular basis.
[SPEAKER_Chandler] Oh, DAMN IT!",anger,0,3,joy,False,0.3560529,0.020117035,0.008808112,0.499247,0.053677257,0.019278063,0.042819675
268,11,Monica,"Don't worry, after a while he'll tune it out.",neutral,"[SPEAKER_Chandler] Oh, DAMN IT!
[SPEAKER_Monica] Don't worry, after a while he'll tune it out.","[SPEAKER_Chandler] Oh, DAMN IT!
[SPEAKER_Monica] Don't worry, after a while he'll tune it out.",neutral,4,4,neutral,True,0.0034545395,0.0014725752,0.0011527366,0.01379607,0.9778546,0.0017593921,0.0005101266
268,12,Doctor Connelly,"Ok, given your situation, the options with the greatest chances for success would be surrogacy, or insemination using a sperm donor.",neutral,"[SPEAKER_Monica] Don't worry, after a while he'll tune it out.
[SPEAKER_Doctor Connelly] Ok, given your situation, the options with the greatest chances for success would be surrogacy, or insemination using a sperm donor.","[SPEAKER_Monica] Don't worry, after a while he'll tune it out.
[SPEAKER_Doctor Connelly] Ok, given your situation, the options with the greatest chances for success would be surrogacy, or insemination using a sperm donor.",neutral,4,4,neutral,True,0.018151125,0.005843717,0.0041064904,0.017467048,0.9479973,0.004792513,0.0016419092
268,13,Monica,Ok.,neutral,"[SPEAKER_Doctor Connelly] Ok, given your situation, the options with the greatest chances for success would be surrogacy, or insemination using a sperm donor.
[SPEAKER_Monica] Ok.","[SPEAKER_Doctor Connelly] Ok, given your situation, the options with the greatest chances for success would be surrogacy, or insemination using a sperm donor.
[SPEAKER_Monica] Ok.",neutral,4,4,neutral,True,0.0047694147,0.001662197,0.0015613718,0.0126293,0.9765204,0.0021102345,0.00074706256
269,1,Ross,"Fine. Fine, alright, now you'll never know.",anger,"[SPEAKER_Ross] Well, y'know, monogamy can be a, uh, tricky concept. I mean, anthropologically speaking-
[SPEAKER_Ross] Fine. Fine, alright, now you'll never know.","[SPEAKER_Ross] Well, y'know, monogamy can be a, uh, tricky concept. I mean, anthropologically speaking-
[SPEAKER_Ross] Fine. Fine, alright, now you'll never know.",anger,0,4,neutral,False,0.08560187,0.011810411,0.021167208,0.046425946,0.8061124,0.025295733,0.0035864185
269,2,Monica,"We're kidding. C'mon, tell us!",joy,"[SPEAKER_Ross] Fine. Fine, alright, now you'll never know.
[SPEAKER_Monica] We're kidding. C'mon, tell us!","[SPEAKER_Ross] Fine. Fine, alright, now you'll never know.
[SPEAKER_Monica] We're kidding. C'mon, tell us!",joy,3,3,joy,True,0.08384257,0.00677209,0.008647042,0.56610054,0.17356317,0.010033754,0.1510408
269,3,All,Yeah! C'mon!,joy,"[SPEAKER_Monica] We're kidding. C'mon, tell us!
[SPEAKER_All] Yeah! C'mon!","[SPEAKER_Monica] We're kidding. C'mon, tell us!
[SPEAKER_All] Yeah! C'mon!",joy,3,3,joy,True,0.022173548,0.0012093602,0.0017557833,0.9089893,0.049073383,0.0036133758,0.013185177
269,4,Ross,"Alright. There's a theory, put forth by Richard Leakey-",neutral,"[SPEAKER_All] Yeah! C'mon!
[SPEAKER_Ross] Alright. There's a theory, put forth by Richard Leakey-","[SPEAKER_All] Yeah! C'mon!
[SPEAKER_Ross] Alright. There's a theory, put forth by Richard Leakey-",neutral,4,4,neutral,True,0.010825641,0.0016363722,0.004239139,0.019875264,0.9577222,0.0031377994,0.002563596
270,1,Susan,"No, she's at a faculty meeting.",neutral,"[SPEAKER_Ross] Hi, is uh, is Carol here?
[SPEAKER_Susan] No, she's at a faculty meeting.","[SPEAKER_Ross] Hi, is uh, is Carol here?
[SPEAKER_Susan] No, she's at a faculty meeting.",neutral,4,4,neutral,True,0.0049828887,0.001586334,0.0012701676,0.012941455,0.97558653,0.0024919412,0.001140594
270,2,Ross,"Oh, I uh, just came by to pick up my skull. Well, not mine, but...",neutral,"[SPEAKER_Susan] No, she's at a faculty meeting.
[SPEAKER_Ross] Oh, I uh, just came by to pick up my skull. Well, not mine, but...","[SPEAKER_Susan] No, she's at a faculty meeting.
[SPEAKER_Ross] Oh, I uh, just came by to pick up my skull. Well, not mine, but...",neutral,4,4,neutral,True,0.023762424,0.0075671826,0.08242075,0.04674487,0.76803917,0.057738964,0.013726665
270,3,Susan,Come in.,neutral,"[SPEAKER_Ross] Oh, I uh, just came by to pick up my skull. Well, not mine, but...
[SPEAKER_Susan] Come in.","[SPEAKER_Ross] Oh, I uh, just came by to pick up my skull. Well, not mine, but...
[SPEAKER_Susan] Come in.",neutral,4,4,neutral,True,0.006627143,0.0019069413,0.0009119246,0.008289528,0.9795329,0.001626225,0.0011054347
270,4,Ross,"Thanks. Yeah, Carol borrowed it for a class, and I have to get it back to the museum.",neutral,"[SPEAKER_Susan] Come in.
[SPEAKER_Ross] Thanks. Yeah, Carol borrowed it for a class, and I have to get it back to the museum.","[SPEAKER_Susan] Come in.
[SPEAKER_Ross] Thanks. Yeah, Carol borrowed it for a class, and I have to get it back to the museum.",neutral,4,4,neutral,True,0.007482235,0.0014906449,0.0021940083,0.040354453,0.94293374,0.003991837,0.001553127
270,5,Susan,What's it look like?,neutral,"[SPEAKER_Ross] Thanks. Yeah, Carol borrowed it for a class, and I have to get it back to the museum.
[SPEAKER_Susan] What's it look like?","[SPEAKER_Ross] Thanks. Yeah, Carol borrowed it for a class, and I have to get it back to the museum.
[SPEAKER_Susan] What's it look like?",neutral,4,4,neutral,True,0.018490745,0.0042715007,0.01182263,0.023288192,0.6270553,0.011099873,0.30397177
270,6,Ross,Kinda like a big face without skin.,neutral,"[SPEAKER_Susan] What's it look like?
[SPEAKER_Ross] Kinda like a big face without skin.","[SPEAKER_Susan] What's it look like?
[SPEAKER_Ross] Kinda like a big face without skin.",neutral,4,4,neutral,True,0.010445292,0.01900665,0.011935851,0.023244768,0.882638,0.013060271,0.0396693
270,7,Susan,"Yes, I'm familiar with the concept. We can just look for it.",neutral,"[SPEAKER_Ross] Kinda like a big face without skin.
[SPEAKER_Susan] Yes, I'm familiar with the concept. We can just look for it.","[SPEAKER_Ross] Kinda like a big face without skin.
[SPEAKER_Susan] Yes, I'm familiar with the concept. We can just look for it.",neutral,4,4,neutral,True,0.0037506619,0.0016906194,0.0012737858,0.0057292627,0.9844059,0.0014437065,0.0017061263
270,8,Ross,"Ok.  Wow, you guys sure have a lot of books about bein' a lesbian.",surprise,"[SPEAKER_Susan] Yes, I'm familiar with the concept. We can just look for it.
[SPEAKER_Ross] Ok.  Wow, you guys sure have a lot of books about bein' a lesbian.","[SPEAKER_Susan] Yes, I'm familiar with the concept. We can just look for it.
[SPEAKER_Ross] Ok.  Wow, you guys sure have a lot of books about bein' a lesbian.",surprise,6,6,surprise,True,0.017612658,0.017957171,0.008127104,0.05635532,0.048336416,0.015299173,0.83631206
270,9,Susan,"Well, you know, you have to take a course. Otherwise, they don't let you do it.",neutral,"[SPEAKER_Ross] Ok.  Wow, you guys sure have a lot of books about bein' a lesbian.
[SPEAKER_Susan] Well, you know, you have to take a course. Otherwise, they don't let you do it.","[SPEAKER_Ross] Ok.  Wow, you guys sure have a lot of books about bein' a lesbian.
[SPEAKER_Susan] Well, you know, you have to take a course. Otherwise, they don't let you do it.",neutral,4,4,neutral,True,0.01852158,0.0055557443,0.0053423974,0.030564953,0.9324054,0.006038268,0.001571612
270,10,Ross,"Hey, hey, Yertle the Turtle. A classic.",joy,"[SPEAKER_Susan] Well, you know, you have to take a course. Otherwise, they don't let you do it.
[SPEAKER_Ross] Hey, hey, Yertle the Turtle. A classic.","[SPEAKER_Susan] Well, you know, you have to take a course. Otherwise, they don't let you do it.
[SPEAKER_Ross] Hey, hey, Yertle the Turtle. A classic.",joy,3,3,joy,True,0.021308659,0.004260165,0.0026227152,0.60379773,0.33676362,0.0069083422,0.02433874
270,11,Susan,"Actually, I'm reading it to the baby.",neutral,"[SPEAKER_Ross] Hey, hey, Yertle the Turtle. A classic.
[SPEAKER_Susan] Actually, I'm reading it to the baby.","[SPEAKER_Ross] Hey, hey, Yertle the Turtle. A classic.
[SPEAKER_Susan] Actually, I'm reading it to the baby.",neutral,4,4,neutral,True,0.010675953,0.004362165,0.002900806,0.07682527,0.8867125,0.0066597844,0.011863594
270,12,Ross,"The uh, the baby that hasn't been born yet? Wouldn't that mean you're... crazy?",surprise,"[SPEAKER_Susan] Actually, I'm reading it to the baby.
[SPEAKER_Ross] The uh, the baby that hasn't been born yet? Wouldn't that mean you're... crazy?","[SPEAKER_Susan] Actually, I'm reading it to the baby.
[SPEAKER_Ross] The uh, the baby that hasn't been born yet? Wouldn't that mean you're... crazy?",surprise,6,6,surprise,True,0.09513207,0.015252524,0.22750156,0.039728604,0.15255637,0.08531116,0.3845178
270,13,Susan,"What, you don't think they can hear sounds in there?",joy,"[SPEAKER_Ross] The uh, the baby that hasn't been born yet? Wouldn't that mean you're... crazy?
[SPEAKER_Susan] What, you don't think they can hear sounds in there?","[SPEAKER_Ross] The uh, the baby that hasn't been born yet? Wouldn't that mean you're... crazy?
[SPEAKER_Susan] What, you don't think they can hear sounds in there?",joy,3,6,surprise,False,0.023800362,0.003984556,0.024705399,0.01820511,0.35632515,0.014073522,0.55890596
270,14,Ross,"You're not serious, I mean, you really... you really talk to it?",surprise,"[SPEAKER_Susan] What, you don't think they can hear sounds in there?
[SPEAKER_Ross] You're not serious, I mean, you really... you really talk to it?","[SPEAKER_Susan] What, you don't think they can hear sounds in there?
[SPEAKER_Ross] You're not serious, I mean, you really... you really talk to it?",surprise,6,6,surprise,True,0.04298002,0.004050345,0.029827705,0.01680871,0.20272213,0.020159218,0.6834518
271,1,Chandler,Put Joey on the phone.,neutral,"[SPEAKER_Monica] I have no idea what you just said.
[SPEAKER_Chandler] Put Joey on the phone.","[SPEAKER_Monica] I have no idea what you just said.
[SPEAKER_Chandler] Put Joey on the phone.",neutral,4,4,neutral,True,0.014851312,0.0031155257,0.0015656617,0.0065668225,0.9670516,0.0043277936,0.002521312
271,2,Joey,What's up man?,neutral,"[SPEAKER_Chandler] Put Joey on the phone.
[SPEAKER_Joey] What's up man?","[SPEAKER_Chandler] Put Joey on the phone.
[SPEAKER_Joey] What's up man?",neutral,4,4,neutral,True,0.009908998,0.0015332375,0.001300144,0.018660909,0.95878273,0.002124533,0.007689399
271,3,Chandler,I'm trppd... in an ATM vstbl... wth,fear,"[SPEAKER_Joey] What's up man?
[SPEAKER_Chandler] I'm trppd... in an ATM vstbl... wth","[SPEAKER_Joey] What's up man?
[SPEAKER_Chandler] I'm trppd... in an ATM vstbl... wth",fear,2,4,neutral,False,0.008976629,0.001960574,0.0015055125,0.010996015,0.9711939,0.00231874,0.0030486034
271,4,Joey,"Oh my God! He's trapped in an ATM vestibule with Jill Goodacre!  Chandler, listen.",surprise,"[SPEAKER_Chandler] I'm trppd... in an ATM vstbl... wth
[SPEAKER_Joey] Oh my God! He's trapped in an ATM vestibule with Jill Goodacre!  Chandler, listen.","[SPEAKER_Chandler] I'm trppd... in an ATM vstbl... wth
[SPEAKER_Joey] Oh my God! He's trapped in an ATM vestibule with Jill Goodacre!  Chandler, listen.",surprise,6,6,surprise,True,0.011417595,0.004645583,0.0069564027,0.014273947,0.03943385,0.009456364,0.9138162
271,5,Chandler,"Yeah, like that thought never entered my mind.",neutral,"[SPEAKER_Joey] Oh my God! He's trapped in an ATM vestibule with Jill Goodacre!  Chandler, listen.
[SPEAKER_Chandler] Yeah, like that thought never entered my mind.","[SPEAKER_Joey] Oh my God! He's trapped in an ATM vestibule with Jill Goodacre!  Chandler, listen.
[SPEAKER_Chandler] Yeah, like that thought never entered my mind.",neutral,4,4,neutral,True,0.05997407,0.014862785,0.0148869855,0.09205301,0.7719114,0.026390996,0.019920846
272,1,Emily,The caterer rang and said it was going to be Chicken Kiev instead of Chicken Tarragon.,neutral,"[SPEAKER_Emily] and that was all before 10 o’clock.
[SPEAKER_Emily] The caterer rang and said it was going to be Chicken Kiev instead of Chicken Tarragon.","[SPEAKER_Emily] and that was all before 10 o’clock.
[SPEAKER_Emily] The caterer rang and said it was going to be Chicken Kiev instead of Chicken Tarragon.",neutral,4,4,neutral,True,0.0034761427,0.0024988896,0.0020510445,0.020948203,0.9624588,0.0073258346,0.0012411044
272,2,Emily,And then the florist phoned to say there aren’t any tulips.,neutral,"[SPEAKER_Emily] The caterer rang and said it was going to be Chicken Kiev instead of Chicken Tarragon.
[SPEAKER_Emily] And then the florist phoned to say there aren’t any tulips.","[SPEAKER_Emily] The caterer rang and said it was going to be Chicken Kiev instead of Chicken Tarragon.
[SPEAKER_Emily] And then the florist phoned to say there aren’t any tulips.",neutral,4,4,neutral,True,0.004559029,0.0020696619,0.0020462382,0.020414902,0.96368223,0.004470035,0.0027578983
272,3,Emily,"Oh, and the chilliest has carpel-tunel syndrome.",neutral,"[SPEAKER_Emily] And then the florist phoned to say there aren’t any tulips.
[SPEAKER_Emily] Oh, and the chilliest has carpel-tunel syndrome.","[SPEAKER_Emily] And then the florist phoned to say there aren’t any tulips.
[SPEAKER_Emily] Oh, and the chilliest has carpel-tunel syndrome.",neutral,4,4,neutral,True,0.04283091,0.10592945,0.053236403,0.15300311,0.38463107,0.21632457,0.044044495
272,4,Ross,"Whoa-whoa-whoa! Emily,  honey, okay?",surprise,"[SPEAKER_Emily] Oh, and the chilliest has carpel-tunel syndrome.
[SPEAKER_Ross] Whoa-whoa-whoa! Emily,  honey, okay?","[SPEAKER_Emily] Oh, and the chilliest has carpel-tunel syndrome.
[SPEAKER_Ross] Whoa-whoa-whoa! Emily,  honey, okay?",surprise,6,6,surprise,True,0.008526091,0.0027371375,0.0071336506,0.029321235,0.014690486,0.0070530493,0.93053836
272,5,Emily,"Well, up yours too!",anger,"[SPEAKER_Ross] Whoa-whoa-whoa! Emily,  honey, okay?
[SPEAKER_Emily] Well, up yours too!","[SPEAKER_Ross] Whoa-whoa-whoa! Emily,  honey, okay?
[SPEAKER_Emily] Well, up yours too!",anger,0,3,joy,False,0.04572789,0.0017196886,0.0020575896,0.86921215,0.053380083,0.0046086544,0.023293959
273,1,Joey,"Ah, he can’t make it, he said he had to his...  Whoa-oh!",surprise,"[SPEAKER_Phoebe] Where’s Chandler?
[SPEAKER_Joey] Ah, he can’t make it, he said he had to his...  Whoa-oh!","[SPEAKER_Phoebe] Where’s Chandler?
[SPEAKER_Joey] Ah, he can’t make it, he said he had to his...  Whoa-oh!",surprise,6,6,surprise,True,0.027059888,0.010989119,0.18575309,0.074241094,0.070702,0.14950027,0.4817545
273,2,Ginger,Joey? Joey Tribbiani?,neutral,"[SPEAKER_Joey] Ah, he can’t make it, he said he had to his...  Whoa-oh!
[SPEAKER_Ginger] Joey? Joey Tribbiani?","[SPEAKER_Joey] Ah, he can’t make it, he said he had to his...  Whoa-oh!
[SPEAKER_Ginger] Joey? Joey Tribbiani?",neutral,4,6,surprise,False,0.02579832,0.0017976955,0.011017999,0.010322865,0.45012698,0.010757129,0.49017897
273,3,Ginger,Joey I can see you okay? You’re hiding behind the coats.,neutral,"[SPEAKER_Ginger] Joey? Joey Tribbiani?
[SPEAKER_Ginger] Joey I can see you okay? You’re hiding behind the coats.","[SPEAKER_Ginger] Joey? Joey Tribbiani?
[SPEAKER_Ginger] Joey I can see you okay? You’re hiding behind the coats.",neutral,4,4,neutral,True,0.018275151,0.003380268,0.010190305,0.03170266,0.8419551,0.0072954763,0.08720096
274,1,Monica,"Well, if you don’t have anything to copy, why are you going down there?",neutral,"[SPEAKER_Chandler] Okay listen, just give me anything I can make two of.
[SPEAKER_Monica] Well, if you don’t have anything to copy, why are you going down there?","[SPEAKER_Chandler] Okay listen, just give me anything I can make two of.
[SPEAKER_Monica] Well, if you don’t have anything to copy, why are you going down there?",neutral,4,4,neutral,True,0.09944665,0.0044972016,0.007027598,0.027418049,0.758867,0.010104369,0.09263912
274,2,Joey,"Yeah, are you just going down there to gawk at that hot girl with the belly button ring again?",anger,"[SPEAKER_Monica] Well, if you don’t have anything to copy, why are you going down there?
[SPEAKER_Joey] Yeah, are you just going down there to gawk at that hot girl with the belly button ring again?","[SPEAKER_Monica] Well, if you don’t have anything to copy, why are you going down there?
[SPEAKER_Joey] Yeah, are you just going down there to gawk at that hot girl with the belly button ring again?",anger,0,6,surprise,False,0.028028673,0.009790222,0.0047396743,0.015248662,0.08560779,0.009101646,0.8474833
274,3,Chandler,Yeah! You wanna come?,joy,"[SPEAKER_Joey] Yeah, are you just going down there to gawk at that hot girl with the belly button ring again?
[SPEAKER_Chandler] Yeah! You wanna come?","[SPEAKER_Joey] Yeah, are you just going down there to gawk at that hot girl with the belly button ring again?
[SPEAKER_Chandler] Yeah! You wanna come?",joy,3,4,neutral,False,0.032141827,0.0031307056,0.006258178,0.33490488,0.39225608,0.00864249,0.22266583
274,4,Joey,Yeah!,joy,"[SPEAKER_Chandler] Yeah! You wanna come?
[SPEAKER_Joey] Yeah!","[SPEAKER_Chandler] Yeah! You wanna come?
[SPEAKER_Joey] Yeah!",joy,3,3,joy,True,0.025600713,0.0020223965,0.0025598006,0.8665222,0.07260167,0.0050190617,0.025674177
275,1,Joey,Fine.,neutral,"[SPEAKER_Ross] Fine.
[SPEAKER_Joey] Fine.","[SPEAKER_Ross] Fine.
[SPEAKER_Joey] Fine.",neutral,4,0,anger,False,0.48007667,0.091545425,0.03974193,0.021478057,0.30321836,0.058058098,0.005881441
275,2,Rachel,Fine.,neutral,"[SPEAKER_Joey] Fine.
[SPEAKER_Rachel] Fine.","[SPEAKER_Joey] Fine.
[SPEAKER_Rachel] Fine.",neutral,4,0,anger,False,0.49536207,0.09205518,0.04090336,0.018195571,0.29378897,0.05417572,0.0055191373
275,3,Monica,All right. We're gonna go.  It's not for another six hours. We're gonna go then.,neutral,"[SPEAKER_Rachel] Fine.
[SPEAKER_Monica] All right. We're gonna go.  It's not for another six hours. We're gonna go then.","[SPEAKER_Rachel] Fine.
[SPEAKER_Monica] All right. We're gonna go.  It's not for another six hours. We're gonna go then.",neutral,4,4,neutral,True,0.0047410675,0.0030601625,0.0018975384,0.01469821,0.9719572,0.0032037764,0.00044198876
278,1,Phoebe,Oh Willie’s still alive!,surprise,"[SPEAKER_Chandler] Someone on the subway licked my neck! Licked my neck!!
[SPEAKER_Phoebe] Oh Willie’s still alive!","[SPEAKER_Chandler] Someone on the subway licked my neck! Licked my neck!!
[SPEAKER_Phoebe] Oh Willie’s still alive!",surprise,6,6,surprise,True,0.06999346,0.028623601,0.024203373,0.21041797,0.14986451,0.04002623,0.47687083
278,2,Chandler,What are you guys doing?,neutral,"[SPEAKER_Phoebe] Oh Willie’s still alive!
[SPEAKER_Chandler] What are you guys doing?","[SPEAKER_Phoebe] Oh Willie’s still alive!
[SPEAKER_Chandler] What are you guys doing?",neutral,4,4,neutral,True,0.019745756,0.0019758753,0.006756372,0.013679658,0.74841416,0.0055155447,0.20391263
278,3,Monica,"Oh, my mom called, they’re gonna run our engagement announcement in the local paper, so we’re looking for a good picture of us.",joy,"[SPEAKER_Chandler] What are you guys doing?
[SPEAKER_Monica] Oh, my mom called, they’re gonna run our engagement announcement in the local paper, so we’re looking for a good picture of us.","[SPEAKER_Chandler] What are you guys doing?
[SPEAKER_Monica] Oh, my mom called, they’re gonna run our engagement announcement in the local paper, so we’re looking for a good picture of us.",joy,3,4,neutral,False,0.008342174,0.0026366718,0.0015716016,0.31183407,0.6679692,0.0041515194,0.0034947318
278,4,Chandler,"Oooh, I’m afraid that does not exist.",neutral,"[SPEAKER_Monica] Oh, my mom called, they’re gonna run our engagement announcement in the local paper, so we’re looking for a good picture of us.
[SPEAKER_Chandler] Oooh, I’m afraid that does not exist.","[SPEAKER_Monica] Oh, my mom called, they’re gonna run our engagement announcement in the local paper, so we’re looking for a good picture of us.
[SPEAKER_Chandler] Oooh, I’m afraid that does not exist.",neutral,4,4,neutral,True,0.015904466,0.0034838775,0.008622088,0.3432924,0.5922304,0.009319824,0.02714691
278,5,Monica,"That’s not true, there are great pictures of us!",surprise,"[SPEAKER_Chandler] Oooh, I’m afraid that does not exist.
[SPEAKER_Monica] That’s not true, there are great pictures of us!","[SPEAKER_Chandler] Oooh, I’m afraid that does not exist.
[SPEAKER_Monica] That’s not true, there are great pictures of us!",surprise,6,6,surprise,True,0.07800699,0.024496237,0.018230412,0.07405024,0.06422796,0.03562433,0.7053638
278,6,Chandler,"No, there are great pictures of you standing next to a guy who’s going like this",neutral,"[SPEAKER_Monica] That’s not true, there are great pictures of us!
[SPEAKER_Chandler] No, there are great pictures of you standing next to a guy who’s going like this","[SPEAKER_Monica] That’s not true, there are great pictures of us!
[SPEAKER_Chandler] No, there are great pictures of you standing next to a guy who’s going like this",neutral,4,3,joy,False,0.024525568,0.012691821,0.0031406998,0.52741367,0.39402628,0.007114576,0.031087471
278,7,Phoebe,Oh my God! That’s the creep that you’re with at the,surprise,"[SPEAKER_Chandler] No, there are great pictures of you standing next to a guy who’s going like this
[SPEAKER_Phoebe] Oh my God! That’s the creep that you’re with at the","[SPEAKER_Chandler] No, there are great pictures of you standing next to a guy who’s going like this
[SPEAKER_Phoebe] Oh my God! That’s the creep that you’re with at the",surprise,6,6,surprise,True,0.052982476,0.28503382,0.041627485,0.044158123,0.043600928,0.14801699,0.38458014
278,8,Chandler,"I don’t know what it is, I just can’t take a good picture.",sadness,"[SPEAKER_Phoebe] Oh my God! That’s the creep that you’re with at the
[SPEAKER_Chandler] I don’t know what it is, I just can’t take a good picture.","[SPEAKER_Phoebe] Oh my God! That’s the creep that you’re with at the
[SPEAKER_Chandler] I don’t know what it is, I just can’t take a good picture.",sadness,5,2,fear,False,0.0866645,0.020356221,0.36712712,0.06079851,0.14021775,0.3014662,0.023369648
278,9,Monica,"Oh, here’s a great one.",joy,"[SPEAKER_Chandler] I don’t know what it is, I just can’t take a good picture.
[SPEAKER_Monica] Oh, here’s a great one.","[SPEAKER_Chandler] I don’t know what it is, I just can’t take a good picture.
[SPEAKER_Monica] Oh, here’s a great one.",joy,3,3,joy,True,0.016771864,0.0030395666,0.0025951245,0.867194,0.093763076,0.007064273,0.0095721
278,10,Chandler,"Yeah, I’m not in that.",neutral,"[SPEAKER_Monica] Oh, here’s a great one.
[SPEAKER_Chandler] Yeah, I’m not in that.","[SPEAKER_Monica] Oh, here’s a great one.
[SPEAKER_Chandler] Yeah, I’m not in that.",neutral,4,4,neutral,True,0.009432213,0.0032782508,0.0018088756,0.016138501,0.9622349,0.0056865057,0.0014206885
278,11,Monica,"I know, but look at me: all tan.",joy,"[SPEAKER_Chandler] Yeah, I’m not in that.
[SPEAKER_Monica] I know, but look at me: all tan.","[SPEAKER_Chandler] Yeah, I’m not in that.
[SPEAKER_Monica] I know, but look at me: all tan.",joy,3,4,neutral,False,0.0068916227,0.008046956,0.006835886,0.02166331,0.9367049,0.0076055797,0.012251773
278,12,Phoebe,"Hey, why don’t you guys go get portraits done by a professional photographer.",neutral,"[SPEAKER_Monica] I know, but look at me: all tan.
[SPEAKER_Phoebe] Hey, why don’t you guys go get portraits done by a professional photographer.","[SPEAKER_Monica] I know, but look at me: all tan.
[SPEAKER_Phoebe] Hey, why don’t you guys go get portraits done by a professional photographer.",neutral,4,4,neutral,True,0.0034702145,0.002470404,0.0011727867,0.015632482,0.974883,0.0017326921,0.0006384016
278,13,Monica,That’s a good idea! I bet they have one of those wind machines! Y’know,joy,"[SPEAKER_Phoebe] Hey, why don’t you guys go get portraits done by a professional photographer.
[SPEAKER_Monica] That’s a good idea! I bet they have one of those wind machines! Y’know","[SPEAKER_Phoebe] Hey, why don’t you guys go get portraits done by a professional photographer.
[SPEAKER_Monica] That’s a good idea! I bet they have one of those wind machines! Y’know",joy,3,3,joy,True,0.013756938,0.0018393458,0.0013424217,0.49109226,0.48560575,0.0028695052,0.0034937102
278,14,Phoebe,"Yeah that’s great! Next to that, Chandler won’t look so stupid.",neutral,"[SPEAKER_Monica] That’s a good idea! I bet they have one of those wind machines! Y’know
[SPEAKER_Phoebe] Yeah that’s great! Next to that, Chandler won’t look so stupid.","[SPEAKER_Monica] That’s a good idea! I bet they have one of those wind machines! Y’know
[SPEAKER_Phoebe] Yeah that’s great! Next to that, Chandler won’t look so stupid.",neutral,4,3,joy,False,0.11870837,0.013984839,0.010734803,0.6625408,0.16601688,0.013089965,0.01492438
278,15,Monica,Chandler what do you say?,neutral,"[SPEAKER_Phoebe] Yeah that’s great! Next to that, Chandler won’t look so stupid.
[SPEAKER_Monica] Chandler what do you say?","[SPEAKER_Phoebe] Yeah that’s great! Next to that, Chandler won’t look so stupid.
[SPEAKER_Monica] Chandler what do you say?",neutral,4,4,neutral,True,0.023371954,0.0021873552,0.009199511,0.027150124,0.84492195,0.008891376,0.08427781
278,16,Chandler,"All right, but I should warn you, I’m not going. I’m going.",neutral,"[SPEAKER_Monica] Chandler what do you say?
[SPEAKER_Chandler] All right, but I should warn you, I’m not going. I’m going.","[SPEAKER_Monica] Chandler what do you say?
[SPEAKER_Chandler] All right, but I should warn you, I’m not going. I’m going.",neutral,4,4,neutral,True,0.05917196,0.011750104,0.081067905,0.059179552,0.7587274,0.02635372,0.0037494504
279,1,Rachel,No! They are mine!,anger,"[SPEAKER_Monica] Gimme them!
[SPEAKER_Rachel] No! They are mine!","[SPEAKER_Monica] Gimme them!
[SPEAKER_Rachel] No! They are mine!",anger,0,0,anger,True,0.6661992,0.014797813,0.028714241,0.10223069,0.056535818,0.02404152,0.10748074
279,2,Monica,You stole them from me!,anger,"[SPEAKER_Rachel] No! They are mine!
[SPEAKER_Monica] You stole them from me!","[SPEAKER_Rachel] No! They are mine!
[SPEAKER_Monica] You stole them from me!",anger,0,0,anger,True,0.8228626,0.015855137,0.004489435,0.0139069045,0.015325581,0.016998434,0.11056189
279,3,Rachel,You stole them from me!!,anger,"[SPEAKER_Monica] You stole them from me!
[SPEAKER_Rachel] You stole them from me!!","[SPEAKER_Monica] You stole them from me!
[SPEAKER_Rachel] You stole them from me!!",anger,0,0,anger,True,0.8757846,0.011970333,0.0062527573,0.013166764,0.010187026,0.01250183,0.07013673
279,4,Monica,Gimme them!,anger,"[SPEAKER_Rachel] You stole them from me!!
[SPEAKER_Monica] Gimme them!","[SPEAKER_Rachel] You stole them from me!!
[SPEAKER_Monica] Gimme them!",anger,0,3,joy,False,0.26393485,0.0060236747,0.0064976164,0.45038763,0.22354922,0.00922343,0.040383536
279,5,Monica,You just wanna each take one?,neutral,"[SPEAKER_Monica] Gimme them!
[SPEAKER_Monica] You just wanna each take one?","[SPEAKER_Monica] Gimme them!
[SPEAKER_Monica] You just wanna each take one?",neutral,4,4,neutral,True,0.01698897,0.0014014657,0.0019610508,0.015999587,0.95046306,0.0025486078,0.0106373085
279,6,Rachel,Yeah that seems fair. We never use them.,neutral,"[SPEAKER_Monica] You just wanna each take one?
[SPEAKER_Rachel] Yeah that seems fair. We never use them.","[SPEAKER_Monica] You just wanna each take one?
[SPEAKER_Rachel] Yeah that seems fair. We never use them.",neutral,4,4,neutral,True,0.069867335,0.012678718,0.004502753,0.076685764,0.8038432,0.028817007,0.0036052337
279,7,Ross,"Look, I really need some help, okay? Why? Why did I have to speak in a British accent?! What do I do?",anger,"[SPEAKER_Rachel] Yeah that seems fair. We never use them.
[SPEAKER_Ross] Look, I really need some help, okay? Why? Why did I have to speak in a British accent?! What do I do?","[SPEAKER_Rachel] Yeah that seems fair. We never use them.
[SPEAKER_Ross] Look, I really need some help, okay? Why? Why did I have to speak in a British accent?! What do I do?",anger,0,0,anger,True,0.27948186,0.00860127,0.16323829,0.06567328,0.23779348,0.101312056,0.14389978
279,8,Rachel,Well,neutral,"[SPEAKER_Ross] Look, I really need some help, okay? Why? Why did I have to speak in a British accent?! What do I do?
[SPEAKER_Rachel] Well","[SPEAKER_Ross] Look, I really need some help, okay? Why? Why did I have to speak in a British accent?! What do I do?
[SPEAKER_Rachel] Well",neutral,4,4,neutral,True,0.016290996,0.00083652657,0.0024329145,0.018837005,0.9496077,0.0035524587,0.008442417
279,9,Monica,Why don’t you phase it out?,neutral,"[SPEAKER_Rachel] Well
[SPEAKER_Monica] Why don’t you phase it out?","[SPEAKER_Rachel] Well
[SPEAKER_Monica] Why don’t you phase it out?",neutral,4,4,neutral,True,0.006537573,0.0014106486,0.0019710495,0.013788393,0.9723938,0.0016772305,0.002221309
279,10,Monica,"Yeah, fade the accent out and people will think you’re, y’know, that you’re adjusting to life in America.",anger,"[SPEAKER_Monica] Why don’t you phase it out?
[SPEAKER_Monica] Yeah, fade the accent out and people will think you’re, y’know, that you’re adjusting to life in America.","[SPEAKER_Monica] Why don’t you phase it out?
[SPEAKER_Monica] Yeah, fade the accent out and people will think you’re, y’know, that you’re adjusting to life in America.",anger,0,4,neutral,False,0.020089775,0.006574058,0.0024258157,0.06618546,0.8988415,0.0039541614,0.0019292098
279,11,Rachel,"Yeah, I mean, come on Ross, no one will even notice. I mean they’re probably not even listening!",neutral,"[SPEAKER_Monica] Yeah, fade the accent out and people will think you’re, y’know, that you’re adjusting to life in America.
[SPEAKER_Rachel] Yeah, I mean, come on Ross, no one will even notice. I mean they’re probably not even listening!","[SPEAKER_Monica] Yeah, fade the accent out and people will think you’re, y’know, that you’re adjusting to life in America.
[SPEAKER_Rachel] Yeah, I mean, come on Ross, no one will even notice. I mean they’re probably not even listening!",neutral,4,0,anger,False,0.56340563,0.022591311,0.039531916,0.06137729,0.13047883,0.104976535,0.07763846
279,12,Ross,They’re not listening too me?,surprise,"[SPEAKER_Rachel] Yeah, I mean, come on Ross, no one will even notice. I mean they’re probably not even listening!
[SPEAKER_Ross] They’re not listening too me?","[SPEAKER_Rachel] Yeah, I mean, come on Ross, no one will even notice. I mean they’re probably not even listening!
[SPEAKER_Ross] They’re not listening too me?",surprise,6,6,surprise,True,0.074163,0.0048044263,0.011559945,0.0070746243,0.06434451,0.016130995,0.8219225
279,13,Rachel,Of course they’re listening to you! Everybody listens to you.,neutral,"[SPEAKER_Ross] They’re not listening too me?
[SPEAKER_Rachel] Of course they’re listening to you! Everybody listens to you.","[SPEAKER_Ross] They’re not listening too me?
[SPEAKER_Rachel] Of course they’re listening to you! Everybody listens to you.",neutral,4,4,neutral,True,0.25456724,0.014528725,0.009593021,0.29785156,0.39061832,0.017309707,0.015531441
279,14,Ross,Monica you really think I should try this phasing out thing?,neutral,"[SPEAKER_Rachel] Of course they’re listening to you! Everybody listens to you.
[SPEAKER_Ross] Monica you really think I should try this phasing out thing?","[SPEAKER_Rachel] Of course they’re listening to you! Everybody listens to you.
[SPEAKER_Ross] Monica you really think I should try this phasing out thing?",neutral,4,4,neutral,True,0.20340984,0.01161898,0.064961016,0.11640653,0.45675853,0.03866814,0.10817697
279,15,Monica,I think you look fine.,neutral,"[SPEAKER_Ross] Monica you really think I should try this phasing out thing?
[SPEAKER_Monica] I think you look fine.","[SPEAKER_Ross] Monica you really think I should try this phasing out thing?
[SPEAKER_Monica] I think you look fine.",neutral,4,4,neutral,True,0.009319107,0.003136988,0.0039749127,0.017811334,0.9563137,0.008016763,0.0014272295
