Sr No.,text,speaker,emotion,Sentiment,dialogue_id,utterance_id,Season,Episode,StartTime,EndTime,model_text,true_emotion,label_id,predicted_id,predicted_emotion,correct,prob_anger,prob_disgust,prob_fear,prob_joy,prob_neutral,prob_sadness,prob_surprise
1,Why do all you’re coffee mugs have numbers on the bottom?,Mark,surprise,positive,0,0,3,19,"00:14:38,127","00:14:40,378",Why do all you’re coffee mugs have numbers on the bottom?,surprise,6,4,neutral,False,0.02143145,0.0029470336,0.0035668819,0.0070367646,0.90118533,0.007453908,0.056378685
2,"Oh. That’s so Monica can keep track. That way if one on them is missing, she can be like, ‘Where’s number 27?!’",Rachel,anger,negative,0,1,3,19,"00:14:40,629","00:14:47,385","Oh. That’s so Monica can keep track. That way if one on them is missing, she can be like, ‘Where’s number 27?!’",anger,0,0,anger,True,0.25850114,0.018854894,0.04708946,0.08503701,0.13445245,0.24608906,0.20997599
3,Y'know what?,Rachel,neutral,neutral,0,2,3,19,"00:14:56,353","00:14:57,520",Y'know what?,neutral,4,4,neutral,True,0.034802813,0.0021406636,0.0026640124,0.021596752,0.92803955,0.0061211716,0.0046350034
19,"Come on, Lydia, you can do it.",Joey,neutral,neutral,1,0,1,23,"0:10:44,769","0:10:46,146","Come on, Lydia, you can do it.",neutral,4,4,neutral,True,0.04954507,0.006431153,0.021651672,0.13421255,0.7575727,0.02923576,0.0013510577
20,Push!,Joey,joy,positive,1,1,1,23,"0:10:46,146","0:10:46,833",Push!,joy,3,0,anger,False,0.4385713,0.033938736,0.23300356,0.15623318,0.05105132,0.048024688,0.03917716
21,"Push 'em out, push 'em out, harder, harder.",Joey,joy,positive,1,2,1,23,"00:10:46,979","00:10:50,148","Push 'em out, push 'em out, harder, harder.",joy,3,3,joy,True,0.29699194,0.026904056,0.16484116,0.3301334,0.09518578,0.06753944,0.018404199
22,"Push 'em out, push 'em out, way out!",Joey,joy,positive,1,3,1,23,"00:10:50,316","00:10:52,609","Push 'em out, push 'em out, way out!",joy,3,2,fear,False,0.3386567,0.023019198,0.34834585,0.122272015,0.041744094,0.07286929,0.05309285
23,"Let's get that ball and really move, hey, hey, ho, ho.",Joey,joy,positive,1,4,1,23,"00:10:52,777","00:10:55,612","Let's get that ball and really move, hey, hey, ho, ho.",joy,3,3,joy,True,0.04767574,0.0030323458,0.0024453518,0.8655816,0.070491076,0.0059253415,0.004848501
24,"Let's—  I was just—yeah, right.",Joey,joy,positive,1,5,1,23,"00:10:55,780","00:11:01,242","Let's—  I was just—yeah, right.",joy,3,4,neutral,False,0.015123074,0.0026036808,0.006373397,0.103835836,0.8472491,0.02332653,0.0014884204
25,Push!,Joey,joy,positive,1,6,1,23,"0:11:01,410","0:11:01,828",Push!,joy,3,0,anger,False,0.4385713,0.033938736,0.23300356,0.15623318,0.05105132,0.048024688,0.03917716
26,Push!,Joey,joy,positive,1,7,1,23,"0:11:01,828","0:11:03,774",Push!,joy,3,0,anger,False,0.4385713,0.033938736,0.23300356,0.15623318,0.05105132,0.048024688,0.03917716
27,Okay.,Ross,neutral,neutral,2,0,5,16,"00:07:26,446","00:07:27,487",Okay.,neutral,4,4,neutral,True,0.007576495,0.0018695078,0.0009824757,0.04457578,0.94050366,0.0039436813,0.00054840284
28,"Ross, didn't you say that there was an elevator in here?",Rachel,neutral,neutral,2,1,5,16,"00:07:27,655","00:07:30,574","Ross, didn't you say that there was an elevator in here?",neutral,4,4,neutral,True,0.051385075,0.0035871505,0.016083019,0.0154226795,0.46848133,0.01897657,0.42606425
29,"Uhh, yes I did but there isn't. Okay, here we go.",Ross,sadness,negative,2,2,5,16,"00:07:30,741","00:07:34,119","Uhh, yes I did but there isn't. Okay, here we go.",sadness,5,4,neutral,False,0.017248072,0.0058181407,0.08214448,0.082070336,0.7234747,0.084914654,0.0043296684
30,"Okay, go left. Left! Left!",Ross,surprise,negative,2,3,5,16,"00:07:35,413","00:07:37,205","Okay, go left. Left! Left!",surprise,6,0,anger,False,0.6069252,0.016631542,0.031371973,0.18720011,0.11838675,0.025716351,0.013768099
31,"Okay, y'know what? There is no more left, left!",Rachel,anger,negative,2,4,5,16,"00:07:39,709","00:07:43,128","Okay, y'know what? There is no more left, left!",anger,0,0,anger,True,0.5808332,0.014811132,0.11911067,0.07887704,0.075420745,0.101276144,0.029671092
32,"Oh okay, lift it straight up over your head!",Ross,anger,negative,2,5,5,16,"00:07:43,963","00:07:46,047","Oh okay, lift it straight up over your head!",anger,0,3,joy,False,0.087482184,0.0041457736,0.0059707654,0.8018893,0.05599053,0.013951241,0.030570216
33,Straight up over your head!,Ross,anger,negative,2,6,5,16,"0:07:46,215","0:07:47,777",Straight up over your head!,anger,0,3,joy,False,0.21424684,0.019270072,0.003946406,0.68008024,0.03020684,0.0103238635,0.04192579
34,You can do it!,Ross,joy,positive,2,7,5,16,"0:07:47,777","0:07:48,648",You can do it!,joy,3,3,joy,True,0.042878613,0.0012335739,0.003050264,0.9018322,0.037416644,0.0066651786,0.006923475
35,You can do it!,Ross,joy,positive,2,8,5,16,"00:07:48,759","00:07:50,010",You can do it!,joy,3,3,joy,True,0.042878613,0.0012335739,0.003050264,0.9018322,0.037416644,0.0066651786,0.006923475
36,Okay.,Ross,neutral,neutral,2,9,5,16,"0:07:50,178","0:07:51,150",Okay.,neutral,4,4,neutral,True,0.0075764987,0.0018695078,0.0009824762,0.044575803,0.94050366,0.0039436836,0.0005484039
37,You got it?,Ross,neutral,neutral,2,10,5,16,"0:07:51,150","0:07:52,227",You got it?,neutral,4,4,neutral,True,0.0077180318,0.0010586386,0.004104314,0.03700589,0.93667465,0.009132208,0.00430629
38,"Oh, okay, I get it.",Steve,neutral,neutral,3,0,5,15,"00:05:59,776","00:06:01,777","Oh, okay, I get it.",neutral,4,4,neutral,True,0.0096576335,0.0024037445,0.0040642126,0.053784,0.917388,0.012041301,0.0006610827
39,"No wait, look. Look! I'm sorry, it's just I've never even",Ross,fear,negative,3,1,5,15,"00:06:02,153","00:06:06,823","No wait, look. Look! I'm sorry, it's just I've never even",fear,2,6,surprise,False,0.034831353,0.012983962,0.092930116,0.09161161,0.059784632,0.22302982,0.48482853
40,Howard's the,Steve,neutral,neutral,3,2,5,15,"00:06:09,660","00:06:12,329",Howard's the,neutral,4,4,neutral,True,0.006258223,0.00045974046,0.0006223922,0.00564828,0.97900736,0.00289884,0.0051051956
41,"Yes but too me he's just, man.",Ross,neutral,neutral,3,3,5,15,"00:06:13,414","00:06:17,250","Yes but too me he's just, man.",neutral,4,4,neutral,True,0.02910021,0.049552955,0.0061334213,0.08852274,0.7319786,0.087165356,0.007546655
42,"Okay, fine, whatever. Welcome to the building.",Steve,anger,negative,3,4,5,15,"00:06:17,919","00:06:23,590","Okay, fine, whatever. Welcome to the building.",anger,0,4,neutral,False,0.14763963,0.18008503,0.020720564,0.08098835,0.5178813,0.04861693,0.004068232
43,"Ugh, can you believe that guy!",Ross,disgust,negative,3,5,5,15,"00:06:26,177","00:06:28,178","Ugh, can you believe that guy!",disgust,1,6,surprise,False,0.12685995,0.14512584,0.013686433,0.02948601,0.011585786,0.023313828,0.64994216
44,Yeah. I really like his glasses.,Phoebe,neutral,neutral,3,6,5,15,"00:06:28,346","00:06:30,889",Yeah. I really like his glasses.,neutral,4,4,neutral,True,0.022614865,0.036929645,0.0031994982,0.23146854,0.68098456,0.021256143,0.0035467485
45,Ohh!,Phoebe,surprise,positive,4,0,4,14,"00:08:42,271","00:08:43,271",Ohh!,surprise,6,6,surprise,True,0.031519864,0.014826067,0.014810669,0.029083561,0.012982001,0.019101765,0.877676
46,What?,Monica,neutral,neutral,4,1,4,14,"0:08:43,439","0:08:43,951",What?,neutral,4,6,surprise,False,0.024754364,0.0033829666,0.010811306,0.007752994,0.2459513,0.009165474,0.69818157
47,It kicked! I think the baby kicked!,Phoebe,surprise,positive,4,2,4,14,"0:08:43,951","0:08:45,488",It kicked! I think the baby kicked!,surprise,6,6,surprise,True,0.061515354,0.0062822876,0.006280988,0.25111023,0.013130644,0.016499426,0.6451811
48,Oh my God!,Monica,surprise,positive,4,3,4,14,"00:08:45,608","00:08:46,900",Oh my God!,surprise,6,6,surprise,True,0.028203446,0.009207995,0.005735888,0.011976601,0.005631588,0.010738858,0.9285057
49,"Oh no wait, oh no, the elastic on my underwear busted.",Phoebe,neutral,neutral,4,4,4,14,"00:08:47,068","00:08:50,820","Oh no wait, oh no, the elastic on my underwear busted.",neutral,4,6,surprise,False,0.052708585,0.022368183,0.04721266,0.16189381,0.048324373,0.10546464,0.56202775
50,Oh my God! I overslept! I was supposed to be on the set a half an hour ago! I gotta get out of here!,Joey,fear,negative,4,5,4,14,"00:08:52,532","00:08:58,328",Oh my God! I overslept! I was supposed to be on the set a half an hour ago! I gotta get out of here!,fear,2,6,surprise,False,0.1477627,0.014906667,0.023276247,0.033128984,0.014474645,0.043044884,0.7234059
51,"Oh wait, Joey, you can’t go like that! You stink!",Monica,disgust,negative,4,6,4,14,"00:08:58,496","00:09:00,830","Oh wait, Joey, you can’t go like that! You stink!",disgust,1,6,surprise,False,0.15754154,0.15866254,0.1472523,0.06568871,0.022301642,0.22078624,0.22776692
52,"Look, I know I feel asleep before I could shower and now I don’t have time!",Joey,anger,negative,4,7,4,14,"00:09:00,998","00:09:03,750","Look, I know I feel asleep before I could shower and now I don’t have time!",anger,0,5,sadness,False,0.29492033,0.017712496,0.09981692,0.079652265,0.07910262,0.30132604,0.1274693
53,"They’re just ten blocks away, if I run, I can make it.",Joey,neutral,neutral,4,8,4,14,"00:09:03,918","00:09:06,419","They’re just ten blocks away, if I run, I can make it.",neutral,4,2,fear,False,0.12507746,0.019757977,0.4475983,0.12705211,0.19618237,0.07174859,0.012583193
54,You’re coming on to the entire room!  I’m Chandler.,Chandler,anger,negative,5,0,4,20,"00:14:37,960","00:14:50,179",You’re coming on to the entire room!  I’m Chandler.,anger,0,3,joy,False,0.04453162,0.0025715083,0.0032937673,0.7133865,0.1412207,0.011707769,0.08328819
55,Hi.,Chandler,neutral,neutral,5,1,4,20,"0:14:48,095","0:14:48,947",Hi.,neutral,4,4,neutral,True,0.0017985275,0.00042537056,0.00041535046,0.004251649,0.9911582,0.0015729588,0.00037794615
56,Hi.,Marjorie,neutral,neutral,5,2,4,20,"0:14:48,947","0:14:50,229",Hi.,neutral,4,4,neutral,True,0.0017985275,0.00042537056,0.00041535046,0.004251649,0.9911582,0.0015729588,0.00037794615
57,You mind if I,Chandler,neutral,neutral,5,3,4,20,"0:14:50,347","0:14:50,769",You mind if I,neutral,4,4,neutral,True,0.0066095064,0.0047938065,0.0029563021,0.012798532,0.9662428,0.0057914634,0.000807487
58,"No, please.",Marjorie,neutral,neutral,5,4,4,20,"0:14:50,769","0:14:52,353","No, please.",neutral,4,5,sadness,False,0.07868634,0.11401809,0.21711849,0.045176335,0.13475174,0.3995699,0.010679137
59,"So uh, what are you in for?",Chandler,neutral,neutral,5,5,4,20,"00:14:52,474","00:14:53,892","So uh, what are you in for?",neutral,4,4,neutral,True,0.0019482056,0.0006222402,0.00097399636,0.007058477,0.9863093,0.002226656,0.00086097803
60,I talk in my sleep.,Marjorie,neutral,neutral,5,6,4,20,"00:14:54,059","00:14:55,560",I talk in my sleep.,neutral,4,4,neutral,True,0.019129356,0.026736345,0.0087385615,0.019629654,0.8699432,0.052098893,0.0037240535
61,"What a coincidence, I listen in my sleep.",Chandler,neutral,neutral,5,7,4,20,"00:14:54,059","00:14:57,896","What a coincidence, I listen in my sleep.",neutral,4,4,neutral,True,0.030036263,0.0084229065,0.009513982,0.080935255,0.6741294,0.08052697,0.116435185
62,So why don’t you give me your number?,Joey,neutral,neutral,5,8,4,20,"00:15:00,024","00:15:02,275",So why don’t you give me your number?,neutral,4,4,neutral,True,0.041732922,0.0024478738,0.015489448,0.027140906,0.8846065,0.024621097,0.0039612767
63,Previously on Friends.,Joey,neutral,neutral,6,0,3,16,"00:00:02,711","00:00:05,796",Previously on Friends.,neutral,4,4,neutral,True,0.008462047,0.0017947558,0.00097570615,0.009369651,0.9651187,0.010762268,0.0035169015
64,I don’t know exactly. It’s-it’s sorta like wrestling.,Monica,neutral,neutral,6,1,3,16,"00:03:23,661","00:03:26,246",I don’t know exactly. It’s-it’s sorta like wrestling.,neutral,4,4,neutral,True,0.06286192,0.032748275,0.052182432,0.219243,0.518749,0.0737551,0.04046027
65,Oh?!,Phoebe,surprise,negative,6,2,3,16,"00:03:26,456","00:03:28,707",Oh?!,surprise,6,6,surprise,True,0.02941882,0.0065517067,0.009011699,0.023359606,0.018555505,0.0179251,0.8951775
66,"Yeah, but without the costumes.",Monica,neutral,neutral,7,0,3,24,"00:03:26,456","00:03:28,707","Yeah, but without the costumes.",neutral,4,4,neutral,True,0.03255478,0.027387643,0.008940887,0.06315566,0.76618975,0.08964194,0.012129336
67,Oh.,Phoebe,neutral,neutral,7,1,3,24,"00:03:28,875","00:03:30,459",Oh.,neutral,4,4,neutral,True,0.0090963105,0.008446266,0.025376799,0.06527975,0.787109,0.096221894,0.0084699495
68,"And it’s not fake, it’s totally brutal.",Joey,neutral,neutral,7,2,3,24,"00:03:30,627","00:03:32,878","And it’s not fake, it’s totally brutal.",neutral,4,0,anger,False,0.59082854,0.021138486,0.015412079,0.23835412,0.08130778,0.034522373,0.018436665
69,"Yeah, it’s two guys in a ring, and the rules are: “They’re",Chandler,neutral,neutral,7,3,3,24,"00:03:33,129","00:03:37,341","Yeah, it’s two guys in a ring, and the rules are: “They’re",neutral,4,4,neutral,True,0.028407127,0.004639852,0.0031718595,0.10473402,0.8463489,0.010578262,0.0021199826
70,"So you can like, bite, and pull people’s hair and stuff?",Monica,surprise,negative,7,4,3,24,"00:03:38,218","00:03:40,761","So you can like, bite, and pull people’s hair and stuff?",surprise,6,0,anger,False,0.46955872,0.14286163,0.038750798,0.11139399,0.18003784,0.050119497,0.0072775725
71,"Yeah, anything goes, except ah, eye gouging and fish hooking.",Ross,neutral,neutral,7,5,3,24,"00:03:41,012","00:03:44,264","Yeah, anything goes, except ah, eye gouging and fish hooking.",neutral,4,4,neutral,True,0.025408858,0.05367736,0.01119095,0.034501784,0.85485864,0.018434046,0.0019283807
72,What’s fish hooking?,Monica,surprise,negative,7,6,3,24,"00:03:44,474","00:03:46,924",What’s fish hooking?,surprise,6,4,neutral,False,0.0068894443,0.000948344,0.0012374241,0.0060729417,0.9722111,0.0026589218,0.00998168
73,"Huh, what’s fish hooking...   Thanks man, that would have been really hard to describe. What is that taste?",Ross,neutral,neutral,7,7,3,24,"00:03:44,474","00:03:54,399","Huh, what’s fish hooking...   Thanks man, that would have been really hard to describe. What is that taste?",neutral,4,4,neutral,True,0.03197396,0.042669326,0.018945016,0.19418015,0.39838144,0.2494957,0.06435443
74,"What? My hands are totally clean, I just gave the duck a bath.",Joey,neutral,neutral,7,8,3,24,"00:03:55,068","00:03:58,654","What? My hands are totally clean, I just gave the duck a bath.",neutral,4,6,surprise,False,0.01655523,0.0027805346,0.0046642437,0.012629813,0.090543665,0.01094792,0.8618786
75,"Oh, Bob, he was nothing compared to you. I had to bite my lip to keep from screaming your name.",Jade,sadness,negative,8,0,2,5,"00:16:47,631","00:16:57,223","Oh, Bob, he was nothing compared to you. I had to bite my lip to keep from screaming your name.",sadness,5,3,joy,False,0.116507836,0.09171674,0.039633248,0.37324676,0.1470159,0.11674656,0.115132935
76,"Well, that makes me feel so good.",Chandler,joy,positive,8,1,2,5,"00:16:59,810","00:17:02,437","Well, that makes me feel so good.",joy,3,4,neutral,False,0.048396282,0.006371591,0.0070861815,0.31584257,0.55609685,0.061420828,0.0047857147
77,It was just so awkward and bumpy.,Jade,neutral,neutral,8,2,2,5,"0:17:03,272","0:17:05,704",It was just so awkward and bumpy.,neutral,4,5,sadness,False,0.033704467,0.020861272,0.011025888,0.019507715,0.07877872,0.8266633,0.009458545
78,Bumpy?,Ross,surprise,negative,8,3,2,5,"0:17:05,704","0:17:05,961",Bumpy?,surprise,6,6,surprise,True,0.035815448,0.008667715,0.005671171,0.008537775,0.2506131,0.013642867,0.67705196
79,"Well, maybe he had some kind of uh, new, cool style, that you're not familiar with.",Chandler,neutral,neutral,8,4,2,5,"00:17:07,818","00:17:12,155","Well, maybe he had some kind of uh, new, cool style, that you're not familiar with.",neutral,4,4,neutral,True,0.008230636,0.002203064,0.0033929395,0.013864167,0.9553607,0.0071863993,0.009761988
80,And uh maybe you have to get used to it.,Chandler,neutral,neutral,8,5,2,5,"00:17:12,948","00:17:14,574",And uh maybe you have to get used to it.,neutral,4,4,neutral,True,0.0090776095,0.018202698,0.026450237,0.039117485,0.8100989,0.094132856,0.0029201878
81,"Well there really wasn't much time to get used to it, you know what I mean?",Jade,joy,positive,8,6,2,5,"00:17:14,742","00:17:18,244","Well there really wasn't much time to get used to it, you know what I mean?",joy,3,4,neutral,False,0.15051053,0.007592132,0.022171756,0.20168968,0.3289071,0.24367931,0.0454495
82,Coming through!  Oh! Coming through!  Oh! Hello! Hi!  No! Right! Coming through!,Phoebe,fear,negative,9,0,6,18,"00:05:02,927","00:05:08,724",Coming through!  Oh! Coming through!  Oh! Hello! Hi!  No! Right! Coming through!,fear,2,6,surprise,False,0.08222395,0.008638345,0.02046793,0.34360462,0.025846895,0.04386874,0.47534946
83,"Oh well, it’s not so bad.",Monica,neutral,neutral,9,1,6,18,"00:05:08,891","00:05:10,684","Oh well, it’s not so bad.",neutral,4,4,neutral,True,0.010796983,0.001719514,0.0043298863,0.20203997,0.75232464,0.025594944,0.0031940802
84,"Yeah, most of the damage is pretty mostly contained in the bedrooms.",Fireman #1,sadness,negative,9,2,6,18,"00:05:10,852","00:05:12,978","Yeah, most of the damage is pretty mostly contained in the bedrooms.",sadness,5,4,neutral,False,0.05788527,0.012970682,0.0051563433,0.07034552,0.81754494,0.03143105,0.0046662157
85,Oh!,Phoebe,surprise,negative,9,3,6,18,"0:05:13,146","0:05:13,939",Oh!,surprise,6,6,surprise,True,0.029378362,0.007756217,0.009884616,0.025280762,0.014855467,0.019584926,0.8932597
86,My God!,Rachel,surprise,negative,9,4,6,18,"0:05:13,939","0:05:14,203",My God!,surprise,6,6,surprise,True,0.033345744,0.010077801,0.0064619957,0.011379432,0.0061842906,0.011548171,0.9210025
87,"Hey buddy, do you think I can borrow your uniform this Thursday?",Joey,neutral,neutral,9,5,6,18,"00:05:14,355","00:05:17,556","Hey buddy, do you think I can borrow your uniform this Thursday?",neutral,4,4,neutral,True,0.0059382347,0.0011736733,0.00074291107,0.08617665,0.8983779,0.0059076454,0.001683018
88,Excuse me?,Fireman #1,surprise,positive,9,6,6,18,"00:05:18,443","00:05:21,361",Excuse me?,surprise,6,6,surprise,True,0.04983766,0.0050902814,0.00859513,0.011404924,0.10023088,0.012143848,0.8126973
89,Joey! He’s working!  You would look,Monica,anger,negative,9,7,6,18,"00:05:18,443","00:05:24,031",Joey! He’s working!  You would look,anger,0,3,joy,False,0.08145892,0.0046019927,0.014264055,0.39374965,0.13158664,0.03442498,0.33991382
90,"Oh, how bad is it?",Joey,sadness,negative,9,8,6,18,"00:05:25,199","00:05:28,618","Oh, how bad is it?",sadness,5,4,neutral,False,0.020881113,0.013847394,0.07456635,0.08271778,0.64268875,0.16103575,0.0042628795
91,"Oh, it’s bad. It’s really bad. The only thing in there that isn’t burned is an ass. Which I do",Phoebe,sadness,negative,9,9,6,18,"00:05:25,199","00:05:34,416","Oh, it’s bad. It’s really bad. The only thing in there that isn’t burned is an ass. Which I do",sadness,5,5,sadness,True,0.020367255,0.016208092,0.0871144,0.054249384,0.080116555,0.73740274,0.004541529
92,How’s your room Rach?,Chandler,neutral,neutral,9,10,6,18,"00:05:34,625","00:05:36,835",How’s your room Rach?,neutral,4,4,neutral,True,0.0037752816,0.0007935079,0.0010203827,0.010705081,0.97651607,0.0047507426,0.0024389361
93,Everything’s ruined. My bed. My clothes. Look at my favorite blue sweater.,Rachel,sadness,negative,9,11,6,18,"00:05:37,003","00:05:39,546",Everything’s ruined. My bed. My clothes. Look at my favorite blue sweater.,sadness,5,5,sadness,True,0.01051043,0.006398237,0.0155991865,0.010806931,0.031917736,0.91517323,0.009594244
94,Isn’t that mine?,Monica,neutral,neutral,9,12,6,18,"00:05:39,714","00:05:40,756",Isn’t that mine?,neutral,4,4,neutral,True,0.011924441,0.0013678963,0.0050941207,0.0124169225,0.956949,0.010499669,0.0017478915
95,Fine! I’m sorry for your loss!,Rachel,anger,negative,9,13,6,18,"00:05:41,841","00:05:44,426",Fine! I’m sorry for your loss!,anger,0,0,anger,True,0.49194646,0.018343912,0.07323154,0.034572765,0.037629053,0.33055001,0.013726292
96,"So uh, you’re not gonna be able to live here for a while, you ladies have a place to stay?",Fireman #1,neutral,neutral,9,14,6,18,"00:05:46,220","00:05:51,767","So uh, you’re not gonna be able to live here for a while, you ladies have a place to stay?",neutral,4,4,neutral,True,0.06672048,0.007986941,0.080021694,0.092077106,0.5008118,0.13206598,0.120316036
97,"Wow! Oh-okay, look pal, I am",Rachel,joy,positive,9,15,6,18,"00:05:51,934","00:05:58,398","Wow! Oh-okay, look pal, I am",joy,3,6,surprise,False,0.024800483,0.0019101863,0.0035831062,0.4114827,0.02228124,0.010628245,0.5253141
98,"Yes, they can stay with us.",Monica,neutral,neutral,9,16,6,18,"00:06:04,155","00:06:06,490","Yes, they can stay with us.",neutral,4,4,neutral,True,0.007711597,0.0015232783,0.001739058,0.042673208,0.93349147,0.012121151,0.0007401668
99,Have you figured out what started the fire Mr. Fireman?,Chandler,neutral,neutral,9,17,6,18,"00:06:06,657","00:06:09,284",Have you figured out what started the fire Mr. Fireman?,neutral,4,4,neutral,True,0.21169886,0.008626211,0.028618006,0.07971224,0.5397286,0.04738232,0.08423377
100,There’s just so much pressure.,Joey,anger,negative,10,0,6,20,"00:05:56,272","00:05:58,065",There’s just so much pressure.,anger,0,5,sadness,False,0.11924475,0.012408489,0.16268483,0.14890192,0.08388421,0.39358395,0.07929188
101,"I mean no offense, but what you guys do is very different.",Joey,neutral,neutral,10,1,6,20,"00:05:58,232","00:06:00,984","I mean no offense, but what you guys do is very different.",neutral,4,4,neutral,True,0.12207565,0.07868962,0.026705887,0.09428034,0.3466395,0.29198834,0.039620593
102,I don’t know if you’d understand.,Joey,neutral,neutral,10,2,6,20,"00:06:01,152","00:06:02,903",I don’t know if you’d understand.,neutral,4,6,surprise,False,0.087883286,0.021939956,0.15540226,0.1069455,0.2323419,0.12156684,0.27392024
103,"Yeah, none of us have to deal with pressure at our jobs.",Ross,neutral,neutral,10,3,6,20,"00:06:03,071","00:06:06,365","Yeah, none of us have to deal with pressure at our jobs.",neutral,4,4,neutral,True,0.08457075,0.009832661,0.010879618,0.14293027,0.70650727,0.042915996,0.00236337
104,"Well Phoebe, we gotta do something!",Rachel,sadness,negative,11,0,7,24,"00:09:52,967","00:09:54,718","Well Phoebe, we gotta do something!",sadness,5,2,fear,False,0.09202298,0.014732349,0.58323497,0.07105641,0.06477543,0.13908212,0.035095766
106,I mean there’s no way Joey’s gonna make it in time.,Rachel,fear,negative,11,1,7,24,"0:09:54,969","0:09:57,431",I mean there’s no way Joey’s gonna make it in time.,fear,2,2,fear,True,0.078507885,0.017460141,0.28285646,0.1373679,0.12849027,0.26717278,0.088144556
107,So I’m gonna go through the hotel and see if there’s any other weddings going on.,Rachel,neutral,neutral,11,2,7,24,"0:09:57,431","0:09:59,578",So I’m gonna go through the hotel and see if there’s any other weddings going on.,neutral,4,4,neutral,True,0.007817654,0.0014219326,0.002134653,0.017383613,0.96496403,0.0056812065,0.00059691747
108,Okay. Oh but don’t tell them Monica’s pregnant because they frown on that.,Phoebe,neutral,neutral,11,3,7,24,"00:09:59,765","00:10:04,269",Okay. Oh but don’t tell them Monica’s pregnant because they frown on that.,neutral,4,4,neutral,True,0.06919794,0.026715009,0.046486743,0.1509281,0.50334406,0.15146504,0.051863123
109,Okay.,Rachel,neutral,neutral,11,4,7,24,"00:10:04,437","00:10:05,770",Okay.,neutral,4,4,neutral,True,0.007576495,0.0018695078,0.0009824757,0.04457578,0.94050366,0.0039436813,0.00054840284
111,"What’s all this about you guys fighting?! Is this really over a room?! I mean, that is so silly!",Ross,anger,negative,12,0,6,3,"00:12:31,167","00:12:39,966","What’s all this about you guys fighting?! Is this really over a room?! I mean, that is so silly!",anger,0,6,surprise,False,0.27426237,0.20357707,0.05864814,0.03716405,0.030683935,0.103530616,0.2921338
112,"Ross, we can handle this.",Monica,neutral,neutral,12,1,6,3,"00:12:41,510","00:12:44,637","Ross, we can handle this.",neutral,4,4,neutral,True,0.0045156553,0.00086980587,0.0011948129,0.009606374,0.9799381,0.003506884,0.0003683748
113,"Well, apparently not, and I can’t just stand by and watch two people I care about very much be hurt over something that is so silly.",Ross,sadness,negative,12,2,6,3,"00:12:44,805","00:12:53,271","Well, apparently not, and I can’t just stand by and watch two people I care about very much be hurt over something that is so silly.",sadness,5,0,anger,False,0.39769346,0.05064801,0.18435954,0.0397232,0.08481436,0.2368676,0.0058938004
114,"I mean, enough of the silliness!",Ross,anger,negative,12,3,6,3,"0:12:55,691","0:12:58,073","I mean, enough of the silliness!",anger,0,0,anger,True,0.7607874,0.046107657,0.005710252,0.1299938,0.020593366,0.02138743,0.01542006
115,"Well, why don’t you tell her to stop being silly!",Chandler,anger,negative,12,4,6,3,"0:12:58,073","0:13:00,407","Well, why don’t you tell her to stop being silly!",anger,0,0,anger,True,0.8137495,0.02433252,0.033949986,0.03258102,0.019793456,0.057230074,0.018363493
116,Okay-okay!,Ross,anger,negative,12,5,6,3,"00:13:02,923","00:13:04,741",Okay-okay!,anger,0,3,joy,False,0.049407564,0.0019555758,0.003560745,0.78099674,0.14385667,0.009544013,0.010678707
117,"Two very good points, look I’ve known you both a long time, and I’ve never seen either of you one/millionth as happy as you’ve been since you’ve got together.",Ross,sadness,negative,12,6,6,3,"00:13:06,243","00:13:19,464","Two very good points, look I’ve known you both a long time, and I’ve never seen either of you one/millionth as happy as you’ve been since you’ve got together.",sadness,5,5,sadness,True,0.2371616,0.049312145,0.05576785,0.07775986,0.11086504,0.3970829,0.07205062
118,Do you really want to throw that all away over a room?,Ross,sadness,negative,12,7,6,3,"00:13:20,633","00:13:24,385",Do you really want to throw that all away over a room?,sadness,5,6,surprise,False,0.33189654,0.07937328,0.024450596,0.03521136,0.037626363,0.038749658,0.45269212
119,That is so silly.,Ross,joy,positive,12,8,6,3,"00:13:24,553","00:13:26,846",That is so silly.,joy,3,1,disgust,False,0.2277454,0.4446923,0.015871333,0.12548977,0.05149371,0.1014261,0.03328138
120,"Now wh-what is more important, love or silliness?",Ross,neutral,neutral,12,9,6,3,"00:13:27,389","00:13:32,310","Now wh-what is more important, love or silliness?",neutral,4,0,anger,False,0.27912477,0.01539115,0.20251855,0.10037873,0.25632736,0.112519756,0.033739656
121,"Well, we are fond of the silliness, but we also have a soft spot for the love.",Chandler,neutral,neutral,12,10,6,3,"00:13:33,938","00:13:39,400","Well, we are fond of the silliness, but we also have a soft spot for the love.",neutral,4,4,neutral,True,0.084743835,0.027084783,0.009536861,0.20252992,0.40690446,0.26538765,0.0038124288
122,Love is the best medicine.,Monica,joy,positive,12,11,6,3,"0:13:40,319","0:13:41,911",Love is the best medicine.,joy,3,3,joy,True,0.05125224,0.006787248,0.0029109665,0.6262607,0.27139673,0.030268589,0.011123562
123,That’s laughter.,Chandler,joy,positive,12,12,6,3,"0:13:41,911","0:13:42,880",That’s laughter.,joy,3,3,joy,True,0.08028805,0.014723064,0.002979156,0.69324756,0.17921315,0.012078879,0.017470129
124,Why do you do it?,Monica,neutral,neutral,12,13,6,3,"0:13:42,988","0:13:43,572",Why do you do it?,neutral,4,6,surprise,False,0.10145878,0.010099973,0.031554323,0.03811758,0.38581884,0.036881093,0.39606947
125,I don’t know.,Chandler,neutral,neutral,12,14,6,3,"0:13:43,572","0:13:44,954",I don’t know.,neutral,4,4,neutral,True,0.01127084,0.004391323,0.018422598,0.03363664,0.8927906,0.02425666,0.015231291
126,"Okay! All right! Now, Chandler you-you wanna live with Monica, right?",Ross,neutral,neutral,12,15,6,3,"00:13:49,537","00:13:53,873","Okay! All right! Now, Chandler you-you wanna live with Monica, right?",neutral,4,3,joy,False,0.06677622,0.0035043098,0.0059146425,0.7340958,0.14183024,0.01897816,0.028900646
127,"Yeah, I do.",Chandler,neutral,neutral,12,16,6,3,"00:13:55,125","00:13:56,543","Yeah, I do.",neutral,4,4,neutral,True,0.017392676,0.010952944,0.010326586,0.08848072,0.8455288,0.025879238,0.0014390227
128,"And Mon, you wanna live with Chandler, don’t ya?",Ross,neutral,neutral,12,17,6,3,"00:13:56,710","00:13:59,045","And Mon, you wanna live with Chandler, don’t ya?",neutral,4,4,neutral,True,0.0065243845,0.001973805,0.0017590128,0.040617328,0.9377757,0.009299158,0.0020506072
129,Yes.,Monica,neutral,neutral,12,18,6,3,"00:13:59,255","00:14:00,380",Yes.,neutral,4,4,neutral,True,0.016987331,0.0021809097,0.00348357,0.13284002,0.8251955,0.016043356,0.0032693932
130,Good! A verbal contract is binding in the state of New York!,Ross,joy,positive,12,19,6,3,"00:14:00,548","00:14:04,217",Good! A verbal contract is binding in the state of New York!,joy,3,3,joy,True,0.055752777,0.0027091575,0.0016492053,0.9002536,0.027388422,0.006034234,0.006212673
131,Oh.,Roger,neutral,neutral,13,0,1,13,"00:19:48,687","00:19:49,854",Oh.,neutral,4,4,neutral,True,0.009096305,0.008446253,0.025376756,0.06527972,0.78710926,0.09622173,0.008469944
132,"But I don't. Me, Phoebe.",Phoebe,neutral,neutral,13,1,1,13,"00:19:50,022","00:19:52,648","But I don't. Me, Phoebe.",neutral,4,4,neutral,True,0.07377508,0.010272311,0.043971833,0.09295844,0.48922238,0.26957795,0.020222045
133,"Well, I'm not I'm not at all surprised they feel that way.",Roger,neutral,neutral,13,2,1,13,"00:19:54,860","00:19:57,111","Well, I'm not I'm not at all surprised they feel that way.",neutral,4,4,neutral,True,0.13653372,0.038416382,0.05469656,0.18555395,0.33229676,0.07552945,0.17697318
134,"You're not? See, that's why you're so great!",Phoebe,surprise,positive,13,3,1,13,"00:19:57,321","00:19:59,739","You're not? See, that's why you're so great!",surprise,6,6,surprise,True,0.20769905,0.058470204,0.035901766,0.041146774,0.07190734,0.09300898,0.491866
135,"Actually it's, it's quite, y'know, typical behaviour when you have this kind of dysfunctional group dynamic.",Roger,neutral,neutral,13,4,1,13,"00:20:00,115","00:20:06,662","Actually it's, it's quite, y'know, typical behaviour when you have this kind of dysfunctional group dynamic.",neutral,4,1,disgust,False,0.28753686,0.35339427,0.016212074,0.038276605,0.15616551,0.13815236,0.010262353
136,"Y'know, this kind of co-dependant, emotionally stunted, sitting in your stupid coffee house with your stupid big cups which, I'm sorry, might as well have nipples on them, and you're like all 'Oh, define me!",Roger,anger,negative,13,5,1,13,"00:20:06,872","00:20:20,384","Y'know, this kind of co-dependant, emotionally stunted, sitting in your stupid coffee house with your stupid big cups which, I'm sorry, might as well have nipples on them, and you're like all 'Oh, define me!",anger,0,0,anger,True,0.76263237,0.02879427,0.056598675,0.018277578,0.0142629845,0.100555785,0.018878374
137,Define me!,Roger,anger,negative,13,6,1,13,"00:20:21,845","00:20:26,307",Define me!,anger,0,0,anger,True,0.7841779,0.019315634,0.055500705,0.066865526,0.026744429,0.032659106,0.014736749
138,"Love me, I need love!",Roger,anger,negative,13,7,1,13,"00:20:26,516","00:20:29,310","Love me, I need love!",anger,0,3,joy,False,0.07138123,0.0032724421,0.044508606,0.7555484,0.058075555,0.049866688,0.017347045
140,Have you really done this before?,Phoebe,surprise,positive,14,0,6,4,"0:21:26,952","0:21:28,474",Have you really done this before?,surprise,6,6,surprise,True,0.05919746,0.009526312,0.013835723,0.013955345,0.088089876,0.01555522,0.7998401
141,Yeah!,Joey,joy,positive,14,1,6,4,"0:21:28,474","0:21:29,058",Yeah!,joy,3,3,joy,True,0.058173057,0.003397485,0.002398696,0.8311485,0.08289923,0.007936121,0.014046875
142,Yeah!,Joey,joy,positive,14,2,6,4,"0:21:29,058","0:21:29,440",Yeah!,joy,3,3,joy,True,0.058173057,0.003397485,0.002398696,0.8311485,0.08289923,0.007936121,0.014046875
143,Yeah!,Joey,joy,positive,14,3,6,4,"0:21:29,440","0:21:29,806",Yeah!,joy,3,3,joy,True,0.058173057,0.003397485,0.002398696,0.8311485,0.08289923,0.007936121,0.014046875
144,"You just take a big, big swing.",Joey,neutral,neutral,14,4,6,4,"00:21:29,830","00:21:32,456","You just take a big, big swing.",neutral,4,3,joy,False,0.083102755,0.009985168,0.004712696,0.5693663,0.31479073,0.01458656,0.0034557711
145,"Now, don’t hold back.",Joey,neutral,neutral,14,5,6,4,"00:21:32,624","00:21:34,542","Now, don’t hold back.",neutral,4,4,neutral,True,0.15378109,0.0219201,0.17974477,0.097571895,0.45310327,0.08574556,0.008133302
147,Hey!,Phoebe,joy,positive,14,6,6,4,"0:21:36,878","0:21:37,590",Hey!,joy,3,3,joy,True,0.046776015,0.0025122454,0.0019906426,0.75225013,0.15590505,0.0082755955,0.032290343
148,Hey-hey-hey!,Joey,joy,positive,14,7,6,4,"0:21:37,590","0:21:39,055",Hey-hey-hey!,joy,3,3,joy,True,0.029036634,0.0020357617,0.0035421944,0.8307029,0.07873185,0.009001564,0.046949126
149,What are you doing?,Chandler,neutral,neutral,14,8,6,4,"00:21:39,339","00:21:40,381",What are you doing?,neutral,4,4,neutral,True,0.010911096,0.0015244213,0.004334866,0.0049652113,0.9510472,0.0034160626,0.023801137
150,We’re just celebrating that Joey got his health insurance back.,Phoebe,joy,positive,14,9,6,4,"00:21:40,549","00:21:44,093",We’re just celebrating that Joey got his health insurance back.,joy,3,3,joy,True,0.03023888,0.0025905245,0.0018298093,0.9126225,0.02191059,0.021346407,0.00946118
151,"Oh, all right.",Chandler,neutral,neutral,14,10,6,4,"00:21:45,137","00:21:46,804","Oh, all right.",neutral,4,4,neutral,True,0.011170867,0.0020258306,0.0028037513,0.111186266,0.86056846,0.0108519215,0.0013928929
152,"Yeah! Sure! Yep!  Oh, y'know what? If I heard a shot right now, I'd throw my body on you.",Phoebe,joy,positive,15,0,5,20,"00:13:12,500","00:13:18,505","Yeah! Sure! Yep!  Oh, y'know what? If I heard a shot right now, I'd throw my body on you.",joy,3,0,anger,False,0.41991335,0.04802332,0.032979764,0.37592527,0.065303996,0.02849199,0.029362278
153,Oh yeah? Well maybe you and I should take a walk through a bad neighborhood.,Gary,joy,positive,15,1,5,20,"00:13:18,576","00:13:21,341",Oh yeah? Well maybe you and I should take a walk through a bad neighborhood.,joy,3,4,neutral,False,0.08212232,0.025041038,0.045136817,0.10112689,0.38932642,0.3447333,0.012513249
154,Okay!,Phoebe,joy,positive,15,2,5,20,"00:13:21,592","00:13:22,884",Okay!,joy,3,3,joy,True,0.060896147,0.0021429115,0.0024622777,0.8039549,0.10805234,0.007954427,0.014537029
156,Bye!,Phoebe,neutral,neutral,15,3,5,20,"0:13:24,386","0:13:24,929",Bye!,neutral,4,4,neutral,True,0.019175902,0.0033265536,0.0038406502,0.07461532,0.88296556,0.014451785,0.0016242459
157,Bye!,Joey,neutral,neutral,15,4,5,20,"0:13:24,929","0:13:26,873",Bye!,neutral,4,4,neutral,True,0.019175902,0.0033265536,0.0038406502,0.07461532,0.88296556,0.014451785,0.0016242459
158,Cut it out Ross! I hate to have to save your life and kick your ass in the same day!,Joey,anger,negative,15,5,5,20,"00:13:30,810","00:13:36,439",Cut it out Ross! I hate to have to save your life and kick your ass in the same day!,anger,0,0,anger,True,0.7237605,0.047073007,0.050331164,0.04353558,0.011303567,0.109861255,0.014134977
159,"Hey, Joey, could you pass the cheese?",Monica,neutral,neutral,16,0,4,10,"00:11:36,362","00:11:38,405","Hey, Joey, could you pass the cheese?",neutral,4,4,neutral,True,0.003975275,0.0009908694,0.00051096675,0.014621764,0.9761593,0.0026966645,0.0010451905
161,"Listen uh, I’d prefer it if you didn’t call me Joey.",Joey,neutral,neutral,16,1,4,10,"00:11:40,574","00:11:42,283","Listen uh, I’d prefer it if you didn’t call me Joey.",neutral,4,4,neutral,True,0.025142875,0.006081853,0.015011071,0.031922407,0.857696,0.06124628,0.0028995827
162,"Since I don’t know anyone here, I thought it’d be cool to try out a cool work nickname.",Joey,neutral,neutral,16,2,4,10,"00:11:42,535","00:11:45,912","Since I don’t know anyone here, I thought it’d be cool to try out a cool work nickname.",neutral,4,4,neutral,True,0.008706698,0.0036276318,0.0053889113,0.027886938,0.92268926,0.024355877,0.007344676
163,"Hey, dragon! Here’s your tips from Monday and Tuesday.",A Waiter,neutral,neutral,16,3,4,10,"00:11:46,080","00:11:52,377","Hey, dragon! Here’s your tips from Monday and Tuesday.",neutral,4,3,joy,False,0.051711094,0.004164566,0.0017615987,0.7752754,0.1376783,0.008065441,0.021343542
164,There’s like-there’s like 300 bucks in this one!,Joey,surprise,negative,16,4,4,10,"00:11:53,504","00:11:55,296",There’s like-there’s like 300 bucks in this one!,surprise,6,3,joy,False,0.14398119,0.024986172,0.0032616388,0.70124954,0.02263385,0.014295015,0.08959262
165,"Yeah, people get pretty generous around the holidays. And it never hurts to wear tight trousers.",The Waiter,neutral,neutral,16,5,4,10,"00:11:55,548","00:12:01,594","Yeah, people get pretty generous around the holidays. And it never hurts to wear tight trousers.",neutral,4,3,joy,False,0.046699766,0.010115894,0.0028348682,0.5838856,0.3190448,0.035287082,0.002131946
167,Could the waiters gather around to hear tonight’s specials?,Monica,neutral,neutral,16,6,4,10,"00:12:04,056","00:12:06,975",Could the waiters gather around to hear tonight’s specials?,neutral,4,4,neutral,True,0.037297398,0.0021879438,0.0029643646,0.13477077,0.805721,0.014570644,0.0024879125
168,"Okay, first there is a Chilean Sea Bass prepared with a Mango relish on a bag—Why is nobody writing these down?",Monica,neutral,neutral,16,7,4,10,"00:12:07,143","00:12:13,273","Okay, first there is a Chilean Sea Bass prepared with a Mango relish on a bag—Why is nobody writing these down?",neutral,4,4,neutral,True,0.0076706903,0.002199413,0.0014717721,0.022926247,0.9549525,0.007544248,0.0032351885
169,Because we can remember them.,The Waiter,neutral,neutral,16,8,4,10,"00:12:13,524","00:12:14,816",Because we can remember them.,neutral,4,4,neutral,True,0.01432705,0.0029939432,0.0029315387,0.023719558,0.93833405,0.009768558,0.007925322
170,Because your all gonna make up fake specials and make me cook them like you did the other night?,Monica,anger,negative,16,9,4,10,"00:12:15,151","00:12:19,195",Because your all gonna make up fake specials and make me cook them like you did the other night?,anger,0,0,anger,True,0.40988553,0.11351544,0.01724183,0.042955037,0.10357982,0.2955225,0.01729983
171,Hey. When you guys were kids and you played,Ross,neutral,neutral,17,0,3,7,"00:01:58,868","00:02:01,995",Hey. When you guys were kids and you played,neutral,4,4,neutral,True,0.024350544,0.0018783893,0.0014780082,0.20649235,0.7561663,0.005827034,0.0038073591
172,I was always Joanne.,Monica,neutral,neutral,17,1,3,7,"00:02:02,205","00:02:05,874",I was always Joanne.,neutral,4,4,neutral,True,0.030484788,0.0040393313,0.0025879864,0.088061005,0.84306127,0.025237178,0.006528454
173,"Question. Was ah, ‘Egg the Gellers!’ the war cry of your neighbourhood?",Joey,neutral,neutral,17,2,3,7,"00:02:06,042","00:02:10,295","Question. Was ah, ‘Egg the Gellers!’ the war cry of your neighbourhood?",neutral,4,0,anger,False,0.503624,0.017914891,0.019488845,0.27838463,0.11995043,0.030030088,0.030607153
174,Ewww! Oh! It’s the Mattress King!,Phoebe,disgust,negative,17,3,3,7,"00:02:12,257","00:02:14,049",Ewww! Oh! It’s the Mattress King!,disgust,1,1,disgust,True,0.06979565,0.731739,0.01310705,0.034170173,0.0065690503,0.03404005,0.110579014
176,Don’t look honey. Change the channel! Change the channel!,Chandler,disgust,negative,17,4,3,7,"00:02:14,217","00:02:15,884",Don’t look honey. Change the channel! Change the channel!,disgust,1,2,fear,False,0.30672088,0.026360527,0.36775413,0.044400513,0.026762633,0.17453912,0.053462155
177,"Wait! Wait! I wanna see this. After I divorce him, half of that kingdom is gonna be mine.",Janice,joy,positive,17,5,3,7,"00:02:16,052","00:02:21,974","Wait! Wait! I wanna see this. After I divorce him, half of that kingdom is gonna be mine.",joy,3,6,surprise,False,0.037368953,0.015472628,0.15768473,0.093808345,0.0769018,0.27998364,0.33877987
178,What a wank!,Chandler,anger,negative,17,6,3,7,"00:02:40,994","00:02:42,870",What a wank!,anger,0,0,anger,True,0.64703566,0.0829563,0.052742265,0.019946413,0.012653104,0.14976251,0.034903806
179,"Oh, I cannot believe he’s using our divorce to sell mattresses.",Janice,anger,negative,17,7,3,7,"00:02:43,037","00:02:47,082","Oh, I cannot believe he’s using our divorce to sell mattresses.",anger,0,0,anger,True,0.33014002,0.1760689,0.023336343,0.0296906,0.025204292,0.19339217,0.22216761
180,I know!,Monica,anger,negative,17,8,3,7,"00:02:47,250","00:02:51,420",I know!,anger,0,3,joy,False,0.19239815,0.011355171,0.021973528,0.297355,0.12766404,0.06341312,0.285841
181,"And four ninety-nine for a pillow top queen set, who cares about the divorce, those babies will sell themselves.",Monica,anger,negative,17,9,3,7,"00:02:51,588","00:02:53,922","And four ninety-nine for a pillow top queen set, who cares about the divorce, those babies will sell themselves.",anger,0,4,neutral,False,0.14122178,0.0751229,0.0058764527,0.09538059,0.5040942,0.15895024,0.019353857
182,And I’m appalled for you by the way.,Monica,anger,negative,17,10,3,7,"00:02:56,050","00:02:58,886",And I’m appalled for you by the way.,anger,0,1,disgust,False,0.18201332,0.30912623,0.05623703,0.042529378,0.03290105,0.23764586,0.1395471
183,"You had to do it, didn’t you? You couldn’t just leave it alone.",Rachel,sadness,negative,17,11,3,7,"00:13:45,741","00:13:47,909","You had to do it, didn’t you? You couldn’t just leave it alone.",sadness,5,4,neutral,False,0.11969046,0.006474354,0.20161283,0.20580004,0.2395597,0.19768585,0.02917669
184,Four percent. Okay. I tip more than that when there’s a bug in my food.,Ross,disgust,negative,17,12,3,7,"00:13:48,077","00:13:52,580",Four percent. Okay. I tip more than that when there’s a bug in my food.,disgust,1,4,neutral,False,0.032249555,0.02380706,0.0050650258,0.045902494,0.87507045,0.015945116,0.0019602797
185,"Ross, tonight was about the two of you getting along.  Oh, would you just see my chiropractor, already.",Rachel,anger,negative,17,13,3,7,"00:13:52,748","00:13:58,628","Ross, tonight was about the two of you getting along.  Oh, would you just see my chiropractor, already.",anger,0,3,joy,False,0.033116788,0.0030325097,0.0025874565,0.6369737,0.2885007,0.02509097,0.010697936
186,"Yeah, I’m gonna go to a doctor who went to school in a mini-mall.",Ross,disgust,negative,17,14,3,7,"00:13:58,796","00:14:02,882","Yeah, I’m gonna go to a doctor who went to school in a mini-mall.",disgust,1,4,neutral,False,0.012340437,0.017774586,0.04041813,0.040736336,0.764817,0.11974466,0.004168903
187,"Hey Pheebs, what are you doing?",Ross,neutral,neutral,17,15,3,7,"00:14:07,221","00:14:09,222","Hey Pheebs, what are you doing?",neutral,4,4,neutral,True,0.003964187,0.0008722584,0.00095627515,0.0072969673,0.982735,0.0014144885,0.0027608995
188,"I’m, I’m freaking out!",Phoebe,fear,negative,17,16,3,7,"00:14:09,390","00:14:12,225","I’m, I’m freaking out!",fear,2,2,fear,True,0.09603779,0.022324258,0.39974332,0.09617755,0.041043162,0.14938125,0.19529265
189,Monica kinda trusted me with something and she shouldn’t have!,Phoebe,fear,negative,17,17,3,7,"00:14:14,270","00:14:18,147",Monica kinda trusted me with something and she shouldn’t have!,fear,2,5,sadness,False,0.24101917,0.017369611,0.3036576,0.03980014,0.032625582,0.33217704,0.03335087
190,"All right, I haven’t lived here in a while, so I have to ask you something.",Phoebe,neutral,neutral,17,18,3,7,"00:14:18,315","00:14:21,276","All right, I haven’t lived here in a while, so I have to ask you something.",neutral,4,4,neutral,True,0.017597577,0.0023924587,0.009221249,0.02587715,0.922161,0.015969353,0.0067811487
191,Does Monica still turn on the lights in her bedroom?,Phoebe,neutral,neutral,17,19,3,7,"00:14:21,443","00:14:23,820",Does Monica still turn on the lights in her bedroom?,neutral,4,4,neutral,True,0.004426004,0.0010160479,0.0010435722,0.0031231912,0.98452777,0.004227769,0.001635655
192,Um. yeah.,Rachel,neutral,neutral,17,20,3,7,"0:14:25,614","0:14:26,636",Um. yeah.,neutral,4,4,neutral,True,0.004981533,0.005806345,0.014406622,0.030767843,0.91866523,0.024332985,0.001039385
193,I am,Phoebe,neutral,neutral,17,21,3,7,"0:14:26,636","0:14:27,962",I am,neutral,4,4,neutral,True,0.021540731,0.0018289277,0.0023305332,0.018100739,0.9426444,0.005943837,0.007610836
194,"All right, look, here’s the bottom line Ross, this is fixable, if we act fast, okay.",Rachel,neutral,neutral,17,22,3,7,"00:14:30,536","00:14:35,164","All right, look, here’s the bottom line Ross, this is fixable, if we act fast, okay.",neutral,4,4,neutral,True,0.01308031,0.0012249565,0.0034282343,0.023644667,0.95016235,0.007499601,0.00095991086
195,"So, I’ll invite him to brunch tomorrow and you can make nice.",Rachel,neutral,neutral,17,23,3,7,"00:14:35,332","00:14:38,126","So, I’ll invite him to brunch tomorrow and you can make nice.",neutral,4,4,neutral,True,0.009029059,0.0019205431,0.0010290961,0.08847723,0.8914162,0.0072298176,0.00089814333
196,"Look, honey, I have tried to make nice, it doesn’t work.",Ross,anger,negative,17,24,3,7,"00:14:38,294","00:14:41,546","Look, honey, I have tried to make nice, it doesn’t work.",anger,0,5,sadness,False,0.06038415,0.0077005215,0.04653455,0.03352975,0.15181042,0.6856321,0.01440847
197,"Okay, look, Ross, I realise that my Father is difficult, but that’s why you have got to be the bigger man here.",Rachel,neutral,neutral,17,25,3,7,"00:14:41,755","00:14:47,677","Okay, look, Ross, I realise that my Father is difficult, but that’s why you have got to be the bigger man here.",neutral,4,4,neutral,True,0.1763286,0.010313861,0.03544106,0.081162706,0.2661228,0.22967984,0.20095116
198,"Look sweetie, I could be the bigger man, I could be the biggest man, I could be a big, huge, giant man, and it still wouldn’t make any difference, except that I could pick your Father up and say ‘Like me!",Ross,anger,negative,17,26,3,7,"00:14:47,845","00:15:00,023","Look sweetie, I could be the bigger man, I could be the biggest man, I could be a big, huge, giant man, and it still wouldn’t make any difference, except that I could pick your Father up and say ‘Like me!",anger,0,3,joy,False,0.10141199,0.0065576397,0.07604328,0.3047071,0.16707212,0.22136575,0.12284213
199,Like me tiny doctor!’,Ross,anger,negative,17,27,3,7,"00:14:55,644","00:15:00,023",Like me tiny doctor!’,anger,0,3,joy,False,0.03885735,0.0023482647,0.0030483862,0.89819413,0.011876748,0.009299407,0.036375776
200,"Okay, well can’t you just try it one more time Ross? For me? For me?",Rachel,sadness,negative,17,28,3,7,"00:15:01,817","00:15:05,320","Okay, well can’t you just try it one more time Ross? For me? For me?",sadness,5,0,anger,False,0.26836726,0.0085419,0.1074066,0.15239842,0.24550758,0.20689146,0.0108867865
201,"Rachel one brunch is not gonna solve anything. You gotta face it, okay we’re never gonna get along.",Ross,anger,negative,17,29,3,7,"00:15:05,487","00:15:10,575","Rachel one brunch is not gonna solve anything. You gotta face it, okay we’re never gonna get along.",anger,0,5,sadness,False,0.07574238,0.014134383,0.25880426,0.05047366,0.13839899,0.44450733,0.017938973
202,"Okay, well you are just gonna have too, okay.",Rachel,anger,negative,17,30,3,7,"00:15:10,743","00:15:12,994","Okay, well you are just gonna have too, okay.",anger,0,4,neutral,False,0.05297754,0.008856106,0.018924762,0.1801485,0.62450826,0.11269625,0.001888561
203,"Because I already got a Mother and a Father who cannot stay in the same room together, okay, I don’t wanna have to have a separate room for you too!",Rachel,anger,negative,17,31,3,7,"00:15:13,162","00:15:18,917","Because I already got a Mother and a Father who cannot stay in the same room together, okay, I don’t wanna have to have a separate room for you too!",anger,0,0,anger,True,0.46005875,0.022984296,0.21743985,0.031399164,0.031752635,0.20696568,0.029399585
205,"Okay, okay, okay.  I’ll get the bagels.",Ross,neutral,neutral,17,32,3,7,"00:15:21,837","00:15:23,671","Okay, okay, okay.  I’ll get the bagels.",neutral,4,4,neutral,True,0.0054792236,0.0025020298,0.0022972072,0.028544186,0.9520116,0.008707041,0.00045875576
206,"Okay now Joey, y'know that since you're returning all of this stuff right after the audition you're gonna have to wear underwear?",Rachel,neutral,neutral,18,0,6,1,"00:04:22,679","00:04:27,933","Okay now Joey, y'know that since you're returning all of this stuff right after the audition you're gonna have to wear underwear?",neutral,4,0,anger,False,0.5807454,0.038058836,0.01935405,0.045838565,0.25073737,0.05315611,0.012109624
207,"All right, then you'd better show me some of that too then.",Joey,neutral,neutral,18,1,6,1,"00:04:29,600","00:04:31,895","All right, then you'd better show me some of that too then.",neutral,4,4,neutral,True,0.035583816,0.0064014546,0.006989534,0.06590057,0.8697414,0.0132221095,0.0021610959
208,"Okay, it's missing something. Ooh, I know! Umm, okay.",Rachel,neutral,neutral,18,2,6,1,"00:04:33,523","00:04:39,069","Okay, it's missing something. Ooh, I know! Umm, okay.",neutral,4,5,sadness,False,0.038279604,0.008938474,0.08516147,0.15247396,0.13319674,0.34857783,0.23337197
209,Really? A purse?,Joey,surprise,positive,19,0,1,1,"00:04:43,666","00:04:45,033",Really? A purse?,surprise,6,6,surprise,True,0.011272802,0.002719313,0.0022703414,0.0042489483,0.016869832,0.0044753067,0.9581434
210,It's not a purse! It's a shoulder bag.,Rachel,anger,negative,20,0,5,13,"00:04:45,285","00:04:48,161",It's not a purse! It's a shoulder bag.,anger,0,4,neutral,False,0.06708251,0.014365233,0.013132764,0.01769397,0.45747602,0.02218279,0.40806663
211,It looks like a women's purse.,Joey,neutral,neutral,20,1,5,13,"00:04:48,871","00:04:50,872",It looks like a women's purse.,neutral,4,4,neutral,True,0.02073796,0.011365743,0.0047614463,0.0069016702,0.8491334,0.0117837945,0.095316
212,"No Joey, look. Trust me, all the men are wearing them in the spring catalog. Look.  See look,",Rachel,neutral,neutral,20,2,5,13,"00:04:51,582","00:04:58,547","No Joey, look. Trust me, all the men are wearing them in the spring catalog. Look.  See look,",neutral,4,4,neutral,True,0.067657486,0.03582423,0.035221156,0.030438203,0.7173873,0.05255245,0.060919166
213,"See look,",Joey,neutral,neutral,20,3,5,13,"00:04:59,465","00:05:02,134","See look,",neutral,4,4,neutral,True,0.13041952,0.021035206,0.03046945,0.08834713,0.6618258,0.041701335,0.026201552
214,Exactly! Unisex!,Rachel,neutral,neutral,20,4,5,13,"00:05:16,107","00:05:18,150",Exactly! Unisex!,neutral,4,3,joy,False,0.040787246,0.0017743154,0.0021334083,0.8803068,0.039212603,0.007207515,0.02857808
215,Maybe you need sex.,Joey,neutral,neutral,20,5,5,13,"00:05:18,401","00:05:21,528",Maybe you need sex.,neutral,4,4,neutral,True,0.0021019035,0.0012870104,0.0027997494,0.009028191,0.9792717,0.004902879,0.0006085654
216,No! No Joey! U-N-I-sex.,Rachel,joy,positive,20,6,5,13,"00:05:23,072","00:05:26,616",No! No Joey! U-N-I-sex.,joy,3,2,fear,False,0.10655785,0.13466492,0.41353995,0.09439012,0.060144465,0.122694984,0.068007685
217,"Well, I ain't gonna say no to that.",Joey,neutral,neutral,20,7,5,13,"00:05:28,328","00:05:30,704","Well, I ain't gonna say no to that.",neutral,4,5,sadness,False,0.086044624,0.05919665,0.13284315,0.081580326,0.28448507,0.34448132,0.011368859
218,"So, um, have you told your parents?",Phoebe,neutral,neutral,21,0,2,4,"00:17:25,711","00:17:28,337","So, um, have you told your parents?",neutral,4,4,neutral,True,0.0124115525,0.002256688,0.010614923,0.0191338,0.8843434,0.022808367,0.04843126
219,"No, but it'll be OK, they're pretty cool, my brother's straight so. . .",Duncan,neutral,neutral,21,1,2,4,"00:17:28,839","00:17:34,385","No, but it'll be OK, they're pretty cool, my brother's straight so. . .",neutral,4,4,neutral,True,0.044434436,0.004999852,0.018196594,0.39668643,0.41578683,0.11387098,0.0060248873
220,Here you go.,Phoebe,neutral,neutral,21,2,2,4,"00:17:35,888","00:17:37,305",Here you go.,neutral,4,4,neutral,True,0.010883126,0.0030197478,0.0020782065,0.07233224,0.9019736,0.008753064,0.0009599394
221,"You know what, I just have one more question, um, if you had figured this out sooner and um, I had been around, do you think that I would have been the one who.",Phoebe,neutral,neutral,21,3,2,4,"00:17:37,556","00:17:48,441","You know what, I just have one more question, um, if you had figured this out sooner and um, I had been around, do you think that I would have been the one who.",neutral,4,4,neutral,True,0.038132206,0.0035786235,0.03137724,0.026127214,0.8255684,0.021555198,0.053661045
224,"no, um, I'm sorry, don't tell me, I don't think either answer would make me feel better.",Phoebe,sadness,negative,21,4,2,4,"00:17:49,443","00:17:55,698","no, um, I'm sorry, don't tell me, I don't think either answer would make me feel better.",sadness,5,5,sadness,True,0.031763073,0.01013321,0.172853,0.0805638,0.20844789,0.40737036,0.088868715
225,I love you Phoebe.,Duncan,joy,positive,21,5,2,4,"00:17:57,701","00:17:58,868",I love you Phoebe.,joy,3,3,joy,True,0.013761792,0.00095389853,0.0011319375,0.90526253,0.061947558,0.012656201,0.004286086
226,So your brother's straigh huh? Seriously.,Phoebe,surprise,positive,21,6,2,4,"00:18:14,176","00:18:16,511",So your brother's straigh huh? Seriously.,surprise,6,6,surprise,True,0.03977845,0.010079745,0.004342078,0.08196326,0.034563377,0.008182108,0.821091
227,Hey!,Chandler,joy,positive,22,0,5,5,"0:18:17,554","0:18:18,186",Hey!,joy,3,3,joy,True,0.046775997,0.0025122445,0.0019906429,0.7522502,0.15590502,0.008275592,0.032290347
228,Hi.,Monica,neutral,neutral,22,1,5,5,"0:18:18,186","0:18:20,776",Hi.,neutral,4,4,neutral,True,0.0017985258,0.00042536992,0.00041535002,0.0042516454,0.9911582,0.0015729567,0.00037794543
229,"I just came over to drop off…nothing. So that weekend kinda sucked, huh?",Chandler,neutral,neutral,22,2,5,5,"00:18:21,100","00:18:31,109","I just came over to drop off…nothing. So that weekend kinda sucked, huh?",neutral,4,3,joy,False,0.018409071,0.0022500593,0.0015053368,0.94620883,0.015179277,0.011222527,0.005224868
230,"Yeah, it did.",Monica,joy,positive,22,3,5,5,"00:18:31,902","00:18:33,111","Yeah, it did.",joy,3,4,neutral,False,0.020227008,0.0072671142,0.006920581,0.1385873,0.8029959,0.022100888,0.0019012442
231,"So, I guess this is over.",Chandler,sadness,negative,22,4,5,5,"00:18:33,821","00:18:35,905","So, I guess this is over.",sadness,5,5,sadness,True,0.0710015,0.009497488,0.010429925,0.15016405,0.2896957,0.46442327,0.0047879973
232,What?,Monica,neutral,neutral,22,5,5,5,"00:18:37,382","00:18:39,867",What?,neutral,4,6,surprise,False,0.024754375,0.0033829662,0.01081131,0.0077529973,0.2459514,0.009165479,0.6981815
233,"Well, y'know, you and me, it had to end sometime.",Chandler,sadness,negative,22,6,5,5,"00:18:37,382","00:18:41,744","Well, y'know, you and me, it had to end sometime.",sadness,5,4,neutral,False,0.04834131,0.003565458,0.0155917015,0.11253909,0.58208865,0.22868492,0.009188868
234,"Why, exactly?",Monica,surprise,negative,22,7,5,5,"00:18:42,746","00:18:44,247","Why, exactly?",surprise,6,6,surprise,True,0.040167052,0.005194096,0.012998057,0.016787369,0.44630146,0.017193712,0.46135828
235,"Because of the weekend, we had a fight.",Chandler,sadness,negative,22,8,5,5,"00:18:44,581","00:18:46,833","Because of the weekend, we had a fight.",sadness,5,5,sadness,True,0.07501499,0.02888218,0.041443206,0.07766154,0.33099803,0.41570115,0.030298904
236,Chandler that's crazy!,Monica,surprise,positive,22,9,5,5,"00:18:47,000","00:18:49,502",Chandler that's crazy!,surprise,6,6,surprise,True,0.08815189,0.02599956,0.008917438,0.021480937,0.007836842,0.016281584,0.83133185
237,If you give up every time you'd have a fight with someone you'd never be with anyone longer than—Ohhh!,Monica,anger,negative,22,10,5,5,"00:18:49,670","00:18:59,512",If you give up every time you'd have a fight with someone you'd never be with anyone longer than—Ohhh!,anger,0,0,anger,True,0.5447034,0.21276344,0.05079677,0.024058511,0.016227948,0.13476926,0.016680596
238,"So, this isn't over?",Chandler,neutral,neutral,22,11,5,5,"00:19:03,183","00:19:04,517","So, this isn't over?",neutral,4,5,sadness,False,0.19413158,0.006748974,0.052390188,0.18667923,0.14883198,0.39567712,0.015540878
239,You are so cute!,Monica,joy,positive,22,12,5,5,"00:19:06,520","00:19:08,563",You are so cute!,joy,3,3,joy,True,0.015280932,0.0010459062,0.0011541322,0.94134843,0.016225668,0.0047842353,0.020160764
240,No.,Monica,joy,positive,22,13,5,5,"0:19:10,941","0:19:12,653",No.,joy,3,4,neutral,False,0.006077365,0.0039952276,0.0023630937,0.013360626,0.9552362,0.017810212,0.0011572525
241,"No, it was a fight.",Monica,neutral,neutral,22,14,5,5,"0:19:12,653","0:19:13,715","No, it was a fight.",neutral,4,4,neutral,True,0.074838035,0.006905636,0.031741407,0.032965366,0.79742366,0.043856416,0.012269534
242,You deal with it and move on!,Monica,joy,positive,22,15,5,5,"0:19:13,819","0:19:16,113",You deal with it and move on!,joy,3,0,anger,False,0.9178922,0.015074375,0.014940187,0.01898556,0.011483647,0.014041373,0.007582652
243,It's nothing to freak out about.,Monica,neutral,neutral,22,16,5,5,"0:19:16,113","0:19:18,227",It's nothing to freak out about.,neutral,4,4,neutral,True,0.020581443,0.0041258456,0.0028010446,0.28434804,0.67645377,0.009272429,0.0024174175
244,Really? Okay. Great!,Chandler,joy,positive,22,17,5,5,"00:19:18,866","00:19:21,826",Really? Okay. Great!,joy,3,3,joy,True,0.016893284,0.0016679858,0.001388548,0.89362246,0.008948863,0.0056678043,0.0718111
245,"Ohh, welcome to an adult relationship!",Monica,joy,positive,22,18,5,5,"00:19:22,202","00:19:24,996","Ohh, welcome to an adult relationship!",joy,3,3,joy,True,0.009749022,0.00082532794,0.00078183634,0.94894207,0.026174143,0.0036102375,0.009917418
246,We're in a relationship?,Chandler,surprise,negative,22,19,5,5,"00:19:28,917","00:19:30,251",We're in a relationship?,surprise,6,6,surprise,True,0.033074528,0.0041885288,0.007646188,0.008122479,0.074801356,0.012454539,0.85971236
247,I'm afraid so.,Monica,neutral,neutral,22,20,5,5,"0:19:33,463","0:19:34,673",I'm afraid so.,neutral,4,4,neutral,True,0.01049854,0.0028763078,0.022872861,0.03807688,0.88711846,0.036712736,0.0018442564
248,Okay.,Chandler,neutral,neutral,22,21,5,5,"0:19:34,673","0:19:36,575",Okay.,neutral,4,4,neutral,True,0.0075764908,0.0018695078,0.0009824752,0.04457576,0.94050366,0.0039436813,0.00054840284
249,Hi!,Rachel,joy,positive,23,0,5,6,"00:13:31,143","00:13:32,727",Hi!,joy,3,3,joy,True,0.0143403085,0.00074478035,0.0006996317,0.949595,0.019807633,0.0036564504,0.011156246
250,So you like the short hair better.,Danny,neutral,neutral,23,1,5,6,"00:13:35,856","00:13:37,941",So you like the short hair better.,neutral,4,4,neutral,True,0.027776828,0.058232944,0.0055603003,0.160594,0.69393086,0.047046535,0.0068585738
251,What? Yeti—I mean Danny?,Rachel,neutral,neutral,23,2,5,6,"00:13:36,941","00:13:42,904",What? Yeti—I mean Danny?,neutral,4,6,surprise,False,0.036866363,0.0036856853,0.015051771,0.026988741,0.41089776,0.025497017,0.48101267
252,Can I tell you a little secret?,Phoebe,neutral,neutral,24,0,5,3,"0:09:36,200","0:09:37,582",Can I tell you a little secret?,neutral,4,4,neutral,True,0.01677128,0.0021513514,0.009169842,0.015167202,0.94562966,0.0092464695,0.0018642292
253,Yeah!,Rachel,joy,positive,24,1,5,3,"0:09:37,582","0:09:38,121",Yeah!,joy,3,3,joy,True,0.058173105,0.003397488,0.002398697,0.8311484,0.08289924,0.0079361275,0.014046887
254,I want to keep one.,Phoebe,neutral,neutral,24,2,5,3,"00:09:39,120","00:09:40,996",I want to keep one.,neutral,4,4,neutral,True,0.05862571,0.01072953,0.017744012,0.08717146,0.71292657,0.11005026,0.0027524065
255,"Ohh, I'm gonna be on the news!",Rachel,joy,positive,24,3,5,3,"00:09:45,876","00:09:47,877","Ohh, I'm gonna be on the news!",joy,3,3,joy,True,0.06443242,0.005910508,0.017689021,0.43038118,0.087218516,0.054613393,0.3397549
257,What? Honey.,Monica,neutral,neutral,25,0,3,21,"00:04:13,503","00:04:15,170",What? Honey.,neutral,4,4,neutral,True,0.019293323,0.002509957,0.009805006,0.017077865,0.52167267,0.012711812,0.4169293
258,"Oh, I am, my side still hurts from when you crashed into me yesterday.",Rachel,neutral,neutral,25,1,3,21,"00:04:15,338","00:04:18,799","Oh, I am, my side still hurts from when you crashed into me yesterday.",neutral,4,5,sadness,False,0.011616623,0.009412346,0.046531424,0.037259787,0.03474579,0.84609747,0.014336627
259,"Oh God, I’m so sorry.",Monica,sadness,negative,25,2,3,21,"0:04:18,967","0:04:20,279","Oh God, I’m so sorry.",sadness,5,5,sadness,True,0.01725525,0.00826236,0.08111674,0.0588633,0.08945274,0.6236911,0.12135852
260,I know.,Rachel,neutral,neutral,25,3,3,21,"0:04:20,279","0:04:20,655",I know.,neutral,4,4,neutral,True,0.002713605,0.0011535125,0.0013026521,0.010687091,0.9759611,0.0073342416,0.0008477869
261,Ow!!,Rachel,anger,negative,25,4,3,21,"0:04:20,655","0:04:20,817",Ow!!,anger,0,6,surprise,False,0.26978374,0.060371738,0.030035557,0.046371967,0.011756191,0.040570714,0.54111004
262,Oh God!,Monica,surprise,negative,25,5,3,21,"00:04:20,885","00:04:22,511",Oh God!,surprise,6,6,surprise,True,0.048719987,0.02970526,0.033836618,0.04626822,0.013811483,0.06116789,0.7664906
263,"Hey, you guys! Guess what?",Ross,joy,positive,25,6,3,21,"00:04:23,763","00:04:25,722","Hey, you guys! Guess what?",joy,3,3,joy,True,0.07501483,0.006421889,0.0058502085,0.5645647,0.25250986,0.023534477,0.07210404
264,Got a job on a river boat?,Rachel,neutral,neutral,25,7,3,21,"00:04:29,727","00:04:31,270",Got a job on a river boat?,neutral,4,4,neutral,True,0.009834726,0.002671535,0.0028186168,0.012434186,0.9391484,0.017569277,0.015523268
265,"Y'know what I didn’t wear this suit for a year because you hated it. Well, guess what? You’re not my girlfriend anymore so...",Ross,anger,negative,25,8,3,21,"00:04:33,564","00:04:38,902","Y'know what I didn’t wear this suit for a year because you hated it. Well, guess what? You’re not my girlfriend anymore so...",anger,0,0,anger,True,0.31364164,0.28028977,0.016451115,0.027768262,0.06467237,0.279239,0.017937848
266,"Oh I see, so this suit is making a point.",Rachel,neutral,neutral,25,9,3,21,"00:04:39,070","00:04:41,571","Oh I see, so this suit is making a point.",neutral,4,4,neutral,True,0.119843274,0.009958628,0.008420948,0.10426004,0.72731143,0.022737155,0.007468565
268,"Now that you’re on you’re own, you’re free to look as stupid as you like.",Rachel,anger,negative,25,10,3,21,"00:04:41,739","00:04:44,908","Now that you’re on you’re own, you’re free to look as stupid as you like.",anger,0,0,anger,True,0.6255806,0.0834594,0.018354021,0.06744205,0.168915,0.031122116,0.005126845
269,You like it right?,Ross,neutral,neutral,25,11,3,21,"00:04:46,703","00:04:47,703",You like it right?,neutral,4,3,joy,False,0.09461576,0.010892183,0.01629137,0.39220348,0.29718986,0.04357299,0.14523444
270,Oh absolutely. I like it even more on you than I did on Colonel Sanders.  Ross! Ross! I’m kidding!,Monica,neutral,neutral,25,12,3,21,"00:04:47,870","00:04:54,376",Oh absolutely. I like it even more on you than I did on Colonel Sanders.  Ross! Ross! I’m kidding!,neutral,4,3,joy,False,0.029195052,0.0029870993,0.002950514,0.88404363,0.0105648115,0.0078111268,0.0624478
271,"Yeah, come here!",Rachel,neutral,neutral,25,13,3,21,"00:04:51,708","00:04:54,376","Yeah, come here!",neutral,4,3,joy,False,0.066703044,0.0033084669,0.0039565875,0.75772023,0.13957588,0.011675819,0.017059937
272,What-what was it you were gonna tell us?,Monica,neutral,neutral,25,14,3,21,"0:04:54,544","0:04:57,464",What-what was it you were gonna tell us?,neutral,4,2,fear,False,0.14166248,0.009241194,0.40962544,0.17675912,0.1664594,0.07392197,0.022330433
273,Yeah. Oh! Was how you invented the cotton gin?!,Rachel,neutral,neutral,25,15,3,21,"0:04:57,464","0:04:57,604",Yeah. Oh! Was how you invented the cotton gin?!,neutral,4,6,surprise,False,0.08905754,0.007043126,0.006640233,0.112241745,0.03953713,0.021860985,0.7236192
274,"Okay, good bye!",Ross,anger,negative,25,16,3,21,"00:04:57,714","00:04:58,797","Okay, good bye!",anger,0,3,joy,False,0.026710434,0.004029188,0.002686922,0.6458063,0.30004197,0.018550698,0.0021744557
275,Hey I got one! I got one!,Joey,joy,positive,26,0,1,9,"00:12:22,771","00:12:25,649",Hey I got one! I got one!,joy,3,3,joy,True,0.027039994,0.0013795426,0.0045754355,0.828122,0.110351786,0.010908846,0.017622435
276,Hi!,Man,joy,positive,27,0,8,20,"0:12:28,527","0:12:28,861",Hi!,joy,3,3,joy,True,0.0143403085,0.00074478,0.0006996317,0.949595,0.019807633,0.0036564504,0.011156246
277,Hi.,Phoebe,neutral,neutral,27,1,8,20,"0:12:28,861","0:12:29,628",Hi.,neutral,4,4,neutral,True,0.0017985282,0.00042537035,0.00041535046,0.004251649,0.9911582,0.0015729582,0.00037794578
278,"Oh uh, up or down?",Man,neutral,neutral,28,0,8,23,"0:12:29,737","0:12:30,699","Oh uh, up or down?",neutral,4,4,neutral,True,0.006759925,0.0019346465,0.020752843,0.022528853,0.9322285,0.013021421,0.0027738153
279,Oh down please.  I-I hate to be a ball buster can I just do it?,Phoebe,joy,positive,28,1,8,23,"0:12:30,699","0:12:33,472",Oh down please.  I-I hate to be a ball buster can I just do it?,joy,3,5,sadness,False,0.04147243,0.06779604,0.22458819,0.054398306,0.03993705,0.543987,0.027820963
280,Could you press up too please?,Man,neutral,neutral,28,2,8,23,"00:12:42,541","00:12:45,127",Could you press up too please?,neutral,4,2,fear,False,0.223613,0.0467747,0.41230607,0.04306038,0.076091394,0.1815295,0.016624866
281,Sure! I feel so bad for you. I broke my leg once too.,Phoebe,sadness,negative,28,3,8,23,"0:12:46,670","0:12:49,465",Sure! I feel so bad for you. I broke my leg once too.,sadness,5,5,sadness,True,0.015105935,0.0068009906,0.036927495,0.018006437,0.01734059,0.8966194,0.009199134
282,Oh yeah? How’d yours happen?,Man,neutral,neutral,28,4,8,23,"0:12:49,465","0:12:51,026",Oh yeah? How’d yours happen?,neutral,4,3,joy,False,0.059063304,0.004400627,0.027515963,0.53507537,0.29707384,0.040279374,0.0365915
283,"Well, it’s a long story.",Phoebe,neutral,neutral,28,5,8,23,"0:12:51,175","0:12:52,302","Well, it’s a long story.",neutral,4,4,neutral,True,0.017459288,0.0037262056,0.0055299224,0.022583922,0.8806447,0.056560088,0.013495847
284,It’s kind of embarrassing.,Phoebe,neutral,neutral,28,6,8,23,"0:12:52,302","0:12:53,656",It’s kind of embarrassing.,neutral,4,5,sadness,False,0.05739483,0.06679878,0.06206691,0.025105227,0.034781776,0.7177341,0.03611829
285,Let’s just say there was a typographical error with a sex manual.,Phoebe,joy,positive,28,7,8,23,"00:12:53,761","00:12:57,848",Let’s just say there was a typographical error with a sex manual.,joy,3,4,neutral,False,0.0069537023,0.0034415987,0.0020670504,0.007605325,0.96490324,0.009780701,0.005248284
286,How about you?,Phoebe,neutral,neutral,28,8,8,23,"0:12:59,934","0:13:00,644",How about you?,neutral,4,4,neutral,True,0.007068861,0.00073512405,0.0021937522,0.017457107,0.95967597,0.007993315,0.0048759026
287,Car accident.,Man,sadness,negative,28,9,8,23,"0:13:00,644","0:13:01,766",Car accident.,sadness,5,5,sadness,True,0.09360273,0.046813652,0.23847495,0.032657824,0.14507541,0.41633198,0.027043438
289,"Oh, let me guess some idiot on a cell phone wasn’t paying attention?",Man,neutral,neutral,28,10,8,23,"00:13:01,936","00:13:06,690","Oh, let me guess some idiot on a cell phone wasn’t paying attention?",neutral,4,4,neutral,True,0.09086398,0.010527765,0.028361725,0.08957692,0.70019805,0.039049048,0.041422572
290,"Yeah. Me.  Oh hey, that’s me.  Hey uh, I take it you’re just visiting someone.",Man,neutral,neutral,28,11,8,23,"00:13:04,690","00:13:14,657","Yeah. Me.  Oh hey, that’s me.  Hey uh, I take it you’re just visiting someone.",neutral,4,4,neutral,True,0.008490483,0.0019728234,0.0029431097,0.045115214,0.9204256,0.016314296,0.004738523
291,"Uh-huh, yeah.",Phoebe,neutral,neutral,28,12,8,23,"00:13:14,865","00:13:15,908","Uh-huh, yeah.",neutral,4,4,neutral,True,0.010027704,0.0056080734,0.010859395,0.06238288,0.8962659,0.013687957,0.0011681849
292,"Well umm, if you have sometime y’know and maybe you might want to visit someone else",Man,neutral,neutral,28,13,8,23,"00:13:16,075","00:13:20,246","Well umm, if you have sometime y’know and maybe you might want to visit someone else",neutral,4,4,neutral,True,0.0036180206,0.0006803284,0.0023087417,0.013342394,0.9749833,0.004539374,0.00052793266
293,Oh yeah! I-I would like that.,Phoebe,joy,positive,28,14,8,23,"00:13:20,496","00:13:22,206",Oh yeah! I-I would like that.,joy,3,3,joy,True,0.026270827,0.0038199085,0.014478522,0.8128977,0.09777574,0.02210331,0.022653982
295,Wait! What?! No!! Elevator!! No!,Phoebe,anger,negative,28,15,8,23,"00:13:22,273","00:13:28,170",Wait! What?! No!! Elevator!! No!,anger,0,6,surprise,False,0.11964928,0.03721669,0.1255042,0.07292989,0.03297812,0.10362873,0.5080931
296,"Uh, you gotta press the button.",Joey,neutral,neutral,28,16,8,23,"00:13:28,379","00:13:30,798","Uh, you gotta press the button.",neutral,4,4,neutral,True,0.019738743,0.009474236,0.10662764,0.03368283,0.78158647,0.045467976,0.0034220351
297,"Oh we did, and you still have all your lamps.",Chandler,neutral,neutral,29,0,9,19,"00:17:00,020","00:17:03,815","Oh we did, and you still have all your lamps.",neutral,4,4,neutral,True,0.0205115,0.0035117287,0.002377273,0.2566859,0.69219846,0.0129966065,0.011718551
298,"Oh, I didn't factor in the room tax.",Chandler,surprise,negative,29,1,9,19,"00:17:05,817","00:17:09,571","Oh, I didn't factor in the room tax.",surprise,6,4,neutral,False,0.058658704,0.008709084,0.00514416,0.05824433,0.82426584,0.032250207,0.012727572
299,"Oh dude, don't worry about it, I found an unattended maid's car.    We're way ahead of the game.",Ross,neutral,neutral,29,2,9,19,"00:17:09,738","00:17:14,826","Oh dude, don't worry about it, I found an unattended maid's car.    We're way ahead of the game.",neutral,4,4,neutral,True,0.0070079826,0.0015618346,0.002154722,0.10556453,0.87562823,0.0067366087,0.0013460248
300,Oh my god.,Ross,surprise,positive,29,3,9,19,"0:17:14,993","0:17:16,036",Oh my god.,surprise,6,6,surprise,True,0.020699557,0.008854695,0.0050039617,0.010314301,0.005921491,0.008509924,0.94069606
301,What?,Chandler,surprise,positive,29,4,9,19,"0:17:16,036","0:17:17,371",What?,surprise,6,6,surprise,True,0.024754362,0.003382966,0.010811305,0.007752993,0.24595112,0.00916547,0.6981818
302,There's something new in the bowl.,Ross,surprise,positive,29,5,9,19,"00:17:17,454","00:17:20,081",There's something new in the bowl.,surprise,6,4,neutral,False,0.017615031,0.003888474,0.0019565367,0.06258543,0.8333401,0.011705347,0.068909094
303,"Look, we have enough, just walk away.",Chandler,fear,negative,29,6,9,19,"0:17:20,248","0:17:22,270","Look, we have enough, just walk away.",fear,2,4,neutral,False,0.30330324,0.030592589,0.05915628,0.09362639,0.39157858,0.1179341,0.0038087617
304,"No, but I want...I want the pinecones!",Ross,joy,positive,29,7,9,19,"0:17:22,270","0:17:25,107","No, but I want...I want the pinecones!",joy,3,3,joy,True,0.27843124,0.007385044,0.041570812,0.49655563,0.107590236,0.04947373,0.018993309
305,There's a forest right outside.,Chandler,neutral,neutral,29,8,9,19,"0:17:25,920","0:17:27,922",There's a forest right outside.,neutral,4,4,neutral,True,0.02253836,0.0148805175,0.0102183,0.029876648,0.8689743,0.045269005,0.008242872
306,It's not the same.,Ross,neutral,neutral,29,9,9,19,"0:17:27,922","0:17:29,758",It's not the same.,neutral,4,4,neutral,True,0.064236104,0.013378517,0.013373618,0.06877991,0.74585325,0.050633375,0.043745175
307,"Ok, go quick!",Chandler,fear,negative,29,10,9,19,"00:17:29,883","00:17:32,427","Ok, go quick!",fear,2,2,fear,True,0.18031898,0.014584384,0.31519702,0.17864369,0.23554449,0.05183408,0.023877366
308,Thank you for a delightful stay.,Ross,joy,positive,29,11,9,19,"00:17:39,350","00:17:42,145",Thank you for a delightful stay.,joy,3,3,joy,True,0.012512586,0.0013113759,0.0009587498,0.8810633,0.089749016,0.01205947,0.0023454956
309,"Oh, my maple candy!",Ross,joy,positive,29,12,9,19,"00:17:50,653","00:17:53,615","Oh, my maple candy!",joy,3,3,joy,True,0.028620176,0.0046416894,0.0044633984,0.6885413,0.018868135,0.028475935,0.22638942
310,"Oh my God, what happened?",Rachel,surprise,negative,30,0,3,3,"00:16:54,013","00:16:55,680","Oh my God, what happened?",surprise,6,6,surprise,True,0.014021472,0.0034238198,0.0047494504,0.006473417,0.012178383,0.0071117054,0.9520417
311,"Oh. God, crazy Chandler. He spun me...off...the...bed!",Janice,joy,positive,30,1,3,3,"00:16:55,848","00:17:00,393","Oh. God, crazy Chandler. He spun me...off...the...bed!",joy,3,6,surprise,False,0.11149338,0.00815964,0.0057416535,0.026343817,0.0077526374,0.017765453,0.8227434
312,Wow! Spinning that sounds like fun.,Rachel,joy,positive,30,2,3,3,"00:17:00,644","00:17:04,272",Wow! Spinning that sounds like fun.,joy,3,3,joy,True,0.028169395,0.0029249524,0.002263307,0.6547127,0.01019903,0.007346636,0.2943841
313,"Oh,  I wish. No, you know he was just trying Ross's Hug and Roll thing.",Janice,joy,positive,30,3,3,3,"00:17:05,691","00:17:11,404","Oh,  I wish. No, you know he was just trying Ross's Hug and Roll thing.",joy,3,5,sadness,False,0.016993335,0.0059507573,0.015329108,0.28061086,0.3040309,0.3513523,0.025732696
314,Ross's what?,Rachel,surprise,positive,30,4,3,3,"00:17:14,450","00:17:15,491",Ross's what?,surprise,6,4,neutral,False,0.02657066,0.0031841835,0.008553281,0.007927334,0.5256104,0.009576016,0.41857812
315,"You know what, where he hugs you and kinda rolls you away and... Oh... my....God.",Janice,disgust,negative,30,5,3,3,"00:17:15,659","00:17:27,045","You know what, where he hugs you and kinda rolls you away and... Oh... my....God.",disgust,1,6,surprise,False,0.04057673,0.014837775,0.011018282,0.4094523,0.013622513,0.0496376,0.4608548
316,"Whoops.  Oh, hey, do you need help with that?",Rachel,neutral,neutral,31,0,4,13,"00:12:52,521","00:12:54,522","Whoops.  Oh, hey, do you need help with that?",neutral,4,4,neutral,True,0.023481758,0.009312849,0.010563744,0.17760272,0.4479547,0.01921485,0.31186938
317,"Yes!! Yes! Yes! Yes!! That’s my Dad, that’s Frank! Yeah! I’m sorry I’m getting all flingy.",Phoebe,surprise,positive,32,0,3,25,"00:05:53,186","00:06:00,442","Yes!! Yes! Yes! Yes!! That’s my Dad, that’s Frank! Yeah! I’m sorry I’m getting all flingy.",surprise,6,3,joy,False,0.05299423,0.005317659,0.019974075,0.7149575,0.04153073,0.061861485,0.10336438
318,"Take it easy--if you want, there’s cookies on the counter, or, or--sangria!  I can make sangria!",Phoebe Sr,joy,positive,32,1,3,25,"00:06:00,651","00:06:06,156","Take it easy--if you want, there’s cookies on the counter, or, or--sangria!  I can make sangria!",joy,3,3,joy,True,0.05540503,0.0022475359,0.0048128804,0.85555875,0.06171589,0.012396346,0.007863607
319,"No-no, sorry. Cookies are good, thanks.",Phoebe,neutral,neutral,32,2,3,25,"0:06:06,324","0:06:09,119","No-no, sorry. Cookies are good, thanks.",neutral,4,4,neutral,True,0.010585733,0.0026243613,0.0020235186,0.41532958,0.5396981,0.027717084,0.0020215975
320,Oh.,Phoebe Sr,neutral,neutral,32,3,3,25,"0:06:09,119","0:06:09,303",Oh.,neutral,4,4,neutral,True,0.009096308,0.00844626,0.02537676,0.065279745,0.78710914,0.09622177,0.00846995
321,"Well, so, umm, anyway umm, I’ve been, I’ve been looking for my Father, and umm, have you heard from him, or seen him?",Phoebe,neutral,neutral,32,4,3,25,"00:06:09,827","00:06:19,336","Well, so, umm, anyway umm, I’ve been, I’ve been looking for my Father, and umm, have you heard from him, or seen him?",neutral,4,4,neutral,True,0.012950725,0.00519171,0.07884955,0.043230202,0.74376005,0.099497184,0.016520461
322,"Oh no, I-I’m sorry, I guess we lost track of everybody after high school.",Phoebe Sr,sadness,negative,32,5,3,25,"00:06:18,000","00:06:22,047","Oh no, I-I’m sorry, I guess we lost track of everybody after high school.",sadness,5,5,sadness,True,0.026595749,0.009016264,0.16002643,0.085817024,0.12415925,0.45318797,0.14119728
323,"Oh, okay. Well, so tell me everything about my parents. Everything.",Phoebe,neutral,neutral,32,6,3,25,"00:06:23,758","00:06:29,429","Oh, okay. Well, so tell me everything about my parents. Everything.",neutral,4,4,neutral,True,0.05377951,0.0046130395,0.012459894,0.14100774,0.72003037,0.056443993,0.011665509
324,"Ohh, well. Y'know we were always together, in fact the had a nickname for the three of us.",Phoebe Sr,neutral,neutral,32,7,3,25,"00:06:29,597","00:06:35,018","Ohh, well. Y'know we were always together, in fact the had a nickname for the three of us.",neutral,4,4,neutral,True,0.009509007,0.0020023603,0.0017274781,0.17017125,0.79810697,0.015112073,0.003370797
325,"Oh, what? What was it?",Phoebe,surprise,positive,32,8,3,25,"0:06:35,186","0:06:36,658","Oh, what? What was it?",surprise,6,6,surprise,True,0.016757943,0.0019903365,0.011092122,0.022434948,0.29785326,0.012163157,0.6377082
326,The three losers.,Phoebe Sr,sadness,negative,32,9,3,25,"0:06:36,658","0:06:38,195",The three losers.,sadness,5,4,neutral,False,0.08179041,0.012895161,0.0072268965,0.04310716,0.7996895,0.04475742,0.01053344
327,"Oh, poor Lily.",Phoebe Sr,sadness,negative,32,10,3,25,"00:06:39,107","00:06:40,857","Oh, poor Lily.",sadness,5,5,sadness,True,0.015318332,0.017215462,0.024598576,0.038342614,0.032346506,0.8441349,0.028043471
328,"Ohh, y'know I-I heard about what happened, that must have been just terrible for you, losing your mother that way.",Phoebe Sr,sadness,negative,32,11,3,25,"00:06:42,568","00:06:49,241","Ohh, y'know I-I heard about what happened, that must have been just terrible for you, losing your mother that way.",sadness,5,5,sadness,True,0.01365966,0.0056900894,0.059451975,0.0183848,0.022244625,0.8683151,0.012253738
329,"Yeah, no, it was great.",Phoebe,joy,positive,32,12,3,25,"00:06:50,076","00:06:52,285","Yeah, no, it was great.",joy,3,3,joy,True,0.019086674,0.0053563444,0.0026952778,0.71126646,0.24055481,0.017620344,0.003420119
330,"Well, alright, we already tried feeding her, changing her,  burping her, oh try this one!",Phoebe,sadness,negative,33,0,9,2,"00:07:20,064","00:07:28,029","Well, alright, we already tried feeding her, changing her,  burping her, oh try this one!",sadness,5,0,anger,False,0.4434088,0.021980429,0.021461876,0.29532135,0.07696341,0.09599089,0.044873267
331,Go back in time and listen to Phoebe!,Phoebe,anger,negative,33,1,9,2,"00:07:23,901","00:07:28,029",Go back in time and listen to Phoebe!,anger,0,0,anger,True,0.8518704,0.015458927,0.033413358,0.02668996,0.018603,0.039682023,0.014282337
332,"Alright here’s something, it says to try holding the baby  close to your body and then swing her rapidly from side to side.",Monica,neutral,neutral,33,2,9,2,"00:07:30,158","00:07:37,622","Alright here’s something, it says to try holding the baby  close to your body and then swing her rapidly from side to side.",neutral,4,4,neutral,True,0.030488297,0.00600003,0.025511311,0.06919681,0.85262907,0.014905786,0.0012686296
333,Ok.,Rachel,neutral,neutral,33,3,9,2,"00:07:38,332","00:07:40,000",Ok.,neutral,4,4,neutral,True,0.010469922,0.0022810788,0.0012726769,0.018005641,0.9645768,0.0029411209,0.0004527704
334,It worked!,Monica,surprise,positive,33,4,9,2,"00:07:48,301","00:07:49,801",It worked!,surprise,6,6,surprise,True,0.11460242,0.0076784636,0.007521307,0.116088964,0.037682857,0.030221103,0.6862049
335,Oh  oh no just stopped to throw up a little bit.,Rachel,sadness,negative,33,5,9,2,"00:07:51,429","00:07:53,763",Oh  oh no just stopped to throw up a little bit.,sadness,5,3,joy,False,0.09674412,0.036432054,0.09771586,0.27425647,0.1860518,0.1675119,0.14128783
336,"Oh come on, what am I gonna do, its been hours and it  won’t stop crying.",Rachel,sadness,negative,33,6,9,2,"00:07:56,601","00:08:01,813","Oh come on, what am I gonna do, its been hours and it  won’t stop crying.",sadness,5,5,sadness,True,0.018532993,0.0070515336,0.13292079,0.028206008,0.040625095,0.76082236,0.011841238
337,"Umm, she Rach, not it, she.",Monica,neutral,neutral,33,7,9,2,"0:08:03,065","0:08:06,152","Umm, she Rach, not it, she.",neutral,4,4,neutral,True,0.056577146,0.013233444,0.090229325,0.09539212,0.6116658,0.120545,0.012357095
338,"Yeah, I’m not so sure.",Rachel,neutral,neutral,33,8,9,2,"0:08:06,152","0:08:07,390","Yeah, I’m not so sure.",neutral,4,4,neutral,True,0.014926704,0.0056331498,0.027185788,0.035199028,0.8750788,0.025002716,0.016973842
339,"Oh my god, I am losing my mind.",Monica,anger,negative,33,9,9,2,"00:08:08,154","00:08:11,573","Oh my god, I am losing my mind.",anger,0,0,anger,True,0.5002368,0.061394863,0.1491593,0.03352458,0.022768946,0.14961722,0.08329823
340,"Yeah, no kidding, this just proves no good can come from  having sex with Ross!",Phoebe,anger,negative,33,10,9,2,"00:08:08,154","00:08:15,494","Yeah, no kidding, this just proves no good can come from  having sex with Ross!",anger,0,0,anger,True,0.35635728,0.029829886,0.067794226,0.10984048,0.05369436,0.2738393,0.108644456
341,"Well, you’re not.",Monica,neutral,neutral,34,0,6,15,"00:17:46,732","00:17:48,107","Well, you’re not.",neutral,4,4,neutral,True,0.13923682,0.029528856,0.04748781,0.16706516,0.42987525,0.1031078,0.08369838
342,"Oh, it’s so easy for you I mean, you’re not married, you get to have sex with who ever you want!",Rachel,disgust,negative,34,1,6,15,"00:17:48,317","00:17:51,819","Oh, it’s so easy for you I mean, you’re not married, you get to have sex with who ever you want!",disgust,1,5,sadness,False,0.21559753,0.014158893,0.06312668,0.21243753,0.08736169,0.2624151,0.1449026
343,"Yeah I can!  And don’t think I don’t, because I do! I mean all the time, you betcha!",Monica,joy,positive,34,2,6,15,"00:17:52,071","00:17:58,868","Yeah I can!  And don’t think I don’t, because I do! I mean all the time, you betcha!",joy,3,3,joy,True,0.10921393,0.005701396,0.04307666,0.64801353,0.116254665,0.06038404,0.017355751
344,"Monica. You’ve, you’ve done it right?",Rachel,surprise,positive,34,3,6,15,"00:18:01,205","00:18:06,542","Monica. You’ve, you’ve done it right?",surprise,6,3,joy,False,0.2290058,0.008117595,0.081995375,0.24142402,0.19289267,0.17241283,0.07415177
345,"Of course I have! What do you think, I’m some 30 year old virgin?",Monica,anger,negative,34,4,6,15,"00:18:08,504","00:18:13,446","Of course I have! What do you think, I’m some 30 year old virgin?",anger,0,6,surprise,False,0.07857227,0.005814881,0.011768507,0.061871026,0.05095706,0.022534147,0.76848215
346,Oh my God! You’re a 30 year old virgin!,Rachel,surprise,negative,34,5,6,15,"00:18:13,634","00:18:17,053",Oh my God! You’re a 30 year old virgin!,surprise,6,6,surprise,True,0.025323177,0.0077764196,0.0060696728,0.015001832,0.0060051214,0.012311877,0.92751205
347,"Say it louder, I don’t think the guy all the way in the back heard you!",Monica,disgust,negative,34,6,6,15,"00:18:19,181","00:18:21,516","Say it louder, I don’t think the guy all the way in the back heard you!",disgust,1,6,surprise,False,0.12382246,0.0349826,0.1289853,0.08260273,0.2854249,0.052409194,0.29177275
348,"It’s not like, I haven’t any opportunities.",Monica,anger,negative,34,7,6,15,"00:18:25,979","00:18:28,689","It’s not like, I haven’t any opportunities.",anger,0,5,sadness,False,0.1292361,0.014092571,0.17156541,0.06729313,0.15685762,0.43650636,0.024448762
349,"I mean, y’know, I’m just waiting for the perfect guy.",Monica,neutral,neutral,34,8,6,15,"00:18:28,899","00:18:30,983","I mean, y’know, I’m just waiting for the perfect guy.",neutral,4,5,sadness,False,0.21113433,0.017738152,0.07471824,0.15954697,0.16417342,0.36714447,0.005544319
350,"I’m seeing this guy Roger, all right?",Monica,neutral,neutral,34,9,6,15,"00:18:31,401","00:18:33,861","I’m seeing this guy Roger, all right?",neutral,4,4,neutral,True,0.093736045,0.035754766,0.040621925,0.083245836,0.41223574,0.100590326,0.23381539
351,"He’s not perfect, but umm, I think maybe I should just get it over with.",Monica,neutral,neutral,34,10,6,15,"00:18:32,500","00:18:36,656","He’s not perfect, but umm, I think maybe I should just get it over with.",neutral,4,4,neutral,True,0.012695178,0.0068272776,0.09339807,0.089922294,0.51300806,0.26948985,0.014659214
352,"Y’know, give him my flower.",Monica,neutral,neutral,34,11,6,15,"00:18:36,907","00:18:38,908","Y’know, give him my flower.",neutral,4,4,neutral,True,0.0140685765,0.0032816168,0.002457044,0.06584443,0.90048164,0.013328235,0.0005383984
353,"Oh my God!! Do it!! Honey, you’ve waited",Rachel,surprise,negative,34,12,6,15,"00:18:40,661","00:18:46,374","Oh my God!! Do it!! Honey, you’ve waited",surprise,6,6,surprise,True,0.07287206,0.008000724,0.07408226,0.11921737,0.029169781,0.14173771,0.55492014
354,Y’know what? You are right?!,Monica,surprise,positive,34,13,6,15,"00:18:46,583","00:18:51,212",Y’know what? You are right?!,surprise,6,3,joy,False,0.117061995,0.0040776352,0.010252942,0.74299103,0.08012716,0.026050478,0.019438736
356,I mean sex does not have to be a big deal!,Rachel,anger,negative,34,14,6,15,"00:18:46,583","00:18:51,212",I mean sex does not have to be a big deal!,anger,0,0,anger,True,0.35667336,0.02241133,0.13328414,0.05699071,0.05302834,0.2576281,0.119984046
357,There shouldn’t be all this rules and restrictions!,Rachel,anger,negative,34,15,6,15,"00:18:52,421","00:18:54,340",There shouldn’t be all this rules and restrictions!,anger,0,0,anger,True,0.62057877,0.028129427,0.1612255,0.029050592,0.02709031,0.10578669,0.028138764
358,"Y’know, people should be able to sleep with who ever they want, whenever",Rachel,neutral,neutral,34,16,6,15,"00:18:54,550","00:18:57,677","Y’know, people should be able to sleep with who ever they want, whenever",neutral,4,4,neutral,True,0.0067566712,0.0014148254,0.0008629186,0.018775675,0.9693542,0.0024685652,0.0003671444
359,Rachel! I’m never gonna think it’s okay for you to cheat on your husband!,Monica,anger,negative,34,17,6,15,"00:18:57,928","00:19:01,556",Rachel! I’m never gonna think it’s okay for you to cheat on your husband!,anger,0,5,sadness,False,0.12177573,0.030208236,0.11674157,0.029019464,0.018250544,0.62740564,0.056598864
360,Oh what do you know? Virgin!,Rachel,anger,negative,34,18,6,15,"00:19:01,723","00:19:03,516",Oh what do you know? Virgin!,anger,0,3,joy,False,0.07190213,0.01290188,0.009867846,0.47394443,0.045410458,0.017485738,0.36848745
361,"Push, push!",All,neutral,neutral,35,0,1,23,"0:17:05,983","0:17:07,944","Push, push!",neutral,4,2,fear,False,0.26251057,0.028792467,0.3144377,0.22923544,0.073901884,0.05016963,0.040952288
362,We're here!,Ross,joy,positive,35,1,1,23,"0:17:07,944","0:17:08,084",We're here!,joy,3,3,joy,True,0.036380854,0.000941817,0.0017761932,0.85431695,0.09066285,0.0082600815,0.007661279
363,Where have you been?,Carol,neutral,neutral,35,2,1,23,"00:17:10,029","00:17:12,822",Where have you been?,neutral,4,4,neutral,True,0.0056461166,0.0005878071,0.002014168,0.0054084267,0.96607625,0.0041893176,0.016077956
364,"Long story, honey.",Ross,neutral,neutral,35,3,1,23,"00:17:12,990","00:17:14,115","Long story, honey.",neutral,4,4,neutral,True,0.0033832246,0.0010334073,0.00060586905,0.008014262,0.9835549,0.0028380118,0.0005703722
365,"All right, Carol, I need you to keep pushing. I need— Excuse me, could I have this?",Dr. Franzblau,neutral,neutral,35,4,1,23,"00:17:14,283","00:17:18,411","All right, Carol, I need you to keep pushing. I need— Excuse me, could I have this?",neutral,4,2,fear,False,0.123858504,0.009391944,0.4291942,0.071925156,0.20969625,0.14054887,0.015384972
366,C'mon up.,Rachel,neutral,neutral,36,0,1,24,"00:17:56,909","00:17:57,992",C'mon up.,neutral,4,4,neutral,True,0.033638123,0.0046515404,0.0033867373,0.25956926,0.6898897,0.007073298,0.0017912228
367,Behind my brother's back?  ... is exactly the kind of crazy thing you won't be hearing from me.,Monica,anger,negative,36,1,1,24,"00:17:58,202","00:18:05,249",Behind my brother's back?  ... is exactly the kind of crazy thing you won't be hearing from me.,anger,0,0,anger,True,0.5132341,0.05258812,0.06561698,0.026477652,0.02471978,0.0739562,0.24340713
368,"So, I hear, you hate me!",Janice,anger,negative,37,0,3,1,"00:13:51,664","00:13:54,707","So, I hear, you hate me!",anger,0,0,anger,True,0.4889183,0.31897837,0.039534364,0.028970245,0.0126133,0.08072547,0.03025993
369,"I, ah, I never said hate, I was very careful about that.",Joey,neutral,neutral,37,1,3,1,"00:13:55,918","00:14:00,421","I, ah, I never said hate, I was very careful about that.",neutral,4,4,neutral,True,0.22198437,0.08352223,0.06464617,0.111223355,0.32216072,0.18070874,0.01575438
370,A little birdie told me something about you wanting to rip your arm off and throw it at me.,Janice,anger,negative,37,2,3,1,"00:14:00,589","00:14:05,844",A little birdie told me something about you wanting to rip your arm off and throw it at me.,anger,0,0,anger,True,0.46689945,0.12444206,0.035370175,0.14911948,0.09959355,0.11529316,0.009282133
371,And you got a 'hate' from that?! Your taking a big leap there...,Joey,fear,negative,37,3,3,1,"00:14:07,304","00:14:11,558",And you got a 'hate' from that?! Your taking a big leap there...,fear,2,0,anger,False,0.67903376,0.16479264,0.02923496,0.015758043,0.010204378,0.059196573,0.041779645
372,"All right, fine, fine, fine, fine, fine, we've got to do something about our little situation here Joey.",Janice,anger,negative,37,4,3,1,"00:14:11,725","00:14:17,605","All right, fine, fine, fine, fine, fine, we've got to do something about our little situation here Joey.",anger,0,4,neutral,False,0.2031764,0.015011839,0.1524488,0.072750546,0.4652262,0.0867516,0.0046346174
373,"So, this is my idea: you and me spending some quality time together.",Janice,neutral,neutral,37,5,3,1,"00:14:17,773","00:14:23,486","So, this is my idea: you and me spending some quality time together.",neutral,4,3,joy,False,0.18997315,0.010133102,0.026666202,0.35300055,0.23998508,0.1699483,0.010293632
374,But what does that gonna do...,Joey,anger,negative,37,6,3,1,"00:14:24,697","00:14:26,060",But what does that gonna do...,anger,0,2,fear,False,0.08349051,0.02611295,0.5600142,0.06931601,0.14936538,0.09830104,0.013399884
375,For Chandler!,Janice,anger,negative,37,7,3,1,"00:14:26,198","00:14:27,615",For Chandler!,anger,0,3,joy,False,0.08778285,0.005584607,0.004227577,0.6694094,0.16360494,0.0237227,0.045667935
376,"Guess what, I got an audition!",Student,joy,positive,38,0,3,7,"00:13:21,133","00:13:23,176","Guess what, I got an audition!",joy,3,3,joy,True,0.021523925,0.001001745,0.002698608,0.87934756,0.05192968,0.0109399,0.032558605
377,"Awww, one of my students got an audition. I’m so proud.",Joey,joy,positive,38,1,3,7,"00:13:23,344","00:13:26,805","Awww, one of my students got an audition. I’m so proud.",joy,3,3,joy,True,0.009152806,0.0010323332,0.0011145897,0.95070666,0.009889496,0.0068360493,0.021268029
378,I was wondering if you would consider coaching me for it?,Student,neutral,neutral,38,2,3,7,"00:13:28,349","00:13:30,892",I was wondering if you would consider coaching me for it?,neutral,4,4,neutral,True,0.084515296,0.013501029,0.092789665,0.11694558,0.45813188,0.11405501,0.120061636
379,You bet! What’s the part?,Joey,joy,positive,38,3,3,7,"00:13:31,060","00:13:33,000",You bet! What’s the part?,joy,3,3,joy,True,0.084477924,0.00390263,0.0061434116,0.6188951,0.21450154,0.026617665,0.04546174
380,"Oh it’s great, it’s a role on",Student,joy,positive,38,4,3,7,"00:13:31,060","00:18:36,000","Oh it’s great, it’s a role on",joy,3,3,joy,True,0.012254166,0.001232294,0.0030017642,0.8882326,0.065570846,0.010613683,0.019094693
381,"Hi!  Hi!  Hi. Has umm, anyone seen Chandler?",Ross,neutral,neutral,39,0,7,24,"00:10:53,444","00:11:04,037","Hi!  Hi!  Hi. Has umm, anyone seen Chandler?",neutral,4,4,neutral,True,0.012968855,0.0011239118,0.003931847,0.385052,0.5226324,0.010418397,0.063872576
382,I thought he was with you.,Mr. Geller,neutral,neutral,39,1,7,24,"00:11:04,246","00:11:06,248",I thought he was with you.,neutral,4,4,neutral,True,0.016348599,0.0030924494,0.007939885,0.0061270045,0.71235216,0.0067343526,0.24740553
383,"He-he was with me umm, we’re playing a little game, y’know? Hide and seek.",Ross,neutral,neutral,39,2,7,24,"00:11:06,248","00:11:10,210","He-he was with me umm, we’re playing a little game, y’know? Hide and seek.",neutral,4,4,neutral,True,0.018967569,0.008516562,0.12831795,0.03961086,0.745722,0.050440572,0.008424445
384,"You can’t ask us son, that’s cheating.",Mr. Geller,neutral,neutral,39,3,7,24,"00:11:10,419","00:11:13,296","You can’t ask us son, that’s cheating.",neutral,4,5,sadness,False,0.25485668,0.070537336,0.06237083,0.0573282,0.109520756,0.33035603,0.115030184
385,"You’re right, thanks for keeping me honest dad.",Ross,neutral,neutral,39,4,7,24,"00:11:18,135","00:11:21,805","You’re right, thanks for keeping me honest dad.",neutral,4,4,neutral,True,0.032056987,0.005442431,0.0029413062,0.35184836,0.5732163,0.032997653,0.001496875
386,"Well, he better not come by here. He can’t see the bride in the wedding dress.",Mrs. Geller,neutral,neutral,39,5,7,24,"00:11:22,014","00:11:25,809","Well, he better not come by here. He can’t see the bride in the wedding dress.",neutral,4,5,sadness,False,0.100007266,0.0348996,0.2777894,0.080035284,0.18141495,0.30060765,0.0252458
387,"As I recall when we got married, I saw the groom in the wedding dress.",Mrs. Bing,joy,positive,39,6,7,24,"00:11:26,018","00:11:30,313","As I recall when we got married, I saw the groom in the wedding dress.",joy,3,4,neutral,False,0.045107856,0.023891773,0.011653695,0.13410701,0.5975148,0.16645668,0.02126817
388,"But that was after the wedding, it’s not bad luck then.",Mr. Bing,neutral,neutral,39,7,7,24,"00:11:31,273","00:11:34,651","But that was after the wedding, it’s not bad luck then.",neutral,4,3,joy,False,0.0381076,0.0059866305,0.010849556,0.45866084,0.3155563,0.16334274,0.007496246
389,"Honey, it isn’t good luck.",Mrs. Bing,neutral,neutral,39,8,7,24,"00:11:34,860","00:11:37,028","Honey, it isn’t good luck.",neutral,4,4,neutral,True,0.019931428,0.0051502176,0.0074921963,0.27449933,0.44509804,0.24179852,0.0060303197
390,Oh my God! Monica!,Ross,surprise,positive,39,9,7,24,"00:11:41,367","00:11:44,494",Oh my God! Monica!,surprise,6,6,surprise,True,0.026904857,0.0072059096,0.0047631767,0.012521247,0.004839609,0.009848977,0.9339162
391,"I know! Hey, how’s Chandler doin’?",Monica,neutral,neutral,39,10,7,24,"00:11:44,704","00:11:50,917","I know! Hey, how’s Chandler doin’?",neutral,4,3,joy,False,0.031411886,0.0019205482,0.003924827,0.5477779,0.36623883,0.017765349,0.0309606
392,Great. He’s doing great. Don’t you worry about Chandler.,Ross,neutral,neutral,39,11,7,24,"00:11:49,917","00:11:54,921",Great. He’s doing great. Don’t you worry about Chandler.,neutral,4,3,joy,False,0.019405238,0.0031190184,0.0011041831,0.93029845,0.03656234,0.0049864496,0.0045243683
395,Yeah baby!,Monica,joy,positive,40,0,7,16,"00:19:50,000","00:19:51,480",Yeah baby!,joy,3,3,joy,True,0.021668803,0.0034266028,0.0021694812,0.914439,0.041863233,0.0075023393,0.0089305295
396,"I’m really glad you guys are okay but, I just keep thinking what would happen if-if you two  actually had hooked up.",Phoebe,neutral,neutral,40,1,7,16,"00:19:53,650","00:20:00,907","I’m really glad you guys are okay but, I just keep thinking what would happen if-if you two  actually had hooked up.",neutral,4,3,joy,False,0.03903009,0.0033219561,0.056576382,0.47520933,0.30011714,0.099601634,0.026143486
397,"So, we did okay at the strip club, right?",Monica,neutral,neutral,41,0,4,14,"00:17:28,839","00:17:32,300","So, we did okay at the strip club, right?",neutral,4,4,neutral,True,0.016959378,0.0034443855,0.003602044,0.057876375,0.8883937,0.025890414,0.0038336776
398,"Oh yeah, that was great. Thanks to you, the hottest cocktail waitress there is quitting to teach the third grade!",Chandler,anger,negative,41,1,4,14,"00:17:32,468","00:17:37,221","Oh yeah, that was great. Thanks to you, the hottest cocktail waitress there is quitting to teach the third grade!",anger,0,3,joy,False,0.011681522,0.0011008468,0.0006022231,0.9613766,0.012341795,0.0029094764,0.00998743
399,I can’t believe it! He still hasn’t called.,Rachel,anger,negative,41,2,4,14,"00:17:38,098","00:17:40,099",I can’t believe it! He still hasn’t called.,anger,0,6,surprise,False,0.06328345,0.016421486,0.061344296,0.049564432,0.034428943,0.09997125,0.6749862
400,"Who, Josh?",Phoebe,surprise,negative,41,3,4,14,"0:17:40,267","0:17:41,359","Who, Josh?",surprise,6,4,neutral,False,0.012916905,0.001300119,0.0035179001,0.009999141,0.8385415,0.007994664,0.12572974
401,It’s Joshua.,Rachel,anger,negative,41,4,4,14,"0:17:41,359","0:17:42,529",It’s Joshua.,anger,0,4,neutral,False,0.005837978,0.001020491,0.00077784865,0.017205317,0.9681171,0.0046182647,0.002422952
402,"What, he doesn’t like Josh?",Monica,surprise,negative,41,5,4,14,"0:17:42,644","0:17:43,937","What, he doesn’t like Josh?",surprise,6,6,surprise,True,0.0333276,0.006891656,0.0108727105,0.010792975,0.107478485,0.012207147,0.81842947
403,"No, I don’t.",Rachel,disgust,negative,41,6,4,14,"0:17:43,937","0:17:45,216","No, I don’t.",disgust,1,4,neutral,False,0.07964755,0.017183803,0.12505478,0.122114,0.47629496,0.15791538,0.021789405
404,"All right, well I’m gonna put my sweats back on.",Chandler,neutral,neutral,41,7,4,14,"00:17:46,523","00:17:48,816","All right, well I’m gonna put my sweats back on.",neutral,4,4,neutral,True,0.06999071,0.033229504,0.014101036,0.113804705,0.7079001,0.059166364,0.0018075766
405,Oh no!,Phoebe,surprise,negative,41,8,4,14,"00:17:48,984","00:17:50,985",Oh no!,surprise,6,6,surprise,True,0.06938658,0.06487097,0.053071145,0.05513973,0.024938792,0.044555444,0.68803734
407,Wait!,Phoebe,surprise,negative,41,9,4,14,"0:17:48,984","0:17:50,046",Wait!,surprise,6,6,surprise,True,0.0690768,0.016631335,0.09216327,0.0772243,0.05460114,0.1107779,0.57952523
408,"Okay, y’know what, you were right, you were right.",Phoebe,sadness,negative,41,10,4,14,"0:17:50,046","0:17:51,033","Okay, y’know what, you were right, you were right.",sadness,5,3,joy,False,0.15574224,0.006449342,0.026119482,0.41517478,0.33883768,0.054203454,0.003473059
409,"We really weren’t great at being guys, but you know why?",Phoebe,sadness,negative,41,11,4,14,"00:17:51,153","00:17:54,072","We really weren’t great at being guys, but you know why?",sadness,5,4,neutral,False,0.076904014,0.008348324,0.015879106,0.0944272,0.595721,0.062160566,0.14655983
410,Because we’re girls.,Phoebe,neutral,neutral,41,12,4,14,"00:17:54,239","00:17:56,616",Because we’re girls.,neutral,4,4,neutral,True,0.01629132,0.00708746,0.0019786688,0.044053633,0.9111309,0.015943518,0.0035145786
412,"Thank you, thanks.",Ross,joy,positive,42,0,4,7,"00:21:19,569","00:21:21,779","Thank you, thanks.",joy,3,3,joy,True,0.015163595,0.0021700275,0.0013641347,0.49748424,0.46568045,0.016060108,0.0020773706
413,"Yeah, I lost it.",Ross,sadness,negative,42,1,4,7,"00:21:25,325","00:21:26,826","Yeah, I lost it.",sadness,5,4,neutral,False,0.24732612,0.030893298,0.033110008,0.14152968,0.3246233,0.21615309,0.0063645025
414,"Y’know, I’m not gonna play anymore,  would you, can you finish my set?",Ross,neutral,neutral,42,2,4,7,"00:21:29,037","00:21:33,708","Y’know, I’m not gonna play anymore,  would you, can you finish my set?",neutral,4,4,neutral,True,0.29112223,0.013920644,0.1445,0.061459783,0.3562203,0.126672,0.006104975
415,"After that? Yeah! No, I mean if I can help.",Phoebe,surprise,positive,42,3,4,7,"00:21:34,584","00:21:40,548","After that? Yeah! No, I mean if I can help.",surprise,6,6,surprise,True,0.15577988,0.022605902,0.05806145,0.16768757,0.17163692,0.1281487,0.29607958
416,"Yeah, like I could",Ross,neutral,neutral,42,4,4,7,"00:21:46,179","00:21:48,556","Yeah, like I could",neutral,4,4,neutral,True,0.008391126,0.0024469807,0.0018473527,0.109542005,0.8684911,0.0080157695,0.0012656618
417,What?,Rachel,surprise,positive,42,5,4,7,"0:21:50,559","0:21:51,071",What?,surprise,6,6,surprise,True,0.024754364,0.0033829666,0.010811306,0.007752994,0.2459513,0.009165474,0.69818157
418,I played bad on purpose guys.,Ross,joy,positive,42,6,4,7,"0:21:51,071","0:21:54,251",I played bad on purpose guys.,joy,3,4,neutral,False,0.10625557,0.1896895,0.010170282,0.14407961,0.4645676,0.08009644,0.005140946
419,"Okay, so you were trying to play bad this whole time.",Monica,surprise,positive,42,7,4,7,"00:21:56,606","00:21:58,858","Okay, so you were trying to play bad this whole time.",surprise,6,4,neutral,False,0.10986308,0.11115931,0.010870913,0.111009,0.5327317,0.116050266,0.008315781
420,"Yeah—no, just that last song.",Ross,neutral,neutral,42,8,4,7,"00:21:59,067","00:22:00,526","Yeah—no, just that last song.",neutral,4,4,neutral,True,0.046011504,0.015439246,0.009036355,0.068735264,0.6567737,0.19992197,0.0040819068
421,"Oh, I was thinking about having people over for the game.",Monica,neutral,neutral,43,0,4,13,"00:05:44,093","00:05:46,136","Oh, I was thinking about having people over for the game.",neutral,4,4,neutral,True,0.0127730295,0.0021243128,0.004925421,0.22734305,0.72681606,0.018567497,0.007450567
422,"Oh yeah, who’s playing?",Joey,neutral,neutral,43,1,4,13,"00:05:46,304","00:05:48,305","Oh yeah, who’s playing?",neutral,4,4,neutral,True,0.011677071,0.0018612063,0.0028803868,0.041208606,0.92503667,0.0051133092,0.012222811
423,The players.,Monica,neutral,neutral,43,2,4,13,"00:05:50,558","00:05:52,017",The players.,neutral,4,4,neutral,True,0.011730854,0.0028628518,0.0011668187,0.0055723516,0.97351676,0.0035161027,0.0016342322
424,Somebody seems to be missing being the hostess.,Ross,neutral,neutral,43,3,4,13,"00:05:53,436","00:05:56,938",Somebody seems to be missing being the hostess.,neutral,4,4,neutral,True,0.12235381,0.024934575,0.010146237,0.041565303,0.44575855,0.15249538,0.2027461
425,"Please, it’s a relief is what it is, is what it is.",Monica,neutral,neutral,43,4,4,13,"00:05:57,273","00:06:02,444","Please, it’s a relief is what it is, is what it is.",neutral,4,5,sadness,False,0.028028654,0.01466808,0.10857329,0.047029056,0.26220706,0.5339911,0.0055027283
426,"All right Pheebs, stick out your plate!",Joey,neutral,neutral,43,5,4,13,"00:06:02,945","00:06:04,863","All right Pheebs, stick out your plate!",neutral,4,0,anger,False,0.87285274,0.03407969,0.020282447,0.023043146,0.011640378,0.029363213,0.0087383585
427,Oh.,Phoebe,neutral,neutral,43,6,4,13,"00:06:05,031","00:06:06,114",Oh.,neutral,4,4,neutral,True,0.0090963105,0.008446266,0.025376799,0.06527975,0.787109,0.096221894,0.0084699495
432,Whose is it?,Chandler,neutral,neutral,44,0,7,20,"0:21:38,380","0:21:39,173",Whose is it?,neutral,4,4,neutral,True,0.01189731,0.001050841,0.0028703911,0.017389378,0.9562439,0.007589281,0.0029589087
433,I don’t want to say.,Rachel,neutral,neutral,44,1,7,20,"0:21:39,173","0:21:41,646",I don’t want to say.,neutral,4,5,sadness,False,0.042923056,0.01531328,0.21484119,0.06371973,0.2998769,0.32189593,0.041429944
434,"Oh, come on! I don’t care! Come on! Whose is it?",Chandler,joy,positive,44,2,7,20,"00:21:41,758","00:21:45,052","Oh, come on! I don’t care! Come on! Whose is it?",joy,3,0,anger,False,0.61122817,0.10205915,0.0938547,0.028083753,0.018669302,0.12298797,0.023116993
435,Diane Keaton.,Rachel,neutral,neutral,44,3,7,20,"00:21:45,721","00:21:46,971",Diane Keaton.,neutral,4,4,neutral,True,0.023297822,0.0054244855,0.0023191532,0.032714874,0.90429825,0.018081393,0.013863975
436,Phoebe! Come on! Let’s go!  Come on!  Why aren’t you dressed yet?!,Monica,anger,negative,45,0,7,1,"00:10:07,732","00:10:15,864",Phoebe! Come on! Let’s go!  Come on!  Why aren’t you dressed yet?!,anger,0,3,joy,False,0.050907154,0.0030321428,0.011481043,0.6432848,0.044617184,0.02913233,0.21754539
437,"I’m sorry, but I just wrote the best dance song for your wedding. Check this out.",Phoebe,neutral,neutral,45,1,7,1,"00:10:16,115","00:10:20,160","I’m sorry, but I just wrote the best dance song for your wedding. Check this out.",neutral,4,3,joy,False,0.024748668,0.0027054127,0.0084104305,0.6315405,0.25012282,0.062185485,0.020286663
438,"No, Phoebe, I’ll tell you what, if you get ready now I’ll let you play it at the wedding.",Monica,neutral,neutral,45,2,7,1,"00:10:20,494","00:10:22,704","No, Phoebe, I’ll tell you what, if you get ready now I’ll let you play it at the wedding.",neutral,4,4,neutral,True,0.05185883,0.0038197993,0.0083845025,0.13587639,0.77005047,0.026514752,0.0034953405
439,Really?!,Phoebe,surprise,positive,45,3,7,1,"00:10:22,913","00:10:23,997",Really?!,surprise,6,6,surprise,True,0.014048152,0.0021440096,0.0018117697,0.0064784456,0.0052708616,0.0035501649,0.96669656
440,Oh that’s so exciting!,Phoebe,joy,positive,45,4,7,1,"00:10:24,206","00:10:26,708",Oh that’s so exciting!,joy,3,3,joy,True,0.012485619,0.0010827713,0.0015346943,0.944325,0.0057323775,0.005095361,0.02974426
442,Thanks Mon!,Phoebe,joy,positive,45,5,7,1,"00:10:24,206","00:10:26,708",Thanks Mon!,joy,3,3,joy,True,0.028631583,0.0012994565,0.0010670663,0.9142531,0.039949063,0.0054389355,0.009360763
443,"Oh but Mon, if you touch my guitar again I’ll have to pound on you for a little bit.",Phoebe,anger,negative,45,6,7,1,"00:10:26,959","00:10:31,546","Oh but Mon, if you touch my guitar again I’ll have to pound on you for a little bit.",anger,0,4,neutral,False,0.109161355,0.038474534,0.18812396,0.11352356,0.42496455,0.120387815,0.005364164
444,"Fair enough, now go get ready!",Monica,neutral,neutral,45,7,7,1,"00:10:32,048","00:10:34,000","Fair enough, now go get ready!",neutral,4,3,joy,False,0.4137788,0.006217151,0.014252162,0.43896136,0.095599726,0.019032603,0.012158103
446,"I’ll get everybody else , finally we can start celebrating my— I’m sorry, uh apparently I’ve opened the door to the past.",Monica,neutral,neutral,45,8,7,1,"00:10:33,716","00:10:44,851","I’ll get everybody else , finally we can start celebrating my— I’m sorry, uh apparently I’ve opened the door to the past.",neutral,4,3,joy,False,0.051124234,0.003104241,0.0053795106,0.8282332,0.038975313,0.06101382,0.012169711
447,"My best shoes, so good to me.",Leslie,joy,positive,46,0,3,14,"0:12:23,075","0:12:25,667","My best shoes, so good to me.",joy,3,3,joy,True,0.012501994,0.0023934017,0.0011673027,0.7393156,0.22529465,0.0171451,0.0021818308
448,I wear them everyday.,Leslie,joy,positive,46,1,3,14,"0:12:25,667","0:12:27,919",I wear them everyday.,joy,3,3,joy,True,0.018496329,0.004370631,0.0017575067,0.8254861,0.13010274,0.015908232,0.0038784624
449,"Down at the heel, holes in the toes.",Leslie,joy,positive,46,2,3,14,"0:12:28,038","0:12:30,890","Down at the heel, holes in the toes.",joy,3,1,disgust,False,0.14599079,0.4887292,0.044734605,0.03362984,0.06382257,0.18551941,0.037573535
450,Don’t care what people say.,Leslie,joy,positive,46,3,3,14,"0:12:30,890","0:12:33,052",Don’t care what people say.,joy,3,1,disgust,False,0.13679568,0.3798279,0.020833284,0.07457985,0.30465025,0.06671453,0.016598413
451,"My feet’s best friends, pals to the end.",Leslie,joy,positive,46,4,3,14,"00:12:33,169","00:12:36,004","My feet’s best friends, pals to the end.",joy,3,4,neutral,False,0.063335605,0.012878965,0.0022815445,0.2093247,0.6362842,0.07205044,0.0038446395
452,With them I’m one hot chicky.,Leslie,joy,positive,46,5,3,14,"00:12:36,213","00:12:38,840",With them I’m one hot chicky.,joy,3,3,joy,True,0.02089734,0.0033823363,0.0011433172,0.9453774,0.014945459,0.0059484853,0.00830569
453,"Though late one night, not much light, I....",Leslie,neutral,neutral,46,6,3,14,"00:12:39,091","00:12:42,552","Though late one night, not much light, I....",neutral,4,4,neutral,True,0.021576872,0.00744178,0.043430272,0.062645495,0.6646188,0.19124517,0.009041625
454,I stepped in something icky.,Phoebe,joy,positive,46,7,3,14,"00:12:42,720","00:12:46,306",I stepped in something icky.,joy,3,1,disgust,False,0.28824946,0.31628126,0.029114733,0.06608203,0.035300203,0.11899727,0.14597498
455,"Sticky shoes, sticky shoes, always make me smile. Sticky shoes, sticky shoes, next time I’ll.... avoid the..... pillleeeee.",Phoebe and Leslie,joy,positive,46,8,3,14,"00:12:49,101","00:13:05,700","Sticky shoes, sticky shoes, always make me smile. Sticky shoes, sticky shoes, next time I’ll.... avoid the..... pillleeeee.",joy,3,5,sadness,False,0.052088235,0.07235599,0.04282312,0.2193528,0.2618108,0.3464397,0.005129354
456,"God, it’s gonna so weird like when I come home and you’re not here.",Joey,sadness,negative,47,0,6,2,"00:13:39,985","00:13:43,488","God, it’s gonna so weird like when I come home and you’re not here.",sadness,5,6,surprise,False,0.041611638,0.07355581,0.24595952,0.09452032,0.056816734,0.23114808,0.25638795
458,No more Joey and Chan’s.,Joey,sadness,negative,47,1,6,2,"00:13:43,781","00:13:45,532",No more Joey and Chan’s.,sadness,5,4,neutral,False,0.1668283,0.020849764,0.00899769,0.04935452,0.5696407,0.1778149,0.0065141083
459,No more J and C’s.,Joey,sadness,negative,47,2,6,2,"00:13:45,783","00:13:47,951",No more J and C’s.,sadness,5,4,neutral,False,0.1758896,0.021063382,0.016820095,0.05530391,0.5464916,0.17773263,0.0066987597
460,"""You wanna go over to Joey and Chandler’s?""",Joey,neutral,neutral,47,3,6,2,"0:13:48,327","0:13:49,662","""You wanna go over to Joey and Chandler’s?""",neutral,4,4,neutral,True,0.005532128,0.0018034353,0.0015596123,0.024846524,0.95893204,0.0053316006,0.0019947975
461,"""Can’t, its not there.""",Joey,neutral,neutral,47,4,6,2,"0:13:49,662","0:13:51,648","""Can’t, its not there.""",neutral,4,2,fear,False,0.086512506,0.018577464,0.3612677,0.11227204,0.22455584,0.16165455,0.035159998
462,"Look, I’m just gonna be across the hall, we can still do all the same stuff.",Chandler,neutral,neutral,47,5,6,2,"00:13:52,581","00:13:55,959","Look, I’m just gonna be across the hall, we can still do all the same stuff.",neutral,4,4,neutral,True,0.022371637,0.006907222,0.004474207,0.02840023,0.9132606,0.023217015,0.0013691484
463,Yeah but we won’t be able to like get up in the middle of the night and have those long talks about our feelings and the future.,Joey,sadness,negative,47,6,6,2,"00:13:56,210","00:14:01,214",Yeah but we won’t be able to like get up in the middle of the night and have those long talks about our feelings and the future.,sadness,5,5,sadness,True,0.1074206,0.03690756,0.04503933,0.047525145,0.07421551,0.6779444,0.010947453
464,Not once did we do that.,Chandler,neutral,neutral,47,7,6,2,"00:14:02,299","00:14:03,842",Not once did we do that.,neutral,4,4,neutral,True,0.15169431,0.037344217,0.01924764,0.052496497,0.45023382,0.095766395,0.19321713
465,Hi.,Monica,neutral,neutral,47,8,6,2,"0:14:06,053","0:14:06,554",Hi.,neutral,4,4,neutral,True,0.0017985282,0.00042537056,0.00041535046,0.004251649,0.9911582,0.0015729574,0.00037794578
466,Hey!,Chandler,neutral,neutral,47,9,6,2,"0:14:06,554","0:14:06,930",Hey!,neutral,4,3,joy,False,0.046776,0.0025122452,0.0019906424,0.75225,0.15590508,0.008275591,0.032290343
467,Hi.,Joey,neutral,neutral,47,10,6,2,"0:14:06,930","0:14:07,636",Hi.,neutral,4,4,neutral,True,0.0017985282,0.00042537056,0.00041535046,0.004251649,0.9911582,0.0015729574,0.00037794578
468,"So I, I told Rachel it was just gonna be the two of us.",Monica,neutral,neutral,47,11,6,2,"00:14:08,305","00:14:11,432","So I, I told Rachel it was just gonna be the two of us.",neutral,4,4,neutral,True,0.037384436,0.0029131775,0.01126829,0.34038147,0.46359172,0.13976137,0.0046994607
469,"Oh yeah? Well, how’d she take it?",Chandler,neutral,neutral,47,12,6,2,"00:14:11,684","00:14:13,977","Oh yeah? Well, how’d she take it?",neutral,4,4,neutral,True,0.07154486,0.010875925,0.027373236,0.33566383,0.39920402,0.075417675,0.079920426
470,"Really well. Yeah. Surprisingly well. Yeah, she didn’t cry. She wasn’t angry or sad.",Monica,neutral,neutral,47,13,6,2,"00:14:14,520","00:14:21,568","Really well. Yeah. Surprisingly well. Yeah, she didn’t cry. She wasn’t angry or sad.",neutral,4,4,neutral,True,0.03012643,0.010049759,0.01870769,0.096978724,0.7995597,0.040180422,0.0043973457
473,"Okay, if you need the vacuum, it’s in my closet on the left-hand side. Ah, the garbage bags are next to the refrigerator",Monica,neutral,neutral,48,0,4,23,"00:01:58,034","00:02:03,705","Okay, if you need the vacuum, it’s in my closet on the left-hand side. Ah, the garbage bags are next to the refrigerator",neutral,4,4,neutral,True,0.020313023,0.041024443,0.0036457807,0.009648839,0.8851934,0.035915427,0.004259085
474,"Okay, okay, but Rachel’s gonna be here too, can’t I just ask her this stuff?",Phoebe,neutral,neutral,48,1,4,23,"00:02:03,873","00:02:06,500","Okay, okay, but Rachel’s gonna be here too, can’t I just ask her this stuff?",neutral,4,4,neutral,True,0.03724282,0.0047908537,0.061115444,0.03762121,0.7859814,0.06913726,0.0041110236
475,"Yeah, okay, give that a try!",Monica,neutral,neutral,48,2,4,23,"00:02:06,668","00:02:08,961","Yeah, okay, give that a try!",neutral,4,3,joy,False,0.292817,0.009729291,0.014870116,0.5400798,0.11625912,0.015916446,0.010328234
476,All right! Let’s do it!,Chandler,joy,positive,48,3,4,23,"0:02:10,630","0:02:11,592",All right! Let’s do it!,joy,3,3,joy,True,0.023800632,0.0010796909,0.0016637675,0.93442816,0.028574191,0.0050193556,0.00543416
477,Woo-hoo!!,Joey,joy,positive,48,4,4,23,"0:02:11,592","0:02:11,932",Woo-hoo!!,joy,3,3,joy,True,0.023530716,0.0020423033,0.0015853287,0.92028415,0.011590586,0.0049292194,0.036037736
478,"Yeah, cheerie-o!",Ross,joy,positive,48,5,4,23,"0:02:12,048","0:02:14,134","Yeah, cheerie-o!",joy,3,3,joy,True,0.013990285,0.0014578913,0.001028262,0.95670736,0.018612163,0.0046686926,0.003535401
479,London baby!,Joey,joy,positive,48,6,4,23,"0:02:14,134","0:02:14,272",London baby!,joy,3,3,joy,True,0.022608122,0.0032268874,0.0038592694,0.8552118,0.04759591,0.017852237,0.049645875
480,Hi!,Monica,joy,positive,49,0,5,5,"0:00:12,804","0:00:13,726",Hi!,joy,3,3,joy,True,0.0143403085,0.00074478035,0.0006996317,0.949595,0.019807624,0.0036564504,0.011156252
481,Hi!,Chandler,joy,positive,49,1,5,5,"0:00:13,726","0:00:15,194",Hi!,joy,3,3,joy,True,0.0143403085,0.00074478035,0.0006996317,0.949595,0.019807624,0.0036564504,0.011156252
482,Monica? What time is it?,Joey,neutral,neutral,49,2,5,5,"00:00:21,771","00:00:25,983",Monica? What time is it?,neutral,4,4,neutral,True,0.14336625,0.004435014,0.025109913,0.21603204,0.5302098,0.053476017,0.02737098
483,"Uhh, 9.",Chandler,neutral,neutral,49,3,5,5,"00:00:26,151","00:00:28,235","Uhh, 9.",neutral,4,4,neutral,True,0.002659485,0.0009809909,0.003945972,0.009584588,0.97641766,0.0052476604,0.0011636775
484,But it's dark out.,Joey,neutral,neutral,49,4,5,5,"00:00:30,030","00:00:31,405",But it's dark out.,neutral,4,4,neutral,True,0.014490288,0.0049706227,0.006598467,0.051112574,0.880901,0.018892765,0.023034222
485,"Well that's because you always sleep to noon, silly! This is what 9 looks like.",Monica,neutral,neutral,49,5,5,5,"00:00:36,161","00:00:38,746","Well that's because you always sleep to noon, silly! This is what 9 looks like.",neutral,4,0,anger,False,0.32346848,0.27496362,0.03137272,0.089598276,0.059335127,0.15759897,0.06366281
486,I guess I'll get washed up then. Watch that sunrise.,Joey,neutral,neutral,49,6,5,5,"00:00:39,831","00:00:44,877",I guess I'll get washed up then. Watch that sunrise.,neutral,4,4,neutral,True,0.03759548,0.019688172,0.0126013495,0.2800389,0.5797597,0.06693989,0.00337647
487,I'm,Monica,neutral,neutral,49,7,5,5,"00:00:47,380","00:00:50,174",I'm,neutral,4,4,neutral,True,0.004536915,0.00078402046,0.00083120476,0.0065922174,0.9830505,0.00250014,0.0017049303
488,"I know, me too.",Chandler,neutral,neutral,49,8,5,5,"0:00:50,341","0:00:51,134","I know, me too.",neutral,4,4,neutral,True,0.016876293,0.0033936847,0.008035422,0.18518296,0.7223405,0.061831653,0.0023394448
489,Hey!,Chandler,joy,positive,49,9,5,5,"0:00:51,134","0:00:51,686",Hey!,joy,3,3,joy,True,0.046776015,0.0025122454,0.0019906445,0.75225013,0.15590504,0.0082755955,0.032290366
490,Y'know what if we went away for a whole weekend?,Chandler,neutral,neutral,49,10,5,5,"0:00:51,686","0:00:54,719",Y'know what if we went away for a whole weekend?,neutral,4,4,neutral,True,0.038891915,0.0037966275,0.0048188115,0.040422834,0.8988404,0.011637235,0.0015920463
491,Y'know we'd have no interruptions and we could be naked the entire time.,Chandler,joy,positive,49,11,5,5,"00:00:53,000","00:00:56,930",Y'know we'd have no interruptions and we could be naked the entire time.,joy,3,3,joy,True,0.027775215,0.0034121352,0.0026661758,0.5240287,0.43095204,0.008810072,0.0023556063
492,All weekend? That's a whole lotta naked.,Monica,surprise,positive,49,12,5,5,"00:00:57,515","00:01:00,434",All weekend? That's a whole lotta naked.,surprise,6,6,surprise,True,0.01657834,0.010660607,0.002297786,0.03762345,0.017307421,0.005916118,0.90961623
493,"Yeah, I can say that I have a conference and you can say you have a chef thing.",Chandler,neutral,neutral,49,13,5,5,"00:01:01,102","00:01:05,064","Yeah, I can say that I have a conference and you can say you have a chef thing.",neutral,4,4,neutral,True,0.005592905,0.0010833185,0.0009788333,0.054526918,0.9326538,0.0046790587,0.00048507872
494,"Ohh, I've always wanted to go to this culinary fair that they have in Jersey!",Monica,joy,positive,49,14,5,5,"00:01:05,231","00:01:08,275","Ohh, I've always wanted to go to this culinary fair that they have in Jersey!",joy,3,3,joy,True,0.02549005,0.0039671944,0.008904443,0.6325237,0.03830467,0.038767353,0.25204256
495,"Okay, y'know your not though. Let's go.",Chandler,neutral,neutral,49,15,5,5,"00:01:08,443","00:01:12,946","Okay, y'know your not though. Let's go.",neutral,4,4,neutral,True,0.08504521,0.015594873,0.007468756,0.055917595,0.81607825,0.016894575,0.0030007183
496,Wait! What about Joey?,Monica,neutral,neutral,49,16,5,5,"00:01:13,114","00:01:15,657",Wait! What about Joey?,neutral,4,6,surprise,False,0.051113997,0.008412234,0.07542727,0.07,0.10281558,0.095648184,0.5965827
497,"Oh umm, there’s also a book here by a woman named Wendy Bagina.  What is that?",Ross,neutral,neutral,50,0,7,7,"00:02:39,659","00:02:48,333","Oh umm, there’s also a book here by a woman named Wendy Bagina.  What is that?",neutral,4,4,neutral,True,0.0073632845,0.0016613632,0.0036180695,0.00926565,0.9104852,0.0063741575,0.061232306
498,Sounds like two people are really enjoying the Dewey decimal system.,Chandler,neutral,neutral,50,1,7,7,"00:02:49,335","00:02:53,422",Sounds like two people are really enjoying the Dewey decimal system.,neutral,4,4,neutral,True,0.21080837,0.17599267,0.006332271,0.2327706,0.23526011,0.043831374,0.09500458
499,I’m so sorry!,Female Student,fear,negative,50,2,7,7,"00:02:57,886","00:03:00,220",I’m so sorry!,fear,2,5,sadness,False,0.022144169,0.0074014724,0.06921386,0.041799434,0.03336389,0.7554446,0.070632584
501,You didn’t bring,Chandler,neutral,neutral,50,3,7,7,"00:03:03,641","00:03:06,268",You didn’t bring,neutral,4,4,neutral,True,0.1773246,0.009419597,0.029984081,0.08443181,0.4205507,0.07969849,0.19859068
502,Hey!,Joey,joy,positive,51,0,8,5,"0:06:31,057","0:06:32,267",Hey!,joy,3,3,joy,True,0.046776,0.0025122452,0.0019906433,0.75225,0.15590508,0.008275591,0.032290332
503,Hi!,Rachel,joy,positive,51,1,8,5,"0:06:32,267","0:06:32,496",Hi!,joy,3,3,joy,True,0.014340315,0.00074478035,0.00069963135,0.949595,0.01980763,0.0036564504,0.011156246
504,"Oh you know uh Kash, really liked you the other day. He said he thought you were charming.",Joey,neutral,neutral,51,2,8,5,"00:06:32,600","00:06:37,437","Oh you know uh Kash, really liked you the other day. He said he thought you were charming.",neutral,4,4,neutral,True,0.035081137,0.034951203,0.053421427,0.27967262,0.37922695,0.15822835,0.059418254
505,Okay I-I just have to stop by my place first.,Ross,neutral,neutral,52,0,8,7,"00:10:24,665","00:10:26,333",Okay I-I just have to stop by my place first.,neutral,4,2,fear,False,0.109850876,0.014730211,0.40098915,0.12320302,0.19588642,0.13944897,0.015891306
506,"To tape the game? You do this every time Ross, you’re",Joey,disgust,negative,52,1,8,7,"00:10:26,500","00:10:31,004","To tape the game? You do this every time Ross, you’re",disgust,1,4,neutral,False,0.29637414,0.020158475,0.014624142,0.20491153,0.30321556,0.07045927,0.09025691
507,"No-no, I-I have to see if this apartment became available.",Ross,neutral,neutral,52,2,8,7,"00:10:31,881","00:10:35,050","No-no, I-I have to see if this apartment became available.",neutral,4,2,fear,False,0.044255566,0.01257102,0.4944557,0.06062921,0.05538156,0.27299875,0.059708185
508,"Oh, you’re switching apartments?",Joey,surprise,negative,52,3,8,7,"0:10:35,217","0:10:36,469","Oh, you’re switching apartments?",surprise,6,6,surprise,True,0.19982079,0.017273884,0.021573005,0.035979692,0.13737008,0.056908954,0.53107363
509,"It’s not for me, it’s for Rachel.",Ross,neutral,neutral,52,4,8,7,"0:10:36,469","0:10:38,417","It’s not for me, it’s for Rachel.",neutral,4,4,neutral,True,0.07503732,0.0056148954,0.020101145,0.05334226,0.5722448,0.26625362,0.007405946
510,But Rachel has an apartment.,Joey,neutral,neutral,52,5,8,7,"0:10:38,512","0:10:39,722",But Rachel has an apartment.,neutral,4,4,neutral,True,0.0096564945,0.001629006,0.0014075993,0.0077656615,0.9600179,0.01084193,0.008681306
511,"Yeah, but when the baby comes she’s gonna want to move.",Ross,neutral,neutral,52,6,8,7,"0:10:39,722","0:10:42,052","Yeah, but when the baby comes she’s gonna want to move.",neutral,4,5,sadness,False,0.028524093,0.008509817,0.049900137,0.050321683,0.4192286,0.43609357,0.007422061
512,She is?,Joey,surprise,negative,52,7,8,7,"00:10:42,141","00:10:44,142",She is?,surprise,6,6,surprise,True,0.020825,0.0025747432,0.006055852,0.006740159,0.14987177,0.0075009707,0.80643153
513,"Yeah, you didn’t expect her to live there with a baby did you?",Ross,surprise,negative,52,8,8,7,"00:10:44,310","00:10:47,354","Yeah, you didn’t expect her to live there with a baby did you?",surprise,6,4,neutral,False,0.17107177,0.012717264,0.040423017,0.059524238,0.32513636,0.07346139,0.31766587
514,I guess I didn’t really think about it.,Joey,neutral,neutral,52,9,8,7,"00:10:47,521","00:10:49,898",I guess I didn’t really think about it.,neutral,4,4,neutral,True,0.022702936,0.004687342,0.020564802,0.06430467,0.76134455,0.068301655,0.058094088
515,Ezel!  Hey Gunther! You’re an ezel!,Ross,anger,negative,52,10,8,7,"00:10:55,613","00:10:59,324",Ezel!  Hey Gunther! You’re an ezel!,anger,0,6,surprise,False,0.12808669,0.24875695,0.034809228,0.065587044,0.009904394,0.06008913,0.45276657
516,Damnit!,Ross,anger,negative,52,11,8,7,"00:11:02,578","00:11:04,425",Damnit!,anger,0,0,anger,True,0.7986175,0.106964506,0.015602745,0.03466902,0.0108779855,0.019954234,0.013314042
517,Look what I got! Look what I got! Look what I got!  Can you believe they make these for little people?,Monica,surprise,positive,53,0,4,22,"00:05:59,984","00:06:10,160",Look what I got! Look what I got! Look what I got!  Can you believe they make these for little people?,surprise,6,3,joy,False,0.022645067,0.0025375567,0.01512217,0.84917456,0.068752006,0.026716316,0.015052363
518,Little village people.,Rachel,neutral,neutral,53,1,4,22,"00:06:10,328","00:06:12,371",Little village people.,neutral,4,4,neutral,True,0.034139562,0.0976248,0.0051844777,0.026589395,0.6946002,0.13608392,0.005777548
519,"Okay, look at this one. This is my favourite.",Monica,joy,positive,53,2,4,22,"00:06:13,790","00:06:19,461","Okay, look at this one. This is my favourite.",joy,3,3,joy,True,0.053200323,0.013223841,0.003995146,0.6476651,0.21778136,0.03595883,0.028175388
520,"Oh, that is so sweet!",Rachel,joy,positive,53,3,4,22,"00:06:19,754","00:06:21,963","Oh, that is so sweet!",joy,3,3,joy,True,0.0075334813,0.000788461,0.0013043759,0.95715153,0.015353849,0.009653487,0.008214754
521,I know! Phoebe is gonna love dressing them in these!,Monica,joy,positive,53,4,4,22,"00:06:22,131","00:06:25,133",I know! Phoebe is gonna love dressing them in these!,joy,3,3,joy,True,0.017625595,0.0015421612,0.0014503397,0.94120014,0.00748836,0.0061956267,0.02449787
522,"Huh. Except, Phoebe’s not gonna be the one that gets to dress them.",Rachel,neutral,neutral,53,5,4,22,"00:06:25,301","00:06:30,680","Huh. Except, Phoebe’s not gonna be the one that gets to dress them.",neutral,4,5,sadness,False,0.058780055,0.025344452,0.040629756,0.13905726,0.32239702,0.36248958,0.051301897
523,Because she’s not gonna get to keep the babies.,Monica,sadness,negative,53,6,4,22,"00:06:32,475","00:06:34,810",Because she’s not gonna get to keep the babies.,sadness,5,5,sadness,True,0.04232712,0.01762727,0.054153103,0.020585041,0.04962914,0.8057411,0.009937274
524,Oh my God! We are throwing the most depressing baby shower ever!,Rachel,sadness,negative,53,7,4,22,"00:06:34,977","00:06:39,272",Oh my God! We are throwing the most depressing baby shower ever!,sadness,5,5,sadness,True,0.20426495,0.04467273,0.061494257,0.05756904,0.011194997,0.34923866,0.27156532
525,Wait a minute!,Monica,surprise,positive,53,8,4,22,"00:06:40,775","00:06:43,777",Wait a minute!,surprise,6,6,surprise,True,0.16546161,0.015344213,0.06472787,0.049280684,0.07635352,0.15824029,0.47059178
526,"Unless, we give her all gifts she can use after she’s done being pregnant.",Monica,joy,positive,53,9,4,22,"00:06:40,775","00:06:47,823","Unless, we give her all gifts she can use after she’s done being pregnant.",joy,3,4,neutral,False,0.08040305,0.0061682197,0.026272347,0.031237073,0.7907841,0.06234355,0.0027916164
527,"Like-like umm, regular coffee, Tequila.",Monica,neutral,neutral,53,10,4,22,"00:06:43,945","00:06:47,823","Like-like umm, regular coffee, Tequila.",neutral,4,4,neutral,True,0.011715196,0.004887893,0.0013779633,0.116269864,0.85721856,0.0069875782,0.0015429616
528,"Oh, and somebody can get those leather pants she’s always wanted!",Rachel,joy,positive,53,11,4,22,"00:06:48,074","00:06:51,034","Oh, and somebody can get those leather pants she’s always wanted!",joy,3,3,joy,True,0.24149896,0.010844875,0.017809637,0.4386321,0.11542178,0.08389721,0.09189547
529,"Oh, she’s gonna love that!",Monica,joy,positive,53,12,4,22,"00:06:51,202","00:06:52,786","Oh, she’s gonna love that!",joy,3,3,joy,True,0.012714331,0.0011373725,0.0021001515,0.92730665,0.012452122,0.009097699,0.035191637
530,Okay you two are asking the court for an annulment?,Judge,neutral,neutral,54,0,6,5,"00:10:25,541","00:10:28,043",Okay you two are asking the court for an annulment?,neutral,4,4,neutral,True,0.055606492,0.0032297147,0.006670126,0.023195129,0.8797798,0.011294419,0.020224327
531,"Yes your honor, and here are, are forms, all filled out.",Rachel,neutral,neutral,54,1,6,5,"00:10:28,210","00:10:31,338","Yes your honor, and here are, are forms, all filled out.",neutral,4,4,neutral,True,0.07161733,0.0038259411,0.003548378,0.20855436,0.6923203,0.017448884,0.0026848612
532,So based on your petition you are seeking an annulment on the grounds that Mr. Geller is mentally unstable.,Judge,neutral,neutral,54,2,6,5,"00:10:31,505","00:10:39,262",So based on your petition you are seeking an annulment on the grounds that Mr. Geller is mentally unstable.,neutral,4,4,neutral,True,0.040106326,0.006848638,0.0047384463,0.025013357,0.882747,0.03583477,0.004711487
533,"Fine, I’m mentally unstable.",Ross,anger,negative,54,3,6,5,"00:10:42,433","00:10:45,602","Fine, I’m mentally unstable.",anger,0,0,anger,True,0.3248817,0.077348,0.2369298,0.024928104,0.06337676,0.24113457,0.03140102
534,And based on the fact that Mr. Geller is intravenous drug user.,Judge,neutral,neutral,54,4,6,5,"00:10:45,770","00:10:49,439",And based on the fact that Mr. Geller is intravenous drug user.,neutral,4,4,neutral,True,0.021920005,0.004748634,0.0036821798,0.01932005,0.9343128,0.009012145,0.0070041753
535,What?!,Ross,surprise,negative,54,5,6,5,"0:10:50,691","0:10:53,861",What?!,surprise,6,6,surprise,True,0.020155974,0.0029097185,0.003784886,0.003937345,0.019016078,0.0043257624,0.9458702
536,"Uh yes, heroin and crack.",Rachel,neutral,neutral,54,6,6,5,"0:10:53,861","0:10:54,007","Uh yes, heroin and crack.",neutral,4,1,disgust,False,0.092855975,0.53843457,0.048352037,0.029731598,0.15781504,0.110153414,0.02265742
537,Crack isn’t even an intravenous drug!,Ross,anger,negative,54,7,6,5,"00:10:55,946","00:10:58,406",Crack isn’t even an intravenous drug!,anger,0,0,anger,True,0.7826709,0.07294627,0.022268098,0.012987552,0.018838614,0.043818023,0.046470527
538,"Well, you would know.",Rachel,neutral,neutral,54,8,6,5,"00:10:58,574","00:11:00,075","Well, you would know.",neutral,4,4,neutral,True,0.008390573,0.001397253,0.0021056582,0.022777494,0.9541929,0.0067829345,0.0043532457
539,Now it also says here that you lied about your sexual preference before marriage?,Judge,neutral,neutral,54,9,6,5,"00:11:02,078","00:11:07,624",Now it also says here that you lied about your sexual preference before marriage?,neutral,4,0,anger,False,0.5372115,0.08582095,0.024026942,0.01950156,0.039086703,0.060342837,0.23400946
540,"Oh, come on!",Ross,sadness,negative,54,10,6,5,"0:11:07,792","0:11:09,127","Oh, come on!",sadness,5,6,surprise,False,0.12077906,0.023215577,0.06573458,0.16247535,0.113402605,0.13565135,0.37874147
541,"Ross, please, I found the magazines!",Rachel,sadness,negative,54,11,6,5,"0:11:09,127","0:11:11,487","Ross, please, I found the magazines!",sadness,5,5,sadness,True,0.30730972,0.04697239,0.10912246,0.03544411,0.041444045,0.42972067,0.02998665
543,Phoebe just because I'm alone doesn’t mean I wanna walk around naked.,Rachel,neutral,neutral,55,0,5,23,"00:05:26,492","00:05:30,078",Phoebe just because I'm alone doesn’t mean I wanna walk around naked.,neutral,4,4,neutral,True,0.04083285,0.021333698,0.030682834,0.12667346,0.6103305,0.15717317,0.012973438
544,"I mean, you live alone, you don't walk around naked.",Rachel,neutral,neutral,55,1,5,23,"00:05:30,330","00:05:32,706","I mean, you live alone, you don't walk around naked.",neutral,4,4,neutral,True,0.053553857,0.10950591,0.050563373,0.051069837,0.52611196,0.16522087,0.0439742
545,Uh-huh! Why do you think it takes me so long to answer the door?,Phoebe,joy,positive,55,2,5,23,"00:05:32,915","00:05:35,834",Uh-huh! Why do you think it takes me so long to answer the door?,joy,3,6,surprise,False,0.18781199,0.011300972,0.027018603,0.07423704,0.124367975,0.075221874,0.5000416
546,"I know, I lied! I didn’t want her to think I was a terrible mother! I can’t even see my own baby!",Rachel,sadness,negative,56,0,8,3,"00:20:08,874","00:20:12,877","I know, I lied! I didn’t want her to think I was a terrible mother! I can’t even see my own baby!",sadness,5,5,sadness,True,0.09355273,0.018964332,0.1565277,0.028385757,0.01886837,0.6210624,0.06263864
547,"Oh sure, come here!  Sure you can! Uh, look come here look,  it’s-it’s-it’s, it’s right there .",Ross,neutral,neutral,56,1,8,3,"00:20:13,086","00:20:19,050","Oh sure, come here!  Sure you can! Uh, look come here look,  it’s-it’s-it’s, it’s right there .",neutral,4,4,neutral,True,0.06728094,0.009747007,0.103585355,0.31348094,0.31551346,0.10916309,0.08122921
548,"Oh. Oh, it’s beautiful. I see it now.",Rachel,joy,positive,56,2,8,3,"00:20:21,803","00:20:30,144","Oh. Oh, it’s beautiful. I see it now.",joy,3,3,joy,True,0.01479187,0.0015434015,0.004751181,0.8354132,0.09888297,0.03524961,0.009367759
549,Do you really?,Ross,neutral,neutral,56,3,8,3,"0:20:31,480","0:20:32,372",Do you really?,neutral,4,6,surprise,False,0.02213849,0.0031753737,0.008873391,0.012983799,0.06576657,0.0077563925,0.8793061
550,"No, I don’t see it!",Rachel,anger,negative,56,4,8,3,"0:20:32,372","0:20:34,788","No, I don’t see it!",anger,0,2,fear,False,0.13168555,0.035235148,0.5053109,0.05594287,0.03155913,0.18367869,0.05658774
551,"Come on! Come on! Here, okay-okay, you see this?  This tiny thing that looks like a peanut?",Ross,joy,positive,56,5,8,3,"00:20:37,861","00:20:43,199","Come on! Come on! Here, okay-okay, you see this?  This tiny thing that looks like a peanut?",joy,3,3,joy,True,0.12835151,0.010738418,0.037836302,0.42090973,0.1624152,0.09673246,0.1430163
552,Yeah.,Rachel,neutral,neutral,56,6,8,3,"00:20:44,034","00:20:45,076",Yeah.,neutral,4,4,neutral,True,0.011395762,0.005739402,0.0037213964,0.08856025,0.87720245,0.012423769,0.0009568353
553,Sweetie that’s it.,Ross,joy,positive,56,7,8,3,"00:20:45,994","00:20:47,787",Sweetie that’s it.,joy,3,4,neutral,False,0.033258677,0.0047419053,0.011892143,0.074959226,0.8331666,0.040916596,0.0010647794
554,"That’s it? Well I saw that! Ohh-ohh-oh, thank you.",Rachel,joy,positive,56,8,8,3,"00:20:48,372","00:21:01,175","That’s it? Well I saw that! Ohh-ohh-oh, thank you.",joy,3,0,anger,False,0.3879469,0.010704439,0.090355895,0.23096545,0.077550955,0.17919964,0.023276731
555,You’re welcome.,Ross,neutral,neutral,56,9,8,3,"00:20:57,881","00:21:01,175",You’re welcome.,neutral,4,4,neutral,True,0.013193093,0.00235685,0.0012602444,0.14692931,0.82545936,0.009083985,0.0017171511
556,Wow! I can’t believe that’s our baby.,Rachel,surprise,positive,56,10,8,3,"0:21:04,554","0:21:08,396",Wow! I can’t believe that’s our baby.,surprise,6,6,surprise,True,0.034048714,0.011212767,0.030025892,0.042850852,0.013496548,0.097365685,0.7709995
557,"Yeah, that’s our baby.",Ross,joy,positive,56,11,8,3,"0:21:08,396","0:21:08,907","Yeah, that’s our baby.",joy,3,4,neutral,False,0.02973469,0.0067549166,0.018181393,0.24288309,0.46485078,0.22763118,0.009963949
558,Gin.,Monica,neutral,neutral,57,0,4,1,"00:22:06,074","00:22:07,283",Gin.,neutral,4,4,neutral,True,0.01808588,0.0055999053,0.001157891,0.027828157,0.9391776,0.0062678983,0.0018827165
559,"We were playing Gin? Y'know if we were a couple, we could play this game naked.",Chandler,joy,positive,57,1,4,1,"00:22:08,368","00:22:15,249","We were playing Gin? Y'know if we were a couple, we could play this game naked.",joy,3,0,anger,False,0.3896636,0.12658282,0.01152617,0.191769,0.103676684,0.03348987,0.14329189
560,Will you stop!,Monica,joy,positive,57,2,4,1,"00:22:15,417","00:22:18,085",Will you stop!,joy,3,0,anger,False,0.5165921,0.021933595,0.2540591,0.06783022,0.038683493,0.080323204,0.020578401
561,Okay. All right.,Chandler,neutral,neutral,57,3,4,1,"00:22:18,253","00:22:19,754",Okay. All right.,neutral,4,4,neutral,True,0.013499657,0.002965635,0.0017370896,0.07929519,0.8952317,0.006525797,0.00074493047
562,"Okay, all right, I think you’re great, I think you’re sweet, and you’re smart, and I love you.",Monica,joy,positive,57,4,4,1,"00:22:18,253","00:22:27,887","Okay, all right, I think you’re great, I think you’re sweet, and you’re smart, and I love you.",joy,3,3,joy,True,0.025554027,0.0016773161,0.007098588,0.8363954,0.08874514,0.03670064,0.003828917
563,But you will always be the guy who peed on me.,Monica,disgust,negative,57,5,4,1,"00:22:29,848","00:22:32,683",But you will always be the guy who peed on me.,disgust,1,1,disgust,True,0.14471848,0.27623972,0.008088312,0.06305067,0.2524977,0.24217129,0.013233762
564,Hey!,Chandler,joy,positive,58,0,6,16,"0:14:31,328","0:14:31,662",Hey!,joy,3,3,joy,True,0.046776004,0.0025122454,0.0019906426,0.75225013,0.15590505,0.008275591,0.032290358
565,Hey!,Monica,joy,positive,58,1,6,16,"0:14:31,662","0:14:32,984",Hey!,joy,3,3,joy,True,0.046776004,0.0025122454,0.0019906426,0.75225013,0.15590505,0.008275591,0.032290358
566,Let me tell you about this chick I scored with last night! Oh no wait a minute that was you!,Chandler,joy,positive,58,2,6,16,"00:14:33,873","00:14:41,379",Let me tell you about this chick I scored with last night! Oh no wait a minute that was you!,joy,3,6,surprise,False,0.08879624,0.0069592097,0.013607758,0.24214758,0.058675967,0.039106525,0.5507068
567,"Hey, check me out, I’m a slut!",Monica,joy,positive,58,3,6,16,"00:14:41,547","00:14:44,716","Hey, check me out, I’m a slut!",joy,3,0,anger,False,0.39405644,0.39186355,0.039139763,0.03181666,0.011414777,0.1002008,0.03150803
568,"So you uh, want to do something tonight?",Chandler,neutral,neutral,58,4,6,16,"00:14:47,386","00:14:49,262","So you uh, want to do something tonight?",neutral,4,4,neutral,True,0.0036450233,0.0012076036,0.011280122,0.01704875,0.94414973,0.018952444,0.0037163785
569,Oh I can’t. Dr. Roger is coming over again.,Monica,neutral,neutral,58,5,6,16,"00:14:49,430","00:14:51,764",Oh I can’t. Dr. Roger is coming over again.,neutral,4,2,fear,False,0.06770363,0.018604161,0.24929093,0.11932719,0.10216828,0.23522791,0.2076778
570,Oh.,Chandler,neutral,neutral,58,6,6,16,"0:14:53,434","0:14:54,018",Oh.,neutral,4,4,neutral,True,0.0090963105,0.008446266,0.025376799,0.06527975,0.787109,0.096221894,0.0084699495
571,Oh right!,Chandler,surprise,positive,58,7,6,16,"0:14:54,018","0:14:55,708",Oh right!,surprise,6,3,joy,False,0.08051218,0.0057101827,0.0049667098,0.7539189,0.05524507,0.018188054,0.081458926
572,Right!,Chandler,surprise,positive,58,8,6,16,"00:14:55,811","00:14:56,811",Right!,surprise,6,3,joy,False,0.058538873,0.0028424468,0.0017483063,0.88319063,0.038053636,0.007261288,0.008364847
573,"Because you’re still seeing him and uh, he’s a good guy.",Chandler,sadness,negative,58,9,6,16,"00:14:55,811","00:14:59,230","Because you’re still seeing him and uh, he’s a good guy.",sadness,5,4,neutral,False,0.039476622,0.032175854,0.01772518,0.056415383,0.6816619,0.14619553,0.026349483
574,"I mean, I remember a time when",Chandler,sadness,negative,58,10,6,16,"00:14:59,398","00:15:00,523","I mean, I remember a time when",sadness,5,4,neutral,False,0.008573256,0.0015508239,0.0047204136,0.022926575,0.91833216,0.03133525,0.012561513
575,Are you okay?,Monica,neutral,neutral,58,11,6,16,"0:15:03,444","0:15:04,320",Are you okay?,neutral,4,4,neutral,True,0.040658038,0.003105374,0.017813288,0.06307011,0.80750257,0.02905385,0.038796883
576,"Yeah! Totally! Totally, and you?",Chandler,joy,positive,58,12,6,16,"0:15:04,320","0:15:06,372","Yeah! Totally! Totally, and you?",joy,3,3,joy,True,0.015504435,0.0009623943,0.0012487072,0.9337846,0.027974533,0.0055134203,0.015012
577,"Great! It’s so amazing! I mean, last time Dr. Roger came over, I was",Monica,joy,positive,58,13,6,16,"00:15:07,656","00:15:13,077","Great! It’s so amazing! I mean, last time Dr. Roger came over, I was",joy,3,3,joy,True,0.01406953,0.0013151591,0.0013144745,0.9509055,0.0073108175,0.0062898174,0.01879465
578,I bet he can.,Chandler,neutral,neutral,58,14,6,16,"00:15:17,958","00:15:19,375",I bet he can.,neutral,4,4,neutral,True,0.0037885983,0.0015756265,0.0018181152,0.029604906,0.9533533,0.009212267,0.00064728945
579,"Y’know, I don’t have an appointment, but I sure could use a physical.  Are you sure you’re okay?",Monica,neutral,neutral,58,15,6,16,"00:15:19,543","00:15:31,137","Y’know, I don’t have an appointment, but I sure could use a physical.  Are you sure you’re okay?",neutral,4,4,neutral,True,0.0139029045,0.0015868752,0.015012473,0.03217284,0.9156027,0.01830938,0.003412912
580,"Oh yeah! Yeah! Don’t worry about me, I’ll be fine!",Chandler,sadness,negative,58,16,6,16,"00:15:27,551","00:15:31,137","Oh yeah! Yeah! Don’t worry about me, I’ll be fine!",sadness,5,2,fear,False,0.15368034,0.019029975,0.2867194,0.1061855,0.0803325,0.23539235,0.11865991
581,You got the clothes clean. Now that's the important part.,Ross,neutral,neutral,59,0,1,5,"00:20:40,864","00:20:43,991",You got the clothes clean. Now that's the important part.,neutral,4,4,neutral,True,0.010396044,0.0026110425,0.0008652821,0.02641042,0.9520479,0.006613524,0.0010558348
582,"Oh, I guess. Except everything looks like jammies now.",Rachel,neutral,neutral,59,1,1,5,"00:20:44,201","00:20:47,578","Oh, I guess. Except everything looks like jammies now.",neutral,4,4,neutral,True,0.0074023567,0.0068905526,0.0015857772,0.05086866,0.9068818,0.022881838,0.0034890976
583,"Whoa, I'm sorry. Excuse me. We had this cart.",Rachel,anger,negative,59,2,1,5,"00:20:53,252","00:20:57,421","Whoa, I'm sorry. Excuse me. We had this cart.",anger,0,6,surprise,False,0.008213131,0.0020337494,0.0044945884,0.011410656,0.030109344,0.010946519,0.932792
584,"Yeah, but what if it's not? What if there    is a reason why we can't have a baby?",Chandler,fear,negative,60,0,9,21,"00:18:12,091","00:18:16,928","Yeah, but what if it's not? What if there    is a reason why we can't have a baby?",fear,2,2,fear,True,0.16713797,0.015760945,0.28461927,0.092384465,0.25198406,0.15493166,0.033181697
585,"Oh, Chandler, look. You and Monica are meant to have children.    I am sure it's gonna be just fine.",Janice,neutral,neutral,60,1,9,21,"00:18:17,096","00:18:22,642","Oh, Chandler, look. You and Monica are meant to have children.    I am sure it's gonna be just fine.",neutral,4,4,neutral,True,0.06075782,0.013246743,0.043467145,0.13397177,0.37477413,0.22045512,0.15332724
586,"oh, oh, yeah, ok, thanks.",Chandler,joy,positive,60,2,9,21,"0:18:24,269","0:18:27,031","oh, oh, yeah, ok, thanks.",joy,3,4,neutral,False,0.019434124,0.0072009065,0.007156035,0.29697353,0.6253694,0.042191215,0.0016747662
587,I can't believe    I didn't even think of that.,Chandler,surprise,positive,60,3,9,21,"0:18:27,031","0:18:29,625",I can't believe    I didn't even think of that.,surprise,6,6,surprise,True,0.058088776,0.014632092,0.028859744,0.03620695,0.03397263,0.049120564,0.77911925
588,I guess I was just so worried about having to...    come here and do... 'that'...,Chandler,sadness,negative,60,4,9,21,"00:18:29,733","00:18:34,320",I guess I was just so worried about having to...    come here and do... 'that'...,sadness,5,5,sadness,True,0.022966783,0.0078068376,0.18246399,0.043026973,0.05343665,0.67184323,0.018455558
589,"What, you can do it in the parking lot of a Taco Bell, but you    can't do it at a doctor's office?",Janice,anger,negative,60,5,9,21,"00:18:34,488","00:18:39,492","What, you can do it in the parking lot of a Taco Bell, but you    can't do it at a doctor's office?",anger,0,4,neutral,False,0.18100111,0.015128094,0.14948648,0.07431888,0.34107652,0.13071865,0.10827028
590,"It was a ""Wendy's!!    """,Chandler,anger,negative,60,6,9,21,"00:18:41,829","00:18:44,122","It was a ""Wendy's!!    """,anger,0,6,surprise,False,0.06566686,0.005465271,0.0031530347,0.12000962,0.020317217,0.014441014,0.7709469
591,"...and then Zana, just let one rip!!",Chip,surprise,positive,61,0,4,2,"00:16:35,327","00:16:38,871","...and then Zana, just let one rip!!",surprise,6,0,anger,False,0.45998368,0.030898735,0.18903734,0.12547436,0.022383291,0.127324,0.044898607
592,"Look, not that I enjoy talking about people who I went to high school with, ‘cause I do, but umm, maybe we could talk about something else?",Monica,disgust,negative,61,1,4,2,"00:16:43,919","00:16:52,176","Look, not that I enjoy talking about people who I went to high school with, ‘cause I do, but umm, maybe we could talk about something else?",disgust,1,4,neutral,False,0.023743216,0.08321527,0.019789519,0.03224305,0.7293291,0.102823086,0.008856719
593,"Like you, I don’t even know where you work?",Monica,surprise,positive,61,2,4,2,"00:16:52,344","00:16:54,721","Like you, I don’t even know where you work?",surprise,6,6,surprise,True,0.1099435,0.018241953,0.05082443,0.04492585,0.17070457,0.06309553,0.54226416
594,Yeah.,Kathy,neutral,neutral,62,0,4,13,"00:18:38,575","00:18:39,951",Yeah.,neutral,4,4,neutral,True,0.011395758,0.0057393983,0.0037213971,0.08856023,0.87720263,0.012423765,0.0009568346
595,"Yeah. Well, I think our second fight is going to be a",Chandler,anger,negative,62,1,4,13,"00:18:40,119","00:18:46,249","Yeah. Well, I think our second fight is going to be a",anger,0,4,neutral,False,0.011178067,0.0013402728,0.0033935832,0.15757342,0.8117123,0.012646047,0.002156266
596,Hey.,Phoebe,neutral,neutral,63,0,1,4,"0:15:53,160","0:15:54,752",Hey.,neutral,4,4,neutral,True,0.0041657025,0.0005640408,0.0004378674,0.023183515,0.96792936,0.002450938,0.001268582
597,Hey!,Ross,neutral,neutral,63,1,1,4,"0:15:54,752","0:15:56,809",Hey!,neutral,4,3,joy,False,0.046775997,0.0025122445,0.0019906429,0.7522502,0.15590502,0.008275592,0.032290347
598,"So, you stole my joke, and you stole my money.",Chandler,anger,negative,64,0,6,12,"00:05:41,507","00:05:44,843","So, you stole my joke, and you stole my money.",anger,0,0,anger,True,0.8218495,0.035937395,0.012104997,0.031493265,0.017907737,0.063407354,0.01729977
599,"Well, I was going to stick it in the ATM, but now I think I’ll show the sexy teller that I am a published writer.",Ross,neutral,neutral,64,1,6,12,"00:05:45,219","00:05:53,310","Well, I was going to stick it in the ATM, but now I think I’ll show the sexy teller that I am a published writer.",neutral,4,4,neutral,True,0.032205883,0.0088393,0.0033169435,0.083533086,0.8512708,0.0180982,0.0027357752
600,"Well, she is going to know that you stole the joke.",Chandler,anger,negative,64,2,6,12,"00:05:53,561","00:05:55,771","Well, she is going to know that you stole the joke.",anger,0,0,anger,True,0.7698992,0.040729333,0.0150194,0.037362132,0.022994261,0.05189571,0.062100004
601,"Oh, what are you going to do, follow me down there?",Ross,anger,negative,64,3,6,12,"00:05:56,022","00:05:57,481","Oh, what are you going to do, follow me down there?",anger,0,2,fear,False,0.22804338,0.02016831,0.36363825,0.08093499,0.19904695,0.08084012,0.027328013
602,Yeah!,Chandler,anger,negative,64,4,6,12,"0:05:57,732","0:05:58,400",Yeah!,anger,0,3,joy,False,0.058173094,0.003397488,0.0023986958,0.8311484,0.08289924,0.007936124,0.0140468795
603,"Well, I’m not going to go now anyway .",Ross,neutral,neutral,64,5,6,12,"0:05:58,400","0:05:59,574","Well, I’m not going to go now anyway .",neutral,4,4,neutral,True,0.07501418,0.018124873,0.083621494,0.12395001,0.41982403,0.25647318,0.022992166
604,Okay .,Chandler,neutral,neutral,64,6,6,12,"00:05:59,776","00:06:01,109",Okay .,neutral,4,4,neutral,True,0.0075764908,0.0018695071,0.0009824752,0.04457577,0.94050366,0.0039436813,0.0005484033
605,Here you go.,Gunther,neutral,neutral,64,7,6,12,"00:06:03,905","00:06:05,822",Here you go.,neutral,4,4,neutral,True,0.010883126,0.0030197478,0.0020782065,0.07233224,0.9019736,0.008753064,0.0009599394
606,"Ah, Gunther, I can’t pay for this right now because I’m not working, so I’ve had to cut down on some luxuries like uh, payin’ for stuff.",Joey,neutral,neutral,64,8,6,12,"00:06:07,950","00:06:18,210","Ah, Gunther, I can’t pay for this right now because I’m not working, so I’ve had to cut down on some luxuries like uh, payin’ for stuff.",neutral,4,5,sadness,False,0.10894723,0.029372742,0.029413108,0.07209028,0.2655945,0.46527383,0.029308304
607,"Well, if you want, you can work here.",Gunther,neutral,neutral,64,9,6,12,"00:06:19,879","00:06:21,963","Well, if you want, you can work here.",neutral,4,4,neutral,True,0.006455419,0.0011351573,0.00064017717,0.014215201,0.9746761,0.0022170134,0.000660939
608,"Uh, I don’t know.",Joey,neutral,neutral,64,10,6,12,"00:06:22,799","00:06:24,049","Uh, I don’t know.",neutral,4,4,neutral,True,0.0068614213,0.0034735533,0.023033898,0.02882317,0.9004155,0.026823698,0.010568729
609,"Ya see, it’s just, see I was a regular on a soap opera y’know?",Joey,neutral,neutral,64,11,6,12,"00:06:24,258","00:06:29,262","Ya see, it’s just, see I was a regular on a soap opera y’know?",neutral,4,4,neutral,True,0.014229251,0.0048210123,0.0070014056,0.11974679,0.8012841,0.050444484,0.0024729727
610,"And to go from that to this, I just… Plus, I’d have to wait on all my friends.",Joey,sadness,negative,64,12,6,12,"00:06:29,472","00:06:35,435","And to go from that to this, I just… Plus, I’d have to wait on all my friends.",sadness,5,5,sadness,True,0.13577786,0.015924266,0.16036586,0.06678131,0.13236506,0.4657281,0.02305752
611,"Okay, but the money’s good, plus you get to stare at Rachel as much as you want.",Gunther,neutral,neutral,64,13,6,12,"00:06:35,812","00:06:40,524","Okay, but the money’s good, plus you get to stare at Rachel as much as you want.",neutral,4,4,neutral,True,0.040091388,0.011095293,0.002986121,0.08578476,0.83958435,0.018618751,0.0018393019
612,What?!,Joey,surprise,negative,64,14,6,12,"00:06:43,194","00:06:44,486",What?!,surprise,6,6,surprise,True,0.020155974,0.0029097185,0.003784886,0.003937345,0.019016078,0.0043257624,0.9458702
613,Flexible hours.,Gunther,neutral,neutral,64,15,6,12,"00:06:44,695","00:06:46,780",Flexible hours.,neutral,4,4,neutral,True,0.007928613,0.0017365402,0.0008462075,0.0073173186,0.97536534,0.005221336,0.001584557
614,Maybe I could be a waiter. Could I use the phone?,Joey,neutral,neutral,64,16,6,12,"00:06:48,032","00:06:51,451",Maybe I could be a waiter. Could I use the phone?,neutral,4,4,neutral,True,0.0022411738,0.00049478625,0.0009183731,0.014959831,0.97751415,0.0025947962,0.0012769295
615,I have no name.,Chandler,neutral,neutral,65,0,4,18,"00:17:18,328","00:17:20,288",I have no name.,neutral,4,5,sadness,False,0.15529343,0.07634004,0.06628817,0.042787366,0.16229257,0.451921,0.04507745
616,"All right, so, what are we supposed to call you?",Phoebe,neutral,neutral,65,1,4,18,"00:17:21,040","00:17:23,249","All right, so, what are we supposed to call you?",neutral,4,4,neutral,True,0.017904747,0.0015370811,0.0058867466,0.018726097,0.8481573,0.0090377955,0.09875027
617,"Okay uh, for now, temporarily, you can call me, Clint.",Chandler,neutral,neutral,65,2,4,18,"00:17:23,500","00:17:29,172","Okay uh, for now, temporarily, you can call me, Clint.",neutral,4,4,neutral,True,0.0047724885,0.0009419503,0.0016491999,0.020567369,0.96089196,0.009176199,0.0020008073
618,No way are you cool enough to pull of Clint.,Joey,disgust,negative,65,3,4,18,"00:17:30,466","00:17:33,551",No way are you cool enough to pull of Clint.,disgust,1,0,anger,False,0.42458588,0.19466262,0.020650513,0.0979117,0.05244317,0.09903328,0.1107128
619,"Okay, so what name am I cool enough to pull off?",Chandler,surprise,negative,65,4,4,18,"0:17:33,719","0:17:35,861","Okay, so what name am I cool enough to pull off?",surprise,6,3,joy,False,0.03470625,0.0017254675,0.0018217098,0.694865,0.25310445,0.007235843,0.0065412684
620,"Umm, Gene.",Phoebe,neutral,neutral,65,5,4,18,"0:17:35,861","0:17:36,112","Umm, Gene.",neutral,4,4,neutral,True,0.0026028547,0.0007854092,0.0009148388,0.007812705,0.9840169,0.0031274213,0.0007398388
621,It’s Clint. It’s Clint!,Chandler,anger,negative,65,6,4,18,"00:17:41,018","00:17:44,228",It’s Clint. It’s Clint!,anger,0,3,joy,False,0.039138585,0.0015202157,0.004991607,0.77892625,0.13619076,0.018722808,0.020509783
622,"See you later, Gene.",Joey,neutral,neutral,65,7,4,18,"0:17:44,730","0:17:45,542","See you later, Gene.",neutral,4,4,neutral,True,0.007379576,0.0019282518,0.0006462053,0.021035451,0.9639655,0.0043922584,0.00065280637
623,"Bye, Gene.",Phoebe,neutral,neutral,65,8,4,18,"0:17:45,542","0:17:46,694","Bye, Gene.",neutral,4,4,neutral,True,0.013337745,0.0021083744,0.0015058973,0.06604742,0.90867,0.0077449116,0.0005855364
624,It’s Clint!,Chandler,anger,negative,65,9,4,18,"00:17:47,900","00:17:50,651",It’s Clint!,anger,0,3,joy,False,0.027339714,0.001252641,0.002086307,0.8781955,0.062560186,0.00982235,0.018743316
625,What’s up with Gene?,Joey,surprise,negative,65,10,4,18,"00:17:53,572","00:17:55,364",What’s up with Gene?,surprise,6,4,neutral,False,0.014995048,0.0012288616,0.0011239768,0.046152733,0.92801255,0.00477311,0.0037137885
626,Welcome to Las Vegas.,Flight Attendant,neutral,neutral,66,0,5,23,"00:21:50,434","00:21:52,476",Welcome to Las Vegas.,neutral,4,4,neutral,True,0.012208914,0.0024040423,0.0012626728,0.13111298,0.8422713,0.009328847,0.0014112177
627,Thank you!  Enjoy your flight?,Flight Attendant,joy,positive,66,1,5,23,"00:21:53,603","00:21:55,771",Thank you!  Enjoy your flight?,joy,3,3,joy,True,0.029466683,0.0015820442,0.0010892674,0.94259167,0.013362598,0.004930965,0.006976679
628,"Yes, I did. Thank you very much, it was excellent.",Rachel,joy,positive,66,2,5,23,"00:21:53,603","00:21:58,524","Yes, I did. Thank you very much, it was excellent.",joy,3,3,joy,True,0.00969612,0.0007815438,0.0008183775,0.94844764,0.03033652,0.006497176,0.0034225613
629,Hope you had a nice flight.,Flight Attendant,neutral,neutral,66,3,5,23,"0:21:59,735","0:22:00,867",Hope you had a nice flight.,neutral,4,4,neutral,True,0.009292908,0.002509719,0.0060517373,0.12188833,0.8263151,0.03214454,0.0017976584
630,"Ohh, it was the best!",Ross,joy,positive,66,4,5,23,"0:22:00,867","0:22:03,853","Ohh, it was the best!",joy,3,3,joy,True,0.029852709,0.0036857284,0.00485924,0.83846205,0.019368496,0.027789418,0.07598237
631,"Oh, Larry.",Monica,neutral,neutral,67,0,5,7,"00:02:03,206","00:02:04,665","Oh, Larry.",neutral,4,4,neutral,True,0.021112101,0.0042387894,0.005374417,0.18909529,0.7255571,0.031997304,0.022624962
632,"Umm, do health inspectors work on commission?",Phoebe,neutral,neutral,67,1,5,7,"00:02:05,375","00:02:07,751","Umm, do health inspectors work on commission?",neutral,4,4,neutral,True,0.008180437,0.0013808489,0.0065343613,0.008284682,0.9631128,0.010247746,0.0022591464
633,"No, bribes.",Larry,neutral,neutral,67,2,5,7,"00:02:07,961","00:02:09,378","No, bribes.",neutral,4,4,neutral,True,0.2182955,0.09682555,0.0101150675,0.06760033,0.4732214,0.108011596,0.025930602
634,It's okay to laugh right?,Phoebe,joy,positive,67,3,5,7,"00:02:09,587","00:02:12,673",It's okay to laugh right?,joy,3,3,joy,True,0.057633515,0.005952467,0.007568901,0.5709439,0.31170338,0.030971052,0.0152267525
635,Come on Joey!!!,Rachel,anger,negative,68,0,5,12,"00:00:02,377","00:00:03,836",Come on Joey!!!,anger,0,0,anger,True,0.65097994,0.011139237,0.05836806,0.14165214,0.038653936,0.051423382,0.047783338
636,"Rach, I told you everything I knew last night!",Joey,anger,negative,68,1,5,12,"00:00:04,004","00:00:06,380","Rach, I told you everything I knew last night!",anger,0,0,anger,True,0.72478503,0.021887802,0.022562316,0.050493855,0.030170681,0.038997978,0.11110238
637,"Look, it's not that big of a deal, so Monica and Chandler are doing it.",Joey,neutral,neutral,68,2,5,12,"00:00:06,589","00:00:10,300","Look, it's not that big of a deal, so Monica and Chandler are doing it.",neutral,4,4,neutral,True,0.019324461,0.0030849243,0.0025237403,0.046067618,0.898087,0.020205548,0.010706656
638,I can't believe you would say that!,Rachel,sadness,negative,68,3,5,12,"00:00:10,468","00:00:13,137",I can't believe you would say that!,sadness,5,6,surprise,False,0.16083787,0.040850926,0.045278445,0.03752043,0.024756841,0.069472864,0.6212826
639,Sorry. Monica and Chandler are making love.,Joey,neutral,neutral,68,4,5,12,"00:00:13,346","00:00:17,057",Sorry. Monica and Chandler are making love.,neutral,4,4,neutral,True,0.017501146,0.0027944876,0.006265665,0.08214294,0.6283114,0.23519939,0.027785027
640,No! I mean come on! This is a,Rachel,anger,negative,68,5,5,12,"00:00:18,184","00:00:21,854",No! I mean come on! This is a,anger,0,6,surprise,False,0.14342374,0.031541917,0.05380398,0.053732086,0.16330326,0.07648624,0.47770876
641,I don't know.,Joey,neutral,neutral,68,6,5,12,"00:00:25,692","00:00:27,484",I don't know.,neutral,4,4,neutral,True,0.009263568,0.003730447,0.013005498,0.026089204,0.9176125,0.01829241,0.012006431
642,Is he romantic with her?,Rachel,joy,positive,68,7,5,12,"00:00:28,361","00:00:30,404",Is he romantic with her?,joy,3,4,neutral,False,0.07237106,0.026988849,0.0385694,0.03411797,0.45170197,0.043796115,0.33245468
643,I don't know.,Joey,neutral,neutral,68,8,5,12,"00:00:31,031","00:00:32,698",I don't know.,neutral,4,4,neutral,True,0.009263568,0.003730447,0.013005498,0.026089204,0.9176125,0.01829241,0.012006431
644,Are they in love?,Rachel,joy,positive,68,9,5,12,"00:00:33,908","00:00:35,200",Are they in love?,joy,3,4,neutral,False,0.044012856,0.0027398102,0.028465105,0.19589913,0.6129234,0.05571702,0.060242698
645,I don't know.,Joey,neutral,neutral,68,10,5,12,"00:00:36,286","00:00:38,037",I don't know.,neutral,4,4,neutral,True,0.009263568,0.003730447,0.013005498,0.026089204,0.9176125,0.01829241,0.012006431
646,You don't know anything.,Rachel,anger,negative,68,11,5,12,"00:00:38,830","00:00:40,330",You don't know anything.,anger,0,4,neutral,False,0.043687664,0.008869158,0.024787532,0.03551644,0.7025683,0.017051969,0.16751888
647,"Ohh, I know one thing!",Joey,joy,positive,68,12,5,12,"0:00:40,498","0:00:41,750","Ohh, I know one thing!",joy,3,6,surprise,False,0.104989745,0.017069299,0.03696365,0.10463424,0.10788519,0.09282385,0.535634
648,What?,Rachel,joy,positive,68,13,5,12,"0:00:41,750","0:00:42,312",What?,joy,3,6,surprise,False,0.024754362,0.003382966,0.010811305,0.007752993,0.24595112,0.00916547,0.6981818
649,They did it right there on the couch.,Joey,neutral,neutral,68,14,5,12,"00:00:42,417","00:00:44,710",They did it right there on the couch.,neutral,4,4,neutral,True,0.032995734,0.0077580167,0.0013714146,0.13275543,0.80374235,0.016830076,0.0045470633
650,"Excuse me, look, we've been here for over an hour, and a lot of people less sick than my friend have gone in.",Chandler,anger,negative,69,0,1,4,"00:16:11,762","00:16:16,683","Excuse me, look, we've been here for over an hour, and a lot of people less sick than my friend have gone in.",anger,0,0,anger,True,0.27165964,0.15442885,0.019900942,0.026055733,0.17324963,0.14346218,0.211243
651,"I mean, that guy with the toe thing?",Chandler,anger,negative,69,1,1,4,"0:16:16,850","0:16:18,322","I mean, that guy with the toe thing?",anger,0,6,surprise,False,0.08720309,0.090646274,0.007300732,0.035065643,0.24078584,0.022966256,0.51603216
652,Who's he sleeping with?,Chandler,neutral,neutral,69,2,1,4,"0:16:18,322","0:16:19,987",Who's he sleeping with?,neutral,4,6,surprise,False,0.05957631,0.031586252,0.012235625,0.013294837,0.110224344,0.014199755,0.75888294
653,"Oh, c'mon Dora, don't be mad...",Chandler,neutral,neutral,69,3,1,4,"00:16:23,273","00:16:26,025","Oh, c'mon Dora, don't be mad...",neutral,4,4,neutral,True,0.14926846,0.010405561,0.18881258,0.14958258,0.3930202,0.096914075,0.0119965775
654,"I know we both said some things we didn't mean, but that doesn't mean we still don't love each other.",Chandler,neutral,neutral,69,4,1,4,"00:16:26,193","00:16:34,867","I know we both said some things we didn't mean, but that doesn't mean we still don't love each other.",neutral,4,5,sadness,False,0.057133917,0.023673767,0.022539964,0.043170404,0.11860477,0.72456014,0.010317087
655,"Y'know, I feel like I've lost her..  Ba-!",Chandler,joy,positive,69,5,1,4,"00:16:35,369","00:16:37,996","Y'know, I feel like I've lost her..  Ba-!",joy,3,5,sadness,False,0.0345229,0.006687583,0.15533315,0.052691404,0.03271615,0.68311024,0.034938537
656,"So you see, Molly, what people don't understand is that acting    is a discipline. It takes a lot of hard work.",Joey,neutral,neutral,70,0,9,12,"00:15:53,744","00:15:59,916","So you see, Molly, what people don't understand is that acting    is a discipline. It takes a lot of hard work.",neutral,4,4,neutral,True,0.23997512,0.048021156,0.053662047,0.0827431,0.29178882,0.22414355,0.05966621
657,So where did you study?,Molly,neutral,neutral,70,1,9,12,"0:16:00,125","0:16:01,377",So where did you study?,neutral,4,4,neutral,True,0.0042950143,0.00049667666,0.0013006261,0.005814949,0.97748864,0.0029378978,0.007666098
658,"Oh, I didn't go to college.",Joey,neutral,neutral,70,2,9,12,"0:16:01,377","0:16:03,069","Oh, I didn't go to college.",neutral,4,4,neutral,True,0.050526902,0.0093511455,0.038837887,0.084860146,0.39318705,0.118286215,0.30495065
659,"No, where did you study acting?",Molly,neutral,neutral,70,3,9,12,"0:16:03,212","0:16:04,714","No, where did you study acting?",neutral,4,4,neutral,True,0.012830939,0.0020141911,0.0055557596,0.019077392,0.9110785,0.008504699,0.0409385
660,Molly ... people don't study acting ...,Joey,neutral,neutral,70,4,9,12,"0:16:04,714","0:16:09,164",Molly ... people don't study acting ...,neutral,4,4,neutral,True,0.09410287,0.03504063,0.018770248,0.043527897,0.6020955,0.07964062,0.12682231
661,"Molly, ah, do you mind giving us just a minute?",Ross,neutral,neutral,70,5,9,12,"00:16:11,971","00:16:15,765","Molly, ah, do you mind giving us just a minute?",neutral,4,4,neutral,True,0.010433217,0.0016435746,0.0028615545,0.017611932,0.9556116,0.010243164,0.0015948715
662,"Sure, I'll go check on Emma.",Molly,neutral,neutral,70,6,9,12,"0:16:15,975","0:16:17,268","Sure, I'll go check on Emma.",neutral,4,4,neutral,True,0.0029697712,0.0009314691,0.0011515641,0.016428782,0.97274256,0.0052912366,0.0004846063
663,Thanx.,Ross,neutral,neutral,70,7,9,12,"0:16:17,268","0:16:18,291",Thanx.,neutral,4,4,neutral,True,0.0027145883,0.0018397317,0.0005456549,0.004588237,0.98601985,0.0033751794,0.00091682555
664,Will the stable boy never get the princess??,Joey,sadness,negative,70,8,9,12,"00:16:20,187","00:16:23,231",Will the stable boy never get the princess??,sadness,5,5,sadness,True,0.029229634,0.0067940904,0.03929451,0.016053287,0.02473184,0.8727356,0.011161026
665,"What do you think you're gonna do, have sex with her right here    on my couch?",Ross,disgust,negative,70,9,9,12,"00:16:23,565","00:16:27,735","What do you think you're gonna do, have sex with her right here    on my couch?",disgust,1,6,surprise,False,0.122257024,0.2208366,0.05811196,0.09396736,0.20700823,0.06842673,0.22939208
666,No ... the leather sticks to my ass.,Joey,disgust,negative,70,10,9,12,"00:16:27,945","00:16:31,155",No ... the leather sticks to my ass.,disgust,1,1,disgust,True,0.36679846,0.48547664,0.008442862,0.05685503,0.020229822,0.053230815,0.00896632
667,"You know, this isn't fair.",Joey,anger,negative,70,11,9,12,"00:16:32,491","00:16:35,535","You know, this isn't fair.",anger,0,5,sadness,False,0.25468394,0.051734723,0.032853406,0.07684629,0.23911434,0.33547565,0.009291585
668,What makes you think that I'm just gonna sleep with her and then blow her off?,Joey,anger,negative,70,12,9,12,"0:16:35,703","0:16:37,205",What makes you think that I'm just gonna sleep with her and then blow her off?,anger,0,6,surprise,False,0.30090868,0.047371056,0.051901124,0.04506488,0.17084546,0.057250325,0.32665846
669,Huh?,Joey,anger,negative,70,13,9,12,"0:16:37,205","0:16:37,357",Huh?,anger,0,6,surprise,False,0.048853025,0.004242475,0.011279741,0.018132009,0.24366163,0.0149757145,0.65885544
670,"Can't you guys open your minds to the possibility that I actally like her,    and might want something real?",Joey,anger,negative,70,14,9,12,"00:16:37,454","00:16:43,876","Can't you guys open your minds to the possibility that I actally like her,    and might want something real?",anger,0,4,neutral,False,0.23123045,0.012666229,0.18903844,0.09699512,0.3370643,0.10160024,0.031405233
671,"Look, the truth is, I haven't felt this    way about anyone since Rachel, ok?",Joey,sadness,negative,70,15,9,12,"00:16:45,462","00:16:51,000","Look, the truth is, I haven't felt this    way about anyone since Rachel, ok?",sadness,5,6,surprise,False,0.06425472,0.010254083,0.09033953,0.079447314,0.26997507,0.14309326,0.342636
672,I didn't think I could ever love again.,Joey,sadness,negative,70,16,9,12,"00:16:50,634","00:16:53,970",I didn't think I could ever love again.,sadness,5,6,surprise,False,0.052290495,0.009534607,0.0642124,0.08700897,0.11661465,0.25376678,0.4165721
673,Come on! Joe!,Ross and Chandler,joy,positive,70,17,9,12,"00:16:54,930","00:16:56,431",Come on! Joe!,joy,3,0,anger,False,0.4094434,0.014740897,0.04730997,0.27530184,0.094701916,0.07083019,0.08767171
675,"Hi, is Molly here?",Woman,neutral,neutral,70,18,9,12,"00:17:02,771","00:17:04,647","Hi, is Molly here?",neutral,4,4,neutral,True,0.0056834863,0.00039563415,0.0010486076,0.02302053,0.95009184,0.0030855115,0.016674416
676,"Yeah, come on in. Molly?",Ross,neutral,neutral,70,19,9,12,"00:17:04,815","00:17:07,025","Yeah, come on in. Molly?",neutral,4,4,neutral,True,0.012307594,0.0010784894,0.0013324107,0.037070148,0.93731666,0.004840865,0.0060538803
677,"Hey! Guys, this is Tabatha .  I'll see you tomorrow.",Molly,neutral,neutral,70,20,9,12,"00:17:07,526","00:17:16,993","Hey! Guys, this is Tabatha .  I'll see you tomorrow.",neutral,4,3,joy,False,0.031578988,0.0019432195,0.002584253,0.49832597,0.41855618,0.013117689,0.033893675
678,"Ok ...  Well, uh, Joey, I guess    we have no problem.",Ross,neutral,neutral,70,21,9,12,"00:17:26,170","00:17:31,340","Ok ...  Well, uh, Joey, I guess    we have no problem.",neutral,4,4,neutral,True,0.024324214,0.0035100863,0.013450275,0.19426236,0.724032,0.035183344,0.005237742
679,"It's like my favorite fairy tale come true!  The princess, the stable boy and the lesbian!",Joey,joy,positive,70,22,9,12,"00:17:32,426","00:17:41,017","It's like my favorite fairy tale come true!  The princess, the stable boy and the lesbian!",joy,3,3,joy,True,0.06775133,0.0047183037,0.0072772093,0.73364055,0.014407769,0.043273542,0.12893133
680,"And what’s cool is, the character is from Naples, right?",Joey,joy,positive,71,0,7,19,"00:20:09,583","00:20:12,835","And what’s cool is, the character is from Naples, right?",joy,3,4,neutral,False,0.029273419,0.0014726986,0.0018692539,0.26107767,0.6940745,0.0081953015,0.0040370594
681,Yeah.,The Director,neutral,neutral,71,1,7,19,"0:20:13,003","0:20:13,546",Yeah.,neutral,4,4,neutral,True,0.011395762,0.005739402,0.003721398,0.08856025,0.87720245,0.012423769,0.0009568344
682,My whole family’s from Naples!,Joey,joy,positive,71,2,7,19,"0:20:13,546","0:20:15,885",My whole family’s from Naples!,joy,3,3,joy,True,0.15597029,0.007689755,0.0071236617,0.37066686,0.12307915,0.04924287,0.28622743
683,"Oh that’s great! Okay, well I’ve heard everything I need to hear. I just need to uh, Leslie",The Director,surprise,positive,71,3,7,19,"00:20:16,006","00:20:26,015","Oh that’s great! Okay, well I’ve heard everything I need to hear. I just need to uh, Leslie",surprise,6,3,joy,False,0.051559772,0.0038837332,0.017818712,0.71006185,0.1402121,0.036032107,0.040431708
684,"Joey, this is the awkward part.",The Casting Director,joy,positive,71,4,7,19,"0:20:26,183","0:20:28,285","Joey, this is the awkward part.",joy,3,4,neutral,False,0.048908245,0.013170332,0.0070628007,0.016096659,0.7305431,0.15843683,0.025781993
685,Oh!,Joey,surprise,positive,71,5,7,19,"0:20:28,285","0:20:28,619",Oh!,surprise,6,6,surprise,True,0.029378377,0.007756218,0.009884624,0.025280777,0.014855477,0.019584935,0.8932595
686,Hey right!,Joey,surprise,positive,71,6,7,19,"0:20:28,619","0:20:29,391",Hey right!,surprise,6,3,joy,False,0.03323674,0.0018541242,0.0009846423,0.91106933,0.04050752,0.004826338,0.007521255
687,Not a problem.,Joey,neutral,neutral,71,7,7,19,"0:20:29,391","0:20:30,391",Not a problem.,neutral,4,4,neutral,True,0.0060886135,0.001498223,0.0008953503,0.007414362,0.9808843,0.0024690642,0.00075011054
688,I totally understand.,Joey,neutral,neutral,71,8,7,19,"00:20:30,437","00:20:33,189",I totally understand.,neutral,4,4,neutral,True,0.033627745,0.004353088,0.0054699187,0.076183215,0.8526856,0.024451982,0.0032285126
689,You need to y’know make sure I don’t have any horrible scars or tattoos.,Joey,neutral,neutral,71,9,7,19,"00:20:33,357","00:20:36,984",You need to y’know make sure I don’t have any horrible scars or tattoos.,neutral,4,4,neutral,True,0.064399116,0.0080256555,0.021213125,0.028801525,0.85562795,0.019940615,0.0019919914
690,Don’t you worry. I have nothing to hide.,Joey,neutral,neutral,71,10,7,19,"00:20:37,152","00:20:41,656",Don’t you worry. I have nothing to hide.,neutral,4,4,neutral,True,0.021499377,0.005222278,0.046633527,0.058691017,0.82401496,0.04110446,0.0028344588
691,"So there you go, that’s me.",Joey,neutral,neutral,71,11,7,19,"00:20:42,950","00:20:45,910","So there you go, that’s me.",neutral,4,4,neutral,True,0.010690611,0.0012448527,0.0016737613,0.07520159,0.8987865,0.011129581,0.0012731391
692,One hundred percent natural!,Joey,joy,positive,71,12,7,19,"00:20:46,078","00:20:48,704",One hundred percent natural!,joy,3,6,surprise,False,0.2631926,0.016160643,0.008274993,0.22968452,0.05753693,0.027123904,0.39802638
693,"I tell ya, that has never happened before.",Joey,fear,negative,71,13,7,19,"00:21:04,137","00:21:07,640","I tell ya, that has never happened before.",fear,2,4,neutral,False,0.05983114,0.015035204,0.034679875,0.13279594,0.5747624,0.07606072,0.106834754
694,This room’s available.,Nurse,neutral,neutral,72,0,8,23,"0:19:16,476","0:19:18,145",This room’s available.,neutral,4,4,neutral,True,0.0050927126,0.0013104613,0.00087850343,0.008401509,0.9807375,0.0022065225,0.0013728299
695,Okay!,Rachel,joy,positive,72,1,8,23,"0:19:18,145","0:19:18,646",Okay!,joy,3,3,joy,True,0.060896195,0.002142914,0.00246228,0.8039546,0.108052455,0.0079544345,0.014537045
696,Okay wait!,Rachel,anger,negative,72,2,8,23,"0:19:18,646","0:19:19,168",Okay wait!,anger,0,6,surprise,False,0.14503714,0.017812347,0.19340466,0.11148187,0.08990055,0.21403627,0.22832705
697,You listen to me!,Rachel,anger,negative,72,3,8,23,"0:19:19,168","0:19:19,880",You listen to me!,anger,0,0,anger,True,0.7359781,0.020959541,0.12102479,0.03018708,0.02185769,0.05234518,0.017647622
698,You listen to me!,Rachel,anger,negative,72,4,8,23,"0:19:19,880","0:19:20,150",You listen to me!,anger,0,0,anger,True,0.7359781,0.020959541,0.12102479,0.03018708,0.02185769,0.05234518,0.017647622
699,"Since I have been waiting four women, that’s four, one higher than the number of centimeters that I am dilated, have come and gone with their babies!",Rachel,anger,negative,72,5,8,23,"00:19:20,147","00:19:31,950","Since I have been waiting four women, that’s four, one higher than the number of centimeters that I am dilated, have come and gone with their babies!",anger,0,0,anger,True,0.42042255,0.025007417,0.016139036,0.060108293,0.07645577,0.09959877,0.30226818
700,I’m next!,Rachel,anger,negative,72,6,8,23,"0:19:26,612","0:19:30,199",I’m next!,anger,0,3,joy,False,0.051332865,0.0018058715,0.0025654505,0.6918521,0.239376,0.008120337,0.004947321
701,It’s my turn!,Rachel,anger,negative,72,7,8,23,"0:19:30,199","0:19:31,284",It’s my turn!,anger,0,0,anger,True,0.8332626,0.018350549,0.009153057,0.06608057,0.014507778,0.046054777,0.012590736
702,It’s only fair!,Rachel,anger,negative,72,8,8,23,"0:19:31,284","0:19:32,059",It’s only fair!,anger,0,6,surprise,False,0.30343178,0.013787066,0.021799514,0.17883874,0.051249463,0.08900101,0.34189236
703,And if you bring in one woman and she has her baby before me I’m going to sue you!,Rachel,anger,negative,72,9,8,23,"00:19:32,117","00:19:36,246",And if you bring in one woman and she has her baby before me I’m going to sue you!,anger,0,0,anger,True,0.8564518,0.029526236,0.026629372,0.03307428,0.013676863,0.030080322,0.010561148
704,"Not this hospital, I’m going to sue you!",Rachel,anger,negative,72,10,8,23,"0:19:37,623","0:19:39,667","Not this hospital, I’m going to sue you!",anger,0,0,anger,True,0.8519718,0.025697721,0.022710674,0.030238815,0.01286182,0.024943763,0.031575482
705,And my husband  he’s a lawyer!,Rachel,anger,negative,72,11,8,23,"0:19:39,667","0:19:41,988",And my husband  he’s a lawyer!,anger,0,6,surprise,False,0.36548582,0.013995413,0.012782127,0.050327435,0.05831328,0.07918275,0.41991317
706,Uh Rach,Ross,neutral,neutral,72,12,8,23,"0:19:42,085","0:19:42,795",Uh Rach,neutral,4,4,neutral,True,0.008836488,0.0041030883,0.02606017,0.022969125,0.92651004,0.009962074,0.0015589995
707,Go get back on that case honey!,Rachel,anger,negative,72,13,8,23,"0:19:42,795","0:19:45,986",Go get back on that case honey!,anger,0,0,anger,True,0.62020123,0.008080039,0.0176655,0.1439331,0.15312637,0.030619562,0.02637419
708,I don’t think the next patient is very far along.,Nurse,neutral,neutral,72,14,8,23,"00:19:46,131","00:19:49,176",I don’t think the next patient is very far along.,neutral,4,4,neutral,True,0.048892256,0.008713525,0.14780432,0.088463545,0.57105386,0.10101114,0.034061383
709,"Okay, well then bring her in.",Rachel,neutral,neutral,72,15,8,23,"00:19:49,384","00:19:52,971","Okay, well then bring her in.",neutral,4,4,neutral,True,0.0040440685,0.0011132872,0.0009868593,0.01658847,0.9739832,0.0029853622,0.00029864174
710,OH….MY….GAWD!!!,Woman,surprise,positive,72,16,8,23,"00:20:01,146","00:20:06,568",OH….MY….GAWD!!!,surprise,6,5,sadness,False,0.12548395,0.05618203,0.20600255,0.05051305,0.020999297,0.404802,0.13601708
711,"Ross-Ross-Ross-Ross! Stay away from that guy , and that guy . And that one—Dude! They’re all huge!",Joey,fear,negative,73,0,4,15,"00:11:26,811","00:11:34,234","Ross-Ross-Ross-Ross! Stay away from that guy , and that guy . And that one—Dude! They’re all huge!",fear,2,0,anger,False,0.5956659,0.02996036,0.18170157,0.041718856,0.019682992,0.09125182,0.04001845
712,They don’t look any bigger than me!,Ross,neutral,neutral,73,1,4,15,"00:11:35,111","00:11:36,778",They don’t look any bigger than me!,neutral,4,6,surprise,False,0.07258317,0.013222682,0.024846755,0.024454156,0.038584452,0.03464495,0.7916639
713,"Well, maybe that’s because you’re closer to you. So you look bigger to you from where you are.",Joey,anger,negative,73,2,4,15,"00:11:36,946","00:11:40,990","Well, maybe that’s because you’re closer to you. So you look bigger to you from where you are.",anger,0,4,neutral,False,0.017807294,0.00900813,0.005966678,0.03989768,0.9058687,0.016114518,0.0053370153
714,I’m just going to say hi to the lads. All right?,Emily,neutral,neutral,73,3,4,15,"00:11:43,035","00:11:45,036",I’m just going to say hi to the lads. All right?,neutral,4,4,neutral,True,0.018389584,0.0015702891,0.003921403,0.23807853,0.7069939,0.01593416,0.01511214
715,All right.,Ross,neutral,neutral,73,4,4,15,"0:11:45,204","0:11:45,636",All right.,neutral,4,4,neutral,True,0.016544135,0.0033886023,0.001727093,0.047511097,0.92365724,0.0064149685,0.0007568598
716,Okay.,Emily,neutral,neutral,73,5,4,15,"0:11:45,636","0:11:47,018",Okay.,neutral,4,4,neutral,True,0.0075764908,0.0018695078,0.0009824752,0.04457576,0.94050366,0.0039436813,0.00054840284
717,Hi.,Phoebe,neutral,neutral,73,6,4,15,"00:11:49,667","00:11:51,376",Hi.,neutral,4,4,neutral,True,0.0017985275,0.00042537056,0.00041535046,0.004251649,0.9911582,0.0015729588,0.00037794615
718,Whoa!  I kinda liked it.,Phoebe,joy,positive,73,7,4,15,"00:11:51,544","00:11:56,005",Whoa!  I kinda liked it.,joy,3,3,joy,True,0.02686429,0.007911647,0.0034045342,0.72163576,0.0141853625,0.008872911,0.21712552
719,"Okay, I know what I have to do. I’ve got to go Red Ross.  Y’know, Red Ross!",Ross,anger,negative,73,8,4,15,"00:11:57,717","00:12:01,094","Okay, I know what I have to do. I’ve got to go Red Ross.  Y’know, Red Ross!",anger,0,4,neutral,False,0.069024146,0.008300829,0.25410327,0.11648346,0.3690408,0.17055331,0.0124941785
720,I totally don’t know what you’re talking about.,Joey,neutral,neutral,73,9,4,15,"00:12:05,641","00:12:07,684",I totally don’t know what you’re talking about.,neutral,4,6,surprise,False,0.12713055,0.04143084,0.036362402,0.034558292,0.066885374,0.025994921,0.6676376
721,Come on! The time we were all waiting in line for,Ross,anger,negative,73,10,4,15,"00:12:07,852","00:12:10,979",Come on! The time we were all waiting in line for,anger,0,4,neutral,False,0.26353094,0.009813627,0.01759931,0.1725133,0.3338309,0.09119099,0.111520864
722,Y'know you guys were a lot more supportive when I wanted to make denim furniture.,Phoebe,joy,positive,74,0,4,11,"00:04:58,131","00:05:02,634",Y'know you guys were a lot more supportive when I wanted to make denim furniture.,joy,3,4,neutral,False,0.022368995,0.011352968,0.0040117404,0.13372359,0.78603053,0.041091755,0.0014204731
723,"No, Pheebs, listen, if you decide to do this, we’ll be supportive like crazy.",Joey,neutral,neutral,74,1,4,11,"00:05:02,885","00:05:06,680","No, Pheebs, listen, if you decide to do this, we’ll be supportive like crazy.",neutral,4,4,neutral,True,0.06241898,0.017599922,0.07747857,0.060054976,0.71751064,0.06250256,0.002434337
725,We just want you to think it through.,Monica,neutral,neutral,74,2,4,11,"00:05:06,889","00:05:08,390",We just want you to think it through.,neutral,4,4,neutral,True,0.15015756,0.01275128,0.11242945,0.24376969,0.4025809,0.07123708,0.0070740227
726,"Yeah, honey, maybe you can talk to somebody who’s had a baby. Like your mom?",Rachel,neutral,neutral,74,3,4,11,"00:05:08,558","00:05:11,727","Yeah, honey, maybe you can talk to somebody who’s had a baby. Like your mom?",neutral,4,4,neutral,True,0.0025304744,0.00060223404,0.0023853383,0.009240621,0.97608,0.007601471,0.0015599185
727,My mom never gave birth. Oh! But my birth mom did.,Phoebe,neutral,neutral,74,4,4,11,"00:05:12,020","00:05:16,815",My mom never gave birth. Oh! But my birth mom did.,neutral,4,6,surprise,False,0.054389454,0.016098527,0.022616789,0.0709522,0.07546191,0.08298221,0.6774989
728,"Umm, thank you for meeting with me.",Phoebe,neutral,neutral,75,0,5,13,"00:15:46,570","00:15:48,196","Umm, thank you for meeting with me.",neutral,4,4,neutral,True,0.008193599,0.0011017172,0.0014938263,0.26747847,0.7047381,0.015012221,0.0019820163
729,Thank you. All right.,Frank Sr.,neutral,neutral,75,1,5,13,"00:15:48,447","00:15:49,822",Thank you. All right.,neutral,4,3,joy,False,0.01888548,0.0017996802,0.0013233108,0.52262646,0.44307068,0.010537049,0.001757327
730,"Come, sit.",Phoebe,neutral,neutral,75,2,5,13,"00:15:50,491","00:15:51,950","Come, sit.",neutral,4,4,neutral,True,0.03514338,0.013693257,0.0071332655,0.030739296,0.8939286,0.017513858,0.0018483624
731,Sit.,Phoebe,neutral,neutral,75,3,5,13,"00:15:54,203","00:15:55,495",Sit.,neutral,4,4,neutral,True,0.009302812,0.0026470046,0.0013677946,0.0057596015,0.97558063,0.0044798236,0.0008623228
732,Sit!,Phoebe,anger,negative,75,4,5,13,"00:15:55,913","00:15:57,372",Sit!,anger,0,0,anger,True,0.68812025,0.026852498,0.068308294,0.043817736,0.045320783,0.067376174,0.060204305
733,"Umm, all righty, before we get started I just—I need you to state for the official record that you are in fact Frank Buffay.",Phoebe,neutral,neutral,75,5,5,13,"00:15:58,832","00:16:06,631","Umm, all righty, before we get started I just—I need you to state for the official record that you are in fact Frank Buffay.",neutral,4,4,neutral,True,0.042514578,0.0043946495,0.010022195,0.09924474,0.82517135,0.016017837,0.0026346783
734,Lucky sixes....,Ross,neutral,neutral,76,0,1,7,"00:15:15,247","00:15:17,081",Lucky sixes....,neutral,4,4,neutral,True,0.04361713,0.008014179,0.007956625,0.22323935,0.512736,0.19798906,0.0064476323
735,"Everybody, this is Paolo. Paolo, I want you to meet my friends. This is Monica.",Rachel,neutral,neutral,76,1,1,7,"00:15:18,000","00:15:23,338","Everybody, this is Paolo. Paolo, I want you to meet my friends. This is Monica.",neutral,4,3,joy,False,0.029896248,0.0012393608,0.0054750214,0.5082787,0.39111608,0.052964717,0.011029826
736,Hi!,Monica,neutral,neutral,76,2,1,7,"00:15:23,589","00:15:26,424",Hi!,neutral,4,3,joy,False,0.014340315,0.00074478035,0.0006996317,0.949595,0.019807633,0.0036564504,0.011156241
737,And Joey....,Rachel,neutral,neutral,76,3,1,7,"0:15:26,592","0:15:27,510",And Joey....,neutral,4,4,neutral,True,0.0839093,0.008232817,0.012276962,0.3338926,0.4386301,0.095131025,0.027927196
738,Hi!,Monica,neutral,neutral,76,4,1,7,"0:15:27,510","0:15:28,913",Hi!,neutral,4,3,joy,False,0.014340315,0.00074478035,0.0006996317,0.949595,0.019807633,0.0036564504,0.011156241
739,And Ross.,Rachel,neutral,neutral,76,5,1,7,"0:15:29,011","0:15:30,903",And Ross.,neutral,4,4,neutral,True,0.02219923,0.0032541093,0.0020627682,0.0625203,0.88508517,0.017988993,0.006889396
740,Hi!,Monica,neutral,neutral,76,6,1,7,"0:15:30,903","0:15:32,617",Hi!,neutral,4,3,joy,False,0.014340315,0.00074478035,0.0006996317,0.949595,0.019807633,0.0036564504,0.011156241
741,He doesn't speak much English.,Rachel,neutral,neutral,76,7,1,7,"00:15:37,895","00:15:41,064",He doesn't speak much English.,neutral,4,4,neutral,True,0.018155288,0.006610165,0.0060079885,0.00873473,0.8921681,0.008005668,0.060318027
742,Look at that!,Rachel,surprise,positive,76,8,1,7,"00:15:45,653","00:15:47,445",Look at that!,surprise,6,6,surprise,True,0.08558016,0.01108019,0.0053097387,0.18648352,0.019718835,0.018335748,0.6734918
743,"So, um... where did Paolo come from?",Ross,neutral,neutral,76,9,1,7,"00:15:50,658","00:15:52,158","So, um... where did Paolo come from?",neutral,4,4,neutral,True,0.008004706,0.0010488696,0.0068575707,0.015555572,0.922253,0.012453212,0.033826992
744,"Oh... Italy, I think.",Rachel,neutral,neutral,76,10,1,7,"00:15:53,035","00:15:54,702","Oh... Italy, I think.",neutral,4,4,neutral,True,0.011987223,0.003066172,0.0050764163,0.075686075,0.8442201,0.033838358,0.026125707
745,"No, I mean tonight, in the building. Suddenly. Into our lives.",Ross,neutral,neutral,76,11,1,7,"00:15:54,995","00:15:58,873","No, I mean tonight, in the building. Suddenly. Into our lives.",neutral,4,3,joy,False,0.08794752,0.004827936,0.02310244,0.67460984,0.070287675,0.12819514,0.011029508
746,"Well, the cat... the cat turned out to be Paolo's cat!",Rachel,neutral,neutral,76,12,1,7,"00:16:00,209","00:16:04,337","Well, the cat... the cat turned out to be Paolo's cat!",neutral,4,6,surprise,False,0.05764463,0.0036673143,0.005245338,0.2121241,0.07480044,0.02334403,0.6231742
747,"That, that is funny... .... and Rachel keeps touching him.",Ross,neutral,neutral,76,13,1,7,"00:16:06,173","00:16:09,425","That, that is funny... .... and Rachel keeps touching him.",neutral,4,3,joy,False,0.046452723,0.005755674,0.0060881586,0.79115963,0.12327767,0.021749582,0.0055165724
748,Alright. I looked all over the building and I couldn't find the kitty anywhere.,Phoebe,neutral,neutral,76,14,1,7,"00:16:12,179","00:16:16,307",Alright. I looked all over the building and I couldn't find the kitty anywhere.,neutral,4,4,neutral,True,0.04325682,0.0123256305,0.06647038,0.09196362,0.68135816,0.090696454,0.013928919
749,"Oh, I found him. He was Paolo's cat.",Rachel,neutral,neutral,76,15,1,7,"00:16:16,558","00:16:18,977","Oh, I found him. He was Paolo's cat.",neutral,4,4,neutral,True,0.0058377446,0.0008640299,0.0013479969,0.017739872,0.9489631,0.008626801,0.01662043
750,Ah! Well! There you go! Last to know again! And I'm guessing... since nobody told me... this is Paolo.,Phoebe,joy,positive,76,16,1,7,"00:16:19,228","00:16:26,943",Ah! Well! There you go! Last to know again! And I'm guessing... since nobody told me... this is Paolo.,joy,3,6,surprise,False,0.12818769,0.0121279005,0.028328298,0.14451668,0.08792272,0.12469918,0.4742175
751,"Ah, Paolo, this is Phoebe.",Rachel,neutral,neutral,76,17,1,7,"00:16:27,194","00:16:29,946","Ah, Paolo, this is Phoebe.",neutral,4,4,neutral,True,0.01113405,0.0012256189,0.0020117965,0.024647757,0.9270362,0.007390349,0.026554275
752,You betcha!,Phoebe,joy,positive,76,18,1,7,"00:16:35,536","00:16:36,786",You betcha!,joy,3,3,joy,True,0.013064583,0.0007645593,0.0008024476,0.9472071,0.029001366,0.004769938,0.0043900213
753,"Okay, where in the hell did you get that?!",Ross,surprise,negative,77,0,3,9,"00:12:11,480","00:12:13,523","Okay, where in the hell did you get that?!",surprise,6,0,anger,False,0.6341429,0.076504685,0.013566752,0.043541804,0.013765945,0.016125998,0.20235193
754,"When Mom and Dad drove you to the hospital to get your nose fixed, I swam into the lake and fished it out.",Monica,neutral,neutral,77,1,3,9,"00:12:13,691","00:12:18,987","When Mom and Dad drove you to the hospital to get your nose fixed, I swam into the lake and fished it out.",neutral,4,5,sadness,False,0.050893974,0.09993153,0.057404906,0.08678308,0.16600876,0.5005052,0.038472533
755,That cup is mine!,Ross,anger,negative,77,2,3,9,"00:12:19,155","00:12:20,280",That cup is mine!,anger,0,3,joy,False,0.28756785,0.006187359,0.014969882,0.3886771,0.2206497,0.04629251,0.035655603
756,"No it’s not! You want it, you’re gonna have to win it!",Monica,anger,negative,77,3,3,9,"00:12:20,448","00:12:23,575","No it’s not! You want it, you’re gonna have to win it!",anger,0,2,fear,False,0.13571215,0.024212621,0.545405,0.06044776,0.03253441,0.16302824,0.038659897
757,"All right, so are we not having dinner at all?",Rachel,sadness,negative,77,4,3,9,"00:12:23,743","00:12:27,036","All right, so are we not having dinner at all?",sadness,5,4,neutral,False,0.084020406,0.010609123,0.015096129,0.051562596,0.7391378,0.08878239,0.010791567
758,Why?,Rachel,sadness,negative,78,0,3,1,"00:08:26,631","00:08:28,131",Why?,sadness,5,6,surprise,False,0.03475762,0.004930973,0.011346365,0.008366466,0.24134961,0.012292168,0.6869568
759,Because I don't work at the Szechwan Dragon.,Monica,neutral,neutral,78,1,3,1,"00:08:28,299","00:08:31,176",Because I don't work at the Szechwan Dragon.,neutral,4,5,sadness,False,0.25436035,0.09923991,0.019223258,0.0481967,0.27418986,0.2805186,0.02427135
761,"You really, really need to get some sleep, honey.",Rachel,neutral,neutral,78,2,3,1,"00:08:31,385","00:08:33,512","You really, really need to get some sleep, honey.",neutral,4,4,neutral,True,0.008876435,0.0021590388,0.014592756,0.11521743,0.75254524,0.054372396,0.05223685
762,I know I do.,Monica,neutral,neutral,78,3,3,1,"00:08:33,679","00:08:34,846",I know I do.,neutral,4,4,neutral,True,0.016703777,0.004334136,0.007041605,0.089320794,0.86129713,0.020239737,0.001062718
763,Hi.,Ross,neutral,neutral,78,4,3,1,"0:08:35,014","0:08:35,724",Hi.,neutral,4,4,neutral,True,0.0017985282,0.00042537035,0.00041535046,0.004251649,0.9911582,0.0015729582,0.00037794578
764,Hi.,Rachel,neutral,neutral,78,5,3,1,"0:08:35,724","0:08:36,548",Hi.,neutral,4,4,neutral,True,0.0017985282,0.00042537035,0.00041535046,0.004251649,0.9911582,0.0015729582,0.00037794578
765,Guess what?,Ross,neutral,neutral,78,6,3,1,"00:08:36,641","00:08:38,517",Guess what?,neutral,4,4,neutral,True,0.02967026,0.0033215624,0.010205076,0.068863325,0.85575265,0.016680265,0.015506898
767,They published my paper.,Ross,joy,positive,78,7,3,1,"00:08:36,641","00:08:38,517",They published my paper.,joy,3,4,neutral,False,0.23519598,0.030062143,0.016214278,0.07960645,0.45082098,0.06995646,0.11814372
768,"Oh, really, let me see, let me see.",Rachel,joy,positive,78,8,3,1,"00:08:38,684","00:08:41,853","Oh, really, let me see, let me see.",joy,3,6,surprise,False,0.034343604,0.008210509,0.016728701,0.1537895,0.10399917,0.03965015,0.64327836
769,"Rach, look!  Oh, hi! Where is my strong Ross Skywalker to come rescue me.  There he is.",Phoebe,joy,positive,78,9,3,1,"00:08:42,021","00:08:46,316","Rach, look!  Oh, hi! Where is my strong Ross Skywalker to come rescue me.  There he is.",joy,3,5,sadness,False,0.050848592,0.006683988,0.08299145,0.096330985,0.046366632,0.6364175,0.08036087
771,"You know what this is, this is us getting ready for the prom.",Monica,neutral,neutral,79,0,2,14,"0:17:10,029","0:17:12,574","You know what this is, this is us getting ready for the prom.",neutral,4,4,neutral,True,0.051994678,0.0019497995,0.006520698,0.2442962,0.6679656,0.023655647,0.0036174315
772,Oh.,Rachel,neutral,neutral,79,1,2,14,"0:17:12,574","0:17:13,212",Oh.,neutral,4,4,neutral,True,0.0090963105,0.008446266,0.025376799,0.06527975,0.787109,0.096221894,0.0084699495
773,What?! You got us evicted!!,Rachel,anger,negative,80,0,4,4,"0:06:52,620","0:06:55,749",What?! You got us evicted!!,anger,0,6,surprise,False,0.040574044,0.002171681,0.006085094,0.16403458,0.026520919,0.01881802,0.7417957
774,I told you not to go down there!,Monica,anger,negative,80,1,4,4,"0:06:55,749","0:06:55,892",I told you not to go down there!,anger,0,0,anger,True,0.78898096,0.019404626,0.05060726,0.02659571,0.020783054,0.044611722,0.0490167
775,Well he made Rachel cry!,Joey,disgust,negative,80,2,4,4,"00:06:56,124","00:06:57,332",Well he made Rachel cry!,disgust,1,0,anger,False,0.417555,0.03231275,0.08928952,0.07444707,0.029969463,0.32452953,0.031896625
776,Rachel always cries!,Monica,anger,negative,80,3,4,4,"00:06:57,542","00:06:59,251",Rachel always cries!,anger,0,3,joy,False,0.31599188,0.013138325,0.027760679,0.42481062,0.0536313,0.10099855,0.06366864
777,That’s not true!,Rachel,anger,negative,80,4,4,4,"00:07:00,503","00:07:02,546",That’s not true!,anger,0,5,sadness,False,0.1382641,0.03311171,0.27836496,0.06229294,0.04461511,0.3187643,0.12458685
778,"Now Joey, you go down there and you suck up to him. I mean you suck like you’ve never sucked before!",Monica,neutral,neutral,80,5,4,4,"00:07:04,340","00:07:10,262","Now Joey, you go down there and you suck up to him. I mean you suck like you’ve never sucked before!",neutral,4,0,anger,False,0.4718152,0.17835058,0.020361967,0.22644301,0.01974163,0.043784954,0.03950262
779,"All right! I’ll try! But if I can’t, you can stay with Chandler and I until you get settled.",Joey,neutral,neutral,80,6,4,4,"00:07:11,556","00:07:16,952","All right! I’ll try! But if I can’t, you can stay with Chandler and I until you get settled.",neutral,4,3,joy,False,0.21536341,0.006994585,0.04640446,0.33647245,0.27773327,0.095654525,0.021377321
780,Go!!,Rachel,anger,negative,80,7,4,4,"0:07:17,019","0:07:18,491",Go!!,anger,0,0,anger,True,0.5954514,0.027031021,0.18829396,0.061669525,0.029410625,0.06684011,0.03130338
781,"All right, all right, all right.",Joey,neutral,neutral,80,8,4,4,"0:07:18,491","0:07:19,281","All right, all right, all right.",neutral,4,4,neutral,True,0.06416948,0.0052846936,0.008019365,0.4450706,0.4559346,0.019328458,0.0021927918
782,"I mean I’ll have to check with him first, but I’ll think he’ll be cool with it.",Joey,neutral,neutral,80,9,4,4,"00:07:19,522","00:07:22,065","I mean I’ll have to check with him first, but I’ll think he’ll be cool with it.",neutral,4,4,neutral,True,0.004671389,0.0013360786,0.0021760978,0.021111708,0.96282655,0.006687029,0.0011911411
783,"So, he’s just a nice guy. You really think this Mark doesn’t want anything in exchange for helping him?",Ross,joy,positive,81,0,3,11,"00:09:10,967","00:09:17,973","So, he’s just a nice guy. You really think this Mark doesn’t want anything in exchange for helping him?",joy,3,6,surprise,False,0.097764194,0.015030593,0.022107001,0.033883546,0.18983509,0.0443191,0.59706044
784,"Well, I assume I’ll have to take showers with him, but y'know, that’s true of any job.",Rachel,neutral,neutral,81,1,3,11,"00:09:18,140","00:09:22,978","Well, I assume I’ll have to take showers with him, but y'know, that’s true of any job.",neutral,4,4,neutral,True,0.003045091,0.0036372936,0.0027598306,0.010207889,0.97083896,0.008927443,0.00058350305
785,How ya feelin’?,Monica,neutral,neutral,82,0,2,18,"00:09:28,234","00:09:29,276",How ya feelin’?,neutral,4,4,neutral,True,0.00912131,0.0032386354,0.002465903,0.08079292,0.8865889,0.01593154,0.0018608429
786,"Well, my apartment isn’t there anymore, because I drank it.",Chandler,neutral,neutral,83,0,3,11,"00:09:29,443","00:09:34,114","Well, my apartment isn’t there anymore, because I drank it.",neutral,4,5,sadness,False,0.124214254,0.19405258,0.012575163,0.037779644,0.064860985,0.5546411,0.011876216
787,Where’d you get too? We lost you after you opened up all the presents.,Phoebe,neutral,neutral,83,1,3,11,"00:09:36,117","00:09:39,744",Where’d you get too? We lost you after you opened up all the presents.,neutral,4,3,joy,False,0.025518758,0.0031261703,0.02963366,0.65172946,0.06820704,0.17764314,0.044141736
788,Yeah.,Ross,neutral,neutral,83,2,3,11,"0:09:39,954","0:09:44,250",Yeah.,neutral,4,4,neutral,True,0.011395762,0.005739402,0.0037213964,0.08856025,0.87720245,0.012423769,0.0009568353
789,"Yeah, I ended up in the storage room, and not alone.",Chandler,neutral,neutral,83,3,3,11,"0:09:44,250","0:09:44,396","Yeah, I ended up in the storage room, and not alone.",neutral,4,4,neutral,True,0.014851304,0.0025689546,0.001191338,0.0316505,0.937068,0.011438447,0.0012315545
790,Woooo hoooo!!!,All,joy,positive,83,4,3,11,"00:09:44,500","00:09:45,542",Woooo hoooo!!!,joy,3,3,joy,True,0.09820077,0.009773063,0.0065512257,0.5199392,0.01502983,0.012781174,0.3377248
791,"Ow, no ‘woo-hooing,’ no ‘woo-hooing.’",Chandler,anger,negative,83,5,3,11,"00:09:46,919","00:09:49,546","Ow, no ‘woo-hooing,’ no ‘woo-hooing.’",anger,0,0,anger,True,0.20988551,0.060847796,0.18037587,0.20535015,0.13929178,0.113420464,0.09082838
792,"Why, what happened?",Phoebe,surprise,negative,83,6,3,11,"00:09:50,548","00:09:51,631","Why, what happened?",surprise,6,6,surprise,True,0.040239636,0.00444866,0.013113002,0.011708698,0.33987206,0.015963765,0.5746542
793,"Ah, I fooled around with Joey’s sister.  Well, that’s not the worst part.",Chandler,sadness,negative,83,7,3,11,"00:09:54,802","00:10:01,600","Ah, I fooled around with Joey’s sister.  Well, that’s not the worst part.",sadness,5,4,neutral,False,0.08589889,0.057975765,0.018111788,0.03887107,0.4006915,0.028785067,0.3696659
794,What is the worse part?,Monica,neutral,neutral,83,8,3,11,"00:09:58,180","00:10:01,600",What is the worse part?,neutral,4,4,neutral,True,0.15816677,0.12989089,0.03356647,0.048864458,0.502962,0.107262336,0.019287037
795,I can’t remember which sister.,Chandler,sadness,negative,83,9,3,11,"00:10:01,767","00:10:03,810",I can’t remember which sister.,sadness,5,4,neutral,False,0.038017664,0.014052755,0.04233029,0.04466322,0.51257795,0.14843357,0.19992456
796,You see what men do! Don’t tell me men are not nice!  This is men!!,Ross,anger,negative,83,10,3,11,"00:10:05,104","00:10:09,566",You see what men do! Don’t tell me men are not nice!  This is men!!,anger,0,0,anger,True,0.4943022,0.03910159,0.28018072,0.030081699,0.017740598,0.11052286,0.02807031
797,What’s wrong with you?,Chandler,anger,negative,84,0,1,5,"00:10:04,312","00:10:06,855",What’s wrong with you?,anger,0,1,disgust,False,0.27297541,0.35355854,0.05358604,0.021256318,0.018685445,0.22278024,0.057158045
798,Nothing!,Joey,anger,negative,84,1,1,5,"00:10:07,023","00:10:08,023",Nothing!,anger,0,0,anger,True,0.4171234,0.059357766,0.024041206,0.09616788,0.3386155,0.047186755,0.017507447
799,"Well, I-I got this blinding pain in my stomach when I was lifting weights before, then I uh passed out and uh, haven’t been able to stand up since.",Joey,sadness,negative,84,2,1,5,"00:10:08,190","00:10:18,575","Well, I-I got this blinding pain in my stomach when I was lifting weights before, then I uh passed out and uh, haven’t been able to stand up since.",sadness,5,2,fear,False,0.035194393,0.028685624,0.4508258,0.0770432,0.058042545,0.23554301,0.114665344
800,"But um, I don’t think it’s anything serious.",Joey,neutral,neutral,85,0,6,4,"00:10:18,743","00:10:21,536","But um, I don’t think it’s anything serious.",neutral,4,4,neutral,True,0.023297949,0.007342318,0.07684209,0.080800086,0.6871064,0.05645421,0.06815697
801,This sounds like a hernia. You have to—you-you—Go to the doctor!,Chandler,surprise,negative,85,1,6,4,"00:10:21,704","00:10:24,706",This sounds like a hernia. You have to—you-you—Go to the doctor!,surprise,6,6,surprise,True,0.06345054,0.021459114,0.106672846,0.06548932,0.03866315,0.14206335,0.56220174
802,No way!,Joey,anger,negative,85,2,6,4,"00:10:24,874","00:10:26,124",No way!,anger,0,6,surprise,False,0.07274502,0.024910033,0.07881596,0.067726746,0.05110843,0.0861531,0.6185407
803,"‘Kay look, if I have to go to the doctor for anything it’s gonna be for this thing sticking out of my stomach!",Joey,anger,negative,85,3,6,4,"00:10:26,292","00:10:31,463","‘Kay look, if I have to go to the doctor for anything it’s gonna be for this thing sticking out of my stomach!",anger,0,2,fear,False,0.05850598,0.016216679,0.54096955,0.051433325,0.04334361,0.24575795,0.043772895
804,Why did I have to start working out again?,Joey,disgust,negative,85,4,6,4,"00:10:36,177","00:10:39,054",Why did I have to start working out again?,disgust,1,6,surprise,False,0.04855308,0.0033405724,0.0175543,0.038654666,0.39015612,0.059178878,0.44256237
805,Damn you 15s!,Joey,anger,negative,85,5,6,4,"00:10:39,764","00:10:41,556",Damn you 15s!,anger,0,0,anger,True,0.5456849,0.032391615,0.0069932467,0.36142805,0.020235438,0.014217704,0.019049063
806,It’s a trifle.,Rachel,neutral,neutral,86,0,6,9,"0:07:35,371","0:07:36,293",It’s a trifle.,neutral,4,4,neutral,True,0.009034895,0.0022278563,0.002419808,0.0036313739,0.9653292,0.008162515,0.009194542
807,It’s got all of these layers.,Rachel,neutral,neutral,86,1,6,9,"0:07:36,293","0:07:37,676",It’s got all of these layers.,neutral,4,4,neutral,True,0.004906896,0.00082210044,0.0008674482,0.012194566,0.9766629,0.0031775557,0.0013685891
808,"First there’s a layer of ladyfingers, then a layer of jam, then custard, which I made from scratch.",Rachel,neutral,neutral,86,2,6,9,"00:07:37,874","00:07:45,172","First there’s a layer of ladyfingers, then a layer of jam, then custard, which I made from scratch.",neutral,4,4,neutral,True,0.012591354,0.0069725947,0.0016882241,0.012985775,0.9438042,0.019511884,0.0024459376
809,"[Joey and Ross make impressed faces] Then raspberries, more ladyfingers, then beef sautéed with peas and onions, [Joey and Ross look like something’s wrong.]",Rachel,neutral,neutral,86,3,6,9,"00:07:45,381","00:07:49,634","[Joey and Ross make impressed faces] Then raspberries, more ladyfingers, then beef sautéed with peas and onions, [Joey and Ross look like something’s wrong.]",neutral,4,5,sadness,False,0.18676387,0.05461821,0.051690213,0.061532605,0.1287432,0.5057191,0.010932798
810,"then a little more custard, and then bananas, and then I just put some whipped cream on top!",Rachel,neutral,neutral,86,4,6,9,"00:07:50,095","00:07:56,183","then a little more custard, and then bananas, and then I just put some whipped cream on top!",neutral,4,0,anger,False,0.41410387,0.10961384,0.022219742,0.085624166,0.0897203,0.25156513,0.027152907
811,It tastes like feet!,Ross,disgust,negative,86,5,6,9,"00:17:20,539","00:17:22,582",It tastes like feet!,disgust,1,3,joy,False,0.12089054,0.074013256,0.008455481,0.5418965,0.036480628,0.039477665,0.17878588
812,I like it.,Joey,joy,positive,86,6,6,9,"00:17:24,960","00:17:26,335",I like it.,joy,3,3,joy,True,0.03578248,0.01798569,0.0041989,0.81122386,0.10944806,0.01846476,0.002896245
813,Are you kidding?,Ross,surprise,negative,86,7,6,9,"00:17:29,923","00:17:30,965",Are you kidding?,surprise,6,0,anger,False,0.46003276,0.1172387,0.0093282,0.04458601,0.019811062,0.012681437,0.33632177
814,Does anyone else think David Copperfield is cute?,Chandler,neutral,neutral,87,0,3,5,"00:02:30,567","00:02:33,110",Does anyone else think David Copperfield is cute?,neutral,4,4,neutral,True,0.0736199,0.021028275,0.024769872,0.02646851,0.7217194,0.02173194,0.11066204
815,"No, but he told me, he thinks your a fox.",Monica,neutral,neutral,87,1,3,5,"00:02:35,238","00:02:38,448","No, but he told me, he thinks your a fox.",neutral,4,4,neutral,True,0.071422264,0.015021111,0.013831386,0.029809097,0.59498096,0.023587668,0.25134757
816,"Welcome everybody, welcome to Amazing Discoveries!",Host,joy,positive,88,0,3,4,"00:00:05,755","00:00:08,882","Welcome everybody, welcome to Amazing Discoveries!",joy,3,3,joy,True,0.010054262,0.000677563,0.0006458292,0.9649294,0.012025059,0.003666897,0.008000911
817,"Oh, oh! It's on again!",Phoebe,joy,positive,88,1,3,4,"00:00:10,301","00:00:11,593","Oh, oh! It's on again!",joy,3,3,joy,True,0.051646277,0.0042276457,0.009513503,0.46381575,0.04504972,0.037224025,0.3885231
818,"You guys, can we please not watch this all right.",Joey,disgust,negative,88,2,3,4,"0:00:11,761","0:00:13,513","You guys, can we please not watch this all right.",disgust,1,2,fear,False,0.05332467,0.016324854,0.53403807,0.0333389,0.03420753,0.31227896,0.016487027
819,Shhhh!,All,anger,negative,88,3,3,4,"0:00:13,513","0:00:14,685",Shhhh!,anger,0,2,fear,False,0.1286846,0.03171562,0.41447905,0.09927611,0.050675556,0.14497261,0.13019645
820,"Folks, has this ever happened to you.",Host,neutral,neutral,88,4,3,4,"0:00:14,806","0:00:16,308","Folks, has this ever happened to you.",neutral,4,4,neutral,True,0.11835073,0.04235283,0.06721626,0.028066073,0.57437176,0.1515314,0.018110843
821,"You go to the refrigerator to get a nice glass of milk,  and these darn cartons are so flingin'-flangin' hard to open.",Host,neutral,neutral,88,5,3,4,"0:00:16,308","0:00:21,718","You go to the refrigerator to get a nice glass of milk,  and these darn cartons are so flingin'-flangin' hard to open.",neutral,4,0,anger,False,0.5420109,0.28933853,0.015318249,0.041445415,0.034152847,0.059052944,0.018681128
822,"Oh, you said it Mike.  Aw! There's got to be a better way!",Joey,anger,negative,88,6,3,4,"00:00:21,855","00:00:30,029","Oh, you said it Mike.  Aw! There's got to be a better way!",anger,0,6,surprise,False,0.06431093,0.0128255645,0.07405544,0.16218315,0.058085136,0.21825223,0.41028747
823,And there is Kevin.,Mike,neutral,neutral,88,7,3,4,"00:00:26,359","00:00:30,029",And there is Kevin.,neutral,4,4,neutral,True,0.011374443,0.0011695357,0.000914174,0.06447101,0.91106045,0.008201334,0.0028091152
824,Can we please turn this off?,Joey,sadness,negative,88,8,3,4,"0:00:30,196","0:00:31,578",Can we please turn this off?,sadness,5,2,fear,False,0.10061008,0.030043194,0.4116759,0.035667118,0.116655275,0.2946993,0.01064911
825,"Noo way, Kevin.",Rachel,joy,positive,88,9,3,4,"0:00:31,578","0:00:33,504","Noo way, Kevin.",joy,3,1,disgust,False,0.10833236,0.4468165,0.050205257,0.0533661,0.12472563,0.20298544,0.01356866
826,There is a revolutionary new product that guarantees that you'll never have to open up milk cartons again. Meet the Milk Master 2000.,Mike,neutral,neutral,88,10,3,4,"00:00:33,658","00:00:42,916",There is a revolutionary new product that guarantees that you'll never have to open up milk cartons again. Meet the Milk Master 2000.,neutral,4,3,joy,False,0.024860715,0.001125962,0.001581528,0.8072222,0.1461621,0.009862281,0.009185243
827,Are you intrigued?,Ross,surprise,positive,88,11,3,4,"0:00:45,128","0:00:47,548",Are you intrigued?,surprise,6,6,surprise,True,0.062049393,0.008692608,0.015199189,0.023594359,0.17648166,0.008634677,0.705348
828,You're flingin'-flangin' right I am!,Chandler,joy,positive,88,12,3,4,"0:00:47,548","0:00:47,878",You're flingin'-flangin' right I am!,joy,3,0,anger,False,0.8116798,0.029560737,0.04827765,0.035005648,0.010745198,0.051663578,0.013067492
829,"Keep in mind, he's never used this product before, you're gonna see how easy this is to do.",Mike,neutral,neutral,88,13,3,4,"00:00:49,549","00:00:54,053","Keep in mind, he's never used this product before, you're gonna see how easy this is to do.",neutral,4,4,neutral,True,0.064763546,0.025418876,0.02329625,0.04147493,0.8038452,0.026914133,0.01428699
830,Go ahead.,Mike,neutral,neutral,89,0,8,19,"00:04:08,000","00:04:10,000",Go ahead.,neutral,4,4,neutral,True,0.035726607,0.0047838506,0.003899313,0.07698673,0.8697923,0.007542871,0.0012683107
831,This works with any milk carton.,Mike,neutral,neutral,89,1,8,19,"00:04:10,793","00:04:13,837",This works with any milk carton.,neutral,4,4,neutral,True,0.005275549,0.002142444,0.0007559528,0.003183636,0.98594695,0.001782472,0.0009130635
832,"Wow, it is easy.  Now, I can have milk everyday.",Joey,surprise,positive,89,2,8,19,"00:04:10,793","00:04:17,675","Wow, it is easy.  Now, I can have milk everyday.",surprise,6,3,joy,False,0.030392004,0.0044005536,0.002796122,0.76197934,0.06365064,0.021238847,0.11554245
833,"Well, you might want to tell him it sounds like his wife is  gay.",Rachel,neutral,neutral,90,0,6,16,"00:19:04,893","00:19:11,065","Well, you might want to tell him it sounds like his wife is  gay.",neutral,4,4,neutral,True,0.0075467457,0.0017493867,0.002892173,0.027222788,0.9455139,0.01036945,0.0047055227
834,She is not…  She’s gay. Oh my God. She is,Ross,anger,negative,90,1,6,16,"00:19:11,233","00:19:27,957",She is not…  She’s gay. Oh my God. She is,anger,0,6,surprise,False,0.026840951,0.01001264,0.012048111,0.013128536,0.014653923,0.014812513,0.9085034
835,Good day for married people huh?,Rachel,surprise,negative,90,2,6,16,"00:19:34,464","00:19:37,049",Good day for married people huh?,surprise,6,3,joy,False,0.02706734,0.0021362456,0.0009066943,0.75068384,0.20312956,0.008375226,0.0077010714
836,I’m sorry your husband cheated on you.,Ross,sadness,negative,90,3,6,16,"00:19:39,595","00:19:41,888",I’m sorry your husband cheated on you.,sadness,5,5,sadness,True,0.014804962,0.0045481315,0.009611633,0.01600411,0.05310128,0.8943261,0.0076038046
837,I’m sorry your wife is gay. I guess women aren’t that great either.,Rachel,sadness,negative,90,4,6,16,"00:19:42,055","00:19:50,563",I’m sorry your wife is gay. I guess women aren’t that great either.,sadness,5,5,sadness,True,0.01386203,0.006726384,0.009869989,0.023743056,0.20539731,0.7260741,0.014327214
838,Try telling my wife that.,Ross,sadness,negative,90,5,6,16,"00:19:46,852","00:19:50,563",Try telling my wife that.,sadness,5,4,neutral,False,0.26875657,0.13197441,0.05987116,0.07755465,0.35333994,0.103232555,0.0052707805
839,"Hey Ross, will you pass me that knife?",Joey,neutral,neutral,91,0,5,15,"00:21:12,980","00:21:16,440","Hey Ross, will you pass me that knife?",neutral,4,4,neutral,True,0.056920454,0.014105515,0.0073079485,0.033341646,0.86033654,0.026135862,0.0018521051
840,I can't wait to be with you!,Monica,joy,positive,92,0,5,11,"00:12:22,658","00:12:24,951",I can't wait to be with you!,joy,3,3,joy,True,0.024374042,0.0025830222,0.010739842,0.8242026,0.02184958,0.057744924,0.058505945
841,I'll sneak over as soon as Ross picks up Ben.,Monica,neutral,neutral,92,1,5,11,"00:12:25,119","00:12:27,287",I'll sneak over as soon as Ross picks up Ben.,neutral,4,4,neutral,True,0.064816326,0.009970855,0.009672595,0.059780393,0.82895124,0.024729328,0.0020792435
842,I'll just tell Rachel I'm gonna be doing laundry for a couple of hours.,Monica,neutral,neutral,92,2,5,11,"00:12:27,455","00:12:29,998",I'll just tell Rachel I'm gonna be doing laundry for a couple of hours.,neutral,4,4,neutral,True,0.008955351,0.0062139607,0.0027661542,0.026100274,0.9391279,0.014953953,0.0018824375
843,Laundry. Huh. Is that my new nickname?,Chandler,joy,positive,92,3,5,11,"00:12:30,166","00:12:33,293",Laundry. Huh. Is that my new nickname?,joy,3,4,neutral,False,0.013204155,0.003901343,0.0027604026,0.07149333,0.84124166,0.009993174,0.057405915
844,"Awww, y'know what your nickname is, Mr. Big",Monica,joy,positive,92,4,5,11,"00:12:37,757","00:12:39,841","Awww, y'know what your nickname is, Mr. Big",joy,3,3,joy,True,0.05972362,0.08775995,0.005285129,0.6449301,0.12279509,0.017485777,0.06202037
845,Arghh!!,Rachel,disgust,negative,92,5,5,11,"00:12:40,009","00:12:41,217",Arghh!!,disgust,1,0,anger,False,0.33977932,0.16113213,0.08532951,0.06546414,0.021568026,0.08520058,0.24152626
846,I can’t believe I’m going to lose this job!,Joey,sadness,negative,93,0,6,21,"00:18:47,042","00:18:49,001",I can’t believe I’m going to lose this job!,sadness,5,5,sadness,True,0.153707,0.015348926,0.22183006,0.058768302,0.02066135,0.48966524,0.040019076
847,Oh I’m so sorry man! Is there anything I can do?,Chandler,sadness,negative,93,1,6,21,"00:18:49,169","00:18:51,796",Oh I’m so sorry man! Is there anything I can do?,sadness,5,5,sadness,True,0.02517631,0.007195229,0.13004424,0.060154155,0.059873093,0.59427404,0.123282984
848,Yeah! Help me get this mini-fridge past the security guard.,Joey,neutral,neutral,93,2,6,21,"00:18:51,964","00:18:55,383",Yeah! Help me get this mini-fridge past the security guard.,neutral,4,3,joy,False,0.20672983,0.009365661,0.034901094,0.3869194,0.2765719,0.06733383,0.018178253
849,"Hey Joey, I want to talk to you.",Wayne,neutral,neutral,93,3,6,21,"00:19:01,181","00:19:03,724","Hey Joey, I want to talk to you.",neutral,4,4,neutral,True,0.0029618987,0.00076095137,0.0016307543,0.014643452,0.97401774,0.0050191167,0.00096614053
850,Yeah?,Joey,neutral,neutral,93,4,6,21,"0:19:03,892","0:19:07,605",Yeah?,neutral,4,4,neutral,True,0.04426799,0.004174618,0.014962212,0.05144284,0.68848467,0.018331636,0.17833605
854,"Oh, Chandler, Wayne.",Joey,neutral,neutral,93,8,6,21,"0:19:08,480","0:19:09,792","Oh, Chandler, Wayne.",neutral,4,4,neutral,True,0.007947724,0.002206818,0.0022144679,0.025164738,0.94228315,0.011136801,0.009046258
855,"Wayne, Chandler.",Joey,neutral,neutral,93,9,6,21,"0:19:09,792","0:19:10,627","Wayne, Chandler.",neutral,4,4,neutral,True,0.0059018782,0.0012605434,0.00076744665,0.006096148,0.9766998,0.0053403173,0.003933839
856,"Hi, how are ya?",Chandler,neutral,neutral,93,10,6,21,"0:19:10,627","0:19:11,214","Hi, how are ya?",neutral,4,4,neutral,True,0.0057005705,0.00095279084,0.00080835907,0.12882578,0.8567313,0.004736845,0.0022443265
857,"Joey, Joey, I-I-I’ll g-get you your job back if you help me out.",Wayne,neutral,neutral,93,11,6,21,"00:19:11,775","00:19:15,403","Joey, Joey, I-I-I’ll g-get you your job back if you help me out.",neutral,4,2,fear,False,0.10740717,0.009936837,0.49755853,0.19464813,0.09344763,0.07638598,0.020615831
858,Why should I help you?!,Joey,anger,negative,93,12,6,21,"00:19:15,571","00:19:17,613",Why should I help you?!,anger,0,0,anger,True,0.36519676,0.013045063,0.04667264,0.092179894,0.10762995,0.11105533,0.26422042
859,The reason he just said.,Chandler,neutral,neutral,93,13,6,21,"0:19:17,781","0:19:18,991",The reason he just said.,neutral,4,4,neutral,True,0.011814496,0.0034221862,0.0051925937,0.0074319234,0.9225587,0.0119819585,0.037598144
860,What do you need?,Joey,neutral,neutral,93,14,6,21,"0:19:18,991","0:19:21,758",What do you need?,neutral,4,4,neutral,True,0.006227199,0.0009791439,0.002413859,0.0045778495,0.9755598,0.0033040675,0.0069381297
861,"I-I-I saw you on stage talking to that beautiful woman, y’know Sarah?",Wayne,neutral,neutral,93,15,6,21,"00:19:22,661","00:19:28,498","I-I-I saw you on stage talking to that beautiful woman, y’know Sarah?",neutral,4,2,fear,False,0.066816,0.013599222,0.27833933,0.10644652,0.25545874,0.09420512,0.18513508
862,What?,Paul,surprise,negative,94,0,6,22,"00:19:05,978","00:19:07,395",What?,surprise,6,6,surprise,True,0.024754362,0.003382966,0.010811305,0.007752993,0.24595112,0.00916547,0.6981818
863,And I too am just a love machine.,Ross,neutral,neutral,94,1,6,22,"00:19:09,273","00:19:13,609",And I too am just a love machine.,neutral,4,3,joy,False,0.03442648,0.008131474,0.0054790336,0.49271843,0.25296023,0.20173593,0.004548438
864,"Ross, let me show you where the guest room is.",Paul,neutral,neutral,94,2,6,22,"00:19:34,047","00:19:39,719","Ross, let me show you where the guest room is.",neutral,4,4,neutral,True,0.007210029,0.0007477893,0.0008484447,0.016989797,0.96973777,0.0037596563,0.0007064381
865,"Oh, I thought this was your party and it turns out it’s a party for Howard. He's just the sweetest little man!",Phoebe,surprise,positive,95,0,5,15,"00:12:59,862","00:13:05,742","Oh, I thought this was your party and it turns out it’s a party for Howard. He's just the sweetest little man!",surprise,6,6,surprise,True,0.078359045,0.005439968,0.010797399,0.15701464,0.06558416,0.058981128,0.62382364
866,"See ya Phoebe! Oh and hey, thanks for chipping in!",Guest #1,joy,positive,95,1,5,15,"0:13:06,869","0:13:09,706","See ya Phoebe! Oh and hey, thanks for chipping in!",joy,3,3,joy,True,0.010934718,0.0007359468,0.0005798361,0.95087504,0.027280912,0.0039223596,0.005671142
867,You chipped in?!,Ross,surprise,positive,95,2,5,15,"0:13:09,706","0:13:09,893",You chipped in?!,surprise,6,6,surprise,True,0.08066811,0.008845259,0.0043390393,0.00589761,0.013859115,0.0071863974,0.8792045
868,"Yeah, uh-huh, a 100 dollars.",Phoebe,neutral,neutral,95,3,5,15,"00:13:14,126","00:13:15,627","Yeah, uh-huh, a 100 dollars.",neutral,4,4,neutral,True,0.02078776,0.0057175853,0.0032839517,0.05036543,0.8849074,0.021341994,0.013595779
869,Phoebe! I can't believe you gave them money! I thought you agreed it was totally unreasonable that they asked me for that money!,Ross,surprise,negative,95,4,5,15,"00:13:16,253","00:13:23,218",Phoebe! I can't believe you gave them money! I thought you agreed it was totally unreasonable that they asked me for that money!,surprise,6,6,surprise,True,0.29755366,0.027271558,0.039437022,0.031194264,0.023196548,0.113270074,0.46807688
870,"Yeah, but they didn't ask me!",Phoebe,anger,negative,95,5,5,15,"0:13:23,469","0:13:25,013","Yeah, but they didn't ask me!",anger,0,6,surprise,False,0.123332895,0.011585132,0.028032154,0.041909844,0.09641716,0.042322394,0.6564004
871,Y'know?,Phoebe,neutral,neutral,95,6,5,15,"0:13:25,013","0:13:25,157",Y'know?,neutral,4,4,neutral,True,0.010639316,0.0007904041,0.0014342689,0.01577929,0.96525383,0.0032529384,0.0028498718
872,"This way I'm just y'know, the exotic, generous stranger.",Phoebe,joy,positive,95,7,5,15,"00:13:25,262","00:13:27,722","This way I'm just y'know, the exotic, generous stranger.",joy,3,4,neutral,False,0.05793267,0.0074869674,0.004732098,0.068331175,0.80458254,0.041660856,0.01527382
873,That's always fun to be.,Phoebe,joy,positive,95,8,5,15,"00:13:27,890","00:13:29,599",That's always fun to be.,joy,3,3,joy,True,0.01771564,0.0034079265,0.0010425068,0.86921525,0.096349895,0.010504323,0.0017644212
874,"Yeah, but you're making me look bad!",Ross,anger,negative,95,9,5,15,"00:13:30,309","00:13:32,435","Yeah, but you're making me look bad!",anger,0,5,sadness,False,0.18891041,0.07657166,0.14992286,0.032157034,0.021887656,0.4920493,0.038501073
875,No I'm not.,Phoebe,neutral,neutral,95,10,5,15,"0:13:32,686","0:13:34,618",No I'm not.,neutral,4,2,fear,False,0.11468207,0.022912739,0.4836979,0.09469548,0.15598854,0.112626635,0.015396703
876,No!,Phoebe,surprise,positive,95,11,5,15,"0:13:34,618","0:13:35,703",No!,surprise,6,2,fear,False,0.19431534,0.11039934,0.32096973,0.079783246,0.046334624,0.13501114,0.113186635
877,If anything I'm making you look better!,Phoebe,joy,positive,95,12,5,15,"0:13:35,703","0:13:35,859",If anything I'm making you look better!,joy,3,0,anger,False,0.6819118,0.010761204,0.033921,0.1732577,0.06764625,0.02270865,0.009793432
878,They'll see you talking to me and that's--I'm a hit!,Phoebe,joy,positive,95,13,5,15,"00:13:36,023","00:13:39,400",They'll see you talking to me and that's--I'm a hit!,joy,3,3,joy,True,0.11588781,0.0072525893,0.014515004,0.4247636,0.018567748,0.04357539,0.37543786
879,"Oh hey, Pheebs!",Steve,joy,positive,95,14,5,15,"0:13:40,194","0:13:40,820","Oh hey, Pheebs!",joy,3,3,joy,True,0.0084854895,0.0007876486,0.0005414883,0.9554506,0.018242242,0.0028125513,0.013679986
880,Hey!,Phoebe,joy,positive,95,15,5,15,"0:13:40,820","0:13:42,172",Hey!,joy,3,3,joy,True,0.046776015,0.0025122454,0.0019906426,0.75225013,0.15590505,0.0082755955,0.032290343
881,"Oh hey, Ross.",Steve,neutral,neutral,95,16,5,15,"00:13:42,363","00:13:43,863","Oh hey, Ross.",neutral,4,4,neutral,True,0.008810452,0.0013673361,0.0012020258,0.32193014,0.65602195,0.005561234,0.0051068678
882,"Umm, see, I was thinking maybe you two could switch apartments because Phoebe's more our kind of people.",Steve,fear,negative,95,17,5,15,"00:13:44,031","00:13:49,369","Umm, see, I was thinking maybe you two could switch apartments because Phoebe's more our kind of people.",fear,2,4,neutral,False,0.0065654744,0.0014983012,0.0042376732,0.02618888,0.9406506,0.016418587,0.004440497
883,Something to think about.,Steve,neutral,neutral,95,18,5,15,"00:13:49,578","00:13:50,829",Something to think about.,neutral,4,4,neutral,True,0.019931132,0.0076914895,0.027939172,0.045403425,0.8653801,0.030080188,0.0035746004
884,"Yeah, okay, my bad.",Phoebe,joy,positive,95,19,5,15,"00:13:54,625","00:13:56,292","Yeah, okay, my bad.",joy,3,5,sadness,False,0.08270425,0.1873502,0.08435688,0.06948429,0.19133778,0.37932295,0.005443651
886,Here. I need to borrow some moisturizer.,Joey,neutral,neutral,96,0,1,6,"0:12:12,356","0:12:14,198",Here. I need to borrow some moisturizer.,neutral,4,4,neutral,True,0.0021441267,0.0007213397,0.0008311244,0.0053765927,0.98646486,0.0038673258,0.00059458707
887,For what?,Monica,neutral,neutral,96,1,1,6,"0:12:14,198","0:12:15,088",For what?,neutral,4,4,neutral,True,0.06628812,0.003988872,0.014327604,0.032137975,0.77254134,0.03208032,0.07863573
888,Whaddya think? Today's the big day!,Joey,joy,positive,96,2,1,6,"00:12:15,276","00:12:17,277",Whaddya think? Today's the big day!,joy,3,3,joy,True,0.04535896,0.0036731313,0.002968409,0.6078276,0.022454685,0.010749318,0.30696788
889,"Oh my God. Okay, go into the bathroom, use whatever you want, just don't ever tell me what you did in there.",Monica,disgust,negative,96,3,1,6,"00:12:17,820","00:12:23,575","Oh my God. Okay, go into the bathroom, use whatever you want, just don't ever tell me what you did in there.",disgust,1,6,surprise,False,0.04731849,0.08759142,0.028205708,0.030642463,0.016007923,0.04981631,0.7404177
890,Thank you!,Joey,joy,positive,96,4,1,6,"00:12:24,034","00:12:25,076",Thank you!,joy,3,3,joy,True,0.02249332,0.0009575447,0.0011007648,0.9369055,0.01717348,0.0049742684,0.016395053
891,Where's Joey? His mom's on the phone.,Chandler,neutral,neutral,96,5,1,6,"0:12:28,038","0:12:30,040",Where's Joey? His mom's on the phone.,neutral,4,4,neutral,True,0.007872725,0.001396377,0.001642318,0.00606232,0.9640346,0.006156602,0.012835028
892,He's in the bathroom. I don't think you wanna go in there!,Monica,anger,negative,96,6,1,6,"0:12:30,040","0:12:30,182",He's in the bathroom. I don't think you wanna go in there!,anger,0,6,surprise,False,0.13041888,0.04051671,0.25679314,0.07497776,0.07266978,0.13497525,0.28964847
893,"C'mon, we're roommates!  My eyes!! My eyes!!",Chandler,disgust,negative,96,7,1,6,"00:12:30,332","00:12:38,006","C'mon, we're roommates!  My eyes!! My eyes!!",disgust,1,3,joy,False,0.047772076,0.0039651957,0.0066019297,0.7364332,0.010197008,0.018731993,0.17629859
894,I warned you...,Monica,neutral,neutral,96,8,1,6,"00:12:40,551","00:12:42,051",I warned you...,neutral,4,2,fear,False,0.21265802,0.018800924,0.34597242,0.065755084,0.124272935,0.16226454,0.070276044
895,Who is being loud?,Rachel,anger,negative,96,9,1,6,"00:12:42,303","00:12:44,095",Who is being loud?,anger,0,0,anger,True,0.4332379,0.31851682,0.014624311,0.032120325,0.050899558,0.020206785,0.1303943
896,"Oh, that would be Monica.",Chandler,neutral,neutral,96,10,1,6,"00:12:44,305","00:12:46,306","Oh, that would be Monica.",neutral,4,4,neutral,True,0.012098182,0.0017051841,0.0014970279,0.017285122,0.9520001,0.008479526,0.0069348738
897,"Hey, listen, I wanna borrow a coupla things, Aurora spent the night, I really wanna make her breakfast.",Chandler,neutral,neutral,96,11,1,6,"00:12:46,849","00:12:49,642","Hey, listen, I wanna borrow a coupla things, Aurora spent the night, I really wanna make her breakfast.",neutral,4,4,neutral,True,0.002551258,0.0011454589,0.0018418366,0.013964658,0.9699691,0.00990359,0.00062409986
898,"Oh, you got the whole night, huh?",Monica,surprise,positive,96,12,1,6,"00:12:49,894","00:12:51,644","Oh, you got the whole night, huh?",surprise,6,4,neutral,False,0.04038235,0.008063465,0.013330462,0.09913078,0.47981498,0.027118666,0.33215925
899,"Yeah, well, I only have twenty minutes until Ethan, so, y'know..",Chandler,neutral,neutral,96,13,1,6,"00:12:51,896","00:12:55,190","Yeah, well, I only have twenty minutes until Ethan, so, y'know..",neutral,4,4,neutral,True,0.015747517,0.0023813497,0.002955823,0.048186846,0.91549677,0.01442568,0.0008059288
900,"Ooh, do I sense a little bit of resentment?",Rachel,surprise,negative,96,14,1,6,"00:12:55,441","00:12:57,328","Ooh, do I sense a little bit of resentment?",surprise,6,5,sadness,False,0.28001982,0.098331094,0.05659441,0.07353233,0.09137049,0.3701006,0.03005128
901,"No, no resentment, believe me, it's worth it.",Chandler,neutral,neutral,96,15,1,6,"00:12:57,610","00:13:03,031","No, no resentment, believe me, it's worth it.",neutral,4,4,neutral,True,0.05692401,0.0050260248,0.011144813,0.14607719,0.70129865,0.07768606,0.0018432742
902,'Kay?,Chandler,neutral,neutral,96,16,1,6,"00:13:02,000","00:13:03,031",'Kay?,neutral,4,4,neutral,True,0.009215459,0.000877693,0.002985605,0.030260999,0.9457248,0.006914874,0.004020729
903,Y'know in a relationship you have these key moments that you know you'll remember for the rest of your life?,Chandler,neutral,neutral,96,17,1,6,"00:13:03,240","00:13:08,119",Y'know in a relationship you have these key moments that you know you'll remember for the rest of your life?,neutral,4,4,neutral,True,0.120406516,0.0038403303,0.008850248,0.04547653,0.7944508,0.021231934,0.0057435753
904,"Well, every- single- second is like that with Aurora.. and I've just wasted about thirty-five of them talking to you people, so, uh.. Monica, can you help me with the door?",Chandler,neutral,neutral,96,18,1,6,"00:13:08,370","00:13:17,796","Well, every- single- second is like that with Aurora.. and I've just wasted about thirty-five of them talking to you people, so, uh.. Monica, can you help me with the door?",neutral,4,5,sadness,False,0.35259324,0.044382572,0.024738016,0.03919422,0.07900467,0.45282444,0.0072628413
906,"Oh, um, Chandler?",Monica,neutral,neutral,96,19,1,6,"00:13:18,047","00:13:21,508","Oh, um, Chandler?",neutral,4,4,neutral,True,0.007878852,0.0022048499,0.008954198,0.034256708,0.8920225,0.026641235,0.028041676
907,"Y'know, the-the old Monica would-would remind you to scrub that Teflon pan with a plastic brush...But I'm not gonna do that.",Monica,neutral,neutral,96,20,1,6,"00:13:21,717","00:13:28,848","Y'know, the-the old Monica would-would remind you to scrub that Teflon pan with a plastic brush...But I'm not gonna do that.",neutral,4,4,neutral,True,0.103107736,0.09236329,0.027323574,0.08276463,0.33633035,0.14472818,0.2133822
908,"Hey Monica, it's Joey!",Joey,joy,positive,97,0,5,22,"00:20:45,244","00:20:47,828","Hey Monica, it's Joey!",joy,3,3,joy,True,0.036257643,0.0010907572,0.0014579277,0.7077696,0.22680254,0.007242243,0.019379357
909,"Hey Joey! Aww, you remembered even though you're a big star!",Monica,joy,positive,97,1,5,22,"00:20:45,244","00:20:50,414","Hey Joey! Aww, you remembered even though you're a big star!",joy,3,6,surprise,False,0.028939903,0.003797649,0.0034794274,0.017782731,0.01548772,0.011599723,0.9189128
910,"Aw, come on! It'll be years before I forget you!",Joey,neutral,neutral,97,2,5,22,"00:20:50,582","00:20:53,960","Aw, come on! It'll be years before I forget you!",neutral,4,5,sadness,False,0.10284378,0.016452182,0.03522454,0.17111064,0.031071747,0.44920453,0.19409259
911,"Joey, what's it like on a movie set, huh?",Monica,neutral,neutral,97,3,5,22,"00:20:55,837","00:20:57,755","Joey, what's it like on a movie set, huh?",neutral,4,3,joy,False,0.11659246,0.0139517775,0.016819168,0.3887176,0.2725456,0.13717498,0.054198332
912,Do you have a dressing room?,Monica,neutral,neutral,97,4,5,22,"0:20:58,006","0:20:59,558",Do you have a dressing room?,neutral,4,4,neutral,True,0.015098634,0.021394275,0.00369928,0.019337071,0.9082156,0.025379196,0.006876039
913,Do you have a chair with your name on it?,Monica,neutral,neutral,97,5,5,22,"0:20:59,558","0:21:00,802",Do you have a chair with your name on it?,neutral,4,4,neutral,True,0.007466208,0.0017805373,0.001341912,0.002853203,0.9759542,0.0034887055,0.00711533
914,"Uh, well yeah-yeah, I've got all of that going on.",Joey,neutral,neutral,97,6,5,22,"00:21:00,926","00:21:02,802","Uh, well yeah-yeah, I've got all of that going on.",neutral,4,4,neutral,True,0.012263762,0.005025122,0.012739045,0.036033772,0.9215004,0.011579305,0.0008585491
915,"Yeah, listen uh, I want you to make sure you tell Chandler that he couldn't have been more wrong!",Joey,neutral,neutral,97,7,5,22,"00:21:02,970","00:21:07,056","Yeah, listen uh, I want you to make sure you tell Chandler that he couldn't have been more wrong!",neutral,4,0,anger,False,0.53956485,0.010619691,0.068284035,0.19465953,0.081146695,0.062920645,0.042804495
916,Uh-oh!,Joey,fear,negative,97,8,5,22,"0:21:07,224","0:21:07,776",Uh-oh!,fear,2,6,surprise,False,0.04250978,0.022288693,0.19759366,0.096709095,0.09651295,0.09169064,0.4526951
917,"I gotta go Monica, my uh, my sushi's here!",Joey,neutral,neutral,97,9,5,22,"0:21:07,776","0:21:10,788","I gotta go Monica, my uh, my sushi's here!",neutral,4,4,neutral,True,0.025482716,0.004112407,0.017029094,0.21678437,0.61189324,0.10808019,0.016618054
918,Sorry about that. Thanks for waitin'.,Joey,neutral,neutral,97,10,5,22,"00:21:15,023","00:21:17,775",Sorry about that. Thanks for waitin'.,neutral,4,4,neutral,True,0.011585185,0.0051742974,0.006206185,0.03600676,0.804843,0.13402744,0.0021572271
919,"Everybody smile!  Okay, thanks a lot! Enjoy your stay at",Joey,joy,positive,97,11,5,22,"00:21:18,443","00:21:27,118","Everybody smile!  Okay, thanks a lot! Enjoy your stay at",joy,3,3,joy,True,0.015758205,0.0012009924,0.0008565635,0.9592764,0.014541907,0.0050706314,0.0032952898
920,"Wow, this is so cool, you guys. The entire city is blacked out!",Rachel,surprise,positive,98,0,1,7,"00:01:42,143","00:01:46,230","Wow, this is so cool, you guys. The entire city is blacked out!",surprise,6,6,surprise,True,0.02192709,0.0023891057,0.0019509811,0.12535718,0.0057617486,0.007784468,0.8348295
921,"Mom says it's all of Manhattan, parts of Brooklyn and Queens, and they have no idea when it's coming back on.",Monica,anger,negative,98,1,1,7,"00:01:46,481","00:01:51,110","Mom says it's all of Manhattan, parts of Brooklyn and Queens, and they have no idea when it's coming back on.",anger,0,5,sadness,False,0.050340492,0.022554504,0.04134392,0.052261647,0.26292425,0.43556595,0.13500923
922,"Wow, you guys, this is big.",Rachel,surprise,positive,98,2,1,7,"00:01:51,277","00:01:53,278","Wow, you guys, this is big.",surprise,6,6,surprise,True,0.009228539,0.0015215412,0.0013845785,0.017229075,0.006693549,0.0030745121,0.96086806
923,Pants and a sweater?,Monica,anger,negative,98,3,1,7,"0:01:53,530","0:01:54,842",Pants and a sweater?,anger,0,6,surprise,False,0.018888673,0.003943624,0.0051226625,0.006256147,0.45706627,0.009548874,0.49917376
924,"Why, mom?",Monica,anger,negative,98,4,1,7,"0:01:54,842","0:01:55,878","Why, mom?",anger,0,6,surprise,False,0.032378957,0.0059919558,0.010000285,0.010166076,0.2388644,0.02364016,0.6789582
925,Who am I gonna meet in a blackout?,Monica,anger,negative,98,5,1,7,"00:01:56,074","00:01:57,825",Who am I gonna meet in a blackout?,anger,0,2,fear,False,0.07907883,0.029579721,0.2888294,0.04321827,0.23826128,0.21290252,0.10813
926,Power company guys?,Monica,anger,negative,98,6,1,7,"0:01:59,327","0:02:00,787",Power company guys?,anger,0,4,neutral,False,0.043829046,0.006999706,0.005939002,0.020221135,0.7311502,0.018307982,0.17355284
927,Eligible looters?,Monica,anger,negative,98,7,1,7,"0:02:00,787","0:02:02,771",Eligible looters?,anger,0,4,neutral,False,0.026312063,0.0025209365,0.003999185,0.010164506,0.92219335,0.009102389,0.025707588
928,Could we talk about this later?,Monica,anger,negative,98,8,1,7,"0:02:03,123","0:02:04,375",Could we talk about this later?,anger,0,4,neutral,False,0.0091295745,0.0013075654,0.005912972,0.039239954,0.92474645,0.016827807,0.002835648
929,OK.,Monica,neutral,neutral,98,9,1,7,"0:02:04,375","0:02:05,044",OK.,neutral,4,4,neutral,True,0.010469922,0.0022810746,0.001272675,0.01800564,0.9645768,0.0029411209,0.00045277015
930,Can I borrow the phone? I want to call my apartment and check on my grandma.  What's my number?,Phoebe,neutral,neutral,98,10,1,7,"00:02:06,000","00:02:12,381",Can I borrow the phone? I want to call my apartment and check on my grandma.  What's my number?,neutral,4,4,neutral,True,0.005355496,0.0013484249,0.003028832,0.008474086,0.9642045,0.01620125,0.0013874484
931,"Well, I never call",Phoebe,neutral,neutral,98,11,1,7,"00:02:14,259","00:02:16,009","Well, I never call",neutral,4,4,neutral,True,0.00941202,0.0017866932,0.001297732,0.007807044,0.9695989,0.008352775,0.0017448077
932,What ‘cha doing?,Joey,neutral,neutral,99,0,3,21,"00:21:58,317","00:21:59,525",What ‘cha doing?,neutral,4,4,neutral,True,0.01912707,0.0048768967,0.001267862,0.24973974,0.71594775,0.0065252776,0.0025153912
933,Having a swim.,Chandler,neutral,neutral,99,1,3,21,"00:21:59,693","00:22:01,736",Having a swim.,neutral,4,4,neutral,True,0.020857494,0.007873184,0.0050265547,0.349668,0.59474534,0.018657403,0.0031720537
934,What about the chick?,Joey,neutral,neutral,99,2,3,21,"00:22:01,903","00:22:03,904",What about the chick?,neutral,4,3,joy,False,0.03719334,0.0060895896,0.0032096247,0.7330975,0.19993378,0.013348221,0.0071279225
935,Chicks don’t swim.,Chandler,neutral,neutral,99,3,3,21,"00:22:04,364","00:22:05,906",Chicks don’t swim.,neutral,4,4,neutral,True,0.018957943,0.014579449,0.006498011,0.054610666,0.88189024,0.018990763,0.0044729845
936,Are you sure?,Joey,neutral,neutral,99,4,3,21,"00:22:06,074","00:22:07,700",Are you sure?,neutral,4,4,neutral,True,0.06768053,0.0063418197,0.02760589,0.13322164,0.5943997,0.039088633,0.1316618
937,I don’t know. Should we try it?,Chandler,neutral,neutral,99,5,3,21,"00:22:09,453","00:22:14,915",I don’t know. Should we try it?,neutral,4,4,neutral,True,0.017694877,0.008309866,0.16379438,0.07299689,0.6571584,0.06771101,0.012334525
938,Sure.,Joey,neutral,neutral,99,6,3,21,"00:22:12,456","00:22:14,915",Sure.,neutral,4,4,neutral,True,0.008585793,0.002659478,0.002117833,0.05554658,0.92244065,0.007897177,0.0007523806
939,"See, I told you they don’t swim.",Chandler,neutral,neutral,99,7,3,21,"00:22:22,424","00:22:24,800","See, I told you they don’t swim.",neutral,4,4,neutral,True,0.06766449,0.019047514,0.10081304,0.111477666,0.4903667,0.082420625,0.12821002
940,Wait. Give him a minute.,Joey,neutral,neutral,99,8,3,21,"00:22:25,552","00:22:28,304",Wait. Give him a minute.,neutral,4,4,neutral,True,0.009881425,0.0019805133,0.010443765,0.023218777,0.92904896,0.01760444,0.00782207
941,"Noo!  Oh, it’s okay, it’s okay, baby, baby, baby.",Chandler,fear,negative,99,9,3,21,"00:22:29,306","00:22:33,059","Noo!  Oh, it’s okay, it’s okay, baby, baby, baby.",fear,2,5,sadness,False,0.0639951,0.09143279,0.1553627,0.07754851,0.059670243,0.4905314,0.061459262
942,"Me taking care of you is no problem, huh?",Phoebe,neutral,neutral,100,0,6,5,"00:15:38,938","00:15:41,606","Me taking care of you is no problem, huh?",neutral,4,4,neutral,True,0.038243417,0.0023692928,0.0032655352,0.29800802,0.64370036,0.01059687,0.0038165196
943,You guys feel safe.,Phoebe,neutral,neutral,100,1,6,5,"0:15:41,774","0:15:43,036",You guys feel safe.,neutral,4,4,neutral,True,0.020425264,0.0042580706,0.0048432727,0.059272982,0.8915516,0.01889264,0.0007562326
944,Right?,Phoebe,neutral,neutral,100,2,6,5,"0:15:43,036","0:15:44,612",Right?,neutral,4,4,neutral,True,0.1436408,0.0074148136,0.017354539,0.15231001,0.61543524,0.031093556,0.032750968
945,"Okay, I’m gonna take that spit bubble as, ""Yeah, I do!""",Phoebe,neutral,neutral,100,3,6,5,"00:15:44,735","00:15:47,862","Okay, I’m gonna take that spit bubble as, ""Yeah, I do!""",neutral,4,0,anger,False,0.5333981,0.026523463,0.017001111,0.25747764,0.14145707,0.018704634,0.0054380116
946,"Okay, after I get rid of this dirty diaper Leslie, I’ll set you up with a clean one.",Phoebe,neutral,neutral,100,4,6,5,"00:15:48,447","00:15:52,659","Okay, after I get rid of this dirty diaper Leslie, I’ll set you up with a clean one.",neutral,4,4,neutral,True,0.058260888,0.10646027,0.0069754473,0.1263668,0.6560637,0.040257096,0.0056157853
947,"Okay, I’m sorry.",Phoebe,sadness,negative,100,5,6,5,"0:15:53,035","0:15:54,704","Okay, I’m sorry.",sadness,5,5,sadness,True,0.012240277,0.0046562105,0.032229837,0.025054632,0.18262693,0.72254556,0.020646496
948,I didn’t mean to scare you.,Phoebe,sadness,negative,100,6,6,5,"0:15:54,704","0:15:55,956",I didn’t mean to scare you.,sadness,5,4,neutral,False,0.22592004,0.040664054,0.2753149,0.06837747,0.30464104,0.07161161,0.013470889
949,I just have to clean that up.,Phoebe,neutral,neutral,100,7,6,5,"0:15:55,956","0:15:57,124",I just have to clean that up.,neutral,4,4,neutral,True,0.025164582,0.008253931,0.007875479,0.07373433,0.7922973,0.08647349,0.006200874
950,Okay?,Phoebe,neutral,neutral,100,8,6,5,"0:15:57,124","0:15:57,402",Okay?,neutral,4,4,neutral,True,0.03466236,0.0019477106,0.0048085386,0.049566142,0.8937878,0.008183622,0.007043829
951,"‘Cause let’s face it, we’re at Monica’s.",Phoebe,neutral,neutral,100,9,6,5,"00:15:57,414","00:16:00,249","‘Cause let’s face it, we’re at Monica’s.",neutral,4,4,neutral,True,0.0042783595,0.0009865224,0.000719012,0.013297424,0.9759553,0.004280516,0.0004828245
952,I broke it.,Phoebe,sadness,negative,100,10,6,5,"0:16:01,919","0:16:02,641",I broke it.,sadness,5,0,anger,False,0.5144917,0.018702975,0.03746335,0.06768046,0.066935316,0.2853152,0.009411066
953,All right.,Phoebe,neutral,neutral,100,11,6,5,"0:16:02,641","0:16:03,493",All right.,neutral,4,4,neutral,True,0.016544122,0.0033886007,0.001727093,0.047511112,0.92365724,0.0064149653,0.0007568591
954,"Well, that’s just the way that goes.",Phoebe,neutral,neutral,100,12,6,5,"0:16:03,493","0:16:06,354","Well, that’s just the way that goes.",neutral,4,4,neutral,True,0.009933617,0.002554213,0.0033469175,0.030009858,0.9396461,0.013800875,0.0007084894
955,"Okay, good.",Phoebe,neutral,neutral,100,13,6,5,"00:16:06,423","00:16:08,841","Okay, good.",neutral,4,3,joy,False,0.03796953,0.010552523,0.002848025,0.6601107,0.27377498,0.012459495,0.0022847562
956,Why are there only two of you?,Phoebe,fear,negative,100,14,6,5,"00:16:10,260","00:16:12,178",Why are there only two of you?,fear,2,6,surprise,False,0.065910205,0.0065412787,0.013581767,0.020717392,0.3562699,0.02574677,0.5112327
957,Where is Leslie?,Phoebe,fear,negative,100,15,6,5,"00:16:12,346","00:16:13,930",Where is Leslie?,fear,2,4,neutral,False,0.005031476,0.0005221217,0.00088271004,0.0059028515,0.9755882,0.0047041806,0.007368523
958,"Well, you can’t answer.",Phoebe,neutral,neutral,100,16,6,5,"0:16:14,098","0:16:15,060","Well, you can’t answer.",neutral,4,4,neutral,True,0.09391123,0.0113919545,0.117672674,0.12633406,0.35946625,0.20568918,0.08553459
959,Leslie?,Phoebe,neutral,neutral,100,17,6,5,"0:16:15,060","0:16:15,352",Leslie?,neutral,4,4,neutral,True,0.02963609,0.0025811084,0.009873908,0.009900237,0.60286194,0.011814232,0.33333245
960,Where are you Leslie?,Phoebe,fear,negative,100,18,6,5,"0:16:15,352","0:16:17,738",Where are you Leslie?,fear,2,4,neutral,False,0.0061015217,0.000608188,0.0012624604,0.0063491846,0.97232485,0.0040316083,0.009322237
961,"Leslie, now would be a",Phoebe,sadness,negative,100,19,6,5,"00:16:17,977","00:16:20,937","Leslie, now would be a",sadness,5,4,neutral,False,0.008971067,0.00077926746,0.00093042944,0.006835846,0.9725979,0.0040725656,0.005812927
962,Hey!,Phoebe,joy,positive,101,0,3,16,"0:04:42,198","0:04:42,824",Hey!,joy,3,3,joy,True,0.046776023,0.0025122475,0.0019906443,0.75225,0.15590508,0.008275599,0.03229037
963,Hey.,Monica,neutral,neutral,101,1,3,16,"0:04:42,824","0:04:44,389",Hey.,neutral,4,4,neutral,True,0.0041657025,0.0005640411,0.0004378674,0.02318352,0.96792936,0.002450938,0.0012685806
964,"Hey, why are you mopping your ceiling?",Phoebe,sadness,negative,101,2,3,16,"0:04:44,492","0:04:46,124","Hey, why are you mopping your ceiling?",sadness,5,6,surprise,False,0.20543177,0.022396939,0.008013225,0.029559834,0.20808516,0.028340383,0.4981726
965,"Oh, there’s banana on it.",Monica,neutral,neutral,101,3,3,16,"0:04:46,124","0:04:48,098","Oh, there’s banana on it.",neutral,4,4,neutral,True,0.014733484,0.014269,0.004839,0.14303617,0.77444047,0.0421888,0.006493088
966,You said she was bald.,Rachel,anger,negative,102,0,3,24,"00:08:56,911","00:08:58,161",You said she was bald.,anger,0,6,surprise,False,0.15414377,0.036601514,0.0070969774,0.016006026,0.35496712,0.020389913,0.41079468
967,"Yeah, she was bald, she’s not now.",Phoebe,neutral,neutral,102,1,3,24,"00:08:58,412","00:09:00,205","Yeah, she was bald, she’s not now.",neutral,4,4,neutral,True,0.094100654,0.025054455,0.011993119,0.083803914,0.6440119,0.10020822,0.040827673
968,How could you not tell me that she has hair?,Rachel,surprise,negative,102,2,3,24,"00:09:02,291","00:09:04,167",How could you not tell me that she has hair?,surprise,6,6,surprise,True,0.17055714,0.018006783,0.040773906,0.04790425,0.1437167,0.05479036,0.52425086
969,"I don’t know, I hardly ever say that about people.",Phoebe,neutral,neutral,102,3,3,24,"00:09:04,418","00:09:07,295","I don’t know, I hardly ever say that about people.",neutral,4,4,neutral,True,0.054401763,0.08229832,0.022653406,0.059056934,0.5711622,0.1846164,0.025810966
970,"Ohh, well, this is just perfect!",Rachel,anger,negative,102,4,3,24,"00:09:07,547","00:09:09,381","Ohh, well, this is just perfect!",anger,0,3,joy,False,0.04202092,0.0036203489,0.011017805,0.80162317,0.025939548,0.047099777,0.06867843
971,"Well I’m sorry, I thought you said it was okay.",Phoebe,sadness,negative,102,5,3,24,"00:09:10,049","00:09:13,009","Well I’m sorry, I thought you said it was okay.",sadness,5,4,neutral,False,0.020692686,0.0034268375,0.028913077,0.04568167,0.6568356,0.08550627,0.15894386
972,"Yeah, I said what was okay when I thought she was some weird bald chick. I mean, y'know, that girl has hair got",Rachel,anger,negative,102,6,3,24,"00:09:13,261","00:09:20,475","Yeah, I said what was okay when I thought she was some weird bald chick. I mean, y'know, that girl has hair got",anger,0,4,neutral,False,0.017331205,0.029690469,0.011858906,0.025496764,0.8774282,0.031618666,0.00657577
973,"Well, maybe it won’t work out. Maybe Ross won’t like her personality.",Phoebe,sadness,negative,102,7,3,24,"0:09:22,937","0:09:25,989","Well, maybe it won’t work out. Maybe Ross won’t like her personality.",sadness,5,4,neutral,False,0.17144269,0.045221843,0.020529045,0.20334563,0.4119841,0.12890719,0.018569533
974,"Why, does she have a bad personality?",Rachel,neutral,neutral,102,8,3,24,"0:09:25,989","0:09:27,162","Why, does she have a bad personality?",neutral,4,4,neutral,True,0.110693336,0.025624102,0.023446742,0.02770531,0.37904257,0.11711471,0.31637323
975,"Oh no, Bonnie’s the best!",Phoebe,joy,positive,102,9,3,24,"00:09:27,316","00:09:29,401","Oh no, Bonnie’s the best!",joy,3,3,joy,True,0.03460281,0.0033521545,0.006170367,0.7768073,0.03386793,0.026337415,0.11886195
976,Hey!,Ross,joy,positive,103,0,8,4,"0:06:50,993","0:06:52,912",Hey!,joy,3,3,joy,True,0.046776004,0.0025122454,0.0019906426,0.75225013,0.15590505,0.008275591,0.032290358
977,Hey.,Joey,neutral,neutral,103,1,8,4,"0:06:52,912","0:06:53,796",Hey.,neutral,4,4,neutral,True,0.004165705,0.0005640411,0.00043786777,0.023183528,0.96792936,0.0024509404,0.0012685831
978,"Do you have a minute? I’d like to talk to you about something I’m, I’m really uncomfortable talking about.",Ross,fear,negative,103,2,8,4,"00:06:55,164","00:07:00,127","Do you have a minute? I’d like to talk to you about something I’m, I’m really uncomfortable talking about.",fear,2,2,fear,True,0.065544,0.030714864,0.3394658,0.04613993,0.2533399,0.24713749,0.017658057
979,"Sure. What? About uh, you showering with your mom?",Joey,surprise,negative,103,3,8,4,"00:07:00,336","00:07:06,425","Sure. What? About uh, you showering with your mom?",surprise,6,4,neutral,False,0.007229963,0.003091413,0.0053826068,0.09278214,0.8461821,0.021154992,0.024176734
980,"I actually had a topic in mind! I’m, I’m kinda going through a dry spell, sex wise.",Ross,anger,negative,103,4,8,4,"00:07:08,553","00:07:20,355","I actually had a topic in mind! I’m, I’m kinda going through a dry spell, sex wise.",anger,0,3,joy,False,0.042271353,0.002876042,0.01653021,0.502313,0.40455273,0.02327218,0.008184549
981,"Whoa, for like months?",Joey,surprise,positive,103,5,8,4,"00:07:20,523","00:07:23,483","Whoa, for like months?",surprise,6,6,surprise,True,0.015934424,0.00435397,0.0023888203,0.0065036193,0.008743606,0.0052780146,0.9567975
982,"Excellent! Excellent! And uh, finally, are you into any weird stuff y’know, sexually?",Joey,joy,positive,104,0,8,23,"00:18:45,279","00:18:51,577","Excellent! Excellent! And uh, finally, are you into any weird stuff y’know, sexually?",joy,3,3,joy,True,0.25517341,0.03136849,0.020389479,0.4073018,0.103809215,0.036277477,0.14568014
983,No!,Cliff,surprise,negative,104,1,8,23,"0:18:53,870","0:18:54,830",No!,surprise,6,2,fear,False,0.1943154,0.11039935,0.32096964,0.07978327,0.046334628,0.13501109,0.1131867
984,"Oooh, wrong answer.",Joey,neutral,neutral,104,2,8,23,"0:18:54,830","0:18:56,457","Oooh, wrong answer.",neutral,4,2,fear,False,0.09127938,0.028348813,0.26929256,0.111269474,0.25920263,0.1647296,0.07587759
985,"Ow! My ass. Okay. Okay.  Oh, shhh!",Phoebe,anger,negative,105,0,3,25,"00:18:07,669","00:18:23,726","Ow! My ass. Okay. Okay.  Oh, shhh!",anger,0,0,anger,True,0.3943703,0.113339074,0.008584777,0.3589128,0.026267404,0.023507707,0.075018026
986,No! No!! It’s me! It’s me! I-I didn’t want to make any noise!,Phoebe,fear,negative,105,1,3,25,"00:18:49,461","00:18:55,299",No! No!! It’s me! It’s me! I-I didn’t want to make any noise!,fear,2,2,fear,True,0.11803962,0.02724156,0.5134826,0.058437515,0.034031708,0.17207879,0.076688156
987,Then don't break in!!,Phoebe Sr,anger,negative,105,2,3,25,"00:18:52,214","00:18:55,299",Then don't break in!!,anger,0,0,anger,True,0.51223075,0.014722406,0.26200858,0.08362384,0.053331636,0.050352845,0.023729995
988,"Oh yeah, Smokey Joe here got half way to the highway and collapsed.",Joey,anger,negative,106,0,3,17,"00:14:32,663","00:14:36,541","Oh yeah, Smokey Joe here got half way to the highway and collapsed.",anger,0,5,sadness,False,0.17513599,0.11529147,0.06625088,0.12756744,0.06375007,0.3825724,0.0694317
989,I have the lung capacity of a two year old.,Chandler,neutral,neutral,106,1,3,17,"00:14:36,750","00:14:39,043",I have the lung capacity of a two year old.,neutral,4,4,neutral,True,0.028045973,0.029699078,0.006454655,0.07057851,0.8208377,0.032218877,0.012165162
990,Then why are you smoking?,Monica,disgust,negative,106,2,3,17,"00:14:39,712","00:14:41,170",Then why are you smoking?,disgust,1,6,surprise,False,0.14260451,0.04015968,0.015420824,0.015374606,0.18704562,0.03117787,0.56821686
991,Well it’s very unsettling.,Chandler,sadness,negative,106,3,3,17,"00:14:41,380","00:14:42,755",Well it’s very unsettling.,sadness,5,4,neutral,False,0.07352311,0.04406637,0.10195451,0.062820345,0.3766252,0.06346722,0.27754334
992,"Honey, I was wondering....",Rachel,neutral,neutral,107,0,3,1,"00:05:48,765","00:05:52,434","Honey, I was wondering....",neutral,4,4,neutral,True,0.009578017,0.0027108493,0.02276738,0.019584885,0.8363074,0.017713109,0.091338284
993,Hmm?,Ross,neutral,neutral,107,1,3,1,"00:05:51,434","00:05:52,434",Hmm?,neutral,4,4,neutral,True,0.010923053,0.0012581826,0.0039435467,0.013034025,0.9365347,0.00690892,0.02739746
994,"Do you still have that, um, Navy uniform?",Rachel,joy,positive,107,2,3,1,"00:05:52,692","00:05:56,438","Do you still have that, um, Navy uniform?",joy,3,4,neutral,False,0.0047072563,0.0018877228,0.004011587,0.004375625,0.9498637,0.0068288343,0.02832522
995,"Nooo, I had to return it to the costume place.",Ross,sadness,negative,107,3,3,1,"00:05:57,857","00:06:00,609","Nooo, I had to return it to the costume place.",sadness,5,5,sadness,True,0.022596994,0.011280132,0.069050774,0.13083762,0.18840463,0.5142265,0.06360338
996,Hmm.,Rachel,neutral,neutral,107,4,3,1,"00:06:00,777","00:06:01,860",Hmm.,neutral,4,4,neutral,True,0.0032537659,0.0007827074,0.00085403764,0.0055465465,0.9860123,0.0022827883,0.0012677878
997,I think I have an old band uniform from high school.,Ross,joy,positive,107,5,3,1,"00:06:02,070","00:06:04,196",I think I have an old band uniform from high school.,joy,3,4,neutral,False,0.008143959,0.0099298395,0.004216803,0.007910377,0.9055115,0.044980317,0.019307217
998,"You remember not having sex in high school, right?",Rachel,sadness,negative,107,6,3,1,"00:06:05,114","00:06:07,324","You remember not having sex in high school, right?",sadness,5,4,neutral,False,0.027202629,0.009084324,0.008339532,0.014363718,0.8838844,0.016977452,0.040147986
999,Yeah.,Ross,sadness,negative,107,7,3,1,"00:06:07,492","00:06:09,368",Yeah.,sadness,5,4,neutral,False,0.011395762,0.0057393997,0.003721398,0.08856025,0.87720245,0.012423769,0.0009568353
1000,"Well honey, what about you?",Rachel,neutral,neutral,107,8,3,1,"00:06:13,206","00:06:14,623","Well honey, what about you?",neutral,4,4,neutral,True,0.00906312,0.0012404354,0.0050285626,0.022877153,0.93354046,0.013675119,0.014575161
1001,What?,Ross,neutral,neutral,107,9,3,1,"00:06:14,791","00:06:15,874",What?,neutral,4,6,surprise,False,0.024754362,0.003382966,0.010811305,0.007752993,0.24595112,0.00916547,0.6981818
1002,"I mean do you have any fun, you know, fantasy type things?",Rachel,neutral,neutral,107,10,3,1,"00:06:14,791","00:06:22,297","I mean do you have any fun, you know, fantasy type things?",neutral,4,4,neutral,True,0.008402059,0.0023256366,0.0024083415,0.020233877,0.9605983,0.00529471,0.00073713524
1003,No.,Ross,neutral,neutral,107,11,3,1,"00:06:23,299","00:06:24,883",No.,neutral,4,4,neutral,True,0.006077365,0.0039952276,0.0023630937,0.013360626,0.9552362,0.017810212,0.0011572525
1004,Come on you gotta have one!,Rachel,surprise,positive,107,12,3,1,"00:06:26,302","00:06:28,178",Come on you gotta have one!,surprise,6,3,joy,False,0.18545988,0.023040263,0.08388496,0.2468845,0.17147805,0.16405223,0.12520005
1005,Ugh!,Phoebe,disgust,negative,108,0,3,7,"0:04:54,210","0:04:56,713",Ugh!,disgust,1,1,disgust,True,0.047837034,0.79146737,0.017984943,0.030588482,0.009864329,0.04434236,0.05791552
1008,"I mean if you buy a bed from Janice’s ex-husband, that’s like betraying Chandler.",Phoebe,anger,negative,108,3,3,7,"00:04:56,963","00:05:01,675","I mean if you buy a bed from Janice’s ex-husband, that’s like betraying Chandler.",anger,0,0,anger,True,0.46779647,0.117821686,0.027000606,0.025113944,0.082718045,0.2611945,0.018354725
1009,Not at these prices.,Monica,anger,negative,108,4,3,7,"00:05:01,884","00:05:04,052",Not at these prices.,anger,0,4,neutral,False,0.13635162,0.06065576,0.025900258,0.04953418,0.5255486,0.18548228,0.016527299
1010,Hi. Y'know in England this car would be on the other side of the store.  Woo!,Phoebe,joy,positive,108,5,3,7,"00:05:09,142","00:05:20,527",Hi. Y'know in England this car would be on the other side of the store.  Woo!,joy,3,3,joy,True,0.053874824,0.0055192835,0.0037784672,0.6170262,0.06939953,0.011174115,0.23922761
1011,"Oh! Ohhhhh! Oh! Phoebe, come here. Aw, this is my new bed. You gotta feel this bad boy.",Monica,joy,positive,108,6,3,7,"00:05:21,362","00:05:31,913","Oh! Ohhhhh! Oh! Phoebe, come here. Aw, this is my new bed. You gotta feel this bad boy.",joy,3,5,sadness,False,0.024844397,0.010230803,0.06825189,0.02841719,0.019861571,0.8210778,0.027316233
1012,"Eh, Monica it, it feels so weird, y'know, Chandler’s your friend...  Oh!",Phoebe,surprise,positive,108,7,3,7,"00:05:32,081","00:05:36,877","Eh, Monica it, it feels so weird, y'know, Chandler’s your friend...  Oh!",surprise,6,6,surprise,True,0.05307238,0.025877718,0.0765019,0.06904438,0.14500536,0.15481119,0.47568706
1013,Oh my God!,Phoebe,surprise,positive,108,8,3,7,"00:05:38,254","00:05:39,588",Oh my God!,surprise,6,6,surprise,True,0.028203446,0.009207995,0.005735888,0.011976601,0.005631588,0.010738858,0.9285057
1014,"Aw, all right take this bed, you can make other friends.",Phoebe,joy,positive,108,9,3,7,"00:05:40,506","00:05:45,385","Aw, all right take this bed, you can make other friends.",joy,3,3,joy,True,0.040447105,0.003729518,0.003992563,0.62556934,0.29591316,0.028252276,0.002096066
1015,"You know, ever since I was little, I've been able to pick up quarters with my toes.",Lorraine,joy,positive,109,0,1,14,"00:06:38,022","00:06:44,194","You know, ever since I was little, I've been able to pick up quarters with my toes.",joy,3,1,disgust,False,0.09348913,0.35111186,0.01850508,0.14092383,0.2818838,0.09711703,0.01696924
1016,"Good for you.  Uh, quarters or rolls of quarters?",Joey,joy,positive,109,1,1,14,"00:06:44,445","00:06:53,120","Good for you.  Uh, quarters or rolls of quarters?",joy,3,4,neutral,False,0.009345769,0.006361286,0.0015302442,0.040530175,0.93273246,0.008690143,0.0008098694
1017,"By the way, Chandler. I cut you out of all my pictures. So if you want, I have a bag with just your heads.",Janice,anger,negative,109,2,1,14,"00:06:58,626","00:07:06,133","By the way, Chandler. I cut you out of all my pictures. So if you want, I have a bag with just your heads.",anger,0,5,sadness,False,0.34287772,0.02271358,0.026342116,0.045495212,0.052588798,0.49938527,0.010597221
1018,That's OK.,Chandler,neutral,neutral,109,3,1,14,"00:07:07,885","00:07:09,177",That's OK.,neutral,4,4,neutral,True,0.011310804,0.002774217,0.0037664927,0.063121065,0.91013926,0.008082187,0.00080588926
1019,"Oh, are you sure?",Janice,surprise,positive,109,4,1,14,"00:07:09,971","00:07:13,598","Oh, are you sure?",surprise,6,4,neutral,False,0.067043096,0.00877066,0.034284595,0.19151756,0.42484686,0.057283018,0.21625419
1021,"Because you know, you could make little puppets out of them, and you could use them in your theater of cruelty.",Janice,anger,negative,109,5,1,14,"00:07:09,971","00:07:17,352","Because you know, you could make little puppets out of them, and you could use them in your theater of cruelty.",anger,0,4,neutral,False,0.20804465,0.045012698,0.012524965,0.16913441,0.51940227,0.042695597,0.00318536
1022,We can't do that.,Joey,neutral,neutral,109,6,1,14,"00:07:20,148","00:07:21,606",We can't do that.,neutral,4,5,sadness,False,0.1256029,0.041764673,0.32779485,0.05276814,0.04189844,0.36757022,0.042600784
1023,What? What can't you do?,Chandler,surprise,negative,109,7,1,14,"00:07:22,733","00:07:24,860",What? What can't you do?,surprise,6,2,fear,False,0.20930469,0.028906902,0.2601998,0.07571884,0.10576928,0.11380282,0.20629767
1024,She really said that?,Joey,surprise,positive,110,0,1,19,"00:05:11,728","00:05:13,186",She really said that?,surprise,6,6,surprise,True,0.04323834,0.006065539,0.0069672097,0.008557273,0.039523035,0.007946735,0.8877018
1025,"Well, I added the 'exactly like me' part...",Ross,neutral,neutral,110,1,1,19,"00:05:13,354","00:05:15,564","Well, I added the 'exactly like me' part...",neutral,4,4,neutral,True,0.0756579,0.022090875,0.024192788,0.17363097,0.3900787,0.30640733,0.007941486
1026,"But she said she's looking for someone, and someone is gonna be there tonight.",Ross,neutral,neutral,110,2,1,19,"0:05:16,816","0:05:20,578","But she said she's looking for someone, and someone is gonna be there tonight.",neutral,4,4,neutral,True,0.040212564,0.00448831,0.04206252,0.15903826,0.6173802,0.12684913,0.009969067
1027,'Tonight' tonight?,Joey,surprise,positive,110,3,1,19,"0:05:20,578","0:05:21,254",'Tonight' tonight?,surprise,6,6,surprise,True,0.10152255,0.0027249511,0.006656598,0.1864041,0.2546718,0.024647377,0.4233726
1028,"Well, I think it's perfect.",Ross,joy,positive,110,4,1,19,"00:05:23,114","00:05:25,907","Well, I think it's perfect.",joy,3,3,joy,True,0.016955946,0.0013496559,0.002263963,0.6866713,0.2660738,0.020766083,0.00591929
1029,"Y'know, it's just gonna be the two of us, she spent all day taking care of my monkey...",Ross,neutral,neutral,110,5,1,19,"00:05:23,114","00:05:29,453","Y'know, it's just gonna be the two of us, she spent all day taking care of my monkey...",neutral,4,5,sadness,False,0.09586106,0.08642684,0.012651534,0.029074727,0.08194567,0.68669057,0.0073495843
1030,I can't remember the last time I got a girl to take care of my monkey.,Chandler,sadness,negative,110,6,1,19,"00:05:31,706","00:05:35,292",I can't remember the last time I got a girl to take care of my monkey.,sadness,5,5,sadness,True,0.17661045,0.20601194,0.020781567,0.08353005,0.09757193,0.32403287,0.09146117
1031,"Anyway, I figured after work I'd go pick up a bottle of wine, go over there and, uh, try to woo her.",Ross,joy,positive,110,7,1,19,"00:05:39,672","00:05:47,554","Anyway, I figured after work I'd go pick up a bottle of wine, go over there and, uh, try to woo her.",joy,3,4,neutral,False,0.020042984,0.0073561664,0.0050035785,0.20903498,0.6963775,0.059707854,0.0024769853
1032,"Hey, y'know what you should do? You should take her back to the 1890's, when that phrase was last used.",Chandler,disgust,negative,110,8,1,19,"00:05:49,307","00:05:54,353","Hey, y'know what you should do? You should take her back to the 1890's, when that phrase was last used.",disgust,1,0,anger,False,0.44422367,0.07074065,0.030480698,0.08077355,0.29608673,0.068920605,0.008774114
1033,"Car's waiting downstairs, I just wanted to drop off these copies of my book for your friends. Anything you want from Lisbon?",Mrs. Bing,neutral,neutral,111,0,1,11,"00:19:16,238","00:19:25,580","Car's waiting downstairs, I just wanted to drop off these copies of my book for your friends. Anything you want from Lisbon?",neutral,4,4,neutral,True,0.006564537,0.0014673627,0.0025304465,0.0048723035,0.9748882,0.008517231,0.001159903
1034,"No, just knowing you're gonna be there is enough.",Chandler,neutral,neutral,111,1,1,11,"00:19:21,205","00:19:25,580","No, just knowing you're gonna be there is enough.",neutral,4,4,neutral,True,0.08982502,0.0062706447,0.039317083,0.22057852,0.5480067,0.09314809,0.002853909
1035,"Alright, well, be good, I love you.",Mrs. Bing,joy,positive,111,2,1,11,"00:19:26,206","00:19:29,834","Alright, well, be good, I love you.",joy,3,3,joy,True,0.013255563,0.0010550894,0.0028454314,0.8987816,0.060610805,0.019379584,0.004071984
1036,You kissed my best Ross! ...Or something to that effect.,Chandler,anger,negative,111,3,1,11,"00:19:32,546","00:19:38,551",You kissed my best Ross! ...Or something to that effect.,anger,0,3,joy,False,0.10461244,0.004804531,0.010677535,0.7558589,0.021418914,0.069550455,0.033077303
1037,"O-kay. Look, it, it was stupid.",Mrs. Bing,sadness,negative,111,4,1,11,"00:19:39,720","00:19:47,643","O-kay. Look, it, it was stupid.",sadness,5,5,sadness,True,0.1393742,0.0358797,0.1563787,0.055058688,0.09068324,0.50509435,0.017531157
1038,Really stupid.,Chandler,anger,negative,111,5,1,11,"0:19:47,811","0:19:48,563",Really stupid.,anger,0,0,anger,True,0.61277044,0.123581655,0.057146654,0.027462995,0.024299903,0.118594006,0.03614432
1039,Really stupid.,Mrs. Bing,sadness,negative,111,6,1,11,"0:19:48,563","0:19:50,244",Really stupid.,sadness,5,0,anger,False,0.61277044,0.123581655,0.057146654,0.027462995,0.024299903,0.118594006,0.03614432
1040,And I don't even know how it happened.,Mrs. Bing,sadness,negative,111,7,1,11,"00:19:52,357","00:19:54,692",And I don't even know how it happened.,sadness,5,6,surprise,False,0.085013464,0.032734524,0.09193436,0.07183444,0.17017213,0.25667587,0.2916353
1041,"I'm sorry, honey, I promise it will never happen again.",Mrs. Bing,sadness,negative,111,8,1,11,"00:19:54,860","00:19:58,738","I'm sorry, honey, I promise it will never happen again.",sadness,5,5,sadness,True,0.009647272,0.003614459,0.043468423,0.027597496,0.13585939,0.7732025,0.00661053
1042,Are we okay now?,Mrs. Bing,fear,negative,111,9,1,11,"00:20:00,699","00:20:03,034",Are we okay now?,fear,2,4,neutral,False,0.02803126,0.0013823626,0.005563788,0.07506778,0.8697637,0.017012982,0.0031781166
1043,Yeah. No. No...,Chandler,anger,negative,111,10,1,11,"00:20:03,785","00:20:06,495",Yeah. No. No...,anger,0,4,neutral,False,0.015293246,0.029917905,0.039172966,0.08161944,0.7335356,0.09793973,0.0025211917
1044,"Ah, the forbidden love of a man and his door.",Ross,neutral,neutral,111,11,1,11,"00:20:10,292","00:20:12,960","Ah, the forbidden love of a man and his door.",neutral,4,5,sadness,False,0.18294227,0.055763658,0.036586873,0.01714389,0.04164192,0.64371866,0.022202808
1045,"Shh. He did it. He told her off, and not just about the kiss, about everything.",Joey,neutral,neutral,111,12,1,11,"00:20:13,128","00:20:18,466","Shh. He did it. He told her off, and not just about the kiss, about everything.",neutral,4,0,anger,False,0.49669367,0.20870946,0.02880761,0.07677004,0.061189145,0.11338161,0.0144484565
1046,You're kidding.,Ross,surprise,negative,111,13,1,11,"00:20:18,634","00:20:19,675",You're kidding.,surprise,6,0,anger,False,0.3116735,0.22660434,0.007663804,0.20130235,0.039753255,0.015486501,0.19751629
1047,"No, no. He said ""When are you gonna grow up and start being a mom?""",Joey,neutral,neutral,111,14,1,11,"00:20:19,843","00:20:22,511","No, no. He said ""When are you gonna grow up and start being a mom?""",neutral,4,5,sadness,False,0.050047133,0.060316063,0.024627073,0.101078704,0.37339482,0.38058257,0.009953638
1048,Oh there it is.,Phoebe,neutral,neutral,112,0,8,17,"00:17:34,386","00:17:35,428",Oh there it is.,neutral,4,4,neutral,True,0.009703158,0.0010478696,0.0019634988,0.26750612,0.70853776,0.008180278,0.0030613265
1049,That’s not your regular dry cleaners.,Monica,neutral,neutral,112,1,8,17,"00:17:35,596","00:17:37,972",That’s not your regular dry cleaners.,neutral,4,4,neutral,True,0.01546671,0.00725765,0.0017417995,0.005386509,0.94771606,0.010695621,0.011735634
1050,"I know, but that creep that I went on that date with goes to there so I have to find a new one.",Phoebe,disgust,negative,112,2,8,17,"00:17:38,140","00:17:41,350","I know, but that creep that I went on that date with goes to there so I have to find a new one.",disgust,1,4,neutral,False,0.027818346,0.18158032,0.047397565,0.052192964,0.42008078,0.23490246,0.036027614
1051,"I also have to find a new video store, a new bank, a new adult bookstore, a new grocery store",Phoebe,disgust,negative,112,3,8,17,"00:17:41,518","00:17:46,355","I also have to find a new video store, a new bank, a new adult bookstore, a new grocery store",disgust,1,5,sadness,False,0.02879517,0.0058550793,0.025124954,0.014547929,0.060297936,0.85865045,0.0067285076
1052,What?!,Monica,surprise,negative,112,4,8,17,"0:17:46,607","0:17:47,289",What?!,surprise,6,6,surprise,True,0.020155977,0.00290972,0.003784888,0.0039373483,0.01901609,0.0043257643,0.9458702
1053,A new grocery store.,Phoebe,neutral,neutral,112,5,8,17,"0:17:47,289","0:17:50,170",A new grocery store.,neutral,4,4,neutral,True,0.008330301,0.0029046838,0.0011517428,0.020563575,0.9446718,0.01672211,0.0056558163
1054,The universe said I was going to meet a nice guy and that’s what they gave me?,Phoebe,anger,negative,112,6,8,17,"00:17:51,904","00:17:54,864",The universe said I was going to meet a nice guy and that’s what they gave me?,anger,0,4,neutral,False,0.09288121,0.0043141544,0.017280038,0.21436873,0.4245889,0.111003675,0.1355633
1055,When I get up there I’m going to kick some ass.,Phoebe,anger,negative,112,7,8,17,"00:17:55,032","00:17:58,326",When I get up there I’m going to kick some ass.,anger,0,3,joy,False,0.40438968,0.08920867,0.008224725,0.42980212,0.026763508,0.021619657,0.01999164
1056,"Don’t worry Phoebe, you’re gonna meet someone. If I can meet a great guy, so can you.",Monica,neutral,neutral,112,8,8,17,"00:17:58,494","00:18:02,705","Don’t worry Phoebe, you’re gonna meet someone. If I can meet a great guy, so can you.",neutral,4,4,neutral,True,0.00892633,0.00073462474,0.0025419,0.10856657,0.86729723,0.010561727,0.0013716341
1057,"Yeah, we both can. And we both will.",Phoebe,neutral,neutral,112,9,8,17,"00:18:02,873","00:18:05,750","Yeah, we both can. And we both will.",neutral,4,4,neutral,True,0.031108277,0.0051869038,0.005760984,0.2781688,0.6596799,0.018817233,0.0012779979
1058,"Oh, you didn’t have to come in with me.",Phoebe,neutral,neutral,112,10,8,17,"00:18:10,380","00:18:13,216","Oh, you didn’t have to come in with me.",neutral,4,4,neutral,True,0.030599069,0.0020502748,0.009718481,0.375684,0.45416293,0.04996334,0.0778219
1059,Are you kidding? This is where they get out stains! Okay? This is like,Monica,joy,positive,112,11,8,17,"00:18:10,380","00:18:17,095",Are you kidding? This is where they get out stains! Okay? This is like,joy,3,0,anger,False,0.42607898,0.06040607,0.008197171,0.11477637,0.029293181,0.018468222,0.34278002
1061,"Oh, excuse me! I think you dropped s… Wow!",Guy,surprise,positive,112,12,8,17,"00:18:26,772","00:18:33,027","Oh, excuse me! I think you dropped s… Wow!",surprise,6,6,surprise,True,0.018653058,0.0021845882,0.0024102125,0.0153695075,0.005661081,0.0050060526,0.95071554
1062,What?,Phoebe,surprise,positive,112,13,8,17,"00:18:31,026","00:18:33,027",What?,surprise,6,6,surprise,True,0.024754373,0.003382966,0.010811309,0.0077529964,0.24595141,0.009165473,0.69818145
1063,"I’m sorry, it’s just that you’re so incredibly beautiful.",Guy,surprise,positive,112,14,8,17,"00:18:33,195","00:18:35,822","I’m sorry, it’s just that you’re so incredibly beautiful.",surprise,6,5,sadness,False,0.013306121,0.003214555,0.021014776,0.041765373,0.061316006,0.84759927,0.011783861
1064,"Oh yeah well, I’m sorry about that too, but what are you going to do?",Phoebe,neutral,neutral,112,15,8,17,"00:18:35,989","00:18:40,118","Oh yeah well, I’m sorry about that too, but what are you going to do?",neutral,4,4,neutral,True,0.055179745,0.010156056,0.19838631,0.083924934,0.39696014,0.11217627,0.14321655
1065,"I hope you don’t think I’m crazy but I feel like I was meant to pick this up, do you believe in that kind of thing?",Guy,joy,positive,112,16,8,17,"00:18:40,285","00:18:48,042","I hope you don’t think I’m crazy but I feel like I was meant to pick this up, do you believe in that kind of thing?",joy,3,2,fear,False,0.14934088,0.021511707,0.5036701,0.05536093,0.14949143,0.08653676,0.034088224
1066,A little.   Now you’re talking.,Phoebe,neutral,neutral,112,17,8,17,"00:18:43,914","00:18:50,128",A little.   Now you’re talking.,neutral,4,4,neutral,True,0.19997647,0.07978366,0.00758943,0.25090504,0.3596213,0.018836787,0.0832873
1067,Would you like to go out and have a cup of coffee?,Guy,neutral,neutral,112,18,8,17,"0:18:50,796","0:18:52,381",Would you like to go out and have a cup of coffee?,neutral,4,4,neutral,True,0.0038315312,0.0011236528,0.00089846825,0.018908504,0.968561,0.0053385715,0.0013383775
1068,I-I-I’d love to. Let me just tell my friend.,Phoebe,joy,positive,112,19,8,17,"0:18:52,381","0:18:54,512",I-I-I’d love to. Let me just tell my friend.,joy,3,3,joy,True,0.014009814,0.0013877589,0.0069115055,0.91248584,0.037575223,0.01991062,0.0077192658
1069,"Ooh, an ink stain! Hey, can I watch how you get this out?",Monica,joy,positive,112,20,8,17,"00:18:54,633","00:18:58,594","Ooh, an ink stain! Hey, can I watch how you get this out?",joy,3,3,joy,True,0.06976721,0.010405677,0.022141904,0.5551848,0.0692578,0.056509048,0.21673357
1070,She must’ve left.,Phoebe,neutral,neutral,112,21,8,17,"00:18:59,888","00:19:01,889",She must’ve left.,neutral,4,4,neutral,True,0.015977351,0.0031063952,0.0033422224,0.017578308,0.91984344,0.035301,0.004851315
1071,Monica! Stop throwing it so hard! We're on the same team!,Ross,anger,negative,113,0,5,21,"00:11:29,939","00:11:35,902",Monica! Stop throwing it so hard! We're on the same team!,anger,0,0,anger,True,0.7919302,0.01858728,0.03099781,0.04737375,0.012311847,0.057240926,0.041558173
1072,Four hours? You guys have been doing this for four hours?,Chandler,surprise,negative,113,1,5,21,"00:11:37,905","00:11:40,615",Four hours? You guys have been doing this for four hours?,surprise,6,6,surprise,True,0.18451652,0.036409948,0.014124611,0.012991349,0.021606142,0.033929672,0.6964218
1073,That's right baby.,Joey,joy,positive,113,2,5,21,"00:11:40,866","00:11:42,283",That's right baby.,joy,3,3,joy,True,0.019747559,0.004940449,0.012171088,0.5030296,0.26599556,0.18836743,0.005748362
1074,"All right, let me in.",Chandler,neutral,neutral,113,3,5,21,"0:11:42,535","0:11:43,377","All right, let me in.",neutral,4,4,neutral,True,0.010355104,0.001596785,0.0016894509,0.029238865,0.9498578,0.0067476383,0.0005144464
1075,No-no! Don't do it! Don't!,Monica,fear,negative,113,4,5,21,"0:11:43,377","0:11:45,224",No-no! Don't do it! Don't!,fear,2,2,fear,True,0.10801174,0.037229598,0.5811933,0.060490023,0.027579932,0.12285977,0.06263558
1076,What?,Chandler,surprise,negative,113,5,5,21,"00:11:45,955","00:11:47,372",What?,surprise,6,6,surprise,True,0.024754364,0.0033829666,0.010811306,0.007752994,0.24595135,0.009165474,0.69818157
1077,He's a dropper!,Monica,anger,negative,113,6,5,21,"00:11:48,457","00:11:50,125",He's a dropper!,anger,0,6,surprise,False,0.37128016,0.014613431,0.011821202,0.0921806,0.028226722,0.06604558,0.41583228
1078,"Oh yeah, that's right!",Joey,anger,negative,113,7,5,21,"00:11:52,044","00:11:53,962","Oh yeah, that's right!",anger,0,3,joy,False,0.014321421,0.0008519522,0.00093582994,0.94416124,0.028936883,0.005947927,0.004844775
1079,I'm not a dropper!,Chandler,anger,negative,113,8,5,21,"00:11:54,171","00:11:55,714",I'm not a dropper!,anger,0,0,anger,True,0.6612272,0.03223917,0.033154458,0.0281859,0.049758296,0.044956166,0.15047878
1080,"It's really a uh-uh three person game, y'know?",Ross,neutral,neutral,113,9,5,21,"00:11:56,173","00:11:59,342","It's really a uh-uh three person game, y'know?",neutral,4,4,neutral,True,0.005652305,0.0011758999,0.0049796244,0.009874549,0.93437225,0.00574412,0.03820136
1081,It's throwing and catching!,Chandler,anger,negative,113,10,5,21,"00:12:00,469","00:12:02,470",It's throwing and catching!,anger,0,3,joy,False,0.055745393,0.0030192053,0.0032595294,0.85979766,0.013746205,0.01190683,0.05252514
1082,All right.,Ross,neutral,neutral,113,11,5,21,"00:12:03,305","00:12:04,764",All right.,neutral,4,4,neutral,True,0.016544145,0.0033886058,0.0017270948,0.047511145,0.92365724,0.0064149713,0.0007568598
1083,Oh! Oh! That's so hard.,Chandler,surprise,positive,113,12,5,21,"00:12:08,185","00:12:09,769",Oh! Oh! That's so hard.,surprise,6,5,sadness,False,0.020463416,0.0097271465,0.04570333,0.026746694,0.016625449,0.845328,0.035406005
1084,"Whoa-whoa you guys, it's not a cat!",Joey,anger,negative,113,13,5,21,"00:12:17,486","00:12:19,904","Whoa-whoa you guys, it's not a cat!",anger,0,6,surprise,False,0.03918991,0.005794308,0.009370332,0.022753317,0.01671319,0.01379214,0.8923868
1085,Oh my—Oh good God!,Monica,surprise,negative,113,14,5,21,"00:12:22,366","00:12:24,409",Oh my—Oh good God!,surprise,6,6,surprise,True,0.01975412,0.0060082576,0.005521322,0.075667076,0.0066878214,0.013514585,0.87284684
1086,"I give up you guys, I don't know what I'm going to do with this thing!",Rachel,anger,negative,113,15,5,21,"00:12:24,618","00:12:27,912","I give up you guys, I don't know what I'm going to do with this thing!",anger,0,0,anger,True,0.4833411,0.055243034,0.1996491,0.03343572,0.025934085,0.15386899,0.048528027
1087,"Baking it didn't help, huh?",Ross,neutral,neutral,113,16,5,21,"00:12:28,914","00:12:30,498","Baking it didn't help, huh?",neutral,4,4,neutral,True,0.07226869,0.045358572,0.0125868935,0.22102109,0.365987,0.1617945,0.12098331
1088,"All right, well the place was closed. I’ll just copy it later.",Rachel,neutral,neutral,114,0,6,3,"00:20:20,052","00:20:23,012","All right, well the place was closed. I’ll just copy it later.",neutral,4,4,neutral,True,0.01448151,0.0032099127,0.0018645145,0.029108096,0.93553853,0.011297648,0.0044997386
1089,"Or not. Uh, Rach, why don’t you just move in with me?",Joey,neutral,neutral,114,1,6,3,"00:20:23,180","00:20:27,141","Or not. Uh, Rach, why don’t you just move in with me?",neutral,4,4,neutral,True,0.020624686,0.007560406,0.09103085,0.058221254,0.6527729,0.1613506,0.008439368
1090,"Whoa! Whoa! Whoa, Joey!",Ross,surprise,positive,114,2,6,3,"00:20:28,852","00:20:32,021","Whoa! Whoa! Whoa, Joey!",surprise,6,6,surprise,True,0.030625137,0.005187563,0.0036393001,0.018720495,0.0053568576,0.0059246626,0.930546
1091,"No-no-no-no-no-no-no-no… It’s okay, I mean I—look Rach, I know I scared you off with that whole Naked Thursday’s thing, but we don’t have to do that!",Joey,neutral,neutral,114,3,6,3,"00:20:28,852","00:20:40,947","No-no-no-no-no-no-no-no… It’s okay, I mean I—look Rach, I know I scared you off with that whole Naked Thursday’s thing, but we don’t have to do that!",neutral,4,2,fear,False,0.06877053,0.017515162,0.43363324,0.14846046,0.09870122,0.14116457,0.09175479
1092,"Well, it would be easier to move just right across the hall. Wait a minute, unless you’re thinking about Naked Wednesday’s.",Rachel,neutral,neutral,114,4,6,3,"00:20:41,573","00:20:49,830","Well, it would be easier to move just right across the hall. Wait a minute, unless you’re thinking about Naked Wednesday’s.",neutral,4,4,neutral,True,0.0130769415,0.0067933947,0.0045002196,0.03093039,0.9312848,0.009782544,0.0036318412
1093,"Thursday’s clearly not good for ya, pick a day!",Joey,joy,positive,114,5,6,3,"00:20:50,832","00:20:53,584","Thursday’s clearly not good for ya, pick a day!",joy,3,0,anger,False,0.4230998,0.030340714,0.053654946,0.14342219,0.11557699,0.15500855,0.07889677
1094,"So that’s two boxes of the Holiday Macaroons. On behalf of the Brown Birds of America, I salute you.",Sarah,joy,positive,115,0,3,10,"00:01:33,760","00:01:40,891","So that’s two boxes of the Holiday Macaroons. On behalf of the Brown Birds of America, I salute you.",joy,3,3,joy,True,0.026680917,0.003985271,0.0014400579,0.56228805,0.38582465,0.016654572,0.0031264776
1095,"Just admit it Chandler, you have no backhand.",Ross,neutral,neutral,115,1,3,10,"00:01:43,937","00:01:46,438","Just admit it Chandler, you have no backhand.",neutral,4,4,neutral,True,0.21284068,0.026134871,0.015207479,0.09569322,0.6152642,0.027690053,0.007169505
1096,"Excuse me little one, I have a very solid backhand.",Chandler,anger,negative,115,2,3,10,"00:01:46,606","00:01:49,733","Excuse me little one, I have a very solid backhand.",anger,0,3,joy,False,0.20547669,0.006544698,0.007072876,0.5614894,0.18984422,0.01804102,0.011531094
1097,Shielding your face and shrieking like a girl... is not a backhand.,Ross,disgust,negative,115,3,3,10,"00:01:49,901","00:01:55,364",Shielding your face and shrieking like a girl... is not a backhand.,disgust,1,0,anger,False,0.6225981,0.14246862,0.08747941,0.033773407,0.041184556,0.05145004,0.021045877
1098,I was shrieking... like a Marine.,Chandler,neutral,neutral,115,4,3,10,"00:01:56,699","00:01:59,660",I was shrieking... like a Marine.,neutral,4,0,anger,False,0.35158882,0.15317972,0.05770208,0.04110205,0.0115891,0.085476644,0.29936165
1099,All right here. Watch me execute the three ‘P’s of championship play. Power.  Precision.  and penache.,Ross,neutral,neutral,115,5,3,10,"00:02:01,913","00:02:11,130",All right here. Watch me execute the three ‘P’s of championship play. Power.  Precision.  and penache.,neutral,4,4,neutral,True,0.15203747,0.006569367,0.011307426,0.12812561,0.68791276,0.011444861,0.002602442
1100,She's not much of a phone person.,Lydia,neutral,neutral,116,0,1,23,"00:07:08,261","00:07:10,804",She's not much of a phone person.,neutral,4,4,neutral,True,0.004593567,0.0013372321,0.0010728869,0.0036989192,0.98338276,0.0023443059,0.0035703466
1101,"Yeah, so, uh, so, uh, what's the deal with this father guy, I mean, if someone was havin' my baby somewhere, I'd wanna know about it, you know?",Joey,neutral,neutral,116,1,1,23,"00:07:10,972","00:07:18,854","Yeah, so, uh, so, uh, what's the deal with this father guy, I mean, if someone was havin' my baby somewhere, I'd wanna know about it, you know?",neutral,4,4,neutral,True,0.06125451,0.013637272,0.079040706,0.039143644,0.6144765,0.18571576,0.0067315986
1102,"Hey, Knick fan, am I interested in your views on fatherhood? Uh, no.",Lydia,anger,negative,116,2,1,23,"00:07:19,021","00:07:23,233","Hey, Knick fan, am I interested in your views on fatherhood? Uh, no.",anger,0,4,neutral,False,0.21529032,0.02446734,0.051593978,0.148469,0.48702562,0.04483973,0.02831403
1103,"Ok, look, maybe I should just go.",Joey,neutral,neutral,116,3,1,23,"0:07:25,611","0:07:28,133","Ok, look, maybe I should just go.",neutral,4,4,neutral,True,0.009323604,0.0062878355,0.03616498,0.04216798,0.8466451,0.057791375,0.0016191176
1104,Maybe you should.,Lydia,anger,negative,116,4,1,23,"0:07:28,133","0:07:28,385",Maybe you should.,anger,0,4,neutral,False,0.0035991662,0.0022396112,0.0047592963,0.02387081,0.94879276,0.015567131,0.0011712892
1105,"Good luck, and uh, take care, huh?",Joey,sadness,negative,116,5,1,23,"00:07:28,489","00:07:34,703","Good luck, and uh, take care, huh?",sadness,5,3,joy,False,0.029509934,0.0045676455,0.0023829956,0.5031277,0.438469,0.018906914,0.0030358443
1106,You know what the Celtics problem is? They let the players run the team.,Joey,neutral,neutral,116,6,1,23,"00:07:41,210","00:07:44,379",You know what the Celtics problem is? They let the players run the team.,neutral,4,4,neutral,True,0.12997061,0.015626336,0.00569344,0.21992856,0.5643032,0.04913954,0.015338285
1107,"Oh, that is so not true.",Lydia,neutral,neutral,116,7,1,23,"0:07:44,547","0:07:45,465","Oh, that is so not true.",neutral,4,5,sadness,False,0.08976594,0.023565857,0.16051508,0.091043025,0.11447219,0.4362775,0.08436032
1108,"Oh, it is.",Joey,neutral,neutral,116,8,1,23,"0:07:45,465","0:07:45,823","Oh, it is.",neutral,4,4,neutral,True,0.0041072606,0.0011467729,0.0017243222,0.041162428,0.9421055,0.008994744,0.0007590003
1109,It isn't.,Lydia,neutral,neutral,116,9,1,23,"0:07:45,923","0:07:46,475",It isn't.,neutral,4,4,neutral,True,0.05455185,0.0058144233,0.009817254,0.12039026,0.73819244,0.05947857,0.011755173
1110,It is.,Joey,neutral,neutral,116,10,1,23,"0:07:46,475","0:07:47,527",It is.,neutral,4,4,neutral,True,0.0048641306,0.00091868726,0.001120811,0.018780317,0.9664959,0.00613991,0.0016803582
1111,Isn't!,Lydia,anger,negative,116,11,1,23,"0:07:47,527","0:07:47,820",Isn't!,anger,0,2,fear,False,0.31664538,0.026095374,0.3256932,0.0848565,0.070421785,0.11607926,0.060208485
1112,"Okay ladies, that ends today’s class, and let’s remember, let’s be safe out there.",The Instructor,neutral,neutral,117,0,6,17,"00:18:51,797","00:18:56,050","Okay ladies, that ends today’s class, and let’s remember, let’s be safe out there.",neutral,4,4,neutral,True,0.013378451,0.0042571705,0.003038128,0.031384196,0.9362208,0.011245466,0.00047571902
1113,It’s a great class.,Ross,joy,positive,117,1,6,17,"0:19:02,933","0:19:03,855",It’s a great class.,joy,3,4,neutral,False,0.12944613,0.05204957,0.008148085,0.13671042,0.5401079,0.08489162,0.048646268
1114,Thanks.,The Instructor,neutral,neutral,117,2,6,17,"0:19:03,855","0:19:05,067",Thanks.,neutral,4,4,neutral,True,0.016729183,0.003383006,0.0026217466,0.31228876,0.6272819,0.035590347,0.0021051345
1115,"Yeah, yeah, I was watching.",Ross,neutral,neutral,117,3,6,17,"00:19:05,185","00:19:07,061","Yeah, yeah, I was watching.",neutral,4,4,neutral,True,0.029635547,0.010599222,0.008344686,0.05501866,0.8801397,0.014681414,0.0015808443
1116,"Umm, hey, a couple of questions though.",Ross,neutral,neutral,117,4,6,17,"00:19:10,065","00:19:12,400","Umm, hey, a couple of questions though.",neutral,4,4,neutral,True,0.0033244202,0.0014056868,0.005393502,0.008543336,0.9697871,0.0059872307,0.0055587194
1117,"Umm, about that-that-that last move where the woman tripped you and then pinned you to the floor, what-what-what-what would you do next?",Ross,fear,negative,117,5,6,17,"00:19:15,320","00:19:20,074","Umm, about that-that-that last move where the woman tripped you and then pinned you to the floor, what-what-what-what would you do next?",fear,2,2,fear,True,0.15176573,0.014975559,0.32289326,0.20643461,0.13389713,0.100431,0.069602735
1118,"Well, she would take her keys and try to jam them",The Instructor,neutral,neutral,117,6,6,17,"00:19:20,242","00:19:22,785","Well, she would take her keys and try to jam them",neutral,4,4,neutral,True,0.010709555,0.0034248931,0.0014958013,0.009755878,0.96568644,0.007936485,0.0009910332
1119,No. No-no. No. What would,Ross,anger,negative,117,7,6,17,"00:19:22,953","00:19:25,997",No. No-no. No. What would,anger,0,4,neutral,False,0.06142858,0.0098083895,0.09428334,0.08012229,0.59111047,0.052611064,0.11063588
1120,Who? Me the attacker?,The Instructor,surprise,negative,117,8,6,17,"00:19:26,165","00:19:29,083",Who? Me the attacker?,surprise,6,6,surprise,True,0.3361877,0.039979123,0.039272342,0.016194059,0.044274233,0.039601624,0.48449093
1121,"I’m sorry Chandler, y’know you are such a sweet guy and I, I don’t want to hurt you.",Dana,sadness,negative,118,0,6,18,"00:14:34,373","00:14:42,130","I’m sorry Chandler, y’know you are such a sweet guy and I, I don’t want to hurt you.",sadness,5,2,fear,False,0.15172674,0.018990124,0.35391372,0.046427958,0.18478914,0.23793015,0.0062221396
1122,"Oh, I wish there was something I can do to make you feel better.",Dana,sadness,negative,118,1,6,18,"00:14:42,298","00:14:45,508","Oh, I wish there was something I can do to make you feel better.",sadness,5,5,sadness,True,0.008152498,0.0056181997,0.03273422,0.027329499,0.14831902,0.7714325,0.0064139925
1123,No-no—Really?!,Chandler,surprise,positive,118,2,6,18,"00:14:45,676","00:14:48,177",No-no—Really?!,surprise,6,6,surprise,True,0.06697053,0.03822551,0.07096162,0.06331525,0.048456803,0.04530783,0.6667625
1124,Of course!,Dana,joy,positive,118,3,6,18,"00:14:48,345","00:14:49,596",Of course!,joy,3,6,surprise,False,0.23649459,0.019222554,0.0402794,0.24355079,0.10345944,0.09993275,0.2570605
1125,"Well, it just hurts so bad. I uh",Chandler,sadness,negative,118,4,6,18,"00:14:50,572","00:14:53,453","Well, it just hurts so bad. I uh",sadness,5,5,sadness,True,0.013818975,0.00813796,0.17958656,0.0419895,0.08457103,0.6594703,0.012425633
1126,"Ohh, I’m sorry.",Dana,sadness,negative,118,5,6,18,"00:14:53,601","00:14:55,852","Ohh, I’m sorry.",sadness,5,5,sadness,True,0.018264141,0.0082746595,0.10634723,0.07785682,0.15058933,0.49690065,0.14176714
1127,Well maybe there is one thing you can do.,Chandler,neutral,neutral,118,6,6,18,"0:14:56,020","0:14:58,440",Well maybe there is one thing you can do.,neutral,4,4,neutral,True,0.011660705,0.0044371416,0.02475123,0.03031664,0.90674335,0.020835584,0.0012554078
1128,What?! Anything! Anything!,Dana,joy,positive,118,7,6,18,"0:14:58,440","0:15:00,466",What?! Anything! Anything!,joy,3,0,anger,False,0.5874072,0.057076078,0.21228035,0.03642588,0.027647674,0.038318776,0.040844124
1129,"Well, I umm, I mean this is just off the top of my head now, umm but I have this friend.",Chandler,neutral,neutral,118,8,6,18,"00:15:01,150","00:15:08,448","Well, I umm, I mean this is just off the top of my head now, umm but I have this friend.",neutral,4,4,neutral,True,0.011684044,0.0010756042,0.0026809103,0.065643296,0.9005791,0.014787627,0.0035494196
1130,"This actor friend and he would kill me if he thought I was doing this umm, but umm would it be possible for him to get an audition for your movie say on Thursday?",Chandler,fear,negative,118,9,6,18,"00:15:13,954","00:15:20,376","This actor friend and he would kill me if he thought I was doing this umm, but umm would it be possible for him to get an audition for your movie say on Thursday?",fear,2,5,sadness,False,0.08386478,0.016462153,0.3753778,0.046083402,0.05596359,0.38535443,0.03689386
1131,Absolutely! But you-you would really feel better about me rejecting you if your actor friend can audition for my movie?,Dana,surprise,positive,118,10,6,18,"00:15:21,295","00:15:29,510",Absolutely! But you-you would really feel better about me rejecting you if your actor friend can audition for my movie?,surprise,6,0,anger,False,0.38859797,0.021563312,0.117218405,0.16137908,0.08935386,0.15967602,0.062211417
1132,"Well, the heart wants what it wants. I’ll see you later.",Chandler,neutral,neutral,118,11,6,18,"00:15:29,678","00:15:32,847","Well, the heart wants what it wants. I’ll see you later.",neutral,4,4,neutral,True,0.020635163,0.0028940842,0.004349819,0.061687373,0.88971156,0.020131119,0.0005908959
1133,"Okay, I got that. I’ll escape over there. I’ll come back over here. All right, come on",Monica,neutral,neutral,119,0,8,12,"00:16:22,815","00:16:29,570","Okay, I got that. I’ll escape over there. I’ll come back over here. All right, come on",neutral,4,4,neutral,True,0.14943074,0.021286007,0.26272982,0.19111657,0.31271967,0.05287787,0.009839249
1134,"Hey, you guys. Listen, I’m sorry that I was hogging the game before——Oh my God! Your friends have some unfortunate initials!",Phoebe,sadness,negative,119,1,8,12,"00:16:37,579","00:16:49,007","Hey, you guys. Listen, I’m sorry that I was hogging the game before——Oh my God! Your friends have some unfortunate initials!",sadness,5,6,surprise,False,0.1752511,0.029773546,0.031856578,0.031735472,0.023199782,0.1412199,0.5669636
1135,They’re all Chandler.,Monica,neutral,neutral,119,2,8,12,"00:16:50,259","00:16:52,343",They’re all Chandler.,neutral,4,4,neutral,True,0.009658117,0.0022170504,0.0010657574,0.013838288,0.95773286,0.004257991,0.011229893
1136,Chandler sucks! He couldn’t have gotten this good!,Phoebe,surprise,negative,119,3,8,12,"00:16:50,259","00:16:56,014",Chandler sucks! He couldn’t have gotten this good!,surprise,6,6,surprise,True,0.25972253,0.029893076,0.08809232,0.06730153,0.029646194,0.2233108,0.3020335
1137,I did.  But it came at a price.,Chandler,neutral,neutral,119,4,8,12,"00:16:56,181","00:16:58,641",I did.  But it came at a price.,neutral,4,4,neutral,True,0.022862807,0.0056704977,0.008394627,0.024279341,0.85020334,0.057654735,0.03093462
1138,But Ben is coming over tonight and he can’t see this.,Monica,fear,negative,119,5,8,12,"00:16:59,852","00:17:02,228",But Ben is coming over tonight and he can’t see this.,fear,2,5,sadness,False,0.07345047,0.015218404,0.3587217,0.054317944,0.051368296,0.410263,0.036660276
1139,"Oh come on, by age seven kids have already seen orgies.  Was it just me?!",Chandler,surprise,negative,119,6,8,12,"00:17:02,396","00:17:11,571","Oh come on, by age seven kids have already seen orgies.  Was it just me?!",surprise,6,0,anger,False,0.23086345,0.023622064,0.048990432,0.13279298,0.15999879,0.22582953,0.17790273
1140,Sure!,Chandler,joy,positive,120,0,6,3,"00:03:58,029","00:03:59,071",Sure!,joy,3,3,joy,True,0.032051932,0.0015650612,0.00181514,0.8678221,0.081173845,0.006794388,0.008777465
1141,"Okay, I was thinking we should have a beautiful guest room, right?",Monica,neutral,neutral,120,1,6,3,"00:03:58,029","00:04:01,406","Okay, I was thinking we should have a beautiful guest room, right?",neutral,4,4,neutral,True,0.009970007,0.0007444142,0.0042073745,0.112498105,0.8500513,0.017457457,0.005071279
1142,With a mahogany sleigh bed and bedside tables with flowers on them all the time!,Monica,joy,positive,120,2,6,3,"00:04:01,574","00:04:05,327",With a mahogany sleigh bed and bedside tables with flowers on them all the time!,joy,3,3,joy,True,0.0726709,0.008186264,0.003513214,0.7241135,0.038194653,0.037843797,0.115477644
1143,And we could have a roll top desk with comment cards on them so people could say how much they loved staying here!!,Monica,joy,positive,120,3,6,3,"00:04:05,495","00:04:11,541",And we could have a roll top desk with comment cards on them so people could say how much they loved staying here!!,joy,3,3,joy,True,0.2248278,0.008591162,0.006371202,0.6083196,0.053653404,0.027638854,0.07059798
1144,"Okay, whatever, I really haven’t thought about it that much.",Monica,neutral,neutral,120,4,6,3,"00:04:12,418","00:04:15,420","Okay, whatever, I really haven’t thought about it that much.",neutral,4,4,neutral,True,0.068925574,0.027961303,0.21903569,0.110948,0.33205536,0.21462111,0.02645298
1145,"Well, I like that idea.",Chandler,joy,positive,120,5,6,3,"0:04:15,588","0:04:16,798","Well, I like that idea.",joy,3,4,neutral,False,0.034222007,0.021782318,0.013966372,0.4381629,0.45081642,0.037621573,0.0034284154
1146,Obviously!,Chandler,joy,positive,120,6,6,3,"0:04:16,798","0:04:18,956",Obviously!,joy,3,6,surprise,False,0.15402056,0.009866739,0.0058818203,0.08430831,0.024910267,0.016301228,0.7047111
1147,"I was thinking maybe-maybe-maybe it could be a game room, y’know?",Chandler,neutral,neutral,120,7,6,3,"00:04:19,050","00:04:22,552","I was thinking maybe-maybe-maybe it could be a game room, y’know?",neutral,4,4,neutral,True,0.0057261973,0.0010611954,0.0057300436,0.023389949,0.95658374,0.0065881046,0.0009206866
1148,"I mean you can buy old arcade games like uh, like",Chandler,neutral,neutral,120,8,6,3,"00:04:22,720","00:04:27,891","I mean you can buy old arcade games like uh, like",neutral,4,4,neutral,True,0.0068075745,0.0041123107,0.0030289982,0.0110526085,0.9308446,0.041736364,0.0024175502
1149,No.,Monica,disgust,negative,120,9,6,3,"00:04:32,146","00:04:33,730",No.,disgust,1,4,neutral,False,0.006077365,0.0039952276,0.0023630937,0.013360626,0.9552362,0.017810212,0.0011572525
1150,"Okay so you mean no as in, ""Gee Chandler, what an interesting idea. Let’s discuss it before we reject it completely.""",Chandler,joy,positive,120,10,6,3,"00:04:32,146","00:04:41,655","Okay so you mean no as in, ""Gee Chandler, what an interesting idea. Let’s discuss it before we reject it completely.""",joy,3,3,joy,True,0.11499515,0.032938413,0.015193098,0.4043069,0.1648955,0.0343602,0.23331076
1151,"Oh, I’m sorry. Of course I mean that. Interesting idea, umm, talk about it, but no.",Monica,disgust,negative,120,11,6,3,"00:04:41,864","00:04:48,745","Oh, I’m sorry. Of course I mean that. Interesting idea, umm, talk about it, but no.",disgust,1,4,neutral,False,0.016897395,0.011089126,0.11774507,0.099743865,0.3904737,0.27067095,0.09337995
1152,"So, that’s it?",Chandler,surprise,negative,120,12,6,3,"00:04:50,290","00:04:51,581","So, that’s it?",surprise,6,0,anger,False,0.5183826,0.0148816835,0.060184624,0.092280306,0.14735717,0.15558897,0.011324596
1153,I just don’t think arcade games go in the beautiful guest room. The beautiful guest room is gonna be filled with antiques.,Monica,neutral,neutral,120,13,6,3,"00:04:51,749","00:04:57,963",I just don’t think arcade games go in the beautiful guest room. The beautiful guest room is gonna be filled with antiques.,neutral,4,4,neutral,True,0.06413429,0.026270544,0.021435423,0.17107902,0.3411651,0.34007955,0.03583603
1154,Which is why,Chandler,neutral,neutral,120,14,6,3,"00:04:58,131","00:05:01,675",Which is why,neutral,4,4,neutral,True,0.13534398,0.0111375535,0.018434359,0.03615468,0.49444014,0.07619619,0.22829302
1155,What do you have against the beautiful guest room?,Monica,anger,negative,120,15,6,3,"00:05:03,594","00:05:05,429",What do you have against the beautiful guest room?,anger,0,0,anger,True,0.5245436,0.11116212,0.04664773,0.060455967,0.12330342,0.10738543,0.026501706
1156,"I don’t have anything against the beautiful guest room, especially since everybody we know lives about 30 seconds away!",Chandler,anger,negative,120,16,6,3,"00:05:05,596","00:05:11,518","I don’t have anything against the beautiful guest room, especially since everybody we know lives about 30 seconds away!",anger,0,0,anger,True,0.50380856,0.009582694,0.049210202,0.30801767,0.05798712,0.04787724,0.023516566
1157,Are you mocking me?,Monica,anger,negative,120,17,6,3,"00:05:12,937","00:05:14,062",Are you mocking me?,anger,0,0,anger,True,0.57836807,0.24011259,0.019345025,0.024334366,0.013378824,0.03519871,0.0892624
1158,"No, I’m not mocking you,  or you beautiful guest room.",Chandler,neutral,neutral,120,18,6,3,"00:05:14,230","00:05:16,690","No, I’m not mocking you,  or you beautiful guest room.",neutral,4,0,anger,False,0.5973919,0.18535681,0.013482383,0.09774371,0.047737747,0.046240482,0.012046942
1159,"Y'know, I love doing crossword puzzles with you honey!",Monica,joy,positive,121,0,5,16,"00:00:54,262","00:00:57,139","Y'know, I love doing crossword puzzles with you honey!",joy,3,3,joy,True,0.009782818,0.00084895204,0.0007134038,0.9607487,0.014815583,0.0038627572,0.009227832
1160,"Aww, me too. Now let's finish this and go to bed.",Joey,joy,positive,121,1,5,16,"00:00:57,307","00:01:00,976","Aww, me too. Now let's finish this and go to bed.",joy,3,3,joy,True,0.013735208,0.0057327375,0.002935752,0.8945324,0.041919947,0.018668715,0.022475248
1161,"Okay! There's only one left, three letter word, not dog but",Monica,neutral,neutral,121,2,5,16,"00:01:01,144","00:01:06,273","Okay! There's only one left, three letter word, not dog but",neutral,4,3,joy,False,0.08609328,0.0045029307,0.011303257,0.40451816,0.3875496,0.042041264,0.06399156
1162,Cat.,Joey,neutral,neutral,121,3,5,16,"00:01:07,442","00:01:09,151",Cat.,neutral,4,4,neutral,True,0.003922218,0.001669524,0.0015486021,0.007095098,0.9811762,0.0035147604,0.0010736213
1163,Yes! You are so smart!  I love you.,Monica,joy,positive,121,4,5,16,"00:01:10,195","00:01:17,242",Yes! You are so smart!  I love you.,joy,3,3,joy,True,0.010060104,0.0006813472,0.0013731575,0.9603479,0.011887304,0.006541837,0.009108399
1164,I love you too.,Joey,joy,positive,121,5,5,16,"00:01:17,410","00:01:18,911",I love you too.,joy,3,3,joy,True,0.014986921,0.001499037,0.0034321218,0.80514127,0.13748842,0.034141213,0.00331104
1165,"I never sucked, I actually didn't want you to know how good I was!",Chandler,neutral,neutral,122,0,9,23,"00:46:21,737","00:46:26,249","I never sucked, I actually didn't want you to know how good I was!",neutral,4,5,sadness,False,0.21817406,0.0314526,0.17661302,0.063784584,0.051007822,0.2307804,0.22818752
1166,Why?,Monica,surprise,negative,122,1,9,23,"0:46:25,240","0:46:26,742",Why?,surprise,6,6,surprise,True,0.03475762,0.004930973,0.011346365,0.008366466,0.24134961,0.012292168,0.6869568
1167,I don't know.,Chandler,neutral,neutral,122,2,9,23,"0:46:26,742","0:46:27,032",I don't know.,neutral,4,4,neutral,True,0.0092635695,0.0037304445,0.013005502,0.026089191,0.9176123,0.0182924,0.01200644
1168,This is so great! Now we can enter into doubles tournaments!,Monica,joy,positive,122,3,9,23,"00:46:27,117","00:46:32,038",This is so great! Now we can enter into doubles tournaments!,joy,3,3,joy,True,0.011943684,0.00096263876,0.0010345735,0.9562869,0.0071741724,0.0044948296,0.018103182
1169,That's,Chandler,neutral,neutral,122,4,9,23,"00:46:29,119","00:46:32,038",That's,neutral,4,4,neutral,True,0.003643205,0.00052771246,0.0005255005,0.003445142,0.9879308,0.0021367313,0.0017908829
1171,"Hey. Okay, I gave him another chance, but Tim has",Monica,neutral,neutral,123,0,8,5,"00:08:28,216","00:08:31,927","Hey. Okay, I gave him another chance, but Tim has",neutral,4,4,neutral,True,0.0070240023,0.00088956056,0.0009938735,0.024079274,0.9597113,0.0063805045,0.00092147215
1172,But,Phoebe,neutral,neutral,123,1,8,5,"00:08:30,259","00:08:31,927",But,neutral,4,4,neutral,True,0.028090259,0.005951421,0.015836539,0.06154878,0.78004485,0.07629748,0.032230645
1173,"No! No-no! He is totally incompetent. I called the chef who recommended him to me. He said, ""Ha-ha! Gotcha!""",Monica,disgust,negative,123,2,8,5,"00:08:32,094","00:08:39,017","No! No-no! He is totally incompetent. I called the chef who recommended him to me. He said, ""Ha-ha! Gotcha!""",disgust,1,0,anger,False,0.5178033,0.062226597,0.028382525,0.05610287,0.02731575,0.102337204,0.20583174
1174,"Okay. Okay, but you can’t fire him today.",Phoebe,neutral,neutral,123,3,8,5,"0:08:40,186","0:08:42,105","Okay. Okay, but you can’t fire him today.",neutral,4,4,neutral,True,0.19480617,0.016741687,0.029755611,0.09474711,0.47120127,0.18296587,0.009782259
1175,Why not?!,Monica,anger,negative,123,4,8,5,"0:08:42,105","0:08:43,031",Why not?!,anger,0,6,surprise,False,0.20703332,0.012662631,0.01982028,0.09757,0.11830332,0.06644688,0.4781635
1176,Because I’m dumping him today.,Phoebe,neutral,neutral,123,5,8,5,"0:08:43,147","0:08:44,739",Because I’m dumping him today.,neutral,4,0,anger,False,0.3892416,0.1248869,0.018538171,0.0573806,0.07928679,0.32079288,0.009873151
1177,What?! You said he was sweet!,Monica,surprise,negative,123,6,8,5,"0:08:44,739","0:08:46,992",What?! You said he was sweet!,surprise,6,6,surprise,True,0.0370563,0.0033843415,0.0037955185,0.007857724,0.015709152,0.008566893,0.9236301
1178,He,Phoebe,neutral,neutral,123,7,8,5,"0:08:46,992","0:08:47,194",He,neutral,4,4,neutral,True,0.00906772,0.00064965757,0.0007593695,0.006447612,0.9737057,0.0029695167,0.006400307
1179,Just don’t pick up your phone.,Monica,neutral,neutral,123,8,8,5,"00:08:55,117","00:08:57,994",Just don’t pick up your phone.,neutral,4,2,fear,False,0.13054074,0.022549897,0.47131306,0.064212054,0.173125,0.11531551,0.022943715
1180,"Then he comes over!  ""I’m so worried about you."" Uck! Be a man!",Phoebe,disgust,negative,123,9,8,5,"00:08:55,117","00:09:01,414","Then he comes over!  ""I’m so worried about you."" Uck! Be a man!",disgust,1,2,fear,False,0.05932717,0.016787447,0.3846959,0.06227872,0.03356782,0.34973824,0.09360469
1181,What? So now I’m not allowed to fire him?,Monica,surprise,negative,123,10,8,5,"00:09:02,083","00:09:04,000",What? So now I’m not allowed to fire him?,surprise,6,6,surprise,True,0.25272393,0.033847358,0.06338583,0.06418954,0.110164806,0.17720811,0.29848033
1182,"You can’t fire him and dump him the same day, he’ll kill himself.",Phoebe,sadness,negative,123,11,8,5,"00:09:04,168","00:09:07,504","You can’t fire him and dump him the same day, he’ll kill himself.",sadness,5,0,anger,False,0.66627043,0.052061055,0.0436353,0.025315896,0.020643923,0.18472514,0.0073482282
1183,"Okay well then, I’ll fire him today and you go out with him for another week.",Monica,neutral,neutral,123,12,8,5,"00:09:07,672","00:09:10,131","Okay well then, I’ll fire him today and you go out with him for another week.",neutral,4,3,joy,False,0.17106903,0.012956005,0.0048130383,0.48628423,0.24502352,0.07174616,0.00810805
1184,"Are you kidding?! Another week with that sip, I’ll kill",Phoebe,disgust,negative,123,13,8,5,"00:09:10,299","00:09:14,219","Are you kidding?! Another week with that sip, I’ll kill",disgust,1,0,anger,False,0.5511871,0.09454245,0.009855525,0.1523691,0.01586505,0.020672327,0.15550846
1185,"Okay well, then we’ll both do it today and he’ll just have to deal with it!",Monica,neutral,neutral,123,14,8,5,"00:09:14,387","00:09:17,639","Okay well, then we’ll both do it today and he’ll just have to deal with it!",neutral,4,0,anger,False,0.42613447,0.015484267,0.03765054,0.12743106,0.12728426,0.2116229,0.05439244
1186,Okay. But the question is who’s gonna go first. ‘Cause whoever goes second is the bitch.,Phoebe,sadness,negative,123,15,8,5,"00:09:18,391","00:09:23,311",Okay. But the question is who’s gonna go first. ‘Cause whoever goes second is the bitch.,sadness,5,1,disgust,False,0.31643277,0.4358335,0.008496545,0.081538714,0.111497425,0.025355395,0.020845583
1188,This is the final boarding call for Flight 664 to Yemen.,Ticket Counter Attendant,neutral,neutral,124,0,4,15,"00:19:55,527","00:19:59,780",This is the final boarding call for Flight 664 to Yemen.,neutral,4,4,neutral,True,0.014106992,0.0026292456,0.0030481431,0.009535032,0.94531465,0.018059583,0.007306267
1189,"Well, I-I guess I gotta go.",Chandler,sadness,negative,124,1,4,15,"00:20:02,743","00:20:04,452","Well, I-I guess I gotta go.",sadness,5,4,neutral,False,0.015510317,0.009205308,0.061635446,0.06336826,0.73438305,0.11317764,0.0027199835
1190,"Oh, my Bing-a-ling. I’ll wait for you. Do you even know how long you’re going to be gone?",Janice,sadness,negative,124,2,4,15,"00:20:04,620","00:20:13,127","Oh, my Bing-a-ling. I’ll wait for you. Do you even know how long you’re going to be gone?",sadness,5,5,sadness,True,0.05425881,0.007888824,0.10863304,0.20941228,0.10919402,0.31971166,0.19090138
1191,"Well, just until we find an energy source to replace fuel.",Chandler,neutral,neutral,124,3,4,15,"00:20:14,129","00:20:19,508","Well, just until we find an energy source to replace fuel.",neutral,4,4,neutral,True,0.021667711,0.0021475854,0.0040462804,0.07719844,0.8744722,0.017963657,0.0025041793
1192,"Oh. Well, I’ll right you everyday.  15 Yemen Road, Yemen.",Janice,neutral,neutral,124,4,4,15,"00:20:19,927","00:20:27,141","Oh. Well, I’ll right you everyday.  15 Yemen Road, Yemen.",neutral,4,4,neutral,True,0.024832712,0.0041653826,0.002277703,0.45692137,0.49249187,0.017136691,0.002174316
1193,"Okay, good-bye. Good-bye.",Chandler,sadness,negative,124,5,4,15,"00:20:28,852","00:20:31,062","Okay, good-bye. Good-bye.",sadness,5,3,joy,False,0.032851607,0.009166667,0.0073387916,0.5673537,0.34627554,0.034455623,0.0025580782
1194,Chandler?,Janice,neutral,neutral,124,6,4,15,"0:20:46,286","0:20:46,829",Chandler?,neutral,4,4,neutral,True,0.024377262,0.0019450893,0.0062441635,0.009093006,0.7158789,0.010756293,0.23170528
1195,No!,Chandler,anger,negative,124,7,4,15,"0:20:46,829","0:20:47,251",No!,anger,0,2,fear,False,0.1943154,0.11039935,0.32096964,0.07978327,0.046334628,0.13501109,0.1131867
1196,Chandler!,Janice,surprise,positive,124,8,4,15,"0:20:47,251","0:20:47,406",Chandler!,surprise,6,6,surprise,True,0.24936981,0.01822526,0.01919739,0.14692393,0.10289815,0.051092878,0.41229254
1197,Janice!,Chandler,surprise,positive,124,9,4,15,"0:20:49,456","0:20:50,082",Janice!,surprise,6,6,surprise,True,0.19221285,0.01050143,0.01185295,0.08563938,0.03970335,0.03701883,0.62307125
1198,There you are!,Chandler,surprise,positive,124,10,4,15,"0:20:50,082","0:20:51,714",There you are!,surprise,6,3,joy,False,0.010395699,0.000540686,0.00064381235,0.95937335,0.017245844,0.0031616683,0.00863891
1199,There you are!,Chandler,surprise,positive,124,11,4,15,"0:20:51,714","0:20:52,771",There you are!,surprise,6,3,joy,False,0.010395699,0.000540686,0.00064381235,0.95937335,0.017245844,0.0031616683,0.008638915
1200,"I had to have one last kiss, and also-also you said that you were going to leave right after I got on the plane!",Chandler,sadness,negative,124,12,4,15,"00:20:49,456","00:20:56,504","I had to have one last kiss, and also-also you said that you were going to leave right after I got on the plane!",sadness,5,5,sadness,True,0.11937666,0.0067435736,0.03807079,0.08943235,0.051122896,0.62222016,0.07303362
1201,No! No! I wanna see you take-off.,Janice,neutral,neutral,124,13,4,15,"00:20:57,297","00:21:00,883",No! No! I wanna see you take-off.,neutral,4,2,fear,False,0.14338225,0.033179846,0.3307067,0.115100354,0.1786388,0.14210682,0.05688528
1202,"Well, I then guess I’m going to Yemen! I’m going to Yemen!  When we get to Yemen, can I stay with you?",Chandler,joy,positive,124,14,4,15,"00:21:01,677","00:21:12,895","Well, I then guess I’m going to Yemen! I’m going to Yemen!  When we get to Yemen, can I stay with you?",joy,3,3,joy,True,0.049307574,0.0019239248,0.010670372,0.65027463,0.21606025,0.05622433,0.015538895
1203,Hi!,Rachel,joy,positive,125,0,7,4,"0:14:02,424","0:14:03,556",Hi!,joy,3,3,joy,True,0.014340315,0.00074478035,0.0006996317,0.949595,0.019807633,0.0036564504,0.011156241
1204,Hey.,Joey,neutral,neutral,125,1,7,4,"0:14:03,556","0:14:03,854",Hey.,neutral,4,4,neutral,True,0.0041657025,0.0005640411,0.0004378674,0.02318352,0.96792936,0.002450938,0.0012685806
1205,"Hey—Ooh, how’s Hilda? Is she working out?",Phoebe,neutral,neutral,125,2,7,4,"00:14:04,051","00:14:05,760","Hey—Ooh, how’s Hilda? Is she working out?",neutral,4,3,joy,False,0.010057382,0.00079221174,0.0022708494,0.85747445,0.064499944,0.00986065,0.05504458
1206,"Ohh, my new assistant is working out, yes.",Rachel,neutral,neutral,125,3,7,4,"00:14:06,178","00:14:11,391","Ohh, my new assistant is working out, yes.",neutral,4,3,joy,False,0.015597841,0.002946205,0.00927972,0.46251452,0.39939073,0.025370011,0.084900975
1207,Was she happy you gave her the job?,Joey,neutral,neutral,125,4,7,4,"00:14:11,600","00:14:13,226",Was she happy you gave her the job?,neutral,4,3,joy,False,0.24943791,0.012436653,0.018594056,0.3398068,0.19415034,0.16366522,0.021908985
1208,"Oh, my-my new assistant was very happy that I hired my new assistant.",Rachel,neutral,neutral,125,5,7,4,"00:14:13,435","00:14:18,940","Oh, my-my new assistant was very happy that I hired my new assistant.",neutral,4,3,joy,False,0.029642843,0.0027382236,0.010361937,0.75870377,0.048477408,0.07616487,0.07391094
1209,Hello?,Joey,neutral,neutral,125,6,7,4,"00:14:21,110","00:14:22,360",Hello?,neutral,4,4,neutral,True,0.0137682455,0.0010341513,0.002633035,0.011711589,0.94422686,0.0043761004,0.022250054
1210,Oh hey!,Joey,surprise,positive,125,7,7,4,"0:14:22,611","0:14:23,487",Oh hey!,surprise,6,3,joy,False,0.03244986,0.0019551648,0.0026264226,0.7907607,0.0722038,0.010105238,0.08989884
1211,"Can you, can you hang on a second?",Joey,neutral,neutral,125,8,7,4,"0:14:23,487","0:14:25,005","Can you, can you hang on a second?",neutral,4,4,neutral,True,0.18173648,0.07229504,0.029937876,0.03785719,0.611253,0.062026177,0.0048941784
1212,It’s the producers over at Mac and C.H.E.E.S.E.,Joey,neutral,neutral,125,9,7,4,"00:14:25,155","00:14:27,240",It’s the producers over at Mac and C.H.E.E.S.E.,neutral,4,4,neutral,True,0.034939997,0.0036208655,0.0024250252,0.041512117,0.88290954,0.020896642,0.013695893
1213,can you excuse me for a minute?,Joey,neutral,neutral,125,10,7,4,"00:14:27,408","00:14:29,325",can you excuse me for a minute?,neutral,4,4,neutral,True,0.008989766,0.0015830727,0.00218398,0.0072067627,0.9695786,0.0049405824,0.0055171894
1214,"Hey, funny you should call.",Joey,joy,positive,125,11,7,4,"0:14:31,078","0:14:33,010","Hey, funny you should call.",joy,3,3,joy,True,0.014955452,0.0025520935,0.0013233331,0.74386406,0.2279219,0.006488555,0.0028945536
1215,I was just looking over next week’s script.,Joey,neutral,neutral,125,12,7,4,"0:14:33,010","0:14:35,559",I was just looking over next week’s script.,neutral,4,4,neutral,True,0.034866497,0.0044415602,0.009779329,0.089640684,0.7533968,0.07348554,0.03438957
1216,Canceled?!,Joey,surprise,negative,125,13,7,4,"00:14:36,625","00:14:38,001",Canceled?!,surprise,6,0,anger,False,0.41250342,0.010860977,0.032025054,0.06120922,0.07634859,0.09083111,0.31622168
1217,Like they’re taking it off the air?,Joey,surprise,negative,125,14,7,4,"0:14:39,086","0:14:40,797",Like they’re taking it off the air?,surprise,6,0,anger,False,0.64556044,0.09272021,0.019714145,0.026545191,0.02922588,0.036749527,0.1494846
1218,Ohh.,Joey,neutral,neutral,125,15,7,4,"0:14:40,797","0:14:41,528",Ohh.,neutral,4,2,fear,False,0.023885237,0.038168233,0.43367514,0.0958627,0.18806623,0.16611513,0.054227334
1219,"All right, see you Monday.",Joey,neutral,neutral,125,16,7,4,"00:14:43,007","00:14:45,925","All right, see you Monday.",neutral,4,4,neutral,True,0.0069890316,0.0013549005,0.00056151487,0.020275759,0.96617526,0.0039025296,0.0007410095
1220,We’re not even shootin’ them anymore?!!,Joey,surprise,negative,125,17,7,4,"00:14:46,635","00:14:48,720",We’re not even shootin’ them anymore?!!,surprise,6,0,anger,False,0.7396654,0.021245215,0.1062806,0.028500965,0.016933167,0.056066368,0.031308368
1221,"All right, bye!",Joey,anger,negative,125,18,7,4,"00:14:49,722","00:14:51,973","All right, bye!",anger,0,4,neutral,False,0.032201894,0.004303165,0.0031574077,0.26535589,0.6785616,0.014770575,0.0016494567
1222,They canceled Mac and C.H.E.E.S.E!,Joey,anger,negative,125,19,7,4,"00:14:53,225","00:14:54,976",They canceled Mac and C.H.E.E.S.E!,anger,0,0,anger,True,0.5092291,0.018017378,0.01943807,0.05304084,0.08804066,0.22095457,0.091279395
1223,Sorry.,Phoebe,sadness,negative,125,20,7,4,"0:14:55,144","0:14:56,746",Sorry.,sadness,5,4,neutral,False,0.008694377,0.0029099383,0.006787657,0.021791346,0.77297753,0.16812737,0.018711802
1224,I’m sorry Joey.,Rachel,sadness,negative,125,21,7,4,"0:14:56,746","0:14:56,980",I’m sorry Joey.,sadness,5,5,sadness,True,0.012756088,0.004661889,0.014390296,0.020349002,0.20656677,0.7231763,0.018099682
1225,Why would they do that?! It was a good show right?!,Joey,surprise,negative,125,22,7,4,"00:14:57,146","00:14:59,939",Why would they do that?! It was a good show right?!,surprise,6,6,surprise,True,0.15531461,0.008309738,0.015857384,0.1505464,0.043748673,0.04911235,0.5771109
1226,It’s so secluded up here.,Rachel,neutral,neutral,126,0,6,22,"00:10:03,894","00:10:05,645",It’s so secluded up here.,neutral,4,4,neutral,True,0.05414464,0.11241471,0.022248669,0.051884845,0.5551862,0.1720555,0.03206538
1227,I know. I like it up here.,Paul,joy,positive,126,1,6,22,"00:10:06,439","00:10:09,649",I know. I like it up here.,joy,3,3,joy,True,0.034410525,0.016122965,0.0065617193,0.83354115,0.086607575,0.019263556,0.003492427
1228,I feel like we’re the only two people in the world.  Oops. Sorry.,Rachel,joy,positive,126,2,6,22,"00:10:10,109","00:10:12,485",I feel like we’re the only two people in the world.  Oops. Sorry.,joy,3,6,surprise,False,0.02245695,0.013797187,0.029952737,0.07401043,0.13658571,0.16715524,0.5560417
1229,What’s the matter honey? Did you see a little mouse?,Paul,neutral,neutral,126,3,6,22,"00:10:21,495","00:10:26,708",What’s the matter honey? Did you see a little mouse?,neutral,4,4,neutral,True,0.2971651,0.08540709,0.029287176,0.046424147,0.3468004,0.07918681,0.115729325
1230,"No-no! Big bear! Big bear outside! I think I-I—would you—actually, would you go check on that?",Rachel,fear,negative,126,4,6,22,"00:10:26,876","00:10:32,631","No-no! Big bear! Big bear outside! I think I-I—would you—actually, would you go check on that?",fear,2,2,fear,True,0.09427507,0.037091907,0.32817864,0.11218319,0.13765581,0.12034435,0.17027104
1231,"Honey, we don’t have any bears here.",Paul,neutral,neutral,126,5,6,22,"00:10:30,755","00:10:32,631","Honey, we don’t have any bears here.",neutral,4,4,neutral,True,0.01969399,0.0063345507,0.017052567,0.045970414,0.8039018,0.09367282,0.013373922
1232,"Well, okay. Would-would you get me a",Rachel,neutral,neutral,126,6,6,22,"00:10:32,840","00:10:36,468","Well, okay. Would-would you get me a",neutral,4,4,neutral,True,0.030553907,0.0035396602,0.06488723,0.06253553,0.80158836,0.03361087,0.003284456
1233,Okay. I’ll be right back.,Paul,neutral,neutral,126,7,6,22,"00:10:37,678","00:10:40,555",Okay. I’ll be right back.,neutral,4,4,neutral,True,0.017381283,0.001979334,0.0014330988,0.13052344,0.8410481,0.0067998515,0.00083492923
1234,Okay.  What?! What are you doing here?!,Rachel,surprise,negative,126,8,6,22,"0:10:45,186","0:10:46,771",Okay.  What?! What are you doing here?!,surprise,6,6,surprise,True,0.041978743,0.0044032647,0.0070921932,0.011268321,0.019575303,0.008627898,0.9070543
1235,What are,Ross,neutral,neutral,126,9,6,22,"0:10:46,771","0:10:47,665",What are,neutral,4,4,neutral,True,0.018419664,0.0013886738,0.0034696043,0.009942048,0.9328011,0.008345252,0.02563355
1236,I came with Paul!,Rachel,anger,negative,126,10,6,22,"0:10:47,772","0:10:50,914",I came with Paul!,anger,0,3,joy,False,0.06379258,0.0019579541,0.0031072078,0.7270729,0.16528018,0.018093534,0.020695616
1237,"Yeah, I recognize the ankles!",Ross,neutral,neutral,126,11,6,22,"0:10:50,914","0:10:51,293","Yeah, I recognize the ankles!",neutral,4,3,joy,False,0.085719146,0.0079695005,0.006148561,0.3814344,0.12862305,0.01782359,0.37228176
1238,Get up!,Rachel,anger,negative,126,12,6,22,"00:10:51,400","00:10:52,942",Get up!,anger,0,3,joy,False,0.24272233,0.010638356,0.021978876,0.48137414,0.12668577,0.03286802,0.08373248
1239,Here you go honey!,Paul,joy,positive,126,13,6,22,"00:10:53,819","00:10:55,487",Here you go honey!,joy,3,3,joy,True,0.023676746,0.0011825629,0.0029195063,0.8564947,0.083678246,0.012392239,0.01965598
1240,Ahh. Thank you!,Rachel,joy,positive,126,14,6,22,"0:10:55,655","0:10:58,992",Ahh. Thank you!,joy,3,3,joy,True,0.028859224,0.002221874,0.002664304,0.8656187,0.028230345,0.010859279,0.061546236
1241,Diet Coke,Paul,neutral,neutral,126,15,6,22,"0:10:58,992","0:10:59,138",Diet Coke,neutral,4,4,neutral,True,0.05572338,0.067686416,0.008039043,0.14074819,0.68387836,0.03733349,0.0065910057
1242,What the hell was that?!,Rachel,anger,negative,127,0,6,17,"00:08:04,233","00:08:06,443",What the hell was that?!,anger,0,6,surprise,False,0.39975122,0.100441344,0.010387943,0.02147226,0.010106091,0.015555262,0.44228587
1243,A lesson in the importance of unagi.,Ross,neutral,neutral,127,1,6,17,"00:08:06,611","00:08:10,697",A lesson in the importance of unagi.,neutral,4,4,neutral,True,0.026727093,0.008871565,0.004880275,0.08470448,0.8588294,0.013015122,0.0029721078
1244,"Ohh,",Phoebe,neutral,neutral,127,2,6,17,"00:08:12,074","00:08:13,116","Ohh,",neutral,4,2,fear,False,0.023776969,0.027415065,0.4008085,0.10197753,0.22149836,0.14059587,0.08392769
1245,"Perhaps. Now I’m curious, at what point during those girlish screams would you have begun to",Ross,neutral,neutral,127,3,6,17,"00:08:16,120","00:08:25,629","Perhaps. Now I’m curious, at what point during those girlish screams would you have begun to",neutral,4,4,neutral,True,0.034291867,0.00934441,0.042278793,0.027456162,0.76880264,0.021787249,0.096038856
1246,"All right, so we weren’t",Rachel,neutral,neutral,127,4,6,17,"00:08:27,757","00:08:30,550","All right, so we weren’t",neutral,4,4,neutral,True,0.07058935,0.0037244917,0.011225099,0.095105834,0.7634639,0.04199982,0.013891458
1247,"I’m sorry I had to take such drastic measures to make my point, but I—look, I just want you guys to be safe.",Ross,neutral,neutral,127,5,6,17,"00:08:32,011","00:08:37,766","I’m sorry I had to take such drastic measures to make my point, but I—look, I just want you guys to be safe.",neutral,4,2,fear,False,0.09172096,0.010584026,0.41312417,0.0531137,0.10956124,0.30846295,0.01343289
1248,What are you doing?,Brenda,neutral,neutral,128,0,8,7,"00:17:59,953","00:18:03,706",What are you doing?,neutral,4,4,neutral,True,0.010911096,0.0015244213,0.004334866,0.0049652113,0.9510472,0.0034160626,0.023801137
1249,I’m leaning. This is where I lean.,Chandler,neutral,neutral,128,1,8,7,"00:17:59,953","00:18:06,667",I’m leaning. This is where I lean.,neutral,4,3,joy,False,0.07862865,0.008817381,0.004586106,0.49171996,0.39365202,0.01919232,0.0034034986
1250,Okay. (Goes over and fluffs up the pillows on the couch.,Brenda,neutral,neutral,128,2,8,7,"00:18:07,961","00:18:09,670",Okay. (Goes over and fluffs up the pillows on the couch.,neutral,4,4,neutral,True,0.1886602,0.20420092,0.009243245,0.15489562,0.3098925,0.12569188,0.007415652
1251,Brenda a bee!,Chandler,fear,negative,128,3,8,7,"0:18:12,841","0:18:13,759",Brenda a bee!,fear,2,3,joy,False,0.022377614,0.0022023306,0.001650538,0.87506104,0.05517073,0.0063058697,0.037231904
1252,What?,Brenda,surprise,negative,128,4,8,7,"0:18:13,759","0:18:14,373",What?,surprise,6,6,surprise,True,0.024754362,0.003382966,0.010811305,0.007752993,0.24595112,0.00916547,0.6981818
1253,Yes! It’s flown into your blouse and you’d better undo your buttons lest it sting you!,Chandler,anger,negative,128,5,8,7,"00:18:14,468","00:18:19,639",Yes! It’s flown into your blouse and you’d better undo your buttons lest it sting you!,anger,0,3,joy,False,0.39686644,0.015136761,0.045980204,0.40315711,0.063842736,0.044678353,0.030338358
1254,I think I know what’s going on here.,Brenda,disgust,negative,128,6,8,7,"0:18:21,517","0:18:23,369",I think I know what’s going on here.,disgust,1,4,neutral,False,0.09776397,0.01665069,0.18753381,0.07777455,0.45360568,0.057643395,0.10902789
1255,You do?,Chandler,neutral,neutral,128,7,8,7,"0:18:23,369","0:18:25,358",You do?,neutral,4,6,surprise,False,0.058095653,0.006926844,0.0155481715,0.015320218,0.20015654,0.016397117,0.6875555
1256,"Look, I know it must be hard that your wife is a lesbian, but it’s wrong. You’re married.",Brenda,disgust,negative,128,8,8,7,"00:18:25,479","00:18:34,695","Look, I know it must be hard that your wife is a lesbian, but it’s wrong. You’re married.",disgust,1,5,sadness,False,0.0346439,0.0049246326,0.024219096,0.0573618,0.113671035,0.7525794,0.01260022
1257,I totally understand.  Can I,Chandler,neutral,neutral,128,9,8,7,"00:18:34,863","00:18:38,116",I totally understand.  Can I,neutral,4,4,neutral,True,0.01843753,0.0016205289,0.006130916,0.050585248,0.90245575,0.01824102,0.0025289487
1258,"All right, let's do it!",Director,joy,positive,129,0,3,12,"00:17:16,035","00:17:17,201","All right, let's do it!",joy,3,3,joy,True,0.039113667,0.0014930099,0.0023111424,0.8979443,0.04733474,0.00623888,0.005564345
1259,"No, no, no. What was that?",Director,surprise,negative,129,1,3,12,"00:17:35,846","00:17:40,141","No, no, no. What was that?",surprise,6,6,surprise,True,0.075243,0.013802533,0.02026075,0.020530596,0.26350877,0.020719878,0.58593446
1260,"I know, it was the best I could get out of them.",Joey,neutral,neutral,129,2,3,12,"00:17:40,309","00:17:42,894","I know, it was the best I could get out of them.",neutral,4,4,neutral,True,0.039975997,0.011966417,0.081222095,0.1076888,0.61030996,0.14454865,0.004288108
1261,"Well, people!",Director,sadness,negative,129,3,3,12,"0:17:44,438","0:17:45,780","Well, people!",sadness,5,6,surprise,False,0.27205926,0.023583274,0.012612381,0.21334387,0.12967044,0.05769714,0.29103363
1262,"People, people, people.",Joey,neutral,neutral,129,4,3,12,"0:17:45,780","0:17:48,706","People, people, people.",neutral,4,4,neutral,True,0.123428,0.015700817,0.031169375,0.30518153,0.4187633,0.07404628,0.031710643
1263,"Let's try it again, and this time let's watch everybody watch Joey.",Director,neutral,neutral,129,5,3,12,"00:17:48,817","00:17:53,446","Let's try it again, and this time let's watch everybody watch Joey.",neutral,4,4,neutral,True,0.065866746,0.008318962,0.0034019996,0.3188008,0.5729266,0.028323332,0.00236154
1264,Show 'em how it's done.,Director,neutral,neutral,129,6,3,12,"00:17:55,282","00:17:57,200",Show 'em how it's done.,neutral,4,4,neutral,True,0.053063996,0.0075951796,0.0036067641,0.14423308,0.77755064,0.011969527,0.0019808458
1265,Count it off.,Director,neutral,neutral,129,7,3,12,"00:18:02,831","00:18:03,873",Count it off.,neutral,4,4,neutral,True,0.24646668,0.038954765,0.006020649,0.21724884,0.43940768,0.047442667,0.0044587166
1266,So what did he decide? Does your Uncle Nathan get an invite or not?,Emily,neutral,neutral,130,0,4,21,"00:02:28,398","00:02:31,817",So what did he decide? Does your Uncle Nathan get an invite or not?,neutral,4,4,neutral,True,0.01775434,0.001243752,0.004813709,0.04283032,0.9095818,0.019472137,0.0043039727
1267,"Ohh, God, nobody likes him, and he’s so cheap, he’d never fly to London in a million years.",Ross,disgust,negative,130,1,4,21,"00:02:32,026","00:02:38,323","Ohh, God, nobody likes him, and he’s so cheap, he’d never fly to London in a million years.",disgust,1,5,sadness,False,0.054465685,0.11756767,0.060041483,0.046425685,0.038067088,0.5001426,0.18328977
1268,"Yeah, invite him?",Ross,neutral,neutral,130,2,4,21,"00:02:38,533","00:02:39,700","Yeah, invite him?",neutral,4,4,neutral,True,0.009226831,0.0014557639,0.0019483691,0.079509914,0.8979511,0.0074553625,0.002452623
1269,"Hey, did I do these neat enough?",Ross,neutral,neutral,130,3,4,21,"00:02:41,619","00:02:43,537","Hey, did I do these neat enough?",neutral,4,4,neutral,True,0.0075334394,0.0012175218,0.001051096,0.022014266,0.9627695,0.002730762,0.0026833485
1270,"Yeah, they’re fine.",Emily,neutral,neutral,130,4,4,21,"0:02:44,873","0:02:46,255","Yeah, they’re fine.",neutral,4,4,neutral,True,0.008676503,0.0044088745,0.0025807421,0.029751338,0.939434,0.014351389,0.0007971819
1271,Yeah?,Ross,joy,positive,130,5,4,21,"0:02:46,255","0:02:46,751",Yeah?,joy,3,4,neutral,False,0.044267964,0.004174616,0.014962206,0.05144279,0.6884847,0.018331625,0.17833605
1272,"If anyone asks, we’ll just say Ben addressed them.  Oh! So you invited Rachel then?",Emily,surprise,positive,130,6,4,21,"00:02:47,167","00:02:53,088","If anyone asks, we’ll just say Ben addressed them.  Oh! So you invited Rachel then?",surprise,6,3,joy,False,0.06738289,0.0054694735,0.013058887,0.45957112,0.26631522,0.043787517,0.14441489
1273,Sure. Why not?,Ross,neutral,neutral,130,7,4,21,"00:02:53,756","00:02:54,840",Sure. Why not?,neutral,4,4,neutral,True,0.0022951858,0.00084266724,0.0016357847,0.013972174,0.97507554,0.0047609294,0.0014176221
1274,Really?,Emily,surprise,positive,130,8,4,21,"0:02:55,216","0:02:55,884",Really?,surprise,6,6,surprise,True,0.01102862,0.0017802678,0.0017859424,0.0055650487,0.008037833,0.0032488713,0.96855336
1275,Yeah?,Ross,neutral,neutral,130,9,4,21,"0:02:55,884","0:02:56,790",Yeah?,neutral,4,4,neutral,True,0.044267964,0.004174616,0.014962206,0.05144279,0.6884847,0.018331625,0.17833605
1276,I don’t think I’d be comfortable with any of my old lovers there.,Emily,sadness,negative,130,10,4,21,"00:02:56,885","00:03:01,555",I don’t think I’d be comfortable with any of my old lovers there.,sadness,5,5,sadness,True,0.062603876,0.027460156,0.040329807,0.022485714,0.06605353,0.7584317,0.022635236
1277,"Wait-wait-wait, do you, do you think, maybe we shouldn’t invite her?",Ross,fear,negative,130,11,4,21,"00:03:02,140","00:03:04,808","Wait-wait-wait, do you, do you think, maybe we shouldn’t invite her?",fear,2,2,fear,True,0.04819756,0.015105623,0.35079297,0.13241038,0.11498881,0.13690457,0.20160012
1278,"Oh, no-no, y’know I absolutely adore Rachel it’s just that, well it might be a awkward for you.",Emily,sadness,negative,130,12,4,21,"00:03:05,018","00:03:11,857","Oh, no-no, y’know I absolutely adore Rachel it’s just that, well it might be a awkward for you.",sadness,5,5,sadness,True,0.057897862,0.036931753,0.031369917,0.15312001,0.2215234,0.4890638,0.01009332
1279,But it’s absolutely your decision.,Emily,neutral,neutral,130,13,4,21,"00:03:12,317","00:03:14,526",But it’s absolutely your decision.,neutral,4,4,neutral,True,0.35049808,0.012538555,0.038864013,0.14764342,0.36755148,0.07485341,0.008051003
1280,More tea?,Emily,neutral,neutral,130,14,4,21,"0:03:14,986","0:03:15,618",More tea?,neutral,4,4,neutral,True,0.014504062,0.002099801,0.0034924203,0.016414423,0.8026429,0.007067374,0.15377907
1281,Yeah sure.,Ross,neutral,neutral,130,15,4,21,"0:03:15,618","0:03:16,502",Yeah sure.,neutral,4,4,neutral,True,0.011969776,0.0056185164,0.005985504,0.05813255,0.90690625,0.010413525,0.0009738079
1282,Earl Grey?,Emily,neutral,neutral,130,16,4,21,"00:03:18,364","00:03:20,073",Earl Grey?,neutral,4,4,neutral,True,0.04065721,0.0051665385,0.008649379,0.009327709,0.52039975,0.01653879,0.39926058
1283,"Huh? Yeah, fine, invite whoever you want.",Ross,neutral,neutral,130,17,4,21,"00:03:20,283","00:03:22,159","Huh? Yeah, fine, invite whoever you want.",neutral,4,4,neutral,True,0.06608401,0.02707251,0.0092585515,0.20164014,0.66621655,0.024796309,0.004931938
1284,Hi.,Rachel,neutral,neutral,131,0,8,3,"0:21:23,448","0:21:24,116",Hi.,neutral,4,4,neutral,True,0.0017985275,0.00042537056,0.00041535046,0.004251649,0.9911582,0.0015729588,0.00037794615
1285,Hey!,Joey,joy,positive,131,1,8,3,"0:21:24,116","0:21:25,556",Hey!,joy,3,3,joy,True,0.046776004,0.0025122454,0.0019906426,0.75225013,0.15590505,0.008275591,0.032290358
1286,Hey! So how was the doctor?,Phoebe,neutral,neutral,131,2,8,3,"0:21:26,118","0:21:27,290",Hey! So how was the doctor?,neutral,4,4,neutral,True,0.036417253,0.0023099952,0.005987062,0.22469914,0.5852825,0.01958836,0.1257157
1287,"Oh, everything went great.",Rachel,joy,positive,131,3,8,3,"0:21:27,290","0:21:29,298","Oh, everything went great.",joy,3,3,joy,True,0.009561682,0.0009589649,0.0009262945,0.9282051,0.050596327,0.006291406,0.0034602121
1288,Good.,Phoebe,neutral,neutral,131,4,8,3,"0:21:29,496","0:21:29,968",Good.,neutral,4,3,joy,False,0.06491833,0.02081767,0.0033174993,0.6340729,0.25941712,0.014997938,0.0024586201
1289,"Oh hey, show them the picture of your uterus.",Ross,neutral,neutral,131,5,8,3,"0:21:29,968","0:21:32,932","Oh hey, show them the picture of your uterus.",neutral,4,4,neutral,True,0.039739512,0.016525747,0.007257432,0.25001967,0.63435394,0.02299082,0.029112875
1290,Oh.,Phoebe,joy,positive,131,6,8,3,"00:21:36,128","00:21:37,211",Oh.,joy,3,4,neutral,False,0.0090963105,0.008446266,0.025376799,0.06527975,0.787109,0.096221894,0.0084699495
1291,I don’t see the baby. Where is it?,Joey,neutral,neutral,131,7,8,3,"00:21:39,047","00:21:40,673",I don’t see the baby. Where is it?,neutral,4,2,fear,False,0.09690333,0.025855213,0.33638334,0.066617355,0.06611423,0.28968486,0.11844169
1292,"Oh no, I know I couldn’t see it either at first, but it’s right umm…  Ross, I lost it again.",Rachel,joy,positive,131,8,8,3,"00:21:40,882","00:21:48,347","Oh no, I know I couldn’t see it either at first, but it’s right umm…  Ross, I lost it again.",joy,3,5,sadness,False,0.053445634,0.009732653,0.22392893,0.045585074,0.05030054,0.5980803,0.018926967
1295,Could you help me with something?,Phoebe,neutral,neutral,132,0,8,23,"00:14:15,301","00:14:19,722",Could you help me with something?,neutral,4,4,neutral,True,0.012628621,0.0013073615,0.022584757,0.026582945,0.9016047,0.028281802,0.0070097577
1296,The patient I’m looking for has a broken leg and is in a wheelchair.,Phoebe,neutral,neutral,132,1,8,23,"00:14:15,301","00:14:24,268",The patient I’m looking for has a broken leg and is in a wheelchair.,neutral,4,4,neutral,True,0.04214645,0.008168713,0.04455442,0.016649734,0.7473195,0.11751757,0.02364352
1297,"And umm, he’s like early to mid-thirties, very attractive.",Phoebe,neutral,neutral,132,2,8,23,"00:14:19,888","00:14:24,268","And umm, he’s like early to mid-thirties, very attractive.",neutral,4,4,neutral,True,0.012582121,0.00606928,0.0058326325,0.052452713,0.8749137,0.016354961,0.03179458
1298,I think I know who you’re talking about.,Nurse,neutral,neutral,132,3,8,23,"0:14:24,518","0:14:26,400",I think I know who you’re talking about.,neutral,4,6,surprise,False,0.11314024,0.018920314,0.017482426,0.021011408,0.11469757,0.013102949,0.70164514
1299,"Oh yay! Great! Okay, what room number is he in?",Phoebe,joy,positive,132,4,8,23,"0:14:26,400","0:14:29,127","Oh yay! Great! Okay, what room number is he in?",joy,3,3,joy,True,0.009080723,0.0009739468,0.00075849675,0.95950264,0.00988362,0.003622698,0.016177846
1300,"I’m sorry, that information is restricted to hospital staff",Nurse,neutral,neutral,132,5,8,23,"00:14:29,273","00:14:32,067","I’m sorry, that information is restricted to hospital staff",neutral,4,4,neutral,True,0.020777002,0.0070432024,0.0068139816,0.014754079,0.8571785,0.08364137,0.009791764
1301,"Uh, she’s with me.  Dr. Drake Remoray.",Joey,neutral,neutral,132,6,8,23,"0:14:32,234","0:14:34,403","Uh, she’s with me.  Dr. Drake Remoray.",neutral,4,4,neutral,True,0.005038147,0.0006762959,0.0015055946,0.014107428,0.9609701,0.0072485926,0.010453737
1302,Dr. Drake who?,Nurse,neutral,neutral,132,7,8,23,"0:14:34,403","0:14:37,970",Dr. Drake who?,neutral,4,4,neutral,True,0.01860071,0.0015128467,0.004027051,0.007061933,0.72315955,0.00566606,0.23997185
1303,Remoray. It’s Portuguese. We need that information. I’m a doctor.,Joey,neutral,neutral,132,8,8,23,"00:14:38,115","00:14:43,746",Remoray. It’s Portuguese. We need that information. I’m a doctor.,neutral,4,4,neutral,True,0.0027552568,0.0007280836,0.0023629693,0.005321386,0.98351395,0.0030973605,0.0022210737
1304,A doctor at this hospital?,Nurse,surprise,negative,132,9,8,23,"00:14:44,038","00:14:48,042",A doctor at this hospital?,surprise,6,6,surprise,True,0.0724304,0.0071991724,0.01084393,0.00832547,0.1106075,0.017918617,0.7726749
1305,Damnit woman we’re losing precious time! Now do you want this man’s blood on your head?,Joey,anger,negative,132,10,8,23,"00:14:48,208","00:14:50,000",Damnit woman we’re losing precious time! Now do you want this man’s blood on your head?,anger,0,0,anger,True,0.4454333,0.024267169,0.11607711,0.18637592,0.03495584,0.18103671,0.011853957
1306,Hands.,Phoebe,neutral,neutral,132,11,8,23,"0:14:50,127","0:14:50,889",Hands.,neutral,4,4,neutral,True,0.004282385,0.0015709351,0.0010482962,0.004092417,0.9845744,0.0027310075,0.0017006914
1307,Hands!,Joey,neutral,neutral,132,12,8,23,"0:14:50,889","0:14:52,475",Hands!,neutral,4,6,surprise,False,0.30439907,0.017324593,0.013755093,0.22835778,0.08225204,0.030110871,0.3238005
1308,It is absolutely essential that you tell me what room the man my assistant described is staying in.,Joey,neutral,neutral,132,13,8,23,"00:14:52,588","00:14:57,509",It is absolutely essential that you tell me what room the man my assistant described is staying in.,neutral,4,4,neutral,True,0.01297941,0.0013155144,0.003415206,0.02159306,0.95306647,0.006791576,0.0008387636
1309,"He’s a patient of mine, I’ve been treating him for years!",Joey,neutral,neutral,132,14,8,23,"00:14:57,676","00:14:59,887","He’s a patient of mine, I’ve been treating him for years!",neutral,4,0,anger,False,0.71709543,0.036948286,0.0202974,0.060629316,0.03496308,0.077876,0.05219049
1310,He’s in room 816.,Nurse,neutral,neutral,132,15,8,23,"0:15:00,095","0:15:01,517",He’s in room 816.,neutral,4,4,neutral,True,0.004315691,0.0011894437,0.00069404324,0.003305911,0.98389167,0.0027251085,0.0038782847
1311,"816, thank you!",Joey,joy,positive,132,16,8,23,"0:15:01,517","0:15:02,579","816, thank you!",joy,3,3,joy,True,0.028484214,0.0010470991,0.0012759364,0.9087909,0.032164883,0.005934258,0.022302706
1312,Thank you.,Phoebe,neutral,neutral,132,17,8,23,"0:15:02,579","0:15:02,734",Thank you.,neutral,4,4,neutral,True,0.017441776,0.0018293455,0.001181201,0.46387735,0.50105023,0.011479314,0.003140719
1313,And what is his name?,Joey,neutral,neutral,132,18,8,23,"0:15:02,806","0:15:04,183",And what is his name?,neutral,4,4,neutral,True,0.007777091,0.001126066,0.0015812351,0.0036914675,0.9750737,0.004010847,0.006739548
1314,No!,Phoebe,surprise,negative,132,19,8,23,"0:15:04,183","0:15:05,685",No!,surprise,6,2,fear,False,0.19431545,0.11039925,0.32096973,0.07978322,0.046334617,0.13501114,0.113186635
1315,Hi!,Ross,joy,positive,133,0,4,1,"00:00:45,670","00:00:46,795",Hi!,joy,3,3,joy,True,0.0143403085,0.00074477965,0.00069963105,0.949595,0.019807624,0.003656447,0.011156241
1316,Hi!,Rachel and Bonnie,joy,positive,133,1,4,1,"00:00:46,963","00:00:48,464",Hi!,joy,3,3,joy,True,0.0143403085,0.00074477965,0.00069963105,0.949595,0.019807624,0.003656447,0.011156241
1317,Rachel was just helping me out. My head got all sunburned.,Bonnie,neutral,neutral,133,2,4,1,"00:00:50,258","00:00:52,718",Rachel was just helping me out. My head got all sunburned.,neutral,4,5,sadness,False,0.025951961,0.025842367,0.034948226,0.112130016,0.35752442,0.380516,0.06308699
1318,Awww.,Ross,joy,positive,133,3,4,1,"00:00:53,094","00:00:54,470",Awww.,joy,3,4,neutral,False,0.03801194,0.010126695,0.0024795386,0.34395203,0.57209474,0.019999517,0.013335517
1319,Thanks a million.,Bonnie,joy,positive,133,4,4,1,"0:00:55,513","0:00:56,514",Thanks a million.,joy,3,3,joy,True,0.022266323,0.0020631966,0.0010734565,0.7299024,0.22547737,0.015642311,0.003574909
1320,"Oh, you’re welcome a million.",Rachel,joy,positive,133,5,4,1,"0:00:56,514","0:00:58,797","Oh, you’re welcome a million.",joy,3,4,neutral,False,0.10204849,0.019868717,0.010622153,0.33572564,0.38746923,0.07328419,0.07098163
1321,"Okay, I’ll see you in our room.",Bonnie,neutral,neutral,133,6,4,1,"0:00:59,059","0:01:00,241","Okay, I’ll see you in our room.",neutral,4,4,neutral,True,0.020053169,0.004965704,0.0034228903,0.050475612,0.9077086,0.012588028,0.00078598526
1322,Yeah.,Ross,neutral,neutral,133,7,4,1,"0:01:00,241","0:01:01,705",Yeah.,neutral,4,4,neutral,True,0.011395763,0.005739403,0.003721397,0.088560246,0.8772025,0.0124237705,0.0009568354
1323,Oh my God.,Rachel,surprise,positive,133,8,4,1,"00:01:14,449","00:01:15,532",Oh my God.,surprise,6,6,surprise,True,0.020699563,0.008854695,0.0050039594,0.010314301,0.005921491,0.008509924,0.94069606
1324,I know.,Ross,neutral,neutral,133,9,4,1,"00:01:15,700","00:01:17,326",I know.,neutral,4,4,neutral,True,0.0027136076,0.0011535137,0.0013026533,0.010687096,0.9759611,0.0073342454,0.0008477869
1325,"Okay, I gotta go.",Ross,neutral,neutral,133,10,4,1,"0:01:21,206","0:01:22,258","Okay, I gotta go.",neutral,4,4,neutral,True,0.02217786,0.01962671,0.044893485,0.059429556,0.79256076,0.05907569,0.0022359048
1326,Whoa! What?! Why?!,Rachel,surprise,negative,133,11,4,1,"0:01:22,258","0:01:23,938",Whoa! What?! Why?!,surprise,6,6,surprise,True,0.025300108,0.004967058,0.0034759636,0.008130057,0.0059214868,0.005066498,0.94713885
1327,"Well, I-I gotta go break up with Bonnie.",Ross,sadness,negative,133,12,4,1,"00:01:24,042","00:01:26,919","Well, I-I gotta go break up with Bonnie.",sadness,5,5,sadness,True,0.026741436,0.009803534,0.065736175,0.029778028,0.07784314,0.7808169,0.009280688
1328,Here?! Now?!,Rachel,surprise,negative,133,13,4,1,"00:01:27,629","00:01:29,088",Here?! Now?!,surprise,6,0,anger,False,0.47428432,0.02413641,0.022976859,0.044214986,0.03733473,0.039246283,0.35780647
1329,"Well, yeah.",Ross,neutral,neutral,133,14,4,1,"0:01:29,255","0:01:29,767","Well, yeah.",neutral,4,4,neutral,True,0.009922732,0.0041125617,0.0029622405,0.09024559,0.87901235,0.012805358,0.0009391388
1330,"I can’t-I can’t stay here all night, and if I go in there she’s-she’s gonna wanna... do stuff.",Ross,fear,negative,133,15,4,1,"0:01:29,767","0:01:31,517","I can’t-I can’t stay here all night, and if I go in there she’s-she’s gonna wanna... do stuff.",fear,2,2,fear,True,0.064063825,0.018167004,0.61990273,0.04367483,0.05065786,0.18253686,0.020996813
1331,What happened?,Ross,surprise,negative,134,0,4,9,"00:06:06,949","00:06:08,033",What happened?,surprise,6,4,neutral,False,0.03884356,0.003140971,0.015346842,0.014342455,0.5502434,0.019909788,0.35817298
1332,"He’s not gonna make it, he’s stuck in Chicago.",Chandler,sadness,negative,134,1,4,9,"00:06:08,201","00:06:10,285","He’s not gonna make it, he’s stuck in Chicago.",sadness,5,5,sadness,True,0.118660524,0.022089165,0.081421964,0.057671692,0.18246801,0.47419125,0.06349739
1333,"Ohh, man! Chicago, is sooo lucky!",Ross,joy,positive,134,2,4,9,"00:06:10,453","00:06:14,623","Ohh, man! Chicago, is sooo lucky!",joy,3,3,joy,True,0.041781846,0.0037614598,0.007517089,0.6334807,0.039180316,0.050346296,0.22393227
1334,"Stupid, useless Canadian money!",Chandler,anger,negative,134,3,4,9,"00:06:15,333","00:06:19,294","Stupid, useless Canadian money!",anger,0,0,anger,True,0.8589116,0.033384975,0.019689806,0.013500133,0.009033686,0.045441702,0.020038132
1335,"Rachel, one of your customers seems to have left his billfold. A Joshua Bergen.",Mr. Waltham,neutral,neutral,135,0,4,13,"00:21:16,400","00:21:21,195","Rachel, one of your customers seems to have left his billfold. A Joshua Bergen.",neutral,4,4,neutral,True,0.0045879297,0.0016687645,0.0008470855,0.0027057764,0.9784121,0.00324921,0.008529049
1336,Really?,Rachel,surprise,positive,135,1,4,13,"0:21:21,738","0:21:22,490",Really?,surprise,6,6,surprise,True,0.01102862,0.0017802678,0.0017859407,0.005565043,0.00803783,0.00324887,0.96855336
1337,Will you call him?,Mr. Waltham,neutral,neutral,135,2,4,13,"0:21:22,490","0:21:23,744",Will you call him?,neutral,4,4,neutral,True,0.0029250311,0.00059271744,0.0011205429,0.0040172567,0.9861108,0.0025801025,0.0026535534
1338,Yes!,Rachel,joy,positive,135,3,4,13,"0:21:23,865","0:21:24,783",Yes!,joy,3,3,joy,True,0.07686582,0.0036075027,0.007062312,0.7762853,0.0647978,0.018665731,0.05271549
1339,I will!,Rachel,joy,positive,135,4,4,13,"0:21:24,783","0:21:25,159",I will!,joy,3,3,joy,True,0.22023593,0.0044128885,0.018210212,0.5905531,0.1353319,0.022082977,0.009172967
1340,Absolutely!,Rachel,joy,positive,135,5,4,13,"0:21:25,159","0:21:27,017",Absolutely!,joy,3,3,joy,True,0.011342214,0.0007947431,0.00097254605,0.9625058,0.008599362,0.0039616846,0.011823656
1343,Oh my God! That is so good!,Rachel,joy,positive,136,0,4,18,"00:11:09,251","00:11:11,503",Oh my God! That is so good!,joy,3,3,joy,True,0.014489229,0.0016019302,0.0020999901,0.87408274,0.008147999,0.009680128,0.089898035
1344,"I’m full, and yet I know if I stop eating this, I’ll regret it.",Chandler,neutral,neutral,137,0,7,11,"00:11:11,754","00:11:17,258","I’m full, and yet I know if I stop eating this, I’ll regret it.",neutral,4,5,sadness,False,0.08605493,0.033098966,0.06973744,0.025477882,0.048201133,0.7314231,0.006006538
1345,Hey!,Joey,neutral,neutral,137,1,7,11,"0:11:18,886","0:11:19,637",Hey!,neutral,4,3,joy,False,0.046775986,0.0025122433,0.0019906429,0.7522502,0.15590501,0.008275592,0.032290347
1346,Hey!,Rachel,neutral,neutral,137,2,7,11,"0:11:19,637","0:11:20,388",Hey!,neutral,4,3,joy,False,0.046775986,0.0025122433,0.0019906429,0.7522502,0.15590501,0.008275592,0.032290347
1347,What do you got there?,Joey,neutral,neutral,137,3,7,11,"0:11:20,388","0:11:20,906",What do you got there?,neutral,4,6,surprise,False,0.052396,0.0060670865,0.027769968,0.05696079,0.1954266,0.028778085,0.63260156
1348,"Oh it’s umm, it’s tofu cake. Do you want some?",Rachel,neutral,neutral,137,4,7,11,"00:11:21,222","00:11:25,558","Oh it’s umm, it’s tofu cake. Do you want some?",neutral,4,3,joy,False,0.033612795,0.10448792,0.015091681,0.57614225,0.1352096,0.0776705,0.057785314
1349,What are you doing tonight?,Chandler,neutral,neutral,137,5,7,11,"0:11:29,188","0:11:30,250",What are you doing tonight?,neutral,4,4,neutral,True,0.020047987,0.0013634522,0.006402242,0.040975787,0.8651588,0.013893174,0.05215866
1350,Huh? Uh,Joey,neutral,neutral,137,6,7,11,"0:11:30,250","0:11:31,109",Huh? Uh,neutral,4,4,neutral,True,0.017336661,0.0027638997,0.038994536,0.035273314,0.8237235,0.02304337,0.058864728
1351,Dude! Dude!,Chandler,surprise,negative,137,7,7,11,"00:11:31,232","00:11:33,525",Dude! Dude!,surprise,6,3,joy,False,0.061393186,0.013669722,0.0019822768,0.8402864,0.029011711,0.006800201,0.04685656
1352,"Oh!  Sorry. Uh, I’ve got those plans with Phoebe, why?",Joey,neutral,neutral,137,8,7,11,"00:11:34,735","00:11:38,071","Oh!  Sorry. Uh, I’ve got those plans with Phoebe, why?",neutral,4,4,neutral,True,0.048574753,0.006231425,0.050199986,0.15181442,0.3232276,0.19845846,0.2214933
1353,"Oh really? Uh, Monica said she had a date at 9:00.",Chandler,surprise,negative,137,9,7,11,"00:11:38,239","00:11:41,157","Oh really? Uh, Monica said she had a date at 9:00.",surprise,6,6,surprise,True,0.010069478,0.002284387,0.0032216231,0.022551563,0.031420846,0.008630025,0.92182213
1354,What?! Tonight?!,Joey,surprise,negative,137,10,7,11,"0:11:41,325","0:11:42,702",What?! Tonight?!,surprise,6,6,surprise,True,0.015554996,0.0016459655,0.0020585237,0.0046967515,0.007725176,0.0038299072,0.96448874
1355,That’s what Monica said.,Chandler,neutral,neutral,137,11,7,11,"0:11:42,702","0:11:44,114",That’s what Monica said.,neutral,4,4,neutral,True,0.019293291,0.0024734512,0.0028687518,0.0070420858,0.945991,0.008670541,0.013660901
1356,After she gave me that big speech?!,Joey,surprise,negative,137,12,7,11,"00:11:44,203","00:11:45,912",After she gave me that big speech?!,surprise,6,0,anger,False,0.529767,0.024440195,0.010512765,0.017742673,0.016666038,0.028645597,0.37222573
1357,She goes and makes a date with a guy on the same night she has plans with me?,Joey,anger,negative,137,13,7,11,"00:11:46,080","00:11:49,165",She goes and makes a date with a guy on the same night she has plans with me?,anger,0,6,surprise,False,0.053258304,0.00549938,0.008586831,0.0120538175,0.24727686,0.01974073,0.6535841
1358,I think she’s trying to pull a fast one on Big Daddy!,Joey,anger,negative,137,14,7,11,"00:11:49,333","00:11:51,835",I think she’s trying to pull a fast one on Big Daddy!,anger,0,6,surprise,False,0.23851094,0.011981367,0.042402033,0.062356006,0.039689705,0.08147994,0.52358
1359,"Okay, is this lamp in the same place?",Chandler,neutral,neutral,138,0,6,7,"00:15:14,330","00:15:15,914","Okay, is this lamp in the same place?",neutral,4,4,neutral,True,0.0068254396,0.001081031,0.0014776231,0.004197253,0.981632,0.002660324,0.0021263177
1360,Who cares? I repel women.,Ross,disgust,negative,138,1,6,7,"00:15:16,081","00:15:18,708",Who cares? I repel women.,disgust,1,1,disgust,True,0.28050518,0.3304151,0.020471117,0.044809002,0.23306814,0.079872474,0.0108590275
1361,No-no-no-no-no-no-no-no!!! You can't come in here! R-r-r-r-Ross is naked.,Chandler,surprise,negative,138,2,6,7,"00:15:21,128","00:15:25,131",No-no-no-no-no-no-no-no!!! You can't come in here! R-r-r-r-Ross is naked.,surprise,6,2,fear,False,0.09178092,0.040966462,0.378481,0.09221571,0.047197483,0.14853173,0.20082669
1362,What?!,Monica,surprise,negative,138,3,6,7,"00:15:27,885","00:15:29,886",What?!,surprise,6,6,surprise,True,0.020155989,0.0029097213,0.003784888,0.0039373483,0.01901609,0.0043257624,0.9458702
1363,It’s yours!,Jill,neutral,neutral,139,0,6,13,"00:18:46,792","00:18:48,334",It’s yours!,neutral,4,3,joy,False,0.100315675,0.0026408897,0.0029700024,0.78364676,0.09477879,0.011004048,0.00464383
1364,"Yeah well, I’m-I’m a slut.",Rachel,sadness,negative,139,1,6,13,"00:18:49,962","00:18:52,964","Yeah well, I’m-I’m a slut.",sadness,5,1,disgust,False,0.20285214,0.4383581,0.04447689,0.025884558,0.016531654,0.25629312,0.01560351
1365,Me too.,Jill,neutral,neutral,139,2,6,13,"00:18:53,966","00:18:55,258",Me too.,neutral,4,4,neutral,True,0.018742094,0.0032977625,0.004409221,0.18254746,0.7366072,0.051769312,0.00262694
1366,Hi Jill!,Ross,joy,positive,139,3,6,13,"0:18:59,012","0:19:00,013",Hi Jill!,joy,3,3,joy,True,0.012467228,0.000581326,0.0007081565,0.9526911,0.018188575,0.00392096,0.011442688
1367,Hey!,Jill,joy,positive,139,4,6,13,"0:19:00,013","0:19:00,347",Hey!,joy,3,3,joy,True,0.046776004,0.0025122454,0.0019906426,0.75225013,0.15590505,0.008275591,0.032290358
1368,Hi .,Ross,neutral,neutral,139,5,6,13,"0:19:00,347","0:19:00,485",Hi .,neutral,4,4,neutral,True,0.0017985275,0.00042537056,0.00041535046,0.004251649,0.9911582,0.0015729588,0.00037794615
1369,Rachel.,Rachel,neutral,neutral,139,6,6,13,"00:19:03,016","00:19:05,184",Rachel.,neutral,4,4,neutral,True,0.004139517,0.0007029273,0.00048863486,0.003578212,0.9866316,0.00273927,0.0017199521
1370,"Rachel! Well, you-you’re not at home, you’re-you’re-you’re right here.",Ross,surprise,positive,139,7,6,13,"00:19:03,016","00:19:11,440","Rachel! Well, you-you’re not at home, you’re-you’re-you’re right here.",surprise,6,2,fear,False,0.16426146,0.018897695,0.32154256,0.10810553,0.11910852,0.16830325,0.09978105
1371,"Yeah I know, and I bet you thought it would be weird. But it’s not!",Rachel,joy,positive,139,8,6,13,"00:19:10,190","00:19:15,820","Yeah I know, and I bet you thought it would be weird. But it’s not!",joy,3,6,surprise,False,0.1307337,0.0266544,0.05754618,0.21255049,0.18421416,0.09898857,0.2893125
1372,"Okay. So well I’ll umm,  I’ll have her home by midnight.",Ross,neutral,neutral,139,9,6,13,"00:19:21,076","00:19:27,290","Okay. So well I’ll umm,  I’ll have her home by midnight.",neutral,4,4,neutral,True,0.0081471875,0.0018226336,0.0046801786,0.08188479,0.88560575,0.016754642,0.0011047623
1373,That part was perfect for me! I can't believe I didn't get it!,Joey,anger,negative,140,0,5,10,"00:05:48,139","00:05:51,391",That part was perfect for me! I can't believe I didn't get it!,anger,0,3,joy,False,0.039773997,0.0030922466,0.015990175,0.7762173,0.01840226,0.057705954,0.088818125
1374,"I'm sorry, man.",Ross,sadness,negative,140,1,5,10,"00:05:51,559","00:05:53,643","I'm sorry, man.",sadness,5,5,sadness,True,0.015078536,0.008912376,0.026896974,0.022549968,0.22213651,0.6811852,0.023240497
1375,"Hey, y'know what you should do?",Ross,neutral,neutral,140,2,5,10,"00:05:54,062","00:05:55,604","Hey, y'know what you should do?",neutral,4,4,neutral,True,0.105275504,0.008025837,0.016393315,0.072751,0.77144945,0.016582979,0.009521847
1376,You should make something happen for yourself.,Ross,neutral,neutral,140,3,5,10,"00:05:55,772","00:05:58,398",You should make something happen for yourself.,neutral,4,0,anger,False,0.3951559,0.091824695,0.08066837,0.081627026,0.19836915,0.14831634,0.004038537
1377,"Y'know, like-like write a play.",Ross,neutral,neutral,140,4,5,10,"00:05:58,566","00:06:00,817","Y'know, like-like write a play.",neutral,4,4,neutral,True,0.031352818,0.0028309685,0.0030108357,0.15458304,0.8004721,0.006616108,0.0011341913
1378,Write a movie!,Ross,joy,positive,140,5,5,10,"0:06:00,985","0:06:02,367",Write a movie!,joy,3,0,anger,False,0.41019446,0.009717537,0.016695544,0.39992285,0.059623405,0.036361348,0.067484796
1379,Huh?,Ross,neutral,neutral,140,6,5,10,"0:06:02,367","0:06:02,743",Huh?,neutral,4,6,surprise,False,0.048853025,0.004242475,0.011279741,0.018132009,0.24366163,0.0149757145,0.65885544
1380,"I mean, what about those",Ross,neutral,neutral,140,7,5,10,"0:06:02,743","0:06:04,729","I mean, what about those",neutral,4,4,neutral,True,0.0055884863,0.0010941523,0.0016279678,0.014876794,0.9667613,0.008549684,0.001501642
1381,"Come on Ross be realistic, y'know? If I did write something, what are the chances I could get those guys to star in it?",Joey,sadness,negative,140,8,5,10,"00:06:04,781","00:06:12,412","Come on Ross be realistic, y'know? If I did write something, what are the chances I could get those guys to star in it?",sadness,5,2,fear,False,0.2942796,0.02207875,0.33236542,0.058534387,0.20518784,0.076575875,0.010978172
1382,"Wait a second, I could star in it!",Joey,joy,positive,140,9,5,10,"0:06:15,708","0:06:17,730","Wait a second, I could star in it!",joy,3,6,surprise,False,0.12903057,0.0127641335,0.04756386,0.06631965,0.08610226,0.10539008,0.5528295
1383,Or that.,Ross,neutral,neutral,140,10,5,10,"0:06:17,730","0:06:18,888",Or that.,neutral,4,4,neutral,True,0.04114219,0.005516856,0.0052796607,0.04323378,0.88512516,0.017974444,0.0017279729
1384,I can't write!,Joey,anger,negative,140,11,5,10,"00:06:20,880","00:06:23,799",I can't write!,anger,0,2,fear,False,0.15086627,0.019406015,0.2715149,0.07900784,0.06459761,0.23113042,0.18347691
1385,"Y'know I mean I-I-I'm an actor, I don't have the discipline that takes, y'know?",Joey,sadness,negative,140,12,5,10,"00:06:20,880","00:06:27,719","Y'know I mean I-I-I'm an actor, I don't have the discipline that takes, y'know?",sadness,5,2,fear,False,0.27829522,0.039745778,0.36718822,0.07094464,0.15822254,0.060442865,0.025160681
1386,I can't do it.,Joey,sadness,negative,140,13,5,10,"00:06:24,008","00:06:27,719",I can't do it.,sadness,5,5,sadness,True,0.06166081,0.019644367,0.29035738,0.03943623,0.028048912,0.5247811,0.03607114
1387,I'll help you.,Ross,neutral,neutral,140,14,5,10,"00:06:28,471","00:06:29,596",I'll help you.,neutral,4,4,neutral,True,0.0053022685,0.001213173,0.002717656,0.021530049,0.95690334,0.011753527,0.0005799422
1388,"Yeah, I'll make up a schedule and make sure you stick to it.",Ross,neutral,neutral,140,15,5,10,"00:06:29,764","00:06:33,892","Yeah, I'll make up a schedule and make sure you stick to it.",neutral,4,4,neutral,True,0.007292331,0.0017121818,0.0012154087,0.018332532,0.96619076,0.0048738513,0.00038294753
1389,"And plus, it'll give me something to do.",Ross,neutral,neutral,140,16,5,10,"00:06:34,060","00:06:35,769","And plus, it'll give me something to do.",neutral,4,4,neutral,True,0.08262607,0.02433922,0.06797582,0.08148618,0.47376782,0.2665171,0.0032877976
1390,"Soo, ah, Eric, what kind of photography do ya do?",Chandler,neutral,neutral,141,0,6,1,"00:01:12,739","00:01:23,248","Soo, ah, Eric, what kind of photography do ya do?",neutral,4,4,neutral,True,0.009340952,0.0014314682,0.003691185,0.13952428,0.8247514,0.009431468,0.0118292365
1391,"Oh, mostly fashion, so there may be models here from time to time, I hope that’s cool.",Eric,neutral,neutral,141,1,6,1,"00:03:16,905","00:03:22,868","Oh, mostly fashion, so there may be models here from time to time, I hope that’s cool.",neutral,4,4,neutral,True,0.0026162905,0.0007290586,0.0008052009,0.03764122,0.95430446,0.0033111766,0.00059261423
1392,"Yes, that is cool. Because I have models here y'know......never.",Chandler,neutral,neutral,141,2,6,1,"00:09:35,283","00:09:47,627","Yes, that is cool. Because I have models here y'know......never.",neutral,4,3,joy,False,0.035215184,0.01806532,0.011598937,0.5525694,0.31175682,0.05939563,0.011398744
1393,"Oh, yeah, during the summer, I spend most weekends at my sister’s beach house, which you are welcome to use by the way.",Eric,neutral,neutral,141,3,6,1,"00:18:02,414","00:18:14,425","Oh, yeah, during the summer, I spend most weekends at my sister’s beach house, which you are welcome to use by the way.",neutral,4,4,neutral,True,0.0067318873,0.0032638973,0.0011096816,0.026924035,0.9529518,0.008138204,0.0008804844
1394,"Although, I should probably tell you, she’s a porn star.",Eric,neutral,neutral,141,4,6,1,"00:20:18,300","00:20:30,394","Although, I should probably tell you, she’s a porn star.",neutral,4,4,neutral,True,0.05394602,0.073824994,0.01580781,0.10499002,0.5938578,0.06393817,0.093635105
1395,"Well, listen I ah, still have one more person to ah meet, but unless it turns out to be your sister, I think you’re chances are pretty good.",Chandler,neutral,neutral,142,0,3,6,"00:04:30,019","00:04:38,902","Well, listen I ah, still have one more person to ah meet, but unless it turns out to be your sister, I think you’re chances are pretty good.",neutral,4,4,neutral,True,0.03240671,0.0032639753,0.04351719,0.12898508,0.69865346,0.08265737,0.0105162095
1396,All right.,Chandler,neutral,neutral,142,1,3,6,"00:04:39,654","00:04:40,862",All right.,neutral,4,4,neutral,True,0.016544145,0.0033886058,0.0017270948,0.047511145,0.92365724,0.0064149713,0.0007568598
1397,"As bad as that went, I actually enjoyed myself. I think that I’m going to apologize for all of the stupid things I do.",Chandler,neutral,neutral,143,0,7,6,"00:16:17,226","00:16:24,524","As bad as that went, I actually enjoyed myself. I think that I’m going to apologize for all of the stupid things I do.",neutral,4,5,sadness,False,0.09825657,0.2017448,0.0145523045,0.19126877,0.10753227,0.3783707,0.008274603
1398,Why don’t you just stop doing stupid things? Then you wouldn’t have to apologize.,Monica,neutral,neutral,143,1,7,6,"00:16:24,692","00:16:31,656",Why don’t you just stop doing stupid things? Then you wouldn’t have to apologize.,neutral,4,0,anger,False,0.5589741,0.07930992,0.067006655,0.0484193,0.07428507,0.16500257,0.007002369
1399,I would really love it if I could do both.,Chandler,neutral,neutral,143,2,7,6,"00:16:27,486","00:16:31,656",I would really love it if I could do both.,neutral,4,3,joy,False,0.02121505,0.002698927,0.005012892,0.833421,0.11146041,0.023548163,0.002643568
1400,"All right, I…I have to ask.",Monica,sadness,negative,143,3,7,6,"00:16:34,576","00:16:37,662","All right, I…I have to ask.",sadness,5,4,neutral,False,0.023991076,0.0058096037,0.15374668,0.06779727,0.616685,0.07529541,0.056675017
1401,What?,Chandler,neutral,neutral,143,4,7,6,"00:16:37,955","00:16:39,497",What?,neutral,4,6,surprise,False,0.024754364,0.0033829666,0.010811306,0.007752994,0.24595135,0.009165474,0.69818157
1402,Are you gonna break up with me if I get fat again?,Monica,fear,negative,143,5,7,6,"00:16:40,290","00:16:42,709",Are you gonna break up with me if I get fat again?,fear,2,5,sadness,False,0.20926496,0.08461016,0.20795634,0.03547158,0.06341595,0.38840687,0.010874041
1403,What?!,Chandler,surprise,negative,143,6,7,6,"00:16:42,876","00:16:44,085",What?!,surprise,6,6,surprise,True,0.020155989,0.0029097213,0.003784888,0.0039373483,0.01901609,0.0043257624,0.9458702
1404,"Well, you broke up with Julie Grath! How much weight could she have gained?",Monica,anger,negative,143,7,7,6,"00:16:44,243","00:16:47,588","Well, you broke up with Julie Grath! How much weight could she have gained?",anger,0,6,surprise,False,0.30180305,0.02133601,0.01556944,0.03987207,0.06864439,0.14924766,0.40352738
1405,A hundred and forty-five pounds.,Chandler,disgust,negative,143,8,7,6,"00:16:47,756","00:16:50,133",A hundred and forty-five pounds.,disgust,1,6,surprise,False,0.12761769,0.03596252,0.0106719015,0.029883089,0.094453566,0.047413673,0.6539976
1406,"Yes, yes it is. It’s uh…  Every time on the lips! Why?! Why on lips?!",Ross,anger,negative,144,0,7,11,"00:17:14,742","00:17:18,995","Yes, yes it is. It’s uh…  Every time on the lips! Why?! Why on lips?!",anger,0,6,surprise,False,0.20446867,0.028891308,0.015088357,0.28589696,0.045990165,0.038123168,0.3815414
1407,"Here’s Frannie. Hmm, won’t she be happy to see me?",Monica,joy,positive,144,1,7,11,"00:17:22,374","00:17:24,949","Here’s Frannie. Hmm, won’t she be happy to see me?",joy,3,4,neutral,False,0.051745933,0.00564131,0.04448783,0.08593128,0.4702105,0.29699466,0.044988453
1408,"Now wait a minute, you be nice! All right? I didn’t bring you here so you can ambush her.",Ross,anger,negative,144,2,7,11,"00:17:25,127","00:17:29,547","Now wait a minute, you be nice! All right? I didn’t bring you here so you can ambush her.",anger,0,6,surprise,False,0.2548984,0.020493366,0.07439779,0.0937976,0.1381064,0.1568819,0.26142457
1409,Frannie was the one who found your,Monica,neutral,neutral,144,3,7,11,"00:17:29,715","00:17:32,925",Frannie was the one who found your,neutral,4,4,neutral,True,0.19467954,0.0092502525,0.009891727,0.021454798,0.44133762,0.059782404,0.26360372
1410,That bitch!,Ross,anger,negative,144,4,7,11,"00:17:33,093","00:17:34,302",That bitch!,anger,0,0,anger,True,0.6985416,0.14932604,0.008936613,0.044303533,0.0076486846,0.016983248,0.07426029
1411,Monica! What,Frannie,surprise,negative,144,5,7,11,"00:17:39,850","00:17:42,101",Monica! What,surprise,6,6,surprise,True,0.024757909,0.0020310292,0.0028438931,0.0076965294,0.035233535,0.0060305875,0.92140657
1412,Am I doing here? Why? Surprised to see me? Ross brought me. How do you like that?!,Monica,anger,negative,144,6,7,11,"00:17:42,269","00:17:47,482",Am I doing here? Why? Surprised to see me? Ross brought me. How do you like that?!,anger,0,6,surprise,False,0.013328067,0.0019170337,0.0030504772,0.007453082,0.009447271,0.005726705,0.9590774
1413,"Hi Frannie, congratulations.",Ross,neutral,neutral,144,7,7,11,"00:17:47,649","00:17:49,984","Hi Frannie, congratulations.",neutral,4,3,joy,False,0.0098338295,0.00092245854,0.00067663606,0.949193,0.02960912,0.0060767266,0.0036882753
1414,"You invite my brother, you invite my whole family, and not me?!",Monica,anger,negative,144,8,7,11,"0:17:51,862","0:17:54,699","You invite my brother, you invite my whole family, and not me?!",anger,0,0,anger,True,0.78041965,0.016072586,0.058603242,0.038630992,0.036569763,0.050877593,0.018826157
1415,Why?!,Monica,surprise,negative,144,9,7,11,"0:17:54,699","0:17:55,227",Why?!,surprise,6,6,surprise,True,0.037712812,0.0045444015,0.0066901706,0.0059336927,0.054823,0.008588855,0.881707
1416,What—Why wouldn’t you want me at your wedding?,Monica,anger,negative,144,10,7,11,"00:17:55,324","00:17:57,075",What—Why wouldn’t you want me at your wedding?,anger,0,6,surprise,False,0.18080044,0.016457645,0.08746301,0.08229421,0.19582474,0.106230006,0.3309299
1417,What could I have possibly done?!,Monica,anger,negative,144,11,7,11,"00:17:57,242","00:17:58,743",What could I have possibly done?!,anger,0,0,anger,True,0.38093638,0.015860442,0.14046578,0.07394326,0.06826452,0.12777278,0.19275688
1418,Stuart!,Monica,anger,negative,144,12,7,11,"00:18:00,662","00:18:02,246",Stuart!,anger,0,6,surprise,False,0.30811575,0.017697318,0.018048758,0.12998365,0.062381443,0.04728266,0.4164904
1419,I believe you know my husband.,Frannie,neutral,neutral,144,13,7,11,"00:18:03,165","00:18:05,166",I believe you know my husband.,neutral,4,4,neutral,True,0.15460947,0.0149821555,0.018734956,0.08114761,0.51394355,0.045576546,0.1710058
1420,So it’s really a question of,Ross,neutral,neutral,144,14,7,11,"00:18:06,585","00:18:10,755",So it’s really a question of,neutral,4,4,neutral,True,0.014889797,0.0025521417,0.012511353,0.011060627,0.92250204,0.011959001,0.024525005
1421,Hey ladies! What are you in here for?,Chandler,neutral,neutral,145,0,5,21,"00:05:54,145","00:05:55,812",Hey ladies! What are you in here for?,neutral,4,3,joy,False,0.023504868,0.001495136,0.0014062638,0.7105256,0.23040093,0.006014281,0.026652884
1422,"Hey Chandler, what are you doing here?",Gary,surprise,positive,145,1,5,21,"00:06:00,818","00:06:02,402","Hey Chandler, what are you doing here?",surprise,6,6,surprise,True,0.03314761,0.0020253214,0.006123317,0.025518842,0.31360295,0.008947517,0.6106345
1423,"Gary, I'm here to report a crime.",Chandler,neutral,neutral,145,2,5,21,"0:06:02,570","0:06:04,197","Gary, I'm here to report a crime.",neutral,4,4,neutral,True,0.037408374,0.0046310043,0.0023922822,0.020227408,0.92637265,0.0060287802,0.0029395286
1424,Yeah?,Gary,surprise,positive,145,3,5,21,"0:06:04,197","0:06:04,667",Yeah?,surprise,6,4,neutral,False,0.044267975,0.004174617,0.014962203,0.051442828,0.6884849,0.018331632,0.17833589
1425,It is a crime that you and I don't spend more time together.,Chandler,neutral,neutral,145,4,5,21,"00:06:04,781","00:06:06,948",It is a crime that you and I don't spend more time together.,neutral,4,5,sadness,False,0.32771492,0.08557648,0.03351096,0.016419832,0.0279982,0.49553064,0.013248914
1426,What's up?,Gary,neutral,neutral,145,5,5,21,"00:06:07,116","00:06:08,492",What's up?,neutral,4,4,neutral,True,0.018877188,0.0015653472,0.0020125764,0.18357491,0.7827256,0.008895347,0.00234903
1427,"Well, I heard that you thinking about asking Phoebe to move in with you and I thought maybe, we should have a talk.",Chandler,neutral,neutral,145,6,5,21,"0:06:10,036","0:06:14,750","Well, I heard that you thinking about asking Phoebe to move in with you and I thought maybe, we should have a talk.",neutral,4,4,neutral,True,0.015291774,0.0028849181,0.009245208,0.032884046,0.87323856,0.04547129,0.02098414
1428,"Man to uh, me.",Chandler,neutral,neutral,145,7,5,21,"0:06:14,750","0:06:17,452","Man to uh, me.",neutral,4,4,neutral,True,0.008764038,0.028141893,0.006764042,0.022311207,0.90591913,0.023392241,0.0047074673
1429,Sure. Okay.,Gary,neutral,neutral,145,8,5,21,"00:06:18,211","00:06:19,836",Sure. Okay.,neutral,4,4,neutral,True,0.009116895,0.0038665019,0.0031317412,0.07230748,0.9015833,0.0092036715,0.00079039286
1430,"Uh, are you crazy? Are you insane? If you live with Phoebe, you two are gonna be y'know, live-living together!",Chandler,surprise,positive,145,9,5,21,"00:06:20,421","00:06:28,136","Uh, are you crazy? Are you insane? If you live with Phoebe, you two are gonna be y'know, live-living together!",surprise,6,6,surprise,True,0.36688605,0.048910633,0.03375888,0.02953486,0.019142468,0.03274016,0.46902695
1431,"Yeah, I-I considered that. I just know it would make me happy.",Gary,neutral,neutral,145,10,5,21,"00:06:28,554","00:06:30,806","Yeah, I-I considered that. I just know it would make me happy.",neutral,4,4,neutral,True,0.09474197,0.01287997,0.24761985,0.13299587,0.31359816,0.18537445,0.012789753
1432,You mean scared.,Chandler,neutral,neutral,145,11,5,21,"0:06:30,973","0:06:32,155",You mean scared.,neutral,4,2,fear,False,0.07911744,0.06744774,0.65147465,0.042081773,0.08866776,0.05032262,0.020887975
1433,"No, I mean happy.",Gary,neutral,neutral,145,12,5,21,"0:06:32,155","0:06:33,363","No, I mean happy.",neutral,4,4,neutral,True,0.20170625,0.03004211,0.02852833,0.28131953,0.31679273,0.13808262,0.0035284576
1434,"Hey! Oh listen, I was just clearing some space for your stuff.",Ross,joy,positive,146,0,6,3,"00:12:00,928","00:12:03,304","Hey! Oh listen, I was just clearing some space for your stuff.",joy,3,4,neutral,False,0.15697195,0.0125410305,0.021567758,0.2224724,0.40589705,0.09812478,0.08242492
1435,"Oh thanks, but listen, I was just at Monica’s and she and Chandler had a big fight and they’re not moving in.",Rachel,sadness,negative,146,1,6,3,"00:12:03,472","00:12:09,686","Oh thanks, but listen, I was just at Monica’s and she and Chandler had a big fight and they’re not moving in.",sadness,5,4,neutral,False,0.02269431,0.0037758925,0.012668105,0.0864716,0.7127519,0.15195152,0.009686642
1436,"What do you mean, they’re not moving in? They-they’re still moving in right?",Ross,surprise,negative,146,2,6,3,"00:12:09,854","00:12:14,315","What do you mean, they’re not moving in? They-they’re still moving in right?",surprise,6,6,surprise,True,0.08356569,0.01873658,0.10148489,0.0745382,0.17229912,0.07352146,0.47585404
1437,"No-no, they just had a big blowout over what to do with my room.",Rachel,neutral,neutral,146,3,6,3,"00:12:15,025","00:12:18,653","No-no, they just had a big blowout over what to do with my room.",neutral,4,0,anger,False,0.4763957,0.057958357,0.011547364,0.071882784,0.04120717,0.12653995,0.21446867
1438,What?! Over a stupid room!,Ross,surprise,negative,146,4,6,3,"00:12:18,821","00:12:21,489",What?! Over a stupid room!,surprise,6,0,anger,False,0.6821696,0.055088647,0.03792079,0.016511166,0.012954091,0.055417836,0.13993782
1439,"Yeah, I feel kinda bad for them, but I’m also really psyched ‘cause I don’t have to move in here!",Rachel,joy,positive,146,5,6,3,"00:12:21,657","00:12:26,119","Yeah, I feel kinda bad for them, but I’m also really psyched ‘cause I don’t have to move in here!",joy,3,3,joy,True,0.06461008,0.003213875,0.006473288,0.8079812,0.049539316,0.033313856,0.034868374
1440,"Oh no, yeah no, that part’s great!",Ross,joy,positive,146,6,6,3,"00:12:26,287","00:12:28,913","Oh no, yeah no, that part’s great!",joy,3,3,joy,True,0.027000058,0.002923098,0.005292885,0.8500582,0.0475492,0.016856965,0.050319605
1442,Shut-out!!,Chandler,surprise,negative,147,0,1,12,"00:22:01,820","00:22:03,112",Shut-out!!,surprise,6,0,anger,False,0.80607516,0.027625049,0.022480285,0.05803778,0.009906646,0.024624342,0.05125075
1443,"Where are you guys going? Come on, one more game!",Monica,surprise,negative,147,1,1,12,"00:22:06,491","00:22:09,118","Where are you guys going? Come on, one more game!",surprise,6,3,joy,False,0.18419808,0.004829511,0.018524049,0.4542179,0.21325067,0.04480635,0.08017345
1444,"Uh, it's 2:30 in the morning!",Joey,sadness,negative,147,2,1,12,"0:22:09,286","0:22:12,540","Uh, it's 2:30 in the morning!",sadness,5,4,neutral,False,0.12572056,0.005753778,0.009266965,0.24951942,0.38854194,0.04144127,0.17975602
1445,"Yeah, get out!",Chandler,anger,negative,147,3,1,12,"0:22:12,540","0:22:12,681","Yeah, get out!",anger,0,0,anger,True,0.7480418,0.014749967,0.034223128,0.13770661,0.03156003,0.021495512,0.012222981
1446,You guys are always hanging out in my apartment!,Monica,anger,negative,147,4,1,12,"00:22:12,998","00:22:16,000",You guys are always hanging out in my apartment!,anger,0,0,anger,True,0.47596171,0.33005884,0.009362085,0.020422677,0.017099034,0.112657785,0.034437895
1447,"Come on, I'll only use my left hand, huh?",Monica,anger,negative,147,5,1,12,"0:22:16,168","0:22:18,140","Come on, I'll only use my left hand, huh?",anger,0,4,neutral,False,0.033155713,0.0047524334,0.0043989997,0.014669927,0.91530937,0.017144,0.010569522
1448,"Come on, wussies!",Monica,anger,negative,147,6,1,12,"0:22:18,140","0:22:18,772","Come on, wussies!",anger,0,0,anger,True,0.5684003,0.13756658,0.014755132,0.16015637,0.03346102,0.055749495,0.029911082
1449,"All right, ok, I gotta go.",Monica,neutral,neutral,147,7,1,12,"00:22:24,760","00:22:27,386","All right, ok, I gotta go.",neutral,4,4,neutral,True,0.0320206,0.019847175,0.09586152,0.083060846,0.7070317,0.059323486,0.0028546562
1450,"I'm going,  and I'm gone.",Monica,neutral,neutral,147,8,1,12,"00:22:27,554","00:22:30,931","I'm going,  and I'm gone.",neutral,4,0,anger,False,0.43554,0.028329305,0.046379317,0.10286855,0.18058419,0.19940777,0.0068908585
1451,One more game?,Chandler,neutral,neutral,147,9,1,12,"0:22:33,352","0:22:33,895",One more game?,neutral,4,6,surprise,False,0.1627193,0.013177723,0.023019504,0.023650477,0.22690983,0.069083296,0.48143992
1452,Oh yeah!,Joey,joy,positive,147,10,1,12,"0:22:33,895","0:22:35,241",Oh yeah!,joy,3,3,joy,True,0.06878668,0.004848764,0.0047544865,0.78580594,0.076300725,0.013867792,0.04563566
1453,I’m sorry.,Janice,sadness,negative,148,0,3,3,"00:19:31,545","00:19:32,879",I’m sorry.,sadness,5,5,sadness,True,0.010269934,0.00379696,0.025234738,0.022244643,0.1696033,0.74590284,0.022947552
1454,Ohhh. Don’t go.,Chandler,sadness,negative,149,0,3,5,"00:19:37,467","00:19:39,594",Ohhh. Don’t go.,sadness,5,2,fear,False,0.055309903,0.021592584,0.34263164,0.12202512,0.13400578,0.20696059,0.11747434
1455,"No, I-I-I gotta go.",Janice,sadness,negative,149,1,3,5,"00:19:40,262","00:19:41,929","No, I-I-I gotta go.",sadness,5,2,fear,False,0.04102342,0.016256656,0.58604586,0.08585788,0.13105845,0.12210445,0.017653247
1456,No. No! No! No!,Chandler,sadness,negative,149,2,3,5,"00:19:42,764","00:19:46,309",No. No! No! No!,sadness,5,2,fear,False,0.17148286,0.12555368,0.37082505,0.080726594,0.04317854,0.12358938,0.0846439
1457,"Honey, honey, people are looking.",Janice,sadness,negative,150,0,3,8,"00:19:48,687","00:19:51,063","Honey, honey, people are looking.",sadness,5,4,neutral,False,0.0030898463,0.0006239146,0.0008238862,0.005909398,0.98630685,0.0019402993,0.0013058009
1458,I don’t care!  I don’t care!!,Chandler,anger,negative,150,1,3,8,"00:19:48,687","00:19:53,608",I don’t care!  I don’t care!!,anger,0,0,anger,True,0.69530684,0.066300295,0.10437182,0.024131278,0.01357777,0.077643536,0.018668443
1459,"Yeah, um, I’m, I’m leaving now.",Janice,sadness,negative,150,2,3,8,"00:19:54,151","00:19:58,696","Yeah, um, I’m, I’m leaving now.",sadness,5,4,neutral,False,0.047053527,0.013652105,0.13290794,0.063240804,0.5969596,0.14335616,0.0028297806
1460,You can’t leave! I have your shoe!,Chandler,sadness,negative,150,3,3,8,"00:20:01,158","00:20:03,743",You can’t leave! I have your shoe!,sadness,5,0,anger,False,0.4906007,0.02294627,0.2070417,0.04741151,0.025416968,0.1525541,0.054028697
1461,Good-bye Chandler Bing.,Janice,sadness,negative,150,4,3,8,"00:20:07,497","00:20:09,832",Good-bye Chandler Bing.,sadness,5,4,neutral,False,0.017105648,0.002727099,0.0017755968,0.30798066,0.6378985,0.030006891,0.00250555
1462,Rachel has those in burgendy.,Gunther,neutral,neutral,150,5,3,8,"00:20:21,303","00:20:23,095",Rachel has those in burgendy.,neutral,4,4,neutral,True,0.0052404557,0.0014519725,0.0006985155,0.006541901,0.9777966,0.0059898067,0.002280774
1463,"Oh, ew!",Phoebe,disgust,negative,151,0,3,2,"00:07:09,637","00:07:10,679","Oh, ew!",disgust,1,1,disgust,True,0.03949495,0.8373848,0.012047559,0.026227815,0.0065267235,0.03665156,0.04166659
1464,What?,Frank,neutral,neutral,151,1,3,2,"00:07:10,847","00:07:11,847",What?,neutral,4,6,surprise,False,0.024754364,0.0033829666,0.010811306,0.007752994,0.24595135,0.009165474,0.69818157
1465,Yeah I know what I wanted to ask you.,Phoebe,neutral,neutral,151,2,3,2,"0:07:11,847","0:07:14,337",Yeah I know what I wanted to ask you.,neutral,4,4,neutral,True,0.008351508,0.001879542,0.007926619,0.023194067,0.94284385,0.009701469,0.0061030006
1466,"Um, can you roll your tongue?",Phoebe,neutral,neutral,151,3,3,2,"0:07:14,337","0:07:14,504","Um, can you roll your tongue?",neutral,4,1,disgust,False,0.18091907,0.59925646,0.011224818,0.11324431,0.044524867,0.036071137,0.014759239
1467,"Because I can, and my Mom couldn’t, and I thought y'know, I figured that was something I got from our Dad.",Phoebe,neutral,neutral,152,0,3,5,"00:07:15,393","00:07:22,065","Because I can, and my Mom couldn’t, and I thought y'know, I figured that was something I got from our Dad.",neutral,4,5,sadness,False,0.052803017,0.0065092715,0.02621057,0.05821454,0.3815359,0.46634912,0.008377553
1468,"What, wait, you mean like this?",Frank,neutral,neutral,152,1,3,5,"00:07:22,233","00:07:25,610","What, wait, you mean like this?",neutral,4,6,surprise,False,0.020910209,0.0058491197,0.014913932,0.012745734,0.061934594,0.015111255,0.86853516
1469,"Yeah, yeah. You can do it to.",Phoebe,surprise,positive,152,2,3,5,"00:07:25,778","00:07:27,070","Yeah, yeah. You can do it to.",surprise,6,4,neutral,False,0.029420644,0.012321234,0.0074295206,0.13728045,0.7981278,0.014181997,0.0012384017
1470,Your not doing it.,Frank,neutral,neutral,152,3,3,5,"00:07:29,240","00:07:30,532",Your not doing it.,neutral,4,0,anger,False,0.59733605,0.091229916,0.057974316,0.030604478,0.03206025,0.16440172,0.026393253
1471,"Oh right, yeah okay, my Mom could, and I can’t. We don’t have that....",Phoebe,neutral,neutral,152,4,3,5,"00:07:30,700","00:07:37,998","Oh right, yeah okay, my Mom could, and I can’t. We don’t have that....",neutral,4,5,sadness,False,0.086114585,0.017077407,0.31893694,0.056280565,0.05865754,0.4396487,0.02328425
1472,Where there is no fear of commitment.,Ross,neutral,neutral,153,0,3,4,"00:07:26,696","00:07:29,948",Where there is no fear of commitment.,neutral,4,4,neutral,True,0.013411798,0.0019617628,0.0031630795,0.03428115,0.9416368,0.0048291474,0.00071621087
1473,Do we have any... Do we have any thoughts here?,Chandler,neutral,neutral,153,1,3,4,"00:07:30,116","00:07:32,075",Do we have any... Do we have any thoughts here?,neutral,4,4,neutral,True,0.115070514,0.02454949,0.21771593,0.08479362,0.43892848,0.058649145,0.06029282
1474,"Well, I've never been through the tunnel myself, 'cause as I understand it, you're not allowed to go through with more than one girl in the car, right.",Joey,neutral,neutral,153,2,3,4,"00:07:38,458","00:07:44,629","Well, I've never been through the tunnel myself, 'cause as I understand it, you're not allowed to go through with more than one girl in the car, right.",neutral,4,4,neutral,True,0.07320496,0.05373743,0.022227904,0.041036867,0.70684636,0.07173156,0.03121491
1475,"But, it seems to me it's pretty much like anything else, you know, face your fear.",Joey,neutral,neutral,153,3,3,4,"00:07:46,883","00:07:51,178","But, it seems to me it's pretty much like anything else, you know, face your fear.",neutral,4,2,fear,False,0.11266462,0.020552972,0.59511614,0.050399046,0.13008602,0.077249944,0.013931229
1476,"It have a fear of heights, you go to the top of the building!",Joey,fear,negative,153,4,3,4,"00:07:51,387","00:07:54,389","It have a fear of heights, you go to the top of the building!",fear,2,4,neutral,False,0.2263908,0.014790351,0.03557506,0.083417945,0.5809139,0.03819188,0.02072005
1477,If you're afraid of bugs.....get a bug.,Joey,neutral,neutral,153,5,3,4,"00:07:54,557","00:07:58,435",If you're afraid of bugs.....get a bug.,neutral,4,2,fear,False,0.12276555,0.10290112,0.5100075,0.048431702,0.12409184,0.07504453,0.01675775
1478,Right.,Joey,neutral,neutral,153,6,3,4,"00:07:59,645","00:08:01,062",Right.,neutral,4,4,neutral,True,0.038228888,0.006034486,0.0021497023,0.09664927,0.84532034,0.010254484,0.0013628304
1479,"In this case, you have a fear of commitment, so I say you go in there and be the most committed guy there ever was.",Joey,neutral,neutral,153,7,3,4,"00:08:01,230","00:08:07,694","In this case, you have a fear of commitment, so I say you go in there and be the most committed guy there ever was.",neutral,4,4,neutral,True,0.1589149,0.014561515,0.022840645,0.08894996,0.6899952,0.021510234,0.0032274814
1480,"Amazingly, that makes sense.",Rachel,joy,positive,153,8,3,4,"00:08:07,862","00:08:10,113","Amazingly, that makes sense.",joy,3,0,anger,False,0.306065,0.08862613,0.037120424,0.12613633,0.14814651,0.16680542,0.12710018
1481,You think?,Chandler,neutral,neutral,153,9,3,4,"00:08:10,990","00:08:14,075",You think?,neutral,4,6,surprise,False,0.056095075,0.0074037327,0.019376462,0.036441207,0.33758453,0.02208246,0.52101654
1482,"Oh, yeah. Go for it man, jump off the high dive, stare down the barrel of the gun, pee into the wind!",Joey,joy,positive,153,10,3,4,"00:08:14,243","00:08:19,247","Oh, yeah. Go for it man, jump off the high dive, stare down the barrel of the gun, pee into the wind!",joy,3,0,anger,False,0.4350606,0.076804236,0.03190695,0.2833587,0.1200666,0.03400057,0.018802408
1483,"Yeah, Joe, I assure you if I'm staring down the barrel of a gun, I'm pretty much peeing every which way.",Chandler,fear,negative,153,11,3,4,"00:08:21,000","00:08:26,713","Yeah, Joe, I assure you if I'm staring down the barrel of a gun, I'm pretty much peeing every which way.",fear,2,1,disgust,False,0.17613126,0.5414004,0.048595842,0.05321702,0.12150555,0.050883397,0.00826649
1484,Hey!  Hey!,Mona,joy,positive,154,0,8,11,"00:01:55,865","00:01:57,324",Hey!  Hey!,joy,3,3,joy,True,0.04165695,0.0021599277,0.002212347,0.7777049,0.1257842,0.009257025,0.04122471
1485,Hi!,Ross,joy,positive,154,1,8,11,"00:01:57,492","00:01:58,909",Hi!,joy,3,3,joy,True,0.0143403085,0.00074478035,0.0006996317,0.949595,0.019807633,0.0036564504,0.011156246
1486,Hi! Look! I got our pictures developed from Rockefeller Center.,Mona,joy,positive,154,2,8,11,"00:01:57,492","00:02:00,953",Hi! Look! I got our pictures developed from Rockefeller Center.,joy,3,3,joy,True,0.01611946,0.00071617315,0.0009509819,0.93271506,0.036914606,0.006140384,0.0064433487
1487,"Oh great! Hey-hey Joey, do you want to check out pictures of me and Mona ice skating?",Ross,joy,positive,154,3,8,11,"00:02:01,121","00:02:04,706","Oh great! Hey-hey Joey, do you want to check out pictures of me and Mona ice skating?",joy,3,3,joy,True,0.013891342,0.001369462,0.0017203559,0.91559356,0.034236446,0.0068077547,0.02638109
1488,"Oh uh, ordinarily I would love too, but I am just swamped right now.",Joey,neutral,neutral,154,4,8,11,"00:02:04,874","00:02:11,130","Oh uh, ordinarily I would love too, but I am just swamped right now.",neutral,4,4,neutral,True,0.0404008,0.0064531486,0.017612148,0.09750956,0.6669258,0.16440196,0.006696631
1489,Hey where-where are the pictures that creepy pretzel vendor took of us together?,Ross,neutral,neutral,154,5,8,11,"00:02:15,593","00:02:19,338",Hey where-where are the pictures that creepy pretzel vendor took of us together?,neutral,4,4,neutral,True,0.013748597,0.0028829814,0.002086253,0.022789977,0.9416748,0.006698624,0.010118697
1490,"Oh yeah, probably at the end.  Oh my God! He only took pictures of my breasts!",Mona,surprise,negative,154,6,8,11,"00:02:19,556","00:02:26,311","Oh yeah, probably at the end.  Oh my God! He only took pictures of my breasts!",surprise,6,6,surprise,True,0.040147927,0.02230686,0.006092476,0.010224344,0.014124504,0.012279783,0.8948241
1491,I’m missin’ picture time?!,Joey,joy,positive,154,7,8,11,"00:02:26,479","00:02:28,230",I’m missin’ picture time?!,joy,3,5,sadness,False,0.16657771,0.011785451,0.06661189,0.04138754,0.055705663,0.5682747,0.08965703
1492,Y’know she has a face Ross!,Phoebe,anger,negative,154,8,8,11,"00:02:33,528","00:02:36,029",Y’know she has a face Ross!,anger,0,4,neutral,False,0.055611752,0.0030628731,0.0028437623,0.35934964,0.53162944,0.011685448,0.035817057
1493,"Okay. Okay, here’s a good one of us.",Mona,joy,positive,154,9,8,11,"0:02:37,407","0:02:39,039","Okay. Okay, here’s a good one of us.",joy,3,4,neutral,False,0.017288499,0.003219338,0.0012852489,0.3637742,0.60450274,0.0085914405,0.0013385148
1494,Wow!,Ross,joy,positive,154,10,8,11,"0:02:39,039","0:02:40,641",Wow!,joy,3,6,surprise,False,0.01698901,0.003214217,0.001962888,0.009305553,0.0035777916,0.0040209186,0.96092963
1495,That is a good one!,Ross,joy,positive,154,11,8,11,"0:02:40,641","0:02:41,920",That is a good one!,joy,3,3,joy,True,0.06689826,0.0034164994,0.003466759,0.8455547,0.029837096,0.013720087,0.037106585
1496,"Wow, it looks like a, like a holiday card y’know, with the tree in the middle and the skaters and the snow.",Ross,joy,positive,154,12,8,11,"00:02:41,995","00:02:48,292","Wow, it looks like a, like a holiday card y’know, with the tree in the middle and the skaters and the snow.",joy,3,6,surprise,False,0.02358773,0.003705185,0.0031494088,0.025802305,0.011743004,0.012315544,0.9196968
1497,"Y’know, every year I say I’m gonna send out holiday cards and I never do it.",Mona,neutral,neutral,154,13,8,11,"00:02:48,459","00:02:51,086","Y’know, every year I say I’m gonna send out holiday cards and I never do it.",neutral,4,5,sadness,False,0.08698431,0.06279869,0.082614526,0.028842164,0.097328186,0.63598406,0.005448187
1498,"Do you wanna, do you wanna send this one out together?",Mona,neutral,neutral,154,14,8,11,"00:02:51,254","00:02:53,714","Do you wanna, do you wanna send this one out together?",neutral,4,4,neutral,True,0.037616342,0.0031478405,0.04518779,0.07674242,0.80458397,0.028305396,0.0044161966
1499,Together? Like-like to people?,Ross,surprise,negative,154,15,8,11,"00:02:58,303","00:03:01,638",Together? Like-like to people?,surprise,6,6,surprise,True,0.17823522,0.07929757,0.05456487,0.09561973,0.12921917,0.12072781,0.34233567
1500,"Yeah, y’know. Happy holidays from Mona and Ross. It’ll be cute, okay?",Mona,joy,positive,154,16,8,11,"00:03:01,806","00:03:05,559","Yeah, y’know. Happy holidays from Mona and Ross. It’ll be cute, okay?",joy,3,4,neutral,False,0.0350804,0.0022204062,0.002825615,0.20547907,0.73424333,0.01774867,0.0024025769
1501,Okay.,Ross,joy,positive,154,17,8,11,"00:03:05,727","00:03:08,353",Okay.,joy,3,4,neutral,False,0.0075764908,0.0018695078,0.0009824752,0.04457576,0.94050366,0.0039436813,0.00054840284
1502,"Oh, I gotta get to work. So call me later?",Mona,neutral,neutral,154,18,8,11,"0:03:08,521","0:03:10,833","Oh, I gotta get to work. So call me later?",neutral,4,4,neutral,True,0.0043701944,0.0007114246,0.0020796766,0.0372459,0.94549465,0.008812949,0.0012852699
1503,"Uh sure, sure.",Ross,neutral,neutral,154,19,8,11,"0:03:10,833","0:03:11,359","Uh sure, sure.",neutral,4,4,neutral,True,0.006804706,0.0031299605,0.016054606,0.040754005,0.9182045,0.014040157,0.0010120169
1504,Bye guys.,Mona,neutral,neutral,154,20,8,11,"00:03:11,482","00:03:12,858",Bye guys.,neutral,4,4,neutral,True,0.007937963,0.0028322015,0.0018230035,0.03772977,0.9368893,0.012053001,0.00073471986
1505,"I mean, I don’t feel like I even have a girlfriend anymore.",Ross,anger,negative,155,0,3,15,"00:11:51,961","00:11:54,587","I mean, I don’t feel like I even have a girlfriend anymore.",anger,0,5,sadness,False,0.043985974,0.0121687995,0.052197326,0.014434891,0.022564191,0.8406655,0.013983253
1506,You want me to just quit my job so that you can feel like you’ve got a girlfriend?,Rachel,anger,negative,155,1,3,15,"00:11:56,590","00:12:06,516",You want me to just quit my job so that you can feel like you’ve got a girlfriend?,anger,0,0,anger,True,0.70444256,0.022815183,0.03551751,0.03421448,0.048954945,0.08737682,0.06667848
1507,Is this about Mark?,Ross,neutral,neutral,155,2,3,15,"00:12:08,060","00:12:12,147",Is this about Mark?,neutral,4,4,neutral,True,0.08104346,0.009179537,0.025347317,0.022964628,0.69671625,0.08882514,0.07592367
1508,Oh my God.,Rachel,surprise,negative,155,3,3,15,"0:12:32,632","0:12:32,632",Oh my God.,surprise,6,6,surprise,True,0.020699576,0.008854703,0.0050039617,0.010314306,0.005921491,0.008509928,0.94069606
1509,"Okay, it’s not, it’s not.",Ross,neutral,neutral,155,4,3,15,"0:12:32,632","0:12:32,772","Okay, it’s not, it’s not.",neutral,4,4,neutral,True,0.084818035,0.01856402,0.23581423,0.11963367,0.36859283,0.1554696,0.017107645
1510,"Oh my God. I cannot keep having this same fight with you Ross! Look, urrgh, maybe we should take a break.",Rachel,sadness,negative,155,5,3,15,"00:12:32,877","00:12:40,633","Oh my God. I cannot keep having this same fight with you Ross! Look, urrgh, maybe we should take a break.",sadness,5,5,sadness,True,0.15122601,0.045208234,0.12901442,0.051629484,0.03551574,0.37645093,0.2109552
1511,"Fine, you’re right.",Ross,neutral,neutral,155,6,3,15,"00:12:47,308","00:12:49,100","Fine, you’re right.",neutral,4,4,neutral,True,0.14298904,0.019304203,0.0070324913,0.1136232,0.673735,0.040747724,0.0025683518
1512,"Let’s ah, let’s take a break,  let’s cool off, okay, let’s get some frozen yoghurt, or something..",Ross,neutral,neutral,155,7,3,15,"00:12:49,268","00:12:54,981","Let’s ah, let’s take a break,  let’s cool off, okay, let’s get some frozen yoghurt, or something..",neutral,4,4,neutral,True,0.023997147,0.022635931,0.009769658,0.06827656,0.81819963,0.055418663,0.0017024907
1513,No. A break from us.,Rachel,sadness,negative,155,8,3,15,"00:12:56,692","00:13:02,697",No. A break from us.,sadness,5,4,neutral,False,0.18087168,0.021385673,0.01995993,0.044452183,0.6656947,0.06419272,0.0034431207
1514,"Bing! We’re all set for tonight, 8 o’clock.",Doug,joy,positive,156,0,8,11,"00:10:35,092","00:10:38,053","Bing! We’re all set for tonight, 8 o’clock.",joy,3,3,joy,True,0.027201274,0.0010246665,0.0015160395,0.8701305,0.07642835,0.008294822,0.015404335
1515,"Oh uh, as it turns out, we can’t do it. Monica has to work.",Chandler,joy,positive,156,1,8,11,"00:10:38,220","00:10:41,264","Oh uh, as it turns out, we can’t do it. Monica has to work.",joy,3,5,sadness,False,0.055366185,0.008382012,0.27352077,0.099023186,0.11905974,0.39758343,0.047064684
1516,"Oh, my ex-wife didn’t work, unless you call turning into her mother work. Fine. Tomorrow night then.",Doug,neutral,neutral,156,2,8,11,"00:10:41,432","00:10:51,524","Oh, my ex-wife didn’t work, unless you call turning into her mother work. Fine. Tomorrow night then.",neutral,4,4,neutral,True,0.031495176,0.008563872,0.0064501464,0.056358803,0.6937481,0.19684948,0.0065344675
1517,Oh uh well tomorrow’s no good for her either.,Chandler,neutral,neutral,156,3,8,11,"00:10:51,692","00:10:54,235",Oh uh well tomorrow’s no good for her either.,neutral,4,4,neutral,True,0.020575292,0.01501802,0.022922141,0.08374938,0.72152764,0.13304096,0.003166598
1518,Oh? Why not?,Doug,neutral,neutral,156,4,8,11,"00:10:54,403","00:10:55,445",Oh? Why not?,neutral,4,4,neutral,True,0.040560402,0.008342678,0.02972828,0.10194696,0.40444794,0.057891585,0.35708204
1519,It’s the semi-finals…of her…botchy ball tournament.,Chandler,neutral,neutral,156,5,8,11,"00:10:56,656","00:11:03,244",It’s the semi-finals…of her…botchy ball tournament.,neutral,4,4,neutral,True,0.019712316,0.0021844222,0.0026041998,0.047355544,0.90538895,0.014980368,0.0077741076
1520,"What’s going on Bing? Does uh, your wife have a problem with me or something?",Doug,anger,negative,156,6,8,11,"00:11:03,788","00:11:10,335","What’s going on Bing? Does uh, your wife have a problem with me or something?",anger,0,4,neutral,False,0.105215214,0.015378898,0.09924858,0.0456764,0.3411935,0.15953137,0.23375599
1521,Well now-now you’re just talking crazy.,Chandler,joy,positive,156,7,8,11,"00:11:10,503","00:11:13,213",Well now-now you’re just talking crazy.,joy,3,0,anger,False,0.45372835,0.2821072,0.042195,0.06302282,0.059578918,0.03851993,0.06084787
1522,So why can’t the three of us go out together?,Doug,neutral,neutral,156,8,8,11,"00:11:13,381","00:11:16,424",So why can’t the three of us go out together?,neutral,4,4,neutral,True,0.045332283,0.0017686995,0.008523201,0.07272779,0.80877525,0.032736715,0.030136004
1523,Because uh…we-we…we split up. Monica and I split up. Hold me.,Chandler,sadness,negative,156,9,8,11,"00:11:16,592","00:11:24,224",Because uh…we-we…we split up. Monica and I split up. Hold me.,sadness,5,5,sadness,True,0.10661459,0.010572825,0.22650866,0.063432835,0.0819633,0.4964799,0.01442779
1524,"Good God Bing I…well I can’t say I’m altogether surprised, I saw the way she looked at you, and there was no love there.",Doug,sadness,negative,156,10,8,11,"00:11:25,768","00:11:34,609","Good God Bing I…well I can’t say I’m altogether surprised, I saw the way she looked at you, and there was no love there.",sadness,5,5,sadness,True,0.056839153,0.024663763,0.10280593,0.07418143,0.058028042,0.5113615,0.17212023
1525,"And the way she looked at me, pure lust.",Doug,joy,positive,156,11,8,11,"00:11:36,529","00:11:40,281","And the way she looked at me, pure lust.",joy,3,3,joy,True,0.10369919,0.018680397,0.012736714,0.7096124,0.11264807,0.031553943,0.011069268
1526,Y’know what would really help me through this tough time is choking something. Can I choke ya?,Chandler,anger,negative,156,12,8,11,"00:11:40,825","00:11:45,370",Y’know what would really help me through this tough time is choking something. Can I choke ya?,anger,0,4,neutral,False,0.086417705,0.016071308,0.23854636,0.10929443,0.36911538,0.1753986,0.0051561417
1527,"Bing my boy, we’re gonna get you over this.",Doug,neutral,neutral,156,13,8,11,"00:11:46,288","00:11:49,541","Bing my boy, we’re gonna get you over this.",neutral,4,3,joy,False,0.040680386,0.004388805,0.013353695,0.7046181,0.20121779,0.03229792,0.0034433312
1528,"Now here’s the plan, grab your coat, we’re going to a strip club.",Doug,joy,positive,156,14,8,11,"00:11:49,709","00:11:53,253","Now here’s the plan, grab your coat, we’re going to a strip club.",joy,3,4,neutral,False,0.032384574,0.011550177,0.0068122423,0.029335039,0.89902616,0.019293932,0.0015978746
1529,"Oh no-no-no, Monica would freak.  But to hell with that bitch.",Chandler,anger,negative,156,15,8,11,"00:11:53,421","00:11:58,925","Oh no-no-no, Monica would freak.  But to hell with that bitch.",anger,0,1,disgust,False,0.20828354,0.6231655,0.013292111,0.036819365,0.011383287,0.02167686,0.08537932
1530,"Look at you, all sweet and innocent, sleeping like an angel...    with Emma's chubby little hands wrapped around ya.",Joey,neutral,neutral,157,0,9,17,"00:05:51,214","00:05:59,263","Look at you, all sweet and innocent, sleeping like an angel...    with Emma's chubby little hands wrapped around ya.",neutral,4,3,joy,False,0.022869756,0.00740555,0.009609485,0.54521483,0.11127278,0.28794363,0.0156839
1531,"It's    okay, Emma, you stay asleep.",Joey,neutral,neutral,157,1,9,17,"00:06:01,307","00:06:04,769","It's    okay, Emma, you stay asleep.",neutral,4,4,neutral,True,0.0077873184,0.0029042994,0.006090013,0.03089463,0.93590695,0.014286768,0.0021300472
1532,": Step away from the crib,    I have a weapon!",Rachel,anger,negative,157,2,9,17,"00:06:06,437","00:06:09,315",": Step away from the crib,    I have a weapon!",anger,0,0,anger,True,0.66520584,0.025372392,0.09443588,0.061543528,0.03952815,0.03377332,0.080140844
1533,"It's okay, it's okay Rach, it's me. Put down the scrunchy.",Joey,neutral,neutral,157,3,9,17,"00:06:09,482","00:06:13,236","It's okay, it's okay Rach, it's me. Put down the scrunchy.",neutral,4,4,neutral,True,0.012122271,0.004764675,0.008009619,0.04509573,0.89604354,0.032885652,0.0010784321
1534,What are you doing?,Rachel,neutral,neutral,157,4,9,17,"00:06:14,028","00:06:16,864",What are you doing?,neutral,4,4,neutral,True,0.010911077,0.0015244185,0.004334858,0.004965207,0.9510473,0.003416058,0.023801088
1535,"Well, I heard Emma stirring, so I came to make sure she could    reach Hugsy.",Joey,neutral,neutral,157,5,9,17,"00:06:14,028","00:06:20,076","Well, I heard Emma stirring, so I came to make sure she could    reach Hugsy.",neutral,4,4,neutral,True,0.007829201,0.001371373,0.001849363,0.074267305,0.9023104,0.009850437,0.0025219116
1536,"Oh, oh thanks. Alright well, now that I'm up I'm going to go    to the bathroom.",Rachel,neutral,neutral,157,6,9,17,"00:06:20,243","00:06:25,289","Oh, oh thanks. Alright well, now that I'm up I'm going to go    to the bathroom.",neutral,4,4,neutral,True,0.008857731,0.00573788,0.00545428,0.20408012,0.73970765,0.03322334,0.0029389767
1537,There you go sweetie...     This isn't over.,Joey,neutral,neutral,157,7,9,17,"00:06:25,456","00:06:31,504",There you go sweetie...     This isn't over.,neutral,4,5,sadness,False,0.025794148,0.0054002255,0.054913737,0.14798097,0.114081025,0.6455752,0.006254623
1538,Did he call?,Joanna,neutral,neutral,158,0,3,20,"0:15:26,675","0:15:27,357",Did he call?,neutral,4,4,neutral,True,0.006846144,0.0009329375,0.0030444225,0.0055462886,0.9588138,0.005120402,0.019695874
1539,No. Sorry.,Rachel,sadness,negative,158,1,3,20,"0:15:27,357","0:15:29,065",No. Sorry.,sadness,5,4,neutral,False,0.004497079,0.0056748954,0.0072597903,0.017213209,0.8652655,0.09524499,0.0048446213
1540,Why?! Why?! He said he’d call. Why hasn’t he called?,Joanna,sadness,negative,158,2,3,20,"00:15:29,178","00:15:32,388",Why?! Why?! He said he’d call. Why hasn’t he called?,sadness,5,6,surprise,False,0.028003868,0.002518366,0.007551655,0.010455628,0.05313899,0.012238074,0.8860934
1541,"Maybe he’s intimated by really smart, strong, successful women.",Sophie,neutral,neutral,158,3,3,20,"00:15:32,556","00:15:36,643","Maybe he’s intimated by really smart, strong, successful women.",neutral,4,4,neutral,True,0.013756972,0.003103207,0.00881907,0.012605851,0.9345092,0.021232031,0.0059736557
1542,"Sophie, would you please climb out of my butt. Why hasn’t he called, Rachel? Why?",Joanna,anger,negative,158,4,3,20,"00:15:37,102","00:15:44,525","Sophie, would you please climb out of my butt. Why hasn’t he called, Rachel? Why?",anger,0,4,neutral,False,0.174332,0.066498846,0.12336626,0.060930546,0.3324804,0.20270126,0.03969073
1543,"Okay, okay. Umm, well ah, maybe he, maybe he feels awkward because you are my boss.",Rachel,neutral,neutral,158,5,3,20,"00:15:41,690","00:15:49,656","Okay, okay. Umm, well ah, maybe he, maybe he feels awkward because you are my boss.",neutral,4,4,neutral,True,0.016277248,0.0071922373,0.010281479,0.051042605,0.8615776,0.049877424,0.0037513964
1544,Awkward? Why should he feel awkward?,Joanna,surprise,negative,158,6,3,20,"00:15:49,823","00:15:52,492",Awkward? Why should he feel awkward?,surprise,6,6,surprise,True,0.03607826,0.011144487,0.010539261,0.009815393,0.06635732,0.013680345,0.852385
1546,"The only person that should feel awkward is you, and you didn’t tell him not to call me, did you?",Joanna,anger,negative,159,0,6,1,"00:15:52,660","00:15:56,302","The only person that should feel awkward is you, and you didn’t tell him not to call me, did you?",anger,0,4,neutral,False,0.14881843,0.02363068,0.03222607,0.05736161,0.53223044,0.15237346,0.053359386
1548,"Because if you feel uncomfortable with your friend dating someone you work for, there are always ways to fix...that.",Joanna,anger,negative,159,1,6,1,"00:15:56,372","00:16:01,584","Because if you feel uncomfortable with your friend dating someone you work for, there are always ways to fix...that.",anger,0,4,neutral,False,0.14725974,0.082518645,0.039353926,0.046971902,0.34258154,0.3351985,0.006115787
1549,And you’re upset because you didn’t make your best friend cry?,Chandler,sadness,negative,160,0,6,2,"00:14:24,488","00:14:27,949",And you’re upset because you didn’t make your best friend cry?,sadness,5,0,anger,False,0.3475306,0.013250589,0.054479416,0.0742306,0.17749816,0.1260965,0.20691407
1550,"I mean, all I’m asking for is just a little emotion!",Monica,anger,negative,160,1,6,2,"00:14:28,701","00:14:31,035","I mean, all I’m asking for is just a little emotion!",anger,0,0,anger,True,0.37287235,0.022958606,0.113983296,0.06566924,0.07739516,0.283406,0.06371533
1551,Is that too much to ask after six years?!,Monica,anger,negative,160,2,6,2,"00:14:31,287","00:14:33,413",Is that too much to ask after six years?!,anger,0,0,anger,True,0.3833923,0.030967413,0.042572185,0.040295433,0.06269142,0.10530183,0.3347794
1552,I mean what?,Monica,anger,negative,160,3,6,2,"0:14:33,664","0:14:35,875",I mean what?,anger,0,4,neutral,False,0.02965144,0.0027667175,0.011080815,0.011589982,0.84329724,0.016406475,0.085207425
1553,Are-are-are Rachel and I not as close as you guys?!,Monica,anger,negative,160,4,6,2,"0:14:35,875","0:14:36,469",Are-are-are Rachel and I not as close as you guys?!,anger,0,2,fear,False,0.18881056,0.019170206,0.46547103,0.067529,0.053305708,0.1286508,0.07706269
1554,I mean do we not have as much fun?!,Monica,anger,negative,160,5,6,2,"0:14:36,625","0:14:38,002",I mean do we not have as much fun?!,anger,0,0,anger,True,0.7490921,0.033652276,0.08427839,0.020423783,0.01698899,0.07659361,0.018970836
1555,Don’t I deserve a few tears?!!,Monica,sadness,negative,160,6,6,2,"0:14:38,002","0:14:40,822",Don’t I deserve a few tears?!!,sadness,5,5,sadness,True,0.1699245,0.02582937,0.20628966,0.050058015,0.021001456,0.5128449,0.014052167
1556,"I mean we-we told Joey, he cried his eyes out!",Monica,sadness,negative,160,7,6,2,"00:14:42,172","00:14:44,173","I mean we-we told Joey, he cried his eyes out!",sadness,5,5,sadness,True,0.092071325,0.013998951,0.18953016,0.045188196,0.025808511,0.5702662,0.06313664
1557,Hey!,Joey,anger,negative,160,8,6,2,"0:14:44,341","0:14:44,925",Hey!,anger,0,3,joy,False,0.046776015,0.0025122454,0.0019906426,0.75225013,0.15590505,0.0082755955,0.032290343
1558,I did not cry my eyes out!!,Joey,anger,negative,160,9,6,2,"0:14:44,925","0:14:48,227",I did not cry my eyes out!!,anger,0,0,anger,True,0.49057025,0.01711616,0.3123395,0.06323534,0.039754555,0.057910398,0.019073807
1559,Come on!,Joey,sadness,negative,160,10,6,2,"0:14:48,721","0:14:50,765",Come on!,sadness,5,0,anger,False,0.38495648,0.01966228,0.087460704,0.16514237,0.09894925,0.10651207,0.13731676
1560,It’s like the end of an era!,Joey,sadness,negative,160,11,6,2,"0:14:50,765","0:14:50,910",It’s like the end of an era!,sadness,5,0,anger,False,0.6013413,0.016825778,0.031724747,0.06837746,0.023595331,0.22728658,0.030848756
1561,No more J-man and Channie’s!,Joey,sadness,negative,160,12,6,2,"00:14:51,098","00:14:52,974",No more J-man and Channie’s!,sadness,5,0,anger,False,0.6222025,0.02728576,0.078856386,0.027102191,0.023704447,0.19396284,0.02688585
1563,"Okay, I gotta ask, who calls us that?!",Chandler,anger,negative,160,13,6,2,"00:14:54,977","00:14:57,312","Okay, I gotta ask, who calls us that?!",anger,0,6,surprise,False,0.11625338,0.008094293,0.010891711,0.28996766,0.24173063,0.03768128,0.29538098
1564,Do I know why we’re rushing?,Chloe,neutral,neutral,161,0,3,16,"0:03:58,905","0:04:00,073",Do I know why we’re rushing?,neutral,4,4,neutral,True,0.19850908,0.012750074,0.06565087,0.22581837,0.297808,0.06349806,0.13596554
1565,"Yeah, y'know the ah, the girlfriend I told you about last night?",Ross,neutral,neutral,161,1,3,16,"0:04:00,073","0:04:02,795","Yeah, y'know the ah, the girlfriend I told you about last night?",neutral,4,4,neutral,True,0.0714853,0.016862864,0.00556073,0.029837621,0.84051853,0.02293806,0.01279686
1566,"Well it turns out she ah, she wants to get back together with me.",Ross,neutral,neutral,161,2,3,16,"00:04:02,909","00:04:05,994","Well it turns out she ah, she wants to get back together with me.",neutral,4,3,joy,False,0.04005935,0.0023364094,0.018815123,0.4527646,0.35403544,0.093350984,0.038638048
1567,"Oh, I found it!",Ross,joy,positive,161,3,3,16,"00:04:06,162","00:04:07,204","Oh, I found it!",joy,3,6,surprise,False,0.09121104,0.0052394355,0.010225445,0.263492,0.2453078,0.055641633,0.32888266
1569,That’s so great for you guys!,Chloe,joy,positive,161,4,3,16,"00:04:07,372","00:04:09,456",That’s so great for you guys!,joy,3,3,joy,True,0.00800217,0.0007470732,0.0007733211,0.9698149,0.009925227,0.0042219236,0.006515464
1571,"Good luck, with your girlfriend.",Chloe,neutral,neutral,161,5,3,16,"0:04:16,506","0:04:18,091","Good luck, with your girlfriend.",neutral,4,3,joy,False,0.01916927,0.004350508,0.0011187029,0.8860203,0.07434026,0.012212867,0.002788074
1572,"Oh, thank you.  Hey, hey.  Rachel!!!!",Ross,joy,positive,161,6,3,16,"0:04:18,091","0:04:25,406","Oh, thank you.  Hey, hey.  Rachel!!!!",joy,3,3,joy,True,0.015454654,0.0007801008,0.0009557835,0.94620234,0.0124478,0.0049220477,0.019237287
1573,"Hi. Ohhh, you got my message.",Rachel,neutral,neutral,161,7,3,16,"0:04:28,476","0:04:30,687","Hi. Ohhh, you got my message.",neutral,4,4,neutral,True,0.012473674,0.001568268,0.007038192,0.048108526,0.90412956,0.014204142,0.012477647
1574,"Yeah, oh hey, you are right on time.",Ross,neutral,neutral,161,8,3,16,"0:04:30,687","0:04:31,589","Yeah, oh hey, you are right on time.",neutral,4,3,joy,False,0.05122535,0.0026201622,0.0023420104,0.65094143,0.27483353,0.012651785,0.005385684
1575,So what do you say? Can I be your girlfriend again?,Rachel,neutral,neutral,161,9,3,16,"00:04:31,688","00:04:34,189",So what do you say? Can I be your girlfriend again?,neutral,4,3,joy,False,0.12339755,0.0055230716,0.047295563,0.37292042,0.24031742,0.19633192,0.014214023
1576,"Yes, you can, very much.",Ross,joy,positive,161,10,3,16,"00:04:34,357","00:04:35,941","Yes, you can, very much.",joy,3,4,neutral,False,0.018618748,0.0023008666,0.0019037618,0.47132787,0.48825064,0.016176008,0.0014220554
1577,Ahhhh!!,Ross,surprise,positive,161,11,3,16,"00:04:36,859","00:04:38,360",Ahhhh!!,surprise,6,6,surprise,True,0.1338637,0.06828819,0.07336122,0.08084803,0.025438614,0.061914124,0.55628616
1578,"Ooh! I'm sorry! I think, I THINK, that may have missed the table!",Monica,joy,positive,162,0,9,23,"00:40:16,664","00:40:20,959","Ooh! I'm sorry! I think, I THINK, that may have missed the table!",joy,3,6,surprise,False,0.03600974,0.006198601,0.032103848,0.080188714,0.044242118,0.21326259,0.5879944
1579,Do,Mike,neutral,neutral,162,1,9,23,"0:40:21,127","0:40:21,753",Do,neutral,4,4,neutral,True,0.19216728,0.0072315363,0.014411654,0.09301359,0.66921234,0.018179206,0.0057843295
1580,"Ah,",Monica,neutral,neutral,162,2,9,23,"0:40:21,753","0:40:22,903","Ah,",neutral,4,4,neutral,True,0.0077716745,0.00089624553,0.0036374335,0.038014017,0.9361506,0.009375993,0.0041539622
1581,Do,Mike,neutral,neutral,162,3,9,23,"0:40:23,003","0:40:23,345",Do,neutral,4,4,neutral,True,0.19216728,0.0072315363,0.014411654,0.09301359,0.66921234,0.018179206,0.0057843295
1582,"Ah,",Monica,neutral,neutral,162,4,9,23,"0:40:23,345","0:40:24,177","Ah,",neutral,4,4,neutral,True,0.0077716745,0.00089624553,0.0036374335,0.038014017,0.9361506,0.009375993,0.0041539622
1583,DO YOU?,Mike,anger,negative,162,5,9,23,"00:40:24,296","00:40:26,172",DO YOU?,anger,0,4,neutral,False,0.05754939,0.005238621,0.031690683,0.0340418,0.7824386,0.025993148,0.06304776
1584,Y’know I don’t understand why they didn’t cry. It was a beautiful speech.,Ross,sadness,negative,163,0,8,18,"00:21:14,261","00:21:18,014",Y’know I don’t understand why they didn’t cry. It was a beautiful speech.,sadness,5,5,sadness,True,0.14749563,0.022736559,0.059880365,0.09806809,0.0959602,0.48508996,0.09076925
1585,"Oh, come on.",Monica,disgust,negative,163,1,8,18,"0:21:18,223","0:21:19,105","Oh, come on.",disgust,1,4,neutral,False,0.013397193,0.006329288,0.014181739,0.07168388,0.83694655,0.04808905,0.009372427
1586,Hey!,Ross,sadness,negative,163,2,8,18,"0:21:19,105","0:21:21,360",Hey!,sadness,5,3,joy,False,0.046776015,0.0025122454,0.0019906426,0.75225013,0.15590505,0.0082755955,0.032290343
1587,"All that stuff you said about true love, you were right, I mean, we did learn a lot from Mom and Dad!",Ross,joy,positive,163,3,8,18,"00:21:21,601","00:21:26,106","All that stuff you said about true love, you were right, I mean, we did learn a lot from Mom and Dad!",joy,3,3,joy,True,0.27169093,0.008149258,0.039314028,0.37836215,0.08590861,0.13077788,0.085797116
1588,And that picture of Chi-Chi with her mischievous grin.,Ross,neutral,neutral,163,4,8,18,"00:21:26,314","00:21:30,026",And that picture of Chi-Chi with her mischievous grin.,neutral,4,3,joy,False,0.07617108,0.0123452,0.0032053015,0.7578253,0.1054644,0.035463747,0.009524945
1589,And what you said about Nana.,Ross,neutral,neutral,163,5,8,18,"00:21:30,277","00:21:31,862",And what you said about Nana.,neutral,4,4,neutral,True,0.034716744,0.005812043,0.0077857403,0.014014072,0.848781,0.019459985,0.06943046
1590,"Ohh, yeah she really would’ve wanted to be there.",Ross,sadness,negative,163,6,8,18,"00:21:32,028","00:21:36,700","Ohh, yeah she really would’ve wanted to be there.",sadness,5,4,neutral,False,0.030027932,0.0070749572,0.08440942,0.33504656,0.36522093,0.10722839,0.07099185
1591,And you know what?,Ross,neutral,neutral,163,7,8,18,"00:21:37,159","00:21:39,619",And you know what?,neutral,4,4,neutral,True,0.026404016,0.0021316132,0.004267394,0.025216702,0.92158747,0.008132224,0.0122606335
1592,I think she was.,Ross,neutral,neutral,163,8,8,18,"00:21:40,704","00:21:42,831",I think she was.,neutral,4,4,neutral,True,0.005387395,0.00123423,0.0031879346,0.035300884,0.939126,0.012906864,0.0028566734
1593,"Oh good God, Ross! How the hell do you do it?",Monica,surprise,negative,163,9,8,18,"00:21:44,291","00:21:47,961","Oh good God, Ross! How the hell do you do it?",surprise,6,6,surprise,True,0.15265517,0.03169281,0.009458722,0.038253598,0.010791469,0.017406737,0.73974144
1594,You forget how many great songs Heart had.,Joey,neutral,neutral,164,0,6,12,"00:04:51,124","00:04:53,959",You forget how many great songs Heart had.,neutral,4,0,anger,False,0.23306017,0.19221318,0.009875521,0.21069135,0.14446913,0.16787983,0.0418108
1595,Yeah.,Chandler,neutral,neutral,164,1,6,12,"00:04:54,210","00:04:55,419",Yeah.,neutral,4,4,neutral,True,0.011395762,0.0057393997,0.003721398,0.08856025,0.87720245,0.012423769,0.0009568353
1596,"You know, Barracuda was the first song I learned to play on the keyboard.",Ross,neutral,neutral,164,2,6,12,"00:04:56,963","00:05:00,841","You know, Barracuda was the first song I learned to play on the keyboard.",neutral,4,3,joy,False,0.053468548,0.0039728074,0.0040191296,0.6309408,0.2610477,0.02646046,0.02009061
1597,"So, you heard it, you repeated it, so that must mean you wrote it.",Chandler,neutral,neutral,164,3,6,12,"00:05:01,884","00:05:07,514","So, you heard it, you repeated it, so that must mean you wrote it.",neutral,4,4,neutral,True,0.15534304,0.012071695,0.024102895,0.11875288,0.5649351,0.06776948,0.057024967
1598,"Oh, you guys, with this joke. I gotta say, I know I cracked up, but I’m not even sure I got it.",Joey,neutral,neutral,164,4,6,12,"00:05:09,559","00:05:15,397","Oh, you guys, with this joke. I gotta say, I know I cracked up, but I’m not even sure I got it.",neutral,4,1,disgust,False,0.20832875,0.35375893,0.018719228,0.13700755,0.064031735,0.099233694,0.118920125
1599,"What, you didn’t get it? The doctor is a monkey.",Ross,neutral,neutral,164,5,6,12,"00:05:15,815","00:05:21,528","What, you didn’t get it? The doctor is a monkey.",neutral,4,6,surprise,False,0.048531014,0.01898828,0.018505093,0.05311946,0.04420592,0.03539264,0.78125757
1600,And monkeys can’t write out prescriptions.,Chandler,neutral,neutral,164,6,6,12,"00:05:23,114","00:05:25,657",And monkeys can’t write out prescriptions.,neutral,4,4,neutral,True,0.23153375,0.019834435,0.054627527,0.08709901,0.37822378,0.19994935,0.028732166
1601,You are not allowed to laugh at my joke.,Chandler,anger,negative,164,7,6,12,"00:05:28,244","00:05:30,871",You are not allowed to laugh at my joke.,anger,0,0,anger,True,0.65408784,0.15320425,0.020421969,0.03987833,0.04514776,0.042885877,0.044374
1602,"Your joke? Well, I think ‘the Hef’ would disagree, which is why he sent me a check for one hundred ah-dollars.",Ross,neutral,neutral,164,8,6,12,"00:05:31,789","00:05:38,837","Your joke? Well, I think ‘the Hef’ would disagree, which is why he sent me a check for one hundred ah-dollars.",neutral,4,6,surprise,False,0.34156933,0.17952223,0.009948404,0.047095813,0.025087938,0.026089808,0.37068632
1603,I can’t find garbage bags!,Monica,anger,negative,165,0,4,12,"00:21:18,443","00:21:20,528",I can’t find garbage bags!,anger,0,0,anger,True,0.3583286,0.022066617,0.29888552,0.039075185,0.03730819,0.19517568,0.0491602
1604,"Oh, I think I saw some in here.",Rachel,neutral,neutral,165,1,4,12,"00:21:20,696","00:21:22,863","Oh, I think I saw some in here.",neutral,4,4,neutral,True,0.0039965445,0.0021105134,0.00556134,0.014693809,0.9553223,0.009586255,0.008729238
1605,What is it?!,Monica,surprise,negative,165,2,4,12,"00:21:27,911","00:21:29,370",What is it?!,surprise,6,3,joy,False,0.1529351,0.004532843,0.020414418,0.59161603,0.115749024,0.041127443,0.0736251
1606,"I don’t know! But maybe if we keep that drawer shut, it’ll die.",Rachel,disgust,negative,165,3,4,12,"00:21:29,913","00:21:34,375","I don’t know! But maybe if we keep that drawer shut, it’ll die.",disgust,1,5,sadness,False,0.15274312,0.043216884,0.12425169,0.09632873,0.10170492,0.386359,0.09539564
1607,I can’t believe we’re living here!,Monica,sadness,negative,165,4,4,12,"00:21:35,335","00:21:38,254",I can’t believe we’re living here!,sadness,5,6,surprise,False,0.07842448,0.024729129,0.04493012,0.041758694,0.024755377,0.079978995,0.70542324
1608,You still haven’t told Rachel you weren’t really  proposing?,Chandler,surprise,negative,166,0,9,1,"00:15:33,474","00:15:35,808",You still haven’t told Rachel you weren’t really  proposing?,surprise,6,6,surprise,True,0.06839451,0.008320468,0.026362484,0.05163498,0.16785988,0.044497173,0.63293046
1609,"No! She had the ring on, she seemed so excited, and then she  took her breast out.",Joey,anger,negative,166,1,9,1,"00:15:35,976","00:15:41,606","No! She had the ring on, she seemed so excited, and then she  took her breast out.",anger,0,6,surprise,False,0.067617446,0.03209859,0.08834013,0.1479712,0.07551551,0.2877049,0.30075225
1610,"Joey, you have to tell her what’s going on! And what did it  look like?!",Chandler,surprise,negative,166,2,9,1,"00:15:42,274","00:15:45,735","Joey, you have to tell her what’s going on! And what did it  look like?!",surprise,6,6,surprise,True,0.071113415,0.008457687,0.10286158,0.14212453,0.13165772,0.19179718,0.35198787
1611,I didn’t look at it. Stupid baby’s head was blocking most of  it.,Joey,anger,negative,166,3,9,1,"00:15:47,154","00:15:52,116",I didn’t look at it. Stupid baby’s head was blocking most of  it.,anger,0,0,anger,True,0.34248033,0.061282415,0.15277109,0.045006424,0.031232577,0.33972132,0.027505817
1612,Go and tell Rachel right now before Ross finds out.,Chandler,sadness,negative,166,4,9,1,"00:15:53,118","00:15:55,828",Go and tell Rachel right now before Ross finds out.,sadness,5,4,neutral,False,0.046911895,0.005310576,0.007868282,0.04158275,0.874814,0.021815985,0.0016965366
1613,"Look, it’s not that easy. She said she wanted to marry me. I  don’t want to hurt her.",Joey,sadness,negative,166,5,9,1,"00:15:55,996","00:16:01,459","Look, it’s not that easy. She said she wanted to marry me. I  don’t want to hurt her.",sadness,5,5,sadness,True,0.055579502,0.010204431,0.1457603,0.05286359,0.19231418,0.53456855,0.008709473
1614,"Okay, look, just do it gently.",Chandler,neutral,neutral,166,6,9,1,"00:16:02,628","00:16:04,963","Okay, look, just do it gently.",neutral,4,4,neutral,True,0.048949774,0.03201643,0.18555504,0.068613574,0.5681211,0.09385573,0.002888426
1615,You’re right.,Joey,neutral,neutral,166,7,9,1,"0:16:06,298","0:16:07,020",You’re right.,neutral,4,3,joy,False,0.06446311,0.005776725,0.0040540025,0.45854643,0.43286064,0.02986501,0.004433991
1616,You’re right.,Joey,neutral,neutral,166,8,9,1,"0:16:07,020","0:16:07,387",You’re right.,neutral,4,3,joy,False,0.06446311,0.005776725,0.0040540025,0.45854643,0.43286064,0.02986501,0.004433991
1617,I-I’ll go tell her now before Ross  finds out and I’ll be gentle.,Joey,neutral,neutral,166,9,9,1,"00:16:07,508","00:16:11,511",I-I’ll go tell her now before Ross  finds out and I’ll be gentle.,neutral,4,2,fear,False,0.073321305,0.011106011,0.4728843,0.06113065,0.13607626,0.23270747,0.012774124
1618,I can do that.,Joey,neutral,neutral,166,10,9,1,"00:16:11,679","00:16:12,887",I can do that.,neutral,4,4,neutral,True,0.024534898,0.0051865387,0.004520976,0.12356128,0.82977617,0.011578059,0.00084213726
1619,I am a gentle person.,Joey,neutral,neutral,166,11,9,1,"00:16:13,055","00:16:15,932",I am a gentle person.,neutral,4,4,neutral,True,0.072447546,0.014414273,0.031909425,0.123318076,0.50635946,0.24911082,0.0024403883
1620,"Oh, by the  way.",Joey,neutral,neutral,166,12,9,1,"0:16:16,100","0:16:16,862","Oh, by the  way.",neutral,4,4,neutral,True,0.0023187415,0.000750689,0.00066112715,0.015634567,0.9757776,0.00401603,0.00084111665
1621,Two people screwing in there  if you want to check that out.,Joey,neutral,neutral,166,13,9,1,"0:16:16,862","0:16:19,749",Two people screwing in there  if you want to check that out.,neutral,4,4,neutral,True,0.20320188,0.2521096,0.01390433,0.10365776,0.36845636,0.017972168,0.040697943
1625,"Okay, umm, it's this tragic love story between Cathy and Heathcliff and umm, it takes place on like these really creepy mores in England.",Phoebe,sadness,negative,167,0,5,9,"00:06:28,054","00:06:34,893","Okay, umm, it's this tragic love story between Cathy and Heathcliff and umm, it takes place on like these really creepy mores in England.",sadness,5,5,sadness,True,0.05641645,0.009989046,0.031196661,0.030888641,0.20946915,0.6194525,0.042587645
1626,Which,Phoebe,neutral,neutral,167,1,5,9,"00:06:35,134","00:06:36,134",Which,neutral,4,4,neutral,True,0.011068988,0.0012000586,0.002219175,0.0053227143,0.9615473,0.0044764485,0.0141652515
1627,"How would you characterize the theme of this book, uh let's see here , Rachel Green?",The Teacher,neutral,neutral,167,2,5,9,"00:06:42,777","00:06:45,320","How would you characterize the theme of this book, uh let's see here , Rachel Green?",neutral,4,4,neutral,True,0.004821903,0.00077224796,0.001525476,0.00656375,0.97880965,0.0031818717,0.0043251603
1628,"Umm, well I would have to say that it's a, it's tragic love story.",Rachel,neutral,neutral,167,3,5,9,"00:06:51,744","00:06:57,290","Umm, well I would have to say that it's a, it's tragic love story.",neutral,4,5,sadness,False,0.025250413,0.006169504,0.0437277,0.0387716,0.16831115,0.7011142,0.016655501
1629,"Well, that's sort of a given, but yes. Anyone else?",The Teacher,neutral,neutral,167,4,5,9,"00:06:57,917","00:07:02,421","Well, that's sort of a given, but yes. Anyone else?",neutral,4,4,neutral,True,0.0062853065,0.0007207679,0.002088441,0.008166471,0.97268784,0.0041313316,0.0059199366
1630,"Oh-oh-oh, symbolism! And uh, the-the uh, wildness of the mores, which",Rachel,joy,positive,167,5,5,9,"00:07:03,047","00:07:12,889","Oh-oh-oh, symbolism! And uh, the-the uh, wildness of the mores, which",joy,3,6,surprise,False,0.08090921,0.017976303,0.06459917,0.12767927,0.14931099,0.05012208,0.50940293
1631,Excellent! What Rachel has shrewdly observed here,The Teacher,joy,positive,167,6,5,9,"00:07:18,062","00:07:21,648",Excellent! What Rachel has shrewdly observed here,joy,3,0,anger,False,0.41864023,0.023963321,0.008965571,0.34031788,0.029323736,0.02403378,0.15475546
1632,You completely stole my answer!,Phoebe,anger,negative,167,7,5,9,"00:07:23,109","00:07:24,985",You completely stole my answer!,anger,0,0,anger,True,0.8781904,0.011393412,0.024213985,0.027431695,0.008520964,0.023942813,0.026306657
1633,"Well, honey that was pretty obvious.",Rachel,sadness,negative,167,8,5,9,"00:07:25,236","00:07:26,987","Well, honey that was pretty obvious.",sadness,5,4,neutral,False,0.010526331,0.0013895577,0.0024363336,0.01994936,0.9496969,0.008706775,0.0072946935
1634,Well how would you know?! You didn't even read it!,Phoebe,anger,negative,167,9,5,9,"00:07:27,238","00:07:29,489",Well how would you know?! You didn't even read it!,anger,0,6,surprise,False,0.15415305,0.01779396,0.053536594,0.05062645,0.070400015,0.0777363,0.5757536
1635,What do you think? You in the blue shirt.,The Teacher,neutral,neutral,167,10,5,9,"00:07:31,492","00:07:34,911",What do you think? You in the blue shirt.,neutral,4,4,neutral,True,0.0069885985,0.0024552203,0.0022100103,0.0093071405,0.9486328,0.007231616,0.02317458
1636,"I think that uh, yours is a question with many answers.",Phoebe,neutral,neutral,167,11,5,9,"00:07:37,540","00:07:42,210","I think that uh, yours is a question with many answers.",neutral,4,4,neutral,True,0.005904176,0.0008852831,0.0030967547,0.0070761745,0.97071594,0.00419807,0.008123482
1637,Would ya care to venture one?,The Teacher,neutral,neutral,167,12,5,9,"0:07:43,588","0:07:45,480",Would ya care to venture one?,neutral,4,4,neutral,True,0.0046376125,0.0021027217,0.0014098325,0.011444606,0.97518426,0.00398927,0.0012317593
1638,Would,Phoebe,neutral,neutral,167,13,5,9,"0:07:45,480","0:07:48,432",Would,neutral,4,4,neutral,True,0.015295958,0.0011883168,0.003570076,0.006920558,0.9492217,0.0077749877,0.016028492
1639,Are you just repeating what I'm saying?,The Teacher,anger,negative,167,14,5,9,"00:07:50,052","00:07:54,514",Are you just repeating what I'm saying?,anger,0,0,anger,True,0.3557016,0.060762517,0.04081306,0.03935418,0.14427418,0.04715742,0.31193706
1641,"All right, let's move on.",The Teacher,neutral,neutral,167,15,5,9,"00:07:56,726","00:07:58,351","All right, let's move on.",neutral,4,4,neutral,True,0.043695975,0.0042811288,0.005391215,0.115182996,0.81795,0.012053751,0.0014448871
1642,Okay then.,Phoebe,neutral,neutral,167,16,5,9,"00:07:59,270","00:08:00,312",Okay then.,neutral,4,4,neutral,True,0.007598457,0.001591825,0.0011836628,0.017154729,0.9688338,0.0031452274,0.00049225515
1643,"All right, okay, this is great, uh, Chandler, you get behind the desk.",Joey,neutral,neutral,168,0,4,22,"00:15:28,802","00:15:32,597","All right, okay, this is great, uh, Chandler, you get behind the desk.",neutral,4,4,neutral,True,0.021303324,0.0023167622,0.0014048424,0.22148278,0.739224,0.009863744,0.004404432
1644,"And-and when she comes in hopefully, she won’t recognise you because, well, why would she?",Joey,neutral,neutral,168,1,4,22,"00:15:32,765","00:15:38,061","And-and when she comes in hopefully, she won’t recognise you because, well, why would she?",neutral,4,4,neutral,True,0.029013019,0.0046425364,0.030718012,0.023768606,0.74204224,0.019341819,0.1504737
1645,"Uh, okay, and then you buzz Ross and I.",Joey,neutral,neutral,168,2,4,22,"00:15:38,479","00:15:41,022","Uh, okay, and then you buzz Ross and I.",neutral,4,4,neutral,True,0.00993428,0.0010705626,0.00084693404,0.03356257,0.94979525,0.0040545217,0.0007358052
1646,"You be Mr. Gonzalez, and I’ll be uh, Mr. Wong.",Joey,neutral,neutral,168,3,4,22,"00:15:41,190","00:15:45,026","You be Mr. Gonzalez, and I’ll be uh, Mr. Wong.",neutral,4,4,neutral,True,0.0037445351,0.000694591,0.0010587532,0.01812737,0.97032815,0.0043720095,0.0016745423
1647,Diverse.,Ross,neutral,neutral,168,4,4,22,"00:15:46,654","00:15:48,071",Diverse.,neutral,4,4,neutral,True,0.015041486,0.0045247963,0.0014962447,0.014369663,0.95469195,0.005451041,0.004424876
1648,Did anybody call for security?,The Stripper,neutral,neutral,168,5,4,22,"00:15:49,740","00:15:52,742",Did anybody call for security?,neutral,4,4,neutral,True,0.011351602,0.0022025162,0.005739407,0.004194489,0.96763694,0.0044967723,0.004378322
1649,You be cool.,Chandler,neutral,neutral,168,6,4,22,"00:15:53,535","00:15:55,787",You be cool.,neutral,4,3,joy,False,0.057846237,0.01103468,0.0018773092,0.7902539,0.1269378,0.007813049,0.0042370595
1650,"Okay, which one of you guys is Gunther Central-Perk?  Hey, Joey?",The Stripper,neutral,neutral,168,7,4,22,"00:16:00,876","00:16:07,465","Okay, which one of you guys is Gunther Central-Perk?  Hey, Joey?",neutral,4,4,neutral,True,0.008156317,0.0008794251,0.0008151601,0.012739557,0.96722245,0.002154854,0.008032145
1651,Where’s my ring? My dead grandmother’s wedding ring? Where is it? Where is it?,Ross,fear,negative,168,8,4,22,"00:16:07,633","00:16:11,678",Where’s my ring? My dead grandmother’s wedding ring? Where is it? Where is it?,fear,2,5,sadness,False,0.03202705,0.006128321,0.045515914,0.08865902,0.16155757,0.5820634,0.08404883
1652,"Way to be cool, man.",Chandler,neutral,neutral,168,9,4,22,"00:16:13,222","00:16:15,431","Way to be cool, man.",neutral,4,3,joy,False,0.07578317,0.0121192355,0.0034565206,0.5677753,0.32031152,0.017814942,0.00273933
1653,What’s he talking about?,The Stripper,neutral,neutral,168,10,4,22,"00:16:16,141","00:16:17,934",What’s he talking about?,neutral,4,6,surprise,False,0.09812826,0.018864708,0.007910706,0.01029987,0.03241228,0.008362007,0.8240221
1654,"There was a ring, in a box, on my nightstand, after you left, it was gone!",Joey,anger,negative,168,11,4,22,"00:16:18,102","00:16:22,230","There was a ring, in a box, on my nightstand, after you left, it was gone!",anger,0,5,sadness,False,0.09590794,0.018863259,0.021522362,0.062230088,0.13567649,0.4151154,0.25068447
1655,"Wait, you guys think I stole some ring?",The Stripper,surprise,negative,168,12,4,22,"00:16:22,398","00:16:24,524","Wait, you guys think I stole some ring?",surprise,6,6,surprise,True,0.025800396,0.003974187,0.015391542,0.018208932,0.18612598,0.0139968805,0.73650205
1656,We know you took so just-just save yourself the time and confess!,Ross,anger,negative,168,13,4,22,"00:16:27,319","00:16:30,488",We know you took so just-just save yourself the time and confess!,anger,0,0,anger,True,0.4827219,0.033527143,0.16859086,0.04480983,0.031250693,0.23062338,0.008476154
1657,"Okay, who are you?",The Stripper,surprise,negative,168,14,4,22,"0:16:30,656","0:16:31,628","Okay, who are you?",surprise,6,4,neutral,False,0.032381535,0.0027822342,0.005205334,0.011724541,0.7177548,0.0053609335,0.22479063
1658,The Hardy boys?,The Stripper,anger,negative,168,15,4,22,"0:16:31,628","0:16:32,470",The Hardy boys?,anger,0,4,neutral,False,0.032577936,0.0044116,0.0056605665,0.01142132,0.63074154,0.017615506,0.2975715
1659,"Look, I don’t need to steal some stupid ring, all right?",The Stripper,anger,negative,168,16,4,22,"00:16:36,537","00:16:38,371","Look, I don’t need to steal some stupid ring, all right?",anger,0,0,anger,True,0.351628,0.022155771,0.24656427,0.06917957,0.11164218,0.15824896,0.04058118
1660,"I make $1,600 a week doing what I do; any of you guys make that?",The Stripper,anger,negative,168,17,4,22,"00:16:38,539","00:16:43,167","I make $1,600 a week doing what I do; any of you guys make that?",anger,0,4,neutral,False,0.2726249,0.23305503,0.01725017,0.037595004,0.27657008,0.1201867,0.042718105
1661,Marry me.,Chandler,neutral,neutral,168,18,4,22,"00:16:44,253","00:16:45,586",Marry me.,neutral,4,5,sadness,False,0.08528842,0.007940968,0.076803565,0.3021508,0.12905252,0.373612,0.025151785
1662,Oh my God! Joey!,Monica,surprise,negative,169,0,8,2,"00:11:44,995","00:11:50,000",Oh my God! Joey!,surprise,6,6,surprise,True,0.028161481,0.007268334,0.00522711,0.014097801,0.005011464,0.010615265,0.92961854
1663,Hell yeah! I’ll marry you!,Phoebe,joy,positive,169,1,8,2,"00:11:50,000","00:11:51,418",Hell yeah! I’ll marry you!,joy,3,3,joy,True,0.01926438,0.0011792119,0.0018814751,0.95114076,0.010991312,0.0064317854,0.009111066
1664,You can’t marry him!,Monica,anger,negative,169,2,8,2,"0:11:53,337","0:11:54,797",You can’t marry him!,anger,0,2,fear,False,0.13299194,0.019249165,0.36259082,0.051709216,0.026494525,0.33367318,0.073291205
1665,"Hey lady, your day’s over! It’s my turn!",Phoebe,anger,negative,169,3,8,2,"0:11:54,797","0:11:57,911","Hey lady, your day’s over! It’s my turn!",anger,0,3,joy,False,0.12913826,0.004369887,0.0037519443,0.78987896,0.0334311,0.02965857,0.009771318
1666,Phoebe!,Monica,surprise,negative,169,4,8,2,"0:11:58,634","0:11:59,385",Phoebe!,surprise,6,6,surprise,True,0.27814156,0.009265694,0.010292754,0.20067967,0.04691415,0.03519317,0.41951305
1667,Why?! Why can’t she marry me?!,Joey,surprise,negative,169,5,8,2,"0:11:59,385","0:12:00,659",Why?! Why can’t she marry me?!,surprise,6,5,sadness,False,0.2327804,0.015080749,0.12435571,0.06511491,0.035043567,0.2716714,0.2559532
1668,I can and I will!,Phoebe,anger,negative,169,6,8,2,"00:12:00,761","00:12:03,346",I can and I will!,anger,0,3,joy,False,0.09202009,0.0026094622,0.011445333,0.79672426,0.073142275,0.017982317,0.0060762987
1669,She’s not pregnant. It’s Rachel. Rachel’s the one who’s pregnant.,Monica,neutral,neutral,169,7,8,2,"00:12:04,348","00:12:08,643",She’s not pregnant. It’s Rachel. Rachel’s the one who’s pregnant.,neutral,4,4,neutral,True,0.03205289,0.0032091946,0.011410509,0.040064145,0.7564057,0.05053711,0.10632053
1670,Oh my God.,Joey,surprise,negative,169,8,8,2,"0:12:08,853","0:12:09,985",Oh my God.,surprise,6,6,surprise,True,0.020699563,0.008854698,0.0050039617,0.010314306,0.005921491,0.008509924,0.94069606
1671,Hey!,Phoebe,anger,negative,169,9,8,2,"0:12:09,985","0:12:11,371",Hey!,anger,0,3,joy,False,0.046776015,0.0025122454,0.0019906445,0.75225013,0.15590504,0.0082755955,0.032290366
1672,Phoebe I think he would notice if you didn’t have a baby in nine months!,Monica,anger,negative,169,10,8,2,"00:12:11,564","00:12:14,232",Phoebe I think he would notice if you didn’t have a baby in nine months!,anger,0,6,surprise,False,0.35841176,0.019627303,0.027949775,0.041816548,0.042870034,0.09544772,0.41387686
1673,It’s Joey!,Phoebe,surprise,negative,169,11,8,2,"00:12:14,483","00:12:16,818",It’s Joey!,surprise,6,3,joy,False,0.05180992,0.0014904947,0.0023141163,0.6697824,0.23912092,0.010753065,0.024729073
1674,Now I can’t believe it! What? Rachel’s pregnant?  Who’s the father?,Joey,surprise,positive,169,12,8,2,"00:12:21,407","00:12:25,869",Now I can’t believe it! What? Rachel’s pregnant?  Who’s the father?,surprise,6,6,surprise,True,0.06260173,0.013321845,0.037526656,0.030424535,0.02712594,0.082286835,0.7467125
1675,We don’t know.,Phoebe,neutral,neutral,169,13,8,2,"00:12:26,120","00:12:27,996",We don’t know.,neutral,4,4,neutral,True,0.013006772,0.004211263,0.011389957,0.035348117,0.9000682,0.019424895,0.016550723
1676,Ohh… I wonder if that dude.,Joey,neutral,neutral,169,14,8,2,"0:12:30,249","0:12:32,771",Ohh… I wonder if that dude.,neutral,4,3,joy,False,0.045373216,0.19624814,0.07290131,0.24252741,0.17077821,0.1282506,0.14392109
1677,There’s a dude?,Monica,surprise,negative,169,15,8,2,"0:12:32,771","0:12:33,045",There’s a dude?,surprise,6,3,joy,False,0.05348311,0.04209142,0.004526477,0.53215736,0.17286146,0.011803321,0.18307684
1678,Yeah.,Joey,neutral,neutral,169,16,8,2,"0:12:33,169","0:12:33,801",Yeah.,neutral,4,4,neutral,True,0.011395762,0.005739402,0.003721398,0.08856025,0.87720245,0.012423769,0.0009568344
1679,Who? Who is it?,Phoebe,surprise,negative,169,17,8,2,"0:12:33,801","0:12:35,090",Who? Who is it?,surprise,6,4,neutral,False,0.06425619,0.0026997402,0.016308041,0.06869131,0.6951615,0.025110535,0.12777263
1680,"About a month ago this guy spent the night with Rachel, I didn’t see who it was but",Joey,disgust,negative,169,18,8,2,"00:12:35,212","00:12:41,217","About a month ago this guy spent the night with Rachel, I didn’t see who it was but",disgust,1,6,surprise,False,0.09905298,0.03429629,0.01898717,0.015593313,0.07850529,0.05241311,0.7011519
1681,Was that story over?,Phoebe,neutral,neutral,169,19,8,2,"00:12:46,849","00:12:48,641",Was that story over?,neutral,4,4,neutral,True,0.038217314,0.0014724291,0.0067236093,0.17478403,0.72461826,0.044321395,0.009862978
1682,The guy left this.,Joey,neutral,neutral,169,20,8,2,"00:12:52,438","00:12:54,773",The guy left this.,neutral,4,4,neutral,True,0.020567507,0.008623445,0.003667704,0.0047958274,0.8928004,0.010674488,0.05887058
1683,Oh my God! I know who the father is,Phoebe,surprise,negative,169,21,8,2,"00:12:54,940","00:12:59,194",Oh my God! I know who the father is,surprise,6,6,surprise,True,0.021704294,0.0052051507,0.005696362,0.009506996,0.009017135,0.011195097,0.93767494
1684,People have got to finish their stories!,Monica,anger,negative,169,22,8,2,"00:13:03,449","00:13:06,367",People have got to finish their stories!,anger,0,3,joy,False,0.09689429,0.002443407,0.0155950105,0.6419839,0.18008138,0.04550456,0.017497463
1685,"Oh my God, you’re back!",Joey,surprise,positive,170,0,6,24,"00:17:08,569","00:17:09,944","Oh my God, you’re back!",surprise,6,6,surprise,True,0.019222237,0.0019437667,0.002961808,0.06518591,0.0099216,0.012533576,0.8882311
1686,"Ohh, let me see it! Let me see your hand!",Phoebe,surprise,positive,170,1,6,24,"00:17:10,112","00:17:11,821","Ohh, let me see it! Let me see your hand!",surprise,6,3,joy,False,0.096683934,0.0062866793,0.03101362,0.62247086,0.07042867,0.051991172,0.12112505
1687,Why do you want to see my hand?,Monica,neutral,neutral,170,2,6,24,"00:17:13,323","00:17:15,074",Why do you want to see my hand?,neutral,4,4,neutral,True,0.03649389,0.0064291772,0.018304037,0.020745797,0.79996616,0.026115108,0.091945864
1688,I wanna see what’s in your hand. I wanna see the trash.,Phoebe,disgust,negative,170,3,6,24,"00:17:15,242","00:17:18,036",I wanna see what’s in your hand. I wanna see the trash.,disgust,1,1,disgust,True,0.38161492,0.47253034,0.015079488,0.021398202,0.023488417,0.0746127,0.011275981
1690,"Eww! Oh, it’s all dirty. You should throw this out.",Phoebe,disgust,negative,170,4,6,24,"00:17:21,040","00:17:25,043","Eww! Oh, it’s all dirty. You should throw this out.",disgust,1,1,disgust,True,0.045667425,0.8037205,0.011119943,0.030834487,0.00833637,0.028465707,0.071855634
1691,No!,Ross,anger,negative,171,0,6,10,"00:15:34,934","00:15:36,517",No!,anger,0,2,fear,False,0.19431534,0.11039934,0.32096973,0.079783246,0.046334624,0.13501114,0.113186635
1692,Me too!,Monica,joy,positive,171,1,6,10,"00:15:37,770","00:15:39,228",Me too!,joy,3,3,joy,True,0.033795197,0.0018329201,0.0048224423,0.84798735,0.041191183,0.019600384,0.050770596
1693,"Hey, when the music starts up again, I was thinking of maybe goind into the robot, y’know?",Ross,neutral,neutral,171,2,6,10,"00:15:40,147","00:15:44,859","Hey, when the music starts up again, I was thinking of maybe goind into the robot, y’know?",neutral,4,4,neutral,True,0.00506878,0.0007869029,0.0016847968,0.038205925,0.9496828,0.0034288198,0.0011419888
1694,"Ross, I think we should stick to the routine, we don’t wanna look stupid!",Monica,joy,positive,171,3,6,10,"00:15:47,988","00:15:51,783","Ross, I think we should stick to the routine, we don’t wanna look stupid!",joy,3,2,fear,False,0.2776189,0.014297125,0.2907951,0.0903655,0.13905784,0.12221215,0.06565343
1695,Alright we’re back! Ten seconds left here we go! Ten! Nine! Eight! Seven!,Director,joy,positive,171,4,6,10,"00:15:56,747","00:16:06,756",Alright we’re back! Ten seconds left here we go! Ten! Nine! Eight! Seven!,joy,3,3,joy,True,0.07607814,0.004000476,0.014197163,0.7989938,0.060612332,0.01506861,0.03104946
1696,"Three, Two, One!",All,neutral,neutral,171,5,6,10,"00:16:09,259","00:16:12,303","Three, Two, One!",neutral,4,3,joy,False,0.15325882,0.0066235084,0.028482458,0.50458,0.23028381,0.03326932,0.04350204
1697,Cut!,Director,neutral,neutral,171,6,6,10,"00:16:12,554","00:16:14,305",Cut!,neutral,4,0,anger,False,0.37052134,0.04391819,0.14123525,0.05469409,0.01375148,0.31996444,0.05591519
1698,No! Year! Happy No Year!,Joey,joy,positive,171,7,6,10,"00:16:16,517","00:16:21,145",No! Year! Happy No Year!,joy,3,0,anger,False,0.43359214,0.061225303,0.13650301,0.04775119,0.025220932,0.21351315,0.08219428
1699,"Okay, here’s where we go to the live shot of Times Square, nice work everyone that’s a wrap!",Director,joy,positive,171,8,6,10,"00:16:22,690","00:16:26,145","Okay, here’s where we go to the live shot of Times Square, nice work everyone that’s a wrap!",joy,3,3,joy,True,0.01305408,0.0010710164,0.00058840687,0.9633947,0.015247987,0.003342971,0.0033008386
1700,"So Lizzie, are-are-are you planning on staying the night?",Paul,neutral,neutral,172,0,6,22,"00:14:11,475","00:14:13,935","So Lizzie, are-are-are you planning on staying the night?",neutral,4,2,fear,False,0.123261996,0.0070323204,0.33036286,0.12167947,0.32197687,0.07608863,0.019597823
1701,"Oh no-no believe me, I’m leaving as soon as possible!",Elizabeth,neutral,neutral,172,1,6,22,"00:14:14,103","00:14:17,313","Oh no-no believe me, I’m leaving as soon as possible!",neutral,4,0,anger,False,0.3239582,0.029709695,0.15320697,0.08739038,0.088773735,0.23497239,0.08198859
1702,"Good. Good. Not that we don’t want you to stay, obviously you’re welcome—How much more homework do you have?",Paul,neutral,neutral,172,2,6,22,"00:14:17,982","00:14:25,196","Good. Good. Not that we don’t want you to stay, obviously you’re welcome—How much more homework do you have?",neutral,4,4,neutral,True,0.10974067,0.057861477,0.047792517,0.16352901,0.44663578,0.15648907,0.01795145
1703,"I see. Y’know umm, Phoebe makes sock bunnies.",Chandler,neutral,neutral,173,0,6,17,"00:12:32,793","00:12:37,130","I see. Y’know umm, Phoebe makes sock bunnies.",neutral,4,4,neutral,True,0.0070406585,0.007740882,0.0015599834,0.037174203,0.9308661,0.0138452435,0.0017728452
1704,No!,Monica,surprise,negative,173,1,6,17,"0:12:37,298","0:12:38,216",No!,surprise,6,2,fear,False,0.1943154,0.11039935,0.32096964,0.07978327,0.046334628,0.13501109,0.1131867
1705,"No, she doesn’t.",Monica,neutral,neutral,173,2,6,17,"0:12:38,216","0:12:38,393","No, she doesn’t.",neutral,4,4,neutral,True,0.061618574,0.009048203,0.018514607,0.17106308,0.646641,0.06843471,0.024679882
1706,"Uh Phoebe, what she makes—that’s uh—they’re sock rabbits.",Monica,neutral,neutral,173,3,6,17,"00:12:38,507","00:12:41,009","Uh Phoebe, what she makes—that’s uh—they’re sock rabbits.",neutral,4,4,neutral,True,0.0034152102,0.0011051408,0.004738298,0.010136014,0.96644676,0.00833449,0.005824119
1707,They are completely different—Okay!,Monica,anger,negative,173,4,6,17,"0:12:41,177","0:12:42,846",They are completely different—Okay!,anger,0,0,anger,True,0.26281962,0.0143166995,0.02243392,0.18656914,0.16934597,0.08261801,0.26189664
1708,Okay!,Monica,surprise,negative,173,5,6,17,"0:12:42,846","0:12:43,568",Okay!,surprise,6,3,joy,False,0.060896147,0.0021429115,0.0024622777,0.8039549,0.10805234,0.007954427,0.014537029
1709,Okay!,Monica,surprise,negative,173,6,6,17,"0:12:43,568","0:12:43,828",Okay!,surprise,6,3,joy,False,0.060896147,0.0021429115,0.0024622777,0.8039549,0.10805234,0.007954427,0.014537029
1710,I didn’t make it!,Monica,sadness,negative,173,7,6,17,"0:12:43,888","0:12:47,225",I didn’t make it!,sadness,5,2,fear,False,0.1461014,0.021001073,0.33692172,0.07031863,0.03512685,0.26253453,0.1279958
1711,I’m sorry!,Monica,sadness,negative,173,8,6,17,"0:12:47,225","0:12:47,371",I’m sorry!,sadness,5,5,sadness,True,0.034879312,0.0072459555,0.06475268,0.05792904,0.07584944,0.59576386,0.16357972
1712,I totally forgot about tonight and the fact that we’re supposed to,Monica,neutral,neutral,173,9,6,17,"00:12:43,888","00:12:49,768",I totally forgot about tonight and the fact that we’re supposed to,neutral,4,6,surprise,False,0.03356361,0.0064920485,0.017996784,0.028999232,0.15587018,0.13849154,0.6185866
1713,"Oh, it’s okay. I don’t",Chandler,neutral,neutral,173,10,6,17,"0:12:49,935","0:12:51,562","Oh, it’s okay. I don’t",neutral,4,2,fear,False,0.051970426,0.012856405,0.45770487,0.07113187,0.09034955,0.27887502,0.037111867
1714,"No-no, it’s not okay!",Monica,sadness,negative,173,11,6,17,"0:12:51,562","0:12:52,397","No-no, it’s not okay!",sadness,5,2,fear,False,0.08711756,0.027114894,0.4380914,0.07855544,0.048484527,0.20940055,0.111235626
1715,It’s not!,Monica,sadness,negative,173,12,6,17,"0:12:52,397","0:12:53,005",It’s not!,sadness,5,0,anger,False,0.2580409,0.037854906,0.23847963,0.10158101,0.08098326,0.1473962,0.13566418
1716,I mean you were just… You’re so incredible!,Monica,sadness,negative,173,13,6,17,"00:12:53,063","00:12:54,564",I mean you were just… You’re so incredible!,sadness,5,3,joy,False,0.03322993,0.0020773653,0.006030532,0.8493772,0.01738794,0.019869486,0.07202757
1717,You went through all this time and effort to make this tape for me!,Monica,sadness,negative,173,14,6,17,"00:12:54,732","00:12:58,777",You went through all this time and effort to make this tape for me!,sadness,5,0,anger,False,0.84031516,0.017247936,0.013951736,0.031261507,0.018104717,0.04939351,0.029725455
1718,"Y’know I’m just gonna—I, I am gonna make this up to you!",Monica,joy,positive,173,15,6,17,"0:12:59,612","0:13:02,454","Y’know I’m just gonna—I, I am gonna make this up to you!",joy,3,0,anger,False,0.3034158,0.013193941,0.29448453,0.1834964,0.110049345,0.083883636,0.011476342
1719,I will!,Monica,sadness,negative,173,16,6,17,"0:13:02,454","0:13:03,304",I will!,sadness,5,3,joy,False,0.22023602,0.0044128885,0.018210197,0.5905531,0.13533184,0.022082958,0.009172963
1720,I-I am going to,Monica,neutral,neutral,173,17,6,17,"00:13:03,407","00:13:07,577",I-I am going to,neutral,4,3,joy,False,0.051811416,0.008115569,0.3398881,0.35252792,0.11225569,0.108274974,0.027126385
1721,"Well, I did put a lot of thought in the tape.",Chandler,neutral,neutral,173,18,6,17,"00:13:14,335","00:13:17,545","Well, I did put a lot of thought in the tape.",neutral,4,4,neutral,True,0.015552932,0.004180715,0.003744566,0.017706364,0.94080985,0.011934017,0.006071484
1722,"No.  And then I called him, and he wasn’t there.",Rachel,neutral,neutral,174,0,3,15,"00:17:37,431","00:17:40,433","No.  And then I called him, and he wasn’t there.",neutral,4,4,neutral,True,0.067217074,0.0076680235,0.027675528,0.08239449,0.5609524,0.23490997,0.019182496
1723,"Well, then he’s, he’s probably just, out.",Mark,neutral,neutral,174,1,3,15,"00:17:40,601","00:17:42,268","Well, then he’s, he’s probably just, out.",neutral,4,4,neutral,True,0.047704145,0.006796888,0.041138377,0.104946285,0.6631431,0.12208313,0.014188172
1724,"Oh, thank you that’s very helpful, I’m glad you came over.",Rachel,neutral,neutral,174,2,3,15,"00:17:42,436","00:17:45,480","Oh, thank you that’s very helpful, I’m glad you came over.",neutral,4,3,joy,False,0.008737021,0.0007080228,0.0008880925,0.90796214,0.06954809,0.008758813,0.003397712
1725,Hello.,Rachel,neutral,neutral,174,3,3,15,"0:17:50,527","0:17:51,119",Hello.,neutral,4,4,neutral,True,0.0036866616,0.000636409,0.00050915586,0.011374778,0.9807617,0.0022835894,0.0007476723
1726,Hi! It’s me.,Ross,sadness,negative,174,4,3,15,"0:17:51,119","0:17:52,661",Hi! It’s me.,sadness,5,3,joy,False,0.011375886,0.00056272565,0.0011698001,0.8675522,0.09735013,0.007881615,0.0141075775
1727,"Hi! Oh, I’m so glad you called.",Rachel,joy,positive,174,5,3,15,"00:17:53,155","00:17:56,491","Hi! Oh, I’m so glad you called.",joy,3,3,joy,True,0.0075381994,0.0006066531,0.0010893939,0.9502647,0.013500408,0.007059888,0.019940687
1728,"Really? I’ve been thinking, this is crazy, I mean don’t, don’t you think we can work on this?",Ross,sadness,negative,174,6,3,15,"00:17:56,658","00:17:59,994","Really? I’ve been thinking, this is crazy, I mean don’t, don’t you think we can work on this?",sadness,5,6,surprise,False,0.068469286,0.019778155,0.053339437,0.03696772,0.0309721,0.04046788,0.7500054
1729,"Hey, what do you want to drink?",Mark,neutral,neutral,174,7,3,15,"00:18:00,996","00:18:02,705","Hey, what do you want to drink?",neutral,4,4,neutral,True,0.0070784125,0.0017315424,0.0012319414,0.05595015,0.92713815,0.0044673802,0.0024024395
1730,Who’s that?,Ross,surprise,negative,174,8,3,15,"00:18:02,998","00:18:04,040",Who’s that?,surprise,6,4,neutral,False,0.036117528,0.006444899,0.007272003,0.0132249,0.7276211,0.010373248,0.19894636
1731,Nobody.,Rachel,neutral,neutral,174,9,3,15,"00:18:05,667","00:18:07,126",Nobody.,neutral,4,4,neutral,True,0.1346379,0.081125855,0.007455861,0.03349805,0.69585145,0.034280155,0.013150761
1732,Is it okay if I finish the apple juice?,Mark,neutral,neutral,174,10,3,15,"00:18:07,795","00:18:10,338",Is it okay if I finish the apple juice?,neutral,4,4,neutral,True,0.007491976,0.0013271621,0.0022822546,0.020365244,0.959763,0.008253695,0.00051660626
1733,Is that Mark?,Ross,neutral,neutral,174,11,3,15,"00:18:11,006","00:18:12,090",Is that Mark?,neutral,4,4,neutral,True,0.017309245,0.0023743648,0.006115528,0.006244817,0.9308478,0.008651346,0.028456932
1734,"Umm, honey, look he just came over to....",Rachel,neutral,neutral,174,12,3,15,"0:18:13,300","0:18:15,553","Umm, honey, look he just came over to....",neutral,4,4,neutral,True,0.009153714,0.0041453918,0.047282938,0.07964016,0.644942,0.14661306,0.06822281
1735,Yeah! Got it!,Ross,anger,negative,174,13,3,15,"0:18:15,553","0:18:17,109",Yeah! Got it!,anger,0,3,joy,False,0.03524467,0.002599147,0.0028250238,0.8025556,0.14514564,0.0074286256,0.004201276
1736,"Hey, dinosaur guy, look at you, so sad. Come dance.",Chloe,neutral,neutral,174,14,3,15,"00:18:22,059","00:18:28,022","Hey, dinosaur guy, look at you, so sad. Come dance.",neutral,4,5,sadness,False,0.0161074,0.005416678,0.019447725,0.056094,0.077208556,0.8148787,0.010846935
1737,"Ah, that’s okay, thanks.",Ross,sadness,negative,174,15,3,15,"00:18:25,270","00:18:28,022","Ah, that’s okay, thanks.",sadness,5,4,neutral,False,0.01644547,0.0036481577,0.0032536692,0.368422,0.57886714,0.027779521,0.0015840551
1738,"Hey, you don’t have to smile. You just have to dance.",Chloe,neutral,neutral,174,16,3,15,"00:18:28,315","00:18:32,527","Hey, you don’t have to smile. You just have to dance.",neutral,4,3,joy,False,0.025072832,0.0020013398,0.002312875,0.50963306,0.4396933,0.010564026,0.010722602
1739,"Look, I don’t feel like dancing, I feel like having a drink. Okay?",Ross,sadness,negative,174,17,3,15,"00:18:32,694","00:18:35,780","Look, I don’t feel like dancing, I feel like having a drink. Okay?",sadness,5,4,neutral,False,0.11473114,0.018465213,0.1584373,0.09704261,0.33868125,0.19552734,0.07711511
1740,"Oh, okay.  Hey, two beers.",Chloe,neutral,neutral,174,18,3,15,"00:18:35,948","00:18:38,533","Oh, okay.  Hey, two beers.",neutral,4,4,neutral,True,0.01839742,0.015709378,0.0021459155,0.16699798,0.7849066,0.009456416,0.002386268
1741,You wanna go in the bedroom? It’s a little more comfortable.,Rachel,neutral,neutral,175,0,7,12,"00:07:55,975","00:07:58,810",You wanna go in the bedroom? It’s a little more comfortable.,neutral,4,4,neutral,True,0.006165337,0.0020731704,0.0014722208,0.05071586,0.9299221,0.0070720315,0.0025791621
1742,Sure.,Tag,neutral,neutral,175,1,7,12,"00:07:59,061","00:08:00,729",Sure.,neutral,4,4,neutral,True,0.008585793,0.002659478,0.002117833,0.05554658,0.92244065,0.007897177,0.0007523806
1743,"Okay.  Oh wait! Umm, did you send those contracts to Milan?",Rachel,surprise,positive,175,2,7,12,"00:08:02,273","00:08:05,609","Okay.  Oh wait! Umm, did you send those contracts to Milan?",surprise,6,6,surprise,True,0.059269838,0.009415789,0.053581238,0.08561609,0.17492087,0.10407251,0.51312363
1744,If this is your idea of sexy talk?,Tag,surprise,positive,175,3,7,12,"00:08:06,777","00:08:10,322",If this is your idea of sexy talk?,surprise,6,0,anger,False,0.5533241,0.14541805,0.034770306,0.034750335,0.16279809,0.03698007,0.031959035
1745,"No seriously, y’know the contracts I gave you, did you overnight them?",Rachel,fear,negative,175,4,7,12,"00:08:10,490","00:08:13,074","No seriously, y’know the contracts I gave you, did you overnight them?",fear,2,4,neutral,False,0.05004438,0.0050551356,0.0091071315,0.06968035,0.83822334,0.018548517,0.009341284
1746,What contracts?,Tag,neutral,neutral,175,5,7,12,"00:08:13,242","00:08:14,242",What contracts?,neutral,4,6,surprise,False,0.13634385,0.0085810935,0.015779616,0.019059503,0.3065545,0.028905513,0.4847759
1747,Okay please tell me that this is just one of your jokes that you do that I don’t get.,Rachel,joy,positive,175,6,7,12,"00:08:14,410","00:08:18,246",Okay please tell me that this is just one of your jokes that you do that I don’t get.,joy,3,5,sadness,False,0.13551931,0.04929259,0.17697415,0.020997567,0.040190097,0.56853133,0.008494965
1748,Like what?,Tag,neutral,neutral,175,7,7,12,"00:08:18,414","00:08:19,581",Like what?,neutral,4,6,surprise,False,0.080914274,0.013931713,0.008577528,0.013537268,0.118564166,0.018984547,0.7454905
1749,"Y’know, like the thing when you put the phone in your pants?",Rachel,disgust,negative,175,8,7,12,"00:08:19,749","00:08:22,834","Y’know, like the thing when you put the phone in your pants?",disgust,1,1,disgust,True,0.3989886,0.45999032,0.013769664,0.041571975,0.0313236,0.04577529,0.008580482
1750,Tag!,Rachel,anger,negative,175,9,7,12,"0:08:24,670","0:08:24,837",Tag!,anger,0,3,joy,False,0.11986081,0.006820868,0.0024810974,0.73895,0.095494,0.011152286,0.025240956
1751,I’m serious!,Rachel,anger,negative,175,10,7,12,"0:08:24,837","0:08:26,649",I’m serious!,anger,0,6,surprise,False,0.02719768,0.0024830303,0.004831628,0.22396299,0.01861255,0.01042769,0.7124844
1752,This isn’t funny!,Rachel,anger,negative,175,11,7,12,"0:08:26,649","0:08:26,929",This isn’t funny!,anger,0,0,anger,True,0.62879145,0.048934076,0.13389327,0.027647449,0.018789366,0.094273664,0.047670774
1753,Those contracts absolutely had to go out today!,Rachel,anger,negative,175,12,7,12,"00:08:27,089","00:08:29,633",Those contracts absolutely had to go out today!,anger,0,3,joy,False,0.035374418,0.0018214396,0.0050861915,0.8626939,0.021052834,0.031370886,0.042600296
1754,"Rach, I’m sorry, but you didn’t give me any contracts!",Tag,surprise,negative,175,13,7,12,"00:08:29,842","00:08:31,843","Rach, I’m sorry, but you didn’t give me any contracts!",surprise,6,6,surprise,True,0.113782145,0.0130300345,0.08795546,0.06371717,0.07939357,0.29411477,0.3480068
1755,Yes I did! And I put a little,Rachel,anger,negative,175,14,7,12,"00:08:32,094","00:08:35,138",Yes I did! And I put a little,anger,0,0,anger,True,0.5843115,0.014647178,0.052611653,0.17807737,0.09761176,0.046362683,0.026377887
1756,"I’m telling you, you never gave them to me.",Tag,neutral,neutral,175,15,7,12,"00:08:44,440","00:08:46,274","I’m telling you, you never gave them to me.",neutral,4,4,neutral,True,0.17694037,0.044300124,0.029634673,0.08566139,0.40930653,0.099507496,0.15464938
1757,"Y’know what Tag, if we went down to the office you would see those contracts sitting on your desk.",Rachel,anger,negative,175,16,7,12,"00:08:46,442","00:08:51,154","Y’know what Tag, if we went down to the office you would see those contracts sitting on your desk.",anger,0,4,neutral,False,0.004970466,0.0009309767,0.00055309356,0.0077390745,0.9836183,0.001712494,0.0004754465
1758,"No, I would see you looking embarrassed because they are",Tag,anger,negative,175,17,7,12,"00:08:51,364","00:08:55,450","No, I would see you looking embarrassed because they are",anger,0,6,surprise,False,0.07458113,0.17849827,0.030969646,0.05280586,0.26560137,0.026571605,0.37097216
1759,Or maybe you would see me looking embarrassed because you are talking on the phone with your crotch!,Rachel,disgust,negative,175,18,7,12,"00:08:55,618","00:09:00,330",Or maybe you would see me looking embarrassed because you are talking on the phone with your crotch!,disgust,1,1,disgust,True,0.3218588,0.47450086,0.011376967,0.04428925,0.014078169,0.020052398,0.11384351
1760,You wanna go down to the office right now?,Tag,neutral,neutral,175,19,7,12,"00:09:01,374","00:09:03,458",You wanna go down to the office right now?,neutral,4,4,neutral,True,0.0024423448,0.00080364203,0.0010453751,0.0047808303,0.9878526,0.002176255,0.0008990383
1761,"No! Come on its late, we’re not gonna go down to the office.",Rachel,anger,negative,175,20,7,12,"00:09:03,626","00:09:06,836","No! Come on its late, we’re not gonna go down to the office.",anger,0,4,neutral,False,0.15145792,0.025661534,0.0574488,0.10627185,0.53068256,0.1051338,0.023343556
1762,Okay I understand.  I wouldn’t want to be proved wrong either.,Tag,neutral,neutral,175,21,7,12,"00:09:07,046","00:09:10,840",Okay I understand.  I wouldn’t want to be proved wrong either.,neutral,4,5,sadness,False,0.13168803,0.011596217,0.29001337,0.08671049,0.15949273,0.30101588,0.01948335
1763,Okay get your coat!  Oh! When did you unhook this?  Nice work!,Rachel,joy,positive,175,22,7,12,"00:09:14,512","00:09:18,557",Okay get your coat!  Oh! When did you unhook this?  Nice work!,joy,3,0,anger,False,0.4301806,0.025637845,0.011681329,0.27294192,0.020128768,0.033237,0.20619248
1764,"Hey Ross, this is one of my co-stars, Dirk.  Dirk, this    is my good friend Ross.",Joey,neutral,neutral,176,0,9,20,"00:17:49,723","00:17:53,977","Hey Ross, this is one of my co-stars, Dirk.  Dirk, this    is my good friend Ross.",neutral,4,4,neutral,True,0.024787776,0.002254142,0.002934956,0.07642377,0.85071766,0.013146149,0.029735494
1765,Nice to meet you.,Ross,neutral,neutral,176,1,9,20,"00:17:54,144","00:17:56,563",Nice to meet you.,neutral,4,4,neutral,True,0.010940483,0.0020919184,0.0016244781,0.12822124,0.8407368,0.00915562,0.007229345
1766,Oh and I need to talk to you.,Phoebe,neutral,neutral,177,0,9,1,"0:01:53,905","0:01:55,449",Oh and I need to talk to you.,neutral,4,4,neutral,True,0.0042288704,0.0012226568,0.010356747,0.017783826,0.9399076,0.021832515,0.00466782
1767,About what?,Monica,neutral,neutral,177,1,9,1,"0:01:55,449","0:01:56,307",About what?,neutral,4,4,neutral,True,0.027325084,0.003397727,0.00922253,0.03951189,0.8955046,0.017938929,0.007099146
1768,To see if know what these guys are talking about.,Phoebe,neutral,neutral,177,2,9,1,"00:01:56,449","00:01:59,159",To see if know what these guys are talking about.,neutral,4,0,anger,False,0.35980305,0.19942532,0.03029721,0.038616024,0.107621945,0.020141236,0.24409522
1769,"Pheebs, how’s it going?",Monica,neutral,neutral,178,0,6,5,"00:05:32,957","00:05:34,374","Pheebs, how’s it going?",neutral,4,4,neutral,True,0.0031174847,0.0007303011,0.0044441675,0.0338694,0.94562304,0.010492073,0.0017235517
1770,I’m doing okay. I think it’s going well. Do you think they’re having fun? Am I talking to fast?,Phoebe,neutral,neutral,178,1,6,5,"00:05:34,542","00:05:37,627",I’m doing okay. I think it’s going well. Do you think they’re having fun? Am I talking to fast?,neutral,4,4,neutral,True,0.05221096,0.010643069,0.33770737,0.12002411,0.3409033,0.10759993,0.030911231
1771,"Nope, sound like me. Pheebs, it’s going great. Look at Chandler with little baby girl Chandler.",Monica,joy,positive,178,2,6,5,"00:05:37,795","00:05:43,633","Nope, sound like me. Pheebs, it’s going great. Look at Chandler with little baby girl Chandler.",joy,3,4,neutral,False,0.016515777,0.0066493545,0.0034188095,0.43552062,0.50338095,0.025627626,0.008886795
1772,"Little baby girl Chandler, where I have heard that before?",Chandler,neutral,neutral,178,3,6,5,"0:05:44,385","0:05:46,857","Little baby girl Chandler, where I have heard that before?",neutral,4,4,neutral,True,0.04656651,0.0077335685,0.01352307,0.026541244,0.45291525,0.018480845,0.43423963
1773,"Oh right, Coach Ruben.",Chandler,neutral,neutral,178,4,6,5,"0:05:46,857","0:05:48,994","Oh right, Coach Ruben.",neutral,4,4,neutral,True,0.021902362,0.0021916549,0.0012971436,0.44899973,0.51535267,0.00825031,0.0020061126
1774,Do you know what Pheebs?,Chandler,neutral,neutral,178,5,6,5,"00:05:54,645","00:05:55,687",Do you know what Pheebs?,neutral,4,4,neutral,True,0.0064434507,0.0011386921,0.0014860894,0.0075676762,0.97308797,0.0027545919,0.0075216712
1775,"When you’re done over there, we kinda have a situation over here too.",Chandler,fear,negative,178,6,6,5,"00:05:55,855","00:05:59,399","When you’re done over there, we kinda have a situation over here too.",fear,2,4,neutral,False,0.08211128,0.025115618,0.24364845,0.07506704,0.5143164,0.05483751,0.004903744
1776,"Na-uh, no, we are all responsible for our own babies.",Phoebe,neutral,neutral,178,7,6,5,"00:06:00,234","00:06:03,195","Na-uh, no, we are all responsible for our own babies.",neutral,4,4,neutral,True,0.19521025,0.026184173,0.024268577,0.1867584,0.4561442,0.0931398,0.018294599
1777,See that’s where I think that you’re wrong. We’ve been playing these babies man for man. we should really be playing a zone defense.,Chandler,neutral,neutral,178,8,6,5,"00:06:06,991","00:06:09,534",See that’s where I think that you’re wrong. We’ve been playing these babies man for man. we should really be playing a zone defense.,neutral,4,4,neutral,True,0.25360098,0.06076963,0.039382156,0.21862887,0.30271032,0.113546334,0.01136172
1778,What do you mean?,Monica,surprise,negative,178,9,6,5,"00:06:10,119","00:06:11,161",What do you mean?,surprise,6,4,neutral,False,0.012631526,0.0016230443,0.004339924,0.0072939405,0.9281296,0.0062241503,0.039757807
1779,Forgive me? You haven't been taking my calls in a week!,Chandler,anger,negative,179,0,5,23,"00:00:52,135","00:00:57,765",Forgive me? You haven't been taking my calls in a week!,anger,0,0,anger,True,0.5858322,0.030516084,0.051411986,0.033759676,0.02317652,0.24351625,0.031787295
1780,"Well, I'm totally over it Chandler. Friends forever! Don't come out here!",Joey,anger,negative,179,1,5,23,"00:00:57,974","00:01:07,357","Well, I'm totally over it Chandler. Friends forever! Don't come out here!",anger,0,0,anger,True,0.3981912,0.020536272,0.21154112,0.07802402,0.031972226,0.20575193,0.053983174
1781,"Uh, what was that?",Chandler,surprise,negative,179,2,5,23,"0:01:06,316","0:01:07,276","Uh, what was that?",surprise,6,4,neutral,False,0.0074916882,0.001880404,0.006547484,0.0065200366,0.91786975,0.0073631145,0.052327655
1782,"Uh,",Joey,neutral,neutral,179,3,5,23,"0:01:07,276","0:01:07,413","Uh,",neutral,4,4,neutral,True,0.0064999852,0.004992538,0.041571487,0.018444013,0.9017768,0.024307169,0.0024080689
1783,"...I'm, I'm okay.",Chandler,neutral,neutral,180,0,1,20,"00:22:02,779","00:22:05,406","...I'm, I'm okay.",neutral,4,4,neutral,True,0.020274509,0.002440364,0.031421866,0.15649393,0.7246168,0.062655985,0.0020965033
1784,"That sounds good. I'll call you- or you call me, whatever...",Chandler,neutral,neutral,180,1,1,20,"00:22:08,618","00:22:11,620","That sounds good. I'll call you- or you call me, whatever...",neutral,4,4,neutral,True,0.07854444,0.026563019,0.21710248,0.07060274,0.5237689,0.07820132,0.0052171396
1785,Okay.,Chandler,neutral,neutral,180,2,1,20,"00:22:13,123","00:22:14,498",Okay.,neutral,4,4,neutral,True,0.007576495,0.0018695078,0.0009824757,0.04457578,0.94050366,0.0039436813,0.00054840284
1786,Bye.,All,neutral,neutral,180,3,1,20,"00:22:14,666","00:22:16,584",Bye.,neutral,4,4,neutral,True,0.009644022,0.003104582,0.002635737,0.018809732,0.9563425,0.008632875,0.0008305595
1787,Whoo-hoo!,Phoebe,joy,positive,180,4,1,20,"0:22:18,420","0:22:18,754",Whoo-hoo!,joy,3,3,joy,True,0.02565005,0.002700903,0.0012949179,0.9034981,0.012695831,0.0045609027,0.04959922
1788,"Yeah, there you go!",Monica,joy,positive,180,5,1,20,"0:22:18,754","0:22:20,108","Yeah, there you go!",joy,3,3,joy,True,0.030332241,0.0016322486,0.001534327,0.8921134,0.06172236,0.0058129835,0.0068525304
1789,Second date!,Ross,joy,positive,180,6,1,20,"00:22:20,213","00:22:22,006",Second date!,joy,3,3,joy,True,0.118863374,0.0042660586,0.00454282,0.5865708,0.117200494,0.020693293,0.14786312
1790,...I dunno.,Chandler,neutral,neutral,180,7,1,20,"00:22:22,174","00:22:23,924",...I dunno.,neutral,4,4,neutral,True,0.00832191,0.0013225517,0.0023452127,0.09826057,0.8797061,0.008748722,0.0012949617
1792,"Well, she seems very nice and everything, but that whole thing about her coming all the way down here, just to see if I was okay?",Chandler,anger,negative,180,8,1,20,"00:22:25,469","00:22:32,808","Well, she seems very nice and everything, but that whole thing about her coming all the way down here, just to see if I was okay?",anger,0,4,neutral,False,0.079155184,0.0069679245,0.027323317,0.068036094,0.6785421,0.114912465,0.02506295
1793,"I mean,... how needy is that?",Chandler,disgust,negative,180,9,1,20,"00:22:29,389","00:22:32,808","I mean,... how needy is that?",disgust,1,4,neutral,False,0.0047907094,0.00079615903,0.0012220788,0.017905721,0.96396416,0.0033185699,0.008002578
1794,Remember when you where a kid and your Mom would drop you off at the movies with a jar of jam and a little spoon?,Joey,neutral,neutral,181,0,3,3,"00:08:21,626","00:08:28,423",Remember when you where a kid and your Mom would drop you off at the movies with a jar of jam and a little spoon?,neutral,4,4,neutral,True,0.05914499,0.011065992,0.009328565,0.073662475,0.6324209,0.20729177,0.0070853312
1795,You're so pretty.,Rachel,joy,positive,181,1,3,3,"00:08:31,594","00:08:33,345",You're so pretty.,joy,3,3,joy,True,0.018702764,0.0025414552,0.0012859672,0.91409934,0.011794088,0.0053135585,0.046262786
1796,Hi!,Phoebe,joy,positive,181,2,3,3,"0:08:38,434","0:08:40,186",Hi!,joy,3,3,joy,True,0.0143403085,0.00074478035,0.0006996317,0.949595,0.019807633,0.0036564504,0.011156246
1797,"Hey, Phoebe.",All,neutral,neutral,181,3,3,3,"0:08:40,186","0:08:40,450","Hey, Phoebe.",neutral,4,4,neutral,True,0.005433585,0.00084820634,0.0005278963,0.047699552,0.9381624,0.005254252,0.0020741387
1798,"Hey, oh, you know that guy who's been following me? I talked to him today.",Phoebe,neutral,neutral,181,4,3,3,"00:08:40,561","00:08:44,314","Hey, oh, you know that guy who's been following me? I talked to him today.",neutral,4,6,surprise,False,0.25973672,0.045281973,0.021335077,0.033796374,0.20241077,0.06522137,0.37221768
1799,You talked to him. Are you crazy?,Joey,surprise,negative,181,5,3,3,"00:08:44,482","00:08:47,150",You talked to him. Are you crazy?,surprise,6,6,surprise,True,0.25552222,0.042746585,0.017945394,0.015084496,0.019302726,0.017571343,0.63182724
1800,"Thank you, Happy Holidays.",Phoebe,joy,positive,182,0,5,10,"00:09:16,222","00:09:18,640","Thank you, Happy Holidays.",joy,3,3,joy,True,0.021278583,0.002331088,0.0014585287,0.8316433,0.11906929,0.021941269,0.002277968
1801,"Now, that's trash. Young lady, you can't…  Hey! Stop that young lady, she donated trash!",Phoebe,anger,negative,182,1,5,10,"00:09:24,272","00:09:28,567","Now, that's trash. Young lady, you can't…  Hey! Stop that young lady, she donated trash!",anger,0,0,anger,True,0.53680867,0.12211089,0.031746123,0.02217485,0.024462035,0.16364148,0.09905593
1802,Hey!!,Phoebe,anger,negative,182,2,5,10,"00:09:29,694","00:09:31,570",Hey!!,anger,0,3,joy,False,0.051395323,0.0027769397,0.0025609182,0.7892936,0.085375175,0.010604577,0.0579935
1803,The charity's on fire!,Phoebe,fear,negative,182,3,5,10,"00:09:32,196","00:09:34,072",The charity's on fire!,fear,2,6,surprise,False,0.16862091,0.012531892,0.036862023,0.078872375,0.031069592,0.13549674,0.53654647
1804,Help!,Phoebe,fear,negative,182,4,5,10,"0:09:34,240","0:09:35,702",Help!,fear,2,3,joy,False,0.16775163,0.009688101,0.16060828,0.2275402,0.09711167,0.19961959,0.13768053
1805,Oh good!,Phoebe,joy,positive,182,5,5,10,"0:09:35,702","0:09:36,514",Oh good!,joy,3,3,joy,True,0.018857209,0.0024253961,0.0013233636,0.9120717,0.008613665,0.0055426005,0.05116612
1806,"Thank you, I need that.",Phoebe,joy,positive,182,6,5,10,"0:09:36,514","0:09:36,706","Thank you, I need that.",joy,3,4,neutral,False,0.005215277,0.00090185663,0.0019014027,0.050388288,0.93018353,0.010764437,0.00064523914
1807,Whoa!,Phoebe,surprise,negative,182,7,5,10,"00:09:36,826","00:09:37,951",Whoa!,surprise,6,6,surprise,True,0.031639297,0.005691579,0.0036742275,0.014972244,0.006696229,0.0055412743,0.9317852
1808,What is that?!,Phoebe,surprise,negative,182,8,5,10,"0:09:38,119","0:09:40,791",What is that?!,surprise,6,6,surprise,True,0.22807248,0.050629217,0.01848425,0.035171475,0.065256946,0.03495682,0.56742877
1809,It's nine o'clock in the morning!,Phoebe,surprise,negative,182,9,5,10,"0:09:40,791","0:09:42,216",It's nine o'clock in the morning!,surprise,6,3,joy,False,0.062200956,0.0022850223,0.0024305375,0.75647396,0.08534203,0.012717551,0.07854986
1810,Can I help you?,Female Clerk,neutral,neutral,183,0,6,22,"00:13:39,068","00:13:40,179",Can I help you?,neutral,4,4,neutral,True,0.0035616348,0.00052590156,0.0018322575,0.01317474,0.9737837,0.0059866016,0.0011351011
1811,"Uh yeah, where-where’s the guy who decides who’s pictures go up on the wall?",Joey,neutral,neutral,183,1,6,22,"00:13:40,227","00:13:44,280","Uh yeah, where-where’s the guy who decides who’s pictures go up on the wall?",neutral,4,4,neutral,True,0.0064570783,0.0012109972,0.0026770916,0.013862381,0.9648161,0.007673369,0.0033030265
1812,He’s not here right now.,Female Clerk,neutral,neutral,183,2,6,22,"0:13:44,448","0:13:45,590",He’s not here right now.,neutral,4,4,neutral,True,0.08131346,0.025761621,0.015418157,0.024363361,0.7223043,0.05960164,0.07123746
1813,"Oh, you’re kidding me!",Joey,anger,negative,183,3,6,22,"0:13:45,590","0:13:47,500","Oh, you’re kidding me!",anger,0,6,surprise,False,0.2283327,0.03747163,0.0100659225,0.027292248,0.009561814,0.015775634,0.6715001
1814,"All-all right, well make sure you tell him that Joey Tribbiani stopped by to drop off all of these clothes.",Joey,neutral,neutral,183,4,6,22,"00:13:47,618","00:13:51,746","All-all right, well make sure you tell him that Joey Tribbiani stopped by to drop off all of these clothes.",neutral,4,4,neutral,True,0.016107729,0.0023660585,0.0025520748,0.031467993,0.9393468,0.007111717,0.0010476996
1815,Okay?,Joey,neutral,neutral,183,5,6,22,"0:13:51,914","0:13:52,457",Okay?,neutral,4,4,neutral,True,0.03466236,0.0019477106,0.0048085386,0.049566142,0.8937878,0.008183622,0.007043829
1816,I’m an actor. I’m kinda getting my picture up there on the wall.,Joey,neutral,neutral,183,6,6,22,"0:13:52,457","0:13:55,095",I’m an actor. I’m kinda getting my picture up there on the wall.,neutral,4,3,joy,False,0.03819302,0.018026875,0.006745385,0.7880757,0.11478945,0.026311612,0.007858009
1817,"Y’know, there are two people who could put your picture up there.",Female Clerk,neutral,neutral,183,7,6,22,"00:13:55,209","00:13:59,337","Y’know, there are two people who could put your picture up there.",neutral,4,4,neutral,True,0.01867349,0.0026719947,0.002521841,0.020963691,0.94048476,0.008205853,0.006478369
1818,"Oh really? Well, maybe you and I go out for drinks?  You’re the other one right?",Joey,neutral,neutral,183,8,6,22,"00:13:59,713","00:14:07,929","Oh really? Well, maybe you and I go out for drinks?  You’re the other one right?",neutral,4,6,surprise,False,0.026601434,0.005907262,0.009066349,0.09677484,0.089040495,0.021895448,0.7507141
1819,"Yeah, and it really freaked me out! And after a while I even tried to hurt you and it just spurred you on.",Phoebe,sadness,negative,184,0,8,14,"00:14:28,640","00:14:33,760","Yeah, and it really freaked me out! And after a while I even tried to hurt you and it just spurred you on.",sadness,5,0,anger,False,0.4087406,0.014820897,0.12050368,0.17726897,0.030134294,0.22161478,0.026916804
1820,What?! You’re crazy! There’s nothing sexual about the noises I make!,Monica,surprise,positive,184,1,8,14,"00:14:34,000","00:14:37,960",What?! You’re crazy! There’s nothing sexual about the noises I make!,surprise,6,6,surprise,True,0.23955989,0.030002879,0.01766222,0.027016895,0.01384016,0.02646367,0.6454542
1822,There’s nothing sexual about this?,Phoebe,anger,negative,184,2,8,14,"00:14:34,000","00:14:37,960",There’s nothing sexual about this?,anger,0,4,neutral,False,0.09887082,0.027650326,0.041757155,0.033324976,0.49756372,0.04186256,0.25897053
1824,Oo God!,Phoebe,sadness,negative,184,3,8,14,"00:14:41,160","00:14:43,520",Oo God!,sadness,5,6,surprise,False,0.057484135,0.031863853,0.017226862,0.058493145,0.010024341,0.03642842,0.78847927
1828,What are you looking at?!,Phoebe,anger,negative,184,4,8,14,"00:14:46,280","00:14:49,280",What are you looking at?!,anger,0,6,surprise,False,0.09629614,0.007826258,0.011409955,0.014556692,0.05842903,0.014283435,0.7971984
1829,I mean hi.,Phoebe,neutral,neutral,184,5,8,14,"00:14:49,600","00:14:51,000",I mean hi.,neutral,4,4,neutral,True,0.0062431796,0.00068812846,0.0009732811,0.16096772,0.8237541,0.004920572,0.002453034
1830,"Oh my—This is so embarrassing. Oh my God, I’m never gonna get massaged again!",Monica,fear,negative,184,6,8,14,"00:15:00,000","00:15:03,480","Oh my—This is so embarrassing. Oh my God, I’m never gonna get massaged again!",fear,2,6,surprise,False,0.051883746,0.056393657,0.04899892,0.06804947,0.01535458,0.21241975,0.54689986
1831,"No, you can’t let this stop you from getting massages!",Phoebe,sadness,negative,184,7,8,14,"00:15:03,680","00:15:06,600","No, you can’t let this stop you from getting massages!",sadness,5,5,sadness,True,0.21106294,0.01775216,0.2765013,0.07267314,0.04282174,0.30614278,0.07304598
1832,"No look, I have, I have lots of clients that make the same noises you do!",Phoebe,neutral,neutral,184,8,8,14,"00:15:06,840","00:15:10,240","No look, I have, I have lots of clients that make the same noises you do!",neutral,4,0,anger,False,0.5448257,0.10448088,0.036991514,0.049344387,0.06582193,0.14041704,0.05811856
1833,Really?!,Monica,surprise,negative,184,9,8,14,"00:15:10,440","00:15:12,920",Really?!,surprise,6,6,surprise,True,0.014048146,0.0021440072,0.0018117679,0.0064784433,0.005270856,0.0035501614,0.96669656
1834,"Well not clients, lovers. But let’s just y’know, try it again. Come back and-and we’ll work through it.",Phoebe,neutral,neutral,184,10,8,14,"00:15:10,440","00:15:19,160","Well not clients, lovers. But let’s just y’know, try it again. Come back and-and we’ll work through it.",neutral,4,4,neutral,True,0.018558025,0.0043568574,0.0071902443,0.040541824,0.9159456,0.012800863,0.00060660654
1835,Are you sure?,Monica,surprise,positive,184,11,8,14,"0:15:19,360","0:15:20,120",Are you sure?,surprise,6,4,neutral,False,0.06768051,0.006341819,0.027605884,0.13322161,0.59439987,0.039088633,0.13166171
1836,Yes.,Phoebe,neutral,neutral,184,12,8,14,"0:15:20,120","0:15:22,142",Yes.,neutral,4,4,neutral,True,0.016987337,0.002180908,0.0034835692,0.13284007,0.8251953,0.016043354,0.0032693937
1837,I guess.,Monica,neutral,neutral,184,13,8,14,"00:15:22,280","00:15:26,320",I guess.,neutral,4,4,neutral,True,0.007813776,0.004276051,0.008987201,0.03872876,0.8641123,0.06839446,0.007687435
1838,"Great! Okay, if you’ll just excuse me.  So, did you hear something you liked?",Phoebe,joy,positive,184,14,8,14,"00:15:26,560","00:15:30,080","Great! Okay, if you’ll just excuse me.  So, did you hear something you liked?",joy,3,3,joy,True,0.042233884,0.0038222566,0.0020051901,0.9091652,0.022050416,0.006939847,0.013783218
1854,"Thanks for the coffee, or bedankt voor de koffie, Gunter.",Ross,neutral,neutral,185,0,8,7,"00:09:46,169","00:09:51,339","Thanks for the coffee, or bedankt voor de koffie, Gunter.",neutral,4,4,neutral,True,0.006795352,0.0014287524,0.0008695915,0.08707355,0.8959679,0.00695925,0.0009056154
1855,"Yeah, we’re done.",Ross,neutral,neutral,185,1,8,7,"00:10:00,616","00:10:01,391","Yeah, we’re done.",neutral,4,4,neutral,True,0.027421707,0.005707051,0.0036836828,0.1621777,0.7866179,0.013066791,0.0013251245
1856,Ezel? Ezel? Ezel?,Ross,surprise,negative,185,2,8,7,"00:10:05,563","00:10:08,440",Ezel? Ezel? Ezel?,surprise,6,1,disgust,False,0.086780876,0.31142354,0.07794067,0.056027085,0.03144463,0.1349353,0.3014479
1857,"Hey Ross! Listen, do you want to go see that new Imax movie on tide pools?",Joey,joy,positive,185,3,8,7,"00:10:09,191","00:10:14,404","Hey Ross! Listen, do you want to go see that new Imax movie on tide pools?",joy,3,3,joy,True,0.038302865,0.0020938609,0.0060433773,0.48933995,0.41066954,0.029655797,0.023894645
1858,Really?!,Ross,surprise,negative,185,4,8,7,"00:10:14,572","00:10:17,032",Really?!,surprise,6,6,surprise,True,0.014048146,0.0021440072,0.0018117679,0.0064784433,0.005270856,0.0035501614,0.96669656
1859,"No. But I got Knicks tickets for you, me, and Chandler.",Joey,neutral,neutral,185,5,8,7,"00:10:18,576","00:10:21,453","No. But I got Knicks tickets for you, me, and Chandler.",neutral,4,4,neutral,True,0.015869323,0.0017164762,0.0021083818,0.08554725,0.87490416,0.013431441,0.0064229667
1860,Sweet!,Ross,joy,positive,185,6,8,7,"0:10:21,621","0:10:22,331",Sweet!,joy,3,3,joy,True,0.008276385,0.0011971105,0.0011788934,0.95784146,0.01779694,0.007313147,0.006396129
1861,"All right, well finish your coffee; let’s go.",Joey,neutral,neutral,185,7,8,7,"0:10:22,331","0:10:24,552","All right, well finish your coffee; let’s go.",neutral,4,4,neutral,True,0.021462377,0.00543965,0.0017335677,0.10640632,0.8556604,0.008421207,0.00087642926
1862,"Ah, no-no-no just Ross. Ross and Joey is embarrassing enough.",Chandler,disgust,negative,186,0,8,8,"00:07:27,530","00:07:30,699","Ah, no-no-no just Ross. Ross and Joey is embarrassing enough.",disgust,1,1,disgust,True,0.22846274,0.41122362,0.020795107,0.08068545,0.047027174,0.072133556,0.13967235
1863,"Uh actually, sorry I can’t even make it. I’m seeing Mona again tonight.",Ross,neutral,neutral,186,1,8,8,"00:07:30,867","00:07:34,578","Uh actually, sorry I can’t even make it. I’m seeing Mona again tonight.",neutral,4,5,sadness,False,0.013803986,0.0034727596,0.044543363,0.09744643,0.2228631,0.5917366,0.026133753
1864,I understand: who would cancel an actual date to go to a fake bachelor party?,Chandler,neutral,neutral,186,2,8,8,"00:07:34,829","00:07:38,498",I understand: who would cancel an actual date to go to a fake bachelor party?,neutral,4,4,neutral,True,0.14909293,0.010443294,0.03882517,0.03741304,0.4135178,0.32208335,0.028624438
1865,I’m sorry I gotta cancel tonight baby,Joey,sadness,negative,186,3,8,8,"00:07:38,749","00:07:40,709",I’m sorry I gotta cancel tonight baby,sadness,5,5,sadness,True,0.037414655,0.0044550123,0.070631765,0.0754986,0.17493127,0.6176894,0.019379321
1866,"So it's down to these two, Nancy I know you like this one and I think I agree. Rachel, what do you think?",Kim,neutral,neutral,187,0,5,18,"00:04:52,250","00:04:59,089","So it's down to these two, Nancy I know you like this one and I think I agree. Rachel, what do you think?",neutral,4,4,neutral,True,0.04940916,0.0038638099,0.0062429626,0.112440005,0.75825167,0.05894777,0.0108446805
1867,"Well umm, that one is pretty but uh, I just, I just love this fabric  Sorry.",Rachel,neutral,neutral,187,1,5,18,"00:04:59,257","00:05:05,512","Well umm, that one is pretty but uh, I just, I just love this fabric  Sorry.",neutral,4,3,joy,False,0.025581984,0.010597737,0.02081667,0.45582885,0.31594616,0.15997289,0.011255677
1868,"Oh don't be sorry, that's part of your job here to give your opinions and then I take credit for them--I'm kidding.",Kim,neutral,neutral,187,2,5,18,"00:05:05,680","00:05:11,82","Oh don't be sorry, that's part of your job here to give your opinions and then I take credit for them--I'm kidding.",neutral,4,4,neutral,True,0.13727666,0.019054994,0.03508818,0.25282112,0.36648914,0.13886085,0.05040902
1869,"She is kidding, but don't ever disagree with her again. Okay, now I'm kidding!",Nancy,joy,positive,187,3,5,18,"00:05:12,020","00:05:17,441","She is kidding, but don't ever disagree with her again. Okay, now I'm kidding!",joy,3,0,anger,False,0.7965503,0.03589863,0.03679921,0.032933913,0.021127783,0.05969309,0.016997123
1870,"Oh, what a fun office.",Rachel,joy,positive,187,4,5,18,"00:05:17,608","00:05:19,693","Oh, what a fun office.",joy,3,3,joy,True,0.01786874,0.0029680403,0.00075041666,0.9337096,0.03177291,0.004829296,0.008100861
1871,"I don't know which one, but I do know I need a cigarette.",Kim,neutral,neutral,187,5,5,18,"00:05:20,945","00:05:24,239","I don't know which one, but I do know I need a cigarette.",neutral,4,4,neutral,True,0.016387805,0.006868857,0.017548712,0.015512844,0.9268922,0.0130433375,0.0037462867
1872,"So what do you say we take a break, we go outside, and we'll figure this out when we come back?",Kim,neutral,neutral,187,6,5,18,"00:05:24,407","00:05:28,243","So what do you say we take a break, we go outside, and we'll figure this out when we come back?",neutral,4,4,neutral,True,0.021365434,0.0016782356,0.0039032076,0.018677812,0.94158,0.0094528105,0.0033425277
1873,Rachel? Do you smoke?,Kim,neutral,neutral,187,7,5,18,"00:05:31,497","00:05:33,874",Rachel? Do you smoke?,neutral,4,4,neutral,True,0.06694622,0.06665708,0.013912701,0.030298624,0.57266027,0.02314901,0.22637609
1874,"Oh no, my dad's a doctor and he would always tell me just horror stories……about ghosts and goblins who totally supported the princess's right to smoke.",Rachel,neutral,neutral,187,8,5,18,"00:05:34,042","00:05:49,139","Oh no, my dad's a doctor and he would always tell me just horror stories……about ghosts and goblins who totally supported the princess's right to smoke.",neutral,4,5,sadness,False,0.056122307,0.046434548,0.031769324,0.064634554,0.23283899,0.55364907,0.014551161
1875,What?,Joey,neutral,neutral,188,0,1,4,"0:06:55,123","0:06:55,666",What?,neutral,4,6,surprise,False,0.024754373,0.003382966,0.010811309,0.0077529964,0.24595141,0.009165473,0.69818145
1876,Peach pit.,Ross,neutral,neutral,188,1,1,4,"0:06:55,666","0:06:57,140",Peach pit.,neutral,4,4,neutral,True,0.0056060674,0.0022435298,0.0007024831,0.0047624093,0.9827862,0.0030289677,0.00087040965
1877,"Yes, Bunny?",Chandler,neutral,neutral,188,2,1,4,"00:06:57,542","00:06:58,583","Yes, Bunny?",neutral,4,4,neutral,True,0.0652456,0.0038328602,0.00834866,0.19757746,0.63722926,0.02426927,0.06349685
1878,"Peach pit. That night we, uh- we had-",Ross,neutral,neutral,188,3,1,4,"00:07:00,128","00:07:04,339","Peach pit. That night we, uh- we had-",neutral,4,4,neutral,True,0.0033349146,0.0013944556,0.0030139664,0.05250535,0.9214386,0.01655474,0.0017580779
1879,-Peaches?,Joey,neutral,neutral,188,4,1,4,"00:07:01,504","00:07:04,339",-Peaches?,neutral,4,4,neutral,True,0.008933992,0.0016297256,0.0015083282,0.0067075016,0.95472217,0.0050817775,0.021416534
1880,"Actually, nectarines, but basically...",Ross,neutral,neutral,188,5,1,4,"00:07:04,507","00:07:06,967","Actually, nectarines, but basically...",neutral,4,4,neutral,True,0.00841518,0.0015244202,0.0022762476,0.03348886,0.9405368,0.011263108,0.0024953468
1881,Could've been a peach.,Chandler,neutral,neutral,188,6,1,4,"00:07:08,428","00:07:11,138",Could've been a peach.,neutral,4,4,neutral,True,0.004213246,0.0018864035,0.0008964472,0.02834582,0.95539,0.0058349925,0.0034330594
1882,"Then, uh, then we got dressed, and I-I... I walked her to the-  -the bus stop... I'm fine.",Ross,neutral,neutral,188,7,1,4,"00:07:11,305","00:07:20,313","Then, uh, then we got dressed, and I-I... I walked her to the-  -the bus stop... I'm fine.",neutral,4,5,sadness,False,0.059546895,0.01086316,0.17550175,0.09240074,0.2747261,0.37978148,0.007179903
1883,"Hey, that woman's got an ass like Carol's!  What? Thought we were trying to find stuff.",Joey,joy,positive,188,8,1,4,"00:07:20,481","00:07:30,282","Hey, that woman's got an ass like Carol's!  What? Thought we were trying to find stuff.",joy,3,6,surprise,False,0.106657386,0.008506205,0.0043490375,0.1296885,0.13326867,0.01410084,0.6034294
1884,All right!,Joey,joy,positive,189,0,4,23,"00:06:39,982","00:06:41,817",All right!,joy,3,3,joy,True,0.054706816,0.0023105377,0.0019641086,0.84319764,0.07814727,0.008056885,0.011616789
1885,Westminster Abbey!,Joey,joy,positive,189,1,4,23,"00:06:41,984","00:06:44,027",Westminster Abbey!,joy,3,6,surprise,False,0.21530159,0.008661006,0.0055190194,0.28564942,0.031864103,0.023238106,0.42976677
1886,"Hands down, best Abbey I’ve ever seen.",Joey,joy,positive,189,2,4,23,"00:06:44,195","00:06:46,780","Hands down, best Abbey I’ve ever seen.",joy,3,0,anger,False,0.306516,0.041846253,0.005600584,0.2890911,0.24628644,0.068074234,0.042585384
1887,Hey!,Joey,joy,positive,189,3,4,23,"00:06:47,949","00:06:49,366",Hey!,joy,3,3,joy,True,0.046776,0.0025122452,0.0019906424,0.75225,0.15590508,0.008275591,0.032290343
1888,Okay.,Joey,neutral,neutral,189,4,4,23,"00:06:49,534","00:06:50,826",Okay.,neutral,4,4,neutral,True,0.007576495,0.0018695078,0.0009824757,0.04457578,0.94050366,0.0039436813,0.00054840284
1889,"What do you think of the Abbey, Chandler?",Joey,neutral,neutral,189,5,4,23,"00:06:50,993","00:06:53,036","What do you think of the Abbey, Chandler?",neutral,4,4,neutral,True,0.02078425,0.004180737,0.0047316724,0.01913943,0.89806014,0.011747411,0.041356303
1890,"I think it’s great. It’s great. Y’know, they’re thinking of changing the name of this place.",Chandler,neutral,neutral,189,6,4,23,"00:06:53,871","00:06:57,040","I think it’s great. It’s great. Y’know, they’re thinking of changing the name of this place.",neutral,4,3,joy,False,0.02192739,0.002099675,0.0033050233,0.7296545,0.22242583,0.018315727,0.0022718613
1891,Really? To what?,Joey,surprise,negative,189,7,4,23,"0:06:57,208","0:06:58,043",Really? To what?,surprise,6,6,surprise,True,0.012679484,0.0020406535,0.0027194212,0.004920382,0.0149215,0.0042100972,0.95850843
1892,To Put the Camera Away!!!,Chandler,anger,negative,189,8,4,23,"0:06:58,043","0:07:00,486",To Put the Camera Away!!!,anger,0,0,anger,True,0.8715659,0.02695252,0.016649067,0.02156377,0.007883927,0.021008432,0.03437641
1893,"Man,",Joey,neutral,neutral,189,9,4,23,"00:07:01,671","00:07:04,464","Man,",neutral,4,4,neutral,True,0.13719428,0.28225696,0.008206838,0.05644409,0.37900195,0.041493397,0.09540248
1894,"Y'know, I can't believe I'm getting my nails done!  And",Chandler,surprise,negative,190,0,4,15,"00:00:02,711","00:00:04,712","Y'know, I can't believe I'm getting my nails done!  And",surprise,6,6,surprise,True,0.20702873,0.052817363,0.13408907,0.053516187,0.03387447,0.25264436,0.26602983
1895,"Chandler, there’s a guy right over there.",Rachel,neutral,neutral,190,1,4,15,"0:00:14,597","0:00:16,308","Chandler, there’s a guy right over there.",neutral,4,4,neutral,True,0.010019147,0.0036083653,0.002120928,0.009228697,0.9370172,0.008083013,0.029922683
1896,That’s a mailman! That’s,Chandler,surprise,negative,190,2,4,15,"0:00:16,308","0:00:18,926",That’s a mailman! That’s,surprise,6,6,surprise,True,0.027805373,0.0045768428,0.0049898913,0.04346174,0.2956915,0.016774816,0.6066999
1897,"Chandler, don’t worry! This doesn’t make you any less of a guy!",Rachel,neutral,neutral,190,3,4,15,"00:00:27,736","00:00:32,031","Chandler, don’t worry! This doesn’t make you any less of a guy!",neutral,4,2,fear,False,0.2160488,0.014095186,0.27780217,0.1224459,0.08464427,0.19884902,0.08611466
1898,"Hey, you know who used to have nails like that?",Chandler,neutral,neutral,190,4,4,15,"00:00:43,793","00:00:45,961","Hey, you know who used to have nails like that?",neutral,4,4,neutral,True,0.021167962,0.00676241,0.0023865805,0.021290032,0.823591,0.0076961266,0.11710591
1900,"Eh..., I don’t, I don’t know.",Chandler,sadness,negative,191,0,3,10,"0:00:02,877","0:00:04,639","Eh..., I don’t, I don’t know.",sadness,5,4,neutral,False,0.037004948,0.011766539,0.14460106,0.12921427,0.4671347,0.12232683,0.08795159
1901,What?,Rachel,neutral,neutral,191,1,3,10,"0:00:04,639","0:00:05,395",What?,neutral,4,6,surprise,False,0.024754364,0.0033829666,0.010811306,0.007752994,0.24595141,0.0091654705,0.69818157
1902,"Well, as old as he is in dog years, do you think Snoopy should still be allowed to fly this thing?",Chandler,sadness,negative,191,2,3,10,"00:00:05,505","00:00:11,677","Well, as old as he is in dog years, do you think Snoopy should still be allowed to fly this thing?",sadness,5,4,neutral,False,0.10785667,0.029431365,0.012219157,0.062142536,0.66756654,0.10445326,0.016330393
1903,Rachel?,Gunther,neutral,neutral,191,3,3,10,"0:00:11,886","0:00:12,558",Rachel?,neutral,4,4,neutral,True,0.026028791,0.0021075238,0.0064178524,0.0077258786,0.6398885,0.009582638,0.30824882
1904,Yeah.,Rachel,neutral,neutral,191,4,3,10,"0:00:12,558","0:00:14,063",Yeah.,neutral,4,4,neutral,True,0.011395762,0.005739402,0.003721398,0.08856025,0.87720245,0.012423769,0.0009568344
1905,"Do you remember when you first came here, how you spent two weeks getting trained by another waitress?",Gunther,neutral,neutral,191,5,3,10,"00:00:14,180","00:00:18,183","Do you remember when you first came here, how you spent two weeks getting trained by another waitress?",neutral,4,4,neutral,True,0.19174443,0.033828482,0.008801952,0.08491684,0.5092065,0.05045581,0.12104596
1906,"Oh, sure! Do you need me to train somebody new?",Rachel,joy,positive,191,6,3,10,"00:00:18,351","00:00:21,103","Oh, sure! Do you need me to train somebody new?",joy,3,3,joy,True,0.14909682,0.010852177,0.07329706,0.22577697,0.16825227,0.16579582,0.20692885
1907,"Good one. Actually, ah, Terry wants you to take the training again, whenever.",Gunther,neutral,neutral,191,7,3,10,"00:00:21,271","00:00:28,694","Good one. Actually, ah, Terry wants you to take the training again, whenever.",neutral,4,3,joy,False,0.048781708,0.0061543565,0.0025970035,0.5693438,0.3554268,0.013917342,0.0037790034
1908,"Eh, do you believe that?",Rachel,surprise,positive,191,8,3,10,"00:00:33,658","00:00:35,325","Eh, do you believe that?",surprise,6,6,surprise,True,0.13864848,0.022995358,0.04870825,0.06747354,0.22295666,0.036945883,0.4622718
1909,Yeah?,Chandler,neutral,neutral,191,9,3,10,"00:00:40,874","00:00:41,915",Yeah?,neutral,4,4,neutral,True,0.044267964,0.004174616,0.014962202,0.05144279,0.6884847,0.018331625,0.17833607
1910,"Hey honey, you got the kind with the little girl, you said we were gonna to get the kind with the baby.",Chandler,anger,negative,192,0,6,21,"00:07:52,889","00:07:57,142","Hey honey, you got the kind with the little girl, you said we were gonna to get the kind with the baby.",anger,0,4,neutral,False,0.00863227,0.002922711,0.003620078,0.04895431,0.90771645,0.026927209,0.0012269245
1911,"No, you said the baby creeps you out.",Monica,neutral,neutral,192,1,6,21,"0:07:57,310","0:07:58,982","No, you said the baby creeps you out.",neutral,4,5,sadness,False,0.1439577,0.23235957,0.031413004,0.14519176,0.18267462,0.2412912,0.02311217
1912,"No, the little girl creeps me out.",Chandler,anger,negative,192,2,6,21,"0:07:58,982","0:08:00,703","No, the little girl creeps me out.",anger,0,3,joy,False,0.29364908,0.026804961,0.011753751,0.4555508,0.14378288,0.060818758,0.007639753
1913,You said the baby.,Monica,neutral,neutral,192,3,6,21,"0:08:00,813","0:08:01,773",You said the baby.,neutral,4,4,neutral,True,0.030694628,0.009725097,0.008833901,0.028356925,0.67431974,0.17186573,0.07620393
1914,Why would the baby creep me out?,Chandler,anger,negative,192,4,6,21,"0:08:01,773","0:08:03,307",Why would the baby creep me out?,anger,0,5,sadness,False,0.15963852,0.025328357,0.10864755,0.07385493,0.10630217,0.4456699,0.08055862
1915,Why would the little girl creep you out?,Monica,anger,negative,192,5,6,21,"00:08:03,399","00:08:06,151",Why would the little girl creep you out?,anger,0,0,anger,True,0.51374185,0.050847724,0.0399311,0.05460937,0.12551187,0.064507,0.15085109
1916,"You guys, I’m sorry, could you please talk a little slower?",Phoebe,neutral,neutral,192,6,6,21,"00:08:06,319","00:08:08,695","You guys, I’m sorry, could you please talk a little slower?",neutral,4,5,sadness,False,0.03982686,0.0087068165,0.24049944,0.047329172,0.25476855,0.3748969,0.033972215
1917,This is going in your book?,Chandler,surprise,negative,192,7,6,21,"0:08:08,863","0:08:10,156",This is going in your book?,surprise,6,6,surprise,True,0.1415551,0.018832946,0.017837612,0.01343082,0.08491768,0.020023102,0.70340276
1918,"Yeah, it’s about relationships. Y’know? The traps, the pitfalls, what not to do, keep going. This stuff is great!",Phoebe,joy,positive,192,8,6,21,"0:08:10,156","0:08:17,067","Yeah, it’s about relationships. Y’know? The traps, the pitfalls, what not to do, keep going. This stuff is great!",joy,3,3,joy,True,0.07080733,0.004468265,0.006775524,0.72726756,0.15036038,0.021718446,0.018602526
1919,What?! Excuse me!,Monica,surprise,negative,192,9,6,21,"00:08:17,163","00:08:18,705",What?! Excuse me!,surprise,6,6,surprise,True,0.053639572,0.005745774,0.0038715946,0.0053627957,0.010836937,0.0056061046,0.9149372
1920,And how none of it matters when the people really love each other.,Phoebe,neutral,neutral,192,10,6,21,"00:08:18,873","00:08:22,667",And how none of it matters when the people really love each other.,neutral,4,4,neutral,True,0.12475674,0.009241669,0.029547257,0.24913552,0.45822832,0.12523057,0.0038599498
1921,And how people will believe anything you tell them as long as it’s a compliment.,Phoebe,neutral,neutral,192,11,6,21,"00:08:24,462","00:08:28,965",And how people will believe anything you tell them as long as it’s a compliment.,neutral,4,4,neutral,True,0.048506994,0.007885698,0.004424604,0.13630097,0.7847452,0.015750071,0.0023864226
1923,"Yes, I made it!",Ross,joy,positive,193,0,8,12,"0:17:21,248","0:17:22,250","Yes, I made it!",joy,3,3,joy,True,0.056481488,0.0017203438,0.00548428,0.8610908,0.04635349,0.015195612,0.0136739435
1924,I’m on time!,Ross,joy,positive,193,1,8,12,"0:17:22,250","0:17:23,980",I’m on time!,joy,3,3,joy,True,0.06220582,0.0016881864,0.0037404913,0.8435851,0.069691956,0.010552761,0.008535758
1925,"Okay, why don’t we all uh,  open our books to page 23.",Ross,neutral,neutral,193,2,8,12,"00:17:29,757","00:17:37,680","Okay, why don’t we all uh,  open our books to page 23.",neutral,4,4,neutral,True,0.008209659,0.0013991226,0.0018282708,0.043460622,0.9376293,0.0060173078,0.001455795
1926,Where…  Where you will see…a uh…a bunch of uh…red spots.,Ross,neutral,neutral,193,3,8,12,"00:17:37,931","00:17:45,438",Where…  Where you will see…a uh…a bunch of uh…red spots.,neutral,4,4,neutral,True,0.013170644,0.013937345,0.07235953,0.036051244,0.8020289,0.053399835,0.009052419
1927,"Okay,  umm, why don’t, why don’t you all start to read, while I—",Ross,neutral,neutral,193,4,8,12,"00:17:51,070","00:17:55,990","Okay,  umm, why don’t, why don’t you all start to read, while I—",neutral,4,4,neutral,True,0.020184176,0.0035982318,0.031134052,0.053674024,0.8481501,0.035867907,0.0073916167
1928,"Yeah, all right. All right! Just keep walkin'! All right?",Rachel,anger,negative,194,0,5,23,"00:17:27,629","00:17:30,923","Yeah, all right. All right! Just keep walkin'! All right?",anger,0,3,joy,False,0.33985698,0.012080871,0.016698252,0.4533878,0.1409334,0.028724497,0.008318269
1929,"Ross! What are you… I'm sorry sir. I just, I think he just really likes you.",Rachel,neutral,neutral,194,1,5,23,"00:17:40,642","00:17:51,194","Ross! What are you… I'm sorry sir. I just, I think he just really likes you.",neutral,4,6,surprise,False,0.03877833,0.00618437,0.039721977,0.06644586,0.16721791,0.118395016,0.56325656
1930,Hey! Y'know that teacher who had a baby with her student?,Ross,neutral,neutral,194,2,5,23,"00:17:50,152","00:17:55,073",Hey! Y'know that teacher who had a baby with her student?,neutral,4,4,neutral,True,0.29020438,0.028322302,0.011512996,0.05766288,0.35646877,0.028652523,0.22717611
1931,What the? What,Ross,surprise,negative,194,3,5,23,"00:17:55,240","00:17:56,616",What the? What,surprise,6,6,surprise,True,0.038590875,0.0039529772,0.0068871356,0.008791485,0.10096851,0.008811511,0.8319976
1933,Miss? May I help you?,Flight Attendant,neutral,neutral,194,4,5,23,"00:18:06,585","00:18:08,086",Miss? May I help you?,neutral,4,4,neutral,True,0.014640564,0.00078211376,0.0034284203,0.04884582,0.89841366,0.015328049,0.018561263
1934,"Okay look, don't...don't be mad okay?",Chandler,fear,negative,195,0,6,7,"00:20:04,870","00:20:07,163","Okay look, don't...don't be mad okay?",fear,2,2,fear,True,0.15759972,0.018468691,0.44850913,0.07829663,0.11695145,0.13439009,0.04578428
1935,"But after I unpacked the boxes I wanted to do something nice for you, so, I-I-I cleaned the apartment.",Chandler,neutral,neutral,195,1,6,7,"00:20:07,331","00:20:14,921","But after I unpacked the boxes I wanted to do something nice for you, so, I-I-I cleaned the apartment.",neutral,4,3,joy,False,0.04036464,0.003390236,0.03325446,0.6481104,0.21390164,0.051385075,0.009593553
1936,"So I moved everything around and then I forgot where it, where it went back and I'm sorry, I'm very sorry, I'm sorry, I'm sorry.",Chandler,sadness,negative,195,2,6,7,"00:20:15,088","00:20:22,595","So I moved everything around and then I forgot where it, where it went back and I'm sorry, I'm very sorry, I'm sorry, I'm sorry.",sadness,5,6,surprise,False,0.035527047,0.011999845,0.07030451,0.044134125,0.2547504,0.26548862,0.3177954
1937,"It's okay. Chandler, are you afraid of me or something?",Monica,neutral,neutral,195,3,6,7,"00:20:26,266","00:20:28,351","It's okay. Chandler, are you afraid of me or something?",neutral,4,2,fear,False,0.1470009,0.021421043,0.56616527,0.040094994,0.14173654,0.0693187,0.014262535
1938,Do you want me to be afraid of you?,Chandler,neutral,neutral,195,4,6,7,"00:20:29,311","00:20:31,187",Do you want me to be afraid of you?,neutral,4,2,fear,False,0.13829696,0.035422716,0.6063992,0.040407427,0.09092757,0.067028664,0.021517433
1939,Of course not.,Monica,neutral,neutral,195,5,6,7,"00:20:32,439","00:20:34,482",Of course not.,neutral,4,4,neutral,True,0.121802665,0.024875749,0.08755665,0.10836207,0.50618416,0.12954403,0.021674646
1940,"I mean gosh, Chandler what you did, it's, it's a wonderful thing and I really appreciate it.",Monica,joy,positive,195,6,6,7,"00:20:34,775","00:20:39,946","I mean gosh, Chandler what you did, it's, it's a wonderful thing and I really appreciate it.",joy,3,3,joy,True,0.0121457605,0.0014831608,0.0031209986,0.7975597,0.15433197,0.028759584,0.0025988685
1941,"I know I have this weird thing where I want everything to be in the perfect place, but I'd never expect you to worry about that.",Monica,joy,positive,195,7,6,7,"00:20:40,656","00:20:46,285","I know I have this weird thing where I want everything to be in the perfect place, but I'd never expect you to worry about that.",joy,3,5,sadness,False,0.02971572,0.0072440025,0.12393563,0.16690132,0.26466697,0.34429982,0.0632365
1942,Really?,Chandler,surprise,positive,195,8,6,7,"00:20:47,037","00:20:48,162",Really?,surprise,6,6,surprise,True,0.01102862,0.0017802678,0.0017859407,0.005565043,0.00803783,0.00324887,0.96855336
1943,Of course!,Monica,neutral,neutral,195,9,6,7,"00:20:49,081","00:20:50,706",Of course!,neutral,4,6,surprise,False,0.23649459,0.019222554,0.0402794,0.24355079,0.10345944,0.09993275,0.2570605
1944,Oh well you're the best. You come here to me.,Chandler,joy,positive,195,10,6,7,"00:20:51,291","00:20:54,669",Oh well you're the best. You come here to me.,joy,3,4,neutral,False,0.027945044,0.0044474085,0.0067095743,0.19658929,0.71802294,0.03646218,0.009823554
1945,"All right, hold on okay? First thing's first.  Okay, now did Ross sit",Monica,neutral,neutral,195,11,6,7,"00:20:55,712","00:21:02,677","All right, hold on okay? First thing's first.  Okay, now did Ross sit",neutral,4,4,neutral,True,0.090025105,0.004815113,0.035814907,0.068314865,0.76531255,0.033445828,0.0022715644
1946,"Okay, that's it. I cannot make this decision! It is",Ross,anger,negative,196,0,5,4,"00:14:47,720","00:14:51,848","Okay, that's it. I cannot make this decision! It is",anger,0,0,anger,True,0.39032966,0.019648349,0.32942253,0.034722116,0.029986857,0.17728616,0.018604323
1947,"A Magic Eight ball?! You can't be serious, you can't make this decision with a toy!",Monica,disgust,negative,196,1,5,4,"00:14:57,730","00:15:04,444","A Magic Eight ball?! You can't be serious, you can't make this decision with a toy!",disgust,1,6,surprise,False,0.25362793,0.025905346,0.092762105,0.046392903,0.036314588,0.09764125,0.44735587
1948,"Ooh, it's not a toy.",Phoebe,anger,negative,196,2,5,4,"00:15:02,401","00:15:04,444","Ooh, it's not a toy.",anger,0,4,neutral,False,0.060198277,0.012579106,0.021440184,0.08253366,0.6689125,0.0758329,0.0785034
1949,"Well, I don't know what else to do.",Ross,sadness,negative,196,3,5,4,"00:15:05,863","00:15:08,406","Well, I don't know what else to do.",sadness,5,4,neutral,False,0.05773672,0.015703572,0.14082879,0.091262326,0.43185985,0.18435292,0.07825587
1950,"I mean, I either keep my wife and lose one of my-my-my best friends or I keep my friend and get divorced the second time before I'm 30!",Ross,anger,negative,196,4,5,4,"00:15:08,574","00:15:16,873","I mean, I either keep my wife and lose one of my-my-my best friends or I keep my friend and get divorced the second time before I'm 30!",anger,0,0,anger,True,0.75322735,0.014258021,0.052758783,0.048487257,0.02189612,0.09987305,0.009499333
1951,"So-so if anyone has-has a better suggestion, let's hear it!",Ross,anger,negative,196,5,5,4,"00:15:17,041","00:15:20,276","So-so if anyone has-has a better suggestion, let's hear it!",anger,0,3,joy,False,0.2799988,0.0055792956,0.03560888,0.47782496,0.12280609,0.040018678,0.038163323
1952,'Cause I-I got nothing!,Ross,anger,negative,196,6,5,4,"0:15:20,544","0:15:22,129",'Cause I-I got nothing!,anger,0,4,neutral,False,0.19345362,0.01464584,0.20735835,0.1408682,0.24464858,0.14130954,0.05771591
1953,"All right, don't be shy, any suggestion will do.",Ross,anger,negative,196,7,5,4,"0:15:22,129","0:15:25,657","All right, don't be shy, any suggestion will do.",anger,0,4,neutral,False,0.021030623,0.0054119057,0.02843127,0.022609774,0.9125027,0.008918016,0.0010957475
1954,Okay then.,Ross,neutral,neutral,196,8,5,4,"00:15:31,055","00:15:32,889",Okay then.,neutral,4,4,neutral,True,0.007598457,0.0015918267,0.0011836628,0.017154729,0.9688338,0.0031452274,0.0004922549
1955,Here we go.,Ross,neutral,neutral,196,9,5,4,"00:15:35,809","00:15:37,685",Here we go.,neutral,4,4,neutral,True,0.013742067,0.00266325,0.0020978423,0.17719692,0.7919557,0.011179101,0.0011650673
1956,"Magic 8 Ball, should I never see Rachel again?",Ross,neutral,neutral,196,10,5,4,"00:15:38,646","00:15:43,399","Magic 8 Ball, should I never see Rachel again?",neutral,4,5,sadness,False,0.018298902,0.008929202,0.041481845,0.018216811,0.080508135,0.8218675,0.010697512
1957,Ask again later.,Ross,neutral,neutral,196,11,5,4,"00:15:47,196","00:15:48,363",Ask again later.,neutral,4,4,neutral,True,0.0049813464,0.0010323278,0.0020477884,0.005063436,0.98031074,0.0037177943,0.002846548
1958,Later is not good enough.,Ross,anger,negative,196,12,5,4,"00:15:50,157","00:15:53,660",Later is not good enough.,anger,0,4,neutral,False,0.23384607,0.039946638,0.042686835,0.10165747,0.38383478,0.1789636,0.019064613
1959,Ask again later.,Ross,neutral,neutral,196,13,5,4,"00:15:59,458","00:16:00,500",Ask again later.,neutral,4,4,neutral,True,0.004981351,0.0010323278,0.0020477893,0.005063439,0.98031074,0.0037177978,0.0028465493
1960,What the hell!,Ross,anger,negative,196,14,5,4,"00:16:00,668","00:16:01,709",What the hell!,anger,0,0,anger,True,0.45996875,0.10192789,0.009345326,0.04063886,0.009205364,0.015451069,0.36346275
1961,This is broken!,Ross,anger,negative,196,15,5,4,"0:16:01,877","0:16:04,859",This is broken!,anger,0,5,sadness,False,0.18264565,0.023431469,0.10292977,0.024571331,0.0148573015,0.62927717,0.022287387
1962,It-it is broken!,Ross,anger,negative,196,16,5,4,"0:16:04,859","0:16:05,227",It-it is broken!,anger,0,5,sadness,False,0.093016416,0.015363869,0.17705819,0.029503254,0.016532674,0.6409294,0.027596263
1963,"All right, let me see.  Will Chandler have sex tonight?  Don't count on it. Seems like it works to me.",Monica,neutral,neutral,196,17,5,4,"00:16:05,589","00:16:19,644","All right, let me see.  Will Chandler have sex tonight?  Don't count on it. Seems like it works to me.",neutral,4,4,neutral,True,0.04788187,0.0049140756,0.0057882755,0.4450722,0.4532727,0.04036423,0.002706696
1964,Excuse me.,The Fan,neutral,neutral,197,0,6,14,"0:05:54,020","0:05:55,105",Excuse me.,neutral,4,4,neutral,True,0.05256903,0.0098611,0.009449933,0.024670474,0.74877995,0.024269065,0.13040036
1965,Yeah?,Phoebe,neutral,neutral,197,1,6,14,"0:05:55,105","0:05:55,634",Yeah?,neutral,4,4,neutral,True,0.044267964,0.004174616,0.014962206,0.05144279,0.6884847,0.018331625,0.17833605
1966,Are you Phoebe Buffay?,The Fan,neutral,neutral,197,2,6,14,"0:05:55,730","0:05:57,162",Are you Phoebe Buffay?,neutral,4,4,neutral,True,0.012975898,0.0011899055,0.0022328927,0.0061729513,0.9266061,0.0047907913,0.04603143
1967,Yeah.,Phoebe,neutral,neutral,197,3,6,14,"0:05:57,162","0:05:58,035",Yeah.,neutral,4,4,neutral,True,0.011395762,0.0057393997,0.003721398,0.08856025,0.87720245,0.012423769,0.0009568353
1968,"Can-can I get your autograph, I’m your biggest fan.",The Fan,joy,positive,197,4,6,14,"00:05:58,816","00:06:01,693","Can-can I get your autograph, I’m your biggest fan.",joy,3,3,joy,True,0.021675538,0.0011860548,0.0024404335,0.880579,0.07307108,0.015065851,0.0059819915
1969,"I think she took it pretty well. You know Paolo's over there right now, so...",Phoebe,neutral,neutral,198,0,1,12,"00:16:50,926","00:16:54,887","I think she took it pretty well. You know Paolo's over there right now, so...",neutral,4,4,neutral,True,0.09023444,0.0064336383,0.012140924,0.32185638,0.4400231,0.07326479,0.056046735
1970,"Ah...ooh! Well, looks like, uh, we kicked your butts.",Ross,joy,positive,198,1,1,12,"00:17:08,402","00:17:11,279","Ah...ooh! Well, looks like, uh, we kicked your butts.",joy,3,3,joy,True,0.103682704,0.01410548,0.006173938,0.73600006,0.02542755,0.034913525,0.079696745
1971,"No-no, she kicked our butts. You could be on the Olympic standing-there team.",Joey,anger,negative,198,2,1,12,"00:17:11,447","00:17:15,491","No-no, she kicked our butts. You could be on the Olympic standing-there team.",anger,0,3,joy,False,0.2015199,0.040204987,0.042652473,0.37606087,0.1829121,0.059753127,0.09689653
1972,"Come on, two on one.",Ross,neutral,neutral,198,3,1,12,"00:17:15,951","00:17:17,160","Come on, two on one.",neutral,4,4,neutral,True,0.061362155,0.005607825,0.0042164233,0.21948566,0.69470114,0.013079353,0.0015474983
1973,"What are you still doing here? She just broke up with the guy, it's time for you to swoop in!",Chandler,surprise,negative,198,4,1,12,"00:17:17,411","00:17:21,581","What are you still doing here? She just broke up with the guy, it's time for you to swoop in!",surprise,6,0,anger,False,0.6294691,0.02293076,0.02697656,0.024233071,0.027181435,0.111670695,0.1575384
1974,"What, now?",Ross,surprise,negative,198,5,1,12,"00:17:23,083","00:17:24,500","What, now?",surprise,6,6,surprise,True,0.13746281,0.008667779,0.04178354,0.06732843,0.22851746,0.06907215,0.4471678
1975,"Yes, now is when you swoop!",Joey,joy,positive,198,6,1,12,"00:17:24,668","00:17:26,294","Yes, now is when you swoop!",joy,3,3,joy,True,0.36599395,0.037234314,0.056447636,0.39787287,0.055400804,0.047547728,0.03950272
1976,"You gotta make sure that when Paolo walks out of there, the first guy Rachel sees is you, She's gotta know that you're everything he's not!",Joey,joy,positive,198,7,1,12,"00:17:26,462","00:17:32,842","You gotta make sure that when Paolo walks out of there, the first guy Rachel sees is you, She's gotta know that you're everything he's not!",joy,3,0,anger,False,0.38081396,0.023610437,0.13423191,0.09638214,0.13798855,0.17474864,0.052224368
1977,"You're like, like the anti-Paolo!",Joey,anger,negative,198,8,1,12,"00:17:33,010","00:17:34,969","You're like, like the anti-Paolo!",anger,0,0,anger,True,0.6946935,0.16141894,0.015273501,0.034895524,0.016615227,0.05085136,0.026252007
1978,My Catholic friend is right.,Chandler,neutral,neutral,198,9,1,12,"00:17:36,930","00:17:38,681",My Catholic friend is right.,neutral,4,3,joy,False,0.042749368,0.0024605696,0.0025343401,0.76160294,0.16832954,0.019622263,0.0027009938
1979,She's distraught.,Chandler,neutral,neutral,198,10,1,12,"0:17:39,308","0:17:40,190",She's distraught.,neutral,4,4,neutral,True,0.02822829,0.0036609257,0.020569919,0.023408238,0.647474,0.19361489,0.083043836
1980,You're there for her.,Chandler,neutral,neutral,198,11,1,12,"0:17:40,190","0:17:41,400",You're there for her.,neutral,4,4,neutral,True,0.032932457,0.0025388855,0.0016798174,0.12947054,0.8111884,0.019219304,0.0029705616
1981,"You pick up the pieces, and then you usher in the age of Ross!",Chandler,joy,positive,198,12,1,12,"00:17:41,518","00:17:47,273","You pick up the pieces, and then you usher in the age of Ross!",joy,3,0,anger,False,0.8522512,0.027713621,0.013976391,0.029132083,0.022310505,0.024681088,0.029935023
1982,"Well, I just called Joshua",Rachel,neutral,neutral,199,0,4,20,"00:17:54,656","00:17:56,240","Well, I just called Joshua",neutral,4,4,neutral,True,0.0061894637,0.00083447184,0.00090114155,0.01563054,0.9659088,0.0065205744,0.0040149307
1983,"Oh, how did it go?",Phoebe,sadness,negative,199,1,4,20,"00:17:56,408","00:17:57,857","Oh, how did it go?",sadness,5,4,neutral,False,0.00845949,0.0010624172,0.006503878,0.062533855,0.85168886,0.020792095,0.04895941
1984,"Well, I did my best to convince him that I’m not some crazy girl who is dying to get married—I’m just going through a hard time.",Rachel,neutral,neutral,199,2,4,20,"0:17:58,035","0:18:05,209","Well, I did my best to convince him that I’m not some crazy girl who is dying to get married—I’m just going through a hard time.",neutral,4,5,sadness,False,0.03835219,0.005605798,0.040291682,0.021008749,0.034921452,0.84866554,0.0111547
1985,What did he say?,Phoebe,neutral,neutral,199,3,4,20,"0:18:05,209","0:18:06,465",What did he say?,neutral,4,4,neutral,True,0.03601373,0.004865601,0.02722431,0.02090146,0.6653966,0.01669448,0.22890377
1986,"Well uh, his answering machine was",Rachel,sadness,negative,199,4,4,20,"00:18:06,585","00:18:15,259","Well uh, his answering machine was",sadness,5,4,neutral,False,0.002299473,0.0004827566,0.0009094401,0.002091401,0.9901155,0.0023429035,0.001758539
1987,"Ohh, sweetie!  Hey, I bet you anything that he’s gonna call you again.",Monica,sadness,negative,199,5,4,20,"00:18:17,930","00:18:20,348","Ohh, sweetie!  Hey, I bet you anything that he’s gonna call you again.",sadness,5,3,joy,False,0.01803187,0.0031633482,0.0120603945,0.67788696,0.1940934,0.0633127,0.03145129
1988,"Yeah, maybe, but I don’t think I even care.",Rachel,sadness,negative,199,6,4,20,"00:18:20,516","00:18:24,393","Yeah, maybe, but I don’t think I even care.",sadness,5,4,neutral,False,0.1358682,0.11101799,0.06945486,0.08326928,0.40152997,0.1667044,0.032155283
1989,I don’t think he’s the one I’m sad about.,Rachel,sadness,negative,199,7,4,20,"00:18:24,853","00:18:28,523",I don’t think he’s the one I’m sad about.,sadness,5,5,sadness,True,0.07385007,0.019064067,0.1247517,0.08520783,0.23170982,0.3592095,0.10620693
1990,"Y’know, I know that I said that I am totally okay with Ross getting married, but as it turns out, I don’t think I’m handling it all that well.",Rachel,sadness,negative,199,8,4,20,"00:18:29,733","00:18:39,033","Y’know, I know that I said that I am totally okay with Ross getting married, but as it turns out, I don’t think I’m handling it all that well.",sadness,5,4,neutral,False,0.0380671,0.003045242,0.010696143,0.06906217,0.81883967,0.05709154,0.0031980083
1991,"Yeah, maybe.",Phoebe,sadness,negative,199,9,4,20,"00:18:39,451","00:18:40,493","Yeah, maybe.",sadness,5,4,neutral,False,0.0067771836,0.0100559965,0.014092605,0.038066838,0.9050781,0.024222532,0.0017066791
1992,And I-I am just trying to figure out why.,Rachel,sadness,negative,199,10,4,20,"00:18:42,079","00:18:44,705",And I-I am just trying to figure out why.,sadness,5,5,sadness,True,0.103123665,0.010556007,0.14641385,0.08961464,0.16430077,0.36674377,0.119247265
1993,Any luck?,Phoebe,sadness,negative,199,11,4,20,"00:18:44,873","00:18:46,541",Any luck?,sadness,5,4,neutral,False,0.01175454,0.003832341,0.0046261037,0.027602734,0.9435846,0.006635788,0.001963801
1994,"Well, yeah, y’know how Ross and I were on again, off again, on again, off again?",Rachel,sadness,negative,199,12,4,20,"00:18:46,708","00:18:51,671","Well, yeah, y’know how Ross and I were on again, off again, on again, off again?",sadness,5,4,neutral,False,0.09187767,0.003209091,0.00488352,0.15589073,0.7275834,0.014326412,0.0022292242
1995,"I guess I just figured that somewhere down the road, we would be on again.",Rachel,sadness,negative,199,13,4,20,"00:18:52,381","00:18:57,885","I guess I just figured that somewhere down the road, we would be on again.",sadness,5,4,neutral,False,0.009193843,0.0013600823,0.004409582,0.10393676,0.8392945,0.037307035,0.004498241
1996,Again. Y’know what? I think we all did.,Monica,sadness,negative,199,14,4,20,"00:18:58,053","00:19:02,890",Again. Y’know what? I think we all did.,sadness,5,4,neutral,False,0.057648446,0.004268954,0.018024381,0.12552655,0.71921116,0.034913186,0.040407315
1997,Hey!,Ross,joy,positive,199,15,4,20,"00:19:04,977","00:19:06,018",Hey!,joy,3,3,joy,True,0.046775997,0.0025122445,0.0019906429,0.7522502,0.15590502,0.008275592,0.032290347
1998,I don’t get it!,Joey,surprise,negative,200,0,4,22,"0:16:49,967","0:16:52,261",I don’t get it!,surprise,6,2,fear,False,0.13234615,0.026950695,0.48334348,0.05353558,0.024867829,0.21626149,0.06269483
1999,It was in my room all night!,Joey,anger,negative,200,1,4,22,"0:16:52,261","0:16:52,860",It was in my room all night!,anger,0,0,anger,True,0.83651185,0.032949243,0.008940761,0.028675878,0.014558074,0.03583931,0.04252483
2000,"And if she didn’t take it, and I didn’t take it; and you  didn’t take it, then who did?",Joey,anger,negative,200,2,4,22,"00:16:52,970","00:16:56,305","And if she didn’t take it, and I didn’t take it; and you  didn’t take it, then who did?",anger,0,0,anger,True,0.36452538,0.021833248,0.30199888,0.07039419,0.122862056,0.103771426,0.014614844
2001,Shh!,Joey,anger,negative,200,3,4,22,"0:16:58,225","0:16:59,777",Shh!,anger,0,2,fear,False,0.22408548,0.029015971,0.4745698,0.06134909,0.04276931,0.123178996,0.04503136
2002,We’re trying to think!,Joey,anger,negative,200,4,4,22,"0:16:59,777","0:17:00,871",We’re trying to think!,anger,0,6,surprise,False,0.19436714,0.020646924,0.036270387,0.06904563,0.10890841,0.057375643,0.5133859
2003,"This is the unit for you my friend. Sturdy construction, tons of storage compartments, some big enough to fit a grown man.",Joey,neutral,neutral,201,0,4,2,"00:13:33,103","00:13:41,027","This is the unit for you my friend. Sturdy construction, tons of storage compartments, some big enough to fit a grown man.",neutral,4,4,neutral,True,0.012084167,0.0015538256,0.0010635983,0.018664384,0.9545917,0.00764955,0.004392778
2004,What?!,Guy,surprise,negative,201,1,4,2,"00:13:41,862","00:13:42,904",What?!,surprise,6,6,surprise,True,0.020155977,0.00290972,0.003784886,0.003937345,0.019016078,0.0043257624,0.9458702
2005,Oh yeah!,Joey,joy,positive,201,2,4,2,"0:13:43,072","0:13:43,664",Oh yeah!,joy,3,3,joy,True,0.06878667,0.0048487615,0.0047544832,0.7858059,0.076300755,0.013867791,0.045635644
2006,I got in there myself once.,Joey,neutral,neutral,201,3,4,2,"0:13:43,664","0:13:45,846",I got in there myself once.,neutral,4,4,neutral,True,0.03525963,0.016089682,0.0028273887,0.046858426,0.8579755,0.025543222,0.015446136
2007,"My roommate bet me five bucks that I couldn’t, and then he stuck a board through the handles that locked me in.",Joey,neutral,neutral,201,4,4,2,"00:13:45,950","00:13:50,912","My roommate bet me five bucks that I couldn’t, and then he stuck a board through the handles that locked me in.",neutral,4,4,neutral,True,0.050028834,0.013890208,0.0032041704,0.34643504,0.5444423,0.034414537,0.0075848573
2008,Yeah.,Joey,neutral,neutral,201,5,4,2,"00:13:51,080","00:13:52,705",Yeah.,neutral,4,4,neutral,True,0.011395762,0.005739402,0.003721398,0.08856025,0.87720245,0.012423769,0.0009568344
2009,It was funny ‘til I started feeling like I was in a coffin.,Joey,neutral,neutral,201,6,4,2,"00:13:52,873","00:13:55,708",It was funny ‘til I started feeling like I was in a coffin.,neutral,4,3,joy,False,0.0193386,0.0061583044,0.004557904,0.7539609,0.14169493,0.06916807,0.0051213307
2010,"No, you, you can’t fit in that thing. That’s not deep enough.",Guy,neutral,neutral,201,7,4,2,"00:13:57,878","00:14:01,214","No, you, you can’t fit in that thing. That’s not deep enough.",neutral,4,4,neutral,True,0.12295703,0.04535398,0.19727452,0.10179527,0.23525275,0.20868097,0.088685535
2011,"Oh yeah?  If I can’t, I’ll knock five bucks off the price off the unit.",Joey,anger,negative,201,8,4,2,"00:14:01,632","00:14:09,347","Oh yeah?  If I can’t, I’ll knock five bucks off the price off the unit.",anger,0,0,anger,True,0.4193648,0.044681314,0.060278736,0.15468343,0.19017446,0.109407425,0.021409858
2012,"All right, you have yourself a deal.",Guy,neutral,neutral,201,9,4,2,"00:14:09,640","00:14:11,766","All right, you have yourself a deal.",neutral,4,4,neutral,True,0.041720908,0.0030523727,0.002674825,0.065768644,0.8718668,0.013114247,0.0018021471
2013,Okay.  See?! I told ya!,Joey,surprise,positive,201,10,4,2,"00:14:16,689","00:14:19,232",Okay.  See?! I told ya!,surprise,6,3,joy,False,0.040190183,0.0030200973,0.0023669596,0.87277985,0.05340764,0.009547407,0.018687848
2014,"Sometimes I get in here just to get away from it! Hey, a nickel!!",Joey,anger,negative,201,11,4,2,"00:14:21,694","00:14:28,950","Sometimes I get in here just to get away from it! Hey, a nickel!!",anger,0,3,joy,False,0.06898377,0.005102515,0.0028293317,0.8442766,0.025118234,0.017008418,0.03668114
2015,Hey! What’s up?,Joey,neutral,neutral,202,0,7,7,"00:05:46,888","00:05:47,929",Hey! What’s up?,neutral,4,3,joy,False,0.017410785,0.00081691414,0.0010349483,0.8092597,0.15901636,0.0051310374,0.007330328
2016,Hey!,Rachel,joy,positive,202,1,7,7,"00:05:48,139","00:05:49,556",Hey!,joy,3,3,joy,True,0.046776015,0.0025122454,0.0019906426,0.75225013,0.15590505,0.0082755955,0.032290343
2017,"Hey-hey, who’s your friend?  Hey!!",Joey,joy,positive,202,2,7,7,"00:05:50,183","00:05:54,144","Hey-hey, who’s your friend?  Hey!!",joy,3,3,joy,True,0.14071472,0.0044165486,0.0058598863,0.591689,0.09238143,0.020125741,0.14481264
2018,Hey Joey!,Erin,joy,positive,202,3,7,7,"0:05:54,854","0:05:58,275",Hey Joey!,joy,3,3,joy,True,0.029548066,0.0013712106,0.000996216,0.8852408,0.069448225,0.0043427753,0.009052735
2019,Erin! Still here!,Joey,joy,positive,202,4,7,7,"0:05:58,275","0:05:59,131",Erin! Still here!,joy,3,3,joy,True,0.08548919,0.005525962,0.009948075,0.6006767,0.15066348,0.03724115,0.110455394
2020,"Yeah, we ended up spending the day together and had such a great time!",Rachel,joy,positive,202,5,7,7,"00:06:00,651","00:06:04,696","Yeah, we ended up spending the day together and had such a great time!",joy,3,3,joy,True,0.012994596,0.00086220383,0.00093366636,0.96177036,0.011008347,0.005221427,0.007209388
2021,Why wouldn’t ya? Erin is great! Then-then there’s you guys.,Joey,joy,positive,202,6,7,7,"00:06:04,906","00:06:10,243",Why wouldn’t ya? Erin is great! Then-then there’s you guys.,joy,3,3,joy,True,0.0152700385,0.0008228021,0.0014991292,0.8899493,0.07428671,0.007851232,0.010320782
2022,"Ohh, listen. I’ve got to get going. Today was great, thanks!",Erin,joy,positive,202,7,7,7,"00:06:10,495","00:06:13,789","Ohh, listen. I’ve got to get going. Today was great, thanks!",joy,3,3,joy,True,0.019618401,0.0026594223,0.02304824,0.7231639,0.09824971,0.10570602,0.02755428
2023,I think I brought back half of the beach in my hair. It was so much easier when I used to shave my head.,Bonnie,anger,negative,203,0,3,25,"00:13:32,019","00:13:37,524",I think I brought back half of the beach in my hair. It was so much easier when I used to shave my head.,anger,0,4,neutral,False,0.05739508,0.05499282,0.0061381273,0.22897501,0.37430573,0.26118866,0.017004583
2024,"Y'know, I gotta tell ya, I just",Rachel,neutral,neutral,203,1,3,25,"00:13:41,654","00:13:43,863","Y'know, I gotta tell ya, I just",neutral,4,4,neutral,True,0.009004199,0.0057654483,0.012982254,0.028557979,0.92220485,0.02044342,0.0010419185
2025,Really?!,Bonnie,surprise,positive,203,2,3,25,"0:13:47,576","0:13:47,918",Really?!,surprise,6,6,surprise,True,0.014048146,0.0021440072,0.0018117689,0.0064784433,0.0052708588,0.003550163,0.96669656
2026,Ohh!,Rachel,surprise,positive,203,3,3,25,"0:13:47,918","0:13:49,497",Ohh!,surprise,6,6,surprise,True,0.031519875,0.014826073,0.014810691,0.029083567,0.012982014,0.01910178,0.877676
2027,Because I think about shaving it all off again sometime.,Bonnie,neutral,neutral,203,4,3,25,"00:13:49,620","00:13:52,288",Because I think about shaving it all off again sometime.,neutral,4,4,neutral,True,0.007892705,0.0057290597,0.0046158833,0.028985817,0.9275114,0.02348915,0.0017760895
2028,Really?!,Rachel,surprise,positive,203,5,3,25,"0:13:52,915","0:13:53,557",Really?!,surprise,6,6,surprise,True,0.014048146,0.0021440072,0.0018117689,0.0064784433,0.0052708588,0.003550163,0.96669656
2029,Yeah!,Bonnie,joy,positive,203,6,3,25,"0:13:53,557","0:13:54,516",Yeah!,joy,3,3,joy,True,0.058173057,0.003397485,0.002398696,0.8311485,0.08289923,0.007936121,0.014046875
2030,I mean you definitely should do that.,Rachel,neutral,neutral,203,7,3,25,"00:13:55,167","00:13:56,835",I mean you definitely should do that.,neutral,4,4,neutral,True,0.026967717,0.013337053,0.016868638,0.37842497,0.53622484,0.025897969,0.002278838
2031,"Y'know what, I should do it.",Bonnie,joy,positive,203,8,3,25,"0:13:58,003","0:13:59,145","Y'know what, I should do it.",joy,3,4,neutral,False,0.14564613,0.021644099,0.27984032,0.15766867,0.3263649,0.06409004,0.0047458513
2032,Yeah!,Rachel,joy,positive,203,9,3,25,"0:13:59,145","0:14:00,180",Yeah!,joy,3,3,joy,True,0.058173057,0.003397485,0.002398696,0.8311485,0.08289923,0.007936121,0.014046875
2033,"Yeah, thank you Rachel, you are soo cool.",Bonnie,joy,positive,203,10,3,25,"00:14:00,297","00:14:02,465","Yeah, thank you Rachel, you are soo cool.",joy,3,3,joy,True,0.010197943,0.0011189893,0.00063405064,0.94599724,0.035548948,0.004190933,0.0023117915
2034,"Awww, stop. Come on. Now go shave that head!",Rachel,neutral,neutral,203,11,3,25,"0:14:02,633","0:14:07,096","Awww, stop. Come on. Now go shave that head!",neutral,4,0,anger,False,0.29848057,0.1743085,0.079198316,0.14495058,0.057429597,0.19587043,0.04976199
2035,All right.,Bonnie,neutral,neutral,203,12,3,25,"0:14:07,096","0:14:08,395",All right.,neutral,4,4,neutral,True,0.016544133,0.0033886053,0.0017270946,0.047511153,0.9236571,0.0064149704,0.00075685966
2036,"Oh, Monica. You are not still going over that thing.",Rachel,sadness,negative,204,0,1,21,"00:02:00,036","00:02:03,705","Oh, Monica. You are not still going over that thing.",sadness,5,0,anger,False,0.3806914,0.07877574,0.05529595,0.13241725,0.10099147,0.10415278,0.14767545
2037,This woman's living my life.,Monica,anger,negative,204,1,1,21,"0:02:03,873","0:02:05,834",This woman's living my life.,anger,0,0,anger,True,0.42034364,0.04036644,0.028584728,0.24290015,0.086074315,0.1701169,0.011613743
2038,What?,Rachel,surprise,negative,204,2,1,21,"0:02:05,834","0:02:06,763",What?,surprise,6,6,surprise,True,0.024754362,0.003382966,0.010811305,0.007752993,0.24595112,0.00916547,0.6981818
2039,"She's living my life, and she's doing it better than me!",Monica,anger,negative,204,3,1,21,"00:02:07,168","00:02:10,838","She's living my life, and she's doing it better than me!",anger,0,0,anger,True,0.62387127,0.015629949,0.029254727,0.21422581,0.033504065,0.07135087,0.012163308
2040,"Look at this, look.",Monica,anger,negative,204,4,1,21,"00:02:11,214","00:02:13,257","Look at this, look.",anger,0,6,surprise,False,0.07979679,0.017076632,0.023453252,0.057509173,0.36329368,0.063693285,0.3951772
2041,She buys tickets for plays that I wanna see.,Monica,anger,negative,204,5,1,21,"00:02:13,424","00:02:16,093",She buys tickets for plays that I wanna see.,anger,0,4,neutral,False,0.03426669,0.02114047,0.0040630484,0.099006355,0.80653465,0.027977206,0.0070115454
2042,"She, she buys clothes from stores that I'm intimidated by the sales people.",Monica,anger,negative,204,6,1,21,"00:02:16,261","00:02:19,596","She, she buys clothes from stores that I'm intimidated by the sales people.",anger,0,0,anger,True,0.56887007,0.2833358,0.023693219,0.020512639,0.025694972,0.051262133,0.026631184
2043,She spent three hundred dollars on art supplies.,Monica,anger,negative,204,7,1,21,"00:02:19,764","00:02:22,349",She spent three hundred dollars on art supplies.,anger,0,6,surprise,False,0.25639638,0.07780596,0.010978016,0.029298268,0.17775285,0.19051158,0.25725693
2044,You're not an artist.,Rachel,neutral,neutral,204,8,1,21,"00:02:22,517","00:02:23,892",You're not an artist.,neutral,4,6,surprise,False,0.13668415,0.030978216,0.016618747,0.01986354,0.3666761,0.019638462,0.4095408
2045,"Yeah, well I might be if I had the supplies! I mean, I could do all this stuff. Only I don't.",Monica,anger,negative,204,9,1,21,"00:02:24,060","00:02:32,192","Yeah, well I might be if I had the supplies! I mean, I could do all this stuff. Only I don't.",anger,0,4,neutral,False,0.13892789,0.008095468,0.1047614,0.19222477,0.36218736,0.17073616,0.023067012
2046,I can't believe you would actually say that. I would much rather be Mr.Peanut than Mr.Salty.,Chandler,surprise,negative,205,0,1,20,"00:00:03,461","00:00:09,842",I can't believe you would actually say that. I would much rather be Mr.Peanut than Mr.Salty.,surprise,6,6,surprise,True,0.07436594,0.019003324,0.014892559,0.032577198,0.034001935,0.03318238,0.79197663
2047,"No way! Mr.Salty is a sailor, all right, he's got to be, like, thetoughest snack there is.",Joey,anger,negative,205,1,1,20,"00:00:10,010","00:00:15,848","No way! Mr.Salty is a sailor, all right, he's got to be, like, thetoughest snack there is.",anger,0,6,surprise,False,0.05586628,0.021057962,0.11661487,0.12961678,0.115269005,0.25104383,0.31053135
2048,"I don't know, you don't wanna mess with corn nuts. They're craaazy.",Ross,neutral,neutral,205,2,1,20,"00:00:17,392","00:00:23,022","I don't know, you don't wanna mess with corn nuts. They're craaazy.",neutral,4,4,neutral,True,0.04858927,0.11570879,0.011507451,0.28290427,0.488199,0.033464808,0.0196265
2049,Oh my God. You guys! You gotta come see this! There's some creep out there with a telescope!,Monica,fear,negative,205,3,1,20,"00:00:25,150","00:00:29,778",Oh my God. You guys! You gotta come see this! There's some creep out there with a telescope!,fear,2,6,surprise,False,0.074852735,0.02682914,0.05506896,0.05611517,0.023645949,0.1188912,0.6445968
2050,I can't believe it! He's looking right at us!,Ross,surprise,negative,205,4,1,20,"00:00:32,657","00:00:34,992",I can't believe it! He's looking right at us!,surprise,6,6,surprise,True,0.111436486,0.03049908,0.04603609,0.034908924,0.017260903,0.06753261,0.6923259
2051,"Oh, that is so sick.",Rachel,disgust,negative,205,5,1,20,"00:00:35,160","00:00:37,453","Oh, that is so sick.",disgust,1,1,disgust,True,0.055034667,0.67659765,0.042994663,0.0519067,0.016672181,0.09663141,0.060162663
2052,I feel violated. And not in a good way.,Chandler,disgust,negative,205,6,1,20,"00:00:37,620","00:00:41,290",I feel violated. And not in a good way.,disgust,1,1,disgust,True,0.124693684,0.64464784,0.025107365,0.016577141,0.024614362,0.1416418,0.022717763
2053,"How can people do that?...  Oh, you guys, look! Ugly Naked Guy got gravity boots!",Phoebe,surprise,negative,205,7,1,20,"00:00:41,458","00:00:48,505","How can people do that?...  Oh, you guys, look! Ugly Naked Guy got gravity boots!",surprise,6,6,surprise,True,0.044473253,0.01338166,0.008244186,0.034535635,0.03186829,0.021100055,0.8463969
2054,Man that was great! Huh? Can you believe how long we threw that ball around?,Joey,joy,positive,206,0,5,21,"00:21:32,416","00:21:36,085",Man that was great! Huh? Can you believe how long we threw that ball around?,joy,3,6,surprise,False,0.20921625,0.03603659,0.006834355,0.101651765,0.016119167,0.017643325,0.6124985
2055,"Yeah, it is amazing it lasted that long.",Rachel,neutral,neutral,206,1,5,21,"00:21:36,336","00:21:38,462","Yeah, it is amazing it lasted that long.",neutral,4,3,joy,False,0.0077206143,0.0011235194,0.0007563273,0.9641987,0.014328747,0.0069789723,0.004893129
2056,I know. My arm is killing me.,Ross,neutral,neutral,206,2,5,21,"00:21:38,672","00:21:40,381",I know. My arm is killing me.,neutral,4,5,sadness,False,0.13852075,0.031580325,0.098892234,0.023613939,0.014628121,0.6804282,0.012336371
2057,"No, I meant with the dropper over here.",Rachel,neutral,neutral,206,3,5,21,"00:21:40,632","00:21:43,259","No, I meant with the dropper over here.",neutral,4,4,neutral,True,0.014682351,0.005145155,0.001961794,0.016523765,0.9486521,0.010444596,0.002590194
2058,"Y'know, how did I get this reputation as a dropper? Okay? I'm",Chandler,anger,negative,206,4,5,21,"00:21:43,468","00:21:45,511","Y'know, how did I get this reputation as a dropper? Okay? I'm",anger,0,0,anger,True,0.48422587,0.030067228,0.0136627,0.1456211,0.20981653,0.07834331,0.03826323
2072,"Ah, oh God. Oh, honey, oh that's OK.",Rachel,sadness,negative,207,0,2,15,"00:20:46,328","00:20:53,167","Ah, oh God. Oh, honey, oh that's OK.",sadness,5,5,sadness,True,0.027891843,0.016087659,0.16792862,0.18531315,0.24846402,0.29953372,0.054780964
2073,"What. Oh no, you just rolled over the juice box.",Ross,sadness,negative,207,1,2,15,"00:20:53,418","00:20:58,673","What. Oh no, you just rolled over the juice box.",sadness,5,6,surprise,False,0.093932666,0.047057405,0.02069171,0.10034319,0.117544994,0.060966846,0.5594632
2074,Hey.,Joey,neutral,neutral,208,0,8,24,"00:18:53,970","00:18:54,913",Hey.,neutral,4,4,neutral,True,0.004165703,0.00056404114,0.00043786765,0.02318351,0.9679294,0.0024509383,0.0012685821
2075,I just saw a woman breast feeding both of her twins at the same time. it is like a freak show up here.,Joey,neutral,neutral,208,1,8,24,"00:18:55,581","00:19:01,628",I just saw a woman breast feeding both of her twins at the same time. it is like a freak show up here.,neutral,4,1,disgust,False,0.1735671,0.38645363,0.07836526,0.024341943,0.012758127,0.2236662,0.10084768
2076,What’s the matter?,Joey,neutral,neutral,208,2,8,24,"0:19:02,713","0:19:04,135",What’s the matter?,neutral,4,4,neutral,True,0.28242123,0.06926419,0.03255521,0.06892372,0.3632988,0.08327152,0.10026535
2077,Nothing.,Rachel,neutral,neutral,208,3,8,24,"0:19:04,135","0:19:04,762",Nothing.,neutral,4,4,neutral,True,0.023882013,0.010191932,0.0026148027,0.020829732,0.9251231,0.015411145,0.0019473006
2078,What is it? Hey!,Joey,sadness,negative,208,4,8,24,"00:19:04,881","00:19:06,675",What is it? Hey!,sadness,5,3,joy,False,0.03438622,0.0014186995,0.0033245997,0.7694234,0.13598888,0.01105016,0.04440811
2079,Really it’s nothing. I’m just,Rachel,sadness,negative,208,5,8,24,"0:19:06,842","0:19:08,344",Really it’s nothing. I’m just,sadness,5,4,neutral,False,0.04290508,0.0033294875,0.012245978,0.3203498,0.54388666,0.070145644,0.0071373535
2080,"Rach come on, what?",Joey,neutral,neutral,208,6,8,24,"0:19:08,344","0:19:10,022","Rach come on, what?",neutral,4,4,neutral,True,0.04425254,0.0059415596,0.026932117,0.034797408,0.4924233,0.029610004,0.36604312
2081,I’ve just been thinking about how my baby and I are gonna be all alone.,Rachel,sadness,negative,208,7,8,24,"00:19:11,722","00:19:17,102",I’ve just been thinking about how my baby and I are gonna be all alone.,sadness,5,5,sadness,True,0.013678171,0.0047004092,0.029922254,0.017965242,0.036268305,0.889088,0.008377623
2082,What are you talking about alone? What about Ross?,Joey,surprise,negative,208,8,8,24,"00:19:17,269","00:19:20,147",What are you talking about alone? What about Ross?,surprise,6,6,surprise,True,0.3308247,0.038622543,0.0402191,0.02428476,0.11574885,0.06189519,0.38840494
2083,"Oh please, he’ll be with his real family, the twins and little miss new boobs.",Rachel,sadness,negative,208,9,8,24,"00:19:20,314","00:19:25,485","Oh please, he’ll be with his real family, the twins and little miss new boobs.",sadness,5,5,sadness,True,0.0129051255,0.02739857,0.025519291,0.020154955,0.04755384,0.85909134,0.007376859
2084,"Okay, how long was I watching that woman?",Joey,neutral,neutral,208,10,8,24,"00:19:26,695","00:19:29,281","Okay, how long was I watching that woman?",neutral,4,0,anger,False,0.29955328,0.16667143,0.037803788,0.03716463,0.16814555,0.27086946,0.019791853
2085,"I’m just saying that y’know, someday Ross is gonna meet somebody and…he’s gonna have his own life. Right?",Rachel,sadness,negative,208,11,8,24,"00:19:33,327","00:19:41,001","I’m just saying that y’know, someday Ross is gonna meet somebody and…he’s gonna have his own life. Right?",sadness,5,4,neutral,False,0.22904456,0.011674231,0.07767391,0.19975981,0.28267622,0.19362049,0.0055507566
2086,"Yeah, I guess so.",Joey,neutral,neutral,208,12,8,24,"00:19:41,877","00:19:43,754","Yeah, I guess so.",neutral,4,4,neutral,True,0.007987529,0.0042786524,0.006149883,0.06287953,0.8983597,0.019312454,0.0010323069
2087,I just never thought I would raise this baby all by myself. Pretty dumb huh?,Rachel,sadness,negative,208,13,8,24,"00:19:46,465","00:19:53,347",I just never thought I would raise this baby all by myself. Pretty dumb huh?,sadness,5,6,surprise,False,0.12546659,0.012920281,0.018135367,0.036757216,0.035716355,0.050302397,0.72070175
2088,Bob. Bob! Bob!!!  What the hell are you doing?!,Chandler,surprise,negative,209,0,8,5,"00:21:28,578","00:21:38,587",Bob. Bob! Bob!!!  What the hell are you doing?!,surprise,6,0,anger,False,0.46515945,0.08192862,0.0153167145,0.032784782,0.01112131,0.018090624,0.37559855
2089,"I just found out this is Chandler’s office! Come on Toby, give me a hand!",Bob,joy,positive,209,1,8,5,"00:21:33,917","00:21:40,673","I just found out this is Chandler’s office! Come on Toby, give me a hand!",joy,3,6,surprise,False,0.10898044,0.005584247,0.014089411,0.1812585,0.11492905,0.061952468,0.51320595
2090,"Chandler, we said we would meet at the coffeehouse at six.",Monica,anger,negative,210,0,6,21,"00:17:06,442","00:17:09,444","Chandler, we said we would meet at the coffeehouse at six.",anger,0,4,neutral,False,0.0053689196,0.0006768163,0.0006649851,0.027029457,0.9592188,0.004644966,0.0023960262
2091,We said seven!,Chandler,anger,negative,210,1,6,21,"0:17:09,611","0:17:11,203",We said seven!,anger,0,3,joy,False,0.22515325,0.0065337727,0.0130718155,0.53354675,0.09590557,0.03255682,0.09323202
2092,We said six!,Monica,anger,negative,210,2,6,21,"0:17:11,203","0:17:12,577",We said six!,anger,0,3,joy,False,0.27080426,0.009603733,0.017011385,0.40883416,0.1334054,0.04381248,0.116528675
2093,"The only way that I said six would be if the seven’s, let meet at seven, not at six.",Chandler,neutral,neutral,210,3,6,21,"00:17:12,698","00:17:19,954","The only way that I said six would be if the seven’s, let meet at seven, not at six.",neutral,4,4,neutral,True,0.022302734,0.0018257678,0.005316744,0.032920543,0.91965646,0.015795218,0.0021825514
2094,"Yeah and if I had seven, maybe I would’ve said something like this, ""Wow! My boyfriend’s such a wise ass—seven!""",Monica,anger,negative,210,4,6,21,"00:17:20,122","00:17:27,420","Yeah and if I had seven, maybe I would’ve said something like this, ""Wow! My boyfriend’s such a wise ass—seven!""",anger,0,3,joy,False,0.058696143,0.0082427235,0.003413558,0.5128768,0.008304148,0.009535277,0.3989313
2095,Hi!,Phoebe,joy,positive,210,5,6,21,"0:17:28,005","0:17:29,177",Hi!,joy,3,3,joy,True,0.014340315,0.00074478035,0.0006996317,0.949595,0.019807633,0.0036564504,0.011156241
2096,Oh my good God.,Chandler,disgust,negative,210,6,6,21,"0:17:29,177","0:17:30,779",Oh my good God.,disgust,1,6,surprise,False,0.019009005,0.0066141216,0.0029378033,0.034545723,0.0043140906,0.00750087,0.9250784
2098,I know what time you said.,Phoebe,joy,positive,210,7,6,21,"0:17:30,883","0:17:32,265",I know what time you said.,joy,3,4,neutral,False,0.013525885,0.0018271669,0.002124369,0.012366219,0.96372527,0.0042361086,0.002194977
2099,What?!,Chandler,surprise,negative,210,8,6,21,"0:17:32,265","0:17:33,231",What?!,surprise,6,6,surprise,True,0.020155977,0.00290972,0.003784888,0.0039373483,0.01901609,0.0043257643,0.9458702
2100,"Well actually, I know what time Chester and Marcia said.",Phoebe,neutral,neutral,210,9,6,21,"00:17:33,343","00:17:36,721","Well actually, I know what time Chester and Marcia said.",neutral,4,4,neutral,True,0.009788261,0.0014244937,0.0017418676,0.016109088,0.95824754,0.0076551703,0.0050336127
2101,"You, get out of my shop!",The Dry Cleaner,anger,negative,211,0,6,22,"00:17:09,862","00:17:11,654","You, get out of my shop!",anger,0,0,anger,True,0.83955467,0.022915732,0.051280804,0.033752248,0.013501592,0.027710166,0.011284774
2102,"Well, what did he do?",Phoebe,surprise,negative,211,1,6,22,"0:17:11,822","0:17:13,074","Well, what did he do?",surprise,6,4,neutral,False,0.03095939,0.0039265724,0.016641216,0.015981503,0.70109427,0.013135836,0.21826115
2103,He went out with my wife!,The Dry Cleaner,anger,negative,211,2,6,22,"0:17:13,074","0:17:13,956",He went out with my wife!,anger,0,0,anger,True,0.43179768,0.019184966,0.009993158,0.121804215,0.04837368,0.092092134,0.27675408
2104,Joey!,Phoebe,surprise,negative,211,3,6,22,"00:17:14,074","00:17:16,701",Joey!,surprise,6,0,anger,False,0.76207185,0.013564795,0.008461556,0.074652694,0.031214349,0.024090398,0.08594439
2105,"Whoa-whoa-whoa-whoa, I-I—Hey! I did",Joey,anger,negative,211,4,6,22,"00:17:16,869","00:17:20,204","Whoa-whoa-whoa-whoa, I-I—Hey! I did",anger,0,6,surprise,False,0.038703196,0.004340918,0.018272314,0.26112998,0.031528346,0.022318732,0.6237065
2106,That’s my wife!!! Get out!,The Dry Cleaner,anger,negative,211,5,6,22,"00:17:20,372","00:17:22,707",That’s my wife!!! Get out!,anger,0,0,anger,True,0.74382657,0.022285597,0.09078956,0.035970096,0.009601827,0.065775074,0.031751372
2107,"Well, we should go.",Phoebe,neutral,neutral,211,6,6,22,"0:17:28,255","0:17:28,967","Well, we should go.",neutral,4,4,neutral,True,0.010250139,0.005345209,0.0049686506,0.05859179,0.9031106,0.016789636,0.00094400294
2108,Yeah.,Joey,neutral,neutral,211,7,6,22,"0:17:28,967","0:17:30,603",Yeah.,neutral,4,4,neutral,True,0.011395762,0.005739402,0.0037213964,0.08856025,0.87720245,0.012423769,0.0009568353
2109,"Y’know you, really didn’t have to take me to the airport.",Chandler,neutral,neutral,212,0,4,15,"00:14:03,259","00:14:06,678","Y’know you, really didn’t have to take me to the airport.",neutral,4,4,neutral,True,0.03391422,0.001037825,0.0064205234,0.24807245,0.6762844,0.027770314,0.0065002344
2110,Oh please.,Janice,neutral,neutral,212,1,4,15,"0:14:06,846","0:14:07,889",Oh please.,neutral,4,4,neutral,True,0.032637857,0.044072315,0.070240036,0.052816555,0.57118607,0.22007653,0.00897067
2111,Every moment is precious.,Janice,sadness,negative,212,2,4,15,"0:14:07,889","0:14:09,994",Every moment is precious.,sadness,5,3,joy,False,0.04730122,0.003415735,0.004026222,0.5944614,0.3178113,0.030387346,0.002596759
2112,Y’know?,Janice,neutral,neutral,212,3,4,15,"00:14:06,846","00:14:16,563",Y’know?,neutral,4,4,neutral,True,0.011562467,0.00089544745,0.0015303004,0.024272148,0.9568315,0.0034499962,0.001458164
2113,"Besides, somebody had to ride in that other taxi with the rest of your luggage, and your friends don’t really seem to care too much that you’re leaving.",Janice,sadness,negative,212,4,4,15,"00:14:10,099","00:14:19,065","Besides, somebody had to ride in that other taxi with the rest of your luggage, and your friends don’t really seem to care too much that you’re leaving.",sadness,5,4,neutral,False,0.15998594,0.0604628,0.016440358,0.046498988,0.36341423,0.3025246,0.050673075
2114,"Well, we’re really not that close.  Okay, so I guess this is uh, good-bye then.",Chandler,neutral,neutral,212,5,4,15,"00:14:17,439","00:14:24,279","Well, we’re really not that close.  Okay, so I guess this is uh, good-bye then.",neutral,4,4,neutral,True,0.030901687,0.009388464,0.012369282,0.24064137,0.5699735,0.13434735,0.0023782973
2115,"On no! No! It’s not good-bye, I’m not leaving until you get on that plane.",Janice,sadness,negative,212,6,4,15,"00:14:25,990","00:14:28,992","On no! No! It’s not good-bye, I’m not leaving until you get on that plane.",sadness,5,2,fear,False,0.086838864,0.026809176,0.3607118,0.07746021,0.05987636,0.31453222,0.07377137
2116,"No, I’m afraid I won’t be able to make love as well as him.",Chandler,anger,negative,213,0,4,11,"00:06:38,856","00:06:41,983","No, I’m afraid I won’t be able to make love as well as him.",anger,0,2,fear,False,0.045975126,0.009526409,0.45501375,0.051615417,0.083753444,0.3324238,0.021691995
2117,"Yeah, I was going for the metaphor.",Ross,neutral,neutral,213,1,4,11,"00:06:42,860","00:06:44,694","Yeah, I was going for the metaphor.",neutral,4,4,neutral,True,0.03532832,0.02115928,0.0035501427,0.11277722,0.80695343,0.010816241,0.009415402
2118,"Yes, and I was saying the actual words.",Chandler,neutral,neutral,213,2,4,11,"00:06:44,862","00:06:46,780","Yes, and I was saying the actual words.",neutral,4,4,neutral,True,0.17392446,0.027789926,0.023467556,0.08469542,0.6528813,0.031839482,0.0054018456
2119,"So big deal, so Joey’s had a lot of girlfriends, it doesn’t mean he’s great in bed.",Monica,neutral,neutral,213,3,4,11,"00:06:48,574","00:06:51,993","So big deal, so Joey’s had a lot of girlfriends, it doesn’t mean he’s great in bed.",neutral,4,4,neutral,True,0.074606895,0.07299804,0.009307384,0.05249885,0.39021632,0.3738925,0.02647999
2120,"We share a wall! So either he’s great in bed, or she just likes to agree with him a lot.",Chandler,neutral,neutral,213,4,4,11,"00:06:52,578","00:07:00,627","We share a wall! So either he’s great in bed, or she just likes to agree with him a lot.",neutral,4,3,joy,False,0.27983972,0.031949107,0.011646946,0.33025134,0.19781668,0.07685788,0.07163834
2121,"Sweetie, with you it’s gonna be different. The sex is gonna be great, ‘cause you-you guys are in love.",Monica,joy,positive,213,5,4,11,"00:07:01,754","00:07:06,383","Sweetie, with you it’s gonna be different. The sex is gonna be great, ‘cause you-you guys are in love.",joy,3,4,neutral,False,0.023142058,0.0040497873,0.022299083,0.29245332,0.3403171,0.31041336,0.0073253196
2122,Yeah?,Chandler,surprise,positive,213,6,4,11,"0:07:07,844","0:07:08,470",Yeah?,surprise,6,4,neutral,False,0.044267964,0.004174616,0.014962206,0.05144279,0.6884847,0.018331625,0.17833605
2123,Yeah!,Rachel,joy,positive,213,7,4,11,"0:07:08,470","0:07:08,937",Yeah!,joy,3,3,joy,True,0.058173057,0.003397485,0.002398696,0.8311485,0.08289923,0.007936117,0.014046867
2124,Just go for it Chandler.,Ross,neutral,neutral,213,8,4,11,"00:07:09,178","00:07:10,178",Just go for it Chandler.,neutral,4,4,neutral,True,0.0064113494,0.0034788575,0.0020616464,0.014671863,0.9680674,0.0048652748,0.00044368318
2125,"Yeah, you should.",Monica,neutral,neutral,213,9,4,11,"0:07:10,680","0:07:11,432","Yeah, you should.",neutral,4,4,neutral,True,0.012140593,0.010689637,0.0060653193,0.07202386,0.8767483,0.021163495,0.0011686677
2126,"Yeah, you should, really.",Rachel,neutral,neutral,213,10,4,11,"0:07:11,432","0:07:11,897","Yeah, you should, really.",neutral,4,3,joy,False,0.013755057,0.0030786663,0.0024607705,0.78956646,0.16733707,0.013409322,0.01039263
2128,"All right, all right, I’ll go sleep with my girlfriend. But I’m just doing it for you guys.",Chandler,neutral,neutral,213,11,4,11,"00:07:12,014","00:07:18,478","All right, all right, I’ll go sleep with my girlfriend. But I’m just doing it for you guys.",neutral,4,3,joy,False,0.1662675,0.012537639,0.018469596,0.38678712,0.34699,0.06637674,0.0025714515
2129,": I’m sure as hell a dancer, it’s no use Marge will never go for me.",Mr. Treeger,sadness,negative,214,0,4,4,"00:14:26,240","00:14:32,328",": I’m sure as hell a dancer, it’s no use Marge will never go for me.",sadness,5,4,neutral,False,0.071693555,0.010350392,0.024408441,0.2980751,0.39744976,0.18185693,0.016165765
2130,"Come on Treeger, don’t say that.",Joey,sadness,negative,214,1,4,4,"00:14:33,455","00:14:35,957","Come on Treeger, don’t say that.",sadness,5,2,fear,False,0.106512375,0.037119515,0.5092393,0.06417813,0.1422486,0.123692,0.017010013
2131,"You just ahh, you just need more practice.",Joey,neutral,neutral,214,2,4,4,"00:14:36,458","00:14:37,959","You just ahh, you just need more practice.",neutral,4,4,neutral,True,0.021272581,0.006455822,0.014752065,0.108651325,0.8202402,0.025179494,0.0034485036
2132,"Here, come on, let’s ahh, let’s try it again.",Joey,neutral,neutral,214,3,4,4,"00:14:38,210","00:14:40,378","Here, come on, let’s ahh, let’s try it again.",neutral,4,4,neutral,True,0.015983094,0.0069066184,0.01780096,0.19235244,0.74024206,0.024519065,0.0021957331
2134,"Plus, it was, it was probably mostly my fault, anyway.",Joey,sadness,negative,214,4,4,4,"00:14:44,633","00:14:47,385","Plus, it was, it was probably mostly my fault, anyway.",sadness,5,5,sadness,True,0.06684134,0.01592849,0.014563451,0.045668554,0.26744998,0.5834704,0.0060778167
2135,"I mean, y’know, I’m not really that comfortable dancing with a— We-he!!",Joey,joy,positive,214,5,4,4,"00:14:47,636","00:14:50,889","I mean, y’know, I’m not really that comfortable dancing with a— We-he!!",joy,3,0,anger,False,0.32560262,0.03342035,0.20552959,0.054275375,0.044094607,0.1929373,0.14414015
2136,Hey!,Joey,joy,positive,214,6,4,4,"0:14:52,224","0:14:53,036",Hey!,joy,3,3,joy,True,0.046775986,0.0025122433,0.0019906429,0.7522502,0.15590501,0.008275592,0.032290347
2137,: Yeah!,Mr. Treeger,joy,positive,214,7,4,4,"0:14:53,036","0:14:53,697",: Yeah!,joy,3,3,joy,True,0.06610132,0.00387416,0.0028815665,0.8055937,0.10171385,0.008266947,0.011568367
2139,Are you sure? I’ll bet there’s another flight to Minsk in like,Phoebe,neutral,neutral,215,0,7,11,"00:18:24,770","00:18:27,021",Are you sure? I’ll bet there’s another flight to Minsk in like,neutral,4,4,neutral,True,0.013697695,0.0013796255,0.0039732438,0.28018668,0.67547977,0.01783802,0.007444953
2140,"July. Umm,",David,neutral,neutral,215,1,7,11,"00:18:27,189","00:18:28,397","July. Umm,",neutral,4,4,neutral,True,0.002900015,0.0012986113,0.0012512142,0.018193355,0.96853715,0.00694473,0.00087493565
2141,That’s really beautiful. What does it mean?,Phoebe,joy,positive,215,2,7,11,"00:18:38,492","00:18:40,910",That’s really beautiful. What does it mean?,joy,3,4,neutral,False,0.044466864,0.002984907,0.037732635,0.2107846,0.6130338,0.05841399,0.03258321
2142,"Please, clean my beakers. I don’t get out of the lab much.",David,neutral,neutral,215,3,7,11,"00:18:41,078","00:18:46,207","Please, clean my beakers. I don’t get out of the lab much.",neutral,4,5,sadness,False,0.063501485,0.05975113,0.35863322,0.048653174,0.05461133,0.39961517,0.015234524
2143,"That’s good. I got to admit, I thought it was something else.",Phoebe,joy,positive,215,4,7,11,"00:18:49,378","00:18:51,712","That’s good. I got to admit, I thought it was something else.",joy,3,4,neutral,False,0.01217726,0.0063964874,0.016599566,0.042345326,0.8637005,0.033532348,0.025248518
2144,"Yeah, I… Well I really actually wanted to say umm, that, but um, I figured I probably shouldn’t because y’know, I…have to leave.",David,neutral,neutral,215,5,7,11,"00:18:51,880","00:19:00,012","Yeah, I… Well I really actually wanted to say umm, that, but um, I figured I probably shouldn’t because y’know, I…have to leave.",neutral,4,5,sadness,False,0.018658102,0.00770692,0.06734658,0.03995372,0.33562738,0.5230275,0.007679784
2145,You’re right! You’re right. Don’t say it.,Phoebe,sadness,negative,215,6,7,11,"00:19:03,725","00:19:06,936",You’re right! You’re right. Don’t say it.,sadness,5,2,fear,False,0.13446738,0.015824096,0.39687133,0.08315186,0.074801125,0.27163196,0.02325224
2146,I-I do though.,David,sadness,negative,215,7,7,11,"0:19:08,272","0:19:09,574",I-I do though.,sadness,5,5,sadness,True,0.022213852,0.011409346,0.19438763,0.057580035,0.18107389,0.5254655,0.007869773
2147,I do too.,Phoebe,sadness,negative,215,8,7,11,"0:19:09,574","0:19:10,449",I do too.,sadness,5,4,neutral,False,0.03423088,0.0038224575,0.005311273,0.312984,0.6124892,0.029602326,0.0015598862
2148,Bye Phoebe.,David,neutral,neutral,215,9,7,11,"00:19:22,578","00:19:24,245",Bye Phoebe.,neutral,4,4,neutral,True,0.008772498,0.0019069593,0.00166728,0.049202826,0.9277179,0.009906171,0.00082636456
2149,"Okay, now’s not the time Joey. All right? You can yell at me tomorrow.",Phoebe,sadness,negative,215,10,7,11,"00:19:35,757","00:19:39,302","Okay, now’s not the time Joey. All right? You can yell at me tomorrow.",sadness,5,0,anger,False,0.325918,0.021210171,0.08603614,0.098441355,0.3155888,0.13024159,0.022563893
2154,"Yeah, I-I heard.  I think it’s great!  Ohh, I’m so happy for you!",Rachel,joy,positive,216,0,4,19,"00:20:50,916","00:21:03,261","Yeah, I-I heard.  I think it’s great!  Ohh, I’m so happy for you!",joy,3,3,joy,True,0.017116273,0.0011227689,0.0031627908,0.9180209,0.016524738,0.012783237,0.03126927
2157,I can’t believe you’re getting married!,Monica,joy,positive,216,1,4,19,"0:21:14,189","0:21:15,441",I can’t believe you’re getting married!,joy,3,6,surprise,False,0.06918027,0.014871716,0.034757685,0.041598454,0.01892119,0.06769666,0.75297403
2158,Yeah.,Ross,neutral,neutral,216,2,4,19,"0:21:15,441","0:21:16,599",Yeah.,neutral,4,4,neutral,True,0.011395762,0.005739402,0.003721398,0.08856025,0.87720245,0.012423769,0.0009568344
2159,Monica and Rachel made out.,Joey,neutral,neutral,216,3,4,19,"00:21:20,570","00:21:22,613",Monica and Rachel made out.,neutral,4,4,neutral,True,0.020398911,0.00709711,0.0048605013,0.043604854,0.88171804,0.024492878,0.017827643
2160,Ohhh!,Rachel,surprise,negative,217,0,6,1,"00:02:39,284","00:02:40,868",Ohhh!,surprise,6,6,surprise,True,0.050560195,0.019148279,0.029523313,0.049985304,0.022200216,0.04226329,0.7863195
2161,Why are we in bed together?,Ross,surprise,negative,217,1,6,1,"00:02:48,668","00:02:50,127",Why are we in bed together?,surprise,6,6,surprise,True,0.073068306,0.0064336914,0.011263549,0.014556675,0.20624103,0.027063647,0.6613731
2162,I don’t know. Do-do you have any clothes on?,Rachel,neutral,neutral,217,2,6,1,"00:02:50,336","00:02:55,841",I don’t know. Do-do you have any clothes on?,neutral,4,4,neutral,True,0.016396886,0.0061714873,0.18547654,0.046678778,0.6376586,0.07221628,0.03540149
2163,Yeah.,Ross,neutral,neutral,217,3,6,1,"00:02:56,676","00:02:57,718",Yeah.,neutral,4,4,neutral,True,0.011395762,0.005739402,0.003721398,0.08856025,0.87720245,0.012423769,0.0009568344
2164,Really?!,Rachel,surprise,negative,217,4,6,1,"0:02:57,886","0:02:58,738",Really?!,surprise,6,6,surprise,True,0.014048146,0.0021440072,0.0018117689,0.0064784433,0.0052708588,0.003550163,0.96669656
2165,No!,Ross,neutral,neutral,217,5,6,1,"0:02:58,738","0:02:59,231",No!,neutral,4,2,fear,False,0.19431534,0.11039934,0.32096973,0.079783246,0.046334624,0.13501114,0.113186635
2166,"But we-we didn’t have…sex-uh, did we?",Ross,fear,negative,217,6,6,1,"00:03:02,974","00:03:08,770","But we-we didn’t have…sex-uh, did we?",fear,2,6,surprise,False,0.043958154,0.010541001,0.13009574,0.099857666,0.21997851,0.082169294,0.41339964
2167,"I mean, I don’t remember much about last night, it was such a blur.",Ross,neutral,neutral,217,7,6,1,"00:03:10,773","00:03:16,737","I mean, I don’t remember much about last night, it was such a blur.",neutral,4,4,neutral,True,0.024871293,0.009454261,0.0492011,0.023849571,0.6916588,0.0970714,0.103893556
2168,Oh! I remember laughing! I laughed a lot.,Rachel,joy,positive,217,8,6,1,"00:03:16,905","00:03:21,283",Oh! I remember laughing! I laughed a lot.,joy,3,3,joy,True,0.024150189,0.0027456128,0.0023251013,0.86808604,0.011201213,0.009076669,0.08241511
2169,And we didn’t have sex.,Ross,neutral,neutral,217,9,6,1,"00:03:21,451","00:03:22,868",And we didn’t have sex.,neutral,4,6,surprise,False,0.15245406,0.04478335,0.06147655,0.048538297,0.14720881,0.26272073,0.28281814
2170,"Ohh, I mean, we were really drunk. I’m just glad we didn’t do anything stupid.",Rachel,neutral,neutral,217,10,6,1,"00:03:27,790","00:03:35,005","Ohh, I mean, we were really drunk. I’m just glad we didn’t do anything stupid.",neutral,4,3,joy,False,0.013025343,0.0021536814,0.00685652,0.81674635,0.06699414,0.056310624,0.037913326
2171,Tell me about it.,Ross,neutral,neutral,217,11,6,1,"00:03:33,338","00:03:35,005",Tell me about it.,neutral,4,4,neutral,True,0.029936312,0.0033879674,0.012074365,0.020657146,0.91261387,0.0176974,0.0036329392
2172,What are we gonna do?,Monica,neutral,neutral,218,0,1,23,"00:00:23,857","00:00:25,816",What are we gonna do?,neutral,4,2,fear,False,0.08551183,0.021357654,0.6221788,0.058336675,0.11465325,0.07190017,0.026061634
2173,I say we go with,Chandler,neutral,neutral,218,1,1,23,"00:20:17,925","00:20:29,268",I say we go with,neutral,4,4,neutral,True,0.009091294,0.002210276,0.0013600329,0.055302415,0.9249207,0.0064651757,0.00065011904
2174,Chandler?,Janice,neutral,neutral,218,2,1,23,"00:22:31,350","00:22:32,558",Chandler?,neutral,4,4,neutral,True,0.024377262,0.0019450893,0.0062441635,0.009093006,0.7158789,0.010756293,0.23170528
2175,Did she see us yet? Did she see us?,Chandler,neutral,neutral,219,0,7,7,"00:18:07,002","00:18:09,462",Did she see us yet? Did she see us?,neutral,4,4,neutral,True,0.06649048,0.0042236065,0.05295961,0.07513574,0.5530765,0.071542874,0.17657118
2176,"Janice, what umm, what are you doing here?",Monica,sadness,negative,219,1,7,7,"00:18:14,343","00:18:16,344","Janice, what umm, what are you doing here?",sadness,5,6,surprise,False,0.022605883,0.00313321,0.01293039,0.01459557,0.09905739,0.011705338,0.8359722
2177,What’s that smell?,Phoebe,disgust,negative,220,0,2,1,"00:01:44,270","00:05:39,338",What’s that smell?,disgust,1,6,surprise,False,0.029276524,0.035010904,0.020747364,0.060833417,0.33183044,0.0301285,0.4921728
2178,I know!,Joey,anger,negative,220,1,2,1,"00:05:39,505","00:05:42,674",I know!,anger,0,3,joy,False,0.19239828,0.011355171,0.021973532,0.297355,0.12766401,0.063413136,0.2858409
2179,"Hi, remember us?",Rachel,neutral,neutral,221,0,1,2,"00:05:40,965","00:05:42,716","Hi, remember us?",neutral,4,4,neutral,True,0.009402994,0.0008059564,0.0016440428,0.021636251,0.9374128,0.0047554653,0.024342554
2180,"Um, okay. You just called a little while ago about needing a signature on the admissions form. Well, it turns out we need a",Monica,neutral,neutral,221,1,1,2,"00:10:46,187","00:10:56,863","Um, okay. You just called a little while ago about needing a signature on the admissions form. Well, it turns out we need a",neutral,4,4,neutral,True,0.0034419063,0.00052136026,0.001574319,0.007266613,0.9823996,0.003922527,0.0008736471
2181,I am. I'm,Monica,neutral,neutral,221,2,1,2,"00:14:35,624","00:14:37,876",I am. I'm,neutral,4,4,neutral,True,0.010404732,0.0012597498,0.0027786638,0.17576249,0.79621255,0.01190867,0.0016732056
2182,"Yeah, and and, I'm just gonna pay for this with a check.",Rachel,neutral,neutral,221,3,1,2,"0:15:59,583","0:16:05,339","Yeah, and and, I'm just gonna pay for this with a check.",neutral,4,4,neutral,True,0.061686236,0.023098024,0.007844575,0.05408461,0.69284105,0.15377544,0.0066700503
2183,"Yeah, I know...  ..I'm I'm just not that bright either.",Rachel,sadness,negative,221,4,1,2,"0:16:05,339","0:16:05,860","Yeah, I know...  ..I'm I'm just not that bright either.",sadness,5,4,neutral,False,0.054255333,0.03498367,0.12859164,0.100397915,0.4264868,0.20112513,0.054159496
2184,"Hey, Mon, if you were hoping to sleep with Joshua the first time tonight, which one of these would you want to be wearing.",Rachel,neutral,neutral,222,0,4,18,"00:05:35,460","00:05:40,839","Hey, Mon, if you were hoping to sleep with Joshua the first time tonight, which one of these would you want to be wearing.",neutral,4,4,neutral,True,0.0040484294,0.00165363,0.0017079549,0.024262756,0.9612609,0.006136547,0.0009298303
2185,Y’know what? It,Monica,neutral,neutral,222,1,4,18,"00:05:41,007","00:05:44,968",Y’know what? It,neutral,4,4,neutral,True,0.032067962,0.0016134682,0.0034926124,0.030205322,0.922387,0.0069715776,0.003262002
2186,Sorry.,Rachel,neutral,neutral,222,2,4,18,"0:05:45,636","0:05:46,238",Sorry.,neutral,4,4,neutral,True,0.008694377,0.0029099383,0.006787657,0.021791346,0.77297753,0.16812737,0.018711802
2187,I’m so exited!,Rachel,joy,positive,222,3,4,18,"0:05:46,238","0:05:48,645",I’m so exited!,joy,3,0,anger,False,0.31408376,0.010859512,0.010806841,0.3134284,0.026885433,0.051195644,0.2727404
2188,I’ve been waiting for this for months!,Rachel,joy,positive,222,4,4,18,"0:05:48,765","0:05:49,907",I’ve been waiting for this for months!,joy,3,0,anger,False,0.68470126,0.026566535,0.05151417,0.030382572,0.0148505885,0.09761423,0.09437055
2189,I got my hair coloured!,Rachel,joy,positive,222,5,4,18,"0:05:49,907","0:05:51,603",I got my hair coloured!,joy,3,3,joy,True,0.06555237,0.0031249437,0.0025017867,0.8824937,0.022654554,0.010142833,0.013529781
2190,I got new sheets!,Rachel,joy,positive,222,6,4,18,"0:05:51,726","0:05:52,811",I got new sheets!,joy,3,3,joy,True,0.019330684,0.0010792951,0.0011834885,0.8928539,0.0667819,0.0071460847,0.011624615
2191,I’m making him a,Rachel,joy,positive,222,7,4,18,"0:05:52,811","0:05:55,421",I’m making him a,joy,3,0,anger,False,0.41828796,0.14079553,0.013610709,0.2823331,0.055974223,0.0738707,0.015127722
2193,What am I making him by the way?,Rachel,neutral,neutral,222,8,4,18,"00:05:55,521","00:05:57,230",What am I making him by the way?,neutral,4,0,anger,False,0.33980063,0.25020993,0.07178092,0.058985513,0.06137895,0.20371808,0.01412589
2194,"Well, you’re making him a frieze salad with goat cheese and pine nuts, wild nuts, wild rice, roast asparagus, and salmon au croup.",Monica,neutral,neutral,222,9,4,18,"00:05:57,690","00:06:06,073","Well, you’re making him a frieze salad with goat cheese and pine nuts, wild nuts, wild rice, roast asparagus, and salmon au croup.",neutral,4,4,neutral,True,0.022579985,0.017419145,0.0018926789,0.17436321,0.7547618,0.024099011,0.00488424
2195,I thought I was making him filet mignon?,Rachel,surprise,negative,222,10,4,18,"00:06:06,616","00:06:08,450",I thought I was making him filet mignon?,surprise,6,4,neutral,False,0.017372942,0.003958766,0.010178481,0.007949907,0.6616055,0.007997872,0.2909366
2196,"Yeah, you were, but you decided to make salmon because you had some left over at the restaurant.",Monica,neutral,neutral,222,11,4,18,"00:06:09,911","00:06:13,663","Yeah, you were, but you decided to make salmon because you had some left over at the restaurant.",neutral,4,4,neutral,True,0.021496626,0.016840318,0.006513108,0.08298527,0.80345434,0.061886,0.006824345
2197,"And then you realised if you  bitched about it, then you  would stop cooking, and you  would have to make your famous baked potato and Diet Coke.",Monica,anger,negative,222,12,4,18,"00:06:13,831","00:06:21,254","And then you realised if you  bitched about it, then you  would stop cooking, and you  would have to make your famous baked potato and Diet Coke.",anger,0,0,anger,True,0.66940355,0.20975806,0.010604645,0.026269227,0.019063747,0.054159142,0.010741517
2198,"Wow, I really get crabby when I cook.",Rachel,surprise,positive,222,13,4,18,"00:06:22,465","00:06:25,050","Wow, I really get crabby when I cook.",surprise,6,3,joy,False,0.024258114,0.008673672,0.002559519,0.71715915,0.013059996,0.007559837,0.22672975
2199,"Chandler! It happens to lots of guys! You-you-you were probably tired, you had a lot of champagne, don’t worry about it!",Monica,sadness,negative,223,0,7,1,"00:04:12,710","00:04:22,219","Chandler! It happens to lots of guys! You-you-you were probably tired, you had a lot of champagne, don’t worry about it!",sadness,5,3,joy,False,0.09911876,0.007406347,0.01956632,0.45284224,0.08907826,0.07513623,0.25685182
2200,"I’m not worried, I’m uh, I’m fascinated.",Chandler,fear,negative,223,1,7,1,"00:04:23,846","00:04:27,766","I’m not worried, I’m uh, I’m fascinated.",fear,2,4,neutral,False,0.015500203,0.0040673544,0.13210183,0.11378951,0.60393506,0.0812037,0.04940232
2201,"Y’know it’s like uh, Biology!",Chandler,neutral,neutral,223,2,7,1,"00:04:28,101","00:04:30,686","Y’know it’s like uh, Biology!",neutral,4,3,joy,False,0.12313498,0.006878949,0.017826678,0.39374694,0.3120898,0.043922413,0.10240023
2202,"Which is funny because in high school I uh, I-I failed Biology and tonight Biology failed me.",Chandler,fear,negative,223,3,7,1,"00:04:30,895","00:04:37,484","Which is funny because in high school I uh, I-I failed Biology and tonight Biology failed me.",fear,2,5,sadness,False,0.038269,0.015566873,0.07062655,0.03709815,0.03887572,0.78726625,0.012297429
2203,"Check it out. Okay, I can play this when the guests are coming in. Okay.",Phoebe,neutral,neutral,223,4,7,1,"00:04:39,529","00:04:43,657","Check it out. Okay, I can play this when the guests are coming in. Okay.",neutral,4,4,neutral,True,0.018484479,0.0018663728,0.0018682764,0.16685413,0.8040842,0.005731107,0.0011115175
2204,Phoebe!,Monica,joy,positive,223,5,7,1,"00:04:58,089","00:04:59,548",Phoebe!,joy,3,6,surprise,False,0.27814147,0.009265694,0.010292754,0.20067972,0.046914123,0.03519317,0.41951305
2205,"If you would’ve let me finish, it goes on to say that he’s probably not gay.",Phoebe,neutral,neutral,223,6,7,1,"00:05:00,008","00:05:04,219","If you would’ve let me finish, it goes on to say that he’s probably not gay.",neutral,4,4,neutral,True,0.016469166,0.002764045,0.006890299,0.014748632,0.9426562,0.013132012,0.0033396594
2206,You are falling fast asleep.,Hypnosis Tape,neutral,neutral,224,0,3,18,"00:06:18,753","00:06:21,546",You are falling fast asleep.,neutral,4,4,neutral,True,0.026588624,0.0070238295,0.0044139414,0.029120116,0.9162051,0.01046901,0.006179373
2207,Deeper.,Hypnosis Tape,neutral,neutral,224,1,3,18,"0:06:21,714","0:06:22,298",Deeper.,neutral,4,4,neutral,True,0.00638726,0.004435705,0.0031782,0.007636171,0.9705413,0.0055404454,0.002280858
2208,Deeper.,Hypnosis Tape,neutral,neutral,224,2,3,18,"0:06:22,298","0:06:22,980",Deeper.,neutral,4,4,neutral,True,0.00638726,0.004435705,0.0031782,0.007636171,0.9705413,0.0055404454,0.002280858
2209,Deeper.,Hypnosis Tape,neutral,neutral,224,3,3,18,"0:06:22,980","0:06:24,838",Deeper.,neutral,4,4,neutral,True,0.00638726,0.004435705,0.0031782,0.007636171,0.9705413,0.0055404454,0.002280858
2210,You are now completely asleep.,Hypnosis Tape,neutral,neutral,224,4,3,18,"00:06:24,926","00:06:27,386",You are now completely asleep.,neutral,4,4,neutral,True,0.02558882,0.0052001737,0.005123519,0.030691022,0.8967072,0.01791598,0.0187733
2211,You don’t need to smoke.,Hypnosis Tape,neutral,neutral,224,5,3,18,"00:06:27,553","00:06:29,888",You don’t need to smoke.,neutral,4,4,neutral,True,0.07351441,0.027418735,0.01028164,0.05561841,0.79311144,0.0155806905,0.024474615
2212,Cigarettes don’t control you.,Hypnosis Tape,neutral,neutral,224,6,3,18,"00:06:30,056","00:06:32,641",Cigarettes don’t control you.,neutral,4,1,disgust,False,0.25854513,0.4223558,0.04273766,0.045038804,0.09620017,0.11846427,0.016658181
2213,"You are a strong, confident woman, who does not need to smoke.",Hypnosis Tape,neutral,neutral,224,7,3,18,"00:06:32,809","00:06:38,897","You are a strong, confident woman, who does not need to smoke.",neutral,4,4,neutral,True,0.11677625,0.0047047096,0.00786932,0.08134084,0.7574368,0.01906586,0.012806302
2214,"A strong, confident woman.",Hypnosis Tape,neutral,neutral,224,8,3,18,"00:06:39,065","00:06:42,317","A strong, confident woman.",neutral,4,4,neutral,True,0.02377519,0.003182848,0.004094883,0.0063197706,0.937684,0.014592251,0.010351122
2215,"Thank you for your patience, you’re the next caller.",Hold Voice,neutral,neutral,225,0,3,22,"00:03:29,584","00:03:32,461","Thank you for your patience, you’re the next caller.",neutral,4,4,neutral,True,0.030304028,0.0020631724,0.0015746998,0.31567776,0.64085495,0.0066215387,0.0029038237
2216,Yes!! Yes!! I’m the next caller! You were gonna have me hang up.,Phoebe,joy,positive,225,1,3,22,"00:03:32,629","00:03:35,297",Yes!! Yes!! I’m the next caller! You were gonna have me hang up.,joy,3,0,anger,False,0.76839554,0.021378504,0.046254877,0.06170944,0.0129885,0.065524064,0.023749057
2217,Hey! Can you take a duck and a chick to the theatre?,Chandler,neutral,neutral,225,2,3,22,"00:03:39,677","00:03:43,847",Hey! Can you take a duck and a chick to the theatre?,neutral,4,3,joy,False,0.10683718,0.003888015,0.0037505084,0.68743455,0.16950697,0.018315697,0.010267017
2218,Of course not.,Monica,sadness,negative,225,3,3,22,"0:03:45,183","0:03:46,101",Of course not.,sadness,5,4,neutral,False,0.12180263,0.024875736,0.08755658,0.108362064,0.5061844,0.12954392,0.021674648
2219,No.,Phoebe,neutral,neutral,225,4,3,22,"0:03:46,101","0:03:46,587",No.,neutral,4,4,neutral,True,0.006077376,0.0039952304,0.0023630967,0.013360657,0.9552361,0.017810231,0.0011572546
2220,Okay. I just wanted them to hear it from somebody else.,Chandler,neutral,neutral,225,5,3,22,"00:03:46,684","00:03:49,770",Okay. I just wanted them to hear it from somebody else.,neutral,4,4,neutral,True,0.027352875,0.004015772,0.017896662,0.12596077,0.7429442,0.07865464,0.0031751257
2221,So how are things going with Paul?,Phoebe,neutral,neutral,226,0,6,23,"00:01:33,927","00:01:36,345",So how are things going with Paul?,neutral,4,4,neutral,True,0.005982597,0.0006508779,0.0015280258,0.014600053,0.9681258,0.0064052646,0.0027074057
2222,Good.,Rachel,joy,positive,226,1,6,23,"00:01:36,513","00:01:37,846",Good.,joy,3,3,joy,True,0.064918324,0.020817671,0.0033175019,0.6340724,0.2594175,0.014997944,0.0024586206
2223,"Although y’know, he-he’s a private guy.",Rachel,neutral,neutral,226,2,6,23,"00:01:38,014","00:01:40,641","Although y’know, he-he’s a private guy.",neutral,4,4,neutral,True,0.008698364,0.002196721,0.0028462014,0.02371278,0.949323,0.0088474015,0.0043756547
2224,"Y’know, I wish I could get him to open up a little bit, share some feelings.",Rachel,sadness,negative,226,3,6,23,"00:01:40,809","00:01:44,019","Y’know, I wish I could get him to open up a little bit, share some feelings.",sadness,5,4,neutral,False,0.016239665,0.005382582,0.013703448,0.10544056,0.45758078,0.39718193,0.0044710413
2225,That’s easy! You just have to think of him as a-as a jar of pickles that won’t open.,Phoebe,neutral,neutral,226,4,6,23,"00:01:44,187","00:01:48,857",That’s easy! You just have to think of him as a-as a jar of pickles that won’t open.,neutral,4,3,joy,False,0.067755334,0.004509162,0.0058898907,0.46930188,0.40591496,0.03409729,0.012531454
2226,So what are you saying.  I should run him under hot water and bang his head against a table?,Rachel,surprise,negative,226,5,6,23,"00:01:50,693","00:01:54,696",So what are you saying.  I should run him under hot water and bang his head against a table?,surprise,6,4,neutral,False,0.14704327,0.23413281,0.014098771,0.14151351,0.41472158,0.04146481,0.007025265
2227,No that’s what you do when you want to get the truth out of someone.,Phoebe,neutral,neutral,226,6,6,23,"00:01:56,116","00:01:59,660",No that’s what you do when you want to get the truth out of someone.,neutral,4,0,anger,False,0.36288267,0.17980182,0.085903786,0.053225074,0.2235636,0.08512543,0.009497661
2228,Hi honey.,Paul,neutral,neutral,226,7,6,23,"0:02:03,331","0:02:04,353",Hi honey.,neutral,4,4,neutral,True,0.0033497722,0.0008297117,0.00042810536,0.009477633,0.98378456,0.001606662,0.00052355416
2229,Hi!,Rachel,joy,positive,226,8,6,23,"0:02:04,353","0:02:05,252",Hi!,joy,3,3,joy,True,0.014340315,0.00074478035,0.0006996317,0.949595,0.019807633,0.0036564504,0.011156241
2230,"Okay, Ben, I won’t tell your daddy that you had ice cream for dinner, if you don’t tell about our little bonking incident.",Monica,fear,negative,227,0,3,8,"00:12:07,935","00:12:17,277","Okay, Ben, I won’t tell your daddy that you had ice cream for dinner, if you don’t tell about our little bonking incident.",fear,2,4,neutral,False,0.16929337,0.021966016,0.16093874,0.06741903,0.3965213,0.17686288,0.0069987127
2231,"Monica, number one, I don’t think Ben understands the concept of bribery, and number two, I...   What?!",Rachel,surprise,negative,227,1,3,8,"00:12:11,939","00:12:19,154","Monica, number one, I don’t think Ben understands the concept of bribery, and number two, I...   What?!",surprise,6,6,surprise,True,0.18196552,0.02463372,0.07712232,0.0594321,0.10796766,0.099850915,0.44902775
2232,You said number two.,Joey,neutral,neutral,227,2,3,8,"00:12:20,656","00:12:23,116",You said number two.,neutral,4,4,neutral,True,0.040055383,0.0035956074,0.001328328,0.032981433,0.9056329,0.008524161,0.00788221
2233,I also said number one.,Rachel,neutral,neutral,227,3,3,8,"00:12:26,120","00:12:27,412",I also said number one.,neutral,4,3,joy,False,0.14088441,0.021277007,0.0057291784,0.46939558,0.31098956,0.028550938,0.023173366
2234,Remind me to review with you which pot is decaf and which is regular.,Gunther,neutral,neutral,228,0,3,10,"00:11:07,958","00:11:12,170",Remind me to review with you which pot is decaf and which is regular.,neutral,4,4,neutral,True,0.034187835,0.003512957,0.0018286123,0.024944184,0.9278687,0.006101216,0.0015564105
2235,Can’t I just look at the handles on them?,Rachel,neutral,neutral,228,1,3,10,"00:11:13,547","00:11:16,091",Can’t I just look at the handles on them?,neutral,4,4,neutral,True,0.028353415,0.0050577037,0.02510925,0.031187346,0.8773714,0.030057805,0.0028631007
2236,You would think.,Gunther,neutral,neutral,228,2,3,10,"00:11:16,258","00:11:18,009",You would think.,neutral,4,4,neutral,True,0.017540015,0.0029332736,0.006733362,0.024134908,0.9195454,0.010447805,0.018665232
2237,"Okay, fine.",Rachel,neutral,neutral,228,3,3,10,"00:11:18,636","00:11:22,806","Okay, fine.",neutral,4,4,neutral,True,0.07619712,0.03269373,0.0061281365,0.046083383,0.8149623,0.022129972,0.0018052808
2238,"Gunther, y'know what, I am a terrible waitress, do you know why I’m a terrible waitress?",Rachel,anger,negative,228,4,3,10,"0:11:18,636","0:11:25,226","Gunther, y'know what, I am a terrible waitress, do you know why I’m a terrible waitress?",anger,0,3,joy,False,0.27373084,0.017075904,0.02581315,0.31265315,0.20554048,0.09705558,0.06813085
2239,"Because, I don’t care.",Rachel,neutral,neutral,228,5,3,10,"0:11:25,226","0:11:26,770","Because, I don’t care.",neutral,4,1,disgust,False,0.21851876,0.36284304,0.02624137,0.055880908,0.13952592,0.16637625,0.030613713
2240,I don’t care.,Rachel,neutral,neutral,228,6,3,10,"00:11:27,353","00:11:30,647",I don’t care.,neutral,4,1,disgust,False,0.23939168,0.38721347,0.030436648,0.070507735,0.13784356,0.10995197,0.02465499
2241,"I don’t care which pot is regular and which pot is decaf, I don’t care where the tray spot is, I just don’t care, this is not what I want to do.",Rachel,anger,negative,228,7,3,10,"00:11:27,353","00:11:36,069","I don’t care which pot is regular and which pot is decaf, I don’t care where the tray spot is, I just don’t care, this is not what I want to do.",anger,0,5,sadness,False,0.1532338,0.08515457,0.1676857,0.051456094,0.14150529,0.38665104,0.014313554
2242,So I don’t think I should do it anymore.,Rachel,sadness,negative,228,8,3,10,"00:11:37,279","00:11:40,156",So I don’t think I should do it anymore.,sadness,5,5,sadness,True,0.058597922,0.023701783,0.113090284,0.037673477,0.04911575,0.6943048,0.023515943
2243,I’m gonna give you my weeks notice.,Rachel,sadness,negative,228,9,3,10,"0:11:41,534","0:11:42,796",I’m gonna give you my weeks notice.,sadness,5,0,anger,False,0.48117343,0.0523163,0.014436345,0.054107804,0.32838967,0.0626334,0.006943082
2244,What?!,Gunther,surprise,negative,228,10,3,10,"0:11:42,796","0:11:44,010",What?!,surprise,6,6,surprise,True,0.020155994,0.0029097227,0.0037848915,0.0039373483,0.019016102,0.004325766,0.9458702
2245,"Gunther, I quit.",Rachel,sadness,negative,228,11,3,10,"00:11:44,120","00:11:45,328","Gunther, I quit.",sadness,5,0,anger,False,0.4427965,0.08285175,0.018095253,0.11483276,0.11499788,0.18555695,0.04086895
2246,Does this mean we’re gonna have to start paying for coffee?,Chandler,surprise,negative,228,12,3,10,"00:11:48,124","00:11:51,042",Does this mean we’re gonna have to start paying for coffee?,surprise,6,5,sadness,False,0.15181807,0.025576107,0.04315584,0.032255463,0.19790521,0.53263205,0.01665717
2247,"Ohh, I mean it’s just so realistic!",Rachel,joy,positive,229,0,6,16,"00:02:31,818","00:02:34,444","Ohh, I mean it’s just so realistic!",joy,3,5,sadness,False,0.22126955,0.030782664,0.107073285,0.13448793,0.08608222,0.23927988,0.18102452
2248,"I know.  Yeah, his name is Pat.",Joey,neutral,neutral,229,1,6,16,"00:02:34,612","00:02:39,741","I know.  Yeah, his name is Pat.",neutral,4,4,neutral,True,0.004238382,0.0019882245,0.0008616439,0.018970724,0.96794254,0.005154336,0.0008440914
2249,Pat the dog. Oh! Oh! I get it!!,Rachel,joy,positive,229,2,6,16,"00:02:36,656","00:02:43,370",Pat the dog. Oh! Oh! I get it!!,joy,3,3,joy,True,0.01045833,0.0009082663,0.0013907288,0.95501703,0.017763967,0.006699842,0.007761768
2250,"Do you uh, do you—ready for a refill?",Joey,neutral,neutral,229,3,6,16,"00:02:47,750","00:02:53,397","Do you uh, do you—ready for a refill?",neutral,4,4,neutral,True,0.0026051672,0.00083805487,0.0043458235,0.007448836,0.9779749,0.00557874,0.0012084971
2251,"Oh, I probably shouldn’t—so I will!  Oh! Wow! It’s like it’s raining!",Rachel,surprise,positive,229,4,6,16,"00:02:49,919","00:03:03,557","Oh, I probably shouldn’t—so I will!  Oh! Wow! It’s like it’s raining!",surprise,6,6,surprise,True,0.07114864,0.01766584,0.047891393,0.07529721,0.031098742,0.1050903,0.6518079
2252,"Pretty cool, huh?",Joey,joy,positive,229,5,6,16,"00:03:01,139","00:03:03,557","Pretty cool, huh?",joy,3,3,joy,True,0.036898244,0.0023435343,0.0018080083,0.78259826,0.15984444,0.006288179,0.010219351
2253,"But if you’re thinking you can put a fish in there and it wouldn’t get sucked up into the mechanism, well you’d be wrong.",Joey,neutral,neutral,229,6,6,16,"00:03:03,725","00:03:09,062","But if you’re thinking you can put a fish in there and it wouldn’t get sucked up into the mechanism, well you’d be wrong.",neutral,4,4,neutral,True,0.325594,0.06320008,0.09391326,0.10321582,0.3277223,0.072013736,0.014340842
2254,"Umm, can I use your bathroom?",Rachel,neutral,neutral,229,7,6,16,"00:03:11,065","00:03:12,900","Umm, can I use your bathroom?",neutral,4,4,neutral,True,0.002864936,0.0018169683,0.0028238741,0.015743246,0.9675377,0.008284715,0.00092855084
2255,"It’s uh, right through there.",Joey,neutral,neutral,229,8,6,16,"00:03:13,067","00:03:17,237","It’s uh, right through there.",neutral,4,4,neutral,True,0.0067589306,0.0036330982,0.019050773,0.020054165,0.92437667,0.024561096,0.0015654098
2256,"Okay.  God y’know, if someone told me a week ago that I would be peeing in Joey Tribbiani’s apartment",Rachel,joy,positive,229,9,6,16,"00:03:19,449","00:03:25,078","Okay.  God y’know, if someone told me a week ago that I would be peeing in Joey Tribbiani’s apartment",joy,3,1,disgust,False,0.12002132,0.6724301,0.030346876,0.021318365,0.045084607,0.09587437,0.014924331
2257,"Yeah, life’s pretty great isn’t it?",Joey,joy,positive,229,10,6,16,"00:03:25,246","00:03:27,748","Yeah, life’s pretty great isn’t it?",joy,3,3,joy,True,0.030517306,0.0014628121,0.0027281172,0.8330101,0.11700564,0.012218058,0.0030579623
2259,"You know, I think I was sixteen.",Joey,neutral,neutral,230,0,2,1,"00:10:25,333","00:10:28,126","You know, I think I was sixteen.",neutral,4,4,neutral,True,0.01684849,0.001660756,0.008750539,0.032700315,0.84967357,0.019674828,0.070691496
2260,"Please, just a little bit off the back.",Monica,neutral,neutral,230,1,2,1,"00:10:30,254","00:10:33,048","Please, just a little bit off the back.",neutral,4,5,sadness,False,0.058334947,0.08080814,0.27704677,0.056104295,0.15820141,0.35862976,0.010874663
2261,"I'm still on ""no.""",Phoebe,neutral,neutral,230,2,2,1,"00:10:33,215","00:10:34,549","I'm still on ""no.""",neutral,4,4,neutral,True,0.09581338,0.055045187,0.13985889,0.09764584,0.47633564,0.122409955,0.012891147
2262,"Uh, morning. Do you guys think you could close your eyes for just a sec?",Rachel,neutral,neutral,230,3,2,1,"00:10:37,011","00:10:41,097","Uh, morning. Do you guys think you could close your eyes for just a sec?",neutral,4,4,neutral,True,0.0031061482,0.0015286293,0.0033377446,0.027961968,0.95463836,0.0057175425,0.0037096185
2263,"No-no-no-no-no,  I'm not fallin' for that again.",Joey,anger,negative,230,4,2,1,"00:10:41,265","00:10:44,434","No-no-no-no-no,  I'm not fallin' for that again.",anger,0,2,fear,False,0.27776718,0.036031567,0.30346572,0.11196815,0.13819477,0.124410495,0.008162047
2264,What's goin' on?,Phoebe,neutral,neutral,230,5,2,1,"0:10:46,854","0:10:47,996",What's goin' on?,neutral,4,4,neutral,True,0.020627383,0.0037970967,0.006360611,0.10043837,0.8530267,0.012777304,0.002972613
2265,"Well, I sorta did a stupid thing last night.",Rachel,neutral,neutral,230,6,2,1,"0:10:47,996","0:10:50,162","Well, I sorta did a stupid thing last night.",neutral,4,5,sadness,False,0.17447403,0.1200728,0.07097923,0.030691845,0.0719434,0.51631373,0.015524935
2266,What stupid thing did you do?,Chandler,neutral,neutral,230,7,2,1,"00:10:50,274","00:10:52,067",What stupid thing did you do?,neutral,4,0,anger,False,0.66858804,0.14268656,0.05484134,0.0231691,0.016342212,0.04898169,0.04539101
2267,Ewww!,Phoebe,disgust,negative,230,8,2,1,"00:10:54,278","00:10:55,962",Ewww!,disgust,1,1,disgust,True,0.04456457,0.8464475,0.011355283,0.023321213,0.00585101,0.029965976,0.038494375
2268,I know.,Chandler,neutral,neutral,231,0,3,21,"00:16:50,718","00:16:52,260",I know.,neutral,4,4,neutral,True,0.0027136076,0.0011535137,0.001302654,0.010687105,0.9759611,0.007334253,0.0008477877
2269,"See, yes.",Chandler,neutral,neutral,231,1,3,21,"00:16:53,721","00:16:55,847","See, yes.",neutral,4,4,neutral,True,0.019324422,0.0028039953,0.0062604896,0.10313789,0.8432256,0.023323022,0.0019245334
2270,"That’s Yasmine Bleeth, she’s a completely different kind of chick.",Chandler,neutral,neutral,231,2,3,21,"00:16:53,721","00:16:58,850","That’s Yasmine Bleeth, she’s a completely different kind of chick.",neutral,4,4,neutral,True,0.08483242,0.014311386,0.005907102,0.060294468,0.44489524,0.06315257,0.32660687
2271,I love you both.,Chandler,neutral,neutral,231,3,3,21,"00:17:02,896","00:17:04,814",I love you both.,neutral,4,3,joy,False,0.010268805,0.0009436606,0.0015415793,0.9174915,0.050750684,0.015757322,0.0032464194
2272,But in very different ways.,Chandler,neutral,neutral,231,4,3,21,"00:17:06,025","00:17:08,484",But in very different ways.,neutral,4,4,neutral,True,0.038428888,0.012884538,0.012470377,0.03568861,0.7414653,0.0634408,0.09562155
2273,Hey!,Joey,surprise,positive,231,5,3,21,"0:17:09,361","0:17:10,283",Hey!,surprise,6,3,joy,False,0.046776004,0.0025122454,0.0019906426,0.75225013,0.15590505,0.008275591,0.032290358
2274,Hey!,Chandler,surprise,positive,231,6,3,21,"0:17:10,283","0:17:11,239",Hey!,surprise,6,3,joy,False,0.046776004,0.0025122454,0.0019906426,0.75225013,0.15590505,0.008275591,0.032290358
2276,"I did! But the store wouldn’t take her back! So then I took her to the shelter, and you know what I found out?",Chandler,anger,negative,231,7,3,21,"00:17:16,493","00:17:22,123","I did! But the store wouldn’t take her back! So then I took her to the shelter, and you know what I found out?",anger,0,0,anger,True,0.42781195,0.012188425,0.1847739,0.072575726,0.0938568,0.18332745,0.025465718
2277,"If they can’t find a home for her, they kill her! And I’m not gonna let that happen to little Yasmine!",Chandler,anger,negative,231,8,3,21,"00:17:28,130","00:17:34,135","If they can’t find a home for her, they kill her! And I’m not gonna let that happen to little Yasmine!",anger,0,0,anger,True,0.49622768,0.0278729,0.32396668,0.032591633,0.026714304,0.0786939,0.013932885
2278,"Okay, good, good, good, ‘cause, good, ‘cause I was kinda having second thoughts too.",Joey,fear,negative,231,9,3,21,"00:17:36,555","00:17:40,391","Okay, good, good, good, ‘cause, good, ‘cause I was kinda having second thoughts too.",fear,2,4,neutral,False,0.07520969,0.012455259,0.015856808,0.24080092,0.61681706,0.036649287,0.0022109551
2279,Okay. And it’s not just chicks y'know? It’s all kinds of other animals!,Chandler,disgust,negative,231,10,3,21,"00:17:40,559","00:17:44,479",Okay. And it’s not just chicks y'know? It’s all kinds of other animals!,disgust,1,0,anger,False,0.55609155,0.023313407,0.053812418,0.08166415,0.1444576,0.07962263,0.06103831
2280,"That’s horrible! Well, you did the right thing man.",Joey,disgust,negative,231,11,3,21,"00:17:44,646","00:17:47,315","That’s horrible! Well, you did the right thing man.",disgust,1,5,sadness,False,0.045965366,0.08001661,0.029833643,0.0202079,0.011562316,0.7923515,0.020062646
2281,"Thanks, I’m glad you see it that way.",Chandler,joy,positive,231,12,3,21,"00:17:47,483","00:17:49,442","Thanks, I’m glad you see it that way.",joy,3,3,joy,True,0.009258143,0.0010582472,0.0009449097,0.9071857,0.06698162,0.011954112,0.002617323
2282,"Ohhh-hoo, funny story!",Chandler,joy,positive,231,13,3,21,"00:18:01,622","00:18:03,581","Ohhh-hoo, funny story!",joy,3,3,joy,True,0.01276101,0.0010513816,0.0013638886,0.9360774,0.01328312,0.005249266,0.030213978
2283,"So Chandler, have you heard about Monica's secret boyfriend?",Rachel,neutral,neutral,232,0,5,4,"00:05:54,270","00:05:57,731","So Chandler, have you heard about Monica's secret boyfriend?",neutral,4,4,neutral,True,0.061750107,0.0057112956,0.0067155617,0.037231203,0.758482,0.02060329,0.109506555
2284,"Uhh, yeah. She uh, she uh, she uh might've mentioned him.",Chandler,neutral,neutral,232,1,5,4,"00:05:57,899","00:06:01,902","Uhh, yeah. She uh, she uh, she uh might've mentioned him.",neutral,4,4,neutral,True,0.0073420093,0.005435274,0.05765158,0.02334223,0.86133105,0.038098037,0.0067998325
2285,"So Mon, when are we gonna meet this new secret waiter man?",Rachel,neutral,neutral,232,2,5,4,"00:06:02,653","00:06:06,907","So Mon, when are we gonna meet this new secret waiter man?",neutral,4,4,neutral,True,0.023248445,0.0013398079,0.005631602,0.38578853,0.53858876,0.03466761,0.010735312
2286,"Ohh, he's really shy. I-I don’t think he's up to meeting everyone yet.",Monica,neutral,neutral,232,3,5,4,"00:06:07,075","00:06:10,327","Ohh, he's really shy. I-I don’t think he's up to meeting everyone yet.",neutral,4,6,surprise,False,0.02290691,0.007789935,0.119813085,0.13483487,0.19449402,0.124053076,0.39610803
2287,"Yeah, I don't think he's up to meeting everyone yet.",Chandler,neutral,neutral,232,4,5,4,"00:06:10,495","00:06:12,913","Yeah, I don't think he's up to meeting everyone yet.",neutral,4,4,neutral,True,0.03497523,0.010157228,0.05719304,0.091049984,0.6757861,0.07483678,0.0560017
2288,I don’t care! I wanna meet this guy who's the best sex she ever had!,Rachel,joy,positive,232,5,5,4,"00:06:13,456","00:06:17,501",I don’t care! I wanna meet this guy who's the best sex she ever had!,joy,3,0,anger,False,0.5332866,0.2326909,0.04297829,0.026735969,0.016545614,0.11126924,0.036493354
2289,Really?! That's what you heard?  You said that?,Chandler,surprise,positive,232,6,5,4,"00:06:18,711","00:06:24,424",Really?! That's what you heard?  You said that?,surprise,6,6,surprise,True,0.05326667,0.009154938,0.0077863187,0.010634854,0.020044047,0.009946144,0.889167
2290,I might've said that.  Why is that funny?,Monica,neutral,neutral,232,7,5,4,"00:06:24,692","00:06:30,764",I might've said that.  Why is that funny?,neutral,4,6,surprise,False,0.073727764,0.010929076,0.018015984,0.017092377,0.2432943,0.021613833,0.6153266
2291,Because I'm very happy for him!  And,Chandler,joy,positive,232,8,5,4,"00:06:31,599","00:06:34,434",Because I'm very happy for him!  And,joy,3,0,anger,False,0.47932267,0.011056313,0.020267038,0.2766227,0.053818535,0.13147427,0.027438484
2292,Hi!,Ross,sadness,negative,232,9,5,4,"00:06:39,732","00:06:41,149",Hi!,sadness,5,3,joy,False,0.014340315,0.00074478035,0.0006996317,0.949595,0.019807633,0.0036564504,0.011156241
2297,Did you get all this stuff for Joey to try and drive me out of the apartment?,Rachel,anger,negative,233,0,7,10,"00:11:07,917","00:11:12,253",Did you get all this stuff for Joey to try and drive me out of the apartment?,anger,0,4,neutral,False,0.15616639,0.006885774,0.03625466,0.04368548,0.6124831,0.064897165,0.07962744
2298,"Honey, if you wanted to do that, you might as well just gotten him a fish, you know how fish freaked me out!",Rachel,disgust,negative,233,1,7,10,"00:11:13,964","00:11:18,385","Honey, if you wanted to do that, you might as well just gotten him a fish, you know how fish freaked me out!",disgust,1,0,anger,False,0.4976993,0.021594286,0.25708655,0.051069494,0.030765416,0.1035192,0.03826572
2299,Fish!,Phoebe,surprise,negative,233,2,7,10,"00:11:19,512","00:11:21,221",Fish!,surprise,6,3,joy,False,0.10355598,0.045674134,0.012895804,0.6284945,0.104830876,0.05112995,0.053418778
2300,"It wouldn't have mattered anyway, Phoebe, you and I are, are gonna live together, we're roommates; that's the deal.",Rachel,neutral,neutral,233,3,7,10,"00:11:22,139","00:11:27,435","It wouldn't have mattered anyway, Phoebe, you and I are, are gonna live together, we're roommates; that's the deal.",neutral,4,4,neutral,True,0.034225505,0.0033198148,0.006625107,0.07380674,0.781627,0.09336677,0.0070291003
2301,"Yes, but I wanted you to want to live with me, but okay, if you're having so much fun over here",Phoebe,sadness,negative,233,4,7,10,"00:11:27,603","00:11:32,857","Yes, but I wanted you to want to live with me, but okay, if you're having so much fun over here",sadness,5,4,neutral,False,0.095773,0.057374183,0.02100805,0.0833189,0.70439416,0.03536117,0.002770511
2302,"Oh, it's so much more fun with you.",Rachel,joy,positive,233,5,7,10,"00:11:33,025","00:11:35,193","Oh, it's so much more fun with you.",joy,3,3,joy,True,0.023429798,0.0026221618,0.0009383129,0.9307318,0.031188069,0.006013446,0.0050764973
2303,"We did have fun, didn't we?",Phoebe,joy,positive,233,6,7,10,"0:11:35,361","0:11:36,446","We did have fun, didn't we?",joy,3,4,neutral,False,0.0521121,0.0031579246,0.0063948804,0.13953969,0.77334315,0.019420343,0.006031965
2304,We did!,Rachel,joy,positive,233,7,7,10,"0:11:36,446","0:11:38,212",We did!,joy,3,3,joy,True,0.105707936,0.0031346162,0.008185265,0.7902988,0.04340858,0.01994686,0.029317904
2305,"Oh, anyway, they say, if we want, we can see it tonight.",Phoebe,neutral,neutral,233,8,7,10,"00:11:39,281","00:11:41,41","Oh, anyway, they say, if we want, we can see it tonight.",neutral,4,4,neutral,True,0.006111397,0.0015914877,0.002935081,0.073699065,0.89735997,0.017092451,0.0012105294
2306,"Oh, I would love to!",Rachel,joy,positive,233,9,7,10,"0:11:41,659","0:11:42,827","Oh, I would love to!",joy,3,3,joy,True,0.008706715,0.00079909794,0.00082783255,0.96203285,0.010249779,0.004679733,0.01270392
2307,"Yay, okay!",Phoebe,joy,positive,233,10,7,10,"0:11:42,827","0:11:43,842","Yay, okay!",joy,3,3,joy,True,0.010788199,0.0011050459,0.00057252834,0.96126527,0.018343255,0.0036305075,0.0042952574
2308,"Good, good, good, good, good.",Rachel,joy,positive,233,11,7,10,"00:11:43,953","00:11:46,955","Good, good, good, good, good.",joy,3,3,joy,True,0.14614017,0.008112346,0.0143688815,0.63474977,0.17228958,0.019389473,0.004949861
2309,"Great, all right, okay, and Monica ask me to make the drumming stop.",Phoebe,neutral,neutral,233,12,7,10,"00:11:43,953","00:11:49,916","Great, all right, okay, and Monica ask me to make the drumming stop.",neutral,4,3,joy,False,0.042010337,0.0033877506,0.0021622453,0.7926083,0.14658917,0.009779,0.0034631873
2310,Um...  Done!,Rachel,neutral,neutral,233,13,7,10,"00:11:50,918","00:11:56,673",Um...  Done!,neutral,4,3,joy,False,0.03476433,0.0027232391,0.0022903506,0.886085,0.05963011,0.008619458,0.0058874805
2316,"Okay, it’s coffee.",Ross,neutral,neutral,234,0,3,22,"00:15:56,372","00:15:57,538","Okay, it’s coffee.",neutral,4,4,neutral,True,0.0035738626,0.0021566935,0.0007037346,0.014125092,0.97537655,0.0032541351,0.00080997427
2317,Ice coffee? Tell me it’s ice coffee!,Tommy,surprise,negative,234,1,3,22,"00:15:57,706","00:16:00,041",Ice coffee? Tell me it’s ice coffee!,surprise,6,0,anger,False,0.3650021,0.03641821,0.02771109,0.12473045,0.053092387,0.05513378,0.33791196
2318,It’s-it’s hot,Ross,neutral,neutral,234,2,3,22,"0:16:01,710","0:16:02,972",It’s-it’s hot,neutral,4,3,joy,False,0.031799994,0.0042712935,0.030784668,0.74262005,0.097751714,0.03809744,0.05467482
2319,Hot coffee!!!,Tommy,surprise,negative,234,3,3,22,"0:16:02,972","0:16:04,762",Hot coffee!!!,surprise,6,3,joy,False,0.025101235,0.0030722672,0.0010927872,0.9286282,0.011065785,0.004798353,0.026241316
2320,You idiot!!,Tommy,anger,negative,234,4,3,22,"0:16:04,880","0:16:07,932",You idiot!!,anger,0,0,anger,True,0.76258934,0.06270012,0.008419973,0.044120368,0.006912886,0.01614855,0.09910867
2321,"You were gonna spill hot coffee all over me, huh?!!",Tommy,anger,negative,234,5,3,22,"0:16:07,932","0:16:08,572","You were gonna spill hot coffee all over me, huh?!!",anger,0,6,surprise,False,0.37052253,0.101656064,0.017593434,0.025970545,0.010468006,0.021838827,0.4519506
2322,"What are you just some big, dumb, stupid, doofy idiot, with a doofy idiot hairdo, huh?!",Tommy,anger,negative,234,6,3,22,"00:16:08,676","00:16:12,428","What are you just some big, dumb, stupid, doofy idiot, with a doofy idiot hairdo, huh?!",anger,0,0,anger,True,0.6444701,0.033932373,0.020960782,0.026607562,0.0400436,0.035924364,0.19806127
2323,Huh?,Tommy,anger,negative,234,7,3,22,"00:16:12,596","00:16:14,389",Huh?,anger,0,6,surprise,False,0.048853025,0.0042424733,0.011279741,0.018132016,0.24366158,0.014975718,0.65885544
2325,What’s your favourite thing about summertime?,Rachel,neutral,neutral,234,8,3,22,"00:16:17,559","00:16:19,811",What’s your favourite thing about summertime?,neutral,4,4,neutral,True,0.029940091,0.020344725,0.0047468916,0.14319217,0.7529252,0.030851344,0.01799963
2326,"Umm, going to the beach. When it stays light real late.",Monica,neutral,neutral,234,9,3,22,"00:16:19,979","00:16:23,898","Umm, going to the beach. When it stays light real late.",neutral,4,4,neutral,True,0.0049580154,0.002781363,0.0017213066,0.0043003457,0.9824959,0.0032713246,0.00047166005
2327,Yeah,Rachel,neutral,neutral,234,10,3,22,"00:16:24,066","00:16:25,400",Yeah,neutral,4,4,neutral,True,0.022700995,0.005505877,0.0041844966,0.11905249,0.83725494,0.009688155,0.0016130424
2328,Hey!,Tommy,surprise,positive,234,11,3,22,"00:16:26,402","00:16:29,028",Hey!,surprise,6,3,joy,False,0.046776015,0.0025122454,0.0019906426,0.75225013,0.15590505,0.0082755955,0.032290343
2329,"Tommyyyy! Say, what’s your favourite thing about summer?",Rachel,joy,positive,234,12,3,22,"00:16:29,196","00:16:31,000","Tommyyyy! Say, what’s your favourite thing about summer?",joy,3,3,joy,True,0.027332997,0.005116373,0.002340374,0.8892959,0.027270256,0.00839288,0.04025126
2330,"Ooh, I don’t know. Probably the smell of freshly cut grass.",Tommy,neutral,neutral,234,13,3,22,"00:16:31,532","00:16:35,535","Ooh, I don’t know. Probably the smell of freshly cut grass.",neutral,4,4,neutral,True,0.021352855,0.060589645,0.04949335,0.1044811,0.6239443,0.0454581,0.09468066
2331,"Ohh, that’s a good one.",Chandler,joy,positive,234,14,3,22,"00:16:35,703","00:16:37,578","Ohh, that’s a good one.",joy,3,3,joy,True,0.013462272,0.0033289408,0.004256183,0.6426684,0.31006375,0.018658465,0.00756193
2332,"OK, try this salmon mousse.",Monica,neutral,neutral,235,0,1,15,"00:07:05,049","00:07:07,884","OK, try this salmon mousse.",neutral,4,4,neutral,True,0.010060003,0.006318025,0.0033923027,0.047351927,0.92535216,0.00673511,0.0007904584
2333,Mmmm. Good.,Joey,joy,positive,236,0,6,19,"00:07:08,845","00:07:10,762",Mmmm. Good.,joy,3,3,joy,True,0.021931298,0.0120345745,0.003996388,0.5502334,0.39486825,0.014770847,0.0021652074
2334,Is it better than the other salmon mousse?,Monica,neutral,neutral,237,0,1,15,"00:07:10,930","00:07:13,390",Is it better than the other salmon mousse?,neutral,4,4,neutral,True,0.03335404,0.008641263,0.0056021605,0.22878446,0.6815856,0.02705446,0.014977953
2335,It's creamier.,Joey,neutral,neutral,237,1,1,15,"00:07:14,142","00:07:15,684",It's creamier.,neutral,4,4,neutral,True,0.0037128904,0.0024461916,0.0006903559,0.012588338,0.9729671,0.0049961326,0.0025990352
2336,"Yeah, well, is that",Monica,neutral,neutral,237,2,1,15,"00:07:15,852","00:07:18,019","Yeah, well, is that",neutral,4,4,neutral,True,0.020530893,0.0023628161,0.0021416796,0.050291013,0.9146461,0.00901022,0.001017227
2337,"I don't know. We're talking about whipped fish, Monica. I'm just happy I'm keeping it down, y'know?",Joey,disgust,negative,237,3,1,15,"00:07:18,187","00:07:24,818","I don't know. We're talking about whipped fish, Monica. I'm just happy I'm keeping it down, y'know?",disgust,1,1,disgust,True,0.29980636,0.5119249,0.010309224,0.06748318,0.027527705,0.05476928,0.028179295
2338,My God! What happened to you?,Rachel,surprise,negative,237,4,1,15,"00:07:30,950","00:07:32,617",My God! What happened to you?,surprise,6,6,surprise,True,0.031832576,0.009325417,0.011291899,0.012097283,0.010676584,0.019961594,0.90481466
2339,"Eight and a half hours of aptitude tests, intelligence tests, personality tests... and what do I learn?",Chandler,disgust,negative,237,5,1,15,"00:07:32,785","00:07:40,333","Eight and a half hours of aptitude tests, intelligence tests, personality tests... and what do I learn?",disgust,1,4,neutral,False,0.12141568,0.010445411,0.042879343,0.1677479,0.5626229,0.069909416,0.024979362
2340,"""You are ideally suited for a career in data processing for a large multinational corporation.""",Chandler,anger,negative,237,6,1,15,"00:07:40,918","00:07:45,714","""You are ideally suited for a career in data processing for a large multinational corporation.""",anger,0,4,neutral,False,0.020642702,0.0028005508,0.0016100426,0.22983693,0.7355509,0.005841234,0.0037176837
2341,That's so great! 'Cause you already know how to do that!,Phoebe,joy,positive,237,7,1,15,"00:07:46,966","00:07:50,385",That's so great! 'Cause you already know how to do that!,joy,3,3,joy,True,0.018643945,0.0017281848,0.0015777262,0.93352646,0.008782922,0.0059953844,0.029745394
2342,"Can you believe it? I mean, don't I seem like somebody who should be doing something really",Chandler,anger,negative,237,8,1,15,"00:07:50,970","00:07:56,475","Can you believe it? I mean, don't I seem like somebody who should be doing something really",anger,0,6,surprise,False,0.2488257,0.040238313,0.105586655,0.051915918,0.08176906,0.12377603,0.34788832
2343,"Oh Chandler, I know, I know... oh, hey! You can see your nipples through this shirt!",Rachel,sadness,negative,237,9,1,15,"00:08:02,315","00:08:09,154","Oh Chandler, I know, I know... oh, hey! You can see your nipples through this shirt!",sadness,5,6,surprise,False,0.039124586,0.011401249,0.0066157673,0.37343222,0.03217945,0.0138605125,0.5233862
2344,"Here you go, maybe this'll cheer you up.",Monica,joy,positive,237,10,1,15,"00:08:13,367","00:08:15,577","Here you go, maybe this'll cheer you up.",joy,3,3,joy,True,0.032853547,0.0058771353,0.006971096,0.65517807,0.2732216,0.023478452,0.0024200575
2345,"Ooh, you know, I had a grape about five hours ago, so I'd better split this with you.",Chandler,neutral,neutral,237,11,1,15,"00:08:16,496","00:08:20,832","Ooh, you know, I had a grape about five hours ago, so I'd better split this with you.",neutral,4,3,joy,False,0.022614554,0.003676717,0.0034941824,0.8411536,0.08919367,0.0136302365,0.026237024
2346,I thought it was gonna be a closed casket.,Ross,neutral,neutral,238,0,1,8,"00:08:28,466","00:08:30,383",I thought it was gonna be a closed casket.,neutral,4,4,neutral,True,0.0056281486,0.001976926,0.0059321895,0.009566544,0.8833249,0.015019522,0.07855175
2347,"Well, that doesn't mean she can't look nice!",Mrs. Geller,sadness,negative,238,1,1,8,"00:08:30,593","00:08:33,553","Well, that doesn't mean she can't look nice!",sadness,5,0,anger,False,0.60874665,0.041232858,0.07731739,0.03270126,0.03850014,0.16024862,0.04125312
2348,"Sweetie, you think you can get in there?",Mrs. Geller,neutral,neutral,238,2,1,8,"00:08:38,476","00:08:41,061","Sweetie, you think you can get in there?",neutral,4,4,neutral,True,0.019867787,0.002082502,0.015654659,0.08680769,0.73894334,0.025654959,0.11098911
2349,I don't see why not.,Ross,neutral,neutral,238,3,1,8,"00:08:41,479","00:08:43,188",I don't see why not.,neutral,4,4,neutral,True,0.08464058,0.027004397,0.081415534,0.092165895,0.47239313,0.1875846,0.05479587
2350,Here's my retainer!,Ross,neutral,neutral,238,4,1,8,"00:09:02,375","00:09:03,542",Here's my retainer!,neutral,4,0,anger,False,0.6502191,0.052315794,0.0073072147,0.045995925,0.06634829,0.06814087,0.10967277
2351,Someone in there?,Gunther,neutral,neutral,239,0,3,14,"00:03:52,941","00:03:54,733",Someone in there?,neutral,4,6,surprise,False,0.036230035,0.004776782,0.009660709,0.0060799136,0.15310517,0.008361245,0.7817861
2352,No. This is just part of a dare devil game that I play called ‘wait until the last moment before I burst and die.’,Chandler,anger,negative,239,1,3,14,"00:03:55,318","00:04:01,657",No. This is just part of a dare devil game that I play called ‘wait until the last moment before I burst and die.’,anger,0,2,fear,False,0.20723681,0.033220183,0.38018364,0.05495191,0.15952936,0.15139917,0.013478895
2353,"Jeez, man did you fall.. Hi! So ah, did ya, did-did-did ya fall high?",Chandler,surprise,positive,239,2,3,14,"00:04:02,116","00:04:08,872","Jeez, man did you fall.. Hi! So ah, did ya, did-did-did ya fall high?",surprise,6,3,joy,False,0.021704094,0.0016624007,0.00421118,0.7908099,0.054415736,0.014114876,0.11308183
2354,"Someone was in the lady's room, I couldn’t wait. I left the lid up for ya though.",Woman,neutral,neutral,239,3,3,14,"00:04:09,874","00:04:15,170","Someone was in the lady's room, I couldn’t wait. I left the lid up for ya though.",neutral,4,4,neutral,True,0.02824946,0.007334228,0.024538295,0.24831548,0.4847948,0.13710706,0.06966076
2355,"Y'know what Gunther, go ah, go ahead, I’m-I’m talking to ah, .  This is the part where you say your name.",Chandler,neutral,neutral,239,4,3,14,"00:04:16,673","00:04:24,846","Y'know what Gunther, go ah, go ahead, I’m-I’m talking to ah, .  This is the part where you say your name.",neutral,4,4,neutral,True,0.030438801,0.0037385575,0.042988926,0.056078557,0.8470367,0.01696793,0.0027504698
2356,Ginger.,Woman,neutral,neutral,239,5,3,14,"0:04:25,014","0:04:26,646",Ginger.,neutral,4,4,neutral,True,0.0140198525,0.0071618245,0.0018101179,0.12448841,0.8351036,0.014948234,0.002468081
2357,"Ginger. I’m talking to Ginger, so....",Chandler,neutral,neutral,239,6,3,14,"0:04:26,646","0:04:28,535","Ginger. I’m talking to Ginger, so....",neutral,4,4,neutral,True,0.030914532,0.0029425144,0.009960714,0.15387498,0.7527796,0.0425079,0.0070197256
2358,Don’t you have to use the bathroom?,Ginger,neutral,neutral,239,7,3,14,"00:04:32,272","00:04:35,357",Don’t you have to use the bathroom?,neutral,4,4,neutral,True,0.00993626,0.0022477428,0.00688196,0.02970733,0.92,0.020473896,0.010752792
2359,"Nope, nope, I’d just ah, I’d rather talk to you.",Chandler,neutral,neutral,239,8,3,14,"00:04:35,525","00:04:38,360","Nope, nope, I’d just ah, I’d rather talk to you.",neutral,4,4,neutral,True,0.010230551,0.004707727,0.020473966,0.056743003,0.8766093,0.028726649,0.0025087486
2360,"Yes, I do.",Chandler,neutral,neutral,239,9,3,14,"00:04:39,362","00:04:40,988","Yes, I do.",neutral,4,4,neutral,True,0.01325129,0.003366229,0.004943473,0.11627177,0.84191376,0.019121109,0.0011324936
2361,"Yes, I do have to go to the bathroom.",Chandler,neutral,neutral,239,10,3,14,"00:04:41,531","00:04:44,074","Yes, I do have to go to the bathroom.",neutral,4,4,neutral,True,0.0075175874,0.008651662,0.014782537,0.018537346,0.8981604,0.05030244,0.0020479986
2362,Someone in here.,Gunther,neutral,neutral,239,11,3,14,"00:04:44,534","00:04:46,535",Someone in here.,neutral,4,4,neutral,True,0.026539825,0.0074326787,0.0044532875,0.007026094,0.8808706,0.0072127087,0.06646487
2363,"I’m going to keep dating him Mother, and there’s nothing you can do about it!",Dina,anger,negative,240,0,7,15,"00:04:38,069","00:04:40,487","I’m going to keep dating him Mother, and there’s nothing you can do about it!",anger,0,0,anger,True,0.35441303,0.009870462,0.051525705,0.34122595,0.08957764,0.13023998,0.023147292
2364,Oh yes there is!,Jessica Lockhart,anger,negative,240,1,7,15,"00:04:40,697","00:04:41,780",Oh yes there is!,anger,0,3,joy,False,0.059137832,0.002970931,0.0076833046,0.7389547,0.07204833,0.021245489,0.09795936
2365,What are you going to do? Kill him? Like you did with Charles?!,Dina,anger,negative,240,2,7,15,"00:04:41,948","00:04:45,158",What are you going to do? Kill him? Like you did with Charles?!,anger,0,0,anger,True,0.5584813,0.029265031,0.210289,0.030744692,0.01828429,0.11201809,0.04091764
2368,"Oh, my baby!",Jessica Lockhart,sadness,negative,240,3,7,15,"00:04:47,161","00:04:49,997","Oh, my baby!",sadness,5,6,surprise,False,0.04610154,0.026087029,0.03851815,0.102200866,0.016680002,0.08058231,0.6898302
2369,That was a great scene! And-and-and that slap looks so real! How do you do that?,Joey,surprise,positive,240,4,7,15,"00:05:00,049","00:05:04,594",That was a great scene! And-and-and that slap looks so real! How do you do that?,surprise,6,3,joy,False,0.054949734,0.003646743,0.004533183,0.73032135,0.020294713,0.01324276,0.17301156
2370,"Oh, just years of experience.",Cecilia,neutral,neutral,240,5,7,15,"0:05:04,804","0:05:06,856","Oh, just years of experience.",neutral,4,4,neutral,True,0.034132697,0.009165657,0.010526949,0.020007059,0.7272845,0.1464941,0.05238902
2371,Can I get some ice here?!,Dina,sadness,negative,240,6,7,15,"0:05:06,856","0:05:08,496",Can I get some ice here?!,sadness,5,0,anger,False,0.48680747,0.031004002,0.016500028,0.2501746,0.044470802,0.048661117,0.1223819
2372,"Oh anyway, I just wanted to say how wonderful I think you are.",Joey,joy,positive,240,7,7,15,"00:05:10,184","00:05:12,936","Oh anyway, I just wanted to say how wonderful I think you are.",joy,3,3,joy,True,0.01177213,0.00078197,0.0020795427,0.89918834,0.06813823,0.014666791,0.0033730078
2373,You’re not the fan who’s dying are you?,Cecilia,neutral,neutral,240,8,7,15,"00:05:13,354","00:05:15,856",You’re not the fan who’s dying are you?,neutral,4,6,surprise,False,0.21544982,0.0351561,0.03103604,0.027032143,0.10630203,0.051776376,0.5332475
2376,"No. No, I’m Joey Tribbiani; we did a scene together yesterday. I-I’m the guy in the coma!",Joey,joy,positive,240,9,7,15,"0:05:16,316","0:05:21,208","No. No, I’m Joey Tribbiani; we did a scene together yesterday. I-I’m the guy in the coma!",joy,3,4,neutral,False,0.09479423,0.007420706,0.043186244,0.18228999,0.29193193,0.09977792,0.280599
2377,Oh that was a real person?!,Cecilia,surprise,positive,240,10,7,15,"0:05:21,208","0:05:23,720",Oh that was a real person?!,surprise,6,6,surprise,True,0.018829547,0.0032689464,0.006595535,0.010073958,0.04025853,0.010906678,0.9100668
2378,"An-an-anyway I-I just wanted to say that since I’m getting your brain when you leave the show, I was wondering if there was any tips you can give me",Joey,neutral,neutral,240,11,7,15,"00:05:26,159","00:05:33,415","An-an-anyway I-I just wanted to say that since I’m getting your brain when you leave the show, I was wondering if there was any tips you can give me",neutral,4,4,neutral,True,0.07482134,0.013196922,0.11423515,0.15006754,0.5128574,0.10565678,0.029164845
2379,I-I-I’m leaving the show?,Cecilia,surprise,negative,240,12,7,15,"00:05:30,204","00:05:33,415",I-I-I’m leaving the show?,surprise,6,2,fear,False,0.27583587,0.017978894,0.30739698,0.055002153,0.036184102,0.26171044,0.045891546
2380,I don’t know. Why? Did you hear something?,Joey,neutral,neutral,240,13,7,15,"00:05:33,583","00:05:35,876",I don’t know. Why? Did you hear something?,neutral,4,6,surprise,False,0.056446407,0.011048114,0.08068504,0.057823323,0.19916469,0.049282085,0.54555035
2381,Who told you that?,Cecilia,surprise,negative,240,14,7,15,"00:05:37,545","00:05:40,088",Who told you that?,surprise,6,6,surprise,True,0.04795913,0.0056057284,0.009892214,0.00802879,0.13869035,0.009335543,0.7804882
2382,"Oh uh, one of the writers.",Joey,sadness,negative,240,15,7,15,"0:05:40,256","0:05:41,341","Oh uh, one of the writers.",sadness,5,4,neutral,False,0.002745308,0.00097373995,0.0013994395,0.0041910443,0.9815639,0.0026793277,0.0064472393
2383,Which one? Was it bald or was it tall?,Cecilia,surprise,negative,240,16,7,15,"0:05:41,341","0:05:43,567",Which one? Was it bald or was it tall?,surprise,6,4,neutral,False,0.019181915,0.0016414096,0.005244005,0.0072218752,0.91158307,0.006287514,0.0488402
2385,Feel better?,Phoebe,neutral,neutral,241,0,7,22,"0:20:55,254","0:20:56,047",Feel better?,neutral,4,4,neutral,True,0.009029227,0.0026228304,0.006366228,0.021889243,0.9335301,0.018452197,0.0081101
2386,Yeah!,Joey,joy,positive,241,1,7,22,"0:20:56,047","0:20:56,719",Yeah!,joy,3,3,joy,True,0.058173105,0.003397488,0.002398697,0.8311484,0.08289924,0.0079361275,0.014046887
2387,Much!,Joey,joy,positive,241,2,7,22,"0:20:56,719","0:20:58,501",Much!,joy,3,3,joy,True,0.02798431,0.002691871,0.0012203353,0.92668146,0.01980131,0.010860719,0.0107600475
2388,"Listen uh, not that I’m y’know insecure about my manhood or anything y’know, but I think I need to hook up with a woman like right now.",Joey,neutral,neutral,241,3,7,22,"00:20:58,590","00:21:08,683","Listen uh, not that I’m y’know insecure about my manhood or anything y’know, but I think I need to hook up with a woman like right now.",neutral,4,4,neutral,True,0.031776216,0.013543889,0.05196895,0.055717308,0.7938053,0.05046732,0.0027210512
2389,"Yeah, I understand.",Phoebe,neutral,neutral,241,4,7,22,"0:21:09,142","0:21:09,954","Yeah, I understand.",neutral,4,4,neutral,True,0.013527179,0.005583015,0.006985956,0.043081302,0.89179146,0.03803406,0.0009969153
2390,Yeah! Okay!  Hey! Hi!,Joey,joy,positive,241,5,7,22,"0:21:09,954","0:21:18,146",Yeah! Okay!  Hey! Hi!,joy,3,3,joy,True,0.024859056,0.0013393074,0.001508119,0.9084243,0.03528977,0.0063469117,0.022232609
2391,Hi!,Woman,joy,positive,241,6,7,22,"0:21:18,146","0:21:18,702",Hi!,joy,3,3,joy,True,0.014340315,0.00074478035,0.0006996317,0.949595,0.019807633,0.0036564504,0.011156241
2392,"Y’know, you look familiar. Do I know you from somewhere?",Joey,surprise,positive,241,7,7,22,"00:21:18,819","00:21:21,404","Y’know, you look familiar. Do I know you from somewhere?",surprise,6,4,neutral,False,0.015372976,0.0025125458,0.006094131,0.009500927,0.9382782,0.003898249,0.024342947
2393,I don’t think so.,Woman,neutral,neutral,241,8,7,22,"00:21:21,571","00:21:22,905",I don’t think so.,neutral,4,4,neutral,True,0.010295029,0.0023017619,0.0070894393,0.06802942,0.88773555,0.019536566,0.005012373
2394,Oh! Maybe it’s because I’m on television. I’m an actor on,Joey,joy,positive,241,9,7,22,"00:21:23,073","00:21:31,497",Oh! Maybe it’s because I’m on television. I’m an actor on,joy,3,4,neutral,False,0.06701674,0.016497148,0.040974136,0.18494517,0.4476891,0.14839701,0.09448066
2395,Wow!,Woman,surprise,positive,241,10,7,22,"0:21:27,619","0:21:30,331",Wow!,surprise,6,6,surprise,True,0.016989002,0.0032142142,0.0019628871,0.009305549,0.0035777902,0.0040209168,0.9609297
2396,Yeah.,Joey,neutral,neutral,241,11,7,22,"0:21:30,331","0:21:31,333",Yeah.,neutral,4,4,neutral,True,0.011395762,0.005739402,0.0037213964,0.08856025,0.87720245,0.012423769,0.0009568353
2397,Really?!,Woman,surprise,positive,241,12,7,22,"0:21:31,333","0:21:31,591",Really?!,surprise,6,6,surprise,True,0.014048152,0.0021440096,0.0018117689,0.006478449,0.0052708588,0.003550163,0.96669656
2399,$4.50 please.,Waitress,neutral,neutral,241,13,7,22,"0:21:31,707","0:21:46,639",$4.50 please.,neutral,4,4,neutral,True,0.012947216,0.009109612,0.0032526487,0.04515383,0.9142842,0.013694496,0.001558031
2400,"Oh, let me get this.    These are for you.",Joey,neutral,neutral,241,14,7,22,"0:21:46,639","0:21:46,779","Oh, let me get this.    These are for you.",neutral,4,4,neutral,True,0.0043359506,0.0005621745,0.00090538035,0.03330392,0.9521033,0.006567742,0.0022215156
2401,"Alright, alright, alright.",Chandler,neutral,neutral,242,0,1,7,"0:03:54,651","0:04:00,616","Alright, alright, alright.",neutral,4,4,neutral,True,0.07207029,0.012527847,0.014200528,0.17438565,0.7090707,0.015709767,0.002035271
2402,It's been fourteen and a half minutes and you still have not said one word.,Chandler,anger,negative,242,1,1,7,"0:04:00,616","0:04:00,756",It's been fourteen and a half minutes and you still have not said one word.,anger,0,4,neutral,False,0.17142022,0.016363397,0.037330687,0.0711647,0.40880394,0.15385248,0.1410646
2403,"Oh God, do something.",Chandler,anger,negative,242,2,1,7,"0:04:00,756","0:04:01,892","Oh God, do something.",anger,0,2,fear,False,0.06594451,0.039982956,0.3851148,0.07417007,0.058060866,0.20954353,0.1671833
2404,"Just make contact, smile!",Chandler,anger,negative,242,3,1,7,"0:04:01,892","0:04:04,761","Just make contact, smile!",anger,0,0,anger,True,0.7049039,0.034045007,0.06667319,0.047551505,0.0674637,0.06367734,0.015685344
2405,There you go!,Chandler,joy,positive,242,4,1,7,"00:04:08,331","00:04:09,831",There you go!,joy,3,3,joy,True,0.027842537,0.0013810619,0.0019076237,0.9034187,0.04925392,0.006745631,0.009450476
2406,You're definitely scaring here.,Chandler,neutral,neutral,242,5,1,7,"00:04:13,670","00:04:15,796",You're definitely scaring here.,neutral,4,1,disgust,False,0.107734576,0.7460363,0.03023343,0.02073494,0.009074379,0.06514122,0.021045158
2407,Would you like to call somebody?,Jill,neutral,neutral,242,6,1,7,"00:04:16,673","00:04:18,590",Would you like to call somebody?,neutral,4,4,neutral,True,0.003832769,0.0008850681,0.0020176433,0.007751652,0.9791525,0.004427886,0.0019325886
2408,"Yeah, about 300 guys I went to high school with.",Chandler,neutral,neutral,242,7,1,7,"00:04:19,175","00:04:22,636","Yeah, about 300 guys I went to high school with.",neutral,4,4,neutral,True,0.0066051185,0.0030637602,0.00078153453,0.017896783,0.96314716,0.006638481,0.0018671243
2409,"Okay! Feel free to look, but I’m telling you those contracts are not on this desk.",Tag,anger,negative,243,0,7,12,"00:11:54,213","00:11:58,800","Okay! Feel free to look, but I’m telling you those contracts are not on this desk.",anger,0,0,anger,True,0.72858864,0.019834857,0.02145072,0.09821156,0.08991569,0.026029985,0.015968539
2410,Oh,Rachel,neutral,neutral,243,1,7,12,"00:12:05,182","00:12:09,144",Oh,neutral,4,4,neutral,True,0.027752632,0.021634756,0.24240853,0.0991104,0.35615468,0.1896021,0.06333684
2411,It’s my sister.,Tag,neutral,neutral,243,2,7,12,"00:12:15,151","00:12:16,317",It’s my sister.,neutral,4,4,neutral,True,0.0331911,0.006298919,0.007911962,0.02759652,0.67105,0.23174651,0.022204984
2412,"Okay, very cute braces. Anyway y’know what, the",Rachel,neutral,neutral,243,3,7,12,"00:12:17,319","00:12:27,704","Okay, very cute braces. Anyway y’know what, the",neutral,4,4,neutral,True,0.0058333958,0.000747257,0.0009791607,0.01867915,0.96895975,0.004314024,0.00048727507
2413,So when do you imagine you gave them to me? In the morning or in the afternoon?,Tag,anger,negative,243,4,7,12,"00:12:29,540","00:12:33,334",So when do you imagine you gave them to me? In the morning or in the afternoon?,anger,0,4,neutral,False,0.116677806,0.00510704,0.014111234,0.1605452,0.6463389,0.03661043,0.02060939
2414,"In the afternoon. Mr. Zelner came into my office after lunch. He put them on my desk, and then I put a",Rachel,neutral,neutral,243,5,7,12,"00:12:33,544","00:12:41,384","In the afternoon. Mr. Zelner came into my office after lunch. He put them on my desk, and then I put a",neutral,4,4,neutral,True,0.03848309,0.010265922,0.0015230819,0.05844875,0.8444066,0.04416991,0.0027026278
2415,"Phoebe, she doesn’t know that you sneak out every night, she doesn’t know that you sneak back every morning, and she doesn’t know that you’ve been living with your Grandmother’s for a week now.",Ross,neutral,neutral,244,0,3,6,"00:02:25,228","00:02:33,110","Phoebe, she doesn’t know that you sneak out every night, she doesn’t know that you sneak back every morning, and she doesn’t know that you’ve been living with your Grandmother’s for a week now.",neutral,4,6,surprise,False,0.115443535,0.036287904,0.030893924,0.032720417,0.1345451,0.091480635,0.55862844
2416,"Okay, well maybe not on those levels.",Phoebe,neutral,neutral,244,1,3,6,"00:02:33,361","00:02:35,737","Okay, well maybe not on those levels.",neutral,4,4,neutral,True,0.007267701,0.006104955,0.0037548281,0.01397331,0.94987875,0.01808199,0.0009385405
2417,Hey.,Chandler,neutral,neutral,244,2,3,6,"0:02:36,447","0:02:36,823",Hey.,neutral,4,4,neutral,True,0.0041656992,0.00056404056,0.00043786722,0.02318347,0.9679294,0.002450936,0.0012685814
2418,Hey.,Ross,neutral,neutral,244,3,3,6,"0:02:36,823","0:02:38,052",Hey.,neutral,4,4,neutral,True,0.0041656992,0.00056404056,0.00043786722,0.02318347,0.9679294,0.002450936,0.0012685814
2419,"I’m never gonna find a roommate, ever.",Chandler,sadness,negative,244,4,3,6,"00:02:41,119","00:02:43,829","I’m never gonna find a roommate, ever.",sadness,5,5,sadness,True,0.024020055,0.016622191,0.020656832,0.015922546,0.033306733,0.866694,0.022777606
2420,"Why, nobody good?",Phoebe,neutral,neutral,244,5,3,6,"00:02:44,038","00:02:45,080","Why, nobody good?",neutral,4,4,neutral,True,0.08097697,0.01592636,0.012351529,0.021005495,0.5196207,0.019912658,0.33020627
2421,"Well let’s see, there was the guy with the ferrets, that’s plural.",Chandler,disgust,negative,244,6,3,6,"00:02:45,248","00:02:53,881","Well let’s see, there was the guy with the ferrets, that’s plural.",disgust,1,4,neutral,False,0.005940123,0.0013758523,0.0011028704,0.0070640272,0.97215694,0.0029161857,0.009444072
2422,The spitter.,Chandler,disgust,negative,244,7,3,6,"0:02:50,545","0:02:53,590",The spitter.,disgust,1,4,neutral,False,0.19881855,0.19693317,0.007156467,0.026720874,0.5000443,0.05325599,0.017070733
2423,"Oh-ho, and yes, the guy that enjoyed my name so much he felt the need to make a little noise every time he said it.",Chandler,anger,negative,244,8,3,6,"0:02:53,590","0:02:56,831","Oh-ho, and yes, the guy that enjoyed my name so much he felt the need to make a little noise every time he said it.",anger,0,3,joy,False,0.078472465,0.08551523,0.0057873204,0.38367945,0.38357833,0.048865188,0.014101976
2424,"Nice to meet you, Chandler Bing",Chandler,neutral,neutral,244,9,3,6,"00:02:56,968","00:02:59,678","Nice to meet you, Chandler Bing",neutral,4,4,neutral,True,0.01081241,0.0012194224,0.0010815617,0.15057229,0.8159554,0.0068457928,0.013513167
2425,So how many more do you have tomorrow?,Ross,neutral,neutral,244,10,3,6,"0:03:03,516","0:03:04,978",So how many more do you have tomorrow?,neutral,4,4,neutral,True,0.0049840356,0.00065070816,0.001072643,0.024328137,0.9624299,0.0045047263,0.0020298737
2426,Two.,Chandler,neutral,neutral,244,11,3,6,"0:03:04,978","0:03:05,480",Two.,neutral,4,4,neutral,True,0.0059159696,0.0017021054,0.0006801763,0.0052026636,0.9820358,0.0033859336,0.0010772785
2427,"This photographer, who seemed really dull.",Chandler,neutral,neutral,244,12,3,6,"00:03:05,685","00:03:07,936","This photographer, who seemed really dull.",neutral,4,6,surprise,False,0.07996143,0.008442781,0.003352509,0.020412164,0.2577405,0.015574328,0.6145163
2428,"And this actor guy, who I’m not sure about, because when he called and I answered the phone ‘Chandler Bing,’ he said ‘Whoa-whoa, short message.’",Chandler,neutral,neutral,244,13,3,6,"00:03:08,188","00:03:16,320","And this actor guy, who I’m not sure about, because when he called and I answered the phone ‘Chandler Bing,’ he said ‘Whoa-whoa, short message.’",neutral,4,4,neutral,True,0.10421381,0.029946333,0.07640283,0.10211432,0.43548915,0.117488086,0.13434547
2429,"Ross , foot on the floor or come over no more!",Monica,neutral,neutral,244,14,3,6,"00:03:19,365","00:03:21,783","Ross , foot on the floor or come over no more!",neutral,4,0,anger,False,0.53443354,0.036730655,0.24511088,0.039160594,0.051464915,0.07588921,0.017210184
2430,"Sure, your dresser is missing but this she notices.",Ross,anger,negative,244,15,3,6,"00:03:23,077","00:03:25,871","Sure, your dresser is missing but this she notices.",anger,0,4,neutral,False,0.049623292,0.02886322,0.016848434,0.017838387,0.45815155,0.039237402,0.3894377
2431,What?,Monica,neutral,neutral,244,16,3,6,"00:03:26,456","00:03:29,708",What?,neutral,4,6,surprise,False,0.024754364,0.0033829666,0.010811306,0.007752994,0.24595135,0.009165474,0.69818157
2432,"I have to go. Yeah, Carol should be home by now, soo...",Ross,neutral,neutral,244,17,3,6,"00:03:26,456","00:03:33,503","I have to go. Yeah, Carol should be home by now, soo...",neutral,4,4,neutral,True,0.023621887,0.00873387,0.03111278,0.1662636,0.4258437,0.33073726,0.013686887
2433,"Umm, how’s it going with you guys?",Chandler,neutral,neutral,244,18,3,6,"0:03:33,796","0:03:34,923","Umm, how’s it going with you guys?",neutral,4,4,neutral,True,0.00705307,0.0016009706,0.011513672,0.053751,0.8712511,0.045018222,0.009811989
2434,"Oh, better, actually. Y'know I-I-I think I finally figured out why we were having so much trouble lately.",Ross,neutral,neutral,244,19,3,6,"0:03:34,923","0:03:39,785","Oh, better, actually. Y'know I-I-I think I finally figured out why we were having so much trouble lately.",neutral,4,4,neutral,True,0.04216159,0.0062765013,0.04652674,0.3189042,0.36200172,0.13925576,0.084873535
2435,"Oh, really?",Phoebe,surprise,positive,244,20,3,6,"00:03:39,928","00:03:42,471","Oh, really?",surprise,6,6,surprise,True,0.011802293,0.0022731915,0.0017628174,0.009011657,0.0055363677,0.0039097136,0.9657039
2436,"Yeah, y'know how I have you guys, well she doesn’t really have any close friends that are just hers, but last week she meet this woman at the gym, Susan something, and they really hit it off, and I-I-I think it’s gonna make a difference",Ross,joy,positive,244,21,3,6,"00:03:42,722","00:03:55,067","Yeah, y'know how I have you guys, well she doesn’t really have any close friends that are just hers, but last week she meet this woman at the gym, Susan something, and they really hit it off, and I-I-I think it’s gonna make a difference",joy,3,5,sadness,False,0.10466532,0.03034679,0.09789155,0.046211842,0.09964803,0.61324245,0.00799398
2437,Hey!,Rachel,neutral,neutral,245,0,4,15,"0:17:19,747","0:17:21,207",Hey!,neutral,4,3,joy,False,0.046776,0.0025122452,0.0019906433,0.75225,0.15590508,0.008275591,0.032290332
2438,Hi!,Monica,neutral,neutral,245,1,4,15,"0:17:21,207","0:17:22,188",Hi!,neutral,4,3,joy,False,0.014340315,0.00074478035,0.00069963135,0.949595,0.01980763,0.0036564504,0.011156246
2439,What-what are-what are these?,Rachel,surprise,negative,245,2,4,15,"00:17:26,462","00:17:27,587",What-what are-what are these?,surprise,6,4,neutral,False,0.040208787,0.0021844148,0.03603205,0.09565084,0.7881823,0.023453271,0.0142883705
2440,"Oh, just some pictures I made and hung up. I thought they’d brighten up the place. They do don’t you think?",Monica,joy,positive,245,3,4,15,"00:17:27,755","00:17:34,510","Oh, just some pictures I made and hung up. I thought they’d brighten up the place. They do don’t you think?",joy,3,5,sadness,False,0.039547004,0.0312501,0.015351958,0.06656699,0.30993828,0.5092427,0.028102852
2441,"No-no-no, no!",Monica,fear,negative,245,4,4,15,"00:17:37,139","00:17:39,182","No-no-no, no!",fear,2,2,fear,True,0.10256337,0.06146994,0.47149697,0.10111476,0.061418615,0.09438754,0.10754885
2442,"Well, how-how come?",Joey,neutral,neutral,246,0,4,11,"00:10:33,466","00:10:34,758","Well, how-how come?",neutral,4,4,neutral,True,0.025975326,0.0015543522,0.017046176,0.1518378,0.75220037,0.031862184,0.019523855
2443,That’s just the way it is.,Tour Guide,neutral,neutral,246,1,4,11,"00:10:34,967","00:10:36,009",That’s just the way it is.,neutral,4,4,neutral,True,0.025557654,0.0069191926,0.014184025,0.12139908,0.7479915,0.08223735,0.0017112291
2444,That’s crazy.,Joey,surprise,negative,246,2,4,11,"00:10:36,802","00:10:38,178",That’s crazy.,surprise,6,6,surprise,True,0.10657401,0.098654516,0.019067526,0.05077343,0.021948464,0.028036878,0.67494524
2445,"Maybe it’s crazy in a perfect world, a world without lab coats and blazers, but you not in a perfect world, you in a museum now.",Tour Guide,neutral,neutral,246,3,4,11,"00:10:38,387","00:10:47,103","Maybe it’s crazy in a perfect world, a world without lab coats and blazers, but you not in a perfect world, you in a museum now.",neutral,4,5,sadness,False,0.07272457,0.031658903,0.11955705,0.038023416,0.14732385,0.5159414,0.07477079
2446,"See that scientist in the classes, he and I used to play together all the time in grade school, but now… Peter!",Tour Guide,neutral,neutral,246,4,4,11,"0:10:49,565","0:10:59,497","See that scientist in the classes, he and I used to play together all the time in grade school, but now… Peter!",neutral,4,4,neutral,True,0.22151531,0.018937808,0.011948573,0.1566408,0.31507722,0.09927886,0.17660142
2447,"Hey, Peter!",Tour Guide,neutral,neutral,246,5,4,11,"0:10:59,497","0:10:59,635","Hey, Peter!",neutral,4,3,joy,False,0.024839815,0.0012477855,0.0010564156,0.8514829,0.103471994,0.0057474356,0.012153678
2448,It’s me Rhonda!,Tour Guide,neutral,neutral,246,6,4,11,"0:11:00,409","0:11:02,431",It’s me Rhonda!,neutral,4,3,joy,False,0.018536152,0.00089629827,0.0016406259,0.90514034,0.044327397,0.008663051,0.020796072
2449,From PS-129!,Tour Guide,neutral,neutral,246,7,4,11,"0:11:02,431","0:11:03,887",From PS-129!,neutral,4,0,anger,False,0.35935932,0.0075415294,0.013074242,0.3571484,0.20990318,0.019005425,0.033967976
2450,I shared my puddin’ which you man!,Tour Guide,anger,negative,246,8,4,11,"0:11:04,705","0:11:06,791",I shared my puddin’ which you man!,anger,0,3,joy,False,0.045360193,0.0016760022,0.0023460684,0.89308786,0.03686864,0.0073443013,0.013316941
2451,I gave you my,Tour Guide,neutral,neutral,246,9,4,11,"0:11:06,791","0:11:07,323",I gave you my,neutral,4,4,neutral,True,0.10421212,0.0042040334,0.010785885,0.07716894,0.7463378,0.05072861,0.006562694
2452,I-I think everybody’s pretending they don’t hear you.,Joey,neutral,neutral,246,10,4,11,"00:11:18,094","00:11:20,762",I-I think everybody’s pretending they don’t hear you.,neutral,4,6,surprise,False,0.046259955,0.015234328,0.14775515,0.11397315,0.25129706,0.12824976,0.29723054
2453,"Anyway, look, I don’t know about you and your jackets and your separate tables, but Ross is one of my best friends, and if I save him a seat, I’m telling you, he",Joey,neutral,neutral,246,11,4,11,"00:11:22,348","00:11:31,147","Anyway, look, I don’t know about you and your jackets and your separate tables, but Ross is one of my best friends, and if I save him a seat, I’m telling you, he",neutral,4,4,neutral,True,0.16189653,0.009648973,0.027067918,0.07408913,0.6301169,0.091870144,0.005310426
2454,"That’s okay, I’m cool over here. I’ll catch up with you later, Joey.",Ross,neutral,neutral,246,12,4,11,"00:11:40,324","00:11:43,451","That’s okay, I’m cool over here. I’ll catch up with you later, Joey.",neutral,4,3,joy,False,0.024823602,0.0041504167,0.0025641317,0.56672806,0.38749942,0.012318944,0.001915406
2455,"Op, this is saved.  Gift shop.",Tour Guide,neutral,neutral,246,13,4,11,"00:11:48,124","00:11:53,670","Op, this is saved.  Gift shop.",neutral,4,5,sadness,False,0.08544727,0.0055835103,0.016235296,0.2764355,0.30137098,0.30670205,0.00822534
2456,"How’s that coffee comin,’ dear?",Mr. Kaplan,neutral,neutral,247,0,3,11,"0:03:53,399","0:03:56,581","How’s that coffee comin,’ dear?",neutral,4,4,neutral,True,0.003465872,0.000770668,0.001332887,0.012455502,0.9700702,0.0048023215,0.00710252
2457,"Yeah, right away Mr. Kaplan.",Rachel,neutral,neutral,247,1,3,11,"0:03:56,581","0:03:57,005","Yeah, right away Mr. Kaplan.",neutral,4,4,neutral,True,0.012344165,0.0013963105,0.000790182,0.06777452,0.9123108,0.0039633485,0.001420753
2458,"I’m not supposed to drink coffee, it makes me gassy.",Mr. Kaplan,neutral,neutral,247,2,3,11,"00:03:57,111","00:03:59,655","I’m not supposed to drink coffee, it makes me gassy.",neutral,4,1,disgust,False,0.104813725,0.546355,0.032226894,0.06601856,0.016094003,0.16400279,0.070489004
2459,I know!,Rachel,joy,positive,247,3,3,11,"00:04:01,449","00:04:03,158",I know!,joy,3,3,joy,True,0.19239816,0.011355168,0.021973526,0.29735523,0.12766406,0.06341311,0.28584072
2460,"I’ll bet your thinking, ‘What’s an intelligent girl who wants to be in fashion, doing making coffee?’ Eh?",Mr. Kaplan,surprise,positive,247,4,3,11,"00:04:04,285","00:04:09,748","I’ll bet your thinking, ‘What’s an intelligent girl who wants to be in fashion, doing making coffee?’ Eh?",surprise,6,4,neutral,False,0.027649174,0.0022530043,0.010055805,0.07698833,0.849171,0.019393528,0.014489077
2461,Op.,Rachel,neutral,neutral,248,0,3,17,"00:04:09,916","00:04:13,418",Op.,neutral,4,4,neutral,True,0.014996333,0.0013408716,0.000994358,0.06448849,0.9106838,0.0045508463,0.002945386
2462,Eh.,Mr. Kaplan,joy,positive,249,0,3,11,"0:04:09,916","0:04:10,428",Eh.,joy,3,4,neutral,False,0.004058182,0.0014806031,0.0022998839,0.010441578,0.97506636,0.0057393066,0.00091406977
2463,"Oh, you got me.",Rachel,neutral,neutral,249,1,3,11,"0:04:10,428","0:04:13,480","Oh, you got me.",neutral,4,4,neutral,True,0.023470147,0.0030614813,0.026683696,0.17149411,0.7062568,0.06261556,0.0064182407
2464,"Well, don’t think I haven’t noticed your potential.",Mr. Kaplan,neutral,neutral,249,2,3,11,"00:04:13,586","00:04:15,754","Well, don’t think I haven’t noticed your potential.",neutral,4,4,neutral,True,0.11436142,0.02942413,0.06408392,0.110585384,0.34309998,0.057662766,0.28078237
2465,"Well, I’ve got a project for you that’s a lot more related to fashion.",Mr. Kaplan,neutral,neutral,249,3,3,11,"00:04:15,922","00:04:20,175","Well, I’ve got a project for you that’s a lot more related to fashion.",neutral,4,4,neutral,True,0.0052879164,0.00066949107,0.001141971,0.033084285,0.95206743,0.0055778096,0.0021711048
2466,How does that sound?,Mr. Kaplan,neutral,neutral,249,4,3,11,"0:04:20,385","0:04:21,147",How does that sound?,neutral,4,4,neutral,True,0.05413352,0.016915694,0.026519,0.05727155,0.5630119,0.024626793,0.2575215
2467,"Oh, that sounds great.",Rachel,joy,positive,249,5,3,11,"0:04:21,147","0:04:22,989","Oh, that sounds great.",joy,3,3,joy,True,0.014710815,0.0028529288,0.002586591,0.61505395,0.3449632,0.012724115,0.0071083847
2468,"Come on over here, sweetheart.",Mr. Kaplan,neutral,neutral,249,6,3,11,"0:04:23,096","0:04:24,139","Come on over here, sweetheart.",neutral,4,4,neutral,True,0.014966183,0.0051071714,0.01774758,0.1930719,0.6006011,0.16391398,0.004592114
2469,"Oh thank you so much Mr. Kaplan, thank you so much.",Rachel,joy,positive,249,7,3,11,"0:04:24,139","0:04:26,329","Oh thank you so much Mr. Kaplan, thank you so much.",joy,3,3,joy,True,0.007083938,0.0005657635,0.0007051517,0.9636843,0.01688672,0.0056788465,0.0053952467
2470,"Well, I y'know, I was just, umm, I was just thinking and hoping, that umm, maybe you’d want to get back together?",Leslie,fear,negative,250,0,3,14,"00:02:57,886","00:03:07,311","Well, I y'know, I was just, umm, I was just thinking and hoping, that umm, maybe you’d want to get back together?",fear,2,4,neutral,False,0.016144393,0.0033577788,0.100901626,0.073838964,0.6038359,0.18389043,0.01803094
2471,No. But thanks.,Phoebe,neutral,neutral,250,1,3,14,"00:03:07,937","00:03:09,313",No. But thanks.,neutral,4,4,neutral,True,0.011366412,0.0055207377,0.0038904834,0.15874927,0.77783376,0.041132323,0.001507067
2472,Aw come on Phoebe would you just think about it?,Leslie,sadness,negative,250,2,3,14,"00:03:09,480","00:03:11,899",Aw come on Phoebe would you just think about it?,sadness,5,5,sadness,True,0.066162504,0.015978757,0.2769469,0.08476786,0.18173365,0.32150036,0.052909944
2473,Okay. No. But thanks.,Phoebe,neutral,neutral,250,3,3,14,"00:03:13,401","00:03:16,111",Okay. No. But thanks.,neutral,4,4,neutral,True,0.011287183,0.005730636,0.0043669203,0.15544432,0.7802656,0.04136198,0.0015432406
2474,"Okay, ah, see ya Pheebs.",Leslie,neutral,neutral,250,4,3,14,"00:03:19,782","00:03:23,994","Okay, ah, see ya Pheebs.",neutral,4,4,neutral,True,0.008390777,0.0033914193,0.0010142388,0.12117812,0.8592684,0.006030414,0.0007265554
2475,"Wow, that was kinda brutal.",Joey,surprise,negative,250,5,3,14,"00:03:26,915","00:03:29,124","Wow, that was kinda brutal.",surprise,6,6,surprise,True,0.26718456,0.113879025,0.011673102,0.055837695,0.006525215,0.034895398,0.51000494
2476,"Well okay, let this be a lesson to all of you, all right.",Phoebe,neutral,neutral,250,6,3,14,"00:03:29,667","00:03:31,877","Well okay, let this be a lesson to all of you, all right.",neutral,4,3,joy,False,0.085087895,0.007682278,0.007309388,0.5057945,0.36402914,0.026128145,0.003968709
2477,"Once you, once you betray me, I become like the ice woman, y’know.",Phoebe,neutral,neutral,250,7,3,14,"00:03:32,045","00:03:35,631","Once you, once you betray me, I become like the ice woman, y’know.",neutral,4,0,anger,False,0.6899509,0.041677404,0.061553925,0.036790166,0.056354377,0.10887924,0.0047939625
2478,"Very cold, hard, unyielding, y'know nothing,",Phoebe,neutral,neutral,250,8,3,14,"00:03:35,798","00:03:44,556","Very cold, hard, unyielding, y'know nothing,",neutral,4,0,anger,False,0.6969948,0.062100973,0.026310546,0.031987894,0.09125552,0.07463233,0.01671797
2480,Wow.,Alan,surprise,positive,251,0,1,3,"00:21:16,441","00:21:17,858",Wow.,surprise,6,6,surprise,True,0.01412557,0.003021669,0.0017118016,0.007875659,0.004017744,0.0032525035,0.965995
2481,"I'm, I'm really sorry.",Monica,neutral,neutral,251,1,1,3,"00:21:18,068","00:21:21,988","I'm, I'm really sorry.",neutral,4,5,sadness,False,0.013174263,0.00510315,0.06893506,0.025842037,0.052788675,0.79740757,0.036749303
2482,"Yeah, I'm sorry too. But, I gotta tell you, I am a little relieved.",Alan,neutral,neutral,251,2,1,3,"00:21:22,614","00:21:24,782","Yeah, I'm sorry too. But, I gotta tell you, I am a little relieved.",neutral,4,5,sadness,False,0.019237753,0.005897298,0.122386634,0.11138097,0.27290577,0.42542502,0.042766597
2483,Relieved?,Monica,surprise,positive,251,3,1,3,"0:21:24,992","0:21:25,664",Relieved?,surprise,6,4,neutral,False,0.03758569,0.007968,0.021689966,0.08588878,0.47218072,0.11550914,0.25917768
2484,"Yeah, well, I had a great time with you.. I just can't stand your friends.",Alan,neutral,neutral,251,4,1,3,"0:21:25,664","0:21:31,884","Yeah, well, I had a great time with you.. I just can't stand your friends.",neutral,4,5,sadness,False,0.07969371,0.0065774187,0.019471059,0.28511253,0.19649328,0.40598008,0.006671926
2486,"Oh my God! If you say that one more time,",Chandler,anger,negative,252,0,4,1,"00:11:43,536","00:11:47,664","Oh my God! If you say that one more time,",anger,0,6,surprise,False,0.15530738,0.094719715,0.023057412,0.03222564,0.0117725795,0.053694747,0.6292225
2487,Fine!,Ross,anger,negative,252,1,4,1,"0:11:48,290","0:11:49,417",Fine!,anger,0,0,anger,True,0.88592726,0.02554727,0.008465251,0.027685966,0.019047396,0.022486405,0.010840429
2488,Fine!,Ross,anger,negative,252,2,4,1,"0:11:49,417","0:11:49,555",Fine!,anger,0,0,anger,True,0.88592726,0.02554727,0.008465251,0.027685966,0.019047396,0.022486405,0.010840429
2489,"But this break-up was not all my fault, and she, she says here,  “If you accept full responsibility...”  Full responsibility!",Ross,anger,negative,252,3,4,1,"00:11:49,667","00:11:56,715","But this break-up was not all my fault, and she, she says here,  “If you accept full responsibility...”  Full responsibility!",anger,0,0,anger,True,0.4758416,0.022390816,0.045954265,0.035735145,0.034101944,0.36824426,0.017731939
2490,“...I can begin to trust you again.,Ross,anger,negative,252,4,4,1,"00:11:56,882","00:11:58,842",“...I can begin to trust you again.,anger,0,4,neutral,False,0.13966714,0.006861904,0.1425696,0.20360813,0.36918148,0.12618795,0.011923854
2491,Does that seem like something you can do.,Ross,anger,negative,252,5,4,1,"0:11:59,009","0:12:01,137",Does that seem like something you can do.,anger,0,4,neutral,False,0.2035745,0.04223547,0.16699803,0.059857048,0.44640344,0.07336956,0.0075619393
2492,Does it?!,Ross,anger,negative,252,6,4,1,"0:12:01,137","0:12:02,579",Does it?!,anger,0,0,anger,True,0.24804917,0.011737401,0.05501603,0.22176845,0.1474433,0.11890357,0.197082
2494,No?,Joey,surprise,negative,252,7,4,1,"00:12:05,141","00:12:06,558",No?,surprise,6,6,surprise,True,0.08956992,0.016672254,0.03423396,0.040134903,0.22315522,0.040211525,0.5560222
2495,"Look, Ross, you have what you want, you’re back with Rachel.",Chandler,neutral,neutral,252,8,4,1,"00:12:08,102","00:12:11,187","Look, Ross, you have what you want, you’re back with Rachel.",neutral,4,4,neutral,True,0.044014808,0.0037318221,0.0064790593,0.01833999,0.88714886,0.024505636,0.015779816
2496,If you bring this up now you’re gonna wreck the best thing that even happened to you.,Chandler,neutral,neutral,252,9,4,1,"00:12:11,355","00:12:14,357",If you bring this up now you’re gonna wreck the best thing that even happened to you.,neutral,4,0,anger,False,0.44401318,0.045484617,0.17614973,0.0741172,0.08769817,0.16494498,0.0075922147
2497,"Yeah, I know.",Ross,sadness,negative,252,10,4,1,"0:12:14,734","0:12:15,656","Yeah, I know.",sadness,5,4,neutral,False,0.0063773287,0.0054466724,0.005539467,0.043047894,0.92081326,0.017870713,0.00090467656
2498,"I mean, no, you’re right.",Ross,sadness,negative,252,11,4,1,"0:12:15,656","0:12:17,871","I mean, no, you’re right.",sadness,5,4,neutral,False,0.05661661,0.0066404636,0.012886446,0.30825785,0.5351277,0.06902339,0.0114475535
2499,Yeah I guess I’ll let it go.,Ross,neutral,neutral,252,12,4,1,"00:12:19,280","00:12:20,447",Yeah I guess I’ll let it go.,neutral,4,4,neutral,True,0.007949527,0.004843611,0.008315895,0.038299758,0.9054331,0.03419943,0.0009587328
2500,But you-you understand how-how hard it is to forget about this.,Ross,sadness,negative,252,13,4,1,"00:12:20,614","00:12:24,033",But you-you understand how-how hard it is to forget about this.,sadness,5,5,sadness,True,0.2378211,0.027641155,0.11285426,0.082579546,0.13876961,0.36583441,0.034499973
2501,"Sure, it’s hard to forget!",Joey,neutral,neutral,252,14,4,1,"00:12:24,201","00:12:25,744","Sure, it’s hard to forget!",neutral,4,3,joy,False,0.08153026,0.007317877,0.013654214,0.47090882,0.08691256,0.089519784,0.25015652
2502,But that doesn’t mean you have to talk about it!,Joey,neutral,neutral,252,15,4,1,"00:12:25,911","00:12:29,122",But that doesn’t mean you have to talk about it!,neutral,4,5,sadness,False,0.25124794,0.01426076,0.20372853,0.09633422,0.07762161,0.25895047,0.09785645
2503,"A lot of things happened on that trip that we should never,  ever talk about.",Joey,neutral,neutral,252,16,4,1,"00:12:29,665","00:12:35,503","A lot of things happened on that trip that we should never,  ever talk about.",neutral,4,5,sadness,False,0.021822037,0.009213362,0.021817835,0.03795064,0.076064214,0.81744313,0.015688745
2504,What the hell happened on that beach?!,Ross,surprise,negative,252,17,4,1,"00:12:38,007","00:12:40,216",What the hell happened on that beach?!,surprise,6,6,surprise,True,0.42744747,0.06944403,0.012644712,0.01925467,0.009729205,0.016932683,0.44454727
2505,"It’s between us and the sea, Ross!",Joey,neutral,neutral,252,18,4,1,"00:12:41,886","00:12:44,888","It’s between us and the sea, Ross!",neutral,4,0,anger,False,0.57683414,0.008713209,0.03877828,0.14569041,0.06689533,0.07791256,0.08517606
2506,I didn’t think you were gay. I do now.,Drew,joy,positive,253,0,4,10,"00:05:29,370","00:05:33,040",I didn’t think you were gay. I do now.,joy,3,6,surprise,False,0.15253235,0.027950505,0.07503556,0.037719797,0.25821304,0.0646513,0.38389745
2507,"See my friend-my friend, Rachel, she wants to be set up.",Chandler,neutral,neutral,253,1,4,10,"00:05:35,626","00:05:38,420","See my friend-my friend, Rachel, she wants to be set up.",neutral,4,5,sadness,False,0.3449697,0.021565022,0.105290115,0.033210814,0.052689042,0.43261728,0.009658074
2508,"Ahh, I just got out of a big relationship, I’m not looking for any thing serious.",Drew,sadness,negative,253,2,4,10,"00:05:38,796","00:05:43,383","Ahh, I just got out of a big relationship, I’m not looking for any thing serious.",sadness,5,5,sadness,True,0.047264487,0.011417053,0.1062228,0.09596829,0.27777004,0.41974112,0.041616213
2509,"Oh, y’know what, that might be okay even if it was just kind of a fling, that might be all right with Rachel.",Chandler,neutral,neutral,253,3,4,10,"00:05:43,634","00:05:46,970","Oh, y’know what, that might be okay even if it was just kind of a fling, that might be all right with Rachel.",neutral,4,4,neutral,True,0.037561007,0.0038908664,0.0075410623,0.21989846,0.6791081,0.049962204,0.002038395
2510,"Whoa-whoa-whoa-whoa! Is this, hot Rachel, that you took to the Christmas party, Rachel?",Mike,surprise,positive,253,4,4,10,"00:05:47,180","00:05:51,558","Whoa-whoa-whoa-whoa! Is this, hot Rachel, that you took to the Christmas party, Rachel?",surprise,6,6,surprise,True,0.034916773,0.003773371,0.002470853,0.014662614,0.006656049,0.005576292,0.931944
2511,"Oh, by the way, that is her full name.",Chandler,neutral,neutral,253,5,4,10,"00:05:51,976","00:05:54,311","Oh, by the way, that is her full name.",neutral,4,4,neutral,True,0.0038204957,0.0011051071,0.0008930792,0.0053952183,0.98166096,0.004347795,0.0027773408
2512,Oh wow! I’m free for her!,Mike,joy,positive,253,6,4,10,"00:05:55,063","00:05:56,730",Oh wow! I’m free for her!,joy,3,3,joy,True,0.034917083,0.0019838775,0.003157187,0.8391287,0.012207316,0.009399364,0.09920651
2513,"Oh, wait a second! I didn’t say I wasn’t free!",Drew,surprise,positive,253,7,4,10,"00:05:56,939","00:05:59,399","Oh, wait a second! I didn’t say I wasn’t free!",surprise,6,6,surprise,True,0.06129848,0.011299857,0.04974373,0.066386156,0.048307348,0.08707913,0.67588526
2514,"Hey, Chandler, why don’t we talk this over at the Ranger game tomorrow?",Mike,neutral,neutral,253,8,4,10,"00:06:00,401","00:06:02,444","Hey, Chandler, why don’t we talk this over at the Ranger game tomorrow?",neutral,4,4,neutral,True,0.006046126,0.00065244944,0.0011071432,0.04009783,0.9453364,0.005044552,0.0017155737
2515,"Hold on, y’know I",Drew,neutral,neutral,253,9,4,10,"00:06:03,029","00:06:05,822","Hold on, y’know I",neutral,4,4,neutral,True,0.040009294,0.002489268,0.0061521996,0.0263642,0.9158647,0.007988465,0.0011319659
2516,"Oh well, that’s uh, a little later than I uh, generally care to stay, but sure!",Chandler,joy,positive,253,10,4,10,"00:06:09,452","00:06:13,622","Oh well, that’s uh, a little later than I uh, generally care to stay, but sure!",joy,3,4,neutral,False,0.2486149,0.017501883,0.03896319,0.17474866,0.32573524,0.120396875,0.07403924
2517,"Maybe, before the game we could enjoy some eight year old some small batch Basel Hadens.",Mike,neutral,neutral,253,11,4,10,"00:06:13,831","00:06:17,751","Maybe, before the game we could enjoy some eight year old some small batch Basel Hadens.",neutral,4,4,neutral,True,0.051310424,0.012396389,0.0052767135,0.2995348,0.55423266,0.068010844,0.009238131
2518,"Well, I don’t really know what that is, but",Chandler,neutral,neutral,253,12,4,10,"00:06:18,461","00:06:20,837","Well, I don’t really know what that is, but",neutral,4,4,neutral,True,0.026194314,0.00581302,0.027242418,0.0643043,0.7736832,0.03369751,0.06906528
2519,"Monica, let's go. Come on now people, woman in labor.",Ross,neutral,neutral,254,0,1,22,"00:21:43,302","00:21:46,178","Monica, let's go. Come on now people, woman in labor.",neutral,4,4,neutral,True,0.052848436,0.010384778,0.0043616802,0.044426158,0.8523167,0.032808945,0.0028533028
2520,"Hey Ross, look what I've got going here.",Chandler,neutral,neutral,254,1,1,22,"0:21:46,346","0:21:47,973","Hey Ross, look what I've got going here.",neutral,4,3,joy,False,0.1424008,0.05185683,0.09722076,0.3723341,0.20996542,0.055010803,0.07121126
2521,"Yeah, save it for the cab, okay.",Ross,disgust,negative,254,2,1,22,"0:21:47,973","0:21:50,159","Yeah, save it for the cab, okay.",disgust,1,4,neutral,False,0.02916482,0.013217936,0.007693508,0.057588715,0.8719713,0.019419836,0.00094387284
2522,What are you doing? We're going to a hospital.,Ross,surprise,negative,254,3,1,22,"00:21:50,726","00:21:53,185",What are you doing? We're going to a hospital.,surprise,6,4,neutral,False,0.06113158,0.028219655,0.16900665,0.08164908,0.44752446,0.09252494,0.11994355
2523,"What, so I can't lokk nice? There might be doctors there.",Rachel,neutral,neutral,254,4,1,22,"00:21:53,353","00:21:56,564","What, so I can't lokk nice? There might be doctors there.",neutral,4,4,neutral,True,0.02284831,0.0020334655,0.011830835,0.09424964,0.820359,0.022435095,0.026243638
2524,"Joey, get out of the fridge.",Ross,anger,negative,254,5,1,22,"0:21:56,732","0:21:58,109","Joey, get out of the fridge.",anger,0,0,anger,True,0.58948106,0.10050889,0.053105947,0.060244508,0.14223622,0.044030726,0.010392602
2525,"All right, all right.",Joey,anger,negative,254,6,1,22,"0:21:58,109","0:22:00,173","All right, all right.",anger,0,4,neutral,False,0.03924473,0.0062881885,0.004715539,0.18217824,0.7503309,0.015840676,0.0014017671
2526,What is that?,Ross,surprise,negative,254,7,1,22,"0:22:00,694","0:22:01,506",What is that?,surprise,6,4,neutral,False,0.05602299,0.008518229,0.013455707,0.023744006,0.8108923,0.025674896,0.06169183
2527,For the ride.,Joey,neutral,neutral,254,8,1,22,"0:22:01,506","0:22:02,743",For the ride.,neutral,4,4,neutral,True,0.008277133,0.0032419625,0.001650081,0.01590421,0.965519,0.004761108,0.0006465287
2528,"Yeah, like in a cab...",Chandler,neutral,neutral,254,9,1,22,"0:22:02,863","0:22:04,031","Yeah, like in a cab...",neutral,4,4,neutral,True,0.0061242273,0.006128785,0.003159052,0.038333837,0.9300347,0.015627112,0.00059221266
2529,Save it.,Ross,neutral,neutral,254,10,1,22,"0:22:04,031","0:22:04,598",Save it.,neutral,4,4,neutral,True,0.20135045,0.024014495,0.071165785,0.14568424,0.48131758,0.07173095,0.0047364263
2530,"Okay, hating this.",Chandler,disgust,negative,254,11,1,22,"00:22:04,698","00:22:07,992","Okay, hating this.",disgust,1,1,disgust,True,0.21381852,0.5502143,0.01596568,0.024888808,0.0187934,0.16581263,0.010506676
2531,"Monica, come on now. Let's go, baby coming.",Ross,neutral,neutral,254,12,1,22,"00:22:08,160","00:22:13,581","Monica, come on now. Let's go, baby coming.",neutral,4,5,sadness,False,0.02269647,0.018705767,0.08042552,0.16557203,0.3361282,0.36397198,0.0125000365
2532,"I can't belive it, I'm gonna be an aunt. I'm gonna have like a nephew.",Monica,joy,positive,254,13,1,22,"00:22:09,369","00:22:13,581","I can't belive it, I'm gonna be an aunt. I'm gonna have like a nephew.",joy,3,5,sadness,False,0.042061582,0.0068168812,0.022483151,0.2511807,0.21165527,0.4584029,0.0073995036
2533,"That's nice. Get out Let's go, come on.",Ross,disgust,negative,254,14,1,22,"00:22:13,749","00:22:17,710","That's nice. Get out Let's go, come on.",disgust,1,3,joy,False,0.024303295,0.006148788,0.002078718,0.53296185,0.41677868,0.0152478935,0.0024808133
2534,"All right, I'm going. I'm going.",Joey,anger,negative,254,15,1,22,"00:22:19,087","00:22:21,339","All right, I'm going. I'm going.",anger,0,4,neutral,False,0.039715406,0.005157462,0.014177464,0.22465749,0.6913179,0.023079664,0.0018946246
2535,"Here we go, here we go.",Chandler,neutral,neutral,254,16,1,22,"0:22:28,472","0:22:30,016","Here we go, here we go.",neutral,4,4,neutral,True,0.028292798,0.0047922507,0.006066734,0.3504801,0.58837104,0.020031458,0.0019656396
2536,"Rossy, Rossy.",Rachel,neutral,neutral,254,17,1,22,"0:22:30,016","0:22:30,789","Rossy, Rossy.",neutral,4,4,neutral,True,0.028261047,0.004136976,0.0036795272,0.3067056,0.6290414,0.020754812,0.0074207135
2537,WHAT IS IT?!,Chandler,anger,negative,255,0,1,8,"00:02:52,000","00:02:53,672",WHAT IS IT?!,anger,0,3,joy,False,0.1529351,0.004532843,0.020414418,0.59161603,0.115749024,0.041127443,0.0736251
2538,"Okay, I-I d'know, you-you just- you have a quality.",Monica,joy,positive,255,1,1,8,"00:02:55,800","00:02:58,927","Okay, I-I d'know, you-you just- you have a quality.",joy,3,3,joy,True,0.060591236,0.005491104,0.011923814,0.49647275,0.39291108,0.02602101,0.006588985
2539,Yes. Absolutely. A quality.,All,neutral,neutral,255,2,1,8,"00:02:59,179","00:03:02,222",Yes. Absolutely. A quality.,neutral,4,3,joy,False,0.01777553,0.0014189972,0.0010878843,0.8188389,0.15283468,0.0059340475,0.002109973
2540,"Oh, oh, a quality, good, because I was worried you guys were gonna be vague about this.",Chandler,neutral,neutral,255,3,1,8,"00:03:02,390","00:03:06,518","Oh, oh, a quality, good, because I was worried you guys were gonna be vague about this.",neutral,4,4,neutral,True,0.030692838,0.008847241,0.120706,0.11122241,0.49206823,0.1966928,0.03977054
2541,"Hello? Hello? Oh! Rachel, it's Paolo calling from Rome.",Monica,joy,positive,255,4,1,8,"00:03:08,813","00:03:15,736","Hello? Hello? Oh! Rachel, it's Paolo calling from Rome.",joy,3,4,neutral,False,0.028218703,0.0019854496,0.0074748024,0.14448372,0.452049,0.019294312,0.34649405
2542,Oh my God! Calling from Rome!,Rachel,surprise,positive,255,5,1,8,"00:03:15,987","00:03:18,906",Oh my God! Calling from Rome!,surprise,6,6,surprise,True,0.026516471,0.0038020671,0.005846403,0.0210613,0.0070258803,0.013416394,0.92233145
2543,So he's calling from Rome. I could do that. Just gotta go to Rome.,Ross,neutral,neutral,255,6,1,8,"00:03:24,078","00:03:29,166",So he's calling from Rome. I could do that. Just gotta go to Rome.,neutral,4,4,neutral,True,0.0029611373,0.0009411089,0.002853861,0.012911398,0.9733653,0.0064320206,0.0005351714
2544,"Monica, your dad just beeped in, but can you make it quick? Talking to Rome.  I'm talking to Rome.",Rachel,joy,positive,255,7,1,8,"00:03:32,003","00:03:39,009","Monica, your dad just beeped in, but can you make it quick? Talking to Rome.  I'm talking to Rome.",joy,3,4,neutral,False,0.015052049,0.0015238007,0.0020528927,0.018687652,0.9547681,0.0061640465,0.0017513483
2545,"Hey dad, what's up?  Oh God. Ross, it's Nana.",Monica,sadness,negative,255,8,1,8,"00:03:40,136","00:03:47,976","Hey dad, what's up?  Oh God. Ross, it's Nana.",sadness,5,3,joy,False,0.008364948,0.0010359084,0.002473739,0.4780033,0.4769991,0.022383638,0.010739266
2546,"So um, so what's up, you came to see me yesterday.",Phoebe,joy,positive,256,0,2,4,"00:13:52,248","00:13:55,250","So um, so what's up, you came to see me yesterday.",joy,3,4,neutral,False,0.004386072,0.0006614146,0.0013547055,0.06704872,0.9132585,0.011339068,0.0019515845
2547,"Oh, yeah, um, alright, I kinda need a divorce.",Duncan,neutral,neutral,256,1,2,4,"00:13:55,543","00:14:03,383","Oh, yeah, um, alright, I kinda need a divorce.",neutral,4,4,neutral,True,0.024288518,0.0054302383,0.024827966,0.12599914,0.5571066,0.25905713,0.0032903727
2548,"Oh, yeah, yeah, sure. We live in the building by the uh sidewalk.",Joey,neutral,neutral,257,0,2,6,"00:11:28,479","00:11:32,399","Oh, yeah, yeah, sure. We live in the building by the uh sidewalk.",neutral,4,4,neutral,True,0.003739323,0.0022983644,0.0017653325,0.011234821,0.97545844,0.005038368,0.00046539312
2549,You know it?,Chandler,surprise,negative,257,1,2,6,"00:11:34,610","00:11:35,860",You know it?,surprise,6,6,surprise,True,0.070687756,0.0057740724,0.018047974,0.03303387,0.32839772,0.02788542,0.51617324
2550,"Hey, look, since we're neighbors and all, what do you say we uh, get together for a drink?",Joey,neutral,neutral,257,2,2,6,"00:11:36,737","00:11:41,533","Hey, look, since we're neighbors and all, what do you say we uh, get together for a drink?",neutral,4,4,neutral,True,0.0032530238,0.0006161379,0.00093558506,0.026177548,0.961981,0.0055199424,0.0015168047
2551,"Oh, sure, they love us over there.",Chandler,neutral,neutral,257,3,2,6,"00:11:49,375","00:11:51,126","Oh, sure, they love us over there.",neutral,4,3,joy,False,0.010113108,0.0011293199,0.0012600203,0.8926396,0.08069962,0.010737351,0.003421039
2552,Ben! Ben! Ben!,Joey,joy,positive,257,4,2,6,"00:11:58,178","00:12:01,594",Ben! Ben! Ben!,joy,3,3,joy,True,0.18327461,0.0085717,0.021691876,0.42871013,0.12439009,0.048492245,0.18486938
2553,How about Joey... Pepponi?,Chandler,neutral,neutral,258,0,1,21,"00:03:02,390","00:03:04,558",How about Joey... Pepponi?,neutral,4,4,neutral,True,0.0040265904,0.00057631003,0.00086669106,0.017465474,0.970282,0.0048512826,0.0019315756
2554,"No, still too ethnic. My agent thinks I should have a name that's more neutral.",Joey,neutral,neutral,258,1,1,21,"00:03:04,726","00:03:08,937","No, still too ethnic. My agent thinks I should have a name that's more neutral.",neutral,4,4,neutral,True,0.014711496,0.014909083,0.0077766273,0.014762514,0.88974816,0.04670119,0.011390975
2555,Joey... Switzerland?,Chandler,neutral,neutral,258,2,1,21,"00:03:09,105","00:03:10,939",Joey... Switzerland?,neutral,4,4,neutral,True,0.033598114,0.0041106194,0.0098504,0.011341272,0.51600486,0.018986166,0.40610856
2556,"Plus, y'know, I think it should be Joe.",Joey,neutral,neutral,258,3,1,21,"0:03:15,820","0:03:17,948","Plus, y'know, I think it should be Joe.",neutral,4,4,neutral,True,0.009748626,0.0016262329,0.0020220303,0.04160386,0.93131804,0.010506566,0.0031746966
2557,"Y'know, Joey makes me sound like I'm, I dunno, this big.",Joey,neutral,neutral,258,4,1,21,"0:03:17,948","0:03:21,672","Y'know, Joey makes me sound like I'm, I dunno, this big.",neutral,4,4,neutral,True,0.0313664,0.003186864,0.0031277349,0.13480069,0.8105474,0.015310915,0.0016599075
2558,Which I'm not.,Joey,neutral,neutral,258,5,1,21,"00:03:21,784","00:03:22,993",Which I'm not.,neutral,4,4,neutral,True,0.11742573,0.021809293,0.064884044,0.09957465,0.5749333,0.09322335,0.028149638
2559,Joe...Joe...Joe...Stalin?,Chandler,neutral,neutral,258,6,1,21,"00:03:25,538","00:03:28,874",Joe...Joe...Joe...Stalin?,neutral,4,6,surprise,False,0.07573265,0.0080067655,0.01691475,0.03545694,0.18359673,0.032116577,0.64817554
2560,Stalin...Stalin...do I know that name? It sounds familiar.,Joey,neutral,neutral,258,7,1,21,"00:03:30,418","00:03:35,714",Stalin...Stalin...do I know that name? It sounds familiar.,neutral,4,4,neutral,True,0.019615723,0.0038895812,0.007899878,0.028306108,0.80752105,0.014130119,0.11863749
2561,"Well, it does not ring a bell with me...",Chandler,neutral,neutral,258,8,1,21,"00:03:35,882","00:03:39,426","Well, it does not ring a bell with me...",neutral,4,5,sadness,False,0.13366528,0.016085178,0.042595807,0.076708585,0.27862263,0.42624894,0.026073547
2562,"Joe Stalin. Y'know, that's pretty good.",Joey,joy,positive,258,9,1,21,"00:03:39,594","00:03:46,850","Joe Stalin. Y'know, that's pretty good.",joy,3,4,neutral,False,0.023402115,0.0026866975,0.0014846256,0.2660694,0.6910867,0.012312369,0.0029580886
2563,Might wanna try Joseph.,Chandler,neutral,neutral,258,10,1,21,"00:03:47,518","00:03:49,561",Might wanna try Joseph.,neutral,4,4,neutral,True,0.0021818774,0.0014626461,0.0018159678,0.0073477505,0.9822818,0.0043431493,0.00056681444
2564,Joseph Stalin. I think you'd remember that!,Joey,joy,positive,258,11,1,21,"0:03:55,985","0:04:00,377",Joseph Stalin. I think you'd remember that!,joy,3,6,surprise,False,0.07360582,0.0068932446,0.015082952,0.096044295,0.13583192,0.029767795,0.6427739
2565,"Oh yes! Bye Bye Birdie, starring Joseph Stalin. Joseph Stalin is the Fiddler on the Roof.",Chandler,joy,positive,258,12,1,21,"0:04:00,377","0:04:05,757","Oh yes! Bye Bye Birdie, starring Joseph Stalin. Joseph Stalin is the Fiddler on the Roof.",joy,3,3,joy,True,0.025798274,0.0015495734,0.0019185769,0.86118007,0.08841775,0.012749665,0.008386139
2566,Are you kidding?,Ross,surprise,negative,259,0,6,12,"00:16:38,789","00:16:40,715",Are you kidding?,surprise,6,0,anger,False,0.460033,0.117238805,0.009328201,0.044585995,0.019811055,0.012681441,0.33632144
2567,"Okay, look.",Ross,neutral,neutral,259,1,6,12,"0:16:41,125","0:16:42,001","Okay, look.",neutral,4,4,neutral,True,0.0071481345,0.0033533736,0.0028487802,0.02191837,0.9579631,0.005787466,0.0009807342
2568,I-I studied evolution.,Ross,joy,positive,259,2,6,12,"0:16:42,001","0:16:43,605",I-I studied evolution.,joy,3,4,neutral,False,0.069921784,0.00558262,0.029241327,0.2652102,0.5769026,0.025161115,0.027980357
2569,"Remember, evolution?",Ross,joy,positive,259,3,6,12,"00:16:43,794","00:16:45,211","Remember, evolution?",joy,3,4,neutral,False,0.022751302,0.0017519767,0.0027819823,0.040691417,0.9138008,0.009384921,0.008837577
2570,Monkey into man?,Ross,anger,negative,259,4,6,12,"00:16:45,462","00:16:47,005",Monkey into man?,anger,0,0,anger,True,0.46610886,0.035741776,0.016017077,0.034929637,0.07594611,0.03678601,0.33447048
2571,"Plus, I’m a doctor, and I had a monkey.",Ross,neutral,neutral,259,5,6,12,"00:16:47,256","00:16:52,176","Plus, I’m a doctor, and I had a monkey.",neutral,4,3,joy,False,0.022752803,0.012440012,0.010155993,0.72389436,0.115641445,0.053889573,0.061225787
2572,I’m Doctor Monkey!,Ross,anger,negative,259,6,6,12,"00:16:54,346","00:16:56,264",I’m Doctor Monkey!,anger,0,3,joy,False,0.054130223,0.0038439434,0.0038640592,0.74972785,0.10921382,0.014173326,0.06504678
2573,I’m not arguing with that.,Chandler,neutral,neutral,259,7,6,12,"00:16:59,018","00:17:01,352",I’m not arguing with that.,neutral,4,0,anger,False,0.4028256,0.078341834,0.020632269,0.12355049,0.330308,0.02478275,0.019559074
2574,"All right, I’ve heard enough. I’ve made my decision.",Monica,neutral,neutral,259,8,6,12,"00:17:01,687","00:17:03,730","All right, I’ve heard enough. I’ve made my decision.",neutral,4,0,anger,False,0.42704603,0.015371399,0.13851571,0.09487919,0.17973496,0.13384235,0.010610368
2575,You are both idiots.,Monica,disgust,negative,259,9,6,12,"00:17:05,816","00:17:07,984",You are both idiots.,disgust,1,0,anger,False,0.51694834,0.33245412,0.006013164,0.06553636,0.01873188,0.026979115,0.033337083
2576,"The joke is not funny, and it’s offensive to women, and doctors, and monkeys!",Monica,disgust,negative,259,10,6,12,"00:17:09,653","00:17:14,615","The joke is not funny, and it’s offensive to women, and doctors, and monkeys!",disgust,1,0,anger,False,0.5969836,0.1769387,0.030664641,0.018066455,0.016359448,0.10040434,0.060582936
2577,"You shouldn’t be arguing over who gets credit, you should be arguing over who gets blamed for inflicting this horrible joke upon the world!",Monica,anger,negative,259,11,6,12,"00:17:16,035","00:17:23,249","You shouldn’t be arguing over who gets credit, you should be arguing over who gets blamed for inflicting this horrible joke upon the world!",anger,0,0,anger,True,0.845773,0.03086012,0.020628609,0.031041136,0.024485117,0.028370041,0.018842082
2578,Now let it go!,Monica,anger,negative,259,12,6,12,"00:17:23,500","00:17:24,917",Now let it go!,anger,0,0,anger,True,0.83436227,0.01165965,0.012853968,0.07957232,0.033728953,0.018729178,0.009093698
2579,The joke sucks!,Monica,anger,negative,259,13,6,12,"00:17:25,127","00:17:27,003",The joke sucks!,anger,0,0,anger,True,0.54393107,0.21559335,0.0062181614,0.13739407,0.016559338,0.026427776,0.053876195
2580,It’s your joke.,Ross,neutral,neutral,259,14,6,12,"0:17:32,885","0:17:33,657",It’s your joke.,neutral,4,1,disgust,False,0.3765322,0.43543884,0.009964476,0.028157298,0.024649333,0.035560336,0.08969758
2581,Is not.,Chandler,anger,negative,259,15,6,12,"0:17:33,657","0:17:34,806",Is not.,anger,0,4,neutral,False,0.06156712,0.00481337,0.022791453,0.057379484,0.7751472,0.06483931,0.013462056
2582,"Hey everybody, Rachel was so good today. She didn't gossip at all.",Phoebe,joy,positive,260,0,5,11,"00:06:25,176","00:06:28,000","Hey everybody, Rachel was so good today. She didn't gossip at all.",joy,3,4,neutral,False,0.034853864,0.0037369975,0.0020125944,0.41071066,0.5182922,0.013248459,0.017145285
2583,I didn’t!,Rachel,joy,positive,260,1,5,11,"00:06:28,096","00:06:30,764",I didn’t!,joy,3,0,anger,False,0.29677525,0.01653747,0.1804336,0.116627075,0.075646885,0.15349957,0.16048017
2584,"Even when I found out…umm, all right, well let's just say I found something out something about someone and let's just say she's gonna keep it.",Rachel,neutral,neutral,260,2,5,11,"00:06:30,932","00:06:37,729","Even when I found out…umm, all right, well let's just say I found something out something about someone and let's just say she's gonna keep it.",neutral,4,4,neutral,True,0.058412813,0.010933383,0.05186731,0.07471083,0.68786407,0.113614604,0.0025970377
2585,"Hey, Pheebs! Check-check this out.",Joey,joy,positive,260,3,5,11,"00:06:39,315","00:06:41,942","Hey, Pheebs! Check-check this out.",joy,3,3,joy,True,0.009764485,0.00080475374,0.00070561346,0.9465038,0.018739564,0.0035451693,0.01993654
2586,"Ooh, you nailed the Old Lady!",Phoebe,surprise,positive,260,4,5,11,"00:06:45,405","00:06:49,199","Ooh, you nailed the Old Lady!",surprise,6,3,joy,False,0.11147257,0.009922597,0.0018877104,0.8297585,0.012700627,0.009699051,0.024558937
2587,"Yeah listen so, I thought I was getting better, so on my way home today I stopped by this guitar store and",Joey,neutral,neutral,260,5,5,11,"0:06:54,288","0:06:59,170","Yeah listen so, I thought I was getting better, so on my way home today I stopped by this guitar store and",neutral,4,4,neutral,True,0.006785418,0.00275983,0.0022312878,0.025329499,0.93975055,0.021999767,0.0011437275
2588,"Did you, did you",Phoebe,anger,negative,260,6,5,11,"0:06:59,170","0:07:02,652","Did you, did you",anger,0,4,neutral,False,0.10499746,0.004116687,0.03749831,0.06876075,0.6913009,0.042279802,0.05104606
2589,No.,Joey,neutral,neutral,260,7,5,11,"00:07:07,385","00:07:08,802",No.,neutral,4,4,neutral,True,0.006077362,0.0039952276,0.002363095,0.013360633,0.9552362,0.017810212,0.0011572525
2590,Give me your hands.  Strings. Gimme it!  Pick. Do you want to learn to play guitar?,Phoebe,anger,negative,260,8,5,11,"00:07:10,138","00:07:17,060",Give me your hands.  Strings. Gimme it!  Pick. Do you want to learn to play guitar?,anger,0,0,anger,True,0.43946415,0.020539895,0.12189647,0.19476819,0.070393905,0.110173285,0.042764053
2591,Yes!,Joey,joy,positive,260,9,5,11,"0:07:21,983","0:07:22,505",Yes!,joy,3,3,joy,True,0.07686582,0.0036075027,0.007062312,0.7762853,0.0647978,0.018665731,0.05271549
2592,Then don't touch one!!,Phoebe,anger,negative,260,10,5,11,"0:07:22,505","0:07:24,160",Then don't touch one!!,anger,0,2,fear,False,0.3735241,0.027538866,0.4455174,0.042203743,0.031978276,0.05692861,0.022308955
2593,Really? You'd-you'd do that for me?!,Joey,surprise,positive,261,0,5,10,"0:06:36,521","0:06:38,190",Really? You'd-you'd do that for me?!,surprise,6,6,surprise,True,0.095377885,0.0132727185,0.028060803,0.048486236,0.024229307,0.059854638,0.73071843
2594,Yeah!,Ross,joy,positive,261,1,5,10,"0:06:38,190","0:06:38,952",Yeah!,joy,3,3,joy,True,0.058173105,0.003397488,0.002398697,0.8311484,0.08289924,0.0079361275,0.014046887
2595,Thanks!,Joey,joy,positive,261,2,5,10,"0:06:38,952","0:06:39,258",Thanks!,joy,3,3,joy,True,0.021396333,0.0009446247,0.00091024267,0.9337353,0.02743815,0.005629957,0.009945358
2596,"All right, we'll start off slow. The only thing you have to do tonight is come up with the name of your main character.",Ross,neutral,neutral,261,3,5,10,"00:06:39,315","00:06:45,153","All right, we'll start off slow. The only thing you have to do tonight is come up with the name of your main character.",neutral,4,4,neutral,True,0.0063507482,0.0015278192,0.0018791493,0.010416358,0.97602254,0.0033849215,0.00041848392
2597,Done!,Joey,joy,positive,261,4,5,10,"0:06:45,822","0:06:46,544",Done!,joy,3,3,joy,True,0.03522342,0.0023177434,0.0011730326,0.91463673,0.037621148,0.005083314,0.0039446135
2598,And it can't be Joey.,Ross,neutral,neutral,261,5,5,10,"0:06:46,544","0:06:47,700",And it can't be Joey.,neutral,4,4,neutral,True,0.014121314,0.0011922821,0.003593372,0.020401143,0.9414721,0.010601753,0.008618026
2599,It's not.,Joey,neutral,neutral,261,6,5,10,"0:06:47,824","0:06:48,796",It's not.,neutral,4,4,neutral,True,0.053096484,0.0094947,0.02525234,0.08841935,0.73646086,0.05521738,0.03205895
2600,Or Joseph.,Ross,neutral,neutral,261,7,5,10,"0:06:48,796","0:06:49,596",Or Joseph.,neutral,4,4,neutral,True,0.010604539,0.0023931256,0.0016283833,0.013069144,0.9628417,0.007903473,0.0015597513
2601,Oh.,Joey,neutral,neutral,261,8,5,10,"00:06:49,700","00:06:51,201",Oh.,neutral,4,4,neutral,True,0.0090963105,0.008446266,0.025376799,0.06527975,0.787109,0.096221894,0.0084699495
2602,Hi!,Pete,neutral,neutral,262,0,3,21,"0:02:38,074","0:02:38,533",Hi!,neutral,4,3,joy,False,0.0143403085,0.00074478035,0.0006996317,0.949595,0.019807633,0.0036564504,0.011156246
2603,"Hi! Hey, Pete you’re back! Hey, check this out.",Monica,joy,positive,262,1,3,21,"0:02:38,533","0:02:42,743","Hi! Hey, Pete you’re back! Hey, check this out.",joy,3,3,joy,True,0.026253324,0.0016389346,0.0025186616,0.8001944,0.09073841,0.011004384,0.0676519
2604,Wow! Skates!,Pete,joy,positive,262,2,3,21,"00:02:42,829","00:02:44,621",Wow! Skates!,joy,3,6,surprise,False,0.020984322,0.0025828583,0.0023836284,0.0808452,0.0057873563,0.0069815326,0.8804351
2605,Wow! You’re a lot sturdier that Chandler. He crumpled like a piece of paper. So how was you’re trip?,Monica,surprise,positive,262,3,3,21,"00:02:47,667","00:02:53,630",Wow! You’re a lot sturdier that Chandler. He crumpled like a piece of paper. So how was you’re trip?,surprise,6,6,surprise,True,0.020779354,0.0026534514,0.004050195,0.008694687,0.0075213523,0.011129788,0.9451712
2606,Well...,Pete,neutral,neutral,262,4,3,21,"0:02:53,798","0:02:55,220",Well...,neutral,4,4,neutral,True,0.04282282,0.007151522,0.009775878,0.14337806,0.6881581,0.0894695,0.019244105
2607,"Oh, what’d ya bring me?!",Monica,joy,positive,262,5,3,21,"0:02:55,220","0:02:56,679","Oh, what’d ya bring me?!",joy,3,3,joy,True,0.013811955,0.0007831056,0.002684431,0.87022287,0.085951306,0.012099264,0.014447053
2608,"Awww, hotel toiletries from Japan.",Monica,joy,positive,262,6,3,21,"00:02:57,886","00:03:01,305","Awww, hotel toiletries from Japan.",joy,3,6,surprise,False,0.06717693,0.05688042,0.006524386,0.20049433,0.2908477,0.03673441,0.34134182
2609,"Oh, these are gonna go in my permanent collection.",Monica,joy,positive,262,7,3,21,"00:03:01,472","00:03:03,515","Oh, these are gonna go in my permanent collection.",joy,3,4,neutral,False,0.0060074735,0.00146797,0.0013565308,0.022257809,0.95644826,0.010235901,0.002226021
2610,You want some coffee?,Monica,neutral,neutral,262,8,3,21,"0:03:04,309","0:03:05,269",You want some coffee?,neutral,4,4,neutral,True,0.0026303835,0.00088054774,0.00066989276,0.004832153,0.9869265,0.0019735799,0.0020869416
2611,"Yeah, sure, that’d be great.",Pete,neutral,neutral,262,9,3,21,"0:03:05,269","0:03:06,195","Yeah, sure, that’d be great.",neutral,4,4,neutral,True,0.010863695,0.0031341617,0.002569608,0.21855374,0.7536395,0.009926183,0.0013130495
2612,Regular or decaf?,Monica,neutral,neutral,262,10,3,21,"00:03:10,398","00:03:12,274",Regular or decaf?,neutral,4,4,neutral,True,0.013173628,0.0010220704,0.0017049224,0.010513599,0.9680466,0.002982426,0.002556679
2613,"Ah, which ever is closest.",Pete,neutral,neutral,262,11,3,21,"00:03:12,442","00:03:15,194","Ah, which ever is closest.",neutral,4,4,neutral,True,0.0072039105,0.00063030125,0.000963778,0.07112445,0.910833,0.0077497764,0.0014948461
2614,Okay.,Monica,neutral,neutral,262,12,3,21,"0:03:15,361","0:03:16,863",Okay.,neutral,4,4,neutral,True,0.0075764987,0.0018695086,0.0009824762,0.044575803,0.94050366,0.0039436836,0.00054840284
2615,So ask me what I did today.,Pete,neutral,neutral,262,13,3,21,"0:03:16,863","0:03:17,110",So ask me what I did today.,neutral,4,4,neutral,True,0.03917002,0.0030118097,0.009726276,0.052973032,0.8658627,0.022370735,0.0068853977
2616,So what did you do today Pete?,Monica,neutral,neutral,262,14,3,21,"00:03:17,197","00:03:18,488",So what did you do today Pete?,neutral,4,4,neutral,True,0.017201155,0.0019587036,0.0040223696,0.029341655,0.9044353,0.01178291,0.031257965
2617,I bought a restaurant and I would like you to be the head chef.,Pete,joy,positive,262,15,3,21,"00:03:18,656","00:03:21,158",I bought a restaurant and I would like you to be the head chef.,joy,3,3,joy,True,0.02168503,0.0021816916,0.0033625576,0.68975836,0.25379503,0.021770831,0.007446482
2618,What?! Oh.,Monica,surprise,negative,262,16,3,21,"00:03:21,326","00:03:22,993",What?! Oh.,surprise,6,6,surprise,True,0.013029041,0.0028552983,0.0034830463,0.0054231132,0.01769264,0.0047321925,0.9527847
2619,Hi.,Ross,neutral,neutral,263,0,1,21,"00:07:47,508","00:07:48,925",Hi.,neutral,4,4,neutral,True,0.0017985292,0.00042537056,0.00041535066,0.0042516515,0.9911582,0.0015729596,0.00037794615
2620,Hey.,Joey,neutral,neutral,263,1,1,21,"00:07:50,636","00:07:52,345",Hey.,neutral,4,4,neutral,True,0.0041656992,0.00056404056,0.000437867,0.02318347,0.9679294,0.0024509372,0.0012685807
2621,Where've you been?,Joey,neutral,neutral,263,2,1,21,"0:07:52,513","0:07:55,683",Where've you been?,neutral,4,4,neutral,True,0.009813118,0.0010225312,0.0024696914,0.0065464876,0.9411142,0.004908225,0.034125764
2622,At the vet.,Ross,neutral,neutral,263,3,1,21,"0:07:55,683","0:07:55,829",At the vet.,neutral,4,4,neutral,True,0.0062509784,0.002379842,0.000792571,0.016326128,0.96984094,0.0038188463,0.00059059483
2623,"She's not gonna make you wear one of those big plastic cones, is she?",Chandler,fear,negative,263,4,1,21,"00:07:55,975","00:07:59,603","She's not gonna make you wear one of those big plastic cones, is she?",fear,2,6,surprise,False,0.15031211,0.026008204,0.07847222,0.060276248,0.25757244,0.08005406,0.3473048
2624,She says Marcel's humping thing's not a phase. Apparently he's reached sexual maturity.,Ross,sadness,negative,263,5,1,21,"00:08:05,818","00:08:09,070",She says Marcel's humping thing's not a phase. Apparently he's reached sexual maturity.,sadness,5,4,neutral,False,0.0051700487,0.0012673174,0.0026608068,0.013105189,0.9523315,0.01948031,0.0059849685
2625,Hey! He beat ya.,Joey,joy,positive,263,6,1,21,"00:08:09,906","00:08:12,157",Hey! He beat ya.,joy,3,3,joy,True,0.039276246,0.004062274,0.0015459231,0.8428256,0.08467929,0.008201794,0.019408869
2626,"She says as time goes on, he's gonna start getting agressive and violent.",Ross,sadness,negative,263,7,1,21,"00:08:15,912","00:08:20,916","She says as time goes on, he's gonna start getting agressive and violent.",sadness,5,1,disgust,False,0.22229056,0.4529177,0.057915978,0.03947454,0.095482506,0.11415791,0.017760757
2627,So what does this mean?,Chandler,neutral,neutral,263,8,1,21,"00:08:21,125","00:08:22,584",So what does this mean?,neutral,4,4,neutral,True,0.023468986,0.0016426258,0.009419853,0.019171596,0.9185138,0.017164191,0.010618959
2628,I'm gonna have to give him up.,Ross,sadness,negative,263,9,1,21,"00:08:24,962","00:08:26,421",I'm gonna have to give him up.,sadness,5,5,sadness,True,0.06905582,0.025006084,0.1364609,0.028869174,0.030023802,0.69867873,0.011905402
2629,Aww man! I can’t believe I locked myself out again!,Joey,anger,negative,264,0,4,7,"00:13:56,418","00:14:01,005",Aww man! I can’t believe I locked myself out again!,anger,0,6,surprise,False,0.2057211,0.04041908,0.12029229,0.08632566,0.018670972,0.19472569,0.33384526
2630,Hang on buddy!,Chandler,anger,negative,264,1,4,7,"00:14:01,465","00:14:03,299",Hang on buddy!,anger,0,0,anger,True,0.7604423,0.03123706,0.06433456,0.042362645,0.013488014,0.06872276,0.019412685
2631,Oh my God! What happened here? Did you do all this?,Joey,surprise,positive,264,2,4,7,"00:14:07,471","00:14:12,642",Oh my God! What happened here? Did you do all this?,surprise,6,6,surprise,True,0.029796993,0.006384821,0.0069692926,0.008435562,0.012125596,0.010836908,0.9254508
2632,I sure did.,Chandler,neutral,neutral,264,3,4,7,"00:14:09,807","00:14:12,642",I sure did.,neutral,4,4,neutral,True,0.021894041,0.004621528,0.0052660047,0.25761992,0.687908,0.020565929,0.0021245864
2633,"But we haven't seen each other since then. Well I land in China, guess who's in charge of the dig.",Ross,surprise,positive,265,0,2,1,"00:04:30,228","00:04:36,942","But we haven't seen each other since then. Well I land in China, guess who's in charge of the dig.",surprise,6,4,neutral,False,0.008540601,0.0019905868,0.0027899842,0.018216461,0.9420095,0.018530436,0.007922396
2634,"Julie! Julie, isn't that great? I mean, isn't that just kick- you-in-the-crotch, spit-on-your-neck fantastic?",Rachel,joy,positive,265,1,2,1,"00:04:38,611","00:04:45,200","Julie! Julie, isn't that great? I mean, isn't that just kick- you-in-the-crotch, spit-on-your-neck fantastic?",joy,3,3,joy,True,0.08714252,0.00952586,0.0063539525,0.81115454,0.012331529,0.01425532,0.059236314
2635,May I come in?,Ross,neutral,neutral,266,0,5,23,"00:09:55,845","00:09:57,095",May I come in?,neutral,4,4,neutral,True,0.0032871969,0.00086990226,0.0020584331,0.008316985,0.9796963,0.0051588146,0.0006125402
2636,"Uh, yeah, if you want too.",Rachel,neutral,neutral,266,1,5,23,"00:09:58,139","00:09:59,806","Uh, yeah, if you want too.",neutral,4,4,neutral,True,0.0137349395,0.009543207,0.020791711,0.037110295,0.8888124,0.028804874,0.0012025607
2637,Do,Ross,neutral,neutral,266,2,5,23,"00:10:00,808","00:10:02,726",Do,neutral,4,4,neutral,True,0.19216736,0.007231536,0.014411661,0.09301365,0.6692123,0.018179204,0.005784329
2638,"Yeah, sure?",Rachel,neutral,neutral,266,3,5,23,"00:10:04,520","00:10:05,645","Yeah, sure?",neutral,4,4,neutral,True,0.013907906,0.0019807494,0.004912724,0.09895185,0.8676925,0.009051644,0.003502591
2639,So do I.,Ross,neutral,neutral,266,4,5,23,"00:10:05,855","00:10:07,689",So do I.,neutral,4,4,neutral,True,0.07649097,0.0055159987,0.006424994,0.19399878,0.68818504,0.027818138,0.0015660605
2640,"Okay Rach, before anything happens  I just want to lay down a couple of ground rules.",Ross,neutral,neutral,266,5,5,23,"00:10:12,361","00:10:18,783","Okay Rach, before anything happens  I just want to lay down a couple of ground rules.",neutral,4,4,neutral,True,0.036491327,0.0065217963,0.016528139,0.07165549,0.8424525,0.02527974,0.0010709008
2641,This is just about tonight.,Ross,neutral,neutral,266,6,5,23,"00:10:18,993","00:10:21,661",This is just about tonight.,neutral,4,3,joy,False,0.14615068,0.010355115,0.02264223,0.3568216,0.25029862,0.20086624,0.012865549
2642,"I don't to go through with this if it's going to raise the question of ""Us.""",Ross,neutral,neutral,266,7,5,23,"00:10:21,954","00:10:26,082","I don't to go through with this if it's going to raise the question of ""Us.""",neutral,4,0,anger,False,0.2659877,0.046910565,0.18891416,0.06957865,0.25024873,0.16319688,0.015163349
2644,I just want this to be  about what it is!,Ross,joy,positive,266,8,5,23,"00:10:28,210","00:10:34,758",I just want this to be  about what it is!,joy,3,5,sadness,False,0.28242287,0.036492426,0.22243397,0.03413985,0.032609027,0.36630383,0.025598064
2645,"And um, what-what is that Ross?",Rachel,neutral,neutral,266,9,5,23,"00:10:39,013","00:10:42,182","And um, what-what is that Ross?",neutral,4,4,neutral,True,0.029941097,0.0037324391,0.06250187,0.09516157,0.7447205,0.04410499,0.019837473
2646,The physical act of love.,Ross,joy,positive,266,10,5,23,"00:10:42,391","00:10:45,018",The physical act of love.,joy,3,4,neutral,False,0.08642124,0.04631203,0.08384065,0.076302595,0.6373825,0.061042976,0.008697973
2647,What?! Are you crazy?,Rachel,surprise,negative,266,11,5,23,"00:10:46,562","00:10:47,979",What?! Are you crazy?,surprise,6,6,surprise,True,0.14414811,0.02571577,0.0124746,0.012965306,0.01135228,0.0135040255,0.77983993
2648,Oh so-so you weren't trying to entice me just now with your-your nakedness?,Ross,surprise,positive,266,12,5,23,"00:10:48,189","00:10:53,109",Oh so-so you weren't trying to entice me just now with your-your nakedness?,surprise,6,6,surprise,True,0.33796096,0.031738278,0.027702715,0.039975572,0.077252395,0.03994601,0.44542405
2649,"Oh God, you saw me?! Oh!",Rachel,surprise,negative,266,13,5,23,"00:10:55,946","00:10:58,406","Oh God, you saw me?! Oh!",surprise,6,6,surprise,True,0.03596865,0.010042436,0.02119863,0.024208408,0.014981471,0.038188662,0.8554117
2650,You weren't trying to entice me with your nakedness.,Ross,joy,positive,266,14,5,23,"00:11:02,119","00:11:06,289",You weren't trying to entice me with your nakedness.,joy,3,0,anger,False,0.6545863,0.1763496,0.016592342,0.022264497,0.02655133,0.024671307,0.07898461
2651,"Noo!! No! You thought, you actually thought I wanted to have sex with you?!",Rachel,anger,negative,266,15,5,23,"00:11:06,499","00:11:11,920","Noo!! No! You thought, you actually thought I wanted to have sex with you?!",anger,0,6,surprise,False,0.08563488,0.034488514,0.021474037,0.019795256,0.020836035,0.023807364,0.79396397
2652,No! No!  No!  No-no-no-no.,Ross,joy,positive,266,16,5,23,"00:11:15,758","00:11:26,184",No! No!  No!  No-no-no-no.,joy,3,2,fear,False,0.10837379,0.066720724,0.49614933,0.0909524,0.04941164,0.09963522,0.08875685
2657,Ah Joey.,Director,neutral,neutral,267,0,3,12,"0:14:48,220","0:14:49,182",Ah Joey.,neutral,4,4,neutral,True,0.0062100682,0.0012953001,0.0015669157,0.053669114,0.928915,0.006268072,0.0020754903
2658,Joey Tribbiani.,Director,neutral,neutral,267,1,3,12,"0:14:49,182","0:14:50,909",Joey Tribbiani.,neutral,4,4,neutral,True,0.0035827039,0.0010843542,0.0005574479,0.008240608,0.98091185,0.0040979083,0.0015251619
2659,"Listen Joey, I got a problem, I just got a call from my dance captain, he's having a relationship crisis and can't get out of Long Island.",Director,neutral,neutral,267,2,3,12,"00:14:56,312","00:15:03,359","Listen Joey, I got a problem, I just got a call from my dance captain, he's having a relationship crisis and can't get out of Long Island.",neutral,4,4,neutral,True,0.038739566,0.0056203343,0.1789882,0.070052035,0.35998517,0.32468194,0.021932755
2660,"So, does that mean the audition is off?",Joey,sadness,negative,267,3,3,12,"00:15:03,527","00:15:05,653","So, does that mean the audition is off?",sadness,5,4,neutral,False,0.0855397,0.0044625215,0.014120464,0.03789674,0.8046562,0.047777586,0.0055468115
2661,"Listen Joey, seeing as you've got the most experience, I want you to take these dancers and show them the combination.",Director,neutral,neutral,267,4,3,12,"00:15:05,821","00:15:13,161","Listen Joey, seeing as you've got the most experience, I want you to take these dancers and show them the combination.",neutral,4,4,neutral,True,0.11401617,0.0047029965,0.032020304,0.32594356,0.49072087,0.028447911,0.0041481424
2662,What?!,Joey,surprise,negative,267,5,3,12,"00:15:14,622","00:15:15,705",What?!,surprise,6,6,surprise,True,0.020155989,0.0029097213,0.003784888,0.0039373483,0.01901609,0.0043257624,0.9458702
2663,"Aw come on Joey, it's easy.",Director,neutral,neutral,267,6,3,12,"00:15:15,915","00:15:17,248","Aw come on Joey, it's easy.",neutral,4,4,neutral,True,0.011589587,0.0021824448,0.0059985686,0.030602131,0.933674,0.01470779,0.0012454346
2664,"Y'know, it's hand, hand, head, head,  up, pas de bouree, pas de bouree, big turn here, grand sissone, sissone, sissone, slide back, step, step, step, and jazz hands!",Director,neutral,neutral,267,7,3,12,"00:15:27,051","00:15:31,471","Y'know, it's hand, hand, head, head,  up, pas de bouree, pas de bouree, big turn here, grand sissone, sissone, sissone, slide back, step, step, step, and jazz hands!",neutral,4,3,joy,False,0.06548456,0.0031217518,0.0037652643,0.8146409,0.082154594,0.012553048,0.01827997
2665,"It's ah, step-ity, step and jazz hands.",Joey,sadness,negative,267,8,3,12,"00:15:34,099","00:15:37,310","It's ah, step-ity, step and jazz hands.",sadness,5,3,joy,False,0.02435938,0.0021210888,0.0019394979,0.79405206,0.16594988,0.006401893,0.0051762373
2666,Have fun.,Director,neutral,neutral,267,9,3,12,"00:15:37,478","00:15:39,479",Have fun.,neutral,4,4,neutral,True,0.077945806,0.026691385,0.003923703,0.23575523,0.6415938,0.011722758,0.002367368
2667,Bye.,Joey,neutral,neutral,267,10,3,12,"00:15:39,647","00:15:41,314",Bye.,neutral,4,4,neutral,True,0.009644018,0.0031045836,0.0026357395,0.018809726,0.9563425,0.008632875,0.00083055993
2668,Wow! Fortunately she has a,Chandler,surprise,negative,268,0,9,22,"00:02:47,292","00:02:51,920",Wow! Fortunately she has a,surprise,6,6,surprise,True,0.019010652,0.0021617098,0.0020480785,0.031836342,0.005165118,0.005974666,0.9338035
2669,"Oh, I so can't believe this! My uterus is an inhospitable environment? I was trying so hard to be a good hostess!",Monica,surprise,negative,268,1,9,22,"00:02:55,925","00:03:07,895","Oh, I so can't believe this! My uterus is an inhospitable environment? I was trying so hard to be a good hostess!",surprise,6,5,sadness,False,0.26641685,0.031779557,0.08632902,0.036331236,0.03006862,0.33464885,0.21442585
2670,"Oh, I can't believe my sperm have low motility because, let me tell you, when I was growing up they sure seem to be in a hurry to get places!",Chandler,surprise,negative,268,2,9,22,"00:03:05,727","00:03:14,610","Oh, I can't believe my sperm have low motility because, let me tell you, when I was growing up they sure seem to be in a hurry to get places!",surprise,6,6,surprise,True,0.13275866,0.022748856,0.088261165,0.06198457,0.049289323,0.2477445,0.39721298
2672,Hi there.,Doctor Connelly,neutral,neutral,268,3,9,22,"0:03:13,359","0:03:13,902",Hi there.,neutral,4,4,neutral,True,0.005272304,0.0009288087,0.0005507259,0.039739337,0.95012414,0.0026175003,0.00076718815
2673,Hi.,Chandler,neutral,neutral,268,4,9,22,"0:03:13,902","0:03:14,504",Hi.,neutral,4,4,neutral,True,0.0017985292,0.00042537056,0.00041535066,0.0042516515,0.9911582,0.0015729596,0.00037794615
2674,Hi.,Monica,neutral,neutral,268,5,9,22,"0:03:14,504","0:03:14,714",Hi.,neutral,4,4,neutral,True,0.0017985292,0.00042537056,0.00041535066,0.0042516515,0.9911582,0.0015729596,0.00037794615
2675,I'm sorry there wasn't better news from your test last week but I wanted to talk to you about your options.,Doctor Connelly,neutral,neutral,268,6,9,22,"00:03:14,777","00:03:20,782",I'm sorry there wasn't better news from your test last week but I wanted to talk to you about your options.,neutral,4,4,neutral,True,0.013275473,0.0017057477,0.01852156,0.036318712,0.85042024,0.07435442,0.0054038446
2676,Ok.,Monica,neutral,neutral,268,7,9,22,"00:03:20,950","00:03:21,992",Ok.,neutral,4,4,neutral,True,0.010469897,0.0022810723,0.0012726737,0.018005608,0.9645768,0.0029411167,0.0004527695
2677,"Above all, even though your chances of conceiving through natural means aren't great, you never know!",Doctor Connelly,neutral,neutral,268,8,9,22,"0:03:22,160","0:03:27,262","Above all, even though your chances of conceiving through natural means aren't great, you never know!",neutral,4,0,anger,False,0.5938332,0.020245897,0.04602921,0.09069413,0.053316336,0.10008012,0.09580111
2678,"So, keep having sex on a regular basis.",Doctor Connelly,neutral,neutral,268,9,9,22,"0:03:27,262","0:03:29,180","So, keep having sex on a regular basis.",neutral,4,4,neutral,True,0.0050772377,0.0015187928,0.00082282117,0.023171723,0.965479,0.0036160965,0.00031429445
2679,"Oh, DAMN IT!",Chandler,anger,negative,268,10,9,22,"00:03:29,292","00:03:31,335","Oh, DAMN IT!",anger,0,3,joy,False,0.044144906,0.0045975973,0.0016999596,0.91505235,0.01716198,0.0066791596,0.010664013
2680,"Don't worry, after a while he'll tune it out.",Monica,neutral,neutral,268,11,9,22,"00:03:32,837","00:03:36,632","Don't worry, after a while he'll tune it out.",neutral,4,4,neutral,True,0.010175066,0.001636786,0.0014708979,0.13340132,0.84599423,0.006116319,0.0012053847
2681,"Ok, given your situation, the options with the greatest chances for success would be surrogacy, or insemination using a sperm donor.",Doctor Connelly,neutral,neutral,268,12,9,22,"00:03:37,300","00:03:45,390","Ok, given your situation, the options with the greatest chances for success would be surrogacy, or insemination using a sperm donor.",neutral,4,4,neutral,True,0.027421668,0.0035051997,0.018076532,0.025119234,0.9080324,0.0163035,0.0015413653
2682,Ok.,Monica,neutral,neutral,268,13,9,22,"00:03:47,227","00:03:48,310",Ok.,neutral,4,4,neutral,True,0.010469922,0.0022810746,0.001272675,0.01800564,0.9645768,0.0029411209,0.00045277015
2683,"Well, y'know, monogamy can be a, uh, tricky concept. I mean, anthropologically speaking-",Ross,neutral,neutral,269,0,1,6,"00:07:19,063","00:07:24,860","Well, y'know, monogamy can be a, uh, tricky concept. I mean, anthropologically speaking-",neutral,4,4,neutral,True,0.229494,0.026545733,0.09562096,0.0479973,0.3753385,0.20908013,0.015923359
2684,"Fine. Fine, alright, now you'll never know.",Ross,anger,negative,269,1,1,6,"00:07:26,529","00:07:28,530","Fine. Fine, alright, now you'll never know.",anger,0,4,neutral,False,0.24207999,0.070381336,0.031779926,0.0920766,0.38823128,0.16419624,0.011254572
2685,"We're kidding. C'mon, tell us!",Monica,joy,positive,269,2,1,6,"00:07:28,781","00:07:30,365","We're kidding. C'mon, tell us!",joy,3,3,joy,True,0.09984124,0.009758459,0.0054591415,0.78530866,0.04138835,0.011684504,0.04655968
2686,Yeah! C'mon!,All,joy,positive,269,3,1,6,"00:07:30,575","00:07:32,200",Yeah! C'mon!,joy,3,3,joy,True,0.1503226,0.00933941,0.006601389,0.70762753,0.100206,0.012054961,0.013848078
2687,"Alright. There's a theory, put forth by Richard Leakey-",Ross,neutral,neutral,269,4,1,6,"00:07:32,410","00:07:36,204","Alright. There's a theory, put forth by Richard Leakey-",neutral,4,4,neutral,True,0.009132431,0.0009450516,0.0033599413,0.027168412,0.95279175,0.00410532,0.0024971545
2688,"Hi, is uh, is Carol here?",Ross,neutral,neutral,270,0,1,9,"00:04:49,580","00:04:51,540","Hi, is uh, is Carol here?",neutral,4,4,neutral,True,0.0023021458,0.00039051956,0.0034097298,0.005823297,0.97882926,0.0038783543,0.0053667673
2689,"No, she's at a faculty meeting.",Susan,neutral,neutral,270,1,1,9,"00:04:51,708","00:04:55,085","No, she's at a faculty meeting.",neutral,4,4,neutral,True,0.0046703205,0.00079579384,0.00069741136,0.006047571,0.98198617,0.0037130306,0.0020896997
2690,"Oh, I uh, just came by to pick up my skull. Well, not mine, but...",Ross,neutral,neutral,270,2,1,9,"00:04:55,253","00:05:02,884","Oh, I uh, just came by to pick up my skull. Well, not mine, but...",neutral,4,0,anger,False,0.24767606,0.090124704,0.092169665,0.12024103,0.102238394,0.23112395,0.1164261
2691,Come in.,Susan,neutral,neutral,270,3,1,9,"00:05:01,092","00:05:02,884",Come in.,neutral,4,4,neutral,True,0.005925449,0.001159682,0.0007262138,0.015082303,0.9740157,0.0026360243,0.00045463655
2692,"Thanks. Yeah, Carol borrowed it for a class, and I have to get it back to the museum.",Ross,neutral,neutral,270,4,1,9,"00:05:03,052","00:05:07,306","Thanks. Yeah, Carol borrowed it for a class, and I have to get it back to the museum.",neutral,4,4,neutral,True,0.0071843714,0.0023686276,0.003077474,0.06708387,0.85624963,0.062508404,0.0015276436
2693,What's it look like?,Susan,neutral,neutral,270,5,1,9,"00:05:07,473","00:05:09,266",What's it look like?,neutral,4,4,neutral,True,0.06018507,0.01714732,0.01642875,0.18489514,0.5820208,0.045945507,0.09337739
2694,Kinda like a big face without skin.,Ross,neutral,neutral,270,6,1,9,"00:05:09,434","00:05:11,560",Kinda like a big face without skin.,neutral,4,4,neutral,True,0.028459799,0.24745664,0.008148262,0.19046882,0.4711636,0.044308674,0.009994234
2695,"Yes, I'm familiar with the concept. We can just look for it.",Susan,neutral,neutral,270,7,1,9,"00:05:13,313","00:05:20,402","Yes, I'm familiar with the concept. We can just look for it.",neutral,4,4,neutral,True,0.005362807,0.001415021,0.0016465526,0.012668045,0.97465736,0.0022484004,0.0020018446
2696,"Ok.  Wow, you guys sure have a lot of books about bein' a lesbian.",Ross,surprise,positive,270,8,1,9,"00:05:25,533","00:05:30,746","Ok.  Wow, you guys sure have a lot of books about bein' a lesbian.",surprise,6,6,surprise,True,0.037129603,0.010892863,0.0040161004,0.07446869,0.044820637,0.0096657,0.8190064
2697,"Well, you know, you have to take a course. Otherwise, they don't let you do it.",Susan,neutral,neutral,270,9,1,9,"00:05:33,207","00:05:40,756","Well, you know, you have to take a course. Otherwise, they don't let you do it.",neutral,4,4,neutral,True,0.06070477,0.008042321,0.022248043,0.088119,0.769106,0.042719442,0.009060485
2698,"Hey, hey, Yertle the Turtle. A classic.",Ross,joy,positive,270,10,1,9,"00:05:49,307","00:05:53,185","Hey, hey, Yertle the Turtle. A classic.",joy,3,3,joy,True,0.024213225,0.003267706,0.0010989966,0.7015571,0.2545308,0.0077953017,0.0075368616
2699,"Actually, I'm reading it to the baby.",Susan,neutral,neutral,270,11,1,9,"00:05:53,353","00:05:56,104","Actually, I'm reading it to the baby.",neutral,4,4,neutral,True,0.046136547,0.01349212,0.012358303,0.0781415,0.78615767,0.032497957,0.03121594
2700,"The uh, the baby that hasn't been born yet? Wouldn't that mean you're... crazy?",Ross,surprise,positive,270,12,1,9,"00:05:58,358","00:06:03,862","The uh, the baby that hasn't been born yet? Wouldn't that mean you're... crazy?",surprise,6,6,surprise,True,0.099161334,0.042941537,0.21723923,0.071227655,0.19135475,0.07016462,0.30791092
2701,"What, you don't think they can hear sounds in there?",Susan,joy,positive,270,13,1,9,"00:06:06,449","00:06:09,534","What, you don't think they can hear sounds in there?",joy,3,6,surprise,False,0.043346334,0.009354575,0.025316263,0.023586005,0.18441871,0.015857253,0.69812083
2702,"You're not serious, I mean, you really... you really talk to it?",Ross,surprise,negative,270,14,1,9,"00:06:09,702","00:06:13,914","You're not serious, I mean, you really... you really talk to it?",surprise,6,6,surprise,True,0.083487295,0.015884412,0.020808535,0.033828538,0.0513792,0.02749491,0.76711714
2703,I have no idea what you just said.,Monica,neutral,neutral,271,0,1,7,"00:04:58,798","00:05:00,632",I have no idea what you just said.,neutral,4,6,surprise,False,0.11087457,0.045063764,0.08231916,0.057724513,0.09399755,0.069915675,0.5401047
2704,Put Joey on the phone.,Chandler,neutral,neutral,271,1,1,7,"00:05:00,883","00:05:02,759",Put Joey on the phone.,neutral,4,4,neutral,True,0.29169926,0.026686788,0.011709642,0.037332047,0.6014934,0.027666835,0.003411999
2705,What's up man?,Joey,neutral,neutral,271,2,1,7,"00:05:05,972","00:05:07,014",What's up man?,neutral,4,4,neutral,True,0.01656516,0.0033272658,0.00117918,0.066513784,0.90294117,0.0055642384,0.0039091106
2706,I'm trppd... in an ATM vstbl... wth,Chandler,fear,negative,271,3,1,7,"00:05:09,225","00:05:15,188",I'm trppd... in an ATM vstbl... wth,fear,2,4,neutral,False,0.022609511,0.013003227,0.01812925,0.059709724,0.83518887,0.039554235,0.011805152
2707,"Oh my God! He's trapped in an ATM vestibule with Jill Goodacre!  Chandler, listen.",Joey,surprise,positive,271,4,1,7,"00:05:16,482","00:05:24,239","Oh my God! He's trapped in an ATM vestibule with Jill Goodacre!  Chandler, listen.",surprise,6,6,surprise,True,0.05233336,0.012263025,0.023494236,0.023699334,0.02154335,0.03690766,0.829759
2708,"Yeah, like that thought never entered my mind.",Chandler,neutral,neutral,271,5,1,7,"00:05:28,286","00:05:31,038","Yeah, like that thought never entered my mind.",neutral,4,4,neutral,True,0.10633056,0.031176742,0.05605935,0.1070605,0.6097281,0.060298294,0.029346462
2709,and that was all before 10 o’clock.,Emily,neutral,neutral,272,0,4,23,"00:05:08,266","00:05:09,933",and that was all before 10 o’clock.,neutral,4,4,neutral,True,0.057473954,0.004427727,0.0039602695,0.04199275,0.8605437,0.02075894,0.010842636
2710,The caterer rang and said it was going to be Chicken Kiev instead of Chicken Tarragon.,Emily,neutral,neutral,272,1,4,23,"00:05:10,101","00:05:13,395",The caterer rang and said it was going to be Chicken Kiev instead of Chicken Tarragon.,neutral,4,4,neutral,True,0.010073993,0.0025057658,0.0031878664,0.04615863,0.90167236,0.02791381,0.008487522
2711,And then the florist phoned to say there aren’t any tulips.,Emily,neutral,neutral,272,2,4,23,"00:05:13,563","00:05:15,856",And then the florist phoned to say there aren’t any tulips.,neutral,4,4,neutral,True,0.006055909,0.0010389012,0.001505275,0.010853191,0.96770525,0.008784094,0.004057415
2712,"Oh, and the chilliest has carpel-tunel syndrome.",Emily,neutral,neutral,272,3,4,23,"00:05:16,024","00:05:18,525","Oh, and the chilliest has carpel-tunel syndrome.",neutral,4,4,neutral,True,0.011890414,0.01165861,0.00702852,0.05303755,0.87007815,0.03565922,0.010647516
2714,"Whoa-whoa-whoa! Emily,  honey, okay?",Ross,surprise,negative,272,4,4,23,"00:05:18,693","00:05:20,736","Whoa-whoa-whoa! Emily,  honey, okay?",surprise,6,6,surprise,True,0.03464232,0.0059177466,0.015811324,0.05793116,0.016889028,0.019724129,0.84908426
2715,"Well, up yours too!",Emily,anger,negative,272,5,4,23,"00:05:20,903","00:05:23,113","Well, up yours too!",anger,0,3,joy,False,0.08415799,0.003404587,0.0022859264,0.8167725,0.077365056,0.007919904,0.008094118
2716,Where’s Chandler?,Phoebe,neutral,neutral,273,0,3,14,"0:04:48,121","0:04:49,293",Where’s Chandler?,neutral,4,4,neutral,True,0.0042407583,0.00071389566,0.0007693407,0.0055924226,0.979143,0.0035908723,0.005949732
2717,"Ah, he can’t make it, he said he had to his...  Whoa-oh!",Joey,surprise,negative,273,1,3,14,"0:04:49,293","0:04:53,306","Ah, he can’t make it, he said he had to his...  Whoa-oh!",surprise,6,6,surprise,True,0.04453866,0.01377506,0.049056362,0.05354975,0.02633807,0.062359292,0.75038284
2718,Joey? Joey Tribbiani?,Ginger,neutral,neutral,273,2,3,14,"00:04:55,878","00:04:57,087",Joey? Joey Tribbiani?,neutral,4,4,neutral,True,0.02202025,0.0019629318,0.0040541785,0.017804042,0.8745838,0.013925046,0.06564981
2719,Joey I can see you okay? You’re hiding behind the coats.,Ginger,neutral,neutral,273,3,3,14,"00:05:06,264","00:05:10,726",Joey I can see you okay? You’re hiding behind the coats.,neutral,4,4,neutral,True,0.2953176,0.0124900425,0.0727364,0.13222376,0.3403156,0.10617056,0.040746126
2720,"Okay listen, just give me anything I can make two of.",Chandler,neutral,neutral,274,0,3,15,"00:01:26,836","00:01:29,755","Okay listen, just give me anything I can make two of.",neutral,4,4,neutral,True,0.055582736,0.020704571,0.087623455,0.03339058,0.7633661,0.037416704,0.0019158835
2721,"Well, if you don’t have anything to copy, why are you going down there?",Monica,neutral,neutral,274,1,3,15,"00:01:30,548","00:01:32,966","Well, if you don’t have anything to copy, why are you going down there?",neutral,4,4,neutral,True,0.29579788,0.018198667,0.03201589,0.04440763,0.5062626,0.042551894,0.06076542
2722,"Yeah, are you just going down there to gawk at that hot girl with the belly button ring again?",Joey,anger,negative,274,2,3,15,"00:01:33,134","00:01:37,513","Yeah, are you just going down there to gawk at that hot girl with the belly button ring again?",anger,0,1,disgust,False,0.23795412,0.5412278,0.016164998,0.032322407,0.01633803,0.028448403,0.12754424
2723,Yeah! You wanna come?,Chandler,joy,positive,274,3,3,15,"0:01:37,680","0:01:38,765",Yeah! You wanna come?,joy,3,3,joy,True,0.059040193,0.0050233095,0.009310097,0.52374774,0.34502268,0.021017788,0.036838204
2724,Yeah!,Joey,joy,positive,274,4,3,15,"0:01:38,765","0:01:39,038",Yeah!,joy,3,3,joy,True,0.058173057,0.003397485,0.002398696,0.8311485,0.08289923,0.007936121,0.014046875
2725,Fine.,Ross,neutral,neutral,275,0,2,5,"0:15:02,151","0:15:02,986",Fine.,neutral,4,0,anger,False,0.39237636,0.07830421,0.015366244,0.062362205,0.3740892,0.06776848,0.009733278
2726,Fine.,Joey,neutral,neutral,275,1,2,5,"0:15:02,986","0:15:05,803",Fine.,neutral,4,0,anger,False,0.39237636,0.07830421,0.015366244,0.062362205,0.3740892,0.06776848,0.009733278
2728,Fine.,Rachel,neutral,neutral,275,2,2,5,"0:15:05,946","0:15:06,718",Fine.,neutral,4,0,anger,False,0.39237636,0.07830421,0.015366244,0.062362205,0.3740892,0.06776848,0.009733278
2729,All right. We're gonna go.  It's not for another six hours. We're gonna go then.,Monica,neutral,neutral,275,3,2,5,"0:15:06,718","0:15:19,131",All right. We're gonna go.  It's not for another six hours. We're gonna go then.,neutral,4,4,neutral,True,0.06626837,0.015819399,0.030411482,0.24698584,0.5889933,0.049202297,0.0023193355
2730,Hey.,Chandler,neutral,neutral,276,0,1,3,"00:00:03,253","00:00:04,378",Hey.,neutral,4,4,neutral,True,0.004165703,0.00056404114,0.00043786765,0.02318351,0.9679294,0.0024509383,0.0012685821
2731,What’s the matter?,Monica,sadness,negative,277,0,1,2,"00:00:04,546","00:00:07,214",What’s the matter?,sadness,5,4,neutral,False,0.28242132,0.069264166,0.032555226,0.06892375,0.36329868,0.08327151,0.10026535
2732,Someone on the subway licked my neck! Licked my neck!!,Chandler,disgust,negative,278,0,7,5,"0:00:07,382","0:00:11,014",Someone on the subway licked my neck! Licked my neck!!,disgust,1,0,anger,False,0.35343868,0.14005992,0.035567235,0.24313103,0.008667286,0.10998539,0.10915047
2733,Oh Willie’s still alive!,Phoebe,surprise,positive,278,1,7,5,"0:00:11,014","0:00:11,223",Oh Willie’s still alive!,surprise,6,3,joy,False,0.03533609,0.0039550965,0.01394869,0.62694013,0.060923863,0.09569712,0.16319905
2734,What are you guys doing?,Chandler,neutral,neutral,278,2,7,5,"00:00:12,137","00:00:13,929",What are you guys doing?,neutral,4,4,neutral,True,0.014753844,0.0022947036,0.0045369887,0.0068819914,0.91922796,0.004616369,0.047688134
2735,"Oh, my mom called, they’re gonna run our engagement announcement in the local paper, so we’re looking for a good picture of us.",Monica,joy,positive,278,3,7,5,"00:00:12,137","00:00:21,061","Oh, my mom called, they’re gonna run our engagement announcement in the local paper, so we’re looking for a good picture of us.",joy,3,3,joy,True,0.018490035,0.0029929073,0.009151154,0.70720714,0.1570273,0.062216464,0.042914983
2736,"Oooh, I’m afraid that does not exist.",Chandler,neutral,neutral,278,4,7,5,"00:00:16,975","00:00:21,061","Oooh, I’m afraid that does not exist.",neutral,4,2,fear,False,0.049253568,0.022043554,0.5740176,0.07677818,0.063323855,0.12511434,0.08946889
2737,"That’s not true, there are great pictures of us!",Monica,surprise,positive,278,5,7,5,"00:00:21,896","00:00:23,814","That’s not true, there are great pictures of us!",surprise,6,5,sadness,False,0.16319223,0.036723275,0.13435294,0.044885356,0.044329725,0.43518543,0.14133109
2738,"No, there are great pictures of you standing next to a guy who’s going like this",Chandler,neutral,neutral,278,6,7,5,"00:00:23,982","00:00:28,152","No, there are great pictures of you standing next to a guy who’s going like this",neutral,4,4,neutral,True,0.087297805,0.04609392,0.008562548,0.3540829,0.38831392,0.04360964,0.07203924
2739,Oh my God! That’s the creep that you’re with at the,Phoebe,surprise,negative,278,7,7,5,"00:00:29,696","00:00:33,157",Oh my God! That’s the creep that you’re with at the,surprise,6,6,surprise,True,0.14839834,0.16306663,0.019319333,0.035735425,0.014493479,0.06730741,0.5516794
2740,"I don’t know what it is, I just can’t take a good picture.",Chandler,sadness,negative,278,8,7,5,"00:00:35,368","00:00:38,078","I don’t know what it is, I just can’t take a good picture.",sadness,5,5,sadness,True,0.058199987,0.017303016,0.3561523,0.03465986,0.033203743,0.47351944,0.026961612
2741,"Oh, here’s a great one.",Monica,joy,positive,278,9,7,5,"00:00:38,246","00:00:39,788","Oh, here’s a great one.",joy,3,3,joy,True,0.009720064,0.0008277974,0.0006024109,0.9580012,0.021953745,0.004464608,0.004430274
2742,"Yeah, I’m not in that.",Chandler,neutral,neutral,278,10,7,5,"0:00:39,998","0:00:41,420","Yeah, I’m not in that.",neutral,4,4,neutral,True,0.115839794,0.12749512,0.059965145,0.07572116,0.5073735,0.10411936,0.009486007
2743,"I know, but look at me: all tan.",Monica,joy,positive,278,11,7,5,"0:00:41,420","0:00:44,479","I know, but look at me: all tan.",joy,3,4,neutral,False,0.008413025,0.00861334,0.0047954335,0.032719094,0.8920386,0.013638913,0.039781608
2744,"Hey, why don’t you guys go get portraits done by a professional photographer.",Phoebe,neutral,neutral,278,12,7,5,"00:00:44,586","00:00:48,000","Hey, why don’t you guys go get portraits done by a professional photographer.",neutral,4,4,neutral,True,0.0040783267,0.0010493976,0.00077186624,0.01826587,0.97112906,0.0035954535,0.0011099476
2745,That’s a good idea! I bet they have one of those wind machines! Y’know,Monica,joy,positive,278,13,7,5,"00:00:48,256","00:00:54,000",That’s a good idea! I bet they have one of those wind machines! Y’know,joy,3,3,joy,True,0.008923041,0.001008422,0.0017433452,0.9311542,0.04295621,0.0067651486,0.007449595
2746,"Yeah that’s great! Next to that, Chandler won’t look so stupid.",Phoebe,neutral,neutral,278,14,7,5,"00:00:54,304","00:00:57,473","Yeah that’s great! Next to that, Chandler won’t look so stupid.",neutral,4,3,joy,False,0.043939818,0.0038004173,0.0033764157,0.8325909,0.09094966,0.01208869,0.0132541135
2747,Chandler what do you say?,Monica,neutral,neutral,278,15,7,5,"0:00:59,559","0:01:00,451",Chandler what do you say?,neutral,4,4,neutral,True,0.03130159,0.003594253,0.0122699505,0.027720736,0.82436717,0.01463956,0.08610677
2748,"All right, but I should warn you, I’m not going. I’m going.",Chandler,neutral,neutral,278,16,7,5,"0:01:00,451","0:01:05,363","All right, but I should warn you, I’m not going. I’m going.",neutral,4,2,fear,False,0.07821106,0.014643496,0.49233866,0.09723512,0.2007292,0.092168696,0.02467379
2749,Gimme them!,Monica,anger,negative,279,0,6,4,"0:14:04,176","0:14:06,058",Gimme them!,anger,0,0,anger,True,0.5872296,0.015947936,0.06367063,0.1885859,0.07594387,0.041788924,0.02683315
2750,No! They are mine!,Rachel,anger,negative,279,1,6,4,"0:14:06,058","0:14:06,438",No! They are mine!,anger,0,0,anger,True,0.44066384,0.02710121,0.19181764,0.0893727,0.07018722,0.14806364,0.032793757
2751,You stole them from me!,Monica,anger,negative,279,2,6,4,"0:14:06,554","0:14:07,486",You stole them from me!,anger,0,0,anger,True,0.83148694,0.019160705,0.014027215,0.032505635,0.009552233,0.025421254,0.067846105
2752,You stole them from me!!,Rachel,anger,negative,279,3,6,4,"0:14:07,486","0:14:08,731",You stole them from me!!,anger,0,0,anger,True,0.7718232,0.017390547,0.015825706,0.06580338,0.0099638365,0.027550159,0.09164308
2753,Gimme them!,Monica,anger,negative,279,4,6,4,"00:14:08,848","00:14:10,431",Gimme them!,anger,0,0,anger,True,0.5872296,0.015947936,0.06367063,0.1885859,0.07594387,0.041788924,0.02683315
2754,You just wanna each take one?,Monica,neutral,neutral,279,5,6,4,"00:14:13,269","00:14:14,644",You just wanna each take one?,neutral,4,4,neutral,True,0.04000861,0.010000001,0.010178667,0.025077824,0.83013606,0.02327551,0.061323397
2755,Yeah that seems fair. We never use them.,Rachel,neutral,neutral,279,6,6,4,"00:14:15,354","00:14:17,897",Yeah that seems fair. We never use them.,neutral,4,4,neutral,True,0.039900415,0.029746536,0.011350571,0.084731415,0.7207469,0.10827085,0.00525332
2756,"Look, I really need some help, okay? Why? Why did I have to speak in a British accent?! What do I do?",Ross,anger,negative,279,7,6,4,"00:14:19,608","00:14:28,032","Look, I really need some help, okay? Why? Why did I have to speak in a British accent?! What do I do?",anger,0,6,surprise,False,0.06759764,0.009837514,0.10489727,0.08056647,0.18831797,0.2663619,0.2824212
2757,Well,Rachel,neutral,neutral,279,8,6,4,"0:14:28,200","0:14:28,784",Well,neutral,4,4,neutral,True,0.024718286,0.0021511628,0.0017596311,0.027893566,0.9318916,0.006326187,0.0052594617
2758,Why don’t you phase it out?,Monica,neutral,neutral,279,9,6,4,"0:14:28,784","0:14:31,818",Why don’t you phase it out?,neutral,4,4,neutral,True,0.17403556,0.005352335,0.02583431,0.1439277,0.5955095,0.036690094,0.018650457
2759,"Yeah, fade the accent out and people will think you’re, y’know, that you’re adjusting to life in America.",Monica,anger,negative,279,10,6,4,"00:14:28,200","00:14:35,039","Yeah, fade the accent out and people will think you’re, y’know, that you’re adjusting to life in America.",anger,0,4,neutral,False,0.06944817,0.0134019675,0.0068920245,0.07431945,0.814939,0.018154522,0.00284488
2760,"Yeah, I mean, come on Ross, no one will even notice. I mean they’re probably not even listening!",Rachel,neutral,neutral,279,11,6,4,"00:14:35,457","00:14:40,211","Yeah, I mean, come on Ross, no one will even notice. I mean they’re probably not even listening!",neutral,4,0,anger,False,0.30040136,0.031061517,0.09697604,0.10443025,0.15135464,0.10717859,0.2085977
2761,They’re not listening too me?,Ross,surprise,negative,279,12,6,4,"00:14:42,256","00:14:43,840",They’re not listening too me?,surprise,6,6,surprise,True,0.27117345,0.045135662,0.044465583,0.052662957,0.06581437,0.05151448,0.46923348
2762,Of course they’re listening to you! Everybody listens to you.,Rachel,neutral,neutral,279,13,6,4,"00:14:44,008","00:14:48,511",Of course they’re listening to you! Everybody listens to you.,neutral,4,0,anger,False,0.48716506,0.05419067,0.04204055,0.15872161,0.10243563,0.075432934,0.080013484
2763,Monica you really think I should try this phasing out thing?,Ross,neutral,neutral,279,14,6,4,"00:14:48,138","00:14:52,390",Monica you really think I should try this phasing out thing?,neutral,4,6,surprise,False,0.09357246,0.007952487,0.019869963,0.03786931,0.1612914,0.031361014,0.6480833
2764,I think you look fine.,Monica,neutral,neutral,279,15,6,4,"00:14:52,558","00:14:54,183",I think you look fine.,neutral,4,4,neutral,True,0.005769911,0.0016000157,0.0036364165,0.024425816,0.9432925,0.019852996,0.001422365
